sample_id,model_name,method,method_display_name,method_family,method_role,core_diagnostic,source,reasoning_type,answer_type,context_length,evidence_position,evidence_density,distractor_similarity,gold_answer,predicted_answer,gold_evidence_ids,predicted_evidence_ids,cue_applicable,exact_match_strict,answer_f1_strict,exact_match_relaxed,answer_f1_relaxed,exact_match,answer_f1,evidence_precision,evidence_recall,evidence_f1,citation_grounding,failure_type,parse_error
2wikimultihopqa_8813f87c0bdd11eba7f7acde48001122,mistral-small3.1:24b,no_evidence,No Evidence,diagnostic_baseline,question_only_lower_bound,True,2wikimultihopqa,multi_hop,entity,4000,front,low,unknown,Małgorzata Braunek,unknown,p0001;p0002,,True,0.0,0.0,0.0,0.0,0.0,0.0,0.0,0.0,0.0,0.0,evidence_localization_failure,
2wikimultihopqa_8813f87c0bdd11eba7f7acde48001122,mistral-small3.1:24b,direct,Full Context,diagnostic_condition,full_context_condition,True,2wikimultihopqa,multi_hop,entity,4000,front,low,unknown,Małgorzata Braunek,Małgorzata Braunek,p0001;p0002,p0001;p0002,True,1.0,1.0,1.0,1.0,1.0,1.0,1.0,1.0,1.0,1.0,success,
2wikimultihopqa_8813f87c0bdd11eba7f7acde48001122,mistral-small3.1:24b,retrieve_then_read,Retrieved Evidence,diagnostic_condition,evidence_narrowed_condition,True,2wikimultihopqa,multi_hop,entity,4000,front,low,unknown,Małgorzata Braunek,Małgorzata Braunek,p0001;p0002,p0001,True,1.0,1.0,1.0,1.0,1.0,1.0,1.0,0.5,0.6666666666666666,1.0,success,
2wikimultihopqa_8813f87c0bdd11eba7f7acde48001122,mistral-small3.1:24b,oracle,Oracle Evidence,diagnostic_baseline,oracle_evidence_upper_reference,True,2wikimultihopqa,multi_hop,entity,4000,front,low,unknown,Małgorzata Braunek,Małgorzata Braunek,p0001;p0002,p0001;p0002,True,1.0,1.0,1.0,1.0,1.0,1.0,1.0,1.0,1.0,1.0,success,
2wikimultihopqa_61a46987092f11ebbdaeac1f6bf848b6,mistral-small3.1:24b,no_evidence,No Evidence,diagnostic_baseline,question_only_lower_bound,True,2wikimultihopqa,comparison,entity,8000,middle,low,unknown,The Mask Of Fu Manchu,The Mask Of Fu Manchu,p0001;p0002,,True,1.0,1.0,1.0,1.0,1.0,1.0,0.0,0.0,0.0,0.0,success,
2wikimultihopqa_61a46987092f11ebbdaeac1f6bf848b6,mistral-small3.1:24b,direct,Full Context,diagnostic_condition,full_context_condition,True,2wikimultihopqa,comparison,entity,8000,middle,low,unknown,The Mask Of Fu Manchu,The Mask of Fu Manchu,p0001;p0002,p0001;p0002,True,1.0,1.0,1.0,1.0,1.0,1.0,1.0,1.0,1.0,1.0,success,
2wikimultihopqa_61a46987092f11ebbdaeac1f6bf848b6,mistral-small3.1:24b,retrieve_then_read,Retrieved Evidence,diagnostic_condition,evidence_narrowed_condition,True,2wikimultihopqa,comparison,entity,8000,middle,low,unknown,The Mask Of Fu Manchu,The Mask of Fu Manchu,p0001;p0002,p0001,True,1.0,1.0,1.0,1.0,1.0,1.0,1.0,0.5,0.6666666666666666,1.0,success,
2wikimultihopqa_61a46987092f11ebbdaeac1f6bf848b6,mistral-small3.1:24b,oracle,Oracle Evidence,diagnostic_baseline,oracle_evidence_upper_reference,True,2wikimultihopqa,comparison,entity,8000,middle,low,unknown,The Mask Of Fu Manchu,The Mask of Fu Manchu,p0001;p0002,p0001;p0002,True,1.0,1.0,1.0,1.0,1.0,1.0,1.0,1.0,1.0,1.0,success,
2wikimultihopqa_e2a3bf2a0bdd11eba7f7acde48001122,mistral-small3.1:24b,no_evidence,No Evidence,diagnostic_baseline,question_only_lower_bound,True,2wikimultihopqa,multi_hop,entity,16000,end,low,unknown,12 June 1516,1746,p0001;p0002,,True,0.0,0.0,0.0,0.0,0.0,0.0,0.0,0.0,0.0,0.0,evidence_localization_failure,
2wikimultihopqa_e2a3bf2a0bdd11eba7f7acde48001122,mistral-small3.1:24b,direct,Full Context,diagnostic_condition,full_context_condition,True,2wikimultihopqa,multi_hop,entity,16000,end,low,unknown,12 June 1516,12 June 1516,p0001;p0002,p0001,True,1.0,1.0,1.0,1.0,1.0,1.0,1.0,0.5,0.6666666666666666,1.0,success,
2wikimultihopqa_e2a3bf2a0bdd11eba7f7acde48001122,mistral-small3.1:24b,retrieve_then_read,Retrieved Evidence,diagnostic_condition,evidence_narrowed_condition,True,2wikimultihopqa,multi_hop,entity,16000,end,low,unknown,12 June 1516,4 May 1561,p0001;p0002,,True,0.0,0.0,0.0,0.0,0.0,0.0,0.0,0.0,0.0,0.0,evidence_localization_failure,
2wikimultihopqa_e2a3bf2a0bdd11eba7f7acde48001122,mistral-small3.1:24b,oracle,Oracle Evidence,diagnostic_baseline,oracle_evidence_upper_reference,True,2wikimultihopqa,multi_hop,entity,16000,end,low,unknown,12 June 1516,12 June 1516,p0001;p0002,p0001;p0002,True,1.0,1.0,1.0,1.0,1.0,1.0,1.0,1.0,1.0,1.0,success,
2wikimultihopqa_0cd3bdea0bde11eba7f7acde48001122,mistral-small3.1:24b,no_evidence,No Evidence,diagnostic_baseline,question_only_lower_bound,True,2wikimultihopqa,multi_hop,entity,4000,scattered,low,unknown,Myanmar Motion Picture Academy Awards,Golden Bear,p0001;p0002,,True,0.0,0.0,0.0,0.0,0.0,0.0,0.0,0.0,0.0,0.0,evidence_localization_failure,
2wikimultihopqa_0cd3bdea0bde11eba7f7acde48001122,mistral-small3.1:24b,direct,Full Context,diagnostic_condition,full_context_condition,True,2wikimultihopqa,multi_hop,entity,4000,scattered,low,unknown,Myanmar Motion Picture Academy Awards,Myanmar Motion Picture Academy Awards,p0001;p0002,p0001;p0002,True,1.0,1.0,1.0,1.0,1.0,1.0,1.0,1.0,1.0,1.0,success,
2wikimultihopqa_0cd3bdea0bde11eba7f7acde48001122,mistral-small3.1:24b,retrieve_then_read,Retrieved Evidence,diagnostic_condition,evidence_narrowed_condition,True,2wikimultihopqa,multi_hop,entity,4000,scattered,low,unknown,Myanmar Motion Picture Academy Awards,unknown,p0001;p0002,p0001,True,0.0,0.0,0.0,0.0,0.0,0.0,1.0,0.5,0.6666666666666666,1.0,evidence_integration_failure,
2wikimultihopqa_0cd3bdea0bde11eba7f7acde48001122,mistral-small3.1:24b,oracle,Oracle Evidence,diagnostic_baseline,oracle_evidence_upper_reference,True,2wikimultihopqa,multi_hop,entity,4000,scattered,low,unknown,Myanmar Motion Picture Academy Awards,Myanmar Motion Picture Academy Awards,p0001;p0002,p0001;p0002,True,1.0,1.0,1.0,1.0,1.0,1.0,1.0,1.0,1.0,1.0,success,
2wikimultihopqa_f9dcb4a60bda11eba7f7acde48001122,mistral-small3.1:24b,no_evidence,No Evidence,diagnostic_baseline,question_only_lower_bound,True,2wikimultihopqa,multi_hop,entity,8000,front,low,unknown,"Missoula, Montana",unknown,p0001;p0002,,True,0.0,0.0,0.0,0.0,0.0,0.0,0.0,0.0,0.0,0.0,evidence_localization_failure,
2wikimultihopqa_f9dcb4a60bda11eba7f7acde48001122,mistral-small3.1:24b,direct,Full Context,diagnostic_condition,full_context_condition,True,2wikimultihopqa,multi_hop,entity,8000,front,low,unknown,"Missoula, Montana","Missoula, Montana",p0001;p0002,p0002,True,1.0,1.0,1.0,1.0,1.0,1.0,1.0,0.5,0.6666666666666666,1.0,success,
2wikimultihopqa_f9dcb4a60bda11eba7f7acde48001122,mistral-small3.1:24b,retrieve_then_read,Retrieved Evidence,diagnostic_condition,evidence_narrowed_condition,True,2wikimultihopqa,multi_hop,entity,8000,front,low,unknown,"Missoula, Montana","Missoula, Montana",p0001;p0002,p0001,True,1.0,1.0,1.0,1.0,1.0,1.0,1.0,0.5,0.6666666666666666,1.0,success,
2wikimultihopqa_f9dcb4a60bda11eba7f7acde48001122,mistral-small3.1:24b,oracle,Oracle Evidence,diagnostic_baseline,oracle_evidence_upper_reference,True,2wikimultihopqa,multi_hop,entity,8000,front,low,unknown,"Missoula, Montana","Missoula, Montana",p0001;p0002,p0001;p0002,True,1.0,1.0,1.0,1.0,1.0,1.0,1.0,1.0,1.0,1.0,success,
2wikimultihopqa_8981e1ce0bb011ebab90acde48001122,mistral-small3.1:24b,no_evidence,No Evidence,diagnostic_baseline,question_only_lower_bound,True,2wikimultihopqa,multi_hop,string,16000,middle,low,unknown,Charles Armand René de La Trémoille,Louis II de La Trémoille,p0001;p0002,,True,0.0,0.5454545454545454,0.0,0.5454545454545454,0.0,0.5454545454545454,0.0,0.0,0.0,0.0,evidence_localization_failure,
2wikimultihopqa_8981e1ce0bb011ebab90acde48001122,mistral-small3.1:24b,direct,Full Context,diagnostic_condition,full_context_condition,True,2wikimultihopqa,multi_hop,string,16000,middle,low,unknown,Charles Armand René de La Trémoille,Charles Armand René de La Trémoille,p0001;p0002,p0001,True,1.0,1.0,1.0,1.0,1.0,1.0,1.0,0.5,0.6666666666666666,1.0,success,
2wikimultihopqa_8981e1ce0bb011ebab90acde48001122,mistral-small3.1:24b,retrieve_then_read,Retrieved Evidence,diagnostic_condition,evidence_narrowed_condition,True,2wikimultihopqa,multi_hop,string,16000,middle,low,unknown,Charles Armand René de La Trémoille,Charles Louis Bretagne de La Trémoille,p0001;p0002,p0003,True,0.0,0.6666666666666666,0.0,0.6666666666666666,0.0,0.6666666666666666,0.0,0.0,0.0,0.0,evidence_selection_failure,
2wikimultihopqa_8981e1ce0bb011ebab90acde48001122,mistral-small3.1:24b,oracle,Oracle Evidence,diagnostic_baseline,oracle_evidence_upper_reference,True,2wikimultihopqa,multi_hop,string,16000,middle,low,unknown,Charles Armand René de La Trémoille,Charles Armand René de La Trémoille,p0001;p0002,p0001;p0002,True,1.0,1.0,1.0,1.0,1.0,1.0,1.0,1.0,1.0,1.0,success,
2wikimultihopqa_019bed300bde11eba7f7acde48001122,mistral-small3.1:24b,no_evidence,No Evidence,diagnostic_baseline,question_only_lower_bound,True,2wikimultihopqa,multi_hop,entity,4000,end,low,unknown,Galați,unknown,p0001;p0002,,True,0.0,0.0,0.0,0.0,0.0,0.0,0.0,0.0,0.0,0.0,evidence_localization_failure,
2wikimultihopqa_019bed300bde11eba7f7acde48001122,mistral-small3.1:24b,direct,Full Context,diagnostic_condition,full_context_condition,True,2wikimultihopqa,multi_hop,entity,4000,end,low,unknown,Galați,Bucharest,p0001;p0002,p0001,True,0.0,0.0,0.0,0.0,0.0,0.0,1.0,0.5,0.6666666666666666,1.0,evidence_integration_failure,
2wikimultihopqa_019bed300bde11eba7f7acde48001122,mistral-small3.1:24b,retrieve_then_read,Retrieved Evidence,diagnostic_condition,evidence_narrowed_condition,True,2wikimultihopqa,multi_hop,entity,4000,end,low,unknown,Galați,Bucharest,p0001;p0002,p0001,True,0.0,0.0,0.0,0.0,0.0,0.0,1.0,0.5,0.6666666666666666,1.0,evidence_integration_failure,
2wikimultihopqa_019bed300bde11eba7f7acde48001122,mistral-small3.1:24b,oracle,Oracle Evidence,diagnostic_baseline,oracle_evidence_upper_reference,True,2wikimultihopqa,multi_hop,entity,4000,end,low,unknown,Galați,Galați,p0001;p0002,p0001;p0002,True,1.0,1.0,1.0,1.0,1.0,1.0,1.0,1.0,1.0,1.0,success,
2wikimultihopqa_a7b9672009c311ebbdb0ac1f6bf848b6,mistral-small3.1:24b,no_evidence,No Evidence,diagnostic_baseline,question_only_lower_bound,True,2wikimultihopqa,comparison,yes_no,8000,scattered,low,unknown,no,no,p0001;p0002,,True,1.0,1.0,1.0,1.0,1.0,1.0,0.0,0.0,0.0,0.0,success,
2wikimultihopqa_a7b9672009c311ebbdb0ac1f6bf848b6,mistral-small3.1:24b,direct,Full Context,diagnostic_condition,full_context_condition,True,2wikimultihopqa,comparison,yes_no,8000,scattered,low,unknown,no,no,p0001;p0002,p0001;p0002,True,1.0,1.0,1.0,1.0,1.0,1.0,1.0,1.0,1.0,1.0,success,
2wikimultihopqa_a7b9672009c311ebbdb0ac1f6bf848b6,mistral-small3.1:24b,retrieve_then_read,Retrieved Evidence,diagnostic_condition,evidence_narrowed_condition,True,2wikimultihopqa,comparison,yes_no,8000,scattered,low,unknown,no,no,p0001;p0002,p0001,True,1.0,1.0,1.0,1.0,1.0,1.0,1.0,0.5,0.6666666666666666,1.0,success,
2wikimultihopqa_a7b9672009c311ebbdb0ac1f6bf848b6,mistral-small3.1:24b,oracle,Oracle Evidence,diagnostic_baseline,oracle_evidence_upper_reference,True,2wikimultihopqa,comparison,yes_no,8000,scattered,low,unknown,no,no,p0001;p0002,p0001;p0002,True,1.0,1.0,1.0,1.0,1.0,1.0,1.0,1.0,1.0,1.0,success,
2wikimultihopqa_298f23b8088a11ebbd6eac1f6bf848b6,mistral-small3.1:24b,no_evidence,No Evidence,diagnostic_baseline,question_only_lower_bound,True,2wikimultihopqa,comparison,entity,16000,front,medium,unknown,El Extraño Viaje,Love In Pawn,p0001;p0002;p0003;p0004,,True,0.0,0.0,0.0,0.0,0.0,0.0,0.0,0.0,0.0,0.0,evidence_localization_failure,
2wikimultihopqa_298f23b8088a11ebbd6eac1f6bf848b6,mistral-small3.1:24b,direct,Full Context,diagnostic_condition,full_context_condition,True,2wikimultihopqa,comparison,entity,16000,front,medium,unknown,El Extraño Viaje,Love in Pawn,p0001;p0002;p0003;p0004,p0002;p0003,True,0.0,0.0,0.0,0.0,0.0,0.0,1.0,0.5,0.6666666666666666,1.0,evidence_integration_failure,
2wikimultihopqa_298f23b8088a11ebbd6eac1f6bf848b6,mistral-small3.1:24b,retrieve_then_read,Retrieved Evidence,diagnostic_condition,evidence_narrowed_condition,True,2wikimultihopqa,comparison,entity,16000,front,medium,unknown,El Extraño Viaje,El extraño viaje,p0001;p0002;p0003;p0004,p0001;p0002;p0003,True,1.0,1.0,1.0,1.0,1.0,1.0,1.0,0.75,0.8571428571428571,1.0,success,
2wikimultihopqa_298f23b8088a11ebbd6eac1f6bf848b6,mistral-small3.1:24b,oracle,Oracle Evidence,diagnostic_baseline,oracle_evidence_upper_reference,True,2wikimultihopqa,comparison,entity,16000,front,medium,unknown,El Extraño Viaje,El extraño viaje,p0001;p0002;p0003;p0004,p0001;p0002;p0003,True,1.0,1.0,1.0,1.0,1.0,1.0,1.0,0.75,0.8571428571428571,1.0,success,
2wikimultihopqa_2ec440560bb011ebab90acde48001122,mistral-small3.1:24b,no_evidence,No Evidence,diagnostic_baseline,question_only_lower_bound,True,2wikimultihopqa,multi_hop,entity,4000,middle,low,unknown,Ptolemy IX Lathyros,Antiochus IX Cyzicenus,p0001;p0002,,True,0.0,0.3333333333333333,0.0,0.3333333333333333,0.0,0.3333333333333333,0.0,0.0,0.0,0.0,evidence_localization_failure,
2wikimultihopqa_2ec440560bb011ebab90acde48001122,mistral-small3.1:24b,direct,Full Context,diagnostic_condition,full_context_condition,True,2wikimultihopqa,multi_hop,entity,4000,middle,low,unknown,Ptolemy IX Lathyros,Ptolemy IX Lathyros,p0001;p0002,p0001;p0002,True,1.0,1.0,1.0,1.0,1.0,1.0,1.0,1.0,1.0,1.0,success,
2wikimultihopqa_2ec440560bb011ebab90acde48001122,mistral-small3.1:24b,retrieve_then_read,Retrieved Evidence,diagnostic_condition,evidence_narrowed_condition,True,2wikimultihopqa,multi_hop,entity,4000,middle,low,unknown,Ptolemy IX Lathyros,Laodice,p0001;p0002,,True,0.0,0.0,0.0,0.0,0.0,0.0,0.0,0.0,0.0,0.0,evidence_localization_failure,
2wikimultihopqa_2ec440560bb011ebab90acde48001122,mistral-small3.1:24b,oracle,Oracle Evidence,diagnostic_baseline,oracle_evidence_upper_reference,True,2wikimultihopqa,multi_hop,entity,4000,middle,low,unknown,Ptolemy IX Lathyros,Ptolemy IX Lathyros,p0001;p0002,p0001;p0002,True,1.0,1.0,1.0,1.0,1.0,1.0,1.0,1.0,1.0,1.0,success,
2wikimultihopqa_05f8a691087b11ebbd67ac1f6bf848b6,mistral-small3.1:24b,no_evidence,No Evidence,diagnostic_baseline,question_only_lower_bound,True,2wikimultihopqa,comparison,string,8000,end,medium,unknown,The Working Class Goes To Heaven,Crimen A Las Tres,p0001;p0002;p0003;p0004,,True,0.0,0.0,0.0,0.0,0.0,0.0,0.0,0.0,0.0,0.0,evidence_localization_failure,
2wikimultihopqa_05f8a691087b11ebbd67ac1f6bf848b6,mistral-small3.1:24b,direct,Full Context,diagnostic_condition,full_context_condition,True,2wikimultihopqa,comparison,string,8000,end,medium,unknown,The Working Class Goes To Heaven,Crimen A Las Tres,p0001;p0002;p0003;p0004,p0001;p0002,True,0.0,0.0,0.0,0.0,0.0,0.0,1.0,0.5,0.6666666666666666,1.0,evidence_integration_failure,
2wikimultihopqa_05f8a691087b11ebbd67ac1f6bf848b6,mistral-small3.1:24b,retrieve_then_read,Retrieved Evidence,diagnostic_condition,evidence_narrowed_condition,True,2wikimultihopqa,comparison,string,8000,end,medium,unknown,The Working Class Goes To Heaven,Crimen A Las Tres,p0001;p0002;p0003;p0004,,True,0.0,0.0,0.0,0.0,0.0,0.0,0.0,0.0,0.0,0.0,evidence_localization_failure,
2wikimultihopqa_05f8a691087b11ebbd67ac1f6bf848b6,mistral-small3.1:24b,oracle,Oracle Evidence,diagnostic_baseline,oracle_evidence_upper_reference,True,2wikimultihopqa,comparison,string,8000,end,medium,unknown,The Working Class Goes To Heaven,Crimen A Las Tres,p0001;p0002;p0003;p0004,p0001;p0002;p0003,True,0.0,0.0,0.0,0.0,0.0,0.0,1.0,0.75,0.8571428571428571,1.0,evidence_integration_failure,
2wikimultihopqa_645c9a5a08c311ebbd8dac1f6bf848b6,mistral-small3.1:24b,no_evidence,No Evidence,diagnostic_baseline,question_only_lower_bound,True,2wikimultihopqa,comparison,entity,16000,scattered,medium,unknown,Once A Gentleman,Once A Gentleman,p0001;p0002;p0003;p0004,,True,1.0,1.0,1.0,1.0,1.0,1.0,0.0,0.0,0.0,0.0,success,
2wikimultihopqa_645c9a5a08c311ebbd8dac1f6bf848b6,mistral-small3.1:24b,direct,Full Context,diagnostic_condition,full_context_condition,True,2wikimultihopqa,comparison,entity,16000,scattered,medium,unknown,Once A Gentleman,Once A Gentleman,p0001;p0002;p0003;p0004,p0001;p0002,True,1.0,1.0,1.0,1.0,1.0,1.0,1.0,0.5,0.6666666666666666,1.0,success,
2wikimultihopqa_645c9a5a08c311ebbd8dac1f6bf848b6,mistral-small3.1:24b,retrieve_then_read,Retrieved Evidence,diagnostic_condition,evidence_narrowed_condition,True,2wikimultihopqa,comparison,entity,16000,scattered,medium,unknown,Once A Gentleman,Once A Gentleman,p0001;p0002;p0003;p0004,p0001;p0004,True,1.0,1.0,1.0,1.0,1.0,1.0,1.0,0.5,0.6666666666666666,1.0,success,
2wikimultihopqa_645c9a5a08c311ebbd8dac1f6bf848b6,mistral-small3.1:24b,oracle,Oracle Evidence,diagnostic_baseline,oracle_evidence_upper_reference,True,2wikimultihopqa,comparison,entity,16000,scattered,medium,unknown,Once A Gentleman,Once a Gentleman,p0001;p0002;p0003;p0004,p0001;p0002;p0003,True,1.0,1.0,1.0,1.0,1.0,1.0,1.0,0.75,0.8571428571428571,1.0,success,
2wikimultihopqa_5bec3cd408a711ebbd7fac1f6bf848b6,mistral-small3.1:24b,no_evidence,No Evidence,diagnostic_baseline,question_only_lower_bound,True,2wikimultihopqa,comparison,string,4000,front,medium,unknown,The Trial Of Joan Of Arc,Il Seduttore,p0001;p0002;p0003;p0004,,True,0.0,0.0,0.0,0.0,0.0,0.0,0.0,0.0,0.0,0.0,evidence_localization_failure,
2wikimultihopqa_5bec3cd408a711ebbd7fac1f6bf848b6,mistral-small3.1:24b,direct,Full Context,diagnostic_condition,full_context_condition,True,2wikimultihopqa,comparison,string,4000,front,medium,unknown,The Trial Of Joan Of Arc,Il Seduttore,p0001;p0002;p0003;p0004,p0001;p0004,True,0.0,0.0,0.0,0.0,0.0,0.0,1.0,0.5,0.6666666666666666,1.0,evidence_integration_failure,
2wikimultihopqa_5bec3cd408a711ebbd7fac1f6bf848b6,mistral-small3.1:24b,retrieve_then_read,Retrieved Evidence,diagnostic_condition,evidence_narrowed_condition,True,2wikimultihopqa,comparison,string,4000,front,medium,unknown,The Trial Of Joan Of Arc,Il Seduttore,p0001;p0002;p0003;p0004,p0002,True,0.0,0.0,0.0,0.0,0.0,0.0,1.0,0.25,0.4,1.0,evidence_integration_failure,
2wikimultihopqa_5bec3cd408a711ebbd7fac1f6bf848b6,mistral-small3.1:24b,oracle,Oracle Evidence,diagnostic_baseline,oracle_evidence_upper_reference,True,2wikimultihopqa,comparison,string,4000,front,medium,unknown,The Trial Of Joan Of Arc,The Trial of Joan of Arc,p0001;p0002;p0003;p0004,p0001;p0002;p0003,True,1.0,1.0,1.0,1.0,1.0,1.0,1.0,0.75,0.8571428571428571,1.0,success,
2wikimultihopqa_464cfa460bd911eba7f7acde48001122,mistral-small3.1:24b,no_evidence,No Evidence,diagnostic_baseline,question_only_lower_bound,True,2wikimultihopqa,multi_hop,entity,8000,middle,low,unknown,Brooklyn,unknown,p0001;p0002,,True,0.0,0.0,0.0,0.0,0.0,0.0,0.0,0.0,0.0,0.0,evidence_localization_failure,
2wikimultihopqa_464cfa460bd911eba7f7acde48001122,mistral-small3.1:24b,direct,Full Context,diagnostic_condition,full_context_condition,True,2wikimultihopqa,multi_hop,entity,8000,middle,low,unknown,Brooklyn,United States,p0001;p0002,p0001;p0002,True,0.0,0.0,0.0,0.0,0.0,0.0,1.0,1.0,1.0,1.0,answer_conversion_failure,
2wikimultihopqa_464cfa460bd911eba7f7acde48001122,mistral-small3.1:24b,retrieve_then_read,Retrieved Evidence,diagnostic_condition,evidence_narrowed_condition,True,2wikimultihopqa,multi_hop,entity,8000,middle,low,unknown,Brooklyn,United States,p0001;p0002,p0002,True,0.0,0.0,0.0,0.0,0.0,0.0,1.0,0.5,0.6666666666666666,1.0,evidence_integration_failure,
2wikimultihopqa_464cfa460bd911eba7f7acde48001122,mistral-small3.1:24b,oracle,Oracle Evidence,diagnostic_baseline,oracle_evidence_upper_reference,True,2wikimultihopqa,multi_hop,entity,8000,middle,low,unknown,Brooklyn,unknown,p0001;p0002,p0001;p0002,True,0.0,0.0,0.0,0.0,0.0,0.0,1.0,1.0,1.0,1.0,answer_conversion_failure,
2wikimultihopqa_c05e16a40bdd11eba7f7acde48001122,mistral-small3.1:24b,no_evidence,No Evidence,diagnostic_baseline,question_only_lower_bound,True,2wikimultihopqa,multi_hop,string,16000,end,low,unknown,stroke,She died of cancer.,p0001;p0002,,True,0.0,0.0,0.0,0.0,0.0,0.0,0.0,0.0,0.0,0.0,evidence_localization_failure,
2wikimultihopqa_c05e16a40bdd11eba7f7acde48001122,mistral-small3.1:24b,direct,Full Context,diagnostic_condition,full_context_condition,True,2wikimultihopqa,multi_hop,string,16000,end,low,unknown,stroke,stroke,p0001;p0002,p0001,True,1.0,1.0,1.0,1.0,1.0,1.0,1.0,0.5,0.6666666666666666,1.0,success,
2wikimultihopqa_c05e16a40bdd11eba7f7acde48001122,mistral-small3.1:24b,retrieve_then_read,Retrieved Evidence,diagnostic_condition,evidence_narrowed_condition,True,2wikimultihopqa,multi_hop,string,16000,end,low,unknown,stroke,She was executed by the Bolsheviks,p0001;p0002,,True,0.0,0.0,0.0,0.0,0.0,0.0,0.0,0.0,0.0,0.0,evidence_localization_failure,
2wikimultihopqa_c05e16a40bdd11eba7f7acde48001122,mistral-small3.1:24b,oracle,Oracle Evidence,diagnostic_baseline,oracle_evidence_upper_reference,True,2wikimultihopqa,multi_hop,string,16000,end,low,unknown,stroke,stroke,p0001;p0002,p0002,True,1.0,1.0,1.0,1.0,1.0,1.0,1.0,0.5,0.6666666666666666,1.0,success,
2wikimultihopqa_2935f1640bda11eba7f7acde48001122,mistral-small3.1:24b,no_evidence,No Evidence,diagnostic_baseline,question_only_lower_bound,True,2wikimultihopqa,multi_hop,entity,4000,scattered,low,unknown,Nice,London,p0001;p0002,,True,0.0,0.0,0.0,0.0,0.0,0.0,0.0,0.0,0.0,0.0,evidence_localization_failure,
2wikimultihopqa_2935f1640bda11eba7f7acde48001122,mistral-small3.1:24b,direct,Full Context,diagnostic_condition,full_context_condition,True,2wikimultihopqa,multi_hop,entity,4000,scattered,low,unknown,Nice,26 May 1966,p0001;p0002,p0002,True,0.0,0.0,0.0,0.0,0.0,0.0,1.0,0.5,0.6666666666666666,1.0,evidence_integration_failure,
2wikimultihopqa_2935f1640bda11eba7f7acde48001122,mistral-small3.1:24b,retrieve_then_read,Retrieved Evidence,diagnostic_condition,evidence_narrowed_condition,True,2wikimultihopqa,multi_hop,entity,4000,scattered,low,unknown,Nice,Nice,p0001;p0002,,True,1.0,1.0,1.0,1.0,1.0,1.0,0.0,0.0,0.0,0.0,success,
2wikimultihopqa_2935f1640bda11eba7f7acde48001122,mistral-small3.1:24b,oracle,Oracle Evidence,diagnostic_baseline,oracle_evidence_upper_reference,True,2wikimultihopqa,multi_hop,entity,4000,scattered,low,unknown,Nice,Nice,p0001;p0002,p0001;p0002,True,1.0,1.0,1.0,1.0,1.0,1.0,1.0,1.0,1.0,1.0,success,
2wikimultihopqa_ada1b358085211ebbd58ac1f6bf848b6,mistral-small3.1:24b,no_evidence,No Evidence,diagnostic_baseline,question_only_lower_bound,True,2wikimultihopqa,comparison,entity,8000,front,low,unknown,Fleetwood Sheppard,Fleetwood Sheppard,p0001;p0002,,True,1.0,1.0,1.0,1.0,1.0,1.0,0.0,0.0,0.0,0.0,success,
2wikimultihopqa_ada1b358085211ebbd58ac1f6bf848b6,mistral-small3.1:24b,direct,Full Context,diagnostic_condition,full_context_condition,True,2wikimultihopqa,comparison,entity,8000,front,low,unknown,Fleetwood Sheppard,Fleetwood Sheppard,p0001;p0002,p0001,True,1.0,1.0,1.0,1.0,1.0,1.0,1.0,0.5,0.6666666666666666,1.0,success,
2wikimultihopqa_ada1b358085211ebbd58ac1f6bf848b6,mistral-small3.1:24b,retrieve_then_read,Retrieved Evidence,diagnostic_condition,evidence_narrowed_condition,True,2wikimultihopqa,comparison,entity,8000,front,low,unknown,Fleetwood Sheppard,Nicholas Sheppard,p0001;p0002,,True,0.0,0.5,0.0,0.5,0.0,0.5,0.0,0.0,0.0,0.0,evidence_localization_failure,
2wikimultihopqa_ada1b358085211ebbd58ac1f6bf848b6,mistral-small3.1:24b,oracle,Oracle Evidence,diagnostic_baseline,oracle_evidence_upper_reference,True,2wikimultihopqa,comparison,entity,8000,front,low,unknown,Fleetwood Sheppard,Fleetwood Sheppard,p0001;p0002,p0001;p0002,True,1.0,1.0,1.0,1.0,1.0,1.0,1.0,1.0,1.0,1.0,success,
2wikimultihopqa_3f857208086c11ebbd61ac1f6bf848b6,mistral-small3.1:24b,no_evidence,No Evidence,diagnostic_baseline,question_only_lower_bound,True,2wikimultihopqa,comparison,entity,16000,middle,medium,unknown,The Raven'S Dance,The Raven's Dance,p0001;p0002;p0003;p0004,,True,1.0,1.0,1.0,1.0,1.0,1.0,0.0,0.0,0.0,0.0,success,
2wikimultihopqa_3f857208086c11ebbd61ac1f6bf848b6,mistral-small3.1:24b,direct,Full Context,diagnostic_condition,full_context_condition,True,2wikimultihopqa,comparison,entity,16000,middle,medium,unknown,The Raven'S Dance,The Raven's Dance,p0001;p0002;p0003;p0004,p0003,True,1.0,1.0,1.0,1.0,1.0,1.0,1.0,0.25,0.4,1.0,success,
2wikimultihopqa_3f857208086c11ebbd61ac1f6bf848b6,mistral-small3.1:24b,retrieve_then_read,Retrieved Evidence,diagnostic_condition,evidence_narrowed_condition,True,2wikimultihopqa,comparison,entity,16000,middle,medium,unknown,The Raven'S Dance,Keïta! L'Héritage Du Griot,p0001;p0002;p0003;p0004,,True,0.0,0.0,0.0,0.0,0.0,0.0,0.0,0.0,0.0,0.0,evidence_localization_failure,
2wikimultihopqa_3f857208086c11ebbd61ac1f6bf848b6,mistral-small3.1:24b,oracle,Oracle Evidence,diagnostic_baseline,oracle_evidence_upper_reference,True,2wikimultihopqa,comparison,entity,16000,middle,medium,unknown,The Raven'S Dance,The Raven's Dance,p0001;p0002;p0003;p0004,p0001;p0003;p0004,True,1.0,1.0,1.0,1.0,1.0,1.0,1.0,0.75,0.8571428571428571,1.0,success,
2wikimultihopqa_dfe93efe0bdd11eba7f7acde48001122,mistral-small3.1:24b,no_evidence,No Evidence,diagnostic_baseline,question_only_lower_bound,True,2wikimultihopqa,multi_hop,number,4000,end,low,unknown,1983,unknown,p0001;p0002,,True,0.0,0.0,0.0,0.0,0.0,0.0,0.0,0.0,0.0,0.0,evidence_localization_failure,
2wikimultihopqa_dfe93efe0bdd11eba7f7acde48001122,mistral-small3.1:24b,direct,Full Context,diagnostic_condition,full_context_condition,True,2wikimultihopqa,multi_hop,number,4000,end,low,unknown,1983,"March 7, 1983",p0001;p0002,p0002,True,0.0,0.5,0.0,0.5,0.0,0.5,1.0,0.5,0.6666666666666666,1.0,evidence_integration_failure,
2wikimultihopqa_dfe93efe0bdd11eba7f7acde48001122,mistral-small3.1:24b,retrieve_then_read,Retrieved Evidence,diagnostic_condition,evidence_narrowed_condition,True,2wikimultihopqa,multi_hop,number,4000,end,low,unknown,1983,,p0001;p0002,,True,0.0,0.0,0.0,0.0,0.0,0.0,0.0,0.0,0.0,0.0,evidence_localization_failure,
2wikimultihopqa_dfe93efe0bdd11eba7f7acde48001122,mistral-small3.1:24b,oracle,Oracle Evidence,diagnostic_baseline,oracle_evidence_upper_reference,True,2wikimultihopqa,multi_hop,number,4000,end,low,unknown,1983,1983,p0001;p0002,p0001;p0002,True,1.0,1.0,1.0,1.0,1.0,1.0,1.0,1.0,1.0,1.0,success,
2wikimultihopqa_1d890623088711ebbd6dac1f6bf848b6,mistral-small3.1:24b,no_evidence,No Evidence,diagnostic_baseline,question_only_lower_bound,True,2wikimultihopqa,comparison,entity,8000,scattered,medium,unknown,Tangled Destinies,Tangled Destinies,p0001;p0002;p0003;p0004,,True,1.0,1.0,1.0,1.0,1.0,1.0,0.0,0.0,0.0,0.0,success,
2wikimultihopqa_1d890623088711ebbd6dac1f6bf848b6,mistral-small3.1:24b,direct,Full Context,diagnostic_condition,full_context_condition,True,2wikimultihopqa,comparison,entity,8000,scattered,medium,unknown,Tangled Destinies,Tangled Destinies,p0001;p0002;p0003;p0004,p0001;p0002;p0003,True,1.0,1.0,1.0,1.0,1.0,1.0,1.0,0.75,0.8571428571428571,1.0,success,
2wikimultihopqa_1d890623088711ebbd6dac1f6bf848b6,mistral-small3.1:24b,retrieve_then_read,Retrieved Evidence,diagnostic_condition,evidence_narrowed_condition,True,2wikimultihopqa,comparison,entity,8000,scattered,medium,unknown,Tangled Destinies,Tangled Destinies,p0001;p0002;p0003;p0004,p0001;p0002,True,1.0,1.0,1.0,1.0,1.0,1.0,1.0,0.5,0.6666666666666666,1.0,success,
2wikimultihopqa_1d890623088711ebbd6dac1f6bf848b6,mistral-small3.1:24b,oracle,Oracle Evidence,diagnostic_baseline,oracle_evidence_upper_reference,True,2wikimultihopqa,comparison,entity,8000,scattered,medium,unknown,Tangled Destinies,Tangled Destinies,p0001;p0002;p0003;p0004,p0001;p0002;p0003,True,1.0,1.0,1.0,1.0,1.0,1.0,1.0,0.75,0.8571428571428571,1.0,success,
2wikimultihopqa_d8c36503097411ebbdb0ac1f6bf848b6,mistral-small3.1:24b,no_evidence,No Evidence,diagnostic_baseline,question_only_lower_bound,True,2wikimultihopqa,comparison,entity,16000,front,low,unknown,Moment Of Danger,The Ballad Of Josie,p0001;p0002,,True,0.0,0.3333333333333333,0.0,0.3333333333333333,0.0,0.3333333333333333,0.0,0.0,0.0,0.0,evidence_localization_failure,
2wikimultihopqa_d8c36503097411ebbdb0ac1f6bf848b6,mistral-small3.1:24b,direct,Full Context,diagnostic_condition,full_context_condition,True,2wikimultihopqa,comparison,entity,16000,front,low,unknown,Moment Of Danger,Moment of Danger,p0001;p0002,p0001;p0002,True,1.0,1.0,1.0,1.0,1.0,1.0,1.0,1.0,1.0,1.0,success,
2wikimultihopqa_d8c36503097411ebbdb0ac1f6bf848b6,mistral-small3.1:24b,retrieve_then_read,Retrieved Evidence,diagnostic_condition,evidence_narrowed_condition,True,2wikimultihopqa,comparison,entity,16000,front,low,unknown,Moment Of Danger,The Ballad of Little Jo,p0001;p0002,,True,0.0,0.28571428571428575,0.0,0.28571428571428575,0.0,0.28571428571428575,0.0,0.0,0.0,0.0,evidence_localization_failure,
2wikimultihopqa_d8c36503097411ebbdb0ac1f6bf848b6,mistral-small3.1:24b,oracle,Oracle Evidence,diagnostic_baseline,oracle_evidence_upper_reference,True,2wikimultihopqa,comparison,entity,16000,front,low,unknown,Moment Of Danger,Moment of Danger,p0001;p0002,p0001;p0002,True,1.0,1.0,1.0,1.0,1.0,1.0,1.0,1.0,1.0,1.0,success,
2wikimultihopqa_2207e9060bda11eba7f7acde48001122,mistral-small3.1:24b,no_evidence,No Evidence,diagnostic_baseline,question_only_lower_bound,True,2wikimultihopqa,multi_hop,entity,4000,middle,low,unknown,United States,unknown,p0001;p0002,,True,0.0,0.0,0.0,0.0,0.0,0.0,0.0,0.0,0.0,0.0,evidence_localization_failure,
2wikimultihopqa_2207e9060bda11eba7f7acde48001122,mistral-small3.1:24b,direct,Full Context,diagnostic_condition,full_context_condition,True,2wikimultihopqa,multi_hop,entity,4000,middle,low,unknown,United States,American,p0001;p0002,p0001;p0005,True,0.0,0.0,0.0,0.0,0.0,0.0,0.5,0.5,0.5,1.0,evidence_integration_failure,
2wikimultihopqa_2207e9060bda11eba7f7acde48001122,mistral-small3.1:24b,retrieve_then_read,Retrieved Evidence,diagnostic_condition,evidence_narrowed_condition,True,2wikimultihopqa,multi_hop,entity,4000,middle,low,unknown,United States,Australian,p0001;p0002,,True,0.0,0.0,0.0,0.0,0.0,0.0,0.0,0.0,0.0,0.0,evidence_localization_failure,
2wikimultihopqa_2207e9060bda11eba7f7acde48001122,mistral-small3.1:24b,oracle,Oracle Evidence,diagnostic_baseline,oracle_evidence_upper_reference,True,2wikimultihopqa,multi_hop,entity,4000,middle,low,unknown,United States,American,p0001;p0002,p0001;p0002,True,0.0,0.0,0.0,0.0,0.0,0.0,1.0,1.0,1.0,1.0,answer_conversion_failure,
2wikimultihopqa_7abc1e3008d511ebbd98ac1f6bf848b6,mistral-small3.1:24b,no_evidence,No Evidence,diagnostic_baseline,question_only_lower_bound,True,2wikimultihopqa,comparison,string,8000,end,medium,unknown,The Machine To Kill Bad People,Poker In Bed,p0001;p0002;p0003;p0004,,True,0.0,0.0,0.0,0.0,0.0,0.0,0.0,0.0,0.0,0.0,evidence_localization_failure,
2wikimultihopqa_7abc1e3008d511ebbd98ac1f6bf848b6,mistral-small3.1:24b,direct,Full Context,diagnostic_condition,full_context_condition,True,2wikimultihopqa,comparison,string,8000,end,medium,unknown,The Machine To Kill Bad People,The Machine To Kill Bad People,p0001;p0002;p0003;p0004,p0001;p0002,True,1.0,1.0,1.0,1.0,1.0,1.0,1.0,0.5,0.6666666666666666,1.0,success,
2wikimultihopqa_7abc1e3008d511ebbd98ac1f6bf848b6,mistral-small3.1:24b,retrieve_then_read,Retrieved Evidence,diagnostic_condition,evidence_narrowed_condition,True,2wikimultihopqa,comparison,string,8000,end,medium,unknown,The Machine To Kill Bad People,Poker In Bed,p0001;p0002;p0003;p0004,p0002;p0004,True,0.0,0.0,0.0,0.0,0.0,0.0,1.0,0.5,0.6666666666666666,1.0,evidence_integration_failure,
2wikimultihopqa_7abc1e3008d511ebbd98ac1f6bf848b6,mistral-small3.1:24b,oracle,Oracle Evidence,diagnostic_baseline,oracle_evidence_upper_reference,True,2wikimultihopqa,comparison,string,8000,end,medium,unknown,The Machine To Kill Bad People,The Machine to Kill Bad People,p0001;p0002;p0003;p0004,p0001;p0002;p0003,True,1.0,1.0,1.0,1.0,1.0,1.0,1.0,0.75,0.8571428571428571,1.0,success,
2wikimultihopqa_ae331827088b11ebbd6fac1f6bf848b6,mistral-small3.1:24b,no_evidence,No Evidence,diagnostic_baseline,question_only_lower_bound,True,2wikimultihopqa,comparison,string,16000,scattered,medium,unknown,"Heads I Win, Tails You Lose","Heads I Win, Tails You Lose",p0001;p0002;p0003;p0004,,True,1.0,1.0,1.0,1.0,1.0,1.0,0.0,0.0,0.0,0.0,success,
2wikimultihopqa_ae331827088b11ebbd6fac1f6bf848b6,mistral-small3.1:24b,direct,Full Context,diagnostic_condition,full_context_condition,True,2wikimultihopqa,comparison,string,16000,scattered,medium,unknown,"Heads I Win, Tails You Lose","Heads I Win, Tails You Lose",p0001;p0002;p0003;p0004,p0001;p0002,True,1.0,1.0,1.0,1.0,1.0,1.0,1.0,0.5,0.6666666666666666,1.0,success,
2wikimultihopqa_ae331827088b11ebbd6fac1f6bf848b6,mistral-small3.1:24b,retrieve_then_read,Retrieved Evidence,diagnostic_condition,evidence_narrowed_condition,True,2wikimultihopqa,comparison,string,16000,scattered,medium,unknown,"Heads I Win, Tails You Lose",The Incredible Sarah,p0001;p0002;p0003;p0004,p0001;p0003,True,0.0,0.0,0.0,0.0,0.0,0.0,1.0,0.5,0.6666666666666666,1.0,evidence_integration_failure,
2wikimultihopqa_ae331827088b11ebbd6fac1f6bf848b6,mistral-small3.1:24b,oracle,Oracle Evidence,diagnostic_baseline,oracle_evidence_upper_reference,True,2wikimultihopqa,comparison,string,16000,scattered,medium,unknown,"Heads I Win, Tails You Lose",The Incredible Sarah,p0001;p0002;p0003;p0004,p0001;p0002;p0003,True,0.0,0.0,0.0,0.0,0.0,0.0,1.0,0.75,0.8571428571428571,1.0,evidence_integration_failure,
2wikimultihopqa_2002bf0c0bb011ebab90acde48001122,mistral-small3.1:24b,no_evidence,No Evidence,diagnostic_baseline,question_only_lower_bound,True,2wikimultihopqa,multi_hop,entity,4000,front,low,unknown,Rupert,"Albert IV, Duke of Bavaria",p0001;p0002,,True,0.0,0.0,0.0,0.0,0.0,0.0,0.0,0.0,0.0,0.0,evidence_localization_failure,
2wikimultihopqa_2002bf0c0bb011ebab90acde48001122,mistral-small3.1:24b,direct,Full Context,diagnostic_condition,full_context_condition,True,2wikimultihopqa,multi_hop,entity,4000,front,low,unknown,Rupert,Rupert III of the Palatinate,p0001;p0002,p0001,True,0.0,0.4,0.0,0.4,0.0,0.4,1.0,0.5,0.6666666666666666,1.0,evidence_integration_failure,
2wikimultihopqa_2002bf0c0bb011ebab90acde48001122,mistral-small3.1:24b,retrieve_then_read,Retrieved Evidence,diagnostic_condition,evidence_narrowed_condition,True,2wikimultihopqa,multi_hop,entity,4000,front,low,unknown,Rupert,Rupert III of the Palatinate,p0001;p0002,p0001,True,0.0,0.4,0.0,0.4,0.0,0.4,1.0,0.5,0.6666666666666666,1.0,evidence_integration_failure,
2wikimultihopqa_2002bf0c0bb011ebab90acde48001122,mistral-small3.1:24b,oracle,Oracle Evidence,diagnostic_baseline,oracle_evidence_upper_reference,True,2wikimultihopqa,multi_hop,entity,4000,front,low,unknown,Rupert,Rupert III of the Palatinate,p0001;p0002,p0001;p0002,True,0.0,0.4,0.0,0.4,0.0,0.4,1.0,1.0,1.0,1.0,answer_conversion_failure,
2wikimultihopqa_c531e7560baf11ebab90acde48001122,mistral-small3.1:24b,no_evidence,No Evidence,diagnostic_baseline,question_only_lower_bound,True,2wikimultihopqa,multi_hop,entity,8000,middle,low,unknown,Marie Leszczyńska,Marie Leszczyńska,p0001;p0002,,True,1.0,1.0,1.0,1.0,1.0,1.0,0.0,0.0,0.0,0.0,success,
2wikimultihopqa_c531e7560baf11ebab90acde48001122,mistral-small3.1:24b,direct,Full Context,diagnostic_condition,full_context_condition,True,2wikimultihopqa,multi_hop,entity,8000,middle,low,unknown,Marie Leszczyńska,Marie Leszczyńska,p0001;p0002,p0001;p0002,True,1.0,1.0,1.0,1.0,1.0,1.0,1.0,1.0,1.0,1.0,success,
2wikimultihopqa_c531e7560baf11ebab90acde48001122,mistral-small3.1:24b,retrieve_then_read,Retrieved Evidence,diagnostic_condition,evidence_narrowed_condition,True,2wikimultihopqa,multi_hop,entity,8000,middle,low,unknown,Marie Leszczyńska,Marie Leszczyńska,p0001;p0002,p0002,True,1.0,1.0,1.0,1.0,1.0,1.0,1.0,0.5,0.6666666666666666,1.0,success,
2wikimultihopqa_c531e7560baf11ebab90acde48001122,mistral-small3.1:24b,oracle,Oracle Evidence,diagnostic_baseline,oracle_evidence_upper_reference,True,2wikimultihopqa,multi_hop,entity,8000,middle,low,unknown,Marie Leszczyńska,Marie Leszczyńska,p0001;p0002,p0001;p0002,True,1.0,1.0,1.0,1.0,1.0,1.0,1.0,1.0,1.0,1.0,success,
2wikimultihopqa_4d982dc308c111ebbd8bac1f6bf848b6,mistral-small3.1:24b,no_evidence,No Evidence,diagnostic_baseline,question_only_lower_bound,True,2wikimultihopqa,comparison,entity,16000,end,medium,unknown,Condemned Women,Condemned Women,p0001;p0002;p0003;p0004,,True,1.0,1.0,1.0,1.0,1.0,1.0,0.0,0.0,0.0,0.0,success,
2wikimultihopqa_4d982dc308c111ebbd8bac1f6bf848b6,mistral-small3.1:24b,direct,Full Context,diagnostic_condition,full_context_condition,True,2wikimultihopqa,comparison,entity,16000,end,medium,unknown,Condemned Women,Condemned Women,p0001;p0002;p0003;p0004,p0001;p0002,True,1.0,1.0,1.0,1.0,1.0,1.0,1.0,0.5,0.6666666666666666,1.0,success,
2wikimultihopqa_4d982dc308c111ebbd8bac1f6bf848b6,mistral-small3.1:24b,retrieve_then_read,Retrieved Evidence,diagnostic_condition,evidence_narrowed_condition,True,2wikimultihopqa,comparison,entity,16000,end,medium,unknown,Condemned Women,Condemned Women,p0001;p0002;p0003;p0004,p0001,True,1.0,1.0,1.0,1.0,1.0,1.0,1.0,0.25,0.4,1.0,success,
2wikimultihopqa_4d982dc308c111ebbd8bac1f6bf848b6,mistral-small3.1:24b,oracle,Oracle Evidence,diagnostic_baseline,oracle_evidence_upper_reference,True,2wikimultihopqa,comparison,entity,16000,end,medium,unknown,Condemned Women,Condemned Women,p0001;p0002;p0003;p0004,p0001;p0002;p0003,True,1.0,1.0,1.0,1.0,1.0,1.0,1.0,0.75,0.8571428571428571,1.0,success,
2wikimultihopqa_a9cc5f240bdb11eba7f7acde48001122,mistral-small3.1:24b,no_evidence,No Evidence,diagnostic_baseline,question_only_lower_bound,True,2wikimultihopqa,multi_hop,entity,4000,scattered,low,unknown,Catherine Robbe-Grillet,unknown,p0001;p0002,,True,0.0,0.0,0.0,0.0,0.0,0.0,0.0,0.0,0.0,0.0,evidence_localization_failure,
2wikimultihopqa_a9cc5f240bdb11eba7f7acde48001122,mistral-small3.1:24b,direct,Full Context,diagnostic_condition,full_context_condition,True,2wikimultihopqa,multi_hop,entity,4000,scattered,low,unknown,Catherine Robbe-Grillet,Catherine Robbe-Grillet,p0001;p0002,p0001;p0002,True,1.0,1.0,1.0,1.0,1.0,1.0,1.0,1.0,1.0,1.0,success,
2wikimultihopqa_a9cc5f240bdb11eba7f7acde48001122,mistral-small3.1:24b,retrieve_then_read,Retrieved Evidence,diagnostic_condition,evidence_narrowed_condition,True,2wikimultihopqa,multi_hop,entity,4000,scattered,low,unknown,Catherine Robbe-Grillet,Euclid Tsakalotos,p0001;p0002,,True,0.0,0.0,0.0,0.0,0.0,0.0,0.0,0.0,0.0,0.0,evidence_localization_failure,
2wikimultihopqa_a9cc5f240bdb11eba7f7acde48001122,mistral-small3.1:24b,oracle,Oracle Evidence,diagnostic_baseline,oracle_evidence_upper_reference,True,2wikimultihopqa,multi_hop,entity,4000,scattered,low,unknown,Catherine Robbe-Grillet,Catherine Robbe-Grillet,p0001;p0002,p0001;p0002,True,1.0,1.0,1.0,1.0,1.0,1.0,1.0,1.0,1.0,1.0,success,
2wikimultihopqa_6ebe05740bde11eba7f7acde48001122,mistral-small3.1:24b,no_evidence,No Evidence,diagnostic_baseline,question_only_lower_bound,True,2wikimultihopqa,multi_hop,entity,8000,front,low,unknown,Hilandar,Belgrade,p0001;p0002,,True,0.0,0.0,0.0,0.0,0.0,0.0,0.0,0.0,0.0,0.0,evidence_localization_failure,
2wikimultihopqa_6ebe05740bde11eba7f7acde48001122,mistral-small3.1:24b,direct,Full Context,diagnostic_condition,full_context_condition,True,2wikimultihopqa,multi_hop,entity,8000,front,low,unknown,Hilandar,Saint Petersburg,p0001;p0002,p0001,True,0.0,0.0,0.0,0.0,0.0,0.0,1.0,0.5,0.6666666666666666,1.0,evidence_integration_failure,
2wikimultihopqa_6ebe05740bde11eba7f7acde48001122,mistral-small3.1:24b,retrieve_then_read,Retrieved Evidence,diagnostic_condition,evidence_narrowed_condition,True,2wikimultihopqa,multi_hop,entity,8000,front,low,unknown,Hilandar,Russia,p0001;p0002,,True,0.0,0.0,0.0,0.0,0.0,0.0,0.0,0.0,0.0,0.0,evidence_localization_failure,
2wikimultihopqa_6ebe05740bde11eba7f7acde48001122,mistral-small3.1:24b,oracle,Oracle Evidence,diagnostic_baseline,oracle_evidence_upper_reference,True,2wikimultihopqa,multi_hop,entity,8000,front,low,unknown,Hilandar,Mount Athos,p0001;p0002,p0001;p0002,True,0.0,0.0,0.0,0.0,0.0,0.0,1.0,1.0,1.0,1.0,answer_conversion_failure,
2wikimultihopqa_a0065fe9085f11ebbd5dac1f6bf848b6,mistral-small3.1:24b,no_evidence,No Evidence,diagnostic_baseline,question_only_lower_bound,True,2wikimultihopqa,comparison,yes_no,16000,middle,low,unknown,yes,no,p0001;p0002,,True,0.0,0.0,0.0,0.0,0.0,0.0,0.0,0.0,0.0,0.0,evidence_localization_failure,
2wikimultihopqa_a0065fe9085f11ebbd5dac1f6bf848b6,mistral-small3.1:24b,direct,Full Context,diagnostic_condition,full_context_condition,True,2wikimultihopqa,comparison,yes_no,16000,middle,low,unknown,yes,no,p0001;p0002,p0001;p0002,True,0.0,0.0,0.0,0.0,0.0,0.0,1.0,1.0,1.0,1.0,answer_conversion_failure,
2wikimultihopqa_a0065fe9085f11ebbd5dac1f6bf848b6,mistral-small3.1:24b,retrieve_then_read,Retrieved Evidence,diagnostic_condition,evidence_narrowed_condition,True,2wikimultihopqa,comparison,yes_no,16000,middle,low,unknown,yes,The Tiger: An Old Hunter'S Tale,p0001;p0002,p0001,True,0.0,0.0,0.0,0.0,0.0,0.0,1.0,0.5,0.6666666666666666,1.0,evidence_integration_failure,
2wikimultihopqa_a0065fe9085f11ebbd5dac1f6bf848b6,mistral-small3.1:24b,oracle,Oracle Evidence,diagnostic_baseline,oracle_evidence_upper_reference,True,2wikimultihopqa,comparison,yes_no,16000,middle,low,unknown,yes,The Tiger: An Old Hunter's Tale,p0001;p0002,p0001;p0002,True,0.0,0.0,0.0,0.0,0.0,0.0,1.0,1.0,1.0,1.0,answer_conversion_failure,
2wikimultihopqa_7c490349090311ebbdadac1f6bf848b6,mistral-small3.1:24b,no_evidence,No Evidence,diagnostic_baseline,question_only_lower_bound,True,2wikimultihopqa,comparison,entity,4000,end,low,unknown,Placer Sangriento,Lo Zappatore,p0001;p0002,,True,0.0,0.0,0.0,0.0,0.0,0.0,0.0,0.0,0.0,0.0,evidence_localization_failure,
2wikimultihopqa_7c490349090311ebbdadac1f6bf848b6,mistral-small3.1:24b,direct,Full Context,diagnostic_condition,full_context_condition,True,2wikimultihopqa,comparison,entity,4000,end,low,unknown,Placer Sangriento,Placer Sangriento,p0001;p0002,p0001;p0002,True,1.0,1.0,1.0,1.0,1.0,1.0,1.0,1.0,1.0,1.0,success,
2wikimultihopqa_7c490349090311ebbdadac1f6bf848b6,mistral-small3.1:24b,retrieve_then_read,Retrieved Evidence,diagnostic_condition,evidence_narrowed_condition,True,2wikimultihopqa,comparison,entity,4000,end,low,unknown,Placer Sangriento,Placer Sangriento,p0001;p0002,p0001,True,1.0,1.0,1.0,1.0,1.0,1.0,1.0,0.5,0.6666666666666666,1.0,success,
2wikimultihopqa_7c490349090311ebbdadac1f6bf848b6,mistral-small3.1:24b,oracle,Oracle Evidence,diagnostic_baseline,oracle_evidence_upper_reference,True,2wikimultihopqa,comparison,entity,4000,end,low,unknown,Placer Sangriento,Placer Sangriento,p0001;p0002,p0001;p0002,True,1.0,1.0,1.0,1.0,1.0,1.0,1.0,1.0,1.0,1.0,success,
2wikimultihopqa_8d2382e0085811ebbd5aac1f6bf848b6,mistral-small3.1:24b,no_evidence,No Evidence,diagnostic_baseline,question_only_lower_bound,True,2wikimultihopqa,comparison,entity,8000,scattered,low,unknown,Gwenc'Hlan Le Scouëzec,Gwenc'Hlan Le Scouëzec,p0001;p0002,,True,1.0,1.0,1.0,1.0,1.0,1.0,0.0,0.0,0.0,0.0,success,
2wikimultihopqa_8d2382e0085811ebbd5aac1f6bf848b6,mistral-small3.1:24b,direct,Full Context,diagnostic_condition,full_context_condition,True,2wikimultihopqa,comparison,entity,8000,scattered,low,unknown,Gwenc'Hlan Le Scouëzec,Gwenc'Hlan Le Scouëzec,p0001;p0002,p0002,True,1.0,1.0,1.0,1.0,1.0,1.0,1.0,0.5,0.6666666666666666,1.0,success,
2wikimultihopqa_8d2382e0085811ebbd5aac1f6bf848b6,mistral-small3.1:24b,retrieve_then_read,Retrieved Evidence,diagnostic_condition,evidence_narrowed_condition,True,2wikimultihopqa,comparison,entity,8000,scattered,low,unknown,Gwenc'Hlan Le Scouëzec,Gwenc'Hlan Le Scouëzec,p0001;p0002,p0001,True,1.0,1.0,1.0,1.0,1.0,1.0,1.0,0.5,0.6666666666666666,1.0,success,
2wikimultihopqa_8d2382e0085811ebbd5aac1f6bf848b6,mistral-small3.1:24b,oracle,Oracle Evidence,diagnostic_baseline,oracle_evidence_upper_reference,True,2wikimultihopqa,comparison,entity,8000,scattered,low,unknown,Gwenc'Hlan Le Scouëzec,Gwenc'hlan Le Scouëzec,p0001;p0002,p0001;p0002,True,1.0,1.0,1.0,1.0,1.0,1.0,1.0,1.0,1.0,1.0,success,
2wikimultihopqa_1a114c5e088f11ebbd71ac1f6bf848b6,mistral-small3.1:24b,no_evidence,No Evidence,diagnostic_baseline,question_only_lower_bound,True,2wikimultihopqa,comparison,entity,16000,front,medium,unknown,Bhoomiyude Avakashikal,Bhoomiyude Avakashikal,p0001;p0002;p0003;p0004,,True,1.0,1.0,1.0,1.0,1.0,1.0,0.0,0.0,0.0,0.0,success,
2wikimultihopqa_1a114c5e088f11ebbd71ac1f6bf848b6,mistral-small3.1:24b,direct,Full Context,diagnostic_condition,full_context_condition,True,2wikimultihopqa,comparison,entity,16000,front,medium,unknown,Bhoomiyude Avakashikal,The Majesty Of The Law,p0001;p0002;p0003;p0004,p0002;p0003,True,0.0,0.0,0.0,0.0,0.0,0.0,1.0,0.5,0.6666666666666666,1.0,evidence_integration_failure,
2wikimultihopqa_1a114c5e088f11ebbd71ac1f6bf848b6,mistral-small3.1:24b,retrieve_then_read,Retrieved Evidence,diagnostic_condition,evidence_narrowed_condition,True,2wikimultihopqa,comparison,entity,16000,front,medium,unknown,Bhoomiyude Avakashikal,The Majesty of the Law,p0001;p0002;p0003;p0004,p0001;p0002,True,0.0,0.0,0.0,0.0,0.0,0.0,1.0,0.5,0.6666666666666666,1.0,evidence_integration_failure,
2wikimultihopqa_1a114c5e088f11ebbd71ac1f6bf848b6,mistral-small3.1:24b,oracle,Oracle Evidence,diagnostic_baseline,oracle_evidence_upper_reference,True,2wikimultihopqa,comparison,entity,16000,front,medium,unknown,Bhoomiyude Avakashikal,Bhoomiyude Avakashikal,p0001;p0002;p0003;p0004,p0001;p0002;p0003,True,1.0,1.0,1.0,1.0,1.0,1.0,1.0,0.75,0.8571428571428571,1.0,success,
2wikimultihopqa_7a1d9d7c0bb011ebab90acde48001122,mistral-small3.1:24b,no_evidence,No Evidence,diagnostic_baseline,question_only_lower_bound,True,2wikimultihopqa,multi_hop,entity,4000,middle,low,unknown,Pompey,Octavian,p0001;p0002,,True,0.0,0.0,0.0,0.0,0.0,0.0,0.0,0.0,0.0,0.0,evidence_localization_failure,
2wikimultihopqa_7a1d9d7c0bb011ebab90acde48001122,mistral-small3.1:24b,direct,Full Context,diagnostic_condition,full_context_condition,True,2wikimultihopqa,multi_hop,entity,4000,middle,low,unknown,Pompey,Pompey the Great,p0001;p0002,p0001;p0002,True,0.0,0.6666666666666666,0.0,0.6666666666666666,0.0,0.6666666666666666,1.0,1.0,1.0,1.0,answer_conversion_failure,
2wikimultihopqa_7a1d9d7c0bb011ebab90acde48001122,mistral-small3.1:24b,retrieve_then_read,Retrieved Evidence,diagnostic_condition,evidence_narrowed_condition,True,2wikimultihopqa,multi_hop,entity,4000,middle,low,unknown,Pompey,Pompey the Great,p0001;p0002,p0001;p0002,True,0.0,0.6666666666666666,0.0,0.6666666666666666,0.0,0.6666666666666666,1.0,1.0,1.0,1.0,answer_conversion_failure,
2wikimultihopqa_7a1d9d7c0bb011ebab90acde48001122,mistral-small3.1:24b,oracle,Oracle Evidence,diagnostic_baseline,oracle_evidence_upper_reference,True,2wikimultihopqa,multi_hop,entity,4000,middle,low,unknown,Pompey,Pompey the Great,p0001;p0002,p0001;p0002,True,0.0,0.6666666666666666,0.0,0.6666666666666666,0.0,0.6666666666666666,1.0,1.0,1.0,1.0,answer_conversion_failure,
2wikimultihopqa_0bedb7e80bdc11eba7f7acde48001122,mistral-small3.1:24b,no_evidence,No Evidence,diagnostic_baseline,question_only_lower_bound,True,2wikimultihopqa,multi_hop,string,8000,end,low,unknown,tuberculosis,She died of influenza.,p0001;p0002,,True,0.0,0.0,0.0,0.0,0.0,0.0,0.0,0.0,0.0,0.0,evidence_localization_failure,
2wikimultihopqa_0bedb7e80bdc11eba7f7acde48001122,mistral-small3.1:24b,direct,Full Context,diagnostic_condition,full_context_condition,True,2wikimultihopqa,multi_hop,string,8000,end,low,unknown,tuberculosis,extrapulmonary tuberculosis,p0001;p0002,p0001;p0002,True,0.0,0.6666666666666666,0.0,0.6666666666666666,0.0,0.6666666666666666,1.0,1.0,1.0,1.0,answer_conversion_failure,
2wikimultihopqa_0bedb7e80bdc11eba7f7acde48001122,mistral-small3.1:24b,retrieve_then_read,Retrieved Evidence,diagnostic_condition,evidence_narrowed_condition,True,2wikimultihopqa,multi_hop,string,8000,end,low,unknown,tuberculosis,unknown,p0001;p0002,,True,0.0,0.0,0.0,0.0,0.0,0.0,0.0,0.0,0.0,0.0,evidence_localization_failure,
2wikimultihopqa_0bedb7e80bdc11eba7f7acde48001122,mistral-small3.1:24b,oracle,Oracle Evidence,diagnostic_baseline,oracle_evidence_upper_reference,True,2wikimultihopqa,multi_hop,string,8000,end,low,unknown,tuberculosis,extrapulmonary tuberculosis,p0001;p0002,p0002,True,0.0,0.6666666666666666,0.0,0.6666666666666666,0.0,0.6666666666666666,1.0,0.5,0.6666666666666666,1.0,evidence_integration_failure,
2wikimultihopqa_1869092c0bb011ebab90acde48001122,mistral-small3.1:24b,no_evidence,No Evidence,diagnostic_baseline,question_only_lower_bound,True,2wikimultihopqa,multi_hop,entity,16000,scattered,low,unknown,Rukn al-Dawla,Fakhr al-Dawla,p0001;p0002,,True,0.0,0.5,0.0,0.6666666666666666,0.0,0.5,0.0,0.0,0.0,0.0,evidence_localization_failure,
2wikimultihopqa_1869092c0bb011ebab90acde48001122,mistral-small3.1:24b,direct,Full Context,diagnostic_condition,full_context_condition,True,2wikimultihopqa,multi_hop,entity,16000,scattered,low,unknown,Rukn al-Dawla,Adud al-Dawla,p0001;p0002,p0001,True,0.0,0.5,0.0,0.6666666666666666,0.0,0.5,1.0,0.5,0.6666666666666666,1.0,evidence_integration_failure,
2wikimultihopqa_1869092c0bb011ebab90acde48001122,mistral-small3.1:24b,retrieve_then_read,Retrieved Evidence,diagnostic_condition,evidence_narrowed_condition,True,2wikimultihopqa,multi_hop,entity,16000,scattered,low,unknown,Rukn al-Dawla,Ziyar,p0001;p0002,,True,0.0,0.0,0.0,0.0,0.0,0.0,0.0,0.0,0.0,0.0,evidence_localization_failure,
2wikimultihopqa_1869092c0bb011ebab90acde48001122,mistral-small3.1:24b,oracle,Oracle Evidence,diagnostic_baseline,oracle_evidence_upper_reference,True,2wikimultihopqa,multi_hop,entity,16000,scattered,low,unknown,Rukn al-Dawla,Rukn al-Dawla,p0001;p0002,p0001;p0002,True,1.0,1.0,1.0,1.0,1.0,1.0,1.0,1.0,1.0,1.0,success,
2wikimultihopqa_9980b1ed089d11ebbd78ac1f6bf848b6,mistral-small3.1:24b,no_evidence,No Evidence,diagnostic_baseline,question_only_lower_bound,True,2wikimultihopqa,comparison,yes_no,4000,front,medium,unknown,yes,no,p0001;p0002;p0003;p0004,,True,0.0,0.0,0.0,0.0,0.0,0.0,0.0,0.0,0.0,0.0,evidence_localization_failure,
2wikimultihopqa_9980b1ed089d11ebbd78ac1f6bf848b6,mistral-small3.1:24b,direct,Full Context,diagnostic_condition,full_context_condition,True,2wikimultihopqa,comparison,yes_no,4000,front,medium,unknown,yes,no,p0001;p0002;p0003;p0004,p0001;p0003;p0006,True,0.0,0.0,0.0,0.0,0.0,0.0,0.6666666666666666,0.5,0.5714285714285715,1.0,evidence_integration_failure,
2wikimultihopqa_9980b1ed089d11ebbd78ac1f6bf848b6,mistral-small3.1:24b,retrieve_then_read,Retrieved Evidence,diagnostic_condition,evidence_narrowed_condition,True,2wikimultihopqa,comparison,yes_no,4000,front,medium,unknown,yes,no,p0001;p0002;p0003;p0004,,True,0.0,0.0,0.0,0.0,0.0,0.0,0.0,0.0,0.0,0.0,evidence_localization_failure,
2wikimultihopqa_9980b1ed089d11ebbd78ac1f6bf848b6,mistral-small3.1:24b,oracle,Oracle Evidence,diagnostic_baseline,oracle_evidence_upper_reference,True,2wikimultihopqa,comparison,yes_no,4000,front,medium,unknown,yes,yes,p0001;p0002;p0003;p0004,p0001;p0002;p0003,True,1.0,1.0,1.0,1.0,1.0,1.0,1.0,0.75,0.8571428571428571,1.0,success,
2wikimultihopqa_c19b72520bdb11eba7f7acde48001122,mistral-small3.1:24b,no_evidence,No Evidence,diagnostic_baseline,question_only_lower_bound,True,2wikimultihopqa,multi_hop,entity,8000,middle,low,unknown,Xi'an,unknown,p0001;p0002,,True,0.0,0.0,0.0,0.0,0.0,0.0,0.0,0.0,0.0,0.0,evidence_localization_failure,
2wikimultihopqa_c19b72520bdb11eba7f7acde48001122,mistral-small3.1:24b,direct,Full Context,diagnostic_condition,full_context_condition,True,2wikimultihopqa,multi_hop,entity,8000,middle,low,unknown,Xi'an,"Xi'an, Shaanxi",p0001;p0002,p0002,True,0.0,0.6666666666666666,0.0,0.6666666666666666,0.0,0.6666666666666666,1.0,0.5,0.6666666666666666,1.0,evidence_integration_failure,
2wikimultihopqa_c19b72520bdb11eba7f7acde48001122,mistral-small3.1:24b,retrieve_then_read,Retrieved Evidence,diagnostic_condition,evidence_narrowed_condition,True,2wikimultihopqa,multi_hop,entity,8000,middle,low,unknown,Xi'an,Breda,p0001;p0002,,True,0.0,0.0,0.0,0.0,0.0,0.0,0.0,0.0,0.0,0.0,evidence_localization_failure,
2wikimultihopqa_c19b72520bdb11eba7f7acde48001122,mistral-small3.1:24b,oracle,Oracle Evidence,diagnostic_baseline,oracle_evidence_upper_reference,True,2wikimultihopqa,multi_hop,entity,8000,middle,low,unknown,Xi'an,Xi'an,p0001;p0002,p0001;p0002,True,1.0,1.0,1.0,1.0,1.0,1.0,1.0,1.0,1.0,1.0,success,
2wikimultihopqa_3a84baaf088311ebbd6dac1f6bf848b6,mistral-small3.1:24b,no_evidence,No Evidence,diagnostic_baseline,question_only_lower_bound,True,2wikimultihopqa,comparison,entity,16000,end,low,unknown,Madame Pasca,Madame Pasca,p0001;p0002,,True,1.0,1.0,1.0,1.0,1.0,1.0,0.0,0.0,0.0,0.0,success,
2wikimultihopqa_3a84baaf088311ebbd6dac1f6bf848b6,mistral-small3.1:24b,direct,Full Context,diagnostic_condition,full_context_condition,True,2wikimultihopqa,comparison,entity,16000,end,low,unknown,Madame Pasca,Madame Pasca,p0001;p0002,p0001;p0002,True,1.0,1.0,1.0,1.0,1.0,1.0,1.0,1.0,1.0,1.0,success,
2wikimultihopqa_3a84baaf088311ebbd6dac1f6bf848b6,mistral-small3.1:24b,retrieve_then_read,Retrieved Evidence,diagnostic_condition,evidence_narrowed_condition,True,2wikimultihopqa,comparison,entity,16000,end,low,unknown,Madame Pasca,Alice Marie Angèle Pasquier,p0001;p0002,p0001,True,0.0,0.0,0.0,0.0,0.0,0.0,1.0,0.5,0.6666666666666666,1.0,evidence_integration_failure,
2wikimultihopqa_3a84baaf088311ebbd6dac1f6bf848b6,mistral-small3.1:24b,oracle,Oracle Evidence,diagnostic_baseline,oracle_evidence_upper_reference,True,2wikimultihopqa,comparison,entity,16000,end,low,unknown,Madame Pasca,Madame Pasca,p0001;p0002,p0001;p0002,True,1.0,1.0,1.0,1.0,1.0,1.0,1.0,1.0,1.0,1.0,success,
2wikimultihopqa_633132f008b711ebbd88ac1f6bf848b6,mistral-small3.1:24b,no_evidence,No Evidence,diagnostic_baseline,question_only_lower_bound,True,2wikimultihopqa,comparison,entity,4000,scattered,low,unknown,D'Arcy Coulson,D'Arcy Coulson,p0001;p0002,,True,1.0,1.0,1.0,1.0,1.0,1.0,0.0,0.0,0.0,0.0,success,
2wikimultihopqa_633132f008b711ebbd88ac1f6bf848b6,mistral-small3.1:24b,direct,Full Context,diagnostic_condition,full_context_condition,True,2wikimultihopqa,comparison,entity,4000,scattered,low,unknown,D'Arcy Coulson,Thomas William Adams,p0001;p0002,p0001;p0002,True,0.0,0.0,0.0,0.0,0.0,0.0,1.0,1.0,1.0,1.0,answer_conversion_failure,
2wikimultihopqa_633132f008b711ebbd88ac1f6bf848b6,mistral-small3.1:24b,retrieve_then_read,Retrieved Evidence,diagnostic_condition,evidence_narrowed_condition,True,2wikimultihopqa,comparison,entity,4000,scattered,low,unknown,D'Arcy Coulson,John D' Arcy Coulson,p0001;p0002,p0001,True,0.0,0.3333333333333333,0.0,0.8571428571428571,0.0,0.3333333333333333,1.0,0.5,0.6666666666666666,1.0,evidence_integration_failure,
2wikimultihopqa_633132f008b711ebbd88ac1f6bf848b6,mistral-small3.1:24b,oracle,Oracle Evidence,diagnostic_baseline,oracle_evidence_upper_reference,True,2wikimultihopqa,comparison,entity,4000,scattered,low,unknown,D'Arcy Coulson,D'Arcy Coulson,p0001;p0002,p0001;p0002,True,1.0,1.0,1.0,1.0,1.0,1.0,1.0,1.0,1.0,1.0,success,
2wikimultihopqa_9aee006a09c211ebbdb0ac1f6bf848b6,mistral-small3.1:24b,no_evidence,No Evidence,diagnostic_baseline,question_only_lower_bound,True,2wikimultihopqa,comparison,yes_no,8000,front,low,unknown,no,no,p0001;p0002,,True,1.0,1.0,1.0,1.0,1.0,1.0,0.0,0.0,0.0,0.0,success,
2wikimultihopqa_9aee006a09c211ebbdb0ac1f6bf848b6,mistral-small3.1:24b,direct,Full Context,diagnostic_condition,full_context_condition,True,2wikimultihopqa,comparison,yes_no,8000,front,low,unknown,no,no,p0001;p0002,p0001;p0002,True,1.0,1.0,1.0,1.0,1.0,1.0,1.0,1.0,1.0,1.0,success,
2wikimultihopqa_9aee006a09c211ebbdb0ac1f6bf848b6,mistral-small3.1:24b,retrieve_then_read,Retrieved Evidence,diagnostic_condition,evidence_narrowed_condition,True,2wikimultihopqa,comparison,yes_no,8000,front,low,unknown,no,yes,p0001;p0002,p0001,True,0.0,0.0,0.0,0.0,0.0,0.0,1.0,0.5,0.6666666666666666,1.0,evidence_integration_failure,
2wikimultihopqa_9aee006a09c211ebbdb0ac1f6bf848b6,mistral-small3.1:24b,oracle,Oracle Evidence,diagnostic_baseline,oracle_evidence_upper_reference,True,2wikimultihopqa,comparison,yes_no,8000,front,low,unknown,no,no,p0001;p0002,p0001;p0002,True,1.0,1.0,1.0,1.0,1.0,1.0,1.0,1.0,1.0,1.0,success,
2wikimultihopqa_b3110a5e0bda11eba7f7acde48001122,mistral-small3.1:24b,no_evidence,No Evidence,diagnostic_baseline,question_only_lower_bound,True,2wikimultihopqa,multi_hop,entity,16000,middle,low,unknown,German,Netherlands,p0001;p0002,,True,0.0,0.0,0.0,0.0,0.0,0.0,0.0,0.0,0.0,0.0,evidence_localization_failure,
2wikimultihopqa_b3110a5e0bda11eba7f7acde48001122,mistral-small3.1:24b,direct,Full Context,diagnostic_condition,full_context_condition,True,2wikimultihopqa,multi_hop,entity,16000,middle,low,unknown,German,Kingdom of Württemberg,p0001;p0002,p0002,True,0.0,0.0,0.0,0.0,0.0,0.0,1.0,0.5,0.6666666666666666,1.0,evidence_integration_failure,
2wikimultihopqa_b3110a5e0bda11eba7f7acde48001122,mistral-small3.1:24b,retrieve_then_read,Retrieved Evidence,diagnostic_condition,evidence_narrowed_condition,True,2wikimultihopqa,multi_hop,entity,16000,middle,low,unknown,German,Russia,p0001;p0002,,True,0.0,0.0,0.0,0.0,0.0,0.0,0.0,0.0,0.0,0.0,evidence_localization_failure,
2wikimultihopqa_b3110a5e0bda11eba7f7acde48001122,mistral-small3.1:24b,oracle,Oracle Evidence,diagnostic_baseline,oracle_evidence_upper_reference,True,2wikimultihopqa,multi_hop,entity,16000,middle,low,unknown,German,Kingdom of Württemberg,p0001;p0002,p0002,True,0.0,0.0,0.0,0.0,0.0,0.0,1.0,0.5,0.6666666666666666,1.0,evidence_integration_failure,
2wikimultihopqa_5b6b8c02089711ebbd77ac1f6bf848b6,mistral-small3.1:24b,no_evidence,No Evidence,diagnostic_baseline,question_only_lower_bound,True,2wikimultihopqa,comparison,entity,4000,end,medium,unknown,45 Fathers,45 Fathers,p0001;p0002;p0003;p0004,,True,1.0,1.0,1.0,1.0,1.0,1.0,0.0,0.0,0.0,0.0,success,
2wikimultihopqa_5b6b8c02089711ebbd77ac1f6bf848b6,mistral-small3.1:24b,direct,Full Context,diagnostic_condition,full_context_condition,True,2wikimultihopqa,comparison,entity,4000,end,medium,unknown,45 Fathers,45 Fathers,p0001;p0002;p0003;p0004,p0001;p0002;p0003,True,1.0,1.0,1.0,1.0,1.0,1.0,1.0,0.75,0.8571428571428571,1.0,success,
2wikimultihopqa_5b6b8c02089711ebbd77ac1f6bf848b6,mistral-small3.1:24b,retrieve_then_read,Retrieved Evidence,diagnostic_condition,evidence_narrowed_condition,True,2wikimultihopqa,comparison,entity,4000,end,medium,unknown,45 Fathers,The Intended,p0001;p0002;p0003;p0004,,True,0.0,0.0,0.0,0.0,0.0,0.0,0.0,0.0,0.0,0.0,evidence_localization_failure,
2wikimultihopqa_5b6b8c02089711ebbd77ac1f6bf848b6,mistral-small3.1:24b,oracle,Oracle Evidence,diagnostic_baseline,oracle_evidence_upper_reference,True,2wikimultihopqa,comparison,entity,4000,end,medium,unknown,45 Fathers,45 Fathers,p0001;p0002;p0003;p0004,p0001;p0002;p0003,True,1.0,1.0,1.0,1.0,1.0,1.0,1.0,0.75,0.8571428571428571,1.0,success,
2wikimultihopqa_3705552a0bb011ebab90acde48001122,mistral-small3.1:24b,no_evidence,No Evidence,diagnostic_baseline,question_only_lower_bound,True,2wikimultihopqa,multi_hop,entity,8000,scattered,low,unknown,Louis-Alexandre Berthier,Jean-Baptiste Berthier,p0001;p0002,,True,0.0,0.5,0.0,0.3333333333333333,0.0,0.5,0.0,0.0,0.0,0.0,evidence_localization_failure,
2wikimultihopqa_3705552a0bb011ebab90acde48001122,mistral-small3.1:24b,direct,Full Context,diagnostic_condition,full_context_condition,True,2wikimultihopqa,multi_hop,entity,8000,scattered,low,unknown,Louis-Alexandre Berthier,Louis-Alexandre Berthier,p0001;p0002,p0001,True,1.0,1.0,1.0,1.0,1.0,1.0,1.0,0.5,0.6666666666666666,1.0,success,
2wikimultihopqa_3705552a0bb011ebab90acde48001122,mistral-small3.1:24b,retrieve_then_read,Retrieved Evidence,diagnostic_condition,evidence_narrowed_condition,True,2wikimultihopqa,multi_hop,entity,8000,scattered,low,unknown,Louis-Alexandre Berthier,Louis-Alexandre Berthier,p0001;p0002,,True,1.0,1.0,1.0,1.0,1.0,1.0,0.0,0.0,0.0,0.0,success,
2wikimultihopqa_3705552a0bb011ebab90acde48001122,mistral-small3.1:24b,oracle,Oracle Evidence,diagnostic_baseline,oracle_evidence_upper_reference,True,2wikimultihopqa,multi_hop,entity,8000,scattered,low,unknown,Louis-Alexandre Berthier,Louis Alexandre Berthier,p0001;p0002,p0001,True,0.0,0.4,1.0,1.0,0.0,0.4,1.0,0.5,0.6666666666666666,1.0,evidence_integration_failure,
2wikimultihopqa_07e964920bde11eba7f7acde48001122,mistral-small3.1:24b,no_evidence,No Evidence,diagnostic_baseline,question_only_lower_bound,True,2wikimultihopqa,multi_hop,entity,16000,front,low,unknown,Pavia,Milan,p0001;p0002,,True,0.0,0.0,0.0,0.0,0.0,0.0,0.0,0.0,0.0,0.0,evidence_localization_failure,
2wikimultihopqa_07e964920bde11eba7f7acde48001122,mistral-small3.1:24b,direct,Full Context,diagnostic_condition,full_context_condition,True,2wikimultihopqa,multi_hop,entity,16000,front,low,unknown,Pavia,Forlì,p0001;p0002,p0001;p0009,True,0.0,0.0,0.0,0.0,0.0,0.0,0.5,0.5,0.5,1.0,evidence_integration_failure,
2wikimultihopqa_07e964920bde11eba7f7acde48001122,mistral-small3.1:24b,retrieve_then_read,Retrieved Evidence,diagnostic_condition,evidence_narrowed_condition,True,2wikimultihopqa,multi_hop,entity,16000,front,low,unknown,Pavia,Forlì,p0001;p0002,,True,0.0,0.0,0.0,0.0,0.0,0.0,0.0,0.0,0.0,0.0,evidence_localization_failure,
2wikimultihopqa_07e964920bde11eba7f7acde48001122,mistral-small3.1:24b,oracle,Oracle Evidence,diagnostic_baseline,oracle_evidence_upper_reference,True,2wikimultihopqa,multi_hop,entity,16000,front,low,unknown,Pavia,Pavia,p0001;p0002,p0002,True,1.0,1.0,1.0,1.0,1.0,1.0,1.0,0.5,0.6666666666666666,1.0,success,
2wikimultihopqa_f7c4fdf2087611ebbd67ac1f6bf848b6,mistral-small3.1:24b,no_evidence,No Evidence,diagnostic_baseline,question_only_lower_bound,True,2wikimultihopqa,comparison,string,4000,middle,medium,unknown,A Quiet Place In The Country,When Were You Born,p0001;p0002;p0003;p0004,,True,0.0,0.0,0.0,0.0,0.0,0.0,0.0,0.0,0.0,0.0,evidence_localization_failure,
2wikimultihopqa_f7c4fdf2087611ebbd67ac1f6bf848b6,mistral-small3.1:24b,direct,Full Context,diagnostic_condition,full_context_condition,True,2wikimultihopqa,comparison,string,4000,middle,medium,unknown,A Quiet Place In The Country,When Were You Born,p0001;p0002;p0003;p0004,p0001;p0004,True,0.0,0.0,0.0,0.0,0.0,0.0,1.0,0.5,0.6666666666666666,1.0,evidence_integration_failure,
2wikimultihopqa_f7c4fdf2087611ebbd67ac1f6bf848b6,mistral-small3.1:24b,retrieve_then_read,Retrieved Evidence,diagnostic_condition,evidence_narrowed_condition,True,2wikimultihopqa,comparison,string,4000,middle,medium,unknown,A Quiet Place In The Country,When Were You Born,p0001;p0002;p0003;p0004,p0001,True,0.0,0.0,0.0,0.0,0.0,0.0,1.0,0.25,0.4,1.0,evidence_integration_failure,
2wikimultihopqa_f7c4fdf2087611ebbd67ac1f6bf848b6,mistral-small3.1:24b,oracle,Oracle Evidence,diagnostic_baseline,oracle_evidence_upper_reference,True,2wikimultihopqa,comparison,string,4000,middle,medium,unknown,A Quiet Place In The Country,A Quiet Place in the Country,p0001;p0002;p0003;p0004,p0001;p0003;p0004,True,1.0,1.0,1.0,1.0,1.0,1.0,1.0,0.75,0.8571428571428571,1.0,success,
2wikimultihopqa_db19bf4c086e11ebbd62ac1f6bf848b6,mistral-small3.1:24b,no_evidence,No Evidence,diagnostic_baseline,question_only_lower_bound,True,2wikimultihopqa,comparison,entity,8000,end,low,unknown,John Beach,John Beach,p0001;p0002,,True,1.0,1.0,1.0,1.0,1.0,1.0,0.0,0.0,0.0,0.0,success,
2wikimultihopqa_db19bf4c086e11ebbd62ac1f6bf848b6,mistral-small3.1:24b,direct,Full Context,diagnostic_condition,full_context_condition,True,2wikimultihopqa,comparison,entity,8000,end,low,unknown,John Beach,John Beach,p0001;p0002,p0001;p0002,True,1.0,1.0,1.0,1.0,1.0,1.0,1.0,1.0,1.0,1.0,success,
2wikimultihopqa_db19bf4c086e11ebbd62ac1f6bf848b6,mistral-small3.1:24b,retrieve_then_read,Retrieved Evidence,diagnostic_condition,evidence_narrowed_condition,True,2wikimultihopqa,comparison,entity,8000,end,low,unknown,John Beach,John Beach,p0001;p0002,p0001;p0002,True,1.0,1.0,1.0,1.0,1.0,1.0,1.0,1.0,1.0,1.0,success,
2wikimultihopqa_db19bf4c086e11ebbd62ac1f6bf848b6,mistral-small3.1:24b,oracle,Oracle Evidence,diagnostic_baseline,oracle_evidence_upper_reference,True,2wikimultihopqa,comparison,entity,8000,end,low,unknown,John Beach,John Beach,p0001;p0002,p0001;p0002,True,1.0,1.0,1.0,1.0,1.0,1.0,1.0,1.0,1.0,1.0,success,
2wikimultihopqa_9e6d7bdc08a111ebbd79ac1f6bf848b6,mistral-small3.1:24b,no_evidence,No Evidence,diagnostic_baseline,question_only_lower_bound,True,2wikimultihopqa,comparison,entity,16000,scattered,medium,unknown,Charlie Chan In Honolulu,The House By The Cemetery,p0001;p0002;p0003;p0004,,True,0.0,0.0,0.0,0.0,0.0,0.0,0.0,0.0,0.0,0.0,evidence_localization_failure,
2wikimultihopqa_9e6d7bdc08a111ebbd79ac1f6bf848b6,mistral-small3.1:24b,direct,Full Context,diagnostic_condition,full_context_condition,True,2wikimultihopqa,comparison,entity,16000,scattered,medium,unknown,Charlie Chan In Honolulu,The House By The Cemetery,p0001;p0002;p0003;p0004,p0001;p0003,True,0.0,0.0,0.0,0.0,0.0,0.0,1.0,0.5,0.6666666666666666,1.0,evidence_integration_failure,
2wikimultihopqa_9e6d7bdc08a111ebbd79ac1f6bf848b6,mistral-small3.1:24b,retrieve_then_read,Retrieved Evidence,diagnostic_condition,evidence_narrowed_condition,True,2wikimultihopqa,comparison,entity,16000,scattered,medium,unknown,Charlie Chan In Honolulu,The House By The Cemetery,p0001;p0002;p0003;p0004,p0001,True,0.0,0.0,0.0,0.0,0.0,0.0,1.0,0.25,0.4,1.0,evidence_integration_failure,
2wikimultihopqa_9e6d7bdc08a111ebbd79ac1f6bf848b6,mistral-small3.1:24b,oracle,Oracle Evidence,diagnostic_baseline,oracle_evidence_upper_reference,True,2wikimultihopqa,comparison,entity,16000,scattered,medium,unknown,Charlie Chan In Honolulu,Charlie Chan in Honolulu,p0001;p0002;p0003;p0004,p0001;p0002;p0003,True,1.0,1.0,1.0,1.0,1.0,1.0,1.0,0.75,0.8571428571428571,1.0,success,
2wikimultihopqa_c3c94d0a0bdc11eba7f7acde48001122,mistral-small3.1:24b,no_evidence,No Evidence,diagnostic_baseline,question_only_lower_bound,True,2wikimultihopqa,multi_hop,entity,4000,front,low,unknown,Víctor Bó,unknown,p0001;p0002,,True,0.0,0.0,0.0,0.0,0.0,0.0,0.0,0.0,0.0,0.0,evidence_localization_failure,
2wikimultihopqa_c3c94d0a0bdc11eba7f7acde48001122,mistral-small3.1:24b,direct,Full Context,diagnostic_condition,full_context_condition,True,2wikimultihopqa,multi_hop,entity,4000,front,low,unknown,Víctor Bó,Víctor Bó,p0001;p0002,p0001,True,1.0,1.0,1.0,1.0,1.0,1.0,1.0,0.5,0.6666666666666666,1.0,success,
2wikimultihopqa_c3c94d0a0bdc11eba7f7acde48001122,mistral-small3.1:24b,retrieve_then_read,Retrieved Evidence,diagnostic_condition,evidence_narrowed_condition,True,2wikimultihopqa,multi_hop,entity,4000,front,low,unknown,Víctor Bó,Víctor Bó,p0001;p0002,p0001,True,1.0,1.0,1.0,1.0,1.0,1.0,1.0,0.5,0.6666666666666666,1.0,success,
2wikimultihopqa_c3c94d0a0bdc11eba7f7acde48001122,mistral-small3.1:24b,oracle,Oracle Evidence,diagnostic_baseline,oracle_evidence_upper_reference,True,2wikimultihopqa,multi_hop,entity,4000,front,low,unknown,Víctor Bó,Víctor Bó,p0001;p0002,p0001;p0002,True,1.0,1.0,1.0,1.0,1.0,1.0,1.0,1.0,1.0,1.0,success,
2wikimultihopqa_96fb4aee0baf11ebab90acde48001122,mistral-small3.1:24b,no_evidence,No Evidence,diagnostic_baseline,question_only_lower_bound,True,2wikimultihopqa,multi_hop,entity,8000,middle,low,unknown,Urraca of Castile,Beatrice of Swabia,p0001;p0002,,True,0.0,0.3333333333333333,0.0,0.3333333333333333,0.0,0.3333333333333333,0.0,0.0,0.0,0.0,evidence_localization_failure,
2wikimultihopqa_96fb4aee0baf11ebab90acde48001122,mistral-small3.1:24b,direct,Full Context,diagnostic_condition,full_context_condition,True,2wikimultihopqa,multi_hop,entity,8000,middle,low,unknown,Urraca of Castile,Urraca of Castile,p0001;p0002,p0002,True,1.0,1.0,1.0,1.0,1.0,1.0,1.0,0.5,0.6666666666666666,1.0,success,
2wikimultihopqa_96fb4aee0baf11ebab90acde48001122,mistral-small3.1:24b,retrieve_then_read,Retrieved Evidence,diagnostic_condition,evidence_narrowed_condition,True,2wikimultihopqa,multi_hop,entity,8000,middle,low,unknown,Urraca of Castile,Urraca of Castile,p0001;p0002,p0001;p0002,True,1.0,1.0,1.0,1.0,1.0,1.0,1.0,1.0,1.0,1.0,success,
2wikimultihopqa_96fb4aee0baf11ebab90acde48001122,mistral-small3.1:24b,oracle,Oracle Evidence,diagnostic_baseline,oracle_evidence_upper_reference,True,2wikimultihopqa,multi_hop,entity,8000,middle,low,unknown,Urraca of Castile,Urraca of Castile,p0001;p0002,p0001;p0002,True,1.0,1.0,1.0,1.0,1.0,1.0,1.0,1.0,1.0,1.0,success,
2wikimultihopqa_e618b2c608c911ebbd92ac1f6bf848b6,mistral-small3.1:24b,no_evidence,No Evidence,diagnostic_baseline,question_only_lower_bound,True,2wikimultihopqa,comparison,entity,16000,end,low,unknown,Giuseppe Cesari,Nicos Poulantzas,p0001;p0002,,True,0.0,0.0,0.0,0.0,0.0,0.0,0.0,0.0,0.0,0.0,evidence_localization_failure,
2wikimultihopqa_e618b2c608c911ebbd92ac1f6bf848b6,mistral-small3.1:24b,direct,Full Context,diagnostic_condition,full_context_condition,True,2wikimultihopqa,comparison,entity,16000,end,low,unknown,Giuseppe Cesari,Giuseppe Cesari,p0001;p0002,p0001,True,1.0,1.0,1.0,1.0,1.0,1.0,1.0,0.5,0.6666666666666666,1.0,success,
2wikimultihopqa_e618b2c608c911ebbd92ac1f6bf848b6,mistral-small3.1:24b,retrieve_then_read,Retrieved Evidence,diagnostic_condition,evidence_narrowed_condition,True,2wikimultihopqa,comparison,entity,16000,end,low,unknown,Giuseppe Cesari,Nicos Poulantzas,p0001;p0002,,True,0.0,0.0,0.0,0.0,0.0,0.0,0.0,0.0,0.0,0.0,evidence_localization_failure,
2wikimultihopqa_e618b2c608c911ebbd92ac1f6bf848b6,mistral-small3.1:24b,oracle,Oracle Evidence,diagnostic_baseline,oracle_evidence_upper_reference,True,2wikimultihopqa,comparison,entity,16000,end,low,unknown,Giuseppe Cesari,Giuseppe Cesari,p0001;p0002,p0001;p0002,True,1.0,1.0,1.0,1.0,1.0,1.0,1.0,1.0,1.0,1.0,success,
2wikimultihopqa_d71f453b085811ebbd5bac1f6bf848b6,mistral-small3.1:24b,no_evidence,No Evidence,diagnostic_baseline,question_only_lower_bound,True,2wikimultihopqa,comparison,yes_no,4000,scattered,medium,unknown,yes,no,p0001;p0002;p0003;p0004,,True,0.0,0.0,0.0,0.0,0.0,0.0,0.0,0.0,0.0,0.0,evidence_localization_failure,
2wikimultihopqa_d71f453b085811ebbd5bac1f6bf848b6,mistral-small3.1:24b,direct,Full Context,diagnostic_condition,full_context_condition,True,2wikimultihopqa,comparison,yes_no,4000,scattered,medium,unknown,yes,no,p0001;p0002;p0003;p0004,p0001;p0002,True,0.0,0.0,0.0,0.0,0.0,0.0,1.0,0.5,0.6666666666666666,1.0,evidence_integration_failure,
2wikimultihopqa_d71f453b085811ebbd5bac1f6bf848b6,mistral-small3.1:24b,retrieve_then_read,Retrieved Evidence,diagnostic_condition,evidence_narrowed_condition,True,2wikimultihopqa,comparison,yes_no,4000,scattered,medium,unknown,yes,no,p0001;p0002;p0003;p0004,p0001;p0002,True,0.0,0.0,0.0,0.0,0.0,0.0,1.0,0.5,0.6666666666666666,1.0,evidence_integration_failure,
2wikimultihopqa_d71f453b085811ebbd5bac1f6bf848b6,mistral-small3.1:24b,oracle,Oracle Evidence,diagnostic_baseline,oracle_evidence_upper_reference,True,2wikimultihopqa,comparison,yes_no,4000,scattered,medium,unknown,yes,no,p0001;p0002;p0003;p0004,p0001;p0002,True,0.0,0.0,0.0,0.0,0.0,0.0,1.0,0.5,0.6666666666666666,1.0,evidence_integration_failure,
2wikimultihopqa_f7eb7e31088c11ebbd70ac1f6bf848b6,mistral-small3.1:24b,no_evidence,No Evidence,diagnostic_baseline,question_only_lower_bound,True,2wikimultihopqa,comparison,entity,8000,front,low,unknown,Aryeh Ben-Eliezer,Aryeh Ben-Eliezer,p0001;p0002,,True,1.0,1.0,1.0,1.0,1.0,1.0,0.0,0.0,0.0,0.0,success,
2wikimultihopqa_f7eb7e31088c11ebbd70ac1f6bf848b6,mistral-small3.1:24b,direct,Full Context,diagnostic_condition,full_context_condition,True,2wikimultihopqa,comparison,entity,8000,front,low,unknown,Aryeh Ben-Eliezer,Aryeh Ben-Eliezer,p0001;p0002,p0001,True,1.0,1.0,1.0,1.0,1.0,1.0,1.0,0.5,0.6666666666666666,1.0,success,
2wikimultihopqa_f7eb7e31088c11ebbd70ac1f6bf848b6,mistral-small3.1:24b,retrieve_then_read,Retrieved Evidence,diagnostic_condition,evidence_narrowed_condition,True,2wikimultihopqa,comparison,entity,8000,front,low,unknown,Aryeh Ben-Eliezer,Aryeh Ben-Eliezer,p0001;p0002,,True,1.0,1.0,1.0,1.0,1.0,1.0,0.0,0.0,0.0,0.0,success,
2wikimultihopqa_f7eb7e31088c11ebbd70ac1f6bf848b6,mistral-small3.1:24b,oracle,Oracle Evidence,diagnostic_baseline,oracle_evidence_upper_reference,True,2wikimultihopqa,comparison,entity,8000,front,low,unknown,Aryeh Ben-Eliezer,Aryeh Ben-Eliezer,p0001;p0002,p0001;p0002,True,1.0,1.0,1.0,1.0,1.0,1.0,1.0,1.0,1.0,1.0,success,
2wikimultihopqa_e41c14820bd911eba7f7acde48001122,mistral-small3.1:24b,no_evidence,No Evidence,diagnostic_baseline,question_only_lower_bound,True,2wikimultihopqa,multi_hop,entity,16000,middle,low,unknown,Cahiers du cinéma,unknown,p0001;p0002,,True,0.0,0.0,0.0,0.0,0.0,0.0,0.0,0.0,0.0,0.0,evidence_localization_failure,
2wikimultihopqa_e41c14820bd911eba7f7acde48001122,mistral-small3.1:24b,direct,Full Context,diagnostic_condition,full_context_condition,True,2wikimultihopqa,multi_hop,entity,16000,middle,low,unknown,Cahiers du cinéma,Les Cahiers du Cinéma,p0001;p0002,p0002,True,0.0,0.8571428571428571,0.0,0.8571428571428571,0.0,0.8571428571428571,1.0,0.5,0.6666666666666666,1.0,evidence_integration_failure,
2wikimultihopqa_e41c14820bd911eba7f7acde48001122,mistral-small3.1:24b,retrieve_then_read,Retrieved Evidence,diagnostic_condition,evidence_narrowed_condition,True,2wikimultihopqa,multi_hop,entity,16000,middle,low,unknown,Cahiers du cinéma,Les Cahiers du Cinéma,p0001;p0002,p0001;p0002,True,0.0,0.8571428571428571,0.0,0.8571428571428571,0.0,0.8571428571428571,1.0,1.0,1.0,1.0,answer_conversion_failure,
2wikimultihopqa_e41c14820bd911eba7f7acde48001122,mistral-small3.1:24b,oracle,Oracle Evidence,diagnostic_baseline,oracle_evidence_upper_reference,True,2wikimultihopqa,multi_hop,entity,16000,middle,low,unknown,Cahiers du cinéma,Paris,p0001;p0002,p0001;p0002,True,0.0,0.0,0.0,0.0,0.0,0.0,1.0,1.0,1.0,1.0,answer_conversion_failure,
2wikimultihopqa_27e835ee0bb011ebab90acde48001122,mistral-small3.1:24b,no_evidence,No Evidence,diagnostic_baseline,question_only_lower_bound,True,2wikimultihopqa,multi_hop,entity,4000,end,low,unknown,"Sir Arthur Gore, 2nd Baronet","Arthur Gore, 1st Earl of Arran",p0001;p0002,,True,0.0,0.3636363636363636,0.0,0.3636363636363636,0.0,0.3636363636363636,0.0,0.0,0.0,0.0,evidence_localization_failure,
2wikimultihopqa_27e835ee0bb011ebab90acde48001122,mistral-small3.1:24b,direct,Full Context,diagnostic_condition,full_context_condition,True,2wikimultihopqa,multi_hop,entity,4000,end,low,unknown,"Sir Arthur Gore, 2nd Baronet","Arthur Gore, 1st Earl of Arran",p0001;p0002,p0001,True,0.0,0.3636363636363636,0.0,0.3636363636363636,0.0,0.3636363636363636,1.0,0.5,0.6666666666666666,1.0,evidence_integration_failure,
2wikimultihopqa_27e835ee0bb011ebab90acde48001122,mistral-small3.1:24b,retrieve_then_read,Retrieved Evidence,diagnostic_condition,evidence_narrowed_condition,True,2wikimultihopqa,multi_hop,entity,4000,end,low,unknown,"Sir Arthur Gore, 2nd Baronet",Paul Gore,p0001;p0002,,True,0.0,0.28571428571428575,0.0,0.28571428571428575,0.0,0.28571428571428575,0.0,0.0,0.0,0.0,evidence_localization_failure,
2wikimultihopqa_27e835ee0bb011ebab90acde48001122,mistral-small3.1:24b,oracle,Oracle Evidence,diagnostic_baseline,oracle_evidence_upper_reference,True,2wikimultihopqa,multi_hop,entity,4000,end,low,unknown,"Sir Arthur Gore, 2nd Baronet","Sir Arthur Gore, 2nd Baronet",p0001;p0002,p0001;p0002,True,1.0,1.0,1.0,1.0,1.0,1.0,1.0,1.0,1.0,1.0,success,
2wikimultihopqa_3f635554096511ebbdafac1f6bf848b6,mistral-small3.1:24b,no_evidence,No Evidence,diagnostic_baseline,question_only_lower_bound,True,2wikimultihopqa,comparison,yes_no,8000,scattered,low,unknown,yes,no,p0001;p0002,,True,0.0,0.0,0.0,0.0,0.0,0.0,0.0,0.0,0.0,0.0,evidence_localization_failure,
2wikimultihopqa_3f635554096511ebbdafac1f6bf848b6,mistral-small3.1:24b,direct,Full Context,diagnostic_condition,full_context_condition,True,2wikimultihopqa,comparison,yes_no,8000,scattered,low,unknown,yes,no,p0001;p0002,p0001;p0002,True,0.0,0.0,0.0,0.0,0.0,0.0,1.0,1.0,1.0,1.0,answer_conversion_failure,
2wikimultihopqa_3f635554096511ebbdafac1f6bf848b6,mistral-small3.1:24b,retrieve_then_read,Retrieved Evidence,diagnostic_condition,evidence_narrowed_condition,True,2wikimultihopqa,comparison,yes_no,8000,scattered,low,unknown,yes,no,p0001;p0002,p0002,True,0.0,0.0,0.0,0.0,0.0,0.0,1.0,0.5,0.6666666666666666,1.0,evidence_integration_failure,
2wikimultihopqa_3f635554096511ebbdafac1f6bf848b6,mistral-small3.1:24b,oracle,Oracle Evidence,diagnostic_baseline,oracle_evidence_upper_reference,True,2wikimultihopqa,comparison,yes_no,8000,scattered,low,unknown,yes,Kaufland,p0001;p0002,p0001;p0002,True,0.0,0.0,0.0,0.0,0.0,0.0,1.0,1.0,1.0,1.0,answer_conversion_failure,
2wikimultihopqa_b69ad95c08ad11ebbd83ac1f6bf848b6,mistral-small3.1:24b,no_evidence,No Evidence,diagnostic_baseline,question_only_lower_bound,True,2wikimultihopqa,comparison,entity,16000,front,low,unknown,Heroes Of The Street,Aanaval Mothiram,p0001;p0002,,True,0.0,0.0,0.0,0.0,0.0,0.0,0.0,0.0,0.0,0.0,evidence_localization_failure,
2wikimultihopqa_b69ad95c08ad11ebbd83ac1f6bf848b6,mistral-small3.1:24b,direct,Full Context,diagnostic_condition,full_context_condition,True,2wikimultihopqa,comparison,entity,16000,front,low,unknown,Heroes Of The Street,Heroes Of The Street,p0001;p0002,p0002,True,1.0,1.0,1.0,1.0,1.0,1.0,1.0,0.5,0.6666666666666666,1.0,success,
2wikimultihopqa_b69ad95c08ad11ebbd83ac1f6bf848b6,mistral-small3.1:24b,retrieve_then_read,Retrieved Evidence,diagnostic_condition,evidence_narrowed_condition,True,2wikimultihopqa,comparison,entity,16000,front,low,unknown,Heroes Of The Street,Aanaval Mothiram,p0001;p0002,,True,0.0,0.0,0.0,0.0,0.0,0.0,0.0,0.0,0.0,0.0,evidence_localization_failure,
2wikimultihopqa_b69ad95c08ad11ebbd83ac1f6bf848b6,mistral-small3.1:24b,oracle,Oracle Evidence,diagnostic_baseline,oracle_evidence_upper_reference,True,2wikimultihopqa,comparison,entity,16000,front,low,unknown,Heroes Of The Street,Heroes of the Street,p0001;p0002,p0001;p0002,True,1.0,1.0,1.0,1.0,1.0,1.0,1.0,1.0,1.0,1.0,success,
2wikimultihopqa_931a85420bdd11eba7f7acde48001122,mistral-small3.1:24b,no_evidence,No Evidence,diagnostic_baseline,question_only_lower_bound,True,2wikimultihopqa,multi_hop,entity,4000,middle,low,unknown,London,unknown,p0001;p0002,,True,0.0,0.0,0.0,0.0,0.0,0.0,0.0,0.0,0.0,0.0,evidence_localization_failure,
2wikimultihopqa_931a85420bdd11eba7f7acde48001122,mistral-small3.1:24b,direct,Full Context,diagnostic_condition,full_context_condition,True,2wikimultihopqa,multi_hop,entity,4000,middle,low,unknown,London,"Grosvenor Square, London",p0001;p0002,p0001,True,0.0,0.5,0.0,0.5,0.0,0.5,1.0,0.5,0.6666666666666666,1.0,evidence_integration_failure,
2wikimultihopqa_931a85420bdd11eba7f7acde48001122,mistral-small3.1:24b,retrieve_then_read,Retrieved Evidence,diagnostic_condition,evidence_narrowed_condition,True,2wikimultihopqa,multi_hop,entity,4000,middle,low,unknown,London,"Grosvenor Square, London",p0001;p0002,p0001,True,0.0,0.5,0.0,0.5,0.0,0.5,1.0,0.5,0.6666666666666666,1.0,evidence_integration_failure,
2wikimultihopqa_931a85420bdd11eba7f7acde48001122,mistral-small3.1:24b,oracle,Oracle Evidence,diagnostic_baseline,oracle_evidence_upper_reference,True,2wikimultihopqa,multi_hop,entity,4000,middle,low,unknown,London,"Grosvenor Square, London",p0001;p0002,p0001;p0002,True,0.0,0.5,0.0,0.5,0.0,0.5,1.0,1.0,1.0,1.0,answer_conversion_failure,
2wikimultihopqa_0bbded440bda11eba7f7acde48001122,mistral-small3.1:24b,no_evidence,No Evidence,diagnostic_baseline,question_only_lower_bound,True,2wikimultihopqa,multi_hop,entity,8000,end,low,unknown,Pakistan,India,p0001;p0002,,True,0.0,0.0,0.0,0.0,0.0,0.0,0.0,0.0,0.0,0.0,evidence_localization_failure,
2wikimultihopqa_0bbded440bda11eba7f7acde48001122,mistral-small3.1:24b,direct,Full Context,diagnostic_condition,full_context_condition,True,2wikimultihopqa,multi_hop,entity,8000,end,low,unknown,Pakistan,Pakistani Australian,p0001;p0002,p0001;p0002,True,0.0,0.0,0.0,0.0,0.0,0.0,1.0,1.0,1.0,1.0,answer_conversion_failure,
2wikimultihopqa_0bbded440bda11eba7f7acde48001122,mistral-small3.1:24b,retrieve_then_read,Retrieved Evidence,diagnostic_condition,evidence_narrowed_condition,True,2wikimultihopqa,multi_hop,entity,8000,end,low,unknown,Pakistan,Israel,p0001;p0002,,True,0.0,0.0,0.0,0.0,0.0,0.0,0.0,0.0,0.0,0.0,evidence_localization_failure,
2wikimultihopqa_0bbded440bda11eba7f7acde48001122,mistral-small3.1:24b,oracle,Oracle Evidence,diagnostic_baseline,oracle_evidence_upper_reference,True,2wikimultihopqa,multi_hop,entity,8000,end,low,unknown,Pakistan,Pakistan,p0001;p0002,p0001;p0002,True,1.0,1.0,1.0,1.0,1.0,1.0,1.0,1.0,1.0,1.0,success,
2wikimultihopqa_258867240bdd11eba7f7acde48001122,mistral-small3.1:24b,no_evidence,No Evidence,diagnostic_baseline,question_only_lower_bound,True,2wikimultihopqa,multi_hop,entity,16000,scattered,low,unknown,"Winnipeg, Manitoba",unknown,p0001;p0002,,True,0.0,0.0,0.0,0.0,0.0,0.0,0.0,0.0,0.0,0.0,evidence_localization_failure,
2wikimultihopqa_258867240bdd11eba7f7acde48001122,mistral-small3.1:24b,direct,Full Context,diagnostic_condition,full_context_condition,True,2wikimultihopqa,multi_hop,entity,16000,scattered,low,unknown,"Winnipeg, Manitoba","Berlin, Germany",p0001;p0002,p0008,True,0.0,0.0,0.0,0.0,0.0,0.0,0.0,0.0,0.0,0.0,evidence_selection_failure,
2wikimultihopqa_258867240bdd11eba7f7acde48001122,mistral-small3.1:24b,retrieve_then_read,Retrieved Evidence,diagnostic_condition,evidence_narrowed_condition,True,2wikimultihopqa,multi_hop,entity,16000,scattered,low,unknown,"Winnipeg, Manitoba","Berlin, Germany",p0001;p0002,,True,0.0,0.0,0.0,0.0,0.0,0.0,0.0,0.0,0.0,0.0,evidence_localization_failure,
2wikimultihopqa_258867240bdd11eba7f7acde48001122,mistral-small3.1:24b,oracle,Oracle Evidence,diagnostic_baseline,oracle_evidence_upper_reference,True,2wikimultihopqa,multi_hop,entity,16000,scattered,low,unknown,"Winnipeg, Manitoba","Winnipeg, Manitoba",p0001;p0002,p0001;p0002,True,1.0,1.0,1.0,1.0,1.0,1.0,1.0,1.0,1.0,1.0,success,
2wikimultihopqa_3cbd107e0bde11eba7f7acde48001122,mistral-small3.1:24b,no_evidence,No Evidence,diagnostic_baseline,question_only_lower_bound,True,2wikimultihopqa,multi_hop,entity,4000,front,low,unknown,Fukuoka,unknown,p0001;p0002,,True,0.0,0.0,0.0,0.0,0.0,0.0,0.0,0.0,0.0,0.0,evidence_localization_failure,
2wikimultihopqa_3cbd107e0bde11eba7f7acde48001122,mistral-small3.1:24b,direct,Full Context,diagnostic_condition,full_context_condition,True,2wikimultihopqa,multi_hop,entity,4000,front,low,unknown,Fukuoka,"Columbus, Ohio",p0001;p0002,p0006,True,0.0,0.0,0.0,0.0,0.0,0.0,0.0,0.0,0.0,0.0,evidence_selection_failure,
2wikimultihopqa_3cbd107e0bde11eba7f7acde48001122,mistral-small3.1:24b,retrieve_then_read,Retrieved Evidence,diagnostic_condition,evidence_narrowed_condition,True,2wikimultihopqa,multi_hop,entity,4000,front,low,unknown,Fukuoka,"Columbus, Ohio",p0001;p0002,,True,0.0,0.0,0.0,0.0,0.0,0.0,0.0,0.0,0.0,0.0,evidence_localization_failure,
2wikimultihopqa_3cbd107e0bde11eba7f7acde48001122,mistral-small3.1:24b,oracle,Oracle Evidence,diagnostic_baseline,oracle_evidence_upper_reference,True,2wikimultihopqa,multi_hop,entity,4000,front,low,unknown,Fukuoka,Fukuoka,p0001;p0002,p0001;p0002,True,1.0,1.0,1.0,1.0,1.0,1.0,1.0,1.0,1.0,1.0,success,
2wikimultihopqa_5e8240ea0bdd11eba7f7acde48001122,mistral-small3.1:24b,no_evidence,No Evidence,diagnostic_baseline,question_only_lower_bound,True,2wikimultihopqa,multi_hop,entity,8000,middle,low,unknown,Roma,unknown,p0001;p0002,,True,0.0,0.0,0.0,0.0,0.0,0.0,0.0,0.0,0.0,0.0,evidence_localization_failure,
2wikimultihopqa_5e8240ea0bdd11eba7f7acde48001122,mistral-small3.1:24b,direct,Full Context,diagnostic_condition,full_context_condition,True,2wikimultihopqa,multi_hop,entity,8000,middle,low,unknown,Roma,Rome,p0001;p0002,p0001;p0002,True,0.0,0.0,0.0,0.0,0.0,0.0,1.0,1.0,1.0,1.0,answer_conversion_failure,
2wikimultihopqa_5e8240ea0bdd11eba7f7acde48001122,mistral-small3.1:24b,retrieve_then_read,Retrieved Evidence,diagnostic_condition,evidence_narrowed_condition,True,2wikimultihopqa,multi_hop,entity,8000,middle,low,unknown,Roma,Rome,p0001;p0002,p0001,True,0.0,0.0,0.0,0.0,0.0,0.0,1.0,0.5,0.6666666666666666,1.0,evidence_integration_failure,
2wikimultihopqa_5e8240ea0bdd11eba7f7acde48001122,mistral-small3.1:24b,oracle,Oracle Evidence,diagnostic_baseline,oracle_evidence_upper_reference,True,2wikimultihopqa,multi_hop,entity,8000,middle,low,unknown,Roma,Italy,p0001;p0002,p0001;p0002,True,0.0,0.0,0.0,0.0,0.0,0.0,1.0,1.0,1.0,1.0,answer_conversion_failure,
2wikimultihopqa_6638110e0bdb11eba7f7acde48001122,mistral-small3.1:24b,no_evidence,No Evidence,diagnostic_baseline,question_only_lower_bound,True,2wikimultihopqa,multi_hop,entity,16000,end,low,unknown,"Moscow, USSR",Ukraine,p0001;p0002,,True,0.0,0.0,0.0,0.0,0.0,0.0,0.0,0.0,0.0,0.0,evidence_localization_failure,
2wikimultihopqa_6638110e0bdb11eba7f7acde48001122,mistral-small3.1:24b,direct,Full Context,diagnostic_condition,full_context_condition,True,2wikimultihopqa,multi_hop,entity,16000,end,low,unknown,"Moscow, USSR",Moscow,p0001;p0002,p0001,True,0.0,0.6666666666666666,0.0,0.6666666666666666,0.0,0.6666666666666666,1.0,0.5,0.6666666666666666,1.0,evidence_integration_failure,
2wikimultihopqa_6638110e0bdb11eba7f7acde48001122,mistral-small3.1:24b,retrieve_then_read,Retrieved Evidence,diagnostic_condition,evidence_narrowed_condition,True,2wikimultihopqa,multi_hop,entity,16000,end,low,unknown,"Moscow, USSR",Russia,p0001;p0002,,True,0.0,0.0,0.0,0.0,0.0,0.0,0.0,0.0,0.0,0.0,evidence_localization_failure,
2wikimultihopqa_6638110e0bdb11eba7f7acde48001122,mistral-small3.1:24b,oracle,Oracle Evidence,diagnostic_baseline,oracle_evidence_upper_reference,True,2wikimultihopqa,multi_hop,entity,16000,end,low,unknown,"Moscow, USSR",Moscow,p0001;p0002,p0001;p0002,True,0.0,0.6666666666666666,0.0,0.6666666666666666,0.0,0.6666666666666666,1.0,1.0,1.0,1.0,answer_conversion_failure,
2wikimultihopqa_7de9188c088b11ebbd6fac1f6bf848b6,mistral-small3.1:24b,no_evidence,No Evidence,diagnostic_baseline,question_only_lower_bound,True,2wikimultihopqa,comparison,entity,4000,scattered,medium,unknown,Toen 'T Licht Verdween,Toen 'T Licht Verdween,p0001;p0002;p0003;p0004,,True,1.0,1.0,1.0,1.0,1.0,1.0,0.0,0.0,0.0,0.0,success,
2wikimultihopqa_7de9188c088b11ebbd6fac1f6bf848b6,mistral-small3.1:24b,direct,Full Context,diagnostic_condition,full_context_condition,True,2wikimultihopqa,comparison,entity,4000,scattered,medium,unknown,Toen 'T Licht Verdween,Toen 'T Licht Verdween,p0001;p0002;p0003;p0004,p0001;p0002;p0003,True,1.0,1.0,1.0,1.0,1.0,1.0,1.0,0.75,0.8571428571428571,1.0,success,
2wikimultihopqa_7de9188c088b11ebbd6fac1f6bf848b6,mistral-small3.1:24b,retrieve_then_read,Retrieved Evidence,diagnostic_condition,evidence_narrowed_condition,True,2wikimultihopqa,comparison,entity,4000,scattered,medium,unknown,Toen 'T Licht Verdween,Toen 'T Licht Verdween,p0001;p0002;p0003;p0004,p0004,True,1.0,1.0,1.0,1.0,1.0,1.0,1.0,0.25,0.4,1.0,success,
2wikimultihopqa_7de9188c088b11ebbd6fac1f6bf848b6,mistral-small3.1:24b,oracle,Oracle Evidence,diagnostic_baseline,oracle_evidence_upper_reference,True,2wikimultihopqa,comparison,entity,4000,scattered,medium,unknown,Toen 'T Licht Verdween,Toen 'T Licht Verdween,p0001;p0002;p0003;p0004,p0001;p0002;p0003,True,1.0,1.0,1.0,1.0,1.0,1.0,1.0,0.75,0.8571428571428571,1.0,success,
2wikimultihopqa_3972d2b60baf11ebab90acde48001122,mistral-small3.1:24b,no_evidence,No Evidence,diagnostic_baseline,question_only_lower_bound,True,2wikimultihopqa,multi_hop,entity,8000,front,low,unknown,Jeanne d'Albret,Marie de' Medici,p0001;p0002,,True,0.0,0.0,0.0,0.0,0.0,0.0,0.0,0.0,0.0,0.0,evidence_localization_failure,
2wikimultihopqa_3972d2b60baf11ebab90acde48001122,mistral-small3.1:24b,direct,Full Context,diagnostic_condition,full_context_condition,True,2wikimultihopqa,multi_hop,entity,8000,front,low,unknown,Jeanne d'Albret,Marie de' Medici,p0001;p0002,p0001,True,0.0,0.0,0.0,0.0,0.0,0.0,1.0,0.5,0.6666666666666666,1.0,evidence_integration_failure,
2wikimultihopqa_3972d2b60baf11ebab90acde48001122,mistral-small3.1:24b,retrieve_then_read,Retrieved Evidence,diagnostic_condition,evidence_narrowed_condition,True,2wikimultihopqa,multi_hop,entity,8000,front,low,unknown,Jeanne d'Albret,Marie de' Medici,p0001;p0002,p0002,True,0.0,0.0,0.0,0.0,0.0,0.0,1.0,0.5,0.6666666666666666,1.0,evidence_integration_failure,
2wikimultihopqa_3972d2b60baf11ebab90acde48001122,mistral-small3.1:24b,oracle,Oracle Evidence,diagnostic_baseline,oracle_evidence_upper_reference,True,2wikimultihopqa,multi_hop,entity,8000,front,low,unknown,Jeanne d'Albret,Jeanne d'Albret,p0001;p0002,p0001;p0002,True,1.0,1.0,1.0,1.0,1.0,1.0,1.0,1.0,1.0,1.0,success,
2wikimultihopqa_a8cbc4c40bdc11eba7f7acde48001122,mistral-small3.1:24b,no_evidence,No Evidence,diagnostic_baseline,question_only_lower_bound,True,2wikimultihopqa,multi_hop,entity,16000,middle,low,unknown,New York,unknown,p0001;p0002,,True,0.0,0.0,0.0,0.0,0.0,0.0,0.0,0.0,0.0,0.0,evidence_localization_failure,
2wikimultihopqa_a8cbc4c40bdc11eba7f7acde48001122,mistral-small3.1:24b,direct,Full Context,diagnostic_condition,full_context_condition,True,2wikimultihopqa,multi_hop,entity,16000,middle,low,unknown,New York,"New York, New York",p0001;p0002,p0002,True,0.0,0.6666666666666666,0.0,0.6666666666666666,0.0,0.6666666666666666,1.0,0.5,0.6666666666666666,1.0,evidence_integration_failure,
2wikimultihopqa_a8cbc4c40bdc11eba7f7acde48001122,mistral-small3.1:24b,retrieve_then_read,Retrieved Evidence,diagnostic_condition,evidence_narrowed_condition,True,2wikimultihopqa,multi_hop,entity,16000,middle,low,unknown,New York,"New York, New York",p0001;p0002,p0001,True,0.0,0.6666666666666666,0.0,0.6666666666666666,0.0,0.6666666666666666,1.0,0.5,0.6666666666666666,1.0,evidence_integration_failure,
2wikimultihopqa_a8cbc4c40bdc11eba7f7acde48001122,mistral-small3.1:24b,oracle,Oracle Evidence,diagnostic_baseline,oracle_evidence_upper_reference,True,2wikimultihopqa,multi_hop,entity,16000,middle,low,unknown,New York,"New York, New York",p0001;p0002,p0001;p0002,True,0.0,0.6666666666666666,0.0,0.6666666666666666,0.0,0.6666666666666666,1.0,1.0,1.0,1.0,answer_conversion_failure,
2wikimultihopqa_32e50df00bb011ebab90acde48001122,mistral-small3.1:24b,no_evidence,No Evidence,diagnostic_baseline,question_only_lower_bound,True,2wikimultihopqa,multi_hop,entity,4000,end,low,unknown,Louis II,Maximilian I,p0001;p0002,,True,0.0,0.0,0.0,0.0,0.0,0.0,0.0,0.0,0.0,0.0,evidence_localization_failure,
2wikimultihopqa_32e50df00bb011ebab90acde48001122,mistral-small3.1:24b,direct,Full Context,diagnostic_condition,full_context_condition,True,2wikimultihopqa,multi_hop,entity,4000,end,low,unknown,Louis II,Hermann I of Thuringia,p0001;p0002,p0001,True,0.0,0.0,0.0,0.0,0.0,0.0,1.0,0.5,0.6666666666666666,1.0,evidence_integration_failure,
2wikimultihopqa_32e50df00bb011ebab90acde48001122,mistral-small3.1:24b,retrieve_then_read,Retrieved Evidence,diagnostic_condition,evidence_narrowed_condition,True,2wikimultihopqa,multi_hop,entity,4000,end,low,unknown,Louis II,Hans Barthold Andresen Butenschøn,p0001;p0002,,True,0.0,0.0,0.0,0.0,0.0,0.0,0.0,0.0,0.0,0.0,evidence_localization_failure,
2wikimultihopqa_32e50df00bb011ebab90acde48001122,mistral-small3.1:24b,oracle,Oracle Evidence,diagnostic_baseline,oracle_evidence_upper_reference,True,2wikimultihopqa,multi_hop,entity,4000,end,low,unknown,Louis II,Louis II,p0001;p0002,p0001;p0002,True,1.0,1.0,1.0,1.0,1.0,1.0,1.0,1.0,1.0,1.0,success,
2wikimultihopqa_deb907f80bdd11eba7f7acde48001122,mistral-small3.1:24b,no_evidence,No Evidence,diagnostic_baseline,question_only_lower_bound,True,2wikimultihopqa,multi_hop,entity,8000,scattered,low,unknown,Bohemia,unknown,p0001;p0002,,True,0.0,0.0,0.0,0.0,0.0,0.0,0.0,0.0,0.0,0.0,evidence_localization_failure,
2wikimultihopqa_deb907f80bdd11eba7f7acde48001122,mistral-small3.1:24b,direct,Full Context,diagnostic_condition,full_context_condition,True,2wikimultihopqa,multi_hop,entity,8000,scattered,low,unknown,Bohemia,Peronne,p0001;p0002,p0005,True,0.0,0.0,0.0,0.0,0.0,0.0,0.0,0.0,0.0,0.0,evidence_selection_failure,
2wikimultihopqa_deb907f80bdd11eba7f7acde48001122,mistral-small3.1:24b,retrieve_then_read,Retrieved Evidence,diagnostic_condition,evidence_narrowed_condition,True,2wikimultihopqa,multi_hop,entity,8000,scattered,low,unknown,Bohemia,Verdun,p0001;p0002,p0002,True,0.0,0.0,0.0,0.0,0.0,0.0,1.0,0.5,0.6666666666666666,1.0,evidence_integration_failure,
2wikimultihopqa_deb907f80bdd11eba7f7acde48001122,mistral-small3.1:24b,oracle,Oracle Evidence,diagnostic_baseline,oracle_evidence_upper_reference,True,2wikimultihopqa,multi_hop,entity,8000,scattered,low,unknown,Bohemia,Bohemia,p0001;p0002,p0002,True,1.0,1.0,1.0,1.0,1.0,1.0,1.0,0.5,0.6666666666666666,1.0,success,
2wikimultihopqa_b81fbe620bdc11eba7f7acde48001122,mistral-small3.1:24b,no_evidence,No Evidence,diagnostic_baseline,question_only_lower_bound,True,2wikimultihopqa,multi_hop,entity,16000,front,low,unknown,Gura Humorului,unknown,p0001;p0002,,True,0.0,0.0,0.0,0.0,0.0,0.0,0.0,0.0,0.0,0.0,evidence_localization_failure,
2wikimultihopqa_b81fbe620bdc11eba7f7acde48001122,mistral-small3.1:24b,direct,Full Context,diagnostic_condition,full_context_condition,True,2wikimultihopqa,multi_hop,entity,16000,front,low,unknown,Gura Humorului,Gura Humorului,p0001;p0002,p0001,True,1.0,1.0,1.0,1.0,1.0,1.0,1.0,0.5,0.6666666666666666,1.0,success,
2wikimultihopqa_b81fbe620bdc11eba7f7acde48001122,mistral-small3.1:24b,retrieve_then_read,Retrieved Evidence,diagnostic_condition,evidence_narrowed_condition,True,2wikimultihopqa,multi_hop,entity,16000,front,low,unknown,Gura Humorului,Fredrikstad,p0001;p0002,,True,0.0,0.0,0.0,0.0,0.0,0.0,0.0,0.0,0.0,0.0,evidence_localization_failure,
2wikimultihopqa_b81fbe620bdc11eba7f7acde48001122,mistral-small3.1:24b,oracle,Oracle Evidence,diagnostic_baseline,oracle_evidence_upper_reference,True,2wikimultihopqa,multi_hop,entity,16000,front,low,unknown,Gura Humorului,Gura Humorului,p0001;p0002,p0001;p0002,True,1.0,1.0,1.0,1.0,1.0,1.0,1.0,1.0,1.0,1.0,success,
2wikimultihopqa_3717c0600bde11eba7f7acde48001122,mistral-small3.1:24b,no_evidence,No Evidence,diagnostic_baseline,question_only_lower_bound,True,2wikimultihopqa,multi_hop,entity,4000,middle,low,unknown,Meran,unknown,p0001;p0002,,True,0.0,0.0,0.0,0.0,0.0,0.0,0.0,0.0,0.0,0.0,evidence_localization_failure,
2wikimultihopqa_3717c0600bde11eba7f7acde48001122,mistral-small3.1:24b,direct,Full Context,diagnostic_condition,full_context_condition,True,2wikimultihopqa,multi_hop,entity,4000,middle,low,unknown,Meran,"Obermais, Meran",p0001;p0002,p0001,True,0.0,0.6666666666666666,0.0,0.6666666666666666,0.0,0.6666666666666666,1.0,0.5,0.6666666666666666,1.0,evidence_integration_failure,
2wikimultihopqa_3717c0600bde11eba7f7acde48001122,mistral-small3.1:24b,retrieve_then_read,Retrieved Evidence,diagnostic_condition,evidence_narrowed_condition,True,2wikimultihopqa,multi_hop,entity,4000,middle,low,unknown,Meran,"Vienna, Austria",p0001;p0002,,True,0.0,0.0,0.0,0.0,0.0,0.0,0.0,0.0,0.0,0.0,evidence_localization_failure,
2wikimultihopqa_3717c0600bde11eba7f7acde48001122,mistral-small3.1:24b,oracle,Oracle Evidence,diagnostic_baseline,oracle_evidence_upper_reference,True,2wikimultihopqa,multi_hop,entity,4000,middle,low,unknown,Meran,"Obermais, Meran",p0001;p0002,p0001;p0002,True,0.0,0.6666666666666666,0.0,0.6666666666666666,0.0,0.6666666666666666,1.0,1.0,1.0,1.0,answer_conversion_failure,
2wikimultihopqa_0f1ac1a00bdb11eba7f7acde48001122,mistral-small3.1:24b,no_evidence,No Evidence,diagnostic_baseline,question_only_lower_bound,True,2wikimultihopqa,multi_hop,entity,8000,end,low,unknown,Grammy,Ivor Novello Award,p0001;p0002,,True,0.0,0.0,0.0,0.0,0.0,0.0,0.0,0.0,0.0,0.0,evidence_localization_failure,
2wikimultihopqa_0f1ac1a00bdb11eba7f7acde48001122,mistral-small3.1:24b,direct,Full Context,diagnostic_condition,full_context_condition,True,2wikimultihopqa,multi_hop,entity,8000,end,low,unknown,Grammy,Grammy Award,p0001;p0002,p0001;p0002,True,0.0,0.6666666666666666,0.0,0.6666666666666666,0.0,0.6666666666666666,1.0,1.0,1.0,1.0,answer_conversion_failure,
2wikimultihopqa_0f1ac1a00bdb11eba7f7acde48001122,mistral-small3.1:24b,retrieve_then_read,Retrieved Evidence,diagnostic_condition,evidence_narrowed_condition,True,2wikimultihopqa,multi_hop,entity,8000,end,low,unknown,Grammy,Grammy Award,p0001;p0002,p0002,True,0.0,0.6666666666666666,0.0,0.6666666666666666,0.0,0.6666666666666666,1.0,0.5,0.6666666666666666,1.0,evidence_integration_failure,
2wikimultihopqa_0f1ac1a00bdb11eba7f7acde48001122,mistral-small3.1:24b,oracle,Oracle Evidence,diagnostic_baseline,oracle_evidence_upper_reference,True,2wikimultihopqa,multi_hop,entity,8000,end,low,unknown,Grammy,Grammy Award,p0001;p0002,p0001;p0002,True,0.0,0.6666666666666666,0.0,0.6666666666666666,0.0,0.6666666666666666,1.0,1.0,1.0,1.0,answer_conversion_failure,
2wikimultihopqa_f420d4a008a311ebbd7cac1f6bf848b6,mistral-small3.1:24b,no_evidence,No Evidence,diagnostic_baseline,question_only_lower_bound,True,2wikimultihopqa,comparison,entity,16000,scattered,medium,unknown,Dodging The Dole,Dodging The Dole,p0001;p0002;p0003;p0004,,True,1.0,1.0,1.0,1.0,1.0,1.0,0.0,0.0,0.0,0.0,success,
2wikimultihopqa_f420d4a008a311ebbd7cac1f6bf848b6,mistral-small3.1:24b,direct,Full Context,diagnostic_condition,full_context_condition,True,2wikimultihopqa,comparison,entity,16000,scattered,medium,unknown,Dodging The Dole,Antonieta,p0001;p0002;p0003;p0004,p0001;p0003,True,0.0,0.0,0.0,0.0,0.0,0.0,1.0,0.5,0.6666666666666666,1.0,evidence_integration_failure,
2wikimultihopqa_f420d4a008a311ebbd7cac1f6bf848b6,mistral-small3.1:24b,retrieve_then_read,Retrieved Evidence,diagnostic_condition,evidence_narrowed_condition,True,2wikimultihopqa,comparison,entity,16000,scattered,medium,unknown,Dodging The Dole,Antonieta,p0001;p0002;p0003;p0004,p0001,True,0.0,0.0,0.0,0.0,0.0,0.0,1.0,0.25,0.4,1.0,evidence_integration_failure,
2wikimultihopqa_f420d4a008a311ebbd7cac1f6bf848b6,mistral-small3.1:24b,oracle,Oracle Evidence,diagnostic_baseline,oracle_evidence_upper_reference,True,2wikimultihopqa,comparison,entity,16000,scattered,medium,unknown,Dodging The Dole,Dodging the Dole,p0001;p0002;p0003;p0004,p0001;p0002;p0003,True,1.0,1.0,1.0,1.0,1.0,1.0,1.0,0.75,0.8571428571428571,1.0,success,
2wikimultihopqa_6638a0f0084e11ebbd56ac1f6bf848b6,mistral-small3.1:24b,no_evidence,No Evidence,diagnostic_baseline,question_only_lower_bound,True,2wikimultihopqa,comparison,yes_no,4000,front,low,unknown,yes,no,p0001;p0002,,True,0.0,0.0,0.0,0.0,0.0,0.0,0.0,0.0,0.0,0.0,evidence_localization_failure,
2wikimultihopqa_6638a0f0084e11ebbd56ac1f6bf848b6,mistral-small3.1:24b,direct,Full Context,diagnostic_condition,full_context_condition,True,2wikimultihopqa,comparison,yes_no,4000,front,low,unknown,yes,yes,p0001;p0002,p0001;p0002,True,1.0,1.0,1.0,1.0,1.0,1.0,1.0,1.0,1.0,1.0,success,
2wikimultihopqa_6638a0f0084e11ebbd56ac1f6bf848b6,mistral-small3.1:24b,retrieve_then_read,Retrieved Evidence,diagnostic_condition,evidence_narrowed_condition,True,2wikimultihopqa,comparison,yes_no,4000,front,low,unknown,yes,yes,p0001;p0002,p0001;p0002,True,1.0,1.0,1.0,1.0,1.0,1.0,1.0,1.0,1.0,1.0,success,
2wikimultihopqa_6638a0f0084e11ebbd56ac1f6bf848b6,mistral-small3.1:24b,oracle,Oracle Evidence,diagnostic_baseline,oracle_evidence_upper_reference,True,2wikimultihopqa,comparison,yes_no,4000,front,low,unknown,yes,yes,p0001;p0002,p0001;p0002,True,1.0,1.0,1.0,1.0,1.0,1.0,1.0,1.0,1.0,1.0,success,
2wikimultihopqa_07388c7c0bb011ebab90acde48001122,mistral-small3.1:24b,no_evidence,No Evidence,diagnostic_baseline,question_only_lower_bound,True,2wikimultihopqa,multi_hop,entity,8000,middle,low,unknown,Peter I,"Amadeus V, Count of Savoy",p0001;p0002,,True,0.0,0.0,0.0,0.0,0.0,0.0,0.0,0.0,0.0,0.0,evidence_localization_failure,
2wikimultihopqa_07388c7c0bb011ebab90acde48001122,mistral-small3.1:24b,direct,Full Context,diagnostic_condition,full_context_condition,True,2wikimultihopqa,multi_hop,entity,8000,middle,low,unknown,Peter I,"Peter I, Duke of Bourbon",p0001;p0002,p0001,True,0.0,0.5714285714285715,0.0,0.5714285714285715,0.0,0.5714285714285715,1.0,0.5,0.6666666666666666,1.0,evidence_integration_failure,
2wikimultihopqa_07388c7c0bb011ebab90acde48001122,mistral-small3.1:24b,retrieve_then_read,Retrieved Evidence,diagnostic_condition,evidence_narrowed_condition,True,2wikimultihopqa,multi_hop,entity,8000,middle,low,unknown,Peter I,Gerold of Geneva,p0001;p0002,,True,0.0,0.0,0.0,0.0,0.0,0.0,0.0,0.0,0.0,0.0,evidence_localization_failure,
2wikimultihopqa_07388c7c0bb011ebab90acde48001122,mistral-small3.1:24b,oracle,Oracle Evidence,diagnostic_baseline,oracle_evidence_upper_reference,True,2wikimultihopqa,multi_hop,entity,8000,middle,low,unknown,Peter I,"Peter I, Duke of Bourbon",p0001;p0002,p0001;p0002,True,0.0,0.5714285714285715,0.0,0.5714285714285715,0.0,0.5714285714285715,1.0,1.0,1.0,1.0,answer_conversion_failure,
2wikimultihopqa_83ff07cd096711ebbdafac1f6bf848b6,mistral-small3.1:24b,no_evidence,No Evidence,diagnostic_baseline,question_only_lower_bound,True,2wikimultihopqa,comparison,yes_no,16000,end,low,unknown,yes,no,p0001;p0002,,True,0.0,0.0,0.0,0.0,0.0,0.0,0.0,0.0,0.0,0.0,evidence_localization_failure,
2wikimultihopqa_83ff07cd096711ebbdafac1f6bf848b6,mistral-small3.1:24b,direct,Full Context,diagnostic_condition,full_context_condition,True,2wikimultihopqa,comparison,yes_no,16000,end,low,unknown,yes,no,p0001;p0002,p0001;p0002,True,0.0,0.0,0.0,0.0,0.0,0.0,1.0,1.0,1.0,1.0,answer_conversion_failure,
2wikimultihopqa_83ff07cd096711ebbdafac1f6bf848b6,mistral-small3.1:24b,retrieve_then_read,Retrieved Evidence,diagnostic_condition,evidence_narrowed_condition,True,2wikimultihopqa,comparison,yes_no,16000,end,low,unknown,yes,no,p0001;p0002,p0002,True,0.0,0.0,0.0,0.0,0.0,0.0,1.0,0.5,0.6666666666666666,1.0,evidence_integration_failure,
2wikimultihopqa_83ff07cd096711ebbdafac1f6bf848b6,mistral-small3.1:24b,oracle,Oracle Evidence,diagnostic_baseline,oracle_evidence_upper_reference,True,2wikimultihopqa,comparison,yes_no,16000,end,low,unknown,yes,no,p0001;p0002,p0001;p0002,True,0.0,0.0,0.0,0.0,0.0,0.0,1.0,1.0,1.0,1.0,answer_conversion_failure,
2wikimultihopqa_7a57c5d2089111ebbd73ac1f6bf848b6,mistral-small3.1:24b,no_evidence,No Evidence,diagnostic_baseline,question_only_lower_bound,True,2wikimultihopqa,comparison,yes_no,4000,scattered,high,unknown,yes,no,p0001;p0002;p0003;p0004;p0005;p0006,,True,0.0,0.0,0.0,0.0,0.0,0.0,0.0,0.0,0.0,0.0,evidence_localization_failure,
2wikimultihopqa_7a57c5d2089111ebbd73ac1f6bf848b6,mistral-small3.1:24b,direct,Full Context,diagnostic_condition,full_context_condition,True,2wikimultihopqa,comparison,yes_no,4000,scattered,high,unknown,yes,no,p0001;p0002;p0003;p0004;p0005;p0006,p0001;p0002,True,0.0,0.0,0.0,0.0,0.0,0.0,1.0,0.3333333333333333,0.5,1.0,evidence_integration_failure,
2wikimultihopqa_7a57c5d2089111ebbd73ac1f6bf848b6,mistral-small3.1:24b,retrieve_then_read,Retrieved Evidence,diagnostic_condition,evidence_narrowed_condition,True,2wikimultihopqa,comparison,yes_no,4000,scattered,high,unknown,yes,no,p0001;p0002;p0003;p0004;p0005;p0006,p0002,True,0.0,0.0,0.0,0.0,0.0,0.0,1.0,0.16666666666666666,0.2857142857142857,1.0,evidence_integration_failure,
2wikimultihopqa_7a57c5d2089111ebbd73ac1f6bf848b6,mistral-small3.1:24b,oracle,Oracle Evidence,diagnostic_baseline,oracle_evidence_upper_reference,True,2wikimultihopqa,comparison,yes_no,4000,scattered,high,unknown,yes,no,p0001;p0002;p0003;p0004;p0005;p0006,p0001;p0002;p0005,True,0.0,0.0,0.0,0.0,0.0,0.0,1.0,0.5,0.6666666666666666,1.0,evidence_integration_failure,
2wikimultihopqa_42f6d3b208b911ebbd88ac1f6bf848b6,mistral-small3.1:24b,no_evidence,No Evidence,diagnostic_baseline,question_only_lower_bound,True,2wikimultihopqa,comparison,entity,8000,front,low,unknown,Gene Watson,Gene Watson,p0001;p0002,,True,1.0,1.0,1.0,1.0,1.0,1.0,0.0,0.0,0.0,0.0,success,
2wikimultihopqa_42f6d3b208b911ebbd88ac1f6bf848b6,mistral-small3.1:24b,direct,Full Context,diagnostic_condition,full_context_condition,True,2wikimultihopqa,comparison,entity,8000,front,low,unknown,Gene Watson,Gene Watson,p0001;p0002,p0001;p0002,True,1.0,1.0,1.0,1.0,1.0,1.0,1.0,1.0,1.0,1.0,success,
2wikimultihopqa_42f6d3b208b911ebbd88ac1f6bf848b6,mistral-small3.1:24b,retrieve_then_read,Retrieved Evidence,diagnostic_condition,evidence_narrowed_condition,True,2wikimultihopqa,comparison,entity,8000,front,low,unknown,Gene Watson,Gene Watson,p0001;p0002,p0001,True,1.0,1.0,1.0,1.0,1.0,1.0,1.0,0.5,0.6666666666666666,1.0,success,
2wikimultihopqa_42f6d3b208b911ebbd88ac1f6bf848b6,mistral-small3.1:24b,oracle,Oracle Evidence,diagnostic_baseline,oracle_evidence_upper_reference,True,2wikimultihopqa,comparison,entity,8000,front,low,unknown,Gene Watson,Gene Watson,p0001;p0002,p0001;p0002,True,1.0,1.0,1.0,1.0,1.0,1.0,1.0,1.0,1.0,1.0,success,
2wikimultihopqa_f1ff478c089011ebbd72ac1f6bf848b6,mistral-small3.1:24b,no_evidence,No Evidence,diagnostic_baseline,question_only_lower_bound,True,2wikimultihopqa,comparison,yes_no,16000,middle,medium,unknown,yes,no,p0001;p0002;p0003;p0004,,True,0.0,0.0,0.0,0.0,0.0,0.0,0.0,0.0,0.0,0.0,evidence_localization_failure,
2wikimultihopqa_f1ff478c089011ebbd72ac1f6bf848b6,mistral-small3.1:24b,direct,Full Context,diagnostic_condition,full_context_condition,True,2wikimultihopqa,comparison,yes_no,16000,middle,medium,unknown,yes,no,p0001;p0002;p0003;p0004,p0001;p0002;p0007,True,0.0,0.0,0.0,0.0,0.0,0.0,0.6666666666666666,0.5,0.5714285714285715,1.0,evidence_integration_failure,
2wikimultihopqa_f1ff478c089011ebbd72ac1f6bf848b6,mistral-small3.1:24b,retrieve_then_read,Retrieved Evidence,diagnostic_condition,evidence_narrowed_condition,True,2wikimultihopqa,comparison,yes_no,16000,middle,medium,unknown,yes,no,p0001;p0002;p0003;p0004,,True,0.0,0.0,0.0,0.0,0.0,0.0,0.0,0.0,0.0,0.0,evidence_localization_failure,
2wikimultihopqa_f1ff478c089011ebbd72ac1f6bf848b6,mistral-small3.1:24b,oracle,Oracle Evidence,diagnostic_baseline,oracle_evidence_upper_reference,True,2wikimultihopqa,comparison,yes_no,16000,middle,medium,unknown,yes,yes,p0001;p0002;p0003;p0004,p0001;p0002,True,1.0,1.0,1.0,1.0,1.0,1.0,1.0,0.5,0.6666666666666666,1.0,success,
2wikimultihopqa_6b55ac320bdb11eba7f7acde48001122,mistral-small3.1:24b,no_evidence,No Evidence,diagnostic_baseline,question_only_lower_bound,True,2wikimultihopqa,multi_hop,entity,4000,end,low,unknown,24 March 1927,unknown,p0001;p0002,,True,0.0,0.0,0.0,0.0,0.0,0.0,0.0,0.0,0.0,0.0,evidence_localization_failure,
2wikimultihopqa_6b55ac320bdb11eba7f7acde48001122,mistral-small3.1:24b,direct,Full Context,diagnostic_condition,full_context_condition,True,2wikimultihopqa,multi_hop,entity,4000,end,low,unknown,24 March 1927,24 March 1927,p0001;p0002,p0002,True,1.0,1.0,1.0,1.0,1.0,1.0,1.0,0.5,0.6666666666666666,1.0,success,
2wikimultihopqa_6b55ac320bdb11eba7f7acde48001122,mistral-small3.1:24b,retrieve_then_read,Retrieved Evidence,diagnostic_condition,evidence_narrowed_condition,True,2wikimultihopqa,multi_hop,entity,4000,end,low,unknown,24 March 1927,28 February 1955,p0001;p0002,p0008;p0010,True,0.0,0.0,0.0,0.0,0.0,0.0,0.0,0.0,0.0,0.0,evidence_selection_failure,
2wikimultihopqa_6b55ac320bdb11eba7f7acde48001122,mistral-small3.1:24b,oracle,Oracle Evidence,diagnostic_baseline,oracle_evidence_upper_reference,True,2wikimultihopqa,multi_hop,entity,4000,end,low,unknown,24 March 1927,24 March 1927,p0001;p0002,p0002,True,1.0,1.0,1.0,1.0,1.0,1.0,1.0,0.5,0.6666666666666666,1.0,success,
2wikimultihopqa_424d56700bde11eba7f7acde48001122,mistral-small3.1:24b,no_evidence,No Evidence,diagnostic_baseline,question_only_lower_bound,True,2wikimultihopqa,multi_hop,entity,8000,scattered,low,unknown,Ostrogothic Kingdom,Italy,p0001;p0002,,True,0.0,0.0,0.0,0.0,0.0,0.0,0.0,0.0,0.0,0.0,evidence_localization_failure,
2wikimultihopqa_424d56700bde11eba7f7acde48001122,mistral-small3.1:24b,direct,Full Context,diagnostic_condition,full_context_condition,True,2wikimultihopqa,multi_hop,entity,8000,scattered,low,unknown,Ostrogothic Kingdom,Italy,p0001;p0002,p0001,True,0.0,0.0,0.0,0.0,0.0,0.0,1.0,0.5,0.6666666666666666,1.0,evidence_integration_failure,
2wikimultihopqa_424d56700bde11eba7f7acde48001122,mistral-small3.1:24b,retrieve_then_read,Retrieved Evidence,diagnostic_condition,evidence_narrowed_condition,True,2wikimultihopqa,multi_hop,entity,8000,scattered,low,unknown,Ostrogothic Kingdom,unknown,p0001;p0002,,True,0.0,0.0,0.0,0.0,0.0,0.0,0.0,0.0,0.0,0.0,evidence_localization_failure,
2wikimultihopqa_424d56700bde11eba7f7acde48001122,mistral-small3.1:24b,oracle,Oracle Evidence,diagnostic_baseline,oracle_evidence_upper_reference,True,2wikimultihopqa,multi_hop,entity,8000,scattered,low,unknown,Ostrogothic Kingdom,Ostrogoths,p0001;p0002,p0001;p0002,True,0.0,0.0,0.0,0.0,0.0,0.0,1.0,1.0,1.0,1.0,answer_conversion_failure,
2wikimultihopqa_5c0c69f80bdd11eba7f7acde48001122,mistral-small3.1:24b,no_evidence,No Evidence,diagnostic_baseline,question_only_lower_bound,True,2wikimultihopqa,multi_hop,entity,16000,front,low,unknown,Kurdish,Amsterdam,p0001;p0002,,True,0.0,0.0,0.0,0.0,0.0,0.0,0.0,0.0,0.0,0.0,evidence_localization_failure,
2wikimultihopqa_5c0c69f80bdd11eba7f7acde48001122,mistral-small3.1:24b,direct,Full Context,diagnostic_condition,full_context_condition,True,2wikimultihopqa,multi_hop,entity,16000,front,low,unknown,Kurdish,Kurdistan,p0001;p0002,p0001;p0002,True,0.0,0.0,0.0,0.0,0.0,0.0,1.0,1.0,1.0,1.0,answer_conversion_failure,
2wikimultihopqa_5c0c69f80bdd11eba7f7acde48001122,mistral-small3.1:24b,retrieve_then_read,Retrieved Evidence,diagnostic_condition,evidence_narrowed_condition,True,2wikimultihopqa,multi_hop,entity,16000,front,low,unknown,Kurdish,Kurdistan,p0001;p0002,p0002,True,0.0,0.0,0.0,0.0,0.0,0.0,1.0,0.5,0.6666666666666666,1.0,evidence_integration_failure,
2wikimultihopqa_5c0c69f80bdd11eba7f7acde48001122,mistral-small3.1:24b,oracle,Oracle Evidence,diagnostic_baseline,oracle_evidence_upper_reference,True,2wikimultihopqa,multi_hop,entity,16000,front,low,unknown,Kurdish,Kurdish,p0001;p0002,p0001;p0002,True,1.0,1.0,1.0,1.0,1.0,1.0,1.0,1.0,1.0,1.0,success,
2wikimultihopqa_ac786909087411ebbd67ac1f6bf848b6,mistral-small3.1:24b,no_evidence,No Evidence,diagnostic_baseline,question_only_lower_bound,True,2wikimultihopqa,comparison,yes_no,4000,middle,low,unknown,no,no,p0001;p0002,,True,1.0,1.0,1.0,1.0,1.0,1.0,0.0,0.0,0.0,0.0,success,
2wikimultihopqa_ac786909087411ebbd67ac1f6bf848b6,mistral-small3.1:24b,direct,Full Context,diagnostic_condition,full_context_condition,True,2wikimultihopqa,comparison,yes_no,4000,middle,low,unknown,no,no,p0001;p0002,p0001;p0002,True,1.0,1.0,1.0,1.0,1.0,1.0,1.0,1.0,1.0,1.0,success,
2wikimultihopqa_ac786909087411ebbd67ac1f6bf848b6,mistral-small3.1:24b,retrieve_then_read,Retrieved Evidence,diagnostic_condition,evidence_narrowed_condition,True,2wikimultihopqa,comparison,yes_no,4000,middle,low,unknown,no,no,p0001;p0002,p0001,True,1.0,1.0,1.0,1.0,1.0,1.0,1.0,0.5,0.6666666666666666,1.0,success,
2wikimultihopqa_ac786909087411ebbd67ac1f6bf848b6,mistral-small3.1:24b,oracle,Oracle Evidence,diagnostic_baseline,oracle_evidence_upper_reference,True,2wikimultihopqa,comparison,yes_no,4000,middle,low,unknown,no,no,p0001;p0002,p0001;p0002,True,1.0,1.0,1.0,1.0,1.0,1.0,1.0,1.0,1.0,1.0,success,
2wikimultihopqa_29427eea0bdd11eba7f7acde48001122,mistral-small3.1:24b,no_evidence,No Evidence,diagnostic_baseline,question_only_lower_bound,True,2wikimultihopqa,multi_hop,entity,8000,end,low,unknown,Liverpool,Liverpool,p0001;p0002,,True,1.0,1.0,1.0,1.0,1.0,1.0,0.0,0.0,0.0,0.0,success,
2wikimultihopqa_29427eea0bdd11eba7f7acde48001122,mistral-small3.1:24b,direct,Full Context,diagnostic_condition,full_context_condition,True,2wikimultihopqa,multi_hop,entity,8000,end,low,unknown,Liverpool,Liverpool,p0001;p0002,p0002,True,1.0,1.0,1.0,1.0,1.0,1.0,1.0,0.5,0.6666666666666666,1.0,success,
2wikimultihopqa_29427eea0bdd11eba7f7acde48001122,mistral-small3.1:24b,retrieve_then_read,Retrieved Evidence,diagnostic_condition,evidence_narrowed_condition,True,2wikimultihopqa,multi_hop,entity,8000,end,low,unknown,Liverpool,Liverpool,p0001;p0002,p0001,True,1.0,1.0,1.0,1.0,1.0,1.0,1.0,0.5,0.6666666666666666,1.0,success,
2wikimultihopqa_29427eea0bdd11eba7f7acde48001122,mistral-small3.1:24b,oracle,Oracle Evidence,diagnostic_baseline,oracle_evidence_upper_reference,True,2wikimultihopqa,multi_hop,entity,8000,end,low,unknown,Liverpool,Liverpool,p0001;p0002,p0001;p0002,True,1.0,1.0,1.0,1.0,1.0,1.0,1.0,1.0,1.0,1.0,success,
2wikimultihopqa_d370f0b0085711ebbd5aac1f6bf848b6,mistral-small3.1:24b,no_evidence,No Evidence,diagnostic_baseline,question_only_lower_bound,True,2wikimultihopqa,comparison,string,16000,scattered,medium,unknown,Captain Kidd And The Slave Girl,Captain Kidd And The Slave Girl,p0001;p0002;p0003;p0004,,True,1.0,1.0,1.0,1.0,1.0,1.0,0.0,0.0,0.0,0.0,success,
2wikimultihopqa_d370f0b0085711ebbd5aac1f6bf848b6,mistral-small3.1:24b,direct,Full Context,diagnostic_condition,full_context_condition,True,2wikimultihopqa,comparison,string,16000,scattered,medium,unknown,Captain Kidd And The Slave Girl,Captain Kidd And The Slave Girl,p0001;p0002;p0003;p0004,p0001;p0004,True,1.0,1.0,1.0,1.0,1.0,1.0,1.0,0.5,0.6666666666666666,1.0,success,
2wikimultihopqa_d370f0b0085711ebbd5aac1f6bf848b6,mistral-small3.1:24b,retrieve_then_read,Retrieved Evidence,diagnostic_condition,evidence_narrowed_condition,True,2wikimultihopqa,comparison,string,16000,scattered,medium,unknown,Captain Kidd And The Slave Girl,Captain Kidd And The Slave Girl,p0001;p0002;p0003;p0004,,True,1.0,1.0,1.0,1.0,1.0,1.0,0.0,0.0,0.0,0.0,success,
2wikimultihopqa_d370f0b0085711ebbd5aac1f6bf848b6,mistral-small3.1:24b,oracle,Oracle Evidence,diagnostic_baseline,oracle_evidence_upper_reference,True,2wikimultihopqa,comparison,string,16000,scattered,medium,unknown,Captain Kidd And The Slave Girl,Captain Kidd and the Slave Girl,p0001;p0002;p0003;p0004,p0001;p0002;p0003,True,1.0,1.0,1.0,1.0,1.0,1.0,1.0,0.75,0.8571428571428571,1.0,success,
2wikimultihopqa_a9f9985a09a211ebbdb0ac1f6bf848b6,mistral-small3.1:24b,no_evidence,No Evidence,diagnostic_baseline,question_only_lower_bound,True,2wikimultihopqa,comparison,string,4000,front,low,unknown,Go Ahead And Break My Heart,Go Ahead And Break My Heart,p0001;p0002,,True,1.0,1.0,1.0,1.0,1.0,1.0,0.0,0.0,0.0,0.0,success,
2wikimultihopqa_a9f9985a09a211ebbdb0ac1f6bf848b6,mistral-small3.1:24b,direct,Full Context,diagnostic_condition,full_context_condition,True,2wikimultihopqa,comparison,string,4000,front,low,unknown,Go Ahead And Break My Heart,Go Ahead And Break My Heart,p0001;p0002,p0001;p0002,True,1.0,1.0,1.0,1.0,1.0,1.0,1.0,1.0,1.0,1.0,success,
2wikimultihopqa_a9f9985a09a211ebbdb0ac1f6bf848b6,mistral-small3.1:24b,retrieve_then_read,Retrieved Evidence,diagnostic_condition,evidence_narrowed_condition,True,2wikimultihopqa,comparison,string,4000,front,low,unknown,Go Ahead And Break My Heart,Go Ahead And Break My Heart,p0001;p0002,p0001,True,1.0,1.0,1.0,1.0,1.0,1.0,1.0,0.5,0.6666666666666666,1.0,success,
2wikimultihopqa_a9f9985a09a211ebbdb0ac1f6bf848b6,mistral-small3.1:24b,oracle,Oracle Evidence,diagnostic_baseline,oracle_evidence_upper_reference,True,2wikimultihopqa,comparison,string,4000,front,low,unknown,Go Ahead And Break My Heart,Go Ahead and Break My Heart,p0001;p0002,p0001;p0002,True,1.0,1.0,1.0,1.0,1.0,1.0,1.0,1.0,1.0,1.0,success,
2wikimultihopqa_53ab316c08b911ebbd88ac1f6bf848b6,mistral-small3.1:24b,no_evidence,No Evidence,diagnostic_baseline,question_only_lower_bound,True,2wikimultihopqa,comparison,entity,8000,middle,medium,unknown,The Devil'S Hairpin,The Fatal Mistake,p0001;p0002;p0003;p0004,,True,0.0,0.0,0.0,0.0,0.0,0.0,0.0,0.0,0.0,0.0,evidence_localization_failure,
2wikimultihopqa_53ab316c08b911ebbd88ac1f6bf848b6,mistral-small3.1:24b,direct,Full Context,diagnostic_condition,full_context_condition,True,2wikimultihopqa,comparison,entity,8000,middle,medium,unknown,The Devil'S Hairpin,The Devil's Hairpin,p0001;p0002;p0003;p0004,p0001;p0002,True,1.0,1.0,1.0,1.0,1.0,1.0,1.0,0.5,0.6666666666666666,1.0,success,
2wikimultihopqa_53ab316c08b911ebbd88ac1f6bf848b6,mistral-small3.1:24b,retrieve_then_read,Retrieved Evidence,diagnostic_condition,evidence_narrowed_condition,True,2wikimultihopqa,comparison,entity,8000,middle,medium,unknown,The Devil'S Hairpin,The Devil's Hairpin,p0001;p0002;p0003;p0004,p0003,True,1.0,1.0,1.0,1.0,1.0,1.0,1.0,0.25,0.4,1.0,success,
2wikimultihopqa_53ab316c08b911ebbd88ac1f6bf848b6,mistral-small3.1:24b,oracle,Oracle Evidence,diagnostic_baseline,oracle_evidence_upper_reference,True,2wikimultihopqa,comparison,entity,8000,middle,medium,unknown,The Devil'S Hairpin,The Devil's Hairpin,p0001;p0002;p0003;p0004,p0001;p0002;p0003,True,1.0,1.0,1.0,1.0,1.0,1.0,1.0,0.75,0.8571428571428571,1.0,success,
2wikimultihopqa_bc633e2c0baf11ebab90acde48001122,mistral-small3.1:24b,no_evidence,No Evidence,diagnostic_baseline,question_only_lower_bound,True,2wikimultihopqa,multi_hop,entity,16000,end,low,unknown,"Louis, Grand Dauphin",Victor Amadeus II of Sardinia,p0001;p0002,,True,0.0,0.0,0.0,0.0,0.0,0.0,0.0,0.0,0.0,0.0,evidence_localization_failure,
2wikimultihopqa_bc633e2c0baf11ebab90acde48001122,mistral-small3.1:24b,direct,Full Context,diagnostic_condition,full_context_condition,True,2wikimultihopqa,multi_hop,entity,16000,end,low,unknown,"Louis, Grand Dauphin",Philip V of Spain,p0001;p0002,p0001,True,0.0,0.0,0.0,0.0,0.0,0.0,1.0,0.5,0.6666666666666666,1.0,evidence_integration_failure,
2wikimultihopqa_bc633e2c0baf11ebab90acde48001122,mistral-small3.1:24b,retrieve_then_read,Retrieved Evidence,diagnostic_condition,evidence_narrowed_condition,True,2wikimultihopqa,multi_hop,entity,16000,end,low,unknown,"Louis, Grand Dauphin",Philip V,p0001;p0002,,True,0.0,0.0,0.0,0.0,0.0,0.0,0.0,0.0,0.0,0.0,evidence_localization_failure,
2wikimultihopqa_bc633e2c0baf11ebab90acde48001122,mistral-small3.1:24b,oracle,Oracle Evidence,diagnostic_baseline,oracle_evidence_upper_reference,True,2wikimultihopqa,multi_hop,entity,16000,end,low,unknown,"Louis, Grand Dauphin","Louis, Grand Dauphin",p0001;p0002,p0001;p0002,True,1.0,1.0,1.0,1.0,1.0,1.0,1.0,1.0,1.0,1.0,success,
2wikimultihopqa_2b4bd5020baf11ebab90acde48001122,mistral-small3.1:24b,no_evidence,No Evidence,diagnostic_baseline,question_only_lower_bound,True,2wikimultihopqa,multi_hop,entity,4000,scattered,low,unknown,Kujō Michiie,Kujō Michiie,p0001;p0002,,True,1.0,1.0,1.0,1.0,1.0,1.0,0.0,0.0,0.0,0.0,success,
2wikimultihopqa_2b4bd5020baf11ebab90acde48001122,mistral-small3.1:24b,direct,Full Context,diagnostic_condition,full_context_condition,True,2wikimultihopqa,multi_hop,entity,4000,scattered,low,unknown,Kujō Michiie,Kujō Michiie,p0001;p0002,p0001,True,1.0,1.0,1.0,1.0,1.0,1.0,1.0,0.5,0.6666666666666666,1.0,success,
2wikimultihopqa_2b4bd5020baf11ebab90acde48001122,mistral-small3.1:24b,retrieve_then_read,Retrieved Evidence,diagnostic_condition,evidence_narrowed_condition,True,2wikimultihopqa,multi_hop,entity,4000,scattered,low,unknown,Kujō Michiie,Kujō Michiie,p0001;p0002,p0002,True,1.0,1.0,1.0,1.0,1.0,1.0,1.0,0.5,0.6666666666666666,1.0,success,
2wikimultihopqa_2b4bd5020baf11ebab90acde48001122,mistral-small3.1:24b,oracle,Oracle Evidence,diagnostic_baseline,oracle_evidence_upper_reference,True,2wikimultihopqa,multi_hop,entity,4000,scattered,low,unknown,Kujō Michiie,Kujō Yoritsune,p0001;p0002,p0001,True,0.0,0.5,0.0,0.5,0.0,0.5,1.0,0.5,0.6666666666666666,1.0,evidence_integration_failure,
2wikimultihopqa_3647118c0bdd11eba7f7acde48001122,mistral-small3.1:24b,no_evidence,No Evidence,diagnostic_baseline,question_only_lower_bound,True,2wikimultihopqa,multi_hop,entity,8000,front,low,unknown,Madrid,unknown,p0001;p0002,,True,0.0,0.0,0.0,0.0,0.0,0.0,0.0,0.0,0.0,0.0,evidence_localization_failure,
2wikimultihopqa_3647118c0bdd11eba7f7acde48001122,mistral-small3.1:24b,direct,Full Context,diagnostic_condition,full_context_condition,True,2wikimultihopqa,multi_hop,entity,8000,front,low,unknown,Madrid,Madrid,p0001;p0002,p0002,True,1.0,1.0,1.0,1.0,1.0,1.0,1.0,0.5,0.6666666666666666,1.0,success,
2wikimultihopqa_3647118c0bdd11eba7f7acde48001122,mistral-small3.1:24b,retrieve_then_read,Retrieved Evidence,diagnostic_condition,evidence_narrowed_condition,True,2wikimultihopqa,multi_hop,entity,8000,front,low,unknown,Madrid,Madrid,p0001;p0002,p0001;p0002,True,1.0,1.0,1.0,1.0,1.0,1.0,1.0,1.0,1.0,1.0,success,
2wikimultihopqa_3647118c0bdd11eba7f7acde48001122,mistral-small3.1:24b,oracle,Oracle Evidence,diagnostic_baseline,oracle_evidence_upper_reference,True,2wikimultihopqa,multi_hop,entity,8000,front,low,unknown,Madrid,Madrid,p0001;p0002,p0001;p0002,True,1.0,1.0,1.0,1.0,1.0,1.0,1.0,1.0,1.0,1.0,success,
2wikimultihopqa_d6074911090011ebbdadac1f6bf848b6,mistral-small3.1:24b,no_evidence,No Evidence,diagnostic_baseline,question_only_lower_bound,True,2wikimultihopqa,comparison,entity,16000,middle,low,unknown,She Wore A Yellow Ribbon,She Wore A Yellow Ribbon,p0001;p0002,,True,1.0,1.0,1.0,1.0,1.0,1.0,0.0,0.0,0.0,0.0,success,
2wikimultihopqa_d6074911090011ebbdadac1f6bf848b6,mistral-small3.1:24b,direct,Full Context,diagnostic_condition,full_context_condition,True,2wikimultihopqa,comparison,entity,16000,middle,low,unknown,She Wore A Yellow Ribbon,Repeated Absences,p0001;p0002,p0001,True,0.0,0.0,0.0,0.0,0.0,0.0,1.0,0.5,0.6666666666666666,1.0,evidence_integration_failure,
2wikimultihopqa_d6074911090011ebbdadac1f6bf848b6,mistral-small3.1:24b,retrieve_then_read,Retrieved Evidence,diagnostic_condition,evidence_narrowed_condition,True,2wikimultihopqa,comparison,entity,16000,middle,low,unknown,She Wore A Yellow Ribbon,She Wore A Yellow Ribbon,p0001;p0002,p0001,True,1.0,1.0,1.0,1.0,1.0,1.0,1.0,0.5,0.6666666666666666,1.0,success,
2wikimultihopqa_d6074911090011ebbdadac1f6bf848b6,mistral-small3.1:24b,oracle,Oracle Evidence,diagnostic_baseline,oracle_evidence_upper_reference,True,2wikimultihopqa,comparison,entity,16000,middle,low,unknown,She Wore A Yellow Ribbon,She Wore a Yellow Ribbon,p0001;p0002,p0001;p0002,True,1.0,1.0,1.0,1.0,1.0,1.0,1.0,1.0,1.0,1.0,success,
2wikimultihopqa_146b7443086611ebbd5eac1f6bf848b6,mistral-small3.1:24b,no_evidence,No Evidence,diagnostic_baseline,question_only_lower_bound,True,2wikimultihopqa,comparison,entity,4000,end,low,unknown,Edward Dearle,Michael Doeberl,p0001;p0002,,True,0.0,0.0,0.0,0.0,0.0,0.0,0.0,0.0,0.0,0.0,evidence_localization_failure,
2wikimultihopqa_146b7443086611ebbd5eac1f6bf848b6,mistral-small3.1:24b,direct,Full Context,diagnostic_condition,full_context_condition,True,2wikimultihopqa,comparison,entity,4000,end,low,unknown,Edward Dearle,Michael Doeberl,p0001;p0002,p0001;p0002,True,0.0,0.0,0.0,0.0,0.0,0.0,1.0,1.0,1.0,1.0,answer_conversion_failure,
2wikimultihopqa_146b7443086611ebbd5eac1f6bf848b6,mistral-small3.1:24b,retrieve_then_read,Retrieved Evidence,diagnostic_condition,evidence_narrowed_condition,True,2wikimultihopqa,comparison,entity,4000,end,low,unknown,Edward Dearle,Michael Doeberl,p0001;p0002,p0001;p0002,True,0.0,0.0,0.0,0.0,0.0,0.0,1.0,1.0,1.0,1.0,answer_conversion_failure,
2wikimultihopqa_146b7443086611ebbd5eac1f6bf848b6,mistral-small3.1:24b,oracle,Oracle Evidence,diagnostic_baseline,oracle_evidence_upper_reference,True,2wikimultihopqa,comparison,entity,4000,end,low,unknown,Edward Dearle,Michael Doeberl,p0001;p0002,p0001;p0002,True,0.0,0.0,0.0,0.0,0.0,0.0,1.0,1.0,1.0,1.0,answer_conversion_failure,
2wikimultihopqa_ea1fc06c0bda11eba7f7acde48001122,mistral-small3.1:24b,no_evidence,No Evidence,diagnostic_baseline,question_only_lower_bound,True,2wikimultihopqa,multi_hop,entity,8000,scattered,low,unknown,United Nations,The Norwegian Institute of Public Health,p0001;p0002,,True,0.0,0.0,0.0,0.0,0.0,0.0,0.0,0.0,0.0,0.0,evidence_localization_failure,
2wikimultihopqa_ea1fc06c0bda11eba7f7acde48001122,mistral-small3.1:24b,direct,Full Context,diagnostic_condition,full_context_condition,True,2wikimultihopqa,multi_hop,entity,8000,scattered,low,unknown,United Nations,Norwegian government,p0001;p0002,p0001,True,0.0,0.0,0.0,0.0,0.0,0.0,1.0,0.5,0.6666666666666666,1.0,evidence_integration_failure,
2wikimultihopqa_ea1fc06c0bda11eba7f7acde48001122,mistral-small3.1:24b,retrieve_then_read,Retrieved Evidence,diagnostic_condition,evidence_narrowed_condition,True,2wikimultihopqa,multi_hop,entity,8000,scattered,low,unknown,United Nations,foreign minister,p0001;p0002,p0001,True,0.0,0.0,0.0,0.0,0.0,0.0,1.0,0.5,0.6666666666666666,1.0,evidence_integration_failure,
2wikimultihopqa_ea1fc06c0bda11eba7f7acde48001122,mistral-small3.1:24b,oracle,Oracle Evidence,diagnostic_baseline,oracle_evidence_upper_reference,True,2wikimultihopqa,multi_hop,entity,8000,scattered,low,unknown,United Nations,Norwegian government,p0001;p0002,p0001;p0002,True,0.0,0.0,0.0,0.0,0.0,0.0,1.0,1.0,1.0,1.0,answer_conversion_failure,
2wikimultihopqa_00c75ffc0bde11eba7f7acde48001122,mistral-small3.1:24b,no_evidence,No Evidence,diagnostic_baseline,question_only_lower_bound,True,2wikimultihopqa,multi_hop,entity,16000,front,low,unknown,Paris,unknown,p0001;p0002,,True,0.0,0.0,0.0,0.0,0.0,0.0,0.0,0.0,0.0,0.0,evidence_localization_failure,
2wikimultihopqa_00c75ffc0bde11eba7f7acde48001122,mistral-small3.1:24b,direct,Full Context,diagnostic_condition,full_context_condition,True,2wikimultihopqa,multi_hop,entity,16000,front,low,unknown,Paris,Alex Joffé,p0001;p0002,p0001,True,0.0,0.0,0.0,0.0,0.0,0.0,1.0,0.5,0.6666666666666666,1.0,evidence_integration_failure,
2wikimultihopqa_00c75ffc0bde11eba7f7acde48001122,mistral-small3.1:24b,retrieve_then_read,Retrieved Evidence,diagnostic_condition,evidence_narrowed_condition,True,2wikimultihopqa,multi_hop,entity,16000,front,low,unknown,Paris,Fredrikstad,p0001;p0002,,True,0.0,0.0,0.0,0.0,0.0,0.0,0.0,0.0,0.0,0.0,evidence_localization_failure,
2wikimultihopqa_00c75ffc0bde11eba7f7acde48001122,mistral-small3.1:24b,oracle,Oracle Evidence,diagnostic_baseline,oracle_evidence_upper_reference,True,2wikimultihopqa,multi_hop,entity,16000,front,low,unknown,Paris,unknown,p0001;p0002,p0001;p0002,True,0.0,0.0,0.0,0.0,0.0,0.0,1.0,1.0,1.0,1.0,answer_conversion_failure,
2wikimultihopqa_94198d580bb011ebab90acde48001122,mistral-small3.1:24b,no_evidence,No Evidence,diagnostic_baseline,question_only_lower_bound,True,2wikimultihopqa,multi_hop,entity,4000,middle,low,unknown,Mathilde of Bourbon,unknown,p0001;p0002,,True,0.0,0.0,0.0,0.0,0.0,0.0,0.0,0.0,0.0,0.0,evidence_localization_failure,
2wikimultihopqa_94198d580bb011ebab90acde48001122,mistral-small3.1:24b,direct,Full Context,diagnostic_condition,full_context_condition,True,2wikimultihopqa,multi_hop,entity,4000,middle,low,unknown,Mathilde of Bourbon,Margaret II of Flanders,p0001;p0002,p0001,True,0.0,0.28571428571428575,0.0,0.28571428571428575,0.0,0.28571428571428575,1.0,0.5,0.6666666666666666,1.0,evidence_integration_failure,
2wikimultihopqa_94198d580bb011ebab90acde48001122,mistral-small3.1:24b,retrieve_then_read,Retrieved Evidence,diagnostic_condition,evidence_narrowed_condition,True,2wikimultihopqa,multi_hop,entity,4000,middle,low,unknown,Mathilde of Bourbon,Richilde,p0001;p0002,,True,0.0,0.0,0.0,0.0,0.0,0.0,0.0,0.0,0.0,0.0,evidence_localization_failure,
2wikimultihopqa_94198d580bb011ebab90acde48001122,mistral-small3.1:24b,oracle,Oracle Evidence,diagnostic_baseline,oracle_evidence_upper_reference,True,2wikimultihopqa,multi_hop,entity,4000,middle,low,unknown,Mathilde of Bourbon,Mathilde of Bourbon,p0001;p0002,p0001;p0002,True,1.0,1.0,1.0,1.0,1.0,1.0,1.0,1.0,1.0,1.0,success,
2wikimultihopqa_71d8e20e0bdb11eba7f7acde48001122,mistral-small3.1:24b,no_evidence,No Evidence,diagnostic_baseline,question_only_lower_bound,True,2wikimultihopqa,multi_hop,entity,8000,end,low,unknown,London,London,p0001;p0002,,True,1.0,1.0,1.0,1.0,1.0,1.0,0.0,0.0,0.0,0.0,success,
2wikimultihopqa_71d8e20e0bdb11eba7f7acde48001122,mistral-small3.1:24b,direct,Full Context,diagnostic_condition,full_context_condition,True,2wikimultihopqa,multi_hop,entity,8000,end,low,unknown,London,London,p0001;p0002,p0001,True,1.0,1.0,1.0,1.0,1.0,1.0,1.0,0.5,0.6666666666666666,1.0,success,
2wikimultihopqa_71d8e20e0bdb11eba7f7acde48001122,mistral-small3.1:24b,retrieve_then_read,Retrieved Evidence,diagnostic_condition,evidence_narrowed_condition,True,2wikimultihopqa,multi_hop,entity,8000,end,low,unknown,London,"Cosenza, Italy",p0001;p0002,,True,0.0,0.0,0.0,0.0,0.0,0.0,0.0,0.0,0.0,0.0,evidence_localization_failure,
2wikimultihopqa_71d8e20e0bdb11eba7f7acde48001122,mistral-small3.1:24b,oracle,Oracle Evidence,diagnostic_baseline,oracle_evidence_upper_reference,True,2wikimultihopqa,multi_hop,entity,8000,end,low,unknown,London,London,p0001;p0002,p0001;p0002,True,1.0,1.0,1.0,1.0,1.0,1.0,1.0,1.0,1.0,1.0,success,
2wikimultihopqa_0323cdea090d11ebbdadac1f6bf848b6,mistral-small3.1:24b,no_evidence,No Evidence,diagnostic_baseline,question_only_lower_bound,True,2wikimultihopqa,comparison,entity,16000,scattered,low,unknown,Emmy Of Stork'S Nest,Emmy Of Stork'S Nest,p0001;p0002,,True,1.0,1.0,1.0,1.0,1.0,1.0,0.0,0.0,0.0,0.0,success,
2wikimultihopqa_0323cdea090d11ebbdadac1f6bf848b6,mistral-small3.1:24b,direct,Full Context,diagnostic_condition,full_context_condition,True,2wikimultihopqa,comparison,entity,16000,scattered,low,unknown,Emmy Of Stork'S Nest,Emmy Of Stork'S Nest,p0001;p0002,p0001,True,1.0,1.0,1.0,1.0,1.0,1.0,1.0,0.5,0.6666666666666666,1.0,success,
2wikimultihopqa_0323cdea090d11ebbdadac1f6bf848b6,mistral-small3.1:24b,retrieve_then_read,Retrieved Evidence,diagnostic_condition,evidence_narrowed_condition,True,2wikimultihopqa,comparison,entity,16000,scattered,low,unknown,Emmy Of Stork'S Nest,Emmy Of Stork'S Nest,p0001;p0002,p0001,True,1.0,1.0,1.0,1.0,1.0,1.0,1.0,0.5,0.6666666666666666,1.0,success,
2wikimultihopqa_0323cdea090d11ebbdadac1f6bf848b6,mistral-small3.1:24b,oracle,Oracle Evidence,diagnostic_baseline,oracle_evidence_upper_reference,True,2wikimultihopqa,comparison,entity,16000,scattered,low,unknown,Emmy Of Stork'S Nest,Emmy of Stork's Nest,p0001;p0002,p0001;p0002,True,1.0,1.0,1.0,1.0,1.0,1.0,1.0,1.0,1.0,1.0,success,
2wikimultihopqa_f7c153ce092e11ebbdaeac1f6bf848b6,mistral-small3.1:24b,no_evidence,No Evidence,diagnostic_baseline,question_only_lower_bound,True,2wikimultihopqa,comparison,string,4000,front,low,unknown,Celine: Through The Eyes Of The World,Dilan 1991,p0001;p0002,,True,0.0,0.0,0.0,0.0,0.0,0.0,0.0,0.0,0.0,0.0,evidence_localization_failure,
2wikimultihopqa_f7c153ce092e11ebbdaeac1f6bf848b6,mistral-small3.1:24b,direct,Full Context,diagnostic_condition,full_context_condition,True,2wikimultihopqa,comparison,string,4000,front,low,unknown,Celine: Through The Eyes Of The World,Dilan 1991,p0001;p0002,p0001,True,0.0,0.0,0.0,0.0,0.0,0.0,1.0,0.5,0.6666666666666666,1.0,evidence_integration_failure,
2wikimultihopqa_f7c153ce092e11ebbdaeac1f6bf848b6,mistral-small3.1:24b,retrieve_then_read,Retrieved Evidence,diagnostic_condition,evidence_narrowed_condition,True,2wikimultihopqa,comparison,string,4000,front,low,unknown,Celine: Through The Eyes Of The World,Celine: Through The Eyes Of The World,p0001;p0002,,True,1.0,1.0,1.0,1.0,1.0,1.0,0.0,0.0,0.0,0.0,success,
2wikimultihopqa_f7c153ce092e11ebbdaeac1f6bf848b6,mistral-small3.1:24b,oracle,Oracle Evidence,diagnostic_baseline,oracle_evidence_upper_reference,True,2wikimultihopqa,comparison,string,4000,front,low,unknown,Celine: Through The Eyes Of The World,Celine: Through The Eyes Of The World,p0001;p0002,p0001;p0002,True,1.0,1.0,1.0,1.0,1.0,1.0,1.0,1.0,1.0,1.0,success,
2wikimultihopqa_0f44750808e411ebbda4ac1f6bf848b6,mistral-small3.1:24b,no_evidence,No Evidence,diagnostic_baseline,question_only_lower_bound,True,2wikimultihopqa,comparison,entity,8000,middle,low,unknown,Lee Mantle,Silas Hardy,p0001;p0002,,True,0.0,0.0,0.0,0.0,0.0,0.0,0.0,0.0,0.0,0.0,evidence_localization_failure,
2wikimultihopqa_0f44750808e411ebbda4ac1f6bf848b6,mistral-small3.1:24b,direct,Full Context,diagnostic_condition,full_context_condition,True,2wikimultihopqa,comparison,entity,8000,middle,low,unknown,Lee Mantle,Silas Hardy,p0001;p0002,p0001;p0002,True,0.0,0.0,0.0,0.0,0.0,0.0,1.0,1.0,1.0,1.0,answer_conversion_failure,
2wikimultihopqa_0f44750808e411ebbda4ac1f6bf848b6,mistral-small3.1:24b,retrieve_then_read,Retrieved Evidence,diagnostic_condition,evidence_narrowed_condition,True,2wikimultihopqa,comparison,entity,8000,middle,low,unknown,Lee Mantle,Silas Hardy,p0001;p0002,p0002,True,0.0,0.0,0.0,0.0,0.0,0.0,1.0,0.5,0.6666666666666666,1.0,evidence_integration_failure,
2wikimultihopqa_0f44750808e411ebbda4ac1f6bf848b6,mistral-small3.1:24b,oracle,Oracle Evidence,diagnostic_baseline,oracle_evidence_upper_reference,True,2wikimultihopqa,comparison,entity,8000,middle,low,unknown,Lee Mantle,Lee Mantle,p0001;p0002,p0001;p0002,True,1.0,1.0,1.0,1.0,1.0,1.0,1.0,1.0,1.0,1.0,success,
2wikimultihopqa_e701105e0bdd11eba7f7acde48001122,mistral-small3.1:24b,no_evidence,No Evidence,diagnostic_baseline,question_only_lower_bound,True,2wikimultihopqa,multi_hop,entity,16000,end,low,unknown,Königsberg,St. George's Chapel,p0001;p0002,,True,0.0,0.0,0.0,0.0,0.0,0.0,0.0,0.0,0.0,0.0,evidence_localization_failure,
2wikimultihopqa_e701105e0bdd11eba7f7acde48001122,mistral-small3.1:24b,direct,Full Context,diagnostic_condition,full_context_condition,True,2wikimultihopqa,multi_hop,entity,16000,end,low,unknown,Königsberg,Gurievsk,p0001;p0002,p0001,True,0.0,0.0,0.0,0.0,0.0,0.0,1.0,0.5,0.6666666666666666,1.0,evidence_integration_failure,
2wikimultihopqa_e701105e0bdd11eba7f7acde48001122,mistral-small3.1:24b,retrieve_then_read,Retrieved Evidence,diagnostic_condition,evidence_narrowed_condition,True,2wikimultihopqa,multi_hop,entity,16000,end,low,unknown,Königsberg,Cleves,p0001;p0002,,True,0.0,0.0,0.0,0.0,0.0,0.0,0.0,0.0,0.0,0.0,evidence_localization_failure,
2wikimultihopqa_e701105e0bdd11eba7f7acde48001122,mistral-small3.1:24b,oracle,Oracle Evidence,diagnostic_baseline,oracle_evidence_upper_reference,True,2wikimultihopqa,multi_hop,entity,16000,end,low,unknown,Königsberg,Gurievsk,p0001;p0002,p0002,True,0.0,0.0,0.0,0.0,0.0,0.0,1.0,0.5,0.6666666666666666,1.0,evidence_integration_failure,
2wikimultihopqa_b5e9ef2c0bdd11eba7f7acde48001122,mistral-small3.1:24b,no_evidence,No Evidence,diagnostic_baseline,question_only_lower_bound,True,2wikimultihopqa,multi_hop,entity,4000,scattered,low,unknown,Homs,unknown,p0001;p0002,,True,0.0,0.0,0.0,0.0,0.0,0.0,0.0,0.0,0.0,0.0,evidence_localization_failure,
2wikimultihopqa_b5e9ef2c0bdd11eba7f7acde48001122,mistral-small3.1:24b,direct,Full Context,diagnostic_condition,full_context_condition,True,2wikimultihopqa,multi_hop,entity,4000,scattered,low,unknown,Homs,Homs,p0001;p0002,p0002,True,1.0,1.0,1.0,1.0,1.0,1.0,1.0,0.5,0.6666666666666666,1.0,success,
2wikimultihopqa_b5e9ef2c0bdd11eba7f7acde48001122,mistral-small3.1:24b,retrieve_then_read,Retrieved Evidence,diagnostic_condition,evidence_narrowed_condition,True,2wikimultihopqa,multi_hop,entity,4000,scattered,low,unknown,Homs,Syria,p0001;p0002,p0001,True,0.0,0.0,0.0,0.0,0.0,0.0,1.0,0.5,0.6666666666666666,1.0,evidence_integration_failure,
2wikimultihopqa_b5e9ef2c0bdd11eba7f7acde48001122,mistral-small3.1:24b,oracle,Oracle Evidence,diagnostic_baseline,oracle_evidence_upper_reference,True,2wikimultihopqa,multi_hop,entity,4000,scattered,low,unknown,Homs,Homs,p0001;p0002,p0002,True,1.0,1.0,1.0,1.0,1.0,1.0,1.0,0.5,0.6666666666666666,1.0,success,
2wikimultihopqa_48c8f7f80bdd11eba7f7acde48001122,mistral-small3.1:24b,no_evidence,No Evidence,diagnostic_baseline,question_only_lower_bound,True,2wikimultihopqa,multi_hop,entity,8000,front,low,unknown,Alain Poiré,unknown,p0001;p0002,,True,0.0,0.0,0.0,0.0,0.0,0.0,0.0,0.0,0.0,0.0,evidence_localization_failure,
2wikimultihopqa_48c8f7f80bdd11eba7f7acde48001122,mistral-small3.1:24b,direct,Full Context,diagnostic_condition,full_context_condition,True,2wikimultihopqa,multi_hop,entity,8000,front,low,unknown,Alain Poiré,Alain Poiré,p0001;p0002,p0001;p0002,True,1.0,1.0,1.0,1.0,1.0,1.0,1.0,1.0,1.0,1.0,success,
2wikimultihopqa_48c8f7f80bdd11eba7f7acde48001122,mistral-small3.1:24b,retrieve_then_read,Retrieved Evidence,diagnostic_condition,evidence_narrowed_condition,True,2wikimultihopqa,multi_hop,entity,8000,front,low,unknown,Alain Poiré,Peter Hamel,p0001;p0002,,True,0.0,0.0,0.0,0.0,0.0,0.0,0.0,0.0,0.0,0.0,evidence_localization_failure,
2wikimultihopqa_48c8f7f80bdd11eba7f7acde48001122,mistral-small3.1:24b,oracle,Oracle Evidence,diagnostic_baseline,oracle_evidence_upper_reference,True,2wikimultihopqa,multi_hop,entity,8000,front,low,unknown,Alain Poiré,Alain Poiré,p0001;p0002,p0001;p0002,True,1.0,1.0,1.0,1.0,1.0,1.0,1.0,1.0,1.0,1.0,success,
2wikimultihopqa_aa0370860bdb11eba7f7acde48001122,mistral-small3.1:24b,no_evidence,No Evidence,diagnostic_baseline,question_only_lower_bound,True,2wikimultihopqa,multi_hop,entity,16000,middle,low,unknown,"Naha, Okinawa","Nabari, Mie Prefecture, Japan",p0001;p0002,,True,0.0,0.0,0.0,0.0,0.0,0.0,0.0,0.0,0.0,0.0,evidence_localization_failure,
2wikimultihopqa_aa0370860bdb11eba7f7acde48001122,mistral-small3.1:24b,direct,Full Context,diagnostic_condition,full_context_condition,True,2wikimultihopqa,multi_hop,entity,16000,middle,low,unknown,"Naha, Okinawa","Naha, Okinawa, Japan",p0001;p0002,p0002,True,0.0,0.8,0.0,0.8,0.0,0.8,1.0,0.5,0.6666666666666666,1.0,evidence_integration_failure,
2wikimultihopqa_aa0370860bdb11eba7f7acde48001122,mistral-small3.1:24b,retrieve_then_read,Retrieved Evidence,diagnostic_condition,evidence_narrowed_condition,True,2wikimultihopqa,multi_hop,entity,16000,middle,low,unknown,"Naha, Okinawa","Naha, Okinawa, Japan",p0001;p0002,p0002,True,0.0,0.8,0.0,0.8,0.0,0.8,1.0,0.5,0.6666666666666666,1.0,evidence_integration_failure,
2wikimultihopqa_aa0370860bdb11eba7f7acde48001122,mistral-small3.1:24b,oracle,Oracle Evidence,diagnostic_baseline,oracle_evidence_upper_reference,True,2wikimultihopqa,multi_hop,entity,16000,middle,low,unknown,"Naha, Okinawa","Naha, Okinawa, Japan",p0001;p0002,p0001;p0002,True,0.0,0.8,0.0,0.8,0.0,0.8,1.0,1.0,1.0,1.0,answer_conversion_failure,
2wikimultihopqa_a5bed06e0bdc11eba7f7acde48001122,mistral-small3.1:24b,no_evidence,No Evidence,diagnostic_baseline,question_only_lower_bound,True,2wikimultihopqa,multi_hop,entity,4000,end,low,unknown,Byzantine,Armenian,p0001;p0002,,True,0.0,0.0,0.0,0.0,0.0,0.0,0.0,0.0,0.0,0.0,evidence_localization_failure,
2wikimultihopqa_a5bed06e0bdc11eba7f7acde48001122,mistral-small3.1:24b,direct,Full Context,diagnostic_condition,full_context_condition,True,2wikimultihopqa,multi_hop,entity,4000,end,low,unknown,Byzantine,,p0001;p0002,,True,0.0,0.0,0.0,0.0,0.0,0.0,0.0,0.0,0.0,0.0,evidence_localization_failure,json_object_not_found
2wikimultihopqa_a5bed06e0bdc11eba7f7acde48001122,mistral-small3.1:24b,retrieve_then_read,Retrieved Evidence,diagnostic_condition,evidence_narrowed_condition,True,2wikimultihopqa,multi_hop,entity,4000,end,low,unknown,Byzantine,Montbéliard,p0001;p0002,,True,0.0,0.0,0.0,0.0,0.0,0.0,0.0,0.0,0.0,0.0,evidence_localization_failure,
2wikimultihopqa_a5bed06e0bdc11eba7f7acde48001122,mistral-small3.1:24b,oracle,Oracle Evidence,diagnostic_baseline,oracle_evidence_upper_reference,True,2wikimultihopqa,multi_hop,entity,4000,end,low,unknown,Byzantine,Byzantine,p0001;p0002,p0001;p0002,True,1.0,1.0,1.0,1.0,1.0,1.0,1.0,1.0,1.0,1.0,success,
2wikimultihopqa_d13381ae08da11ebbd9cac1f6bf848b6,mistral-small3.1:24b,no_evidence,No Evidence,diagnostic_baseline,question_only_lower_bound,True,2wikimultihopqa,comparison,entity,8000,scattered,low,unknown,Viktoriya Zeynep Güneş,Viktoriya Zeynep Güneş,p0001;p0002,,True,1.0,1.0,1.0,1.0,1.0,1.0,0.0,0.0,0.0,0.0,success,
2wikimultihopqa_d13381ae08da11ebbd9cac1f6bf848b6,mistral-small3.1:24b,direct,Full Context,diagnostic_condition,full_context_condition,True,2wikimultihopqa,comparison,entity,8000,scattered,low,unknown,Viktoriya Zeynep Güneş,Joseph J. Magliocco,p0001;p0002,p0001,True,0.0,0.0,0.0,0.0,0.0,0.0,1.0,0.5,0.6666666666666666,1.0,evidence_integration_failure,
2wikimultihopqa_d13381ae08da11ebbd9cac1f6bf848b6,mistral-small3.1:24b,retrieve_then_read,Retrieved Evidence,diagnostic_condition,evidence_narrowed_condition,True,2wikimultihopqa,comparison,entity,8000,scattered,low,unknown,Viktoriya Zeynep Güneş,Joseph J. Magliocco,p0001;p0002,p0001,True,0.0,0.0,0.0,0.0,0.0,0.0,1.0,0.5,0.6666666666666666,1.0,evidence_integration_failure,
2wikimultihopqa_d13381ae08da11ebbd9cac1f6bf848b6,mistral-small3.1:24b,oracle,Oracle Evidence,diagnostic_baseline,oracle_evidence_upper_reference,True,2wikimultihopqa,comparison,entity,8000,scattered,low,unknown,Viktoriya Zeynep Güneş,Viktoriya Zeynep Güneş,p0001;p0002,p0001;p0002,True,1.0,1.0,1.0,1.0,1.0,1.0,1.0,1.0,1.0,1.0,success,
2wikimultihopqa_2294ccfc0bdc11eba7f7acde48001122,mistral-small3.1:24b,no_evidence,No Evidence,diagnostic_baseline,question_only_lower_bound,True,2wikimultihopqa,multi_hop,entity,16000,front,low,unknown,"August 8, 1975",unknown,p0001;p0002,,True,0.0,0.0,0.0,0.0,0.0,0.0,0.0,0.0,0.0,0.0,evidence_localization_failure,
2wikimultihopqa_2294ccfc0bdc11eba7f7acde48001122,mistral-small3.1:24b,direct,Full Context,diagnostic_condition,full_context_condition,True,2wikimultihopqa,multi_hop,entity,16000,front,low,unknown,"August 8, 1975","August 8, 1975",p0001;p0002,p0001,True,1.0,1.0,1.0,1.0,1.0,1.0,1.0,0.5,0.6666666666666666,1.0,success,
2wikimultihopqa_2294ccfc0bdc11eba7f7acde48001122,mistral-small3.1:24b,retrieve_then_read,Retrieved Evidence,diagnostic_condition,evidence_narrowed_condition,True,2wikimultihopqa,multi_hop,entity,16000,front,low,unknown,"August 8, 1975","May 31, 1977",p0001;p0002,,True,0.0,0.0,0.0,0.0,0.0,0.0,0.0,0.0,0.0,0.0,evidence_localization_failure,
2wikimultihopqa_2294ccfc0bdc11eba7f7acde48001122,mistral-small3.1:24b,oracle,Oracle Evidence,diagnostic_baseline,oracle_evidence_upper_reference,True,2wikimultihopqa,multi_hop,entity,16000,front,low,unknown,"August 8, 1975","August 8, 1975",p0001;p0002,p0001;p0002,True,1.0,1.0,1.0,1.0,1.0,1.0,1.0,1.0,1.0,1.0,success,
2wikimultihopqa_e8d8f7200bdd11eba7f7acde48001122,mistral-small3.1:24b,no_evidence,No Evidence,diagnostic_baseline,question_only_lower_bound,True,2wikimultihopqa,multi_hop,entity,4000,middle,low,unknown,Chuck Schumer,Anthony Weiner,p0001;p0002,,True,0.0,0.0,0.0,0.0,0.0,0.0,0.0,0.0,0.0,0.0,evidence_localization_failure,
2wikimultihopqa_e8d8f7200bdd11eba7f7acde48001122,mistral-small3.1:24b,direct,Full Context,diagnostic_condition,full_context_condition,True,2wikimultihopqa,multi_hop,entity,4000,middle,low,unknown,Chuck Schumer,Congress,p0001;p0002,p0001,True,0.0,0.0,0.0,0.0,0.0,0.0,1.0,0.5,0.6666666666666666,1.0,evidence_integration_failure,
2wikimultihopqa_e8d8f7200bdd11eba7f7acde48001122,mistral-small3.1:24b,retrieve_then_read,Retrieved Evidence,diagnostic_condition,evidence_narrowed_condition,True,2wikimultihopqa,multi_hop,entity,4000,middle,low,unknown,Chuck Schumer,BBC,p0001;p0002,,True,0.0,0.0,0.0,0.0,0.0,0.0,0.0,0.0,0.0,0.0,evidence_localization_failure,
2wikimultihopqa_e8d8f7200bdd11eba7f7acde48001122,mistral-small3.1:24b,oracle,Oracle Evidence,diagnostic_baseline,oracle_evidence_upper_reference,True,2wikimultihopqa,multi_hop,entity,4000,middle,low,unknown,Chuck Schumer,Congress,p0001;p0002,p0001;p0002,True,0.0,0.0,0.0,0.0,0.0,0.0,1.0,1.0,1.0,1.0,answer_conversion_failure,
2wikimultihopqa_c2ccbd23087811ebbd67ac1f6bf848b6,mistral-small3.1:24b,no_evidence,No Evidence,diagnostic_baseline,question_only_lower_bound,True,2wikimultihopqa,comparison,yes_no,8000,end,low,unknown,no,no,p0001;p0002,,True,1.0,1.0,1.0,1.0,1.0,1.0,0.0,0.0,0.0,0.0,success,
2wikimultihopqa_c2ccbd23087811ebbd67ac1f6bf848b6,mistral-small3.1:24b,direct,Full Context,diagnostic_condition,full_context_condition,True,2wikimultihopqa,comparison,yes_no,8000,end,low,unknown,no,no,p0001;p0002,p0001;p0002,True,1.0,1.0,1.0,1.0,1.0,1.0,1.0,1.0,1.0,1.0,success,
2wikimultihopqa_c2ccbd23087811ebbd67ac1f6bf848b6,mistral-small3.1:24b,retrieve_then_read,Retrieved Evidence,diagnostic_condition,evidence_narrowed_condition,True,2wikimultihopqa,comparison,yes_no,8000,end,low,unknown,no,"About A Wife, A Dream And Another...",p0001;p0002,p0001;p0002,True,0.0,0.0,0.0,0.0,0.0,0.0,1.0,1.0,1.0,1.0,answer_conversion_failure,
2wikimultihopqa_c2ccbd23087811ebbd67ac1f6bf848b6,mistral-small3.1:24b,oracle,Oracle Evidence,diagnostic_baseline,oracle_evidence_upper_reference,True,2wikimultihopqa,comparison,yes_no,8000,end,low,unknown,no,no,p0001;p0002,p0001;p0002,True,1.0,1.0,1.0,1.0,1.0,1.0,1.0,1.0,1.0,1.0,success,
2wikimultihopqa_cf06000e094611ebbdaeac1f6bf848b6,mistral-small3.1:24b,no_evidence,No Evidence,diagnostic_baseline,question_only_lower_bound,True,2wikimultihopqa,comparison,entity,16000,scattered,low,unknown,Les Résultats Du Féminisme,Out Of The Rain,p0001;p0002,,True,0.0,0.0,0.0,0.0,0.0,0.0,0.0,0.0,0.0,0.0,evidence_localization_failure,
2wikimultihopqa_cf06000e094611ebbdaeac1f6bf848b6,mistral-small3.1:24b,direct,Full Context,diagnostic_condition,full_context_condition,True,2wikimultihopqa,comparison,entity,16000,scattered,low,unknown,Les Résultats Du Féminisme,Les Résultats Du Féminisme,p0001;p0002,p0001;p0002,True,1.0,1.0,1.0,1.0,1.0,1.0,1.0,1.0,1.0,1.0,success,
2wikimultihopqa_cf06000e094611ebbdaeac1f6bf848b6,mistral-small3.1:24b,retrieve_then_read,Retrieved Evidence,diagnostic_condition,evidence_narrowed_condition,True,2wikimultihopqa,comparison,entity,16000,scattered,low,unknown,Les Résultats Du Féminisme,Les Résultats Du Féminisme,p0001;p0002,p0001;p0002,True,1.0,1.0,1.0,1.0,1.0,1.0,1.0,1.0,1.0,1.0,success,
2wikimultihopqa_cf06000e094611ebbdaeac1f6bf848b6,mistral-small3.1:24b,oracle,Oracle Evidence,diagnostic_baseline,oracle_evidence_upper_reference,True,2wikimultihopqa,comparison,entity,16000,scattered,low,unknown,Les Résultats Du Féminisme,Les Résultats du féminisme,p0001;p0002,p0001;p0002,True,1.0,1.0,1.0,1.0,1.0,1.0,1.0,1.0,1.0,1.0,success,
2wikimultihopqa_844fe30c0bda11eba7f7acde48001122,mistral-small3.1:24b,no_evidence,No Evidence,diagnostic_baseline,question_only_lower_bound,True,2wikimultihopqa,multi_hop,entity,4000,front,low,unknown,Florence,Rome,p0001;p0002,,True,0.0,0.0,0.0,0.0,0.0,0.0,0.0,0.0,0.0,0.0,evidence_localization_failure,
2wikimultihopqa_844fe30c0bda11eba7f7acde48001122,mistral-small3.1:24b,direct,Full Context,diagnostic_condition,full_context_condition,True,2wikimultihopqa,multi_hop,entity,4000,front,low,unknown,Florence,Florence,p0001;p0002,p0001,True,1.0,1.0,1.0,1.0,1.0,1.0,1.0,0.5,0.6666666666666666,1.0,success,
2wikimultihopqa_844fe30c0bda11eba7f7acde48001122,mistral-small3.1:24b,retrieve_then_read,Retrieved Evidence,diagnostic_condition,evidence_narrowed_condition,True,2wikimultihopqa,multi_hop,entity,4000,front,low,unknown,Florence,Florence,p0001;p0002,p0001,True,1.0,1.0,1.0,1.0,1.0,1.0,1.0,0.5,0.6666666666666666,1.0,success,
2wikimultihopqa_844fe30c0bda11eba7f7acde48001122,mistral-small3.1:24b,oracle,Oracle Evidence,diagnostic_baseline,oracle_evidence_upper_reference,True,2wikimultihopqa,multi_hop,entity,4000,front,low,unknown,Florence,Florence,p0001;p0002,p0002,True,1.0,1.0,1.0,1.0,1.0,1.0,1.0,0.5,0.6666666666666666,1.0,success,
2wikimultihopqa_c32ac4ca0bda11eba7f7acde48001122,mistral-small3.1:24b,no_evidence,No Evidence,diagnostic_baseline,question_only_lower_bound,True,2wikimultihopqa,multi_hop,entity,8000,middle,low,unknown,Helsingfors,unknown,p0001;p0002,,True,0.0,0.0,0.0,0.0,0.0,0.0,0.0,0.0,0.0,0.0,evidence_localization_failure,
2wikimultihopqa_c32ac4ca0bda11eba7f7acde48001122,mistral-small3.1:24b,direct,Full Context,diagnostic_condition,full_context_condition,True,2wikimultihopqa,multi_hop,entity,8000,middle,low,unknown,Helsingfors,Helsinki,p0001;p0002,p0002,True,0.0,0.0,0.0,0.0,0.0,0.0,1.0,0.5,0.6666666666666666,1.0,evidence_integration_failure,
2wikimultihopqa_c32ac4ca0bda11eba7f7acde48001122,mistral-small3.1:24b,retrieve_then_read,Retrieved Evidence,diagnostic_condition,evidence_narrowed_condition,True,2wikimultihopqa,multi_hop,entity,8000,middle,low,unknown,Helsingfors,Ireland,p0001;p0002,,True,0.0,0.0,0.0,0.0,0.0,0.0,0.0,0.0,0.0,0.0,evidence_localization_failure,
2wikimultihopqa_c32ac4ca0bda11eba7f7acde48001122,mistral-small3.1:24b,oracle,Oracle Evidence,diagnostic_baseline,oracle_evidence_upper_reference,True,2wikimultihopqa,multi_hop,entity,8000,middle,low,unknown,Helsingfors,Helsinki,p0001;p0002,p0001;p0002,True,0.0,0.0,0.0,0.0,0.0,0.0,1.0,1.0,1.0,1.0,answer_conversion_failure,
2wikimultihopqa_6021e2d80bde11eba7f7acde48001122,mistral-small3.1:24b,no_evidence,No Evidence,diagnostic_baseline,question_only_lower_bound,True,2wikimultihopqa,multi_hop,entity,16000,end,low,unknown,Dutch,Netherlands,p0001;p0002,,True,0.0,0.0,0.0,0.0,0.0,0.0,0.0,0.0,0.0,0.0,evidence_localization_failure,
2wikimultihopqa_6021e2d80bde11eba7f7acde48001122,mistral-small3.1:24b,direct,Full Context,diagnostic_condition,full_context_condition,True,2wikimultihopqa,multi_hop,entity,16000,end,low,unknown,Dutch,Netherlands,p0001;p0002,p0001,True,0.0,0.0,0.0,0.0,0.0,0.0,1.0,0.5,0.6666666666666666,1.0,evidence_integration_failure,
2wikimultihopqa_6021e2d80bde11eba7f7acde48001122,mistral-small3.1:24b,retrieve_then_read,Retrieved Evidence,diagnostic_condition,evidence_narrowed_condition,True,2wikimultihopqa,multi_hop,entity,16000,end,low,unknown,Dutch,Netherlands,p0001;p0002,,True,0.0,0.0,0.0,0.0,0.0,0.0,0.0,0.0,0.0,0.0,evidence_localization_failure,
2wikimultihopqa_6021e2d80bde11eba7f7acde48001122,mistral-small3.1:24b,oracle,Oracle Evidence,diagnostic_baseline,oracle_evidence_upper_reference,True,2wikimultihopqa,multi_hop,entity,16000,end,low,unknown,Dutch,Netherlands,p0001;p0002,p0001;p0002,True,0.0,0.0,0.0,0.0,0.0,0.0,1.0,1.0,1.0,1.0,answer_conversion_failure,
2wikimultihopqa_8eaa7497095c11ebbdaeac1f6bf848b6,mistral-small3.1:24b,no_evidence,No Evidence,diagnostic_baseline,question_only_lower_bound,True,2wikimultihopqa,comparison,entity,4000,scattered,low,unknown,Kids Of The Round Table,Sathyavan Savithri,p0001;p0002,,True,0.0,0.0,0.0,0.0,0.0,0.0,0.0,0.0,0.0,0.0,evidence_localization_failure,
2wikimultihopqa_8eaa7497095c11ebbdaeac1f6bf848b6,mistral-small3.1:24b,direct,Full Context,diagnostic_condition,full_context_condition,True,2wikimultihopqa,comparison,entity,4000,scattered,low,unknown,Kids Of The Round Table,Sathyavan Savithri,p0001;p0002,p0001,True,0.0,0.0,0.0,0.0,0.0,0.0,1.0,0.5,0.6666666666666666,1.0,evidence_integration_failure,
2wikimultihopqa_8eaa7497095c11ebbdaeac1f6bf848b6,mistral-small3.1:24b,retrieve_then_read,Retrieved Evidence,diagnostic_condition,evidence_narrowed_condition,True,2wikimultihopqa,comparison,entity,4000,scattered,low,unknown,Kids Of The Round Table,The Crazy Kids of the War,p0001;p0002,p0001,True,0.0,0.5,0.0,0.5,0.0,0.5,1.0,0.5,0.6666666666666666,1.0,evidence_integration_failure,
2wikimultihopqa_8eaa7497095c11ebbdaeac1f6bf848b6,mistral-small3.1:24b,oracle,Oracle Evidence,diagnostic_baseline,oracle_evidence_upper_reference,True,2wikimultihopqa,comparison,entity,4000,scattered,low,unknown,Kids Of The Round Table,Kids of the Round Table,p0001;p0002,p0001;p0002,True,1.0,1.0,1.0,1.0,1.0,1.0,1.0,1.0,1.0,1.0,success,
2wikimultihopqa_b5b63b160bdb11eba7f7acde48001122,mistral-small3.1:24b,no_evidence,No Evidence,diagnostic_baseline,question_only_lower_bound,True,2wikimultihopqa,multi_hop,entity,8000,front,low,unknown,Tisch,University of Southern Mississippi,p0001;p0002,,True,0.0,0.0,0.0,0.0,0.0,0.0,0.0,0.0,0.0,0.0,evidence_localization_failure,
2wikimultihopqa_b5b63b160bdb11eba7f7acde48001122,mistral-small3.1:24b,direct,Full Context,diagnostic_condition,full_context_condition,True,2wikimultihopqa,multi_hop,entity,8000,front,low,unknown,Tisch,Tisch School of the Arts of New York University,p0001;p0002,p0001,True,0.0,0.2222222222222222,0.0,0.2222222222222222,0.0,0.2222222222222222,1.0,0.5,0.6666666666666666,1.0,evidence_integration_failure,
2wikimultihopqa_b5b63b160bdb11eba7f7acde48001122,mistral-small3.1:24b,retrieve_then_read,Retrieved Evidence,diagnostic_condition,evidence_narrowed_condition,True,2wikimultihopqa,multi_hop,entity,8000,front,low,unknown,Tisch,Tisch School of the Arts of New York University,p0001;p0002,p0002,True,0.0,0.2222222222222222,0.0,0.2222222222222222,0.0,0.2222222222222222,1.0,0.5,0.6666666666666666,1.0,evidence_integration_failure,
2wikimultihopqa_b5b63b160bdb11eba7f7acde48001122,mistral-small3.1:24b,oracle,Oracle Evidence,diagnostic_baseline,oracle_evidence_upper_reference,True,2wikimultihopqa,multi_hop,entity,8000,front,low,unknown,Tisch,Tisch School of the Arts of New York University,p0001;p0002,p0001;p0002,True,0.0,0.2222222222222222,0.0,0.2222222222222222,0.0,0.2222222222222222,1.0,1.0,1.0,1.0,answer_conversion_failure,
2wikimultihopqa_4b1b91720bde11eba7f7acde48001122,mistral-small3.1:24b,no_evidence,No Evidence,diagnostic_baseline,question_only_lower_bound,True,2wikimultihopqa,multi_hop,entity,16000,middle,low,unknown,India,unknown,p0001;p0002,,True,0.0,0.0,0.0,0.0,0.0,0.0,0.0,0.0,0.0,0.0,evidence_localization_failure,
2wikimultihopqa_4b1b91720bde11eba7f7acde48001122,mistral-small3.1:24b,direct,Full Context,diagnostic_condition,full_context_condition,True,2wikimultihopqa,multi_hop,entity,16000,middle,low,unknown,India,Indian,p0001;p0002,p0001,True,0.0,0.0,0.0,0.0,0.0,0.0,1.0,0.5,0.6666666666666666,1.0,evidence_integration_failure,
2wikimultihopqa_4b1b91720bde11eba7f7acde48001122,mistral-small3.1:24b,retrieve_then_read,Retrieved Evidence,diagnostic_condition,evidence_narrowed_condition,True,2wikimultihopqa,multi_hop,entity,16000,middle,low,unknown,India,Indian,p0001;p0002,p0001,True,0.0,0.0,0.0,0.0,0.0,0.0,1.0,0.5,0.6666666666666666,1.0,evidence_integration_failure,
2wikimultihopqa_4b1b91720bde11eba7f7acde48001122,mistral-small3.1:24b,oracle,Oracle Evidence,diagnostic_baseline,oracle_evidence_upper_reference,True,2wikimultihopqa,multi_hop,entity,16000,middle,low,unknown,India,Indian,p0001;p0002,p0001;p0002,True,0.0,0.0,0.0,0.0,0.0,0.0,1.0,1.0,1.0,1.0,answer_conversion_failure,
2wikimultihopqa_5bf96996085111ebbd58ac1f6bf848b6,mistral-small3.1:24b,no_evidence,No Evidence,diagnostic_baseline,question_only_lower_bound,True,2wikimultihopqa,comparison,entity,4000,end,low,unknown,Xenoa,Divorce Invitation,p0001;p0002,,True,0.0,0.0,0.0,0.0,0.0,0.0,0.0,0.0,0.0,0.0,evidence_localization_failure,
2wikimultihopqa_5bf96996085111ebbd58ac1f6bf848b6,mistral-small3.1:24b,direct,Full Context,diagnostic_condition,full_context_condition,True,2wikimultihopqa,comparison,entity,4000,end,low,unknown,Xenoa,Xenoa,p0001;p0002,p0001;p0002,True,1.0,1.0,1.0,1.0,1.0,1.0,1.0,1.0,1.0,1.0,success,
2wikimultihopqa_5bf96996085111ebbd58ac1f6bf848b6,mistral-small3.1:24b,retrieve_then_read,Retrieved Evidence,diagnostic_condition,evidence_narrowed_condition,True,2wikimultihopqa,comparison,entity,4000,end,low,unknown,Xenoa,Xenoa,p0001;p0002,p0001;p0002,True,1.0,1.0,1.0,1.0,1.0,1.0,1.0,1.0,1.0,1.0,success,
2wikimultihopqa_5bf96996085111ebbd58ac1f6bf848b6,mistral-small3.1:24b,oracle,Oracle Evidence,diagnostic_baseline,oracle_evidence_upper_reference,True,2wikimultihopqa,comparison,entity,4000,end,low,unknown,Xenoa,Xenoa,p0001;p0002,p0001;p0002,True,1.0,1.0,1.0,1.0,1.0,1.0,1.0,1.0,1.0,1.0,success,
2wikimultihopqa_0458640a0bdd11eba7f7acde48001122,mistral-small3.1:24b,no_evidence,No Evidence,diagnostic_baseline,question_only_lower_bound,True,2wikimultihopqa,multi_hop,string,8000,scattered,low,unknown,leukemia,suicide,p0001;p0002,,True,0.0,0.0,0.0,0.0,0.0,0.0,0.0,0.0,0.0,0.0,evidence_localization_failure,
2wikimultihopqa_0458640a0bdd11eba7f7acde48001122,mistral-small3.1:24b,direct,Full Context,diagnostic_condition,full_context_condition,True,2wikimultihopqa,multi_hop,string,8000,scattered,low,unknown,leukemia,acute leukemia,p0001;p0002,p0002,True,0.0,0.6666666666666666,0.0,0.6666666666666666,0.0,0.6666666666666666,1.0,0.5,0.6666666666666666,1.0,evidence_integration_failure,
2wikimultihopqa_0458640a0bdd11eba7f7acde48001122,mistral-small3.1:24b,retrieve_then_read,Retrieved Evidence,diagnostic_condition,evidence_narrowed_condition,True,2wikimultihopqa,multi_hop,string,8000,scattered,low,unknown,leukemia,unknown,p0001;p0002,p0001,True,0.0,0.0,0.0,0.0,0.0,0.0,1.0,0.5,0.6666666666666666,1.0,evidence_integration_failure,
2wikimultihopqa_0458640a0bdd11eba7f7acde48001122,mistral-small3.1:24b,oracle,Oracle Evidence,diagnostic_baseline,oracle_evidence_upper_reference,True,2wikimultihopqa,multi_hop,string,8000,scattered,low,unknown,leukemia,acute leukemia,p0001;p0002,p0001;p0002,True,0.0,0.6666666666666666,0.0,0.6666666666666666,0.0,0.6666666666666666,1.0,1.0,1.0,1.0,answer_conversion_failure,
2wikimultihopqa_94dd39d80bdd11eba7f7acde48001122,mistral-small3.1:24b,no_evidence,No Evidence,diagnostic_baseline,question_only_lower_bound,True,2wikimultihopqa,multi_hop,entity,16000,front,low,unknown,Herstal,unknown,p0001;p0002,,True,0.0,0.0,0.0,0.0,0.0,0.0,0.0,0.0,0.0,0.0,evidence_localization_failure,
2wikimultihopqa_94dd39d80bdd11eba7f7acde48001122,mistral-small3.1:24b,direct,Full Context,diagnostic_condition,full_context_condition,True,2wikimultihopqa,multi_hop,entity,16000,front,low,unknown,Herstal,Herstal,p0001;p0002,p0002,True,1.0,1.0,1.0,1.0,1.0,1.0,1.0,0.5,0.6666666666666666,1.0,success,
2wikimultihopqa_94dd39d80bdd11eba7f7acde48001122,mistral-small3.1:24b,retrieve_then_read,Retrieved Evidence,diagnostic_condition,evidence_narrowed_condition,True,2wikimultihopqa,multi_hop,entity,16000,front,low,unknown,Herstal,Sparta,p0001;p0002,,True,0.0,0.0,0.0,0.0,0.0,0.0,0.0,0.0,0.0,0.0,evidence_localization_failure,
2wikimultihopqa_94dd39d80bdd11eba7f7acde48001122,mistral-small3.1:24b,oracle,Oracle Evidence,diagnostic_baseline,oracle_evidence_upper_reference,True,2wikimultihopqa,multi_hop,entity,16000,front,low,unknown,Herstal,Herstal,p0001;p0002,p0001;p0002,True,1.0,1.0,1.0,1.0,1.0,1.0,1.0,1.0,1.0,1.0,success,
2wikimultihopqa_abc68a180bd911eba7f7acde48001122,mistral-small3.1:24b,no_evidence,No Evidence,diagnostic_baseline,question_only_lower_bound,True,2wikimultihopqa,multi_hop,entity,4000,middle,low,unknown,22 January 1794,unknown,p0001;p0002,,True,0.0,0.0,0.0,0.0,0.0,0.0,0.0,0.0,0.0,0.0,evidence_localization_failure,
2wikimultihopqa_abc68a180bd911eba7f7acde48001122,mistral-small3.1:24b,direct,Full Context,diagnostic_condition,full_context_condition,True,2wikimultihopqa,multi_hop,entity,4000,middle,low,unknown,22 January 1794,22 January 1794,p0001;p0002,p0001,True,1.0,1.0,1.0,1.0,1.0,1.0,1.0,0.5,0.6666666666666666,1.0,success,
2wikimultihopqa_abc68a180bd911eba7f7acde48001122,mistral-small3.1:24b,retrieve_then_read,Retrieved Evidence,diagnostic_condition,evidence_narrowed_condition,True,2wikimultihopqa,multi_hop,entity,4000,middle,low,unknown,22 January 1794,28 January 1723,p0001;p0002,p0001,True,0.0,0.3333333333333333,0.0,0.3333333333333333,0.0,0.3333333333333333,1.0,0.5,0.6666666666666666,1.0,evidence_integration_failure,
2wikimultihopqa_abc68a180bd911eba7f7acde48001122,mistral-small3.1:24b,oracle,Oracle Evidence,diagnostic_baseline,oracle_evidence_upper_reference,True,2wikimultihopqa,multi_hop,entity,4000,middle,low,unknown,22 January 1794,22 January 1794,p0001;p0002,p0001;p0002,True,1.0,1.0,1.0,1.0,1.0,1.0,1.0,1.0,1.0,1.0,success,
2wikimultihopqa_363279db08d011ebbd95ac1f6bf848b6,mistral-small3.1:24b,no_evidence,No Evidence,diagnostic_baseline,question_only_lower_bound,True,2wikimultihopqa,comparison,entity,8000,end,medium,unknown,"It'S A Joke, Son!",The Thirty Nine Steps (1978 Film),p0001;p0002;p0003;p0004,,True,0.0,0.0,0.0,0.0,0.0,0.0,0.0,0.0,0.0,0.0,evidence_localization_failure,
2wikimultihopqa_363279db08d011ebbd95ac1f6bf848b6,mistral-small3.1:24b,direct,Full Context,diagnostic_condition,full_context_condition,True,2wikimultihopqa,comparison,entity,8000,end,medium,unknown,"It'S A Joke, Son!","It's a Joke, Son!",p0001;p0002;p0003;p0004,p0001;p0002,True,1.0,1.0,1.0,1.0,1.0,1.0,1.0,0.5,0.6666666666666666,1.0,success,
2wikimultihopqa_363279db08d011ebbd95ac1f6bf848b6,mistral-small3.1:24b,retrieve_then_read,Retrieved Evidence,diagnostic_condition,evidence_narrowed_condition,True,2wikimultihopqa,comparison,entity,8000,end,medium,unknown,"It'S A Joke, Son!","It's a Joke, Son!",p0001;p0002;p0003;p0004,p0001;p0003,True,1.0,1.0,1.0,1.0,1.0,1.0,1.0,0.5,0.6666666666666666,1.0,success,
2wikimultihopqa_363279db08d011ebbd95ac1f6bf848b6,mistral-small3.1:24b,oracle,Oracle Evidence,diagnostic_baseline,oracle_evidence_upper_reference,True,2wikimultihopqa,comparison,entity,8000,end,medium,unknown,"It'S A Joke, Son!","It's a Joke, Son!",p0001;p0002;p0003;p0004,p0001;p0003;p0004,True,1.0,1.0,1.0,1.0,1.0,1.0,1.0,0.75,0.8571428571428571,1.0,success,
2wikimultihopqa_bbccb00a08c211ebbd8cac1f6bf848b6,mistral-small3.1:24b,no_evidence,No Evidence,diagnostic_baseline,question_only_lower_bound,True,2wikimultihopqa,comparison,yes_no,16000,scattered,medium,unknown,yes,no,p0001;p0002;p0003;p0004,,True,0.0,0.0,0.0,0.0,0.0,0.0,0.0,0.0,0.0,0.0,evidence_localization_failure,
2wikimultihopqa_bbccb00a08c211ebbd8cac1f6bf848b6,mistral-small3.1:24b,direct,Full Context,diagnostic_condition,full_context_condition,True,2wikimultihopqa,comparison,yes_no,16000,scattered,medium,unknown,yes,no,p0001;p0002;p0003;p0004,p0001;p0002,True,0.0,0.0,0.0,0.0,0.0,0.0,1.0,0.5,0.6666666666666666,1.0,evidence_integration_failure,
2wikimultihopqa_bbccb00a08c211ebbd8cac1f6bf848b6,mistral-small3.1:24b,retrieve_then_read,Retrieved Evidence,diagnostic_condition,evidence_narrowed_condition,True,2wikimultihopqa,comparison,yes_no,16000,scattered,medium,unknown,yes,no,p0001;p0002;p0003;p0004,,True,0.0,0.0,0.0,0.0,0.0,0.0,0.0,0.0,0.0,0.0,evidence_localization_failure,
2wikimultihopqa_bbccb00a08c211ebbd8cac1f6bf848b6,mistral-small3.1:24b,oracle,Oracle Evidence,diagnostic_baseline,oracle_evidence_upper_reference,True,2wikimultihopqa,comparison,yes_no,16000,scattered,medium,unknown,yes,no,p0001;p0002;p0003;p0004,p0001;p0002,True,0.0,0.0,0.0,0.0,0.0,0.0,1.0,0.5,0.6666666666666666,1.0,evidence_integration_failure,
2wikimultihopqa_5c77f7ed08ac11ebbd82ac1f6bf848b6,mistral-small3.1:24b,no_evidence,No Evidence,diagnostic_baseline,question_only_lower_bound,True,2wikimultihopqa,comparison,entity,4000,front,low,unknown,Sabawoon Rehabilitation Centre,Whitehorse Manor Junior School,p0001;p0002,,True,0.0,0.0,0.0,0.0,0.0,0.0,0.0,0.0,0.0,0.0,evidence_localization_failure,
2wikimultihopqa_5c77f7ed08ac11ebbd82ac1f6bf848b6,mistral-small3.1:24b,direct,Full Context,diagnostic_condition,full_context_condition,True,2wikimultihopqa,comparison,entity,4000,front,low,unknown,Sabawoon Rehabilitation Centre,Whitehorse Manor Junior School,p0001;p0002,,True,0.0,0.0,0.0,0.0,0.0,0.0,0.0,0.0,0.0,0.0,evidence_localization_failure,
2wikimultihopqa_5c77f7ed08ac11ebbd82ac1f6bf848b6,mistral-small3.1:24b,retrieve_then_read,Retrieved Evidence,diagnostic_condition,evidence_narrowed_condition,True,2wikimultihopqa,comparison,entity,4000,front,low,unknown,Sabawoon Rehabilitation Centre,Sabawoon Rehabilitation Centre,p0001;p0002,,True,1.0,1.0,1.0,1.0,1.0,1.0,0.0,0.0,0.0,0.0,success,
2wikimultihopqa_5c77f7ed08ac11ebbd82ac1f6bf848b6,mistral-small3.1:24b,oracle,Oracle Evidence,diagnostic_baseline,oracle_evidence_upper_reference,True,2wikimultihopqa,comparison,entity,4000,front,low,unknown,Sabawoon Rehabilitation Centre,Sabawoon Rehabilitation Centre,p0001;p0002,p0001;p0002,True,1.0,1.0,1.0,1.0,1.0,1.0,1.0,1.0,1.0,1.0,success,
2wikimultihopqa_b4e780a5088f11ebbd72ac1f6bf848b6,mistral-small3.1:24b,no_evidence,No Evidence,diagnostic_baseline,question_only_lower_bound,True,2wikimultihopqa,comparison,yes_no,8000,middle,low,unknown,yes,no,p0001;p0002,,True,0.0,0.0,0.0,0.0,0.0,0.0,0.0,0.0,0.0,0.0,evidence_localization_failure,
2wikimultihopqa_b4e780a5088f11ebbd72ac1f6bf848b6,mistral-small3.1:24b,direct,Full Context,diagnostic_condition,full_context_condition,True,2wikimultihopqa,comparison,yes_no,8000,middle,low,unknown,yes,yes,p0001;p0002,p0001;p0002,True,1.0,1.0,1.0,1.0,1.0,1.0,1.0,1.0,1.0,1.0,success,
2wikimultihopqa_b4e780a5088f11ebbd72ac1f6bf848b6,mistral-small3.1:24b,retrieve_then_read,Retrieved Evidence,diagnostic_condition,evidence_narrowed_condition,True,2wikimultihopqa,comparison,yes_no,8000,middle,low,unknown,yes,no,p0001;p0002,p0001;p0002,True,0.0,0.0,0.0,0.0,0.0,0.0,1.0,1.0,1.0,1.0,answer_conversion_failure,
2wikimultihopqa_b4e780a5088f11ebbd72ac1f6bf848b6,mistral-small3.1:24b,oracle,Oracle Evidence,diagnostic_baseline,oracle_evidence_upper_reference,True,2wikimultihopqa,comparison,yes_no,8000,middle,low,unknown,yes,yes,p0001;p0002,p0001;p0002,True,1.0,1.0,1.0,1.0,1.0,1.0,1.0,1.0,1.0,1.0,success,
2wikimultihopqa_97ce0ec00baf11ebab90acde48001122,mistral-small3.1:24b,no_evidence,No Evidence,diagnostic_baseline,question_only_lower_bound,True,2wikimultihopqa,multi_hop,entity,16000,end,low,unknown,Stanisław Leszczyński,Stanisław Leszczyński,p0001;p0002,,True,1.0,1.0,1.0,1.0,1.0,1.0,0.0,0.0,0.0,0.0,success,
2wikimultihopqa_97ce0ec00baf11ebab90acde48001122,mistral-small3.1:24b,direct,Full Context,diagnostic_condition,full_context_condition,True,2wikimultihopqa,multi_hop,entity,16000,end,low,unknown,Stanisław Leszczyński,Stanisław Leszczyński,p0001;p0002,p0001,True,1.0,1.0,1.0,1.0,1.0,1.0,1.0,0.5,0.6666666666666666,1.0,success,
2wikimultihopqa_97ce0ec00baf11ebab90acde48001122,mistral-small3.1:24b,retrieve_then_read,Retrieved Evidence,diagnostic_condition,evidence_narrowed_condition,True,2wikimultihopqa,multi_hop,entity,16000,end,low,unknown,Stanisław Leszczyński,Stanisław Leszczyński,p0001;p0002,p0002,True,1.0,1.0,1.0,1.0,1.0,1.0,1.0,0.5,0.6666666666666666,1.0,success,
2wikimultihopqa_97ce0ec00baf11ebab90acde48001122,mistral-small3.1:24b,oracle,Oracle Evidence,diagnostic_baseline,oracle_evidence_upper_reference,True,2wikimultihopqa,multi_hop,entity,16000,end,low,unknown,Stanisław Leszczyński,Stanisław Leszczyński,p0001;p0002,p0001;p0002,True,1.0,1.0,1.0,1.0,1.0,1.0,1.0,1.0,1.0,1.0,success,
2wikimultihopqa_69a7e9ca08e011ebbda1ac1f6bf848b6,mistral-small3.1:24b,no_evidence,No Evidence,diagnostic_baseline,question_only_lower_bound,True,2wikimultihopqa,comparison,entity,4000,scattered,medium,unknown,Leave It To Henry,Leave It To Henry,p0001;p0002;p0003;p0004,,True,1.0,1.0,1.0,1.0,1.0,1.0,0.0,0.0,0.0,0.0,success,
2wikimultihopqa_69a7e9ca08e011ebbda1ac1f6bf848b6,mistral-small3.1:24b,direct,Full Context,diagnostic_condition,full_context_condition,True,2wikimultihopqa,comparison,entity,4000,scattered,medium,unknown,Leave It To Henry,Leave It To Henry,p0001;p0002;p0003;p0004,p0003,True,1.0,1.0,1.0,1.0,1.0,1.0,1.0,0.25,0.4,1.0,success,
2wikimultihopqa_69a7e9ca08e011ebbda1ac1f6bf848b6,mistral-small3.1:24b,retrieve_then_read,Retrieved Evidence,diagnostic_condition,evidence_narrowed_condition,True,2wikimultihopqa,comparison,entity,4000,scattered,medium,unknown,Leave It To Henry,Leave It to Me,p0001;p0002;p0003;p0004,,True,0.0,0.75,0.0,0.75,0.0,0.75,0.0,0.0,0.0,0.0,evidence_localization_failure,
2wikimultihopqa_69a7e9ca08e011ebbda1ac1f6bf848b6,mistral-small3.1:24b,oracle,Oracle Evidence,diagnostic_baseline,oracle_evidence_upper_reference,True,2wikimultihopqa,comparison,entity,4000,scattered,medium,unknown,Leave It To Henry,Leave It to Henry,p0001;p0002;p0003;p0004,p0001;p0002;p0003,True,1.0,1.0,1.0,1.0,1.0,1.0,1.0,0.75,0.8571428571428571,1.0,success,
2wikimultihopqa_04a544a40bde11eba7f7acde48001122,mistral-small3.1:24b,no_evidence,No Evidence,diagnostic_baseline,question_only_lower_bound,True,2wikimultihopqa,multi_hop,entity,8000,front,low,unknown,3 August 979,unknown,p0001;p0002,,True,0.0,0.0,0.0,0.0,0.0,0.0,0.0,0.0,0.0,0.0,evidence_localization_failure,
2wikimultihopqa_04a544a40bde11eba7f7acde48001122,mistral-small3.1:24b,direct,Full Context,diagnostic_condition,full_context_condition,True,2wikimultihopqa,multi_hop,entity,8000,front,low,unknown,3 August 979,1 September 1015,p0001;p0002,p0001,True,0.0,0.0,0.0,0.0,0.0,0.0,1.0,0.5,0.6666666666666666,1.0,evidence_integration_failure,
2wikimultihopqa_04a544a40bde11eba7f7acde48001122,mistral-small3.1:24b,retrieve_then_read,Retrieved Evidence,diagnostic_condition,evidence_narrowed_condition,True,2wikimultihopqa,multi_hop,entity,8000,front,low,unknown,3 August 979,993,p0001;p0002,,True,0.0,0.0,0.0,0.0,0.0,0.0,0.0,0.0,0.0,0.0,evidence_localization_failure,
2wikimultihopqa_04a544a40bde11eba7f7acde48001122,mistral-small3.1:24b,oracle,Oracle Evidence,diagnostic_baseline,oracle_evidence_upper_reference,True,2wikimultihopqa,multi_hop,entity,8000,front,low,unknown,3 August 979,3 August 979,p0001;p0002,p0001;p0002,True,1.0,1.0,1.0,1.0,1.0,1.0,1.0,1.0,1.0,1.0,success,
2wikimultihopqa_4f49c369098d11ebbdb0ac1f6bf848b6,mistral-small3.1:24b,no_evidence,No Evidence,diagnostic_baseline,question_only_lower_bound,True,2wikimultihopqa,comparison,yes_no,16000,middle,low,unknown,yes,yes,p0001;p0002,,True,1.0,1.0,1.0,1.0,1.0,1.0,0.0,0.0,0.0,0.0,success,
2wikimultihopqa_4f49c369098d11ebbdb0ac1f6bf848b6,mistral-small3.1:24b,direct,Full Context,diagnostic_condition,full_context_condition,True,2wikimultihopqa,comparison,yes_no,16000,middle,low,unknown,yes,no,p0001;p0002,p0001;p0002,True,0.0,0.0,0.0,0.0,0.0,0.0,1.0,1.0,1.0,1.0,answer_conversion_failure,
2wikimultihopqa_4f49c369098d11ebbdb0ac1f6bf848b6,mistral-small3.1:24b,retrieve_then_read,Retrieved Evidence,diagnostic_condition,evidence_narrowed_condition,True,2wikimultihopqa,comparison,yes_no,16000,middle,low,unknown,yes,no,p0001;p0002,p0001;p0002,True,0.0,0.0,0.0,0.0,0.0,0.0,1.0,1.0,1.0,1.0,answer_conversion_failure,
2wikimultihopqa_4f49c369098d11ebbdb0ac1f6bf848b6,mistral-small3.1:24b,oracle,Oracle Evidence,diagnostic_baseline,oracle_evidence_upper_reference,True,2wikimultihopqa,comparison,yes_no,16000,middle,low,unknown,yes,no,p0001;p0002,p0001;p0002,True,0.0,0.0,0.0,0.0,0.0,0.0,1.0,1.0,1.0,1.0,answer_conversion_failure,
2wikimultihopqa_a982212e08a311ebbd7bac1f6bf848b6,mistral-small3.1:24b,no_evidence,No Evidence,diagnostic_baseline,question_only_lower_bound,True,2wikimultihopqa,comparison,entity,4000,end,low,unknown,Ulti Ganga,I Am Breathing,p0001;p0002,,True,0.0,0.0,0.0,0.0,0.0,0.0,0.0,0.0,0.0,0.0,evidence_localization_failure,
2wikimultihopqa_a982212e08a311ebbd7bac1f6bf848b6,mistral-small3.1:24b,direct,Full Context,diagnostic_condition,full_context_condition,True,2wikimultihopqa,comparison,entity,4000,end,low,unknown,Ulti Ganga,I Am Breathing,p0001;p0002,p0001,True,0.0,0.0,0.0,0.0,0.0,0.0,1.0,0.5,0.6666666666666666,1.0,evidence_integration_failure,
2wikimultihopqa_a982212e08a311ebbd7bac1f6bf848b6,mistral-small3.1:24b,retrieve_then_read,Retrieved Evidence,diagnostic_condition,evidence_narrowed_condition,True,2wikimultihopqa,comparison,entity,4000,end,low,unknown,Ulti Ganga,I Am Breathing,p0001;p0002,p0001,True,0.0,0.0,0.0,0.0,0.0,0.0,1.0,0.5,0.6666666666666666,1.0,evidence_integration_failure,
2wikimultihopqa_a982212e08a311ebbd7bac1f6bf848b6,mistral-small3.1:24b,oracle,Oracle Evidence,diagnostic_baseline,oracle_evidence_upper_reference,True,2wikimultihopqa,comparison,entity,4000,end,low,unknown,Ulti Ganga,Ulti Ganga,p0001;p0002,p0001;p0002,True,1.0,1.0,1.0,1.0,1.0,1.0,1.0,1.0,1.0,1.0,success,
2wikimultihopqa_c30b9f8108b211ebbd85ac1f6bf848b6,mistral-small3.1:24b,no_evidence,No Evidence,diagnostic_baseline,question_only_lower_bound,True,2wikimultihopqa,comparison,entity,8000,scattered,low,unknown,Charlotte Spurkeland,Levon Julfalakyan,p0001;p0002,,True,0.0,0.0,0.0,0.0,0.0,0.0,0.0,0.0,0.0,0.0,evidence_localization_failure,
2wikimultihopqa_c30b9f8108b211ebbd85ac1f6bf848b6,mistral-small3.1:24b,direct,Full Context,diagnostic_condition,full_context_condition,True,2wikimultihopqa,comparison,entity,8000,scattered,low,unknown,Charlotte Spurkeland,Levon Julfalakyan,p0001;p0002,p0001;p0002,True,0.0,0.0,0.0,0.0,0.0,0.0,1.0,1.0,1.0,1.0,answer_conversion_failure,
2wikimultihopqa_c30b9f8108b211ebbd85ac1f6bf848b6,mistral-small3.1:24b,retrieve_then_read,Retrieved Evidence,diagnostic_condition,evidence_narrowed_condition,True,2wikimultihopqa,comparison,entity,8000,scattered,low,unknown,Charlotte Spurkeland,Charlotte Spurkeland,p0001;p0002,p0001;p0002,True,1.0,1.0,1.0,1.0,1.0,1.0,1.0,1.0,1.0,1.0,success,
2wikimultihopqa_c30b9f8108b211ebbd85ac1f6bf848b6,mistral-small3.1:24b,oracle,Oracle Evidence,diagnostic_baseline,oracle_evidence_upper_reference,True,2wikimultihopqa,comparison,entity,8000,scattered,low,unknown,Charlotte Spurkeland,Charlotte Spurkeland,p0001;p0002,p0001;p0002,True,1.0,1.0,1.0,1.0,1.0,1.0,1.0,1.0,1.0,1.0,success,
2wikimultihopqa_a08505d20bdc11eba7f7acde48001122,mistral-small3.1:24b,no_evidence,No Evidence,diagnostic_baseline,question_only_lower_bound,True,2wikimultihopqa,multi_hop,entity,16000,front,low,unknown,Aldo Parisot,unknown,p0001;p0002,,True,0.0,0.0,0.0,0.0,0.0,0.0,0.0,0.0,0.0,0.0,evidence_localization_failure,
2wikimultihopqa_a08505d20bdc11eba7f7acde48001122,mistral-small3.1:24b,direct,Full Context,diagnostic_condition,full_context_condition,True,2wikimultihopqa,multi_hop,entity,16000,front,low,unknown,Aldo Parisot,Aldo Parisot,p0001;p0002,p0001,True,1.0,1.0,1.0,1.0,1.0,1.0,1.0,0.5,0.6666666666666666,1.0,success,
2wikimultihopqa_a08505d20bdc11eba7f7acde48001122,mistral-small3.1:24b,retrieve_then_read,Retrieved Evidence,diagnostic_condition,evidence_narrowed_condition,True,2wikimultihopqa,multi_hop,entity,16000,front,low,unknown,Aldo Parisot,unknown,p0001;p0002,,True,0.0,0.0,0.0,0.0,0.0,0.0,0.0,0.0,0.0,0.0,evidence_localization_failure,
2wikimultihopqa_a08505d20bdc11eba7f7acde48001122,mistral-small3.1:24b,oracle,Oracle Evidence,diagnostic_baseline,oracle_evidence_upper_reference,True,2wikimultihopqa,multi_hop,entity,16000,front,low,unknown,Aldo Parisot,Aldo Parisot,p0001;p0002,p0001;p0002,True,1.0,1.0,1.0,1.0,1.0,1.0,1.0,1.0,1.0,1.0,success,
2wikimultihopqa_982f8e440bdb11eba7f7acde48001122,mistral-small3.1:24b,no_evidence,No Evidence,diagnostic_baseline,question_only_lower_bound,True,2wikimultihopqa,multi_hop,number,4000,middle,low,unknown,1886,1845,p0001;p0002,,True,0.0,0.0,0.0,0.0,0.0,0.0,0.0,0.0,0.0,0.0,evidence_localization_failure,
2wikimultihopqa_982f8e440bdb11eba7f7acde48001122,mistral-small3.1:24b,direct,Full Context,diagnostic_condition,full_context_condition,True,2wikimultihopqa,multi_hop,number,4000,middle,low,unknown,1886,1886,p0001;p0002,p0002,True,1.0,1.0,1.0,1.0,1.0,1.0,1.0,0.5,0.6666666666666666,1.0,success,
2wikimultihopqa_982f8e440bdb11eba7f7acde48001122,mistral-small3.1:24b,retrieve_then_read,Retrieved Evidence,diagnostic_condition,evidence_narrowed_condition,True,2wikimultihopqa,multi_hop,number,4000,middle,low,unknown,1886,unknown,p0001;p0002,,True,0.0,0.0,0.0,0.0,0.0,0.0,0.0,0.0,0.0,0.0,evidence_localization_failure,
2wikimultihopqa_982f8e440bdb11eba7f7acde48001122,mistral-small3.1:24b,oracle,Oracle Evidence,diagnostic_baseline,oracle_evidence_upper_reference,True,2wikimultihopqa,multi_hop,number,4000,middle,low,unknown,1886,1886,p0001;p0002,p0001;p0002,True,1.0,1.0,1.0,1.0,1.0,1.0,1.0,1.0,1.0,1.0,success,
2wikimultihopqa_5142f59e0bda11eba7f7acde48001122,mistral-small3.1:24b,no_evidence,No Evidence,diagnostic_baseline,question_only_lower_bound,True,2wikimultihopqa,multi_hop,entity,8000,end,low,unknown,Nevele,unknown,p0001;p0002,,True,0.0,0.0,0.0,0.0,0.0,0.0,0.0,0.0,0.0,0.0,evidence_localization_failure,
2wikimultihopqa_5142f59e0bda11eba7f7acde48001122,mistral-small3.1:24b,direct,Full Context,diagnostic_condition,full_context_condition,True,2wikimultihopqa,multi_hop,entity,8000,end,low,unknown,Nevele,Nevele,p0001;p0002,p0001,True,1.0,1.0,1.0,1.0,1.0,1.0,1.0,0.5,0.6666666666666666,1.0,success,
2wikimultihopqa_5142f59e0bda11eba7f7acde48001122,mistral-small3.1:24b,retrieve_then_read,Retrieved Evidence,diagnostic_condition,evidence_narrowed_condition,True,2wikimultihopqa,multi_hop,entity,8000,end,low,unknown,Nevele,Nevele,p0001;p0002,,True,1.0,1.0,1.0,1.0,1.0,1.0,0.0,0.0,0.0,0.0,success,
2wikimultihopqa_5142f59e0bda11eba7f7acde48001122,mistral-small3.1:24b,oracle,Oracle Evidence,diagnostic_baseline,oracle_evidence_upper_reference,True,2wikimultihopqa,multi_hop,entity,8000,end,low,unknown,Nevele,Nevele,p0001;p0002,p0001;p0002,True,1.0,1.0,1.0,1.0,1.0,1.0,1.0,1.0,1.0,1.0,success,
2wikimultihopqa_041581680bdc11eba7f7acde48001122,mistral-small3.1:24b,no_evidence,No Evidence,diagnostic_baseline,question_only_lower_bound,True,2wikimultihopqa,multi_hop,entity,16000,scattered,low,unknown,Manchester,Manchester,p0001;p0002,,True,1.0,1.0,1.0,1.0,1.0,1.0,0.0,0.0,0.0,0.0,success,
2wikimultihopqa_041581680bdc11eba7f7acde48001122,mistral-small3.1:24b,direct,Full Context,diagnostic_condition,full_context_condition,True,2wikimultihopqa,multi_hop,entity,16000,scattered,low,unknown,Manchester,Manchester,p0001;p0002,p0002,True,1.0,1.0,1.0,1.0,1.0,1.0,1.0,0.5,0.6666666666666666,1.0,success,
2wikimultihopqa_041581680bdc11eba7f7acde48001122,mistral-small3.1:24b,retrieve_then_read,Retrieved Evidence,diagnostic_condition,evidence_narrowed_condition,True,2wikimultihopqa,multi_hop,entity,16000,scattered,low,unknown,Manchester,Manchester,p0001;p0002,,True,1.0,1.0,1.0,1.0,1.0,1.0,0.0,0.0,0.0,0.0,success,
2wikimultihopqa_041581680bdc11eba7f7acde48001122,mistral-small3.1:24b,oracle,Oracle Evidence,diagnostic_baseline,oracle_evidence_upper_reference,True,2wikimultihopqa,multi_hop,entity,16000,scattered,low,unknown,Manchester,Manchester,p0001;p0002,p0001;p0002,True,1.0,1.0,1.0,1.0,1.0,1.0,1.0,1.0,1.0,1.0,success,
2wikimultihopqa_ad43c9300bdb11eba7f7acde48001122,mistral-small3.1:24b,no_evidence,No Evidence,diagnostic_baseline,question_only_lower_bound,True,2wikimultihopqa,multi_hop,entity,4000,front,low,unknown,Tantallon Castle,unknown,p0001;p0002,,True,0.0,0.0,0.0,0.0,0.0,0.0,0.0,0.0,0.0,0.0,evidence_localization_failure,
2wikimultihopqa_ad43c9300bdb11eba7f7acde48001122,mistral-small3.1:24b,direct,Full Context,diagnostic_condition,full_context_condition,True,2wikimultihopqa,multi_hop,entity,4000,front,low,unknown,Tantallon Castle,Tantallon Castle,p0001;p0002,p0001,True,1.0,1.0,1.0,1.0,1.0,1.0,1.0,0.5,0.6666666666666666,1.0,success,
2wikimultihopqa_ad43c9300bdb11eba7f7acde48001122,mistral-small3.1:24b,retrieve_then_read,Retrieved Evidence,diagnostic_condition,evidence_narrowed_condition,True,2wikimultihopqa,multi_hop,entity,4000,front,low,unknown,Tantallon Castle,Douglas Castle,p0001;p0002,,True,0.0,0.5,0.0,0.5,0.0,0.5,0.0,0.0,0.0,0.0,evidence_localization_failure,
2wikimultihopqa_ad43c9300bdb11eba7f7acde48001122,mistral-small3.1:24b,oracle,Oracle Evidence,diagnostic_baseline,oracle_evidence_upper_reference,True,2wikimultihopqa,multi_hop,entity,4000,front,low,unknown,Tantallon Castle,Tantallon Castle,p0001;p0002,p0001;p0002,True,1.0,1.0,1.0,1.0,1.0,1.0,1.0,1.0,1.0,1.0,success,
2wikimultihopqa_5839dbac0bde11eba7f7acde48001122,mistral-small3.1:24b,no_evidence,No Evidence,diagnostic_baseline,question_only_lower_bound,True,2wikimultihopqa,multi_hop,entity,8000,middle,low,unknown,American,unknown,p0001;p0002,,True,0.0,0.0,0.0,0.0,0.0,0.0,0.0,0.0,0.0,0.0,evidence_localization_failure,
2wikimultihopqa_5839dbac0bde11eba7f7acde48001122,mistral-small3.1:24b,direct,Full Context,diagnostic_condition,full_context_condition,True,2wikimultihopqa,multi_hop,entity,8000,middle,low,unknown,American,Spanish,p0001;p0002,p0006,True,0.0,0.0,0.0,0.0,0.0,0.0,0.0,0.0,0.0,0.0,evidence_selection_failure,
2wikimultihopqa_5839dbac0bde11eba7f7acde48001122,mistral-small3.1:24b,retrieve_then_read,Retrieved Evidence,diagnostic_condition,evidence_narrowed_condition,True,2wikimultihopqa,multi_hop,entity,8000,middle,low,unknown,American,Spanish,p0001;p0002,,True,0.0,0.0,0.0,0.0,0.0,0.0,0.0,0.0,0.0,0.0,evidence_localization_failure,
2wikimultihopqa_5839dbac0bde11eba7f7acde48001122,mistral-small3.1:24b,oracle,Oracle Evidence,diagnostic_baseline,oracle_evidence_upper_reference,True,2wikimultihopqa,multi_hop,entity,8000,middle,low,unknown,American,West German,p0001;p0002,p0001,True,0.0,0.0,0.0,0.0,0.0,0.0,1.0,0.5,0.6666666666666666,1.0,evidence_integration_failure,
2wikimultihopqa_22d296de0bde11eba7f7acde48001122,mistral-small3.1:24b,no_evidence,No Evidence,diagnostic_baseline,question_only_lower_bound,True,2wikimultihopqa,multi_hop,entity,16000,end,low,unknown,Sochi,Stalingrad,p0001;p0002,,True,0.0,0.0,0.0,0.0,0.0,0.0,0.0,0.0,0.0,0.0,evidence_localization_failure,
2wikimultihopqa_22d296de0bde11eba7f7acde48001122,mistral-small3.1:24b,direct,Full Context,diagnostic_condition,full_context_condition,True,2wikimultihopqa,multi_hop,entity,16000,end,low,unknown,Sochi,unknown,p0001;p0002,,True,0.0,0.0,0.0,0.0,0.0,0.0,0.0,0.0,0.0,0.0,evidence_localization_failure,
2wikimultihopqa_22d296de0bde11eba7f7acde48001122,mistral-small3.1:24b,retrieve_then_read,Retrieved Evidence,diagnostic_condition,evidence_narrowed_condition,True,2wikimultihopqa,multi_hop,entity,16000,end,low,unknown,Sochi,unknown,p0001;p0002,,True,0.0,0.0,0.0,0.0,0.0,0.0,0.0,0.0,0.0,0.0,evidence_localization_failure,
2wikimultihopqa_22d296de0bde11eba7f7acde48001122,mistral-small3.1:24b,oracle,Oracle Evidence,diagnostic_baseline,oracle_evidence_upper_reference,True,2wikimultihopqa,multi_hop,entity,16000,end,low,unknown,Sochi,unknown,p0001;p0002,,True,0.0,0.0,0.0,0.0,0.0,0.0,0.0,0.0,0.0,0.0,evidence_localization_failure,
2wikimultihopqa_ae85fcce089411ebbd75ac1f6bf848b6,mistral-small3.1:24b,no_evidence,No Evidence,diagnostic_baseline,question_only_lower_bound,True,2wikimultihopqa,comparison,entity,4000,scattered,medium,unknown,Trainer And Temptress,Trainer And Temptress,p0001;p0002;p0003;p0004,,True,1.0,1.0,1.0,1.0,1.0,1.0,0.0,0.0,0.0,0.0,success,
2wikimultihopqa_ae85fcce089411ebbd75ac1f6bf848b6,mistral-small3.1:24b,direct,Full Context,diagnostic_condition,full_context_condition,True,2wikimultihopqa,comparison,entity,4000,scattered,medium,unknown,Trainer And Temptress,Santa Fe Uprising,p0001;p0002;p0003;p0004,p0001;p0002,True,0.0,0.0,0.0,0.0,0.0,0.0,1.0,0.5,0.6666666666666666,1.0,evidence_integration_failure,
2wikimultihopqa_ae85fcce089411ebbd75ac1f6bf848b6,mistral-small3.1:24b,retrieve_then_read,Retrieved Evidence,diagnostic_condition,evidence_narrowed_condition,True,2wikimultihopqa,comparison,entity,4000,scattered,medium,unknown,Trainer And Temptress,Trainer And Temptress,p0001;p0002;p0003;p0004,,True,1.0,1.0,1.0,1.0,1.0,1.0,0.0,0.0,0.0,0.0,success,
2wikimultihopqa_ae85fcce089411ebbd75ac1f6bf848b6,mistral-small3.1:24b,oracle,Oracle Evidence,diagnostic_baseline,oracle_evidence_upper_reference,True,2wikimultihopqa,comparison,entity,4000,scattered,medium,unknown,Trainer And Temptress,Trainer and Temptress,p0001;p0002;p0003;p0004,p0001;p0002;p0003,True,1.0,1.0,1.0,1.0,1.0,1.0,1.0,0.75,0.8571428571428571,1.0,success,
2wikimultihopqa_c01a2fa8087111ebbd63ac1f6bf848b6,mistral-small3.1:24b,no_evidence,No Evidence,diagnostic_baseline,question_only_lower_bound,True,2wikimultihopqa,comparison,entity,8000,front,medium,unknown,Adam'S Rib,Thendral Veesum,p0001;p0002;p0003;p0004,,True,0.0,0.0,0.0,0.0,0.0,0.0,0.0,0.0,0.0,0.0,evidence_localization_failure,
2wikimultihopqa_c01a2fa8087111ebbd63ac1f6bf848b6,mistral-small3.1:24b,direct,Full Context,diagnostic_condition,full_context_condition,True,2wikimultihopqa,comparison,entity,8000,front,medium,unknown,Adam'S Rib,Adam's Rib,p0001;p0002;p0003;p0004,p0003,True,1.0,1.0,1.0,1.0,1.0,1.0,1.0,0.25,0.4,1.0,success,
2wikimultihopqa_c01a2fa8087111ebbd63ac1f6bf848b6,mistral-small3.1:24b,retrieve_then_read,Retrieved Evidence,diagnostic_condition,evidence_narrowed_condition,True,2wikimultihopqa,comparison,entity,8000,front,medium,unknown,Adam'S Rib,Adam's Rib,p0001;p0002;p0003;p0004,p0004,True,1.0,1.0,1.0,1.0,1.0,1.0,1.0,0.25,0.4,1.0,success,
2wikimultihopqa_c01a2fa8087111ebbd63ac1f6bf848b6,mistral-small3.1:24b,oracle,Oracle Evidence,diagnostic_baseline,oracle_evidence_upper_reference,True,2wikimultihopqa,comparison,entity,8000,front,medium,unknown,Adam'S Rib,Adam's Rib,p0001;p0002;p0003;p0004,p0001;p0003;p0002,True,1.0,1.0,1.0,1.0,1.0,1.0,1.0,0.75,0.8571428571428571,1.0,success,
2wikimultihopqa_9c3ff1040bdb11eba7f7acde48001122,mistral-small3.1:24b,no_evidence,No Evidence,diagnostic_baseline,question_only_lower_bound,True,2wikimultihopqa,multi_hop,entity,16000,middle,low,unknown,French,Italy,p0001;p0002,,True,0.0,0.0,0.0,0.0,0.0,0.0,0.0,0.0,0.0,0.0,evidence_localization_failure,
2wikimultihopqa_9c3ff1040bdb11eba7f7acde48001122,mistral-small3.1:24b,direct,Full Context,diagnostic_condition,full_context_condition,True,2wikimultihopqa,multi_hop,entity,16000,middle,low,unknown,French,Canada,p0001;p0002,p0001,True,0.0,0.0,0.0,0.0,0.0,0.0,1.0,0.5,0.6666666666666666,1.0,evidence_integration_failure,
2wikimultihopqa_9c3ff1040bdb11eba7f7acde48001122,mistral-small3.1:24b,retrieve_then_read,Retrieved Evidence,diagnostic_condition,evidence_narrowed_condition,True,2wikimultihopqa,multi_hop,entity,16000,middle,low,unknown,French,Canada,p0001;p0002,,True,0.0,0.0,0.0,0.0,0.0,0.0,0.0,0.0,0.0,0.0,evidence_localization_failure,
2wikimultihopqa_9c3ff1040bdb11eba7f7acde48001122,mistral-small3.1:24b,oracle,Oracle Evidence,diagnostic_baseline,oracle_evidence_upper_reference,True,2wikimultihopqa,multi_hop,entity,16000,middle,low,unknown,French,Canada,p0001;p0002,p0001;p0002,True,0.0,0.0,0.0,0.0,0.0,0.0,1.0,1.0,1.0,1.0,answer_conversion_failure,
2wikimultihopqa_81ca57e60bdc11eba7f7acde48001122,mistral-small3.1:24b,no_evidence,No Evidence,diagnostic_baseline,question_only_lower_bound,True,2wikimultihopqa,multi_hop,entity,4000,end,low,unknown,"Winnipeg, Manitoba",unknown,p0001;p0002,,True,0.0,0.0,0.0,0.0,0.0,0.0,0.0,0.0,0.0,0.0,evidence_localization_failure,
2wikimultihopqa_81ca57e60bdc11eba7f7acde48001122,mistral-small3.1:24b,direct,Full Context,diagnostic_condition,full_context_condition,True,2wikimultihopqa,multi_hop,entity,4000,end,low,unknown,"Winnipeg, Manitoba","Winnipeg, Manitoba",p0001;p0002,p0002,True,1.0,1.0,1.0,1.0,1.0,1.0,1.0,0.5,0.6666666666666666,1.0,success,
2wikimultihopqa_81ca57e60bdc11eba7f7acde48001122,mistral-small3.1:24b,retrieve_then_read,Retrieved Evidence,diagnostic_condition,evidence_narrowed_condition,True,2wikimultihopqa,multi_hop,entity,4000,end,low,unknown,"Winnipeg, Manitoba","Cottingham, England",p0001;p0002,,True,0.0,0.0,0.0,0.0,0.0,0.0,0.0,0.0,0.0,0.0,evidence_localization_failure,
2wikimultihopqa_81ca57e60bdc11eba7f7acde48001122,mistral-small3.1:24b,oracle,Oracle Evidence,diagnostic_baseline,oracle_evidence_upper_reference,True,2wikimultihopqa,multi_hop,entity,4000,end,low,unknown,"Winnipeg, Manitoba","Winnipeg, Manitoba",p0001;p0002,p0001;p0002,True,1.0,1.0,1.0,1.0,1.0,1.0,1.0,1.0,1.0,1.0,success,
2wikimultihopqa_dc6985ea096211ebbdafac1f6bf848b6,mistral-small3.1:24b,no_evidence,No Evidence,diagnostic_baseline,question_only_lower_bound,True,2wikimultihopqa,comparison,entity,8000,scattered,low,unknown,Noerr,Noerr,p0001;p0002,,True,1.0,1.0,1.0,1.0,1.0,1.0,0.0,0.0,0.0,0.0,success,
2wikimultihopqa_dc6985ea096211ebbdafac1f6bf848b6,mistral-small3.1:24b,direct,Full Context,diagnostic_condition,full_context_condition,True,2wikimultihopqa,comparison,entity,8000,scattered,low,unknown,Noerr,Noerr,p0001;p0002,p0001,True,1.0,1.0,1.0,1.0,1.0,1.0,1.0,0.5,0.6666666666666666,1.0,success,
2wikimultihopqa_dc6985ea096211ebbdafac1f6bf848b6,mistral-small3.1:24b,retrieve_then_read,Retrieved Evidence,diagnostic_condition,evidence_narrowed_condition,True,2wikimultihopqa,comparison,entity,8000,scattered,low,unknown,Noerr,Korn Ferry,p0001;p0002,,True,0.0,0.0,0.0,0.0,0.0,0.0,0.0,0.0,0.0,0.0,evidence_localization_failure,
2wikimultihopqa_dc6985ea096211ebbdafac1f6bf848b6,mistral-small3.1:24b,oracle,Oracle Evidence,diagnostic_baseline,oracle_evidence_upper_reference,True,2wikimultihopqa,comparison,entity,8000,scattered,low,unknown,Noerr,Noerr,p0001;p0002,p0001;p0002,True,1.0,1.0,1.0,1.0,1.0,1.0,1.0,1.0,1.0,1.0,success,
2wikimultihopqa_30ee74680bde11eba7f7acde48001122,mistral-small3.1:24b,no_evidence,No Evidence,diagnostic_baseline,question_only_lower_bound,True,2wikimultihopqa,multi_hop,entity,16000,front,low,unknown,Villafranca del Bierzo,unknown,p0001;p0002,,True,0.0,0.0,0.0,0.0,0.0,0.0,0.0,0.0,0.0,0.0,evidence_localization_failure,
2wikimultihopqa_30ee74680bde11eba7f7acde48001122,mistral-small3.1:24b,direct,Full Context,diagnostic_condition,full_context_condition,True,2wikimultihopqa,multi_hop,entity,16000,front,low,unknown,Villafranca del Bierzo,Villafranca,p0001;p0002,p0001,True,0.0,0.5,0.0,0.5,0.0,0.5,1.0,0.5,0.6666666666666666,1.0,evidence_integration_failure,
2wikimultihopqa_30ee74680bde11eba7f7acde48001122,mistral-small3.1:24b,retrieve_then_read,Retrieved Evidence,diagnostic_condition,evidence_narrowed_condition,True,2wikimultihopqa,multi_hop,entity,16000,front,low,unknown,Villafranca del Bierzo,Spain,p0001;p0002,,True,0.0,0.0,0.0,0.0,0.0,0.0,0.0,0.0,0.0,0.0,evidence_localization_failure,
2wikimultihopqa_30ee74680bde11eba7f7acde48001122,mistral-small3.1:24b,oracle,Oracle Evidence,diagnostic_baseline,oracle_evidence_upper_reference,True,2wikimultihopqa,multi_hop,entity,16000,front,low,unknown,Villafranca del Bierzo,Spain,p0001;p0002,p0002,True,0.0,0.0,0.0,0.0,0.0,0.0,1.0,0.5,0.6666666666666666,1.0,evidence_integration_failure,
2wikimultihopqa_f491b33e0bda11eba7f7acde48001122,mistral-small3.1:24b,no_evidence,No Evidence,diagnostic_baseline,question_only_lower_bound,True,2wikimultihopqa,multi_hop,entity,4000,middle,low,unknown,Jean Hersholt Humanitarian Award,unknown,p0001;p0002,,True,0.0,0.0,0.0,0.0,0.0,0.0,0.0,0.0,0.0,0.0,evidence_localization_failure,
2wikimultihopqa_f491b33e0bda11eba7f7acde48001122,mistral-small3.1:24b,direct,Full Context,diagnostic_condition,full_context_condition,True,2wikimultihopqa,multi_hop,entity,4000,middle,low,unknown,Jean Hersholt Humanitarian Award,Jean Hersholt Humanitarian Award,p0001;p0002,p0002,True,1.0,1.0,1.0,1.0,1.0,1.0,1.0,0.5,0.6666666666666666,1.0,success,
2wikimultihopqa_f491b33e0bda11eba7f7acde48001122,mistral-small3.1:24b,retrieve_then_read,Retrieved Evidence,diagnostic_condition,evidence_narrowed_condition,True,2wikimultihopqa,multi_hop,entity,4000,middle,low,unknown,Jean Hersholt Humanitarian Award,unknown,p0001;p0002,,True,0.0,0.0,0.0,0.0,0.0,0.0,0.0,0.0,0.0,0.0,evidence_localization_failure,
2wikimultihopqa_f491b33e0bda11eba7f7acde48001122,mistral-small3.1:24b,oracle,Oracle Evidence,diagnostic_baseline,oracle_evidence_upper_reference,True,2wikimultihopqa,multi_hop,entity,4000,middle,low,unknown,Jean Hersholt Humanitarian Award,Jean Hersholt Humanitarian Award,p0001;p0002,p0001;p0002,True,1.0,1.0,1.0,1.0,1.0,1.0,1.0,1.0,1.0,1.0,success,
2wikimultihopqa_5b637e060bb011ebab90acde48001122,mistral-small3.1:24b,no_evidence,No Evidence,diagnostic_baseline,question_only_lower_bound,True,2wikimultihopqa,multi_hop,string,8000,end,low,unknown,"Princess Madeleine, Duchess of Hälsingland and Gästrikland",Queen Silvia,p0001;p0002,,True,0.0,0.0,0.0,0.0,0.0,0.0,0.0,0.0,0.0,0.0,evidence_localization_failure,
2wikimultihopqa_5b637e060bb011ebab90acde48001122,mistral-small3.1:24b,direct,Full Context,diagnostic_condition,full_context_condition,True,2wikimultihopqa,multi_hop,string,8000,end,low,unknown,"Princess Madeleine, Duchess of Hälsingland and Gästrikland",Princess Madeleine,p0001;p0002,p0001,True,0.0,0.4444444444444445,0.0,0.4444444444444445,0.0,0.4444444444444445,1.0,0.5,0.6666666666666666,1.0,evidence_integration_failure,
2wikimultihopqa_5b637e060bb011ebab90acde48001122,mistral-small3.1:24b,retrieve_then_read,Retrieved Evidence,diagnostic_condition,evidence_narrowed_condition,True,2wikimultihopqa,multi_hop,string,8000,end,low,unknown,"Princess Madeleine, Duchess of Hälsingland and Gästrikland",Princess Madeleine,p0001;p0002,p0001,True,0.0,0.4444444444444445,0.0,0.4444444444444445,0.0,0.4444444444444445,1.0,0.5,0.6666666666666666,1.0,evidence_integration_failure,
2wikimultihopqa_5b637e060bb011ebab90acde48001122,mistral-small3.1:24b,oracle,Oracle Evidence,diagnostic_baseline,oracle_evidence_upper_reference,True,2wikimultihopqa,multi_hop,string,8000,end,low,unknown,"Princess Madeleine, Duchess of Hälsingland and Gästrikland",Princess Madeleine,p0001;p0002,p0001,True,0.0,0.4444444444444445,0.0,0.4444444444444445,0.0,0.4444444444444445,1.0,0.5,0.6666666666666666,1.0,evidence_integration_failure,
2wikimultihopqa_1a2188840bb011ebab90acde48001122,mistral-small3.1:24b,no_evidence,No Evidence,diagnostic_baseline,question_only_lower_bound,True,2wikimultihopqa,multi_hop,entity,16000,scattered,low,unknown,Princess Augusta of Schwarzburg-Sondershausen,Princess Louise of Denmark,p0001;p0002,,True,0.0,0.5,0.0,0.4444444444444445,0.0,0.5,0.0,0.0,0.0,0.0,evidence_localization_failure,
2wikimultihopqa_1a2188840bb011ebab90acde48001122,mistral-small3.1:24b,direct,Full Context,diagnostic_condition,full_context_condition,True,2wikimultihopqa,multi_hop,entity,16000,scattered,low,unknown,Princess Augusta of Schwarzburg-Sondershausen,Princess Emma of Anhalt-Bernburg-Schaumburg-Hoym,p0001;p0002,p0001,True,0.0,0.5,0.0,0.3333333333333333,0.0,0.5,1.0,0.5,0.6666666666666666,1.0,evidence_integration_failure,
2wikimultihopqa_1a2188840bb011ebab90acde48001122,mistral-small3.1:24b,retrieve_then_read,Retrieved Evidence,diagnostic_condition,evidence_narrowed_condition,True,2wikimultihopqa,multi_hop,entity,16000,scattered,low,unknown,Princess Augusta of Schwarzburg-Sondershausen,Countess Palatine Christiane Henriette of Zweibrücken-Birkenfeld,p0001;p0002,,True,0.0,0.2,0.0,0.16666666666666666,0.0,0.2,0.0,0.0,0.0,0.0,evidence_localization_failure,
2wikimultihopqa_1a2188840bb011ebab90acde48001122,mistral-small3.1:24b,oracle,Oracle Evidence,diagnostic_baseline,oracle_evidence_upper_reference,True,2wikimultihopqa,multi_hop,entity,16000,scattered,low,unknown,Princess Augusta of Schwarzburg-Sondershausen,Countess Princess Augusta of Schwarzburg-Sondershausen,p0001;p0002,p0001;p0002,True,0.0,0.888888888888889,0.0,0.9090909090909091,0.0,0.888888888888889,1.0,1.0,1.0,1.0,answer_conversion_failure,
2wikimultihopqa_d1fd9cbe0bdc11eba7f7acde48001122,mistral-small3.1:24b,no_evidence,No Evidence,diagnostic_baseline,question_only_lower_bound,True,2wikimultihopqa,multi_hop,entity,4000,front,low,unknown,Cahiers du cinéma,unknown,p0001;p0002,,True,0.0,0.0,0.0,0.0,0.0,0.0,0.0,0.0,0.0,0.0,evidence_localization_failure,
2wikimultihopqa_d1fd9cbe0bdc11eba7f7acde48001122,mistral-small3.1:24b,direct,Full Context,diagnostic_condition,full_context_condition,True,2wikimultihopqa,multi_hop,entity,4000,front,low,unknown,Cahiers du cinéma,film and TV,p0001;p0002,p0001;p0008;p0009,True,0.0,0.0,0.0,0.0,0.0,0.0,0.3333333333333333,0.5,0.4,1.0,evidence_integration_failure,
2wikimultihopqa_d1fd9cbe0bdc11eba7f7acde48001122,mistral-small3.1:24b,retrieve_then_read,Retrieved Evidence,diagnostic_condition,evidence_narrowed_condition,True,2wikimultihopqa,multi_hop,entity,4000,front,low,unknown,Cahiers du cinéma,film and TV,p0001;p0002,,True,0.0,0.0,0.0,0.0,0.0,0.0,0.0,0.0,0.0,0.0,evidence_localization_failure,
2wikimultihopqa_d1fd9cbe0bdc11eba7f7acde48001122,mistral-small3.1:24b,oracle,Oracle Evidence,diagnostic_baseline,oracle_evidence_upper_reference,True,2wikimultihopqa,multi_hop,entity,4000,front,low,unknown,Cahiers du cinéma,Cahiers du cinéma,p0001;p0002,p0001;p0002,True,1.0,1.0,1.0,1.0,1.0,1.0,1.0,1.0,1.0,1.0,success,
2wikimultihopqa_909aa544086411ebbd5eac1f6bf848b6,mistral-small3.1:24b,no_evidence,No Evidence,diagnostic_baseline,question_only_lower_bound,True,2wikimultihopqa,comparison,entity,8000,middle,medium,unknown,"Figaro-Ci, Figaro-Là","Figaro-Ci, Figaro-Là",p0001;p0002;p0003;p0004,,True,1.0,1.0,1.0,1.0,1.0,1.0,0.0,0.0,0.0,0.0,success,
2wikimultihopqa_909aa544086411ebbd5eac1f6bf848b6,mistral-small3.1:24b,direct,Full Context,diagnostic_condition,full_context_condition,True,2wikimultihopqa,comparison,entity,8000,middle,medium,unknown,"Figaro-Ci, Figaro-Là","Figaro-ci, Figaro-là",p0001;p0002;p0003;p0004,p0001;p0002,True,1.0,1.0,1.0,1.0,1.0,1.0,1.0,0.5,0.6666666666666666,1.0,success,
2wikimultihopqa_909aa544086411ebbd5eac1f6bf848b6,mistral-small3.1:24b,retrieve_then_read,Retrieved Evidence,diagnostic_condition,evidence_narrowed_condition,True,2wikimultihopqa,comparison,entity,8000,middle,medium,unknown,"Figaro-Ci, Figaro-Là","Figaro-ci, Figaro-là",p0001;p0002;p0003;p0004,p0003;p0004,True,1.0,1.0,1.0,1.0,1.0,1.0,1.0,0.5,0.6666666666666666,1.0,success,
2wikimultihopqa_909aa544086411ebbd5eac1f6bf848b6,mistral-small3.1:24b,oracle,Oracle Evidence,diagnostic_baseline,oracle_evidence_upper_reference,True,2wikimultihopqa,comparison,entity,8000,middle,medium,unknown,"Figaro-Ci, Figaro-Là","Figaro-ci, Figaro-là",p0001;p0002;p0003;p0004,p0001;p0002;p0003,True,1.0,1.0,1.0,1.0,1.0,1.0,1.0,0.75,0.8571428571428571,1.0,success,
2wikimultihopqa_47806bc308c411ebbd8eac1f6bf848b6,mistral-small3.1:24b,no_evidence,No Evidence,diagnostic_baseline,question_only_lower_bound,True,2wikimultihopqa,comparison,entity,16000,end,low,unknown,Farber'S Nerve,Farber's Nerve,p0001;p0002,,True,1.0,1.0,1.0,1.0,1.0,1.0,0.0,0.0,0.0,0.0,success,
2wikimultihopqa_47806bc308c411ebbd8eac1f6bf848b6,mistral-small3.1:24b,direct,Full Context,diagnostic_condition,full_context_condition,True,2wikimultihopqa,comparison,entity,16000,end,low,unknown,Farber'S Nerve,Ekam – Son Of Soil,p0001;p0002,p0001,True,0.0,0.0,0.0,0.0,0.0,0.0,1.0,0.5,0.6666666666666666,1.0,evidence_integration_failure,
2wikimultihopqa_47806bc308c411ebbd8eac1f6bf848b6,mistral-small3.1:24b,retrieve_then_read,Retrieved Evidence,diagnostic_condition,evidence_narrowed_condition,True,2wikimultihopqa,comparison,entity,16000,end,low,unknown,Farber'S Nerve,Farber's Nerve,p0001;p0002,,True,1.0,1.0,1.0,1.0,1.0,1.0,0.0,0.0,0.0,0.0,success,
2wikimultihopqa_47806bc308c411ebbd8eac1f6bf848b6,mistral-small3.1:24b,oracle,Oracle Evidence,diagnostic_baseline,oracle_evidence_upper_reference,True,2wikimultihopqa,comparison,entity,16000,end,low,unknown,Farber'S Nerve,Farber's Nerve,p0001;p0002,p0001;p0002,True,1.0,1.0,1.0,1.0,1.0,1.0,1.0,1.0,1.0,1.0,success,
2wikimultihopqa_f6e2b9280bdd11eba7f7acde48001122,mistral-small3.1:24b,no_evidence,No Evidence,diagnostic_baseline,question_only_lower_bound,True,2wikimultihopqa,multi_hop,entity,4000,scattered,low,unknown,China,unknown,p0001;p0002,,True,0.0,0.0,0.0,0.0,0.0,0.0,0.0,0.0,0.0,0.0,evidence_localization_failure,
2wikimultihopqa_f6e2b9280bdd11eba7f7acde48001122,mistral-small3.1:24b,direct,Full Context,diagnostic_condition,full_context_condition,True,2wikimultihopqa,multi_hop,entity,4000,scattered,low,unknown,China,China,p0001;p0002,p0001,True,1.0,1.0,1.0,1.0,1.0,1.0,1.0,0.5,0.6666666666666666,1.0,success,
2wikimultihopqa_f6e2b9280bdd11eba7f7acde48001122,mistral-small3.1:24b,retrieve_then_read,Retrieved Evidence,diagnostic_condition,evidence_narrowed_condition,True,2wikimultihopqa,multi_hop,entity,4000,scattered,low,unknown,China,Saudi Arabia,p0001;p0002,,True,0.0,0.0,0.0,0.0,0.0,0.0,0.0,0.0,0.0,0.0,evidence_localization_failure,
2wikimultihopqa_f6e2b9280bdd11eba7f7acde48001122,mistral-small3.1:24b,oracle,Oracle Evidence,diagnostic_baseline,oracle_evidence_upper_reference,True,2wikimultihopqa,multi_hop,entity,4000,scattered,low,unknown,China,China,p0001;p0002,p0001;p0002,True,1.0,1.0,1.0,1.0,1.0,1.0,1.0,1.0,1.0,1.0,success,
2wikimultihopqa_ce5bfc90086c11ebbd61ac1f6bf848b6,mistral-small3.1:24b,no_evidence,No Evidence,diagnostic_baseline,question_only_lower_bound,True,2wikimultihopqa,comparison,yes_no,8000,front,medium,unknown,yes,no,p0001;p0002;p0003;p0004,,True,0.0,0.0,0.0,0.0,0.0,0.0,0.0,0.0,0.0,0.0,evidence_localization_failure,
2wikimultihopqa_ce5bfc90086c11ebbd61ac1f6bf848b6,mistral-small3.1:24b,direct,Full Context,diagnostic_condition,full_context_condition,True,2wikimultihopqa,comparison,yes_no,8000,front,medium,unknown,yes,no,p0001;p0002;p0003;p0004,p0001;p0002;p0003,True,0.0,0.0,0.0,0.0,0.0,0.0,1.0,0.75,0.8571428571428571,1.0,evidence_integration_failure,
2wikimultihopqa_ce5bfc90086c11ebbd61ac1f6bf848b6,mistral-small3.1:24b,retrieve_then_read,Retrieved Evidence,diagnostic_condition,evidence_narrowed_condition,True,2wikimultihopqa,comparison,yes_no,8000,front,medium,unknown,yes,no,p0001;p0002;p0003;p0004,,True,0.0,0.0,0.0,0.0,0.0,0.0,0.0,0.0,0.0,0.0,evidence_localization_failure,
2wikimultihopqa_ce5bfc90086c11ebbd61ac1f6bf848b6,mistral-small3.1:24b,oracle,Oracle Evidence,diagnostic_baseline,oracle_evidence_upper_reference,True,2wikimultihopqa,comparison,yes_no,8000,front,medium,unknown,yes,yes,p0001;p0002;p0003;p0004,p0001;p0002,True,1.0,1.0,1.0,1.0,1.0,1.0,1.0,0.5,0.6666666666666666,1.0,success,
2wikimultihopqa_e6688a7e0baf11ebab90acde48001122,mistral-small3.1:24b,no_evidence,No Evidence,diagnostic_baseline,question_only_lower_bound,True,2wikimultihopqa,multi_hop,entity,16000,middle,low,unknown,Charles I of Naples,Roger II,p0001;p0002,,True,0.0,0.0,0.0,0.0,0.0,0.0,0.0,0.0,0.0,0.0,evidence_localization_failure,
2wikimultihopqa_e6688a7e0baf11ebab90acde48001122,mistral-small3.1:24b,direct,Full Context,diagnostic_condition,full_context_condition,True,2wikimultihopqa,multi_hop,entity,16000,middle,low,unknown,Charles I of Naples,Charles I of Naples,p0001;p0002,p0001,True,1.0,1.0,1.0,1.0,1.0,1.0,1.0,0.5,0.6666666666666666,1.0,success,
2wikimultihopqa_e6688a7e0baf11ebab90acde48001122,mistral-small3.1:24b,retrieve_then_read,Retrieved Evidence,diagnostic_condition,evidence_narrowed_condition,True,2wikimultihopqa,multi_hop,entity,16000,middle,low,unknown,Charles I of Naples,Charles I of Naples,p0001;p0002,p0002,True,1.0,1.0,1.0,1.0,1.0,1.0,1.0,0.5,0.6666666666666666,1.0,success,
2wikimultihopqa_e6688a7e0baf11ebab90acde48001122,mistral-small3.1:24b,oracle,Oracle Evidence,diagnostic_baseline,oracle_evidence_upper_reference,True,2wikimultihopqa,multi_hop,entity,16000,middle,low,unknown,Charles I of Naples,Charles I of Naples,p0001;p0002,p0001;p0002,True,1.0,1.0,1.0,1.0,1.0,1.0,1.0,1.0,1.0,1.0,success,
2wikimultihopqa_3e3cd62a086211ebbd5dac1f6bf848b6,mistral-small3.1:24b,no_evidence,No Evidence,diagnostic_baseline,question_only_lower_bound,True,2wikimultihopqa,comparison,entity,4000,end,low,unknown,Holm Jølsen,Holm Jølsen,p0001;p0002,,True,1.0,1.0,1.0,1.0,1.0,1.0,0.0,0.0,0.0,0.0,success,
2wikimultihopqa_3e3cd62a086211ebbd5dac1f6bf848b6,mistral-small3.1:24b,direct,Full Context,diagnostic_condition,full_context_condition,True,2wikimultihopqa,comparison,entity,4000,end,low,unknown,Holm Jølsen,Holm Pedersen Jølsen,p0001;p0002,p0001;p0002,True,0.0,0.8,0.0,0.8,0.0,0.8,1.0,1.0,1.0,1.0,answer_conversion_failure,
2wikimultihopqa_3e3cd62a086211ebbd5dac1f6bf848b6,mistral-small3.1:24b,retrieve_then_read,Retrieved Evidence,diagnostic_condition,evidence_narrowed_condition,True,2wikimultihopqa,comparison,entity,4000,end,low,unknown,Holm Jølsen,Holm Pedersen Jølsen,p0001;p0002,p0001;p0002,True,0.0,0.8,0.0,0.8,0.0,0.8,1.0,1.0,1.0,1.0,answer_conversion_failure,
2wikimultihopqa_3e3cd62a086211ebbd5dac1f6bf848b6,mistral-small3.1:24b,oracle,Oracle Evidence,diagnostic_baseline,oracle_evidence_upper_reference,True,2wikimultihopqa,comparison,entity,4000,end,low,unknown,Holm Jølsen,Holm Jølsen,p0001;p0002,p0001;p0002,True,1.0,1.0,1.0,1.0,1.0,1.0,1.0,1.0,1.0,1.0,success,
2wikimultihopqa_9b2ccd4e088b11ebbd6fac1f6bf848b6,mistral-small3.1:24b,no_evidence,No Evidence,diagnostic_baseline,question_only_lower_bound,True,2wikimultihopqa,comparison,entity,8000,scattered,medium,unknown,The Crime Doctor'S Courage,The Crime Doctor'S Courage,p0001;p0002;p0003;p0004,,True,1.0,1.0,1.0,1.0,1.0,1.0,0.0,0.0,0.0,0.0,success,
2wikimultihopqa_9b2ccd4e088b11ebbd6fac1f6bf848b6,mistral-small3.1:24b,direct,Full Context,diagnostic_condition,full_context_condition,True,2wikimultihopqa,comparison,entity,8000,scattered,medium,unknown,The Crime Doctor'S Courage,The Crime Doctor's Courage,p0001;p0002;p0003;p0004,p0001;p0003,True,1.0,1.0,1.0,1.0,1.0,1.0,1.0,0.5,0.6666666666666666,1.0,success,
2wikimultihopqa_9b2ccd4e088b11ebbd6fac1f6bf848b6,mistral-small3.1:24b,retrieve_then_read,Retrieved Evidence,diagnostic_condition,evidence_narrowed_condition,True,2wikimultihopqa,comparison,entity,8000,scattered,medium,unknown,The Crime Doctor'S Courage,The Crime Doctor's Courage,p0001;p0002;p0003;p0004,p0001,True,1.0,1.0,1.0,1.0,1.0,1.0,1.0,0.25,0.4,1.0,success,
2wikimultihopqa_9b2ccd4e088b11ebbd6fac1f6bf848b6,mistral-small3.1:24b,oracle,Oracle Evidence,diagnostic_baseline,oracle_evidence_upper_reference,True,2wikimultihopqa,comparison,entity,8000,scattered,medium,unknown,The Crime Doctor'S Courage,The Crime Doctor's Courage,p0001;p0002;p0003;p0004,p0001;p0003;p0002,True,1.0,1.0,1.0,1.0,1.0,1.0,1.0,0.75,0.8571428571428571,1.0,success,
2wikimultihopqa_49ec1ade0bdd11eba7f7acde48001122,mistral-small3.1:24b,no_evidence,No Evidence,diagnostic_baseline,question_only_lower_bound,True,2wikimultihopqa,multi_hop,entity,16000,front,low,unknown,Argentina,unknown,p0001;p0002,,True,0.0,0.0,0.0,0.0,0.0,0.0,0.0,0.0,0.0,0.0,evidence_localization_failure,
2wikimultihopqa_49ec1ade0bdd11eba7f7acde48001122,mistral-small3.1:24b,direct,Full Context,diagnostic_condition,full_context_condition,True,2wikimultihopqa,multi_hop,entity,16000,front,low,unknown,Argentina,Argentina,p0001;p0002,p0001,True,1.0,1.0,1.0,1.0,1.0,1.0,1.0,0.5,0.6666666666666666,1.0,success,
2wikimultihopqa_49ec1ade0bdd11eba7f7acde48001122,mistral-small3.1:24b,retrieve_then_read,Retrieved Evidence,diagnostic_condition,evidence_narrowed_condition,True,2wikimultihopqa,multi_hop,entity,16000,front,low,unknown,Argentina,Argentina,p0001;p0002,p0001;p0002,True,1.0,1.0,1.0,1.0,1.0,1.0,1.0,1.0,1.0,1.0,success,
2wikimultihopqa_49ec1ade0bdd11eba7f7acde48001122,mistral-small3.1:24b,oracle,Oracle Evidence,diagnostic_baseline,oracle_evidence_upper_reference,True,2wikimultihopqa,multi_hop,entity,16000,front,low,unknown,Argentina,Argentina,p0001;p0002,p0001;p0002,True,1.0,1.0,1.0,1.0,1.0,1.0,1.0,1.0,1.0,1.0,success,
2wikimultihopqa_beda709d090e11ebbdadac1f6bf848b6,mistral-small3.1:24b,no_evidence,No Evidence,diagnostic_baseline,question_only_lower_bound,True,2wikimultihopqa,comparison,entity,4000,middle,low,unknown,My Wife'S Lodger,My Wife's Lodger,p0001;p0002,,True,1.0,1.0,1.0,1.0,1.0,1.0,0.0,0.0,0.0,0.0,success,
2wikimultihopqa_beda709d090e11ebbdadac1f6bf848b6,mistral-small3.1:24b,direct,Full Context,diagnostic_condition,full_context_condition,True,2wikimultihopqa,comparison,entity,4000,middle,low,unknown,My Wife'S Lodger,My Wife's Lodger,p0001;p0002,p0001;p0002,True,1.0,1.0,1.0,1.0,1.0,1.0,1.0,1.0,1.0,1.0,success,
2wikimultihopqa_beda709d090e11ebbdadac1f6bf848b6,mistral-small3.1:24b,retrieve_then_read,Retrieved Evidence,diagnostic_condition,evidence_narrowed_condition,True,2wikimultihopqa,comparison,entity,4000,middle,low,unknown,My Wife'S Lodger,Tiger of the Seven Seas,p0001;p0002,p0001,True,0.0,0.0,0.0,0.0,0.0,0.0,1.0,0.5,0.6666666666666666,1.0,evidence_integration_failure,
2wikimultihopqa_beda709d090e11ebbdadac1f6bf848b6,mistral-small3.1:24b,oracle,Oracle Evidence,diagnostic_baseline,oracle_evidence_upper_reference,True,2wikimultihopqa,comparison,entity,4000,middle,low,unknown,My Wife'S Lodger,My Wife's Lodger,p0001;p0002,p0001;p0002,True,1.0,1.0,1.0,1.0,1.0,1.0,1.0,1.0,1.0,1.0,success,
2wikimultihopqa_7d94382208d011ebbd95ac1f6bf848b6,mistral-small3.1:24b,no_evidence,No Evidence,diagnostic_baseline,question_only_lower_bound,True,2wikimultihopqa,comparison,yes_no,8000,end,low,unknown,yes,no,p0001;p0002,,True,0.0,0.0,0.0,0.0,0.0,0.0,0.0,0.0,0.0,0.0,evidence_localization_failure,
2wikimultihopqa_7d94382208d011ebbd95ac1f6bf848b6,mistral-small3.1:24b,direct,Full Context,diagnostic_condition,full_context_condition,True,2wikimultihopqa,comparison,yes_no,8000,end,low,unknown,yes,no,p0001;p0002,p0001;p0002,True,0.0,0.0,0.0,0.0,0.0,0.0,1.0,1.0,1.0,1.0,answer_conversion_failure,
2wikimultihopqa_7d94382208d011ebbd95ac1f6bf848b6,mistral-small3.1:24b,retrieve_then_read,Retrieved Evidence,diagnostic_condition,evidence_narrowed_condition,True,2wikimultihopqa,comparison,yes_no,8000,end,low,unknown,yes,no,p0001;p0002,p0001;p0002,True,0.0,0.0,0.0,0.0,0.0,0.0,1.0,1.0,1.0,1.0,answer_conversion_failure,
2wikimultihopqa_7d94382208d011ebbd95ac1f6bf848b6,mistral-small3.1:24b,oracle,Oracle Evidence,diagnostic_baseline,oracle_evidence_upper_reference,True,2wikimultihopqa,comparison,yes_no,8000,end,low,unknown,yes,Alice Mary Dowd,p0001;p0002,p0001;p0002,True,0.0,0.0,0.0,0.0,0.0,0.0,1.0,1.0,1.0,1.0,answer_conversion_failure,
2wikimultihopqa_e4e02a240bda11eba7f7acde48001122,mistral-small3.1:24b,no_evidence,No Evidence,diagnostic_baseline,question_only_lower_bound,True,2wikimultihopqa,multi_hop,entity,16000,scattered,low,unknown,Jacques Cousteau,Jean-Michel Cousteau,p0001;p0002,,True,0.0,0.5,0.0,0.4,0.0,0.5,0.0,0.0,0.0,0.0,evidence_localization_failure,
2wikimultihopqa_e4e02a240bda11eba7f7acde48001122,mistral-small3.1:24b,direct,Full Context,diagnostic_condition,full_context_condition,True,2wikimultihopqa,multi_hop,entity,16000,scattered,low,unknown,Jacques Cousteau,Jacques Cousteau,p0001;p0002,p0001;p0002,True,1.0,1.0,1.0,1.0,1.0,1.0,1.0,1.0,1.0,1.0,success,
2wikimultihopqa_e4e02a240bda11eba7f7acde48001122,mistral-small3.1:24b,retrieve_then_read,Retrieved Evidence,diagnostic_condition,evidence_narrowed_condition,True,2wikimultihopqa,multi_hop,entity,16000,scattered,low,unknown,Jacques Cousteau,Jean-Michel Cousteau,p0001;p0002,,True,0.0,0.5,0.0,0.4,0.0,0.5,0.0,0.0,0.0,0.0,evidence_localization_failure,
2wikimultihopqa_e4e02a240bda11eba7f7acde48001122,mistral-small3.1:24b,oracle,Oracle Evidence,diagnostic_baseline,oracle_evidence_upper_reference,True,2wikimultihopqa,multi_hop,entity,16000,scattered,low,unknown,Jacques Cousteau,Jacques Cousteau,p0001;p0002,p0001;p0002,True,1.0,1.0,1.0,1.0,1.0,1.0,1.0,1.0,1.0,1.0,success,
2wikimultihopqa_49a5c36b086111ebbd5dac1f6bf848b6,mistral-small3.1:24b,no_evidence,No Evidence,diagnostic_baseline,question_only_lower_bound,True,2wikimultihopqa,comparison,entity,4000,front,medium,unknown,Knights Of The Range,Le Guignolo,p0001;p0002;p0003;p0004,,True,0.0,0.0,0.0,0.0,0.0,0.0,0.0,0.0,0.0,0.0,evidence_localization_failure,
2wikimultihopqa_49a5c36b086111ebbd5dac1f6bf848b6,mistral-small3.1:24b,direct,Full Context,diagnostic_condition,full_context_condition,True,2wikimultihopqa,comparison,entity,4000,front,medium,unknown,Knights Of The Range,Knights Of The Range,p0001;p0002;p0003;p0004,p0001;p0002,True,1.0,1.0,1.0,1.0,1.0,1.0,1.0,0.5,0.6666666666666666,1.0,success,
2wikimultihopqa_49a5c36b086111ebbd5dac1f6bf848b6,mistral-small3.1:24b,retrieve_then_read,Retrieved Evidence,diagnostic_condition,evidence_narrowed_condition,True,2wikimultihopqa,comparison,entity,4000,front,medium,unknown,Knights Of The Range,Le Guignolo,p0001;p0002;p0003;p0004,,True,0.0,0.0,0.0,0.0,0.0,0.0,0.0,0.0,0.0,0.0,evidence_localization_failure,
2wikimultihopqa_49a5c36b086111ebbd5dac1f6bf848b6,mistral-small3.1:24b,oracle,Oracle Evidence,diagnostic_baseline,oracle_evidence_upper_reference,True,2wikimultihopqa,comparison,entity,4000,front,medium,unknown,Knights Of The Range,Knights of the Range,p0001;p0002;p0003;p0004,p0001;p0002;p0003,True,1.0,1.0,1.0,1.0,1.0,1.0,1.0,0.75,0.8571428571428571,1.0,success,
2wikimultihopqa_fa58491e084b11ebbd56ac1f6bf848b6,mistral-small3.1:24b,no_evidence,No Evidence,diagnostic_baseline,question_only_lower_bound,True,2wikimultihopqa,comparison,entity,8000,middle,low,unknown,Narcís Ventalló,H. Verlan Andersen,p0001;p0002,,True,0.0,0.0,0.0,0.0,0.0,0.0,0.0,0.0,0.0,0.0,evidence_localization_failure,
2wikimultihopqa_fa58491e084b11ebbd56ac1f6bf848b6,mistral-small3.1:24b,direct,Full Context,diagnostic_condition,full_context_condition,True,2wikimultihopqa,comparison,entity,8000,middle,low,unknown,Narcís Ventalló,Hans Verlan Andersen,p0001;p0002,p0001;p0002,True,0.0,0.0,0.0,0.0,0.0,0.0,1.0,1.0,1.0,1.0,answer_conversion_failure,
2wikimultihopqa_fa58491e084b11ebbd56ac1f6bf848b6,mistral-small3.1:24b,retrieve_then_read,Retrieved Evidence,diagnostic_condition,evidence_narrowed_condition,True,2wikimultihopqa,comparison,entity,8000,middle,low,unknown,Narcís Ventalló,Hans Verlan Andersen,p0001;p0002,p0002,True,0.0,0.0,0.0,0.0,0.0,0.0,1.0,0.5,0.6666666666666666,1.0,evidence_integration_failure,
2wikimultihopqa_fa58491e084b11ebbd56ac1f6bf848b6,mistral-small3.1:24b,oracle,Oracle Evidence,diagnostic_baseline,oracle_evidence_upper_reference,True,2wikimultihopqa,comparison,entity,8000,middle,low,unknown,Narcís Ventalló,Narcís Ventalló,p0001;p0002,p0001;p0002,True,1.0,1.0,1.0,1.0,1.0,1.0,1.0,1.0,1.0,1.0,success,
2wikimultihopqa_8223ad8e097811ebbdb0ac1f6bf848b6,mistral-small3.1:24b,no_evidence,No Evidence,diagnostic_baseline,question_only_lower_bound,True,2wikimultihopqa,comparison,entity,16000,end,low,unknown,The Beginning Or The End,Hold Back The Night,p0001;p0002,,True,0.0,0.0,0.0,0.0,0.0,0.0,0.0,0.0,0.0,0.0,evidence_localization_failure,
2wikimultihopqa_8223ad8e097811ebbdb0ac1f6bf848b6,mistral-small3.1:24b,direct,Full Context,diagnostic_condition,full_context_condition,True,2wikimultihopqa,comparison,entity,16000,end,low,unknown,The Beginning Or The End,The Beginning Or The End,p0001;p0002,p0001;p0002,True,1.0,1.0,1.0,1.0,1.0,1.0,1.0,1.0,1.0,1.0,success,
2wikimultihopqa_8223ad8e097811ebbdb0ac1f6bf848b6,mistral-small3.1:24b,retrieve_then_read,Retrieved Evidence,diagnostic_condition,evidence_narrowed_condition,True,2wikimultihopqa,comparison,entity,16000,end,low,unknown,The Beginning Or The End,The Beginning or the End,p0001;p0002,p0001,True,1.0,1.0,1.0,1.0,1.0,1.0,1.0,0.5,0.6666666666666666,1.0,success,
2wikimultihopqa_8223ad8e097811ebbdb0ac1f6bf848b6,mistral-small3.1:24b,oracle,Oracle Evidence,diagnostic_baseline,oracle_evidence_upper_reference,True,2wikimultihopqa,comparison,entity,16000,end,low,unknown,The Beginning Or The End,The Beginning Or The End,p0001;p0002,p0001;p0002,True,1.0,1.0,1.0,1.0,1.0,1.0,1.0,1.0,1.0,1.0,success,
2wikimultihopqa_8f8aaf0b088711ebbd6dac1f6bf848b6,mistral-small3.1:24b,no_evidence,No Evidence,diagnostic_baseline,question_only_lower_bound,True,2wikimultihopqa,comparison,entity,4000,scattered,low,unknown,Aneta Hladíková,Aneta Hladíková,p0001;p0002,,True,1.0,1.0,1.0,1.0,1.0,1.0,0.0,0.0,0.0,0.0,success,
2wikimultihopqa_8f8aaf0b088711ebbd6dac1f6bf848b6,mistral-small3.1:24b,direct,Full Context,diagnostic_condition,full_context_condition,True,2wikimultihopqa,comparison,entity,4000,scattered,low,unknown,Aneta Hladíková,Aneta Hladíková,p0001;p0002,p0001,True,1.0,1.0,1.0,1.0,1.0,1.0,1.0,0.5,0.6666666666666666,1.0,success,
2wikimultihopqa_8f8aaf0b088711ebbd6dac1f6bf848b6,mistral-small3.1:24b,retrieve_then_read,Retrieved Evidence,diagnostic_condition,evidence_narrowed_condition,True,2wikimultihopqa,comparison,entity,4000,scattered,low,unknown,Aneta Hladíková,Aneta Hladíková,p0001;p0002,p0001,True,1.0,1.0,1.0,1.0,1.0,1.0,1.0,0.5,0.6666666666666666,1.0,success,
2wikimultihopqa_8f8aaf0b088711ebbd6dac1f6bf848b6,mistral-small3.1:24b,oracle,Oracle Evidence,diagnostic_baseline,oracle_evidence_upper_reference,True,2wikimultihopqa,comparison,entity,4000,scattered,low,unknown,Aneta Hladíková,Aneta Hladíková,p0001;p0002,p0001;p0002,True,1.0,1.0,1.0,1.0,1.0,1.0,1.0,1.0,1.0,1.0,success,
2wikimultihopqa_c9b515020bda11eba7f7acde48001122,mistral-small3.1:24b,no_evidence,No Evidence,diagnostic_baseline,question_only_lower_bound,True,2wikimultihopqa,multi_hop,entity,8000,front,low,unknown,Thessaloniki,Athens,p0001;p0002,,True,0.0,0.0,0.0,0.0,0.0,0.0,0.0,0.0,0.0,0.0,evidence_localization_failure,
2wikimultihopqa_c9b515020bda11eba7f7acde48001122,mistral-small3.1:24b,direct,Full Context,diagnostic_condition,full_context_condition,True,2wikimultihopqa,multi_hop,entity,8000,front,low,unknown,Thessaloniki,Thessaloniki,p0001;p0002,p0001,True,1.0,1.0,1.0,1.0,1.0,1.0,1.0,0.5,0.6666666666666666,1.0,success,
2wikimultihopqa_c9b515020bda11eba7f7acde48001122,mistral-small3.1:24b,retrieve_then_read,Retrieved Evidence,diagnostic_condition,evidence_narrowed_condition,True,2wikimultihopqa,multi_hop,entity,8000,front,low,unknown,Thessaloniki,Salonika,p0001;p0002,,True,0.0,0.0,0.0,0.0,0.0,0.0,0.0,0.0,0.0,0.0,evidence_localization_failure,
2wikimultihopqa_c9b515020bda11eba7f7acde48001122,mistral-small3.1:24b,oracle,Oracle Evidence,diagnostic_baseline,oracle_evidence_upper_reference,True,2wikimultihopqa,multi_hop,entity,8000,front,low,unknown,Thessaloniki,Thessaloniki,p0001;p0002,p0002,True,1.0,1.0,1.0,1.0,1.0,1.0,1.0,0.5,0.6666666666666666,1.0,success,
2wikimultihopqa_652d7dac0bdc11eba7f7acde48001122,mistral-small3.1:24b,no_evidence,No Evidence,diagnostic_baseline,question_only_lower_bound,True,2wikimultihopqa,multi_hop,entity,16000,middle,low,unknown,New York,unknown,p0001;p0002,,True,0.0,0.0,0.0,0.0,0.0,0.0,0.0,0.0,0.0,0.0,evidence_localization_failure,
2wikimultihopqa_652d7dac0bdc11eba7f7acde48001122,mistral-small3.1:24b,direct,Full Context,diagnostic_condition,full_context_condition,True,2wikimultihopqa,multi_hop,entity,16000,middle,low,unknown,New York,New York City,p0001;p0002,p0002,True,0.0,0.8,0.0,0.8,0.0,0.8,1.0,0.5,0.6666666666666666,1.0,evidence_integration_failure,
2wikimultihopqa_652d7dac0bdc11eba7f7acde48001122,mistral-small3.1:24b,retrieve_then_read,Retrieved Evidence,diagnostic_condition,evidence_narrowed_condition,True,2wikimultihopqa,multi_hop,entity,16000,middle,low,unknown,New York,Australia,p0001;p0002,,True,0.0,0.0,0.0,0.0,0.0,0.0,0.0,0.0,0.0,0.0,evidence_localization_failure,
2wikimultihopqa_652d7dac0bdc11eba7f7acde48001122,mistral-small3.1:24b,oracle,Oracle Evidence,diagnostic_baseline,oracle_evidence_upper_reference,True,2wikimultihopqa,multi_hop,entity,16000,middle,low,unknown,New York,New York City,p0001;p0002,p0001;p0002,True,0.0,0.8,0.0,0.8,0.0,0.8,1.0,1.0,1.0,1.0,answer_conversion_failure,
2wikimultihopqa_2b7db0200bde11eba7f7acde48001122,mistral-small3.1:24b,no_evidence,No Evidence,diagnostic_baseline,question_only_lower_bound,True,2wikimultihopqa,multi_hop,entity,4000,end,low,unknown,University of Paris,Trinity College,p0001;p0002,,True,0.0,0.0,0.0,0.0,0.0,0.0,0.0,0.0,0.0,0.0,evidence_localization_failure,
2wikimultihopqa_2b7db0200bde11eba7f7acde48001122,mistral-small3.1:24b,direct,Full Context,diagnostic_condition,full_context_condition,True,2wikimultihopqa,multi_hop,entity,4000,end,low,unknown,University of Paris,University of Paris,p0001;p0002,p0001,True,1.0,1.0,1.0,1.0,1.0,1.0,1.0,0.5,0.6666666666666666,1.0,success,
2wikimultihopqa_2b7db0200bde11eba7f7acde48001122,mistral-small3.1:24b,retrieve_then_read,Retrieved Evidence,diagnostic_condition,evidence_narrowed_condition,True,2wikimultihopqa,multi_hop,entity,4000,end,low,unknown,University of Paris,University of Paris,p0001;p0002,p0002,True,1.0,1.0,1.0,1.0,1.0,1.0,1.0,0.5,0.6666666666666666,1.0,success,
2wikimultihopqa_2b7db0200bde11eba7f7acde48001122,mistral-small3.1:24b,oracle,Oracle Evidence,diagnostic_baseline,oracle_evidence_upper_reference,True,2wikimultihopqa,multi_hop,entity,4000,end,low,unknown,University of Paris,University of Paris,p0001;p0002,p0001;p0002,True,1.0,1.0,1.0,1.0,1.0,1.0,1.0,1.0,1.0,1.0,success,
2wikimultihopqa_437f3b9a0bdd11eba7f7acde48001122,mistral-small3.1:24b,no_evidence,No Evidence,diagnostic_baseline,question_only_lower_bound,True,2wikimultihopqa,multi_hop,entity,8000,scattered,low,unknown,Hackney,London,p0001;p0002,,True,0.0,0.0,0.0,0.0,0.0,0.0,0.0,0.0,0.0,0.0,evidence_localization_failure,
2wikimultihopqa_437f3b9a0bdd11eba7f7acde48001122,mistral-small3.1:24b,direct,Full Context,diagnostic_condition,full_context_condition,True,2wikimultihopqa,multi_hop,entity,8000,scattered,low,unknown,Hackney,"Hackney, London",p0001;p0002,p0002,True,0.0,0.6666666666666666,0.0,0.6666666666666666,0.0,0.6666666666666666,1.0,0.5,0.6666666666666666,1.0,evidence_integration_failure,
2wikimultihopqa_437f3b9a0bdd11eba7f7acde48001122,mistral-small3.1:24b,retrieve_then_read,Retrieved Evidence,diagnostic_condition,evidence_narrowed_condition,True,2wikimultihopqa,multi_hop,entity,8000,scattered,low,unknown,Hackney,England,p0001;p0002,p0001,True,0.0,0.0,0.0,0.0,0.0,0.0,1.0,0.5,0.6666666666666666,1.0,evidence_integration_failure,
2wikimultihopqa_437f3b9a0bdd11eba7f7acde48001122,mistral-small3.1:24b,oracle,Oracle Evidence,diagnostic_baseline,oracle_evidence_upper_reference,True,2wikimultihopqa,multi_hop,entity,8000,scattered,low,unknown,Hackney,"Hackney, London",p0001;p0002,p0001;p0002,True,0.0,0.6666666666666666,0.0,0.6666666666666666,0.0,0.6666666666666666,1.0,1.0,1.0,1.0,answer_conversion_failure,
2wikimultihopqa_37c6703a0bdc11eba7f7acde48001122,mistral-small3.1:24b,no_evidence,No Evidence,diagnostic_baseline,question_only_lower_bound,True,2wikimultihopqa,multi_hop,number,16000,front,low,unknown,1969,1973,p0001;p0002,,True,0.0,0.0,0.0,0.0,0.0,0.0,0.0,0.0,0.0,0.0,evidence_localization_failure,
2wikimultihopqa_37c6703a0bdc11eba7f7acde48001122,mistral-small3.1:24b,direct,Full Context,diagnostic_condition,full_context_condition,True,2wikimultihopqa,multi_hop,number,16000,front,low,unknown,1969,1969,p0001;p0002,p0002,True,1.0,1.0,1.0,1.0,1.0,1.0,1.0,0.5,0.6666666666666666,1.0,success,
2wikimultihopqa_37c6703a0bdc11eba7f7acde48001122,mistral-small3.1:24b,retrieve_then_read,Retrieved Evidence,diagnostic_condition,evidence_narrowed_condition,True,2wikimultihopqa,multi_hop,number,16000,front,low,unknown,1969,1969,p0001;p0002,p0001;p0002,True,1.0,1.0,1.0,1.0,1.0,1.0,1.0,1.0,1.0,1.0,success,
2wikimultihopqa_37c6703a0bdc11eba7f7acde48001122,mistral-small3.1:24b,oracle,Oracle Evidence,diagnostic_baseline,oracle_evidence_upper_reference,True,2wikimultihopqa,multi_hop,number,16000,front,low,unknown,1969,1969,p0001;p0002,p0001;p0002,True,1.0,1.0,1.0,1.0,1.0,1.0,1.0,1.0,1.0,1.0,success,
2wikimultihopqa_e7f8e98808a311ebbd7cac1f6bf848b6,mistral-small3.1:24b,no_evidence,No Evidence,diagnostic_baseline,question_only_lower_bound,True,2wikimultihopqa,comparison,entity,4000,middle,medium,unknown,A Couch In New York,Kalippava,p0001;p0002;p0003;p0004,,True,0.0,0.0,0.0,0.0,0.0,0.0,0.0,0.0,0.0,0.0,evidence_localization_failure,
2wikimultihopqa_e7f8e98808a311ebbd7cac1f6bf848b6,mistral-small3.1:24b,direct,Full Context,diagnostic_condition,full_context_condition,True,2wikimultihopqa,comparison,entity,4000,middle,medium,unknown,A Couch In New York,A Couch In New York,p0001;p0002;p0003;p0004,p0002,True,1.0,1.0,1.0,1.0,1.0,1.0,1.0,0.25,0.4,1.0,success,
2wikimultihopqa_e7f8e98808a311ebbd7cac1f6bf848b6,mistral-small3.1:24b,retrieve_then_read,Retrieved Evidence,diagnostic_condition,evidence_narrowed_condition,True,2wikimultihopqa,comparison,entity,4000,middle,medium,unknown,A Couch In New York,Kalippava,p0001;p0002;p0003;p0004,p0001;p0003,True,0.0,0.0,0.0,0.0,0.0,0.0,1.0,0.5,0.6666666666666666,1.0,evidence_integration_failure,
2wikimultihopqa_e7f8e98808a311ebbd7cac1f6bf848b6,mistral-small3.1:24b,oracle,Oracle Evidence,diagnostic_baseline,oracle_evidence_upper_reference,True,2wikimultihopqa,comparison,entity,4000,middle,medium,unknown,A Couch In New York,A Couch in New York,p0001;p0002;p0003;p0004,p0001;p0002;p0003,True,1.0,1.0,1.0,1.0,1.0,1.0,1.0,0.75,0.8571428571428571,1.0,success,
2wikimultihopqa_618527ff089911ebbd77ac1f6bf848b6,mistral-small3.1:24b,no_evidence,No Evidence,diagnostic_baseline,question_only_lower_bound,True,2wikimultihopqa,comparison,entity,8000,end,medium,unknown,The Constant Woman,The Love Charm,p0001;p0002;p0003;p0004,,True,0.0,0.0,0.0,0.0,0.0,0.0,0.0,0.0,0.0,0.0,evidence_localization_failure,
2wikimultihopqa_618527ff089911ebbd77ac1f6bf848b6,mistral-small3.1:24b,direct,Full Context,diagnostic_condition,full_context_condition,True,2wikimultihopqa,comparison,entity,8000,end,medium,unknown,The Constant Woman,The Love Charm,p0001;p0002;p0003;p0004,p0001;p0002;p0003,True,0.0,0.0,0.0,0.0,0.0,0.0,1.0,0.75,0.8571428571428571,1.0,evidence_integration_failure,
2wikimultihopqa_618527ff089911ebbd77ac1f6bf848b6,mistral-small3.1:24b,retrieve_then_read,Retrieved Evidence,diagnostic_condition,evidence_narrowed_condition,True,2wikimultihopqa,comparison,entity,8000,end,medium,unknown,The Constant Woman,The Love Charm,p0001;p0002;p0003;p0004,p0001;p0003;p0004,True,0.0,0.0,0.0,0.0,0.0,0.0,1.0,0.75,0.8571428571428571,1.0,evidence_integration_failure,
2wikimultihopqa_618527ff089911ebbd77ac1f6bf848b6,mistral-small3.1:24b,oracle,Oracle Evidence,diagnostic_baseline,oracle_evidence_upper_reference,True,2wikimultihopqa,comparison,entity,8000,end,medium,unknown,The Constant Woman,The Constant Woman,p0001;p0002;p0003;p0004,p0001;p0002;p0004,True,1.0,1.0,1.0,1.0,1.0,1.0,1.0,0.75,0.8571428571428571,1.0,success,
2wikimultihopqa_86b7e74808e211ebbda4ac1f6bf848b6,mistral-small3.1:24b,no_evidence,No Evidence,diagnostic_baseline,question_only_lower_bound,True,2wikimultihopqa,comparison,entity,16000,scattered,low,unknown,Dis-Moi Qui Tuer,Dis-Moi Qui Tuer,p0001;p0002,,True,1.0,1.0,1.0,1.0,1.0,1.0,0.0,0.0,0.0,0.0,success,
2wikimultihopqa_86b7e74808e211ebbda4ac1f6bf848b6,mistral-small3.1:24b,direct,Full Context,diagnostic_condition,full_context_condition,True,2wikimultihopqa,comparison,entity,16000,scattered,low,unknown,Dis-Moi Qui Tuer,Dis-Moi Qui Tuer,p0001;p0002,p0001,True,1.0,1.0,1.0,1.0,1.0,1.0,1.0,0.5,0.6666666666666666,1.0,success,
2wikimultihopqa_86b7e74808e211ebbda4ac1f6bf848b6,mistral-small3.1:24b,retrieve_then_read,Retrieved Evidence,diagnostic_condition,evidence_narrowed_condition,True,2wikimultihopqa,comparison,entity,16000,scattered,low,unknown,Dis-Moi Qui Tuer,Dis-Moi Qui Tuer,p0001;p0002,p0001,True,1.0,1.0,1.0,1.0,1.0,1.0,1.0,0.5,0.6666666666666666,1.0,success,
2wikimultihopqa_86b7e74808e211ebbda4ac1f6bf848b6,mistral-small3.1:24b,oracle,Oracle Evidence,diagnostic_baseline,oracle_evidence_upper_reference,True,2wikimultihopqa,comparison,entity,16000,scattered,low,unknown,Dis-Moi Qui Tuer,Dis-moi qui tuer,p0001;p0002,p0001;p0002,True,1.0,1.0,1.0,1.0,1.0,1.0,1.0,1.0,1.0,1.0,success,
2wikimultihopqa_68cb7bc00bdd11eba7f7acde48001122,mistral-small3.1:24b,no_evidence,No Evidence,diagnostic_baseline,question_only_lower_bound,True,2wikimultihopqa,multi_hop,entity,4000,front,low,unknown,Huahine,unknown,p0001;p0002,,True,0.0,0.0,0.0,0.0,0.0,0.0,0.0,0.0,0.0,0.0,evidence_localization_failure,
2wikimultihopqa_68cb7bc00bdd11eba7f7acde48001122,mistral-small3.1:24b,direct,Full Context,diagnostic_condition,full_context_condition,True,2wikimultihopqa,multi_hop,entity,4000,front,low,unknown,Huahine,Huahiné,p0001;p0002,p0001,True,0.0,0.0,1.0,1.0,0.0,0.0,1.0,0.5,0.6666666666666666,1.0,evidence_integration_failure,
2wikimultihopqa_68cb7bc00bdd11eba7f7acde48001122,mistral-small3.1:24b,retrieve_then_read,Retrieved Evidence,diagnostic_condition,evidence_narrowed_condition,True,2wikimultihopqa,multi_hop,entity,4000,front,low,unknown,Huahine,Huahiné and Maia'o,p0001;p0002,p0001,True,0.0,0.0,0.0,0.4,0.0,0.0,1.0,0.5,0.6666666666666666,1.0,evidence_integration_failure,
2wikimultihopqa_68cb7bc00bdd11eba7f7acde48001122,mistral-small3.1:24b,oracle,Oracle Evidence,diagnostic_baseline,oracle_evidence_upper_reference,True,2wikimultihopqa,multi_hop,entity,4000,front,low,unknown,Huahine,Huahiné and Maia'o,p0001;p0002,p0001;p0002,True,0.0,0.0,0.0,0.4,0.0,0.0,1.0,1.0,1.0,1.0,answer_conversion_failure,
2wikimultihopqa_74207b920bdd11eba7f7acde48001122,mistral-small3.1:24b,no_evidence,No Evidence,diagnostic_baseline,question_only_lower_bound,True,2wikimultihopqa,multi_hop,entity,8000,middle,low,unknown,Brighton,unknown,p0001;p0002,,True,0.0,0.0,0.0,0.0,0.0,0.0,0.0,0.0,0.0,0.0,evidence_localization_failure,
2wikimultihopqa_74207b920bdd11eba7f7acde48001122,mistral-small3.1:24b,direct,Full Context,diagnostic_condition,full_context_condition,True,2wikimultihopqa,multi_hop,entity,8000,middle,low,unknown,Brighton,Brighton,p0001;p0002,p0002,True,1.0,1.0,1.0,1.0,1.0,1.0,1.0,0.5,0.6666666666666666,1.0,success,
2wikimultihopqa_74207b920bdd11eba7f7acde48001122,mistral-small3.1:24b,retrieve_then_read,Retrieved Evidence,diagnostic_condition,evidence_narrowed_condition,True,2wikimultihopqa,multi_hop,entity,8000,middle,low,unknown,Brighton,unknown,p0001;p0002,,True,0.0,0.0,0.0,0.0,0.0,0.0,0.0,0.0,0.0,0.0,evidence_localization_failure,
2wikimultihopqa_74207b920bdd11eba7f7acde48001122,mistral-small3.1:24b,oracle,Oracle Evidence,diagnostic_baseline,oracle_evidence_upper_reference,True,2wikimultihopqa,multi_hop,entity,8000,middle,low,unknown,Brighton,England,p0001;p0002,p0001;p0002,True,0.0,0.0,0.0,0.0,0.0,0.0,1.0,1.0,1.0,1.0,answer_conversion_failure,
2wikimultihopqa_00c727580bde11eba7f7acde48001122,mistral-small3.1:24b,no_evidence,No Evidence,diagnostic_baseline,question_only_lower_bound,True,2wikimultihopqa,multi_hop,entity,16000,end,low,unknown,10 May 1912,unknown,p0001;p0002,,True,0.0,0.0,0.0,0.0,0.0,0.0,0.0,0.0,0.0,0.0,evidence_localization_failure,
2wikimultihopqa_00c727580bde11eba7f7acde48001122,mistral-small3.1:24b,direct,Full Context,diagnostic_condition,full_context_condition,True,2wikimultihopqa,multi_hop,entity,16000,end,low,unknown,10 May 1912,10 May 1912,p0001;p0002,p0002,True,1.0,1.0,1.0,1.0,1.0,1.0,1.0,0.5,0.6666666666666666,1.0,success,
2wikimultihopqa_00c727580bde11eba7f7acde48001122,mistral-small3.1:24b,retrieve_then_read,Retrieved Evidence,diagnostic_condition,evidence_narrowed_condition,True,2wikimultihopqa,multi_hop,entity,16000,end,low,unknown,10 May 1912,13 April 1976,p0001;p0002,,True,0.0,0.0,0.0,0.0,0.0,0.0,0.0,0.0,0.0,0.0,evidence_localization_failure,
2wikimultihopqa_00c727580bde11eba7f7acde48001122,mistral-small3.1:24b,oracle,Oracle Evidence,diagnostic_baseline,oracle_evidence_upper_reference,True,2wikimultihopqa,multi_hop,entity,16000,end,low,unknown,10 May 1912,10 May 1912,p0001;p0002,p0001;p0002,True,1.0,1.0,1.0,1.0,1.0,1.0,1.0,1.0,1.0,1.0,success,
2wikimultihopqa_4e84cd2d08bb11ebbd88ac1f6bf848b6,mistral-small3.1:24b,no_evidence,No Evidence,diagnostic_baseline,question_only_lower_bound,True,2wikimultihopqa,comparison,entity,4000,scattered,low,unknown,Helly Shah,Justin Paul,p0001;p0002,,True,0.0,0.0,0.0,0.0,0.0,0.0,0.0,0.0,0.0,0.0,evidence_localization_failure,
2wikimultihopqa_4e84cd2d08bb11ebbd88ac1f6bf848b6,mistral-small3.1:24b,direct,Full Context,diagnostic_condition,full_context_condition,True,2wikimultihopqa,comparison,entity,4000,scattered,low,unknown,Helly Shah,Helly Shah,p0001;p0002,p0001;p0002,True,1.0,1.0,1.0,1.0,1.0,1.0,1.0,1.0,1.0,1.0,success,
2wikimultihopqa_4e84cd2d08bb11ebbd88ac1f6bf848b6,mistral-small3.1:24b,retrieve_then_read,Retrieved Evidence,diagnostic_condition,evidence_narrowed_condition,True,2wikimultihopqa,comparison,entity,4000,scattered,low,unknown,Helly Shah,Helly Shah,p0001;p0002,p0002,True,1.0,1.0,1.0,1.0,1.0,1.0,1.0,0.5,0.6666666666666666,1.0,success,
2wikimultihopqa_4e84cd2d08bb11ebbd88ac1f6bf848b6,mistral-small3.1:24b,oracle,Oracle Evidence,diagnostic_baseline,oracle_evidence_upper_reference,True,2wikimultihopqa,comparison,entity,4000,scattered,low,unknown,Helly Shah,Helly Shah,p0001;p0002,p0001;p0002,True,1.0,1.0,1.0,1.0,1.0,1.0,1.0,1.0,1.0,1.0,success,
2wikimultihopqa_dc68effd08d811ebbd9cac1f6bf848b6,mistral-small3.1:24b,no_evidence,No Evidence,diagnostic_baseline,question_only_lower_bound,True,2wikimultihopqa,comparison,entity,8000,front,low,unknown,Marco De Luigi,Fabio Maistro,p0001;p0002,,True,0.0,0.0,0.0,0.0,0.0,0.0,0.0,0.0,0.0,0.0,evidence_localization_failure,
2wikimultihopqa_dc68effd08d811ebbd9cac1f6bf848b6,mistral-small3.1:24b,direct,Full Context,diagnostic_condition,full_context_condition,True,2wikimultihopqa,comparison,entity,8000,front,low,unknown,Marco De Luigi,Fabio Maistro,p0001;p0002,p0001,True,0.0,0.0,0.0,0.0,0.0,0.0,1.0,0.5,0.6666666666666666,1.0,evidence_integration_failure,
2wikimultihopqa_dc68effd08d811ebbd9cac1f6bf848b6,mistral-small3.1:24b,retrieve_then_read,Retrieved Evidence,diagnostic_condition,evidence_narrowed_condition,True,2wikimultihopqa,comparison,entity,8000,front,low,unknown,Marco De Luigi,Marco De Luigi,p0001;p0002,p0001,True,1.0,1.0,1.0,1.0,1.0,1.0,1.0,0.5,0.6666666666666666,1.0,success,
2wikimultihopqa_dc68effd08d811ebbd9cac1f6bf848b6,mistral-small3.1:24b,oracle,Oracle Evidence,diagnostic_baseline,oracle_evidence_upper_reference,True,2wikimultihopqa,comparison,entity,8000,front,low,unknown,Marco De Luigi,Marco de Luigi,p0001;p0002,p0001;p0002,True,1.0,1.0,1.0,1.0,1.0,1.0,1.0,1.0,1.0,1.0,success,
2wikimultihopqa_c21fb3ab08a711ebbd7fac1f6bf848b6,mistral-small3.1:24b,no_evidence,No Evidence,diagnostic_baseline,question_only_lower_bound,True,2wikimultihopqa,comparison,entity,16000,middle,medium,unknown,Guns And Guitars,Guns And Guitars,p0001;p0002;p0003;p0004,,True,1.0,1.0,1.0,1.0,1.0,1.0,0.0,0.0,0.0,0.0,success,
2wikimultihopqa_c21fb3ab08a711ebbd7fac1f6bf848b6,mistral-small3.1:24b,direct,Full Context,diagnostic_condition,full_context_condition,True,2wikimultihopqa,comparison,entity,16000,middle,medium,unknown,Guns And Guitars,Guns and Guitars,p0001;p0002;p0003;p0004,p0001;p0002,True,1.0,1.0,1.0,1.0,1.0,1.0,1.0,0.5,0.6666666666666666,1.0,success,
2wikimultihopqa_c21fb3ab08a711ebbd7fac1f6bf848b6,mistral-small3.1:24b,retrieve_then_read,Retrieved Evidence,diagnostic_condition,evidence_narrowed_condition,True,2wikimultihopqa,comparison,entity,16000,middle,medium,unknown,Guns And Guitars,Guns and Guitars,p0001;p0002;p0003;p0004,p0001;p0002;p0003,True,1.0,1.0,1.0,1.0,1.0,1.0,1.0,0.75,0.8571428571428571,1.0,success,
2wikimultihopqa_c21fb3ab08a711ebbd7fac1f6bf848b6,mistral-small3.1:24b,oracle,Oracle Evidence,diagnostic_baseline,oracle_evidence_upper_reference,True,2wikimultihopqa,comparison,entity,16000,middle,medium,unknown,Guns And Guitars,Guns and Guitars,p0001;p0002;p0003;p0004,p0001;p0002;p0003,True,1.0,1.0,1.0,1.0,1.0,1.0,1.0,0.75,0.8571428571428571,1.0,success,
2wikimultihopqa_33b0c274087211ebbd64ac1f6bf848b6,mistral-small3.1:24b,no_evidence,No Evidence,diagnostic_baseline,question_only_lower_bound,True,2wikimultihopqa,comparison,entity,4000,end,medium,unknown,The Falcon In San Francisco,His Last Haul,p0001;p0002;p0003;p0004,,True,0.0,0.0,0.0,0.0,0.0,0.0,0.0,0.0,0.0,0.0,evidence_localization_failure,
2wikimultihopqa_33b0c274087211ebbd64ac1f6bf848b6,mistral-small3.1:24b,direct,Full Context,diagnostic_condition,full_context_condition,True,2wikimultihopqa,comparison,entity,4000,end,medium,unknown,The Falcon In San Francisco,The Falcon in San Francisco,p0001;p0002;p0003;p0004,p0002;p0004,True,1.0,1.0,1.0,1.0,1.0,1.0,1.0,0.5,0.6666666666666666,1.0,success,
2wikimultihopqa_33b0c274087211ebbd64ac1f6bf848b6,mistral-small3.1:24b,retrieve_then_read,Retrieved Evidence,diagnostic_condition,evidence_narrowed_condition,True,2wikimultihopqa,comparison,entity,4000,end,medium,unknown,The Falcon In San Francisco,The Falcon in San Francisco,p0001;p0002;p0003;p0004,p0001;p0002;p0004,True,1.0,1.0,1.0,1.0,1.0,1.0,1.0,0.75,0.8571428571428571,1.0,success,
2wikimultihopqa_33b0c274087211ebbd64ac1f6bf848b6,mistral-small3.1:24b,oracle,Oracle Evidence,diagnostic_baseline,oracle_evidence_upper_reference,True,2wikimultihopqa,comparison,entity,4000,end,medium,unknown,The Falcon In San Francisco,The Falcon in San Francisco,p0001;p0002;p0003;p0004,p0001;p0002;p0004,True,1.0,1.0,1.0,1.0,1.0,1.0,1.0,0.75,0.8571428571428571,1.0,success,
2wikimultihopqa_77f41ab20bb011ebab90acde48001122,mistral-small3.1:24b,no_evidence,No Evidence,diagnostic_baseline,question_only_lower_bound,True,2wikimultihopqa,multi_hop,string,8000,scattered,low,unknown,"John de Vere, 15th Earl of Oxford",John de Vere,p0001;p0002,,True,0.0,0.6,0.0,0.6,0.0,0.6,0.0,0.0,0.0,0.0,evidence_localization_failure,
2wikimultihopqa_77f41ab20bb011ebab90acde48001122,mistral-small3.1:24b,direct,Full Context,diagnostic_condition,full_context_condition,True,2wikimultihopqa,multi_hop,string,8000,scattered,low,unknown,"John de Vere, 15th Earl of Oxford","John de Vere, 16th Earl of Oxford",p0001;p0002,p0001,True,0.0,0.8571428571428571,0.0,0.8571428571428571,0.0,0.8571428571428571,1.0,0.5,0.6666666666666666,1.0,evidence_integration_failure,
2wikimultihopqa_77f41ab20bb011ebab90acde48001122,mistral-small3.1:24b,retrieve_then_read,Retrieved Evidence,diagnostic_condition,evidence_narrowed_condition,True,2wikimultihopqa,multi_hop,string,8000,scattered,low,unknown,"John de Vere, 15th Earl of Oxford","John de Vere, 16th Earl of Oxford",p0001;p0002,,True,0.0,0.8571428571428571,0.0,0.8571428571428571,0.0,0.8571428571428571,0.0,0.0,0.0,0.0,evidence_localization_failure,
2wikimultihopqa_77f41ab20bb011ebab90acde48001122,mistral-small3.1:24b,oracle,Oracle Evidence,diagnostic_baseline,oracle_evidence_upper_reference,True,2wikimultihopqa,multi_hop,string,8000,scattered,low,unknown,"John de Vere, 15th Earl of Oxford","John de Vere, 15th Earl of Oxford",p0001;p0002,p0001;p0002,True,1.0,1.0,1.0,1.0,1.0,1.0,1.0,1.0,1.0,1.0,success,
2wikimultihopqa_b1b78c480bdd11eba7f7acde48001122,mistral-small3.1:24b,no_evidence,No Evidence,diagnostic_baseline,question_only_lower_bound,True,2wikimultihopqa,multi_hop,entity,16000,front,low,unknown,Kreuzlingen,unknown,p0001;p0002,,True,0.0,0.0,0.0,0.0,0.0,0.0,0.0,0.0,0.0,0.0,evidence_localization_failure,
2wikimultihopqa_b1b78c480bdd11eba7f7acde48001122,mistral-small3.1:24b,direct,Full Context,diagnostic_condition,full_context_condition,True,2wikimultihopqa,multi_hop,entity,16000,front,low,unknown,Kreuzlingen,Kreuzlingen,p0001;p0002,p0001,True,1.0,1.0,1.0,1.0,1.0,1.0,1.0,0.5,0.6666666666666666,1.0,success,
2wikimultihopqa_b1b78c480bdd11eba7f7acde48001122,mistral-small3.1:24b,retrieve_then_read,Retrieved Evidence,diagnostic_condition,evidence_narrowed_condition,True,2wikimultihopqa,multi_hop,entity,16000,front,low,unknown,Kreuzlingen,Heilbronn,p0001;p0002,,True,0.0,0.0,0.0,0.0,0.0,0.0,0.0,0.0,0.0,0.0,evidence_localization_failure,
2wikimultihopqa_b1b78c480bdd11eba7f7acde48001122,mistral-small3.1:24b,oracle,Oracle Evidence,diagnostic_baseline,oracle_evidence_upper_reference,True,2wikimultihopqa,multi_hop,entity,16000,front,low,unknown,Kreuzlingen,Kreuzlingen,p0001;p0002,p0002,True,1.0,1.0,1.0,1.0,1.0,1.0,1.0,0.5,0.6666666666666666,1.0,success,
2wikimultihopqa_09762e08087311ebbd66ac1f6bf848b6,mistral-small3.1:24b,no_evidence,No Evidence,diagnostic_baseline,question_only_lower_bound,True,2wikimultihopqa,comparison,entity,4000,middle,medium,unknown,Bulldog Drummond'S Revenge,Jayam Manade,p0001;p0002;p0003;p0004,,True,0.0,0.0,0.0,0.0,0.0,0.0,0.0,0.0,0.0,0.0,evidence_localization_failure,
2wikimultihopqa_09762e08087311ebbd66ac1f6bf848b6,mistral-small3.1:24b,direct,Full Context,diagnostic_condition,full_context_condition,True,2wikimultihopqa,comparison,entity,4000,middle,medium,unknown,Bulldog Drummond'S Revenge,Jayam Manade,p0001;p0002;p0003;p0004,p0001;p0004,True,0.0,0.0,0.0,0.0,0.0,0.0,1.0,0.5,0.6666666666666666,1.0,evidence_integration_failure,
2wikimultihopqa_09762e08087311ebbd66ac1f6bf848b6,mistral-small3.1:24b,retrieve_then_read,Retrieved Evidence,diagnostic_condition,evidence_narrowed_condition,True,2wikimultihopqa,comparison,entity,4000,middle,medium,unknown,Bulldog Drummond'S Revenge,Jayam Manade,p0001;p0002;p0003;p0004,p0002;p0003,True,0.0,0.0,0.0,0.0,0.0,0.0,1.0,0.5,0.6666666666666666,1.0,evidence_integration_failure,
2wikimultihopqa_09762e08087311ebbd66ac1f6bf848b6,mistral-small3.1:24b,oracle,Oracle Evidence,diagnostic_baseline,oracle_evidence_upper_reference,True,2wikimultihopqa,comparison,entity,4000,middle,medium,unknown,Bulldog Drummond'S Revenge,Bulldog Drummond's Revenge,p0001;p0002;p0003;p0004,p0001;p0003;p0004,True,1.0,1.0,1.0,1.0,1.0,1.0,1.0,0.75,0.8571428571428571,1.0,success,
2wikimultihopqa_f1145dc6084f11ebbd56ac1f6bf848b6,mistral-small3.1:24b,no_evidence,No Evidence,diagnostic_baseline,question_only_lower_bound,True,2wikimultihopqa,comparison,entity,8000,end,medium,unknown,Monster A Go-Go,Monster A Go-Go,p0001;p0002;p0003;p0004,,True,1.0,1.0,1.0,1.0,1.0,1.0,0.0,0.0,0.0,0.0,success,
2wikimultihopqa_f1145dc6084f11ebbd56ac1f6bf848b6,mistral-small3.1:24b,direct,Full Context,diagnostic_condition,full_context_condition,True,2wikimultihopqa,comparison,entity,8000,end,medium,unknown,Monster A Go-Go,The Gamecock,p0001;p0002;p0003;p0004,p0001;p0002;p0003,True,0.0,0.0,0.0,0.0,0.0,0.0,1.0,0.75,0.8571428571428571,1.0,evidence_integration_failure,
2wikimultihopqa_f1145dc6084f11ebbd56ac1f6bf848b6,mistral-small3.1:24b,retrieve_then_read,Retrieved Evidence,diagnostic_condition,evidence_narrowed_condition,True,2wikimultihopqa,comparison,entity,8000,end,medium,unknown,Monster A Go-Go,Cat Ballou,p0001;p0002;p0003;p0004,,True,0.0,0.0,0.0,0.0,0.0,0.0,0.0,0.0,0.0,0.0,evidence_localization_failure,
2wikimultihopqa_f1145dc6084f11ebbd56ac1f6bf848b6,mistral-small3.1:24b,oracle,Oracle Evidence,diagnostic_baseline,oracle_evidence_upper_reference,True,2wikimultihopqa,comparison,entity,8000,end,medium,unknown,Monster A Go-Go,Monster a Go-Go,p0001;p0002;p0003;p0004,p0001;p0002;p0003,True,1.0,1.0,1.0,1.0,1.0,1.0,1.0,0.75,0.8571428571428571,1.0,success,
2wikimultihopqa_3c68e44c0bdc11eba7f7acde48001122,mistral-small3.1:24b,no_evidence,No Evidence,diagnostic_baseline,question_only_lower_bound,True,2wikimultihopqa,multi_hop,entity,16000,scattered,low,unknown,Florence,Citta di Castello,p0001;p0002,,True,0.0,0.0,0.0,0.0,0.0,0.0,0.0,0.0,0.0,0.0,evidence_localization_failure,
2wikimultihopqa_3c68e44c0bdc11eba7f7acde48001122,mistral-small3.1:24b,direct,Full Context,diagnostic_condition,full_context_condition,True,2wikimultihopqa,multi_hop,entity,16000,scattered,low,unknown,Florence,Città di Castello,p0001;p0002,p0001,True,0.0,0.0,0.0,0.0,0.0,0.0,1.0,0.5,0.6666666666666666,1.0,evidence_integration_failure,
2wikimultihopqa_3c68e44c0bdc11eba7f7acde48001122,mistral-small3.1:24b,retrieve_then_read,Retrieved Evidence,diagnostic_condition,evidence_narrowed_condition,True,2wikimultihopqa,multi_hop,entity,16000,scattered,low,unknown,Florence,Parma,p0001;p0002,,True,0.0,0.0,0.0,0.0,0.0,0.0,0.0,0.0,0.0,0.0,evidence_localization_failure,
2wikimultihopqa_3c68e44c0bdc11eba7f7acde48001122,mistral-small3.1:24b,oracle,Oracle Evidence,diagnostic_baseline,oracle_evidence_upper_reference,True,2wikimultihopqa,multi_hop,entity,16000,scattered,low,unknown,Florence,Florence,p0001;p0002,p0001;p0002,True,1.0,1.0,1.0,1.0,1.0,1.0,1.0,1.0,1.0,1.0,success,
2wikimultihopqa_027970120bdc11eba7f7acde48001122,mistral-small3.1:24b,no_evidence,No Evidence,diagnostic_baseline,question_only_lower_bound,True,2wikimultihopqa,multi_hop,entity,4000,front,low,unknown,Århus,unknown,p0001;p0002,,True,0.0,0.0,0.0,0.0,0.0,0.0,0.0,0.0,0.0,0.0,evidence_localization_failure,
2wikimultihopqa_027970120bdc11eba7f7acde48001122,mistral-small3.1:24b,direct,Full Context,diagnostic_condition,full_context_condition,True,2wikimultihopqa,multi_hop,entity,4000,front,low,unknown,Århus,Århus,p0001;p0002,p0002,True,1.0,1.0,1.0,1.0,1.0,1.0,1.0,0.5,0.6666666666666666,1.0,success,
2wikimultihopqa_027970120bdc11eba7f7acde48001122,mistral-small3.1:24b,retrieve_then_read,Retrieved Evidence,diagnostic_condition,evidence_narrowed_condition,True,2wikimultihopqa,multi_hop,entity,4000,front,low,unknown,Århus,Århus,p0001;p0002,p0002,True,1.0,1.0,1.0,1.0,1.0,1.0,1.0,0.5,0.6666666666666666,1.0,success,
2wikimultihopqa_027970120bdc11eba7f7acde48001122,mistral-small3.1:24b,oracle,Oracle Evidence,diagnostic_baseline,oracle_evidence_upper_reference,True,2wikimultihopqa,multi_hop,entity,4000,front,low,unknown,Århus,Århus,p0001;p0002,p0001;p0002,True,1.0,1.0,1.0,1.0,1.0,1.0,1.0,1.0,1.0,1.0,success,
2wikimultihopqa_eebc066c08c411ebbd8eac1f6bf848b6,mistral-small3.1:24b,no_evidence,No Evidence,diagnostic_baseline,question_only_lower_bound,True,2wikimultihopqa,comparison,yes_no,8000,middle,medium,unknown,yes,no,p0001;p0002;p0003;p0004,,True,0.0,0.0,0.0,0.0,0.0,0.0,0.0,0.0,0.0,0.0,evidence_localization_failure,
2wikimultihopqa_eebc066c08c411ebbd8eac1f6bf848b6,mistral-small3.1:24b,direct,Full Context,diagnostic_condition,full_context_condition,True,2wikimultihopqa,comparison,yes_no,8000,middle,medium,unknown,yes,no,p0001;p0002;p0003;p0004,p0001;p0002,True,0.0,0.0,0.0,0.0,0.0,0.0,1.0,0.5,0.6666666666666666,1.0,evidence_integration_failure,
2wikimultihopqa_eebc066c08c411ebbd8eac1f6bf848b6,mistral-small3.1:24b,retrieve_then_read,Retrieved Evidence,diagnostic_condition,evidence_narrowed_condition,True,2wikimultihopqa,comparison,yes_no,8000,middle,medium,unknown,yes,no,p0001;p0002;p0003;p0004,,True,0.0,0.0,0.0,0.0,0.0,0.0,0.0,0.0,0.0,0.0,evidence_localization_failure,
2wikimultihopqa_eebc066c08c411ebbd8eac1f6bf848b6,mistral-small3.1:24b,oracle,Oracle Evidence,diagnostic_baseline,oracle_evidence_upper_reference,True,2wikimultihopqa,comparison,yes_no,8000,middle,medium,unknown,yes,no,p0001;p0002;p0003;p0004,p0001;p0002;p0004,True,0.0,0.0,0.0,0.0,0.0,0.0,1.0,0.75,0.8571428571428571,1.0,evidence_integration_failure,
2wikimultihopqa_94873b220bd911eba7f7acde48001122,mistral-small3.1:24b,no_evidence,No Evidence,diagnostic_baseline,question_only_lower_bound,True,2wikimultihopqa,multi_hop,entity,16000,end,low,unknown,Florence,unknown,p0001;p0002,,True,0.0,0.0,0.0,0.0,0.0,0.0,0.0,0.0,0.0,0.0,evidence_localization_failure,
2wikimultihopqa_94873b220bd911eba7f7acde48001122,mistral-small3.1:24b,direct,Full Context,diagnostic_condition,full_context_condition,True,2wikimultihopqa,multi_hop,entity,16000,end,low,unknown,Florence,Florence,p0001;p0002,p0001,True,1.0,1.0,1.0,1.0,1.0,1.0,1.0,0.5,0.6666666666666666,1.0,success,
2wikimultihopqa_94873b220bd911eba7f7acde48001122,mistral-small3.1:24b,retrieve_then_read,Retrieved Evidence,diagnostic_condition,evidence_narrowed_condition,True,2wikimultihopqa,multi_hop,entity,16000,end,low,unknown,Florence,Florence,p0001;p0002,p0002,True,1.0,1.0,1.0,1.0,1.0,1.0,1.0,0.5,0.6666666666666666,1.0,success,
2wikimultihopqa_94873b220bd911eba7f7acde48001122,mistral-small3.1:24b,oracle,Oracle Evidence,diagnostic_baseline,oracle_evidence_upper_reference,True,2wikimultihopqa,multi_hop,entity,16000,end,low,unknown,Florence,Florence,p0001;p0002,p0002,True,1.0,1.0,1.0,1.0,1.0,1.0,1.0,0.5,0.6666666666666666,1.0,success,
2wikimultihopqa_20ddd33208ca11ebbd92ac1f6bf848b6,mistral-small3.1:24b,no_evidence,No Evidence,diagnostic_baseline,question_only_lower_bound,True,2wikimultihopqa,comparison,entity,4000,scattered,low,unknown,Wiesław Perszke,Wiesław Perszke,p0001;p0002,,True,1.0,1.0,1.0,1.0,1.0,1.0,0.0,0.0,0.0,0.0,success,
2wikimultihopqa_20ddd33208ca11ebbd92ac1f6bf848b6,mistral-small3.1:24b,direct,Full Context,diagnostic_condition,full_context_condition,True,2wikimultihopqa,comparison,entity,4000,scattered,low,unknown,Wiesław Perszke,Marc De Clerck,p0001;p0002,p0001,True,0.0,0.0,0.0,0.0,0.0,0.0,1.0,0.5,0.6666666666666666,1.0,evidence_integration_failure,
2wikimultihopqa_20ddd33208ca11ebbd92ac1f6bf848b6,mistral-small3.1:24b,retrieve_then_read,Retrieved Evidence,diagnostic_condition,evidence_narrowed_condition,True,2wikimultihopqa,comparison,entity,4000,scattered,low,unknown,Wiesław Perszke,Wiesław Perszke,p0001;p0002,p0002,True,1.0,1.0,1.0,1.0,1.0,1.0,1.0,0.5,0.6666666666666666,1.0,success,
2wikimultihopqa_20ddd33208ca11ebbd92ac1f6bf848b6,mistral-small3.1:24b,oracle,Oracle Evidence,diagnostic_baseline,oracle_evidence_upper_reference,True,2wikimultihopqa,comparison,entity,4000,scattered,low,unknown,Wiesław Perszke,Wiesław Perszke,p0001;p0002,p0001;p0002,True,1.0,1.0,1.0,1.0,1.0,1.0,1.0,1.0,1.0,1.0,success,
2wikimultihopqa_26b866e6085c11ebbd5cac1f6bf848b6,mistral-small3.1:24b,no_evidence,No Evidence,diagnostic_baseline,question_only_lower_bound,True,2wikimultihopqa,comparison,entity,8000,front,medium,unknown,Ride Lonesome,Ride Lonesome,p0001;p0002;p0003;p0004,,True,1.0,1.0,1.0,1.0,1.0,1.0,0.0,0.0,0.0,0.0,success,
2wikimultihopqa_26b866e6085c11ebbd5cac1f6bf848b6,mistral-small3.1:24b,direct,Full Context,diagnostic_condition,full_context_condition,True,2wikimultihopqa,comparison,entity,8000,front,medium,unknown,Ride Lonesome,Ride Lonesome,p0001;p0002;p0003;p0004,p0001;p0002;p0004,True,1.0,1.0,1.0,1.0,1.0,1.0,1.0,0.75,0.8571428571428571,1.0,success,
2wikimultihopqa_26b866e6085c11ebbd5cac1f6bf848b6,mistral-small3.1:24b,retrieve_then_read,Retrieved Evidence,diagnostic_condition,evidence_narrowed_condition,True,2wikimultihopqa,comparison,entity,8000,front,medium,unknown,Ride Lonesome,Ride Lonesome,p0001;p0002;p0003;p0004,p0001;p0002,True,1.0,1.0,1.0,1.0,1.0,1.0,1.0,0.5,0.6666666666666666,1.0,success,
2wikimultihopqa_26b866e6085c11ebbd5cac1f6bf848b6,mistral-small3.1:24b,oracle,Oracle Evidence,diagnostic_baseline,oracle_evidence_upper_reference,True,2wikimultihopqa,comparison,entity,8000,front,medium,unknown,Ride Lonesome,Ride Lonesome,p0001;p0002;p0003;p0004,p0001;p0002;p0004,True,1.0,1.0,1.0,1.0,1.0,1.0,1.0,0.75,0.8571428571428571,1.0,success,
2wikimultihopqa_ece1bdae0bdb11eba7f7acde48001122,mistral-small3.1:24b,no_evidence,No Evidence,diagnostic_baseline,question_only_lower_bound,True,2wikimultihopqa,multi_hop,entity,16000,middle,low,unknown,British,French,p0001;p0002,,True,0.0,0.0,0.0,0.0,0.0,0.0,0.0,0.0,0.0,0.0,evidence_localization_failure,
2wikimultihopqa_ece1bdae0bdb11eba7f7acde48001122,mistral-small3.1:24b,direct,Full Context,diagnostic_condition,full_context_condition,True,2wikimultihopqa,multi_hop,entity,16000,middle,low,unknown,British,British,p0001;p0002,p0002,True,1.0,1.0,1.0,1.0,1.0,1.0,1.0,0.5,0.6666666666666666,1.0,success,
2wikimultihopqa_ece1bdae0bdb11eba7f7acde48001122,mistral-small3.1:24b,retrieve_then_read,Retrieved Evidence,diagnostic_condition,evidence_narrowed_condition,True,2wikimultihopqa,multi_hop,entity,16000,middle,low,unknown,British,British,p0001;p0002,p0002,True,1.0,1.0,1.0,1.0,1.0,1.0,1.0,0.5,0.6666666666666666,1.0,success,
2wikimultihopqa_ece1bdae0bdb11eba7f7acde48001122,mistral-small3.1:24b,oracle,Oracle Evidence,diagnostic_baseline,oracle_evidence_upper_reference,True,2wikimultihopqa,multi_hop,entity,16000,middle,low,unknown,British,British,p0001;p0002,p0001;p0002,True,1.0,1.0,1.0,1.0,1.0,1.0,1.0,1.0,1.0,1.0,success,
2wikimultihopqa_0a630db408c211ebbd8bac1f6bf848b6,mistral-small3.1:24b,no_evidence,No Evidence,diagnostic_baseline,question_only_lower_bound,True,2wikimultihopqa,comparison,entity,4000,end,medium,unknown,A Mother'S Secret,A Mother's Secret,p0001;p0002;p0003;p0004,,True,1.0,1.0,1.0,1.0,1.0,1.0,0.0,0.0,0.0,0.0,success,
2wikimultihopqa_0a630db408c211ebbd8bac1f6bf848b6,mistral-small3.1:24b,direct,Full Context,diagnostic_condition,full_context_condition,True,2wikimultihopqa,comparison,entity,4000,end,medium,unknown,A Mother'S Secret,A Mother's Secret,p0001;p0002;p0003;p0004,p0002;p0004,True,1.0,1.0,1.0,1.0,1.0,1.0,1.0,0.5,0.6666666666666666,1.0,success,
2wikimultihopqa_0a630db408c211ebbd8bac1f6bf848b6,mistral-small3.1:24b,retrieve_then_read,Retrieved Evidence,diagnostic_condition,evidence_narrowed_condition,True,2wikimultihopqa,comparison,entity,4000,end,medium,unknown,A Mother'S Secret,Finger Of Doom,p0001;p0002;p0003;p0004,,True,0.0,0.0,0.0,0.0,0.0,0.0,0.0,0.0,0.0,0.0,evidence_localization_failure,
2wikimultihopqa_0a630db408c211ebbd8bac1f6bf848b6,mistral-small3.1:24b,oracle,Oracle Evidence,diagnostic_baseline,oracle_evidence_upper_reference,True,2wikimultihopqa,comparison,entity,4000,end,medium,unknown,A Mother'S Secret,A Mother's Secret,p0001;p0002;p0003;p0004,p0001;p0002;p0003,True,1.0,1.0,1.0,1.0,1.0,1.0,1.0,0.75,0.8571428571428571,1.0,success,
2wikimultihopqa_6e5e9de109af11ebbdb0ac1f6bf848b6,mistral-small3.1:24b,no_evidence,No Evidence,diagnostic_baseline,question_only_lower_bound,True,2wikimultihopqa,comparison,entity,8000,scattered,low,unknown,1990-Sick (Get 'Em All),Who's Laughing Now (Song),p0001;p0002,,True,0.0,0.0,0.0,0.0,0.0,0.0,0.0,0.0,0.0,0.0,evidence_localization_failure,
2wikimultihopqa_6e5e9de109af11ebbdb0ac1f6bf848b6,mistral-small3.1:24b,direct,Full Context,diagnostic_condition,full_context_condition,True,2wikimultihopqa,comparison,entity,8000,scattered,low,unknown,1990-Sick (Get 'Em All),Who's Laughing Now,p0001;p0002,p0001,True,0.0,0.0,0.0,0.0,0.0,0.0,1.0,0.5,0.6666666666666666,1.0,evidence_integration_failure,
2wikimultihopqa_6e5e9de109af11ebbdb0ac1f6bf848b6,mistral-small3.1:24b,retrieve_then_read,Retrieved Evidence,diagnostic_condition,evidence_narrowed_condition,True,2wikimultihopqa,comparison,entity,8000,scattered,low,unknown,1990-Sick (Get 'Em All),Who's Laughing Now,p0001;p0002,p0001,True,0.0,0.0,0.0,0.0,0.0,0.0,1.0,0.5,0.6666666666666666,1.0,evidence_integration_failure,
2wikimultihopqa_6e5e9de109af11ebbdb0ac1f6bf848b6,mistral-small3.1:24b,oracle,Oracle Evidence,diagnostic_baseline,oracle_evidence_upper_reference,True,2wikimultihopqa,comparison,entity,8000,scattered,low,unknown,1990-Sick (Get 'Em All),1990-Sick (Get 'Em All),p0001;p0002,p0001;p0002,True,1.0,1.0,1.0,1.0,1.0,1.0,1.0,1.0,1.0,1.0,success,
2wikimultihopqa_2fd031c00bde11eba7f7acde48001122,mistral-small3.1:24b,no_evidence,No Evidence,diagnostic_baseline,question_only_lower_bound,True,2wikimultihopqa,multi_hop,string,16000,front,low,unknown,State University of New York at Purchase,unknown,p0001;p0002,,True,0.0,0.0,0.0,0.0,0.0,0.0,0.0,0.0,0.0,0.0,evidence_localization_failure,
2wikimultihopqa_2fd031c00bde11eba7f7acde48001122,mistral-small3.1:24b,direct,Full Context,diagnostic_condition,full_context_condition,True,2wikimultihopqa,multi_hop,string,16000,front,low,unknown,State University of New York at Purchase,State University of New York at Purchase,p0001;p0002,p0001;p0002,True,1.0,1.0,1.0,1.0,1.0,1.0,1.0,1.0,1.0,1.0,success,
2wikimultihopqa_2fd031c00bde11eba7f7acde48001122,mistral-small3.1:24b,retrieve_then_read,Retrieved Evidence,diagnostic_condition,evidence_narrowed_condition,True,2wikimultihopqa,multi_hop,string,16000,front,low,unknown,State University of New York at Purchase,State University of New York at Purchase,p0001;p0002,p0002,True,1.0,1.0,1.0,1.0,1.0,1.0,1.0,0.5,0.6666666666666666,1.0,success,
2wikimultihopqa_2fd031c00bde11eba7f7acde48001122,mistral-small3.1:24b,oracle,Oracle Evidence,diagnostic_baseline,oracle_evidence_upper_reference,True,2wikimultihopqa,multi_hop,string,16000,front,low,unknown,State University of New York at Purchase,State University of New York at Purchase,p0001;p0002,p0001;p0002,True,1.0,1.0,1.0,1.0,1.0,1.0,1.0,1.0,1.0,1.0,success,
2wikimultihopqa_09b7d46a0bda11eba7f7acde48001122,mistral-small3.1:24b,no_evidence,No Evidence,diagnostic_baseline,question_only_lower_bound,True,2wikimultihopqa,multi_hop,entity,4000,middle,low,unknown,2 September 1770,unknown,p0001;p0002,,True,0.0,0.0,0.0,0.0,0.0,0.0,0.0,0.0,0.0,0.0,evidence_localization_failure,
2wikimultihopqa_09b7d46a0bda11eba7f7acde48001122,mistral-small3.1:24b,direct,Full Context,diagnostic_condition,full_context_condition,True,2wikimultihopqa,multi_hop,entity,4000,middle,low,unknown,2 September 1770,2 September 1770,p0001;p0002,p0002,True,1.0,1.0,1.0,1.0,1.0,1.0,1.0,0.5,0.6666666666666666,1.0,success,
2wikimultihopqa_09b7d46a0bda11eba7f7acde48001122,mistral-small3.1:24b,retrieve_then_read,Retrieved Evidence,diagnostic_condition,evidence_narrowed_condition,True,2wikimultihopqa,multi_hop,entity,4000,middle,low,unknown,2 September 1770,19 November 1701,p0001;p0002,,True,0.0,0.0,0.0,0.0,0.0,0.0,0.0,0.0,0.0,0.0,evidence_localization_failure,
2wikimultihopqa_09b7d46a0bda11eba7f7acde48001122,mistral-small3.1:24b,oracle,Oracle Evidence,diagnostic_baseline,oracle_evidence_upper_reference,True,2wikimultihopqa,multi_hop,entity,4000,middle,low,unknown,2 September 1770,2 September 1770,p0001;p0002,p0001;p0002,True,1.0,1.0,1.0,1.0,1.0,1.0,1.0,1.0,1.0,1.0,success,
2wikimultihopqa_c5601df108a411ebbd7dac1f6bf848b6,mistral-small3.1:24b,no_evidence,No Evidence,diagnostic_baseline,question_only_lower_bound,True,2wikimultihopqa,comparison,entity,8000,end,medium,unknown,Bountiful Summer,Lemonade Joe,p0001;p0002;p0003;p0004,,True,0.0,0.0,0.0,0.0,0.0,0.0,0.0,0.0,0.0,0.0,evidence_localization_failure,
2wikimultihopqa_c5601df108a411ebbd7dac1f6bf848b6,mistral-small3.1:24b,direct,Full Context,diagnostic_condition,full_context_condition,True,2wikimultihopqa,comparison,entity,8000,end,medium,unknown,Bountiful Summer,Bountiful Summer,p0001;p0002;p0003;p0004,p0004,True,1.0,1.0,1.0,1.0,1.0,1.0,1.0,0.25,0.4,1.0,success,
2wikimultihopqa_c5601df108a411ebbd7dac1f6bf848b6,mistral-small3.1:24b,retrieve_then_read,Retrieved Evidence,diagnostic_condition,evidence_narrowed_condition,True,2wikimultihopqa,comparison,entity,8000,end,medium,unknown,Bountiful Summer,Bountiful Summer,p0001;p0002;p0003;p0004,p0001;p0003,True,1.0,1.0,1.0,1.0,1.0,1.0,1.0,0.5,0.6666666666666666,1.0,success,
2wikimultihopqa_c5601df108a411ebbd7dac1f6bf848b6,mistral-small3.1:24b,oracle,Oracle Evidence,diagnostic_baseline,oracle_evidence_upper_reference,True,2wikimultihopqa,comparison,entity,8000,end,medium,unknown,Bountiful Summer,Bountiful Summer,p0001;p0002;p0003;p0004,p0001;p0002;p0003,True,1.0,1.0,1.0,1.0,1.0,1.0,1.0,0.75,0.8571428571428571,1.0,success,
2wikimultihopqa_61d1f6900bde11eba7f7acde48001122,mistral-small3.1:24b,no_evidence,No Evidence,diagnostic_baseline,question_only_lower_bound,True,2wikimultihopqa,multi_hop,number,16000,scattered,low,unknown,1080,unknown,p0001;p0002,,True,0.0,0.0,0.0,0.0,0.0,0.0,0.0,0.0,0.0,0.0,evidence_localization_failure,
2wikimultihopqa_61d1f6900bde11eba7f7acde48001122,mistral-small3.1:24b,direct,Full Context,diagnostic_condition,full_context_condition,True,2wikimultihopqa,multi_hop,number,16000,scattered,low,unknown,1080,1080,p0001;p0002,p0002,True,1.0,1.0,1.0,1.0,1.0,1.0,1.0,0.5,0.6666666666666666,1.0,success,
2wikimultihopqa_61d1f6900bde11eba7f7acde48001122,mistral-small3.1:24b,retrieve_then_read,Retrieved Evidence,diagnostic_condition,evidence_narrowed_condition,True,2wikimultihopqa,multi_hop,number,16000,scattered,low,unknown,1080,1201,p0001;p0002,,True,0.0,0.0,0.0,0.0,0.0,0.0,0.0,0.0,0.0,0.0,evidence_localization_failure,
2wikimultihopqa_61d1f6900bde11eba7f7acde48001122,mistral-small3.1:24b,oracle,Oracle Evidence,diagnostic_baseline,oracle_evidence_upper_reference,True,2wikimultihopqa,multi_hop,number,16000,scattered,low,unknown,1080,1080,p0001;p0002,p0001;p0002,True,1.0,1.0,1.0,1.0,1.0,1.0,1.0,1.0,1.0,1.0,success,
2wikimultihopqa_c3c76b780bd911eba7f7acde48001122,mistral-small3.1:24b,no_evidence,No Evidence,diagnostic_baseline,question_only_lower_bound,True,2wikimultihopqa,multi_hop,entity,4000,front,low,unknown,30 June 1963,unknown,p0001;p0002,,True,0.0,0.0,0.0,0.0,0.0,0.0,0.0,0.0,0.0,0.0,evidence_localization_failure,
2wikimultihopqa_c3c76b780bd911eba7f7acde48001122,mistral-small3.1:24b,direct,Full Context,diagnostic_condition,full_context_condition,True,2wikimultihopqa,multi_hop,entity,4000,front,low,unknown,30 June 1963,30 June 1963,p0001;p0002,p0001;p0002,True,1.0,1.0,1.0,1.0,1.0,1.0,1.0,1.0,1.0,1.0,success,
2wikimultihopqa_c3c76b780bd911eba7f7acde48001122,mistral-small3.1:24b,retrieve_then_read,Retrieved Evidence,diagnostic_condition,evidence_narrowed_condition,True,2wikimultihopqa,multi_hop,entity,4000,front,low,unknown,30 June 1963,unknown,p0001;p0002,,True,0.0,0.0,0.0,0.0,0.0,0.0,0.0,0.0,0.0,0.0,evidence_localization_failure,
2wikimultihopqa_c3c76b780bd911eba7f7acde48001122,mistral-small3.1:24b,oracle,Oracle Evidence,diagnostic_baseline,oracle_evidence_upper_reference,True,2wikimultihopqa,multi_hop,entity,4000,front,low,unknown,30 June 1963,30 June 1963,p0001;p0002,p0001;p0002,True,1.0,1.0,1.0,1.0,1.0,1.0,1.0,1.0,1.0,1.0,success,
2wikimultihopqa_2e13ff240bde11eba7f7acde48001122,mistral-small3.1:24b,no_evidence,No Evidence,diagnostic_baseline,question_only_lower_bound,True,2wikimultihopqa,multi_hop,entity,8000,middle,low,unknown,Wales,unknown,p0001;p0002,,True,0.0,0.0,0.0,0.0,0.0,0.0,0.0,0.0,0.0,0.0,evidence_localization_failure,
2wikimultihopqa_2e13ff240bde11eba7f7acde48001122,mistral-small3.1:24b,direct,Full Context,diagnostic_condition,full_context_condition,True,2wikimultihopqa,multi_hop,entity,8000,middle,low,unknown,Wales,Powys,p0001;p0002,p0001,True,0.0,0.0,0.0,0.0,0.0,0.0,1.0,0.5,0.6666666666666666,1.0,evidence_integration_failure,
2wikimultihopqa_2e13ff240bde11eba7f7acde48001122,mistral-small3.1:24b,retrieve_then_read,Retrieved Evidence,diagnostic_condition,evidence_narrowed_condition,True,2wikimultihopqa,multi_hop,entity,8000,middle,low,unknown,Wales,Selyf,p0001;p0002,,True,0.0,0.0,0.0,0.0,0.0,0.0,0.0,0.0,0.0,0.0,evidence_localization_failure,
2wikimultihopqa_2e13ff240bde11eba7f7acde48001122,mistral-small3.1:24b,oracle,Oracle Evidence,diagnostic_baseline,oracle_evidence_upper_reference,True,2wikimultihopqa,multi_hop,entity,8000,middle,low,unknown,Wales,Powys,p0001;p0002,p0001;p0002,True,0.0,0.0,0.0,0.0,0.0,0.0,1.0,1.0,1.0,1.0,answer_conversion_failure,
2wikimultihopqa_c40d35580bda11eba7f7acde48001122,mistral-small3.1:24b,no_evidence,No Evidence,diagnostic_baseline,question_only_lower_bound,True,2wikimultihopqa,multi_hop,entity,16000,end,low,unknown,Rosario,unknown,p0001;p0002,,True,0.0,0.0,0.0,0.0,0.0,0.0,0.0,0.0,0.0,0.0,evidence_localization_failure,
2wikimultihopqa_c40d35580bda11eba7f7acde48001122,mistral-small3.1:24b,direct,Full Context,diagnostic_condition,full_context_condition,True,2wikimultihopqa,multi_hop,entity,16000,end,low,unknown,Rosario,"Rosario, Santa Fe Province",p0001;p0002,p0001,True,0.0,0.4,0.0,0.4,0.0,0.4,1.0,0.5,0.6666666666666666,1.0,evidence_integration_failure,
2wikimultihopqa_c40d35580bda11eba7f7acde48001122,mistral-small3.1:24b,retrieve_then_read,Retrieved Evidence,diagnostic_condition,evidence_narrowed_condition,True,2wikimultihopqa,multi_hop,entity,16000,end,low,unknown,Rosario,"Rosario, Santa Fe Province",p0001;p0002,p0001;p0002,True,0.0,0.4,0.0,0.4,0.0,0.4,1.0,1.0,1.0,1.0,answer_conversion_failure,
2wikimultihopqa_c40d35580bda11eba7f7acde48001122,mistral-small3.1:24b,oracle,Oracle Evidence,diagnostic_baseline,oracle_evidence_upper_reference,True,2wikimultihopqa,multi_hop,entity,16000,end,low,unknown,Rosario,"Rosario, Santa Fe Province",p0001;p0002,p0001;p0002,True,0.0,0.4,0.0,0.4,0.0,0.4,1.0,1.0,1.0,1.0,answer_conversion_failure,
2wikimultihopqa_2cf578340bde11eba7f7acde48001122,mistral-small3.1:24b,no_evidence,No Evidence,diagnostic_baseline,question_only_lower_bound,True,2wikimultihopqa,multi_hop,number,4000,scattered,low,unknown,1701,unknown,p0001;p0002,,True,0.0,0.0,0.0,0.0,0.0,0.0,0.0,0.0,0.0,0.0,evidence_localization_failure,
2wikimultihopqa_2cf578340bde11eba7f7acde48001122,mistral-small3.1:24b,direct,Full Context,diagnostic_condition,full_context_condition,True,2wikimultihopqa,multi_hop,number,4000,scattered,low,unknown,1701,1685,p0001;p0002,p0001,True,0.0,0.0,0.0,0.0,0.0,0.0,1.0,0.5,0.6666666666666666,1.0,evidence_integration_failure,
2wikimultihopqa_2cf578340bde11eba7f7acde48001122,mistral-small3.1:24b,retrieve_then_read,Retrieved Evidence,diagnostic_condition,evidence_narrowed_condition,True,2wikimultihopqa,multi_hop,number,4000,scattered,low,unknown,1701,1685,p0001;p0002,p0001,True,0.0,0.0,0.0,0.0,0.0,0.0,1.0,0.5,0.6666666666666666,1.0,evidence_integration_failure,
2wikimultihopqa_2cf578340bde11eba7f7acde48001122,mistral-small3.1:24b,oracle,Oracle Evidence,diagnostic_baseline,oracle_evidence_upper_reference,True,2wikimultihopqa,multi_hop,number,4000,scattered,low,unknown,1701,1701,p0001;p0002,p0001;p0002,True,1.0,1.0,1.0,1.0,1.0,1.0,1.0,1.0,1.0,1.0,success,
2wikimultihopqa_79675c6e0bd911eba7f7acde48001122,mistral-small3.1:24b,no_evidence,No Evidence,diagnostic_baseline,question_only_lower_bound,True,2wikimultihopqa,multi_hop,entity,8000,front,low,unknown,German,France,p0001;p0002,,True,0.0,0.0,0.0,0.0,0.0,0.0,0.0,0.0,0.0,0.0,evidence_localization_failure,
2wikimultihopqa_79675c6e0bd911eba7f7acde48001122,mistral-small3.1:24b,direct,Full Context,diagnostic_condition,full_context_condition,True,2wikimultihopqa,multi_hop,entity,8000,front,low,unknown,German,Germany,p0001;p0002,p0001;p0002,True,0.0,0.0,0.0,0.0,0.0,0.0,1.0,1.0,1.0,1.0,answer_conversion_failure,
2wikimultihopqa_79675c6e0bd911eba7f7acde48001122,mistral-small3.1:24b,retrieve_then_read,Retrieved Evidence,diagnostic_condition,evidence_narrowed_condition,True,2wikimultihopqa,multi_hop,entity,8000,front,low,unknown,German,Australia,p0001;p0002,,True,0.0,0.0,0.0,0.0,0.0,0.0,0.0,0.0,0.0,0.0,evidence_localization_failure,
2wikimultihopqa_79675c6e0bd911eba7f7acde48001122,mistral-small3.1:24b,oracle,Oracle Evidence,diagnostic_baseline,oracle_evidence_upper_reference,True,2wikimultihopqa,multi_hop,entity,8000,front,low,unknown,German,Germany,p0001;p0002,p0001;p0002,True,0.0,0.0,0.0,0.0,0.0,0.0,1.0,1.0,1.0,1.0,answer_conversion_failure,
2wikimultihopqa_30885e540bb011ebab90acde48001122,mistral-small3.1:24b,no_evidence,No Evidence,diagnostic_baseline,question_only_lower_bound,True,2wikimultihopqa,multi_hop,entity,16000,middle,low,unknown,Franz Joseph I,Prince Johann I Joseph of Liechtenstein,p0001;p0002,,True,0.0,0.4444444444444444,0.0,0.4444444444444444,0.0,0.4444444444444444,0.0,0.0,0.0,0.0,evidence_localization_failure,
2wikimultihopqa_30885e540bb011ebab90acde48001122,mistral-small3.1:24b,direct,Full Context,diagnostic_condition,full_context_condition,True,2wikimultihopqa,multi_hop,entity,16000,middle,low,unknown,Franz Joseph I,Johann I Joseph,p0001;p0002,p0001,True,0.0,0.6666666666666666,0.0,0.6666666666666666,0.0,0.6666666666666666,1.0,0.5,0.6666666666666666,1.0,evidence_integration_failure,
2wikimultihopqa_30885e540bb011ebab90acde48001122,mistral-small3.1:24b,retrieve_then_read,Retrieved Evidence,diagnostic_condition,evidence_narrowed_condition,True,2wikimultihopqa,multi_hop,entity,16000,middle,low,unknown,Franz Joseph I,Johann Josef Adam,p0001;p0002,,True,0.0,0.0,0.0,0.0,0.0,0.0,0.0,0.0,0.0,0.0,evidence_localization_failure,
2wikimultihopqa_30885e540bb011ebab90acde48001122,mistral-small3.1:24b,oracle,Oracle Evidence,diagnostic_baseline,oracle_evidence_upper_reference,True,2wikimultihopqa,multi_hop,entity,16000,middle,low,unknown,Franz Joseph I,Franz Joseph I,p0001;p0002,p0001;p0002,True,1.0,1.0,1.0,1.0,1.0,1.0,1.0,1.0,1.0,1.0,success,
2wikimultihopqa_6e4854a00bde11eba7f7acde48001122,mistral-small3.1:24b,no_evidence,No Evidence,diagnostic_baseline,question_only_lower_bound,True,2wikimultihopqa,multi_hop,entity,4000,end,low,unknown,Amman,Amman,p0001;p0002,,True,1.0,1.0,1.0,1.0,1.0,1.0,0.0,0.0,0.0,0.0,success,
2wikimultihopqa_6e4854a00bde11eba7f7acde48001122,mistral-small3.1:24b,direct,Full Context,diagnostic_condition,full_context_condition,True,2wikimultihopqa,multi_hop,entity,4000,end,low,unknown,Amman,Amman,p0001;p0002,p0001,True,1.0,1.0,1.0,1.0,1.0,1.0,1.0,0.5,0.6666666666666666,1.0,success,
2wikimultihopqa_6e4854a00bde11eba7f7acde48001122,mistral-small3.1:24b,retrieve_then_read,Retrieved Evidence,diagnostic_condition,evidence_narrowed_condition,True,2wikimultihopqa,multi_hop,entity,4000,end,low,unknown,Amman,Amman,p0001;p0002,p0002,True,1.0,1.0,1.0,1.0,1.0,1.0,1.0,0.5,0.6666666666666666,1.0,success,
2wikimultihopqa_6e4854a00bde11eba7f7acde48001122,mistral-small3.1:24b,oracle,Oracle Evidence,diagnostic_baseline,oracle_evidence_upper_reference,True,2wikimultihopqa,multi_hop,entity,4000,end,low,unknown,Amman,Amman,p0001;p0002,p0001;p0002,True,1.0,1.0,1.0,1.0,1.0,1.0,1.0,1.0,1.0,1.0,success,
2wikimultihopqa_421b26d80bb011ebab90acde48001122,mistral-small3.1:24b,no_evidence,No Evidence,diagnostic_baseline,question_only_lower_bound,True,2wikimultihopqa,multi_hop,string,8000,scattered,low,unknown,Princess Maria Immaculata of Bourbon-Two Sicilies,Archduchess Maria Theresa of Austria,p0001;p0002,,True,0.0,0.3636363636363636,0.0,0.3333333333333333,0.0,0.3636363636363636,0.0,0.0,0.0,0.0,evidence_localization_failure,
2wikimultihopqa_421b26d80bb011ebab90acde48001122,mistral-small3.1:24b,direct,Full Context,diagnostic_condition,full_context_condition,True,2wikimultihopqa,multi_hop,string,8000,scattered,low,unknown,Princess Maria Immaculata of Bourbon-Two Sicilies,Archduchess Maria Theresa of Austria,p0001;p0002,p0001,True,0.0,0.3636363636363636,0.0,0.3333333333333333,0.0,0.3636363636363636,1.0,0.5,0.6666666666666666,1.0,evidence_integration_failure,
2wikimultihopqa_421b26d80bb011ebab90acde48001122,mistral-small3.1:24b,retrieve_then_read,Retrieved Evidence,diagnostic_condition,evidence_narrowed_condition,True,2wikimultihopqa,multi_hop,string,8000,scattered,low,unknown,Princess Maria Immaculata of Bourbon-Two Sicilies,Archduke Leopold Salvator of Austria,p0001;p0002,p0001,True,0.0,0.1818181818181818,0.0,0.16666666666666666,0.0,0.1818181818181818,1.0,0.5,0.6666666666666666,1.0,evidence_integration_failure,
2wikimultihopqa_421b26d80bb011ebab90acde48001122,mistral-small3.1:24b,oracle,Oracle Evidence,diagnostic_baseline,oracle_evidence_upper_reference,True,2wikimultihopqa,multi_hop,string,8000,scattered,low,unknown,Princess Maria Immaculata of Bourbon-Two Sicilies,Princess Maria Immaculata of Bourbon-Two Sicilies,p0001;p0002,p0001;p0002,True,1.0,1.0,1.0,1.0,1.0,1.0,1.0,1.0,1.0,1.0,success,
2wikimultihopqa_140fbeda08c611ebbd90ac1f6bf848b6,mistral-small3.1:24b,no_evidence,No Evidence,diagnostic_baseline,question_only_lower_bound,True,2wikimultihopqa,comparison,entity,16000,front,medium,unknown,Two For Tonight,Two For Tonight,p0001;p0002;p0003;p0004,,True,1.0,1.0,1.0,1.0,1.0,1.0,0.0,0.0,0.0,0.0,success,
2wikimultihopqa_140fbeda08c611ebbd90ac1f6bf848b6,mistral-small3.1:24b,direct,Full Context,diagnostic_condition,full_context_condition,True,2wikimultihopqa,comparison,entity,16000,front,medium,unknown,Two For Tonight,Two For Tonight,p0001;p0002;p0003;p0004,p0003,True,1.0,1.0,1.0,1.0,1.0,1.0,1.0,0.25,0.4,1.0,success,
2wikimultihopqa_140fbeda08c611ebbd90ac1f6bf848b6,mistral-small3.1:24b,retrieve_then_read,Retrieved Evidence,diagnostic_condition,evidence_narrowed_condition,True,2wikimultihopqa,comparison,entity,16000,front,medium,unknown,Two For Tonight,Two for Tonight,p0001;p0002;p0003;p0004,p0003,True,1.0,1.0,1.0,1.0,1.0,1.0,1.0,0.25,0.4,1.0,success,
2wikimultihopqa_140fbeda08c611ebbd90ac1f6bf848b6,mistral-small3.1:24b,oracle,Oracle Evidence,diagnostic_baseline,oracle_evidence_upper_reference,True,2wikimultihopqa,comparison,entity,16000,front,medium,unknown,Two For Tonight,Two for Tonight,p0001;p0002;p0003;p0004,p0001;p0002;p0003,True,1.0,1.0,1.0,1.0,1.0,1.0,1.0,0.75,0.8571428571428571,1.0,success,
2wikimultihopqa_43eb7b380bde11eba7f7acde48001122,mistral-small3.1:24b,no_evidence,No Evidence,diagnostic_baseline,question_only_lower_bound,True,2wikimultihopqa,multi_hop,entity,4000,middle,low,unknown,Belfast,London,p0001;p0002,,True,0.0,0.0,0.0,0.0,0.0,0.0,0.0,0.0,0.0,0.0,evidence_localization_failure,
2wikimultihopqa_43eb7b380bde11eba7f7acde48001122,mistral-small3.1:24b,direct,Full Context,diagnostic_condition,full_context_condition,True,2wikimultihopqa,multi_hop,entity,4000,middle,low,unknown,Belfast,Belfast,p0001;p0002,p0001;p0002,True,1.0,1.0,1.0,1.0,1.0,1.0,1.0,1.0,1.0,1.0,success,
2wikimultihopqa_43eb7b380bde11eba7f7acde48001122,mistral-small3.1:24b,retrieve_then_read,Retrieved Evidence,diagnostic_condition,evidence_narrowed_condition,True,2wikimultihopqa,multi_hop,entity,4000,middle,low,unknown,Belfast,"Cottingham, England",p0001;p0002,,True,0.0,0.0,0.0,0.0,0.0,0.0,0.0,0.0,0.0,0.0,evidence_localization_failure,
2wikimultihopqa_43eb7b380bde11eba7f7acde48001122,mistral-small3.1:24b,oracle,Oracle Evidence,diagnostic_baseline,oracle_evidence_upper_reference,True,2wikimultihopqa,multi_hop,entity,4000,middle,low,unknown,Belfast,Belfast,p0001;p0002,p0001;p0002,True,1.0,1.0,1.0,1.0,1.0,1.0,1.0,1.0,1.0,1.0,success,
2wikimultihopqa_e5d895ee0bdd11eba7f7acde48001122,mistral-small3.1:24b,no_evidence,No Evidence,diagnostic_baseline,question_only_lower_bound,True,2wikimultihopqa,multi_hop,entity,8000,end,low,unknown,Tamil,unknown,p0001;p0002,,True,0.0,0.0,0.0,0.0,0.0,0.0,0.0,0.0,0.0,0.0,evidence_localization_failure,
2wikimultihopqa_e5d895ee0bdd11eba7f7acde48001122,mistral-small3.1:24b,direct,Full Context,diagnostic_condition,full_context_condition,True,2wikimultihopqa,multi_hop,entity,8000,end,low,unknown,Tamil,India,p0001;p0002,p0001;p0009,True,0.0,0.0,0.0,0.0,0.0,0.0,0.5,0.5,0.5,1.0,evidence_integration_failure,
2wikimultihopqa_e5d895ee0bdd11eba7f7acde48001122,mistral-small3.1:24b,retrieve_then_read,Retrieved Evidence,diagnostic_condition,evidence_narrowed_condition,True,2wikimultihopqa,multi_hop,entity,8000,end,low,unknown,Tamil,unknown,p0001;p0002,,True,0.0,0.0,0.0,0.0,0.0,0.0,0.0,0.0,0.0,0.0,evidence_localization_failure,
2wikimultihopqa_e5d895ee0bdd11eba7f7acde48001122,mistral-small3.1:24b,oracle,Oracle Evidence,diagnostic_baseline,oracle_evidence_upper_reference,True,2wikimultihopqa,multi_hop,entity,8000,end,low,unknown,Tamil,,p0001;p0002,,True,0.0,0.0,0.0,0.0,0.0,0.0,0.0,0.0,0.0,0.0,evidence_localization_failure,
2wikimultihopqa_286321f00bb011ebab90acde48001122,mistral-small3.1:24b,no_evidence,No Evidence,diagnostic_baseline,question_only_lower_bound,True,2wikimultihopqa,multi_hop,string,16000,scattered,low,unknown,"Íñigo Vélez de Guevara, 7th Count of Oñate",unknown,p0001;p0002,,True,0.0,0.0,0.0,0.0,0.0,0.0,0.0,0.0,0.0,0.0,evidence_localization_failure,
2wikimultihopqa_286321f00bb011ebab90acde48001122,mistral-small3.1:24b,direct,Full Context,diagnostic_condition,full_context_condition,True,2wikimultihopqa,multi_hop,string,16000,scattered,low,unknown,"Íñigo Vélez de Guevara, 7th Count of Oñate",Íñigo Vélez de Guevara,p0001;p0002,p0001,True,0.0,0.6666666666666666,0.0,0.6666666666666666,0.0,0.6666666666666666,1.0,0.5,0.6666666666666666,1.0,evidence_integration_failure,
2wikimultihopqa_286321f00bb011ebab90acde48001122,mistral-small3.1:24b,retrieve_then_read,Retrieved Evidence,diagnostic_condition,evidence_narrowed_condition,True,2wikimultihopqa,multi_hop,string,16000,scattered,low,unknown,"Íñigo Vélez de Guevara, 7th Count of Oñate",Íñigo Vélez de Guevara,p0001;p0002,,True,0.0,0.6666666666666666,0.0,0.6666666666666666,0.0,0.6666666666666666,0.0,0.0,0.0,0.0,evidence_localization_failure,
2wikimultihopqa_286321f00bb011ebab90acde48001122,mistral-small3.1:24b,oracle,Oracle Evidence,diagnostic_baseline,oracle_evidence_upper_reference,True,2wikimultihopqa,multi_hop,string,16000,scattered,low,unknown,"Íñigo Vélez de Guevara, 7th Count of Oñate",Íñigo Vélez de Guevara,p0001;p0002,p0001,True,0.0,0.6666666666666666,0.0,0.6666666666666666,0.0,0.6666666666666666,1.0,0.5,0.6666666666666666,1.0,evidence_integration_failure,
2wikimultihopqa_5d000d7908be11ebbd8aac1f6bf848b6,mistral-small3.1:24b,no_evidence,No Evidence,diagnostic_baseline,question_only_lower_bound,True,2wikimultihopqa,comparison,entity,4000,front,medium,unknown,Jeedar,Jeedar,p0001;p0002;p0003;p0004,,True,1.0,1.0,1.0,1.0,1.0,1.0,0.0,0.0,0.0,0.0,success,
2wikimultihopqa_5d000d7908be11ebbd8aac1f6bf848b6,mistral-small3.1:24b,direct,Full Context,diagnostic_condition,full_context_condition,True,2wikimultihopqa,comparison,entity,4000,front,medium,unknown,Jeedar,The Rebel Set,p0001;p0002;p0003;p0004,p0002;p0003,True,0.0,0.0,0.0,0.0,0.0,0.0,1.0,0.5,0.6666666666666666,1.0,evidence_integration_failure,
2wikimultihopqa_5d000d7908be11ebbd8aac1f6bf848b6,mistral-small3.1:24b,retrieve_then_read,Retrieved Evidence,diagnostic_condition,evidence_narrowed_condition,True,2wikimultihopqa,comparison,entity,4000,front,medium,unknown,Jeedar,The Rebel Set,p0001;p0002;p0003;p0004,,True,0.0,0.0,0.0,0.0,0.0,0.0,0.0,0.0,0.0,0.0,evidence_localization_failure,
2wikimultihopqa_5d000d7908be11ebbd8aac1f6bf848b6,mistral-small3.1:24b,oracle,Oracle Evidence,diagnostic_baseline,oracle_evidence_upper_reference,True,2wikimultihopqa,comparison,entity,4000,front,medium,unknown,Jeedar,Jeedar,p0001;p0002;p0003;p0004,p0001;p0003;p0002,True,1.0,1.0,1.0,1.0,1.0,1.0,1.0,0.75,0.8571428571428571,1.0,success,
2wikimultihopqa_5e60d12e0bda11eba7f7acde48001122,mistral-small3.1:24b,no_evidence,No Evidence,diagnostic_baseline,question_only_lower_bound,True,2wikimultihopqa,multi_hop,entity,8000,middle,low,unknown,Jerez de la Frontera,unknown,p0001;p0002,,True,0.0,0.0,0.0,0.0,0.0,0.0,0.0,0.0,0.0,0.0,evidence_localization_failure,
2wikimultihopqa_5e60d12e0bda11eba7f7acde48001122,mistral-small3.1:24b,direct,Full Context,diagnostic_condition,full_context_condition,True,2wikimultihopqa,multi_hop,entity,8000,middle,low,unknown,Jerez de la Frontera,Jerez de la Frontera,p0001;p0002,p0001,True,1.0,1.0,1.0,1.0,1.0,1.0,1.0,0.5,0.6666666666666666,1.0,success,
2wikimultihopqa_5e60d12e0bda11eba7f7acde48001122,mistral-small3.1:24b,retrieve_then_read,Retrieved Evidence,diagnostic_condition,evidence_narrowed_condition,True,2wikimultihopqa,multi_hop,entity,8000,middle,low,unknown,Jerez de la Frontera,Japan,p0001;p0002,,True,0.0,0.0,0.0,0.0,0.0,0.0,0.0,0.0,0.0,0.0,evidence_localization_failure,
2wikimultihopqa_5e60d12e0bda11eba7f7acde48001122,mistral-small3.1:24b,oracle,Oracle Evidence,diagnostic_baseline,oracle_evidence_upper_reference,True,2wikimultihopqa,multi_hop,entity,8000,middle,low,unknown,Jerez de la Frontera,Jerez de la Frontera,p0001;p0002,p0001;p0002,True,1.0,1.0,1.0,1.0,1.0,1.0,1.0,1.0,1.0,1.0,success,
2wikimultihopqa_d133120e0bdd11eba7f7acde48001122,mistral-small3.1:24b,no_evidence,No Evidence,diagnostic_baseline,question_only_lower_bound,True,2wikimultihopqa,multi_hop,entity,16000,end,low,unknown,Queens,New Orleans,p0001;p0002,,True,0.0,0.0,0.0,0.0,0.0,0.0,0.0,0.0,0.0,0.0,evidence_localization_failure,
2wikimultihopqa_d133120e0bdd11eba7f7acde48001122,mistral-small3.1:24b,direct,Full Context,diagnostic_condition,full_context_condition,True,2wikimultihopqa,multi_hop,entity,16000,end,low,unknown,Queens,"Queens, New York",p0001;p0002,p0002,True,0.0,0.5,0.0,0.5,0.0,0.5,1.0,0.5,0.6666666666666666,1.0,evidence_integration_failure,
2wikimultihopqa_d133120e0bdd11eba7f7acde48001122,mistral-small3.1:24b,retrieve_then_read,Retrieved Evidence,diagnostic_condition,evidence_narrowed_condition,True,2wikimultihopqa,multi_hop,entity,16000,end,low,unknown,Queens,Trinidad,p0001;p0002,,True,0.0,0.0,0.0,0.0,0.0,0.0,0.0,0.0,0.0,0.0,evidence_localization_failure,
2wikimultihopqa_d133120e0bdd11eba7f7acde48001122,mistral-small3.1:24b,oracle,Oracle Evidence,diagnostic_baseline,oracle_evidence_upper_reference,True,2wikimultihopqa,multi_hop,entity,16000,end,low,unknown,Queens,"Queens, New York",p0001;p0002,p0001;p0002,True,0.0,0.5,0.0,0.5,0.0,0.5,1.0,1.0,1.0,1.0,answer_conversion_failure,
2wikimultihopqa_5eff3f9a0bd911eba7f7acde48001122,mistral-small3.1:24b,no_evidence,No Evidence,diagnostic_baseline,question_only_lower_bound,True,2wikimultihopqa,multi_hop,entity,4000,scattered,low,unknown,Nanjing,unknown,p0001;p0002,,True,0.0,0.0,0.0,0.0,0.0,0.0,0.0,0.0,0.0,0.0,evidence_localization_failure,
2wikimultihopqa_5eff3f9a0bd911eba7f7acde48001122,mistral-small3.1:24b,direct,Full Context,diagnostic_condition,full_context_condition,True,2wikimultihopqa,multi_hop,entity,4000,scattered,low,unknown,Nanjing,Nanjing,p0001;p0002,p0001;p0002,True,1.0,1.0,1.0,1.0,1.0,1.0,1.0,1.0,1.0,1.0,success,
2wikimultihopqa_5eff3f9a0bd911eba7f7acde48001122,mistral-small3.1:24b,retrieve_then_read,Retrieved Evidence,diagnostic_condition,evidence_narrowed_condition,True,2wikimultihopqa,multi_hop,entity,4000,scattered,low,unknown,Nanjing,China,p0001;p0002,,True,0.0,0.0,0.0,0.0,0.0,0.0,0.0,0.0,0.0,0.0,evidence_localization_failure,
2wikimultihopqa_5eff3f9a0bd911eba7f7acde48001122,mistral-small3.1:24b,oracle,Oracle Evidence,diagnostic_baseline,oracle_evidence_upper_reference,True,2wikimultihopqa,multi_hop,entity,4000,scattered,low,unknown,Nanjing,Nanjing,p0001;p0002,p0001;p0002,True,1.0,1.0,1.0,1.0,1.0,1.0,1.0,1.0,1.0,1.0,success,
2wikimultihopqa_27987581093611ebbdaeac1f6bf848b6,mistral-small3.1:24b,no_evidence,No Evidence,diagnostic_baseline,question_only_lower_bound,True,2wikimultihopqa,comparison,entity,8000,front,low,unknown,Niyoti,Niyoti,p0001;p0002,,True,1.0,1.0,1.0,1.0,1.0,1.0,0.0,0.0,0.0,0.0,success,
2wikimultihopqa_27987581093611ebbdaeac1f6bf848b6,mistral-small3.1:24b,direct,Full Context,diagnostic_condition,full_context_condition,True,2wikimultihopqa,comparison,entity,8000,front,low,unknown,Niyoti,Niyoti,p0001;p0002,p0001,True,1.0,1.0,1.0,1.0,1.0,1.0,1.0,0.5,0.6666666666666666,1.0,success,
2wikimultihopqa_27987581093611ebbdaeac1f6bf848b6,mistral-small3.1:24b,retrieve_then_read,Retrieved Evidence,diagnostic_condition,evidence_narrowed_condition,True,2wikimultihopqa,comparison,entity,8000,front,low,unknown,Niyoti,Niyoti,p0001;p0002,p0001,True,1.0,1.0,1.0,1.0,1.0,1.0,1.0,0.5,0.6666666666666666,1.0,success,
2wikimultihopqa_27987581093611ebbdaeac1f6bf848b6,mistral-small3.1:24b,oracle,Oracle Evidence,diagnostic_baseline,oracle_evidence_upper_reference,True,2wikimultihopqa,comparison,entity,8000,front,low,unknown,Niyoti,Niyoti,p0001;p0002,p0001;p0002,True,1.0,1.0,1.0,1.0,1.0,1.0,1.0,1.0,1.0,1.0,success,
2wikimultihopqa_87154f1e0bda11eba7f7acde48001122,mistral-small3.1:24b,no_evidence,No Evidence,diagnostic_baseline,question_only_lower_bound,True,2wikimultihopqa,multi_hop,entity,16000,middle,low,unknown,Polish–Lithuanian Commonwealth,Poland,p0001;p0002,,True,0.0,0.0,0.0,0.0,0.0,0.0,0.0,0.0,0.0,0.0,evidence_localization_failure,
2wikimultihopqa_87154f1e0bda11eba7f7acde48001122,mistral-small3.1:24b,direct,Full Context,diagnostic_condition,full_context_condition,True,2wikimultihopqa,multi_hop,entity,16000,middle,low,unknown,Polish–Lithuanian Commonwealth,Poland,p0001;p0002,p0001;p0002,True,0.0,0.0,0.0,0.0,0.0,0.0,1.0,1.0,1.0,1.0,answer_conversion_failure,
2wikimultihopqa_87154f1e0bda11eba7f7acde48001122,mistral-small3.1:24b,retrieve_then_read,Retrieved Evidence,diagnostic_condition,evidence_narrowed_condition,True,2wikimultihopqa,multi_hop,entity,16000,middle,low,unknown,Polish–Lithuanian Commonwealth,Poland,p0001;p0002,p0001,True,0.0,0.0,0.0,0.0,0.0,0.0,1.0,0.5,0.6666666666666666,1.0,evidence_integration_failure,
2wikimultihopqa_87154f1e0bda11eba7f7acde48001122,mistral-small3.1:24b,oracle,Oracle Evidence,diagnostic_baseline,oracle_evidence_upper_reference,True,2wikimultihopqa,multi_hop,entity,16000,middle,low,unknown,Polish–Lithuanian Commonwealth,Polish–Lithuanian Commonwealth,p0001;p0002,p0001;p0002,True,1.0,1.0,1.0,1.0,1.0,1.0,1.0,1.0,1.0,1.0,success,
2wikimultihopqa_a6d861000bdb11eba7f7acde48001122,mistral-small3.1:24b,no_evidence,No Evidence,diagnostic_baseline,question_only_lower_bound,True,2wikimultihopqa,multi_hop,entity,4000,end,low,unknown,Maurya dynasty,unknown,p0001;p0002,,True,0.0,0.0,0.0,0.0,0.0,0.0,0.0,0.0,0.0,0.0,evidence_localization_failure,
2wikimultihopqa_a6d861000bdb11eba7f7acde48001122,mistral-small3.1:24b,direct,Full Context,diagnostic_condition,full_context_condition,True,2wikimultihopqa,multi_hop,entity,4000,end,low,unknown,Maurya dynasty,India,p0001;p0002,p0001;p0002,True,0.0,0.0,0.0,0.0,0.0,0.0,1.0,1.0,1.0,1.0,answer_conversion_failure,
2wikimultihopqa_a6d861000bdb11eba7f7acde48001122,mistral-small3.1:24b,retrieve_then_read,Retrieved Evidence,diagnostic_condition,evidence_narrowed_condition,True,2wikimultihopqa,multi_hop,entity,4000,end,low,unknown,Maurya dynasty,India,p0001;p0002,p0001;p0002,True,0.0,0.0,0.0,0.0,0.0,0.0,1.0,1.0,1.0,1.0,answer_conversion_failure,
2wikimultihopqa_a6d861000bdb11eba7f7acde48001122,mistral-small3.1:24b,oracle,Oracle Evidence,diagnostic_baseline,oracle_evidence_upper_reference,True,2wikimultihopqa,multi_hop,entity,4000,end,low,unknown,Maurya dynasty,India,p0001;p0002,p0001;p0002,True,0.0,0.0,0.0,0.0,0.0,0.0,1.0,1.0,1.0,1.0,answer_conversion_failure,
2wikimultihopqa_5d8037920bb011ebab90acde48001122,mistral-small3.1:24b,no_evidence,No Evidence,diagnostic_baseline,question_only_lower_bound,True,2wikimultihopqa,multi_hop,entity,8000,scattered,low,unknown,Yi Jiang,Queen Jiang,p0001;p0002,,True,0.0,0.5,0.0,0.5,0.0,0.5,0.0,0.0,0.0,0.0,evidence_localization_failure,
2wikimultihopqa_5d8037920bb011ebab90acde48001122,mistral-small3.1:24b,direct,Full Context,diagnostic_condition,full_context_condition,True,2wikimultihopqa,multi_hop,entity,8000,scattered,low,unknown,Yi Jiang,Queen Yi Jiang,p0001;p0002,p0001,True,0.0,0.8,0.0,0.8,0.0,0.8,1.0,0.5,0.6666666666666666,1.0,evidence_integration_failure,
2wikimultihopqa_5d8037920bb011ebab90acde48001122,mistral-small3.1:24b,retrieve_then_read,Retrieved Evidence,diagnostic_condition,evidence_narrowed_condition,True,2wikimultihopqa,multi_hop,entity,8000,scattered,low,unknown,Yi Jiang,Queen Jiang,p0001;p0002,p0001,True,0.0,0.5,0.0,0.5,0.0,0.5,1.0,0.5,0.6666666666666666,1.0,evidence_integration_failure,
2wikimultihopqa_5d8037920bb011ebab90acde48001122,mistral-small3.1:24b,oracle,Oracle Evidence,diagnostic_baseline,oracle_evidence_upper_reference,True,2wikimultihopqa,multi_hop,entity,8000,scattered,low,unknown,Yi Jiang,Queen Yi Jiang,p0001;p0002,p0001;p0002,True,0.0,0.8,0.0,0.8,0.0,0.8,1.0,1.0,1.0,1.0,answer_conversion_failure,
2wikimultihopqa_6e5f2a2e085d11ebbd5cac1f6bf848b6,mistral-small3.1:24b,no_evidence,No Evidence,diagnostic_baseline,question_only_lower_bound,True,2wikimultihopqa,comparison,entity,16000,front,medium,unknown,The Hidden One,The Face Of Fu Manchu,p0001;p0002;p0003;p0004,,True,0.0,0.0,0.0,0.0,0.0,0.0,0.0,0.0,0.0,0.0,evidence_localization_failure,
2wikimultihopqa_6e5f2a2e085d11ebbd5cac1f6bf848b6,mistral-small3.1:24b,direct,Full Context,diagnostic_condition,full_context_condition,True,2wikimultihopqa,comparison,entity,16000,front,medium,unknown,The Hidden One,The Hidden One,p0001;p0002;p0003;p0004,p0001;p0004,True,1.0,1.0,1.0,1.0,1.0,1.0,1.0,0.5,0.6666666666666666,1.0,success,
2wikimultihopqa_6e5f2a2e085d11ebbd5cac1f6bf848b6,mistral-small3.1:24b,retrieve_then_read,Retrieved Evidence,diagnostic_condition,evidence_narrowed_condition,True,2wikimultihopqa,comparison,entity,16000,front,medium,unknown,The Hidden One,The Face Of Fu Manchu,p0001;p0002;p0003;p0004,,True,0.0,0.0,0.0,0.0,0.0,0.0,0.0,0.0,0.0,0.0,evidence_localization_failure,
2wikimultihopqa_6e5f2a2e085d11ebbd5cac1f6bf848b6,mistral-small3.1:24b,oracle,Oracle Evidence,diagnostic_baseline,oracle_evidence_upper_reference,True,2wikimultihopqa,comparison,entity,16000,front,medium,unknown,The Hidden One,The Hidden One,p0001;p0002;p0003;p0004,p0001;p0002;p0003,True,1.0,1.0,1.0,1.0,1.0,1.0,1.0,0.75,0.8571428571428571,1.0,success,
2wikimultihopqa_1d4139960bde11eba7f7acde48001122,mistral-small3.1:24b,no_evidence,No Evidence,diagnostic_baseline,question_only_lower_bound,True,2wikimultihopqa,multi_hop,entity,4000,middle,low,unknown,"New Brunswick, New Jersey",unknown,p0001;p0002,,True,0.0,0.0,0.0,0.0,0.0,0.0,0.0,0.0,0.0,0.0,evidence_localization_failure,
2wikimultihopqa_1d4139960bde11eba7f7acde48001122,mistral-small3.1:24b,direct,Full Context,diagnostic_condition,full_context_condition,True,2wikimultihopqa,multi_hop,entity,4000,middle,low,unknown,"New Brunswick, New Jersey","New Brunswick, New Jersey",p0001;p0002,p0002,True,1.0,1.0,1.0,1.0,1.0,1.0,1.0,0.5,0.6666666666666666,1.0,success,
2wikimultihopqa_1d4139960bde11eba7f7acde48001122,mistral-small3.1:24b,retrieve_then_read,Retrieved Evidence,diagnostic_condition,evidence_narrowed_condition,True,2wikimultihopqa,multi_hop,entity,4000,middle,low,unknown,"New Brunswick, New Jersey","Soho, London",p0001;p0002,,True,0.0,0.0,0.0,0.0,0.0,0.0,0.0,0.0,0.0,0.0,evidence_localization_failure,
2wikimultihopqa_1d4139960bde11eba7f7acde48001122,mistral-small3.1:24b,oracle,Oracle Evidence,diagnostic_baseline,oracle_evidence_upper_reference,True,2wikimultihopqa,multi_hop,entity,4000,middle,low,unknown,"New Brunswick, New Jersey","New Brunswick, New Jersey",p0001;p0002,p0001;p0002,True,1.0,1.0,1.0,1.0,1.0,1.0,1.0,1.0,1.0,1.0,success,
2wikimultihopqa_eec16bb008c011ebbd8aac1f6bf848b6,mistral-small3.1:24b,no_evidence,No Evidence,diagnostic_baseline,question_only_lower_bound,True,2wikimultihopqa,comparison,entity,8000,end,medium,unknown,The Great Flamarion,The Great Flamarion,p0001;p0002;p0003;p0004,,True,1.0,1.0,1.0,1.0,1.0,1.0,0.0,0.0,0.0,0.0,success,
2wikimultihopqa_eec16bb008c011ebbd8aac1f6bf848b6,mistral-small3.1:24b,direct,Full Context,diagnostic_condition,full_context_condition,True,2wikimultihopqa,comparison,entity,8000,end,medium,unknown,The Great Flamarion,The Great Flamarion,p0001;p0002;p0003;p0004,p0001;p0002;p0003,True,1.0,1.0,1.0,1.0,1.0,1.0,1.0,0.75,0.8571428571428571,1.0,success,
2wikimultihopqa_eec16bb008c011ebbd8aac1f6bf848b6,mistral-small3.1:24b,retrieve_then_read,Retrieved Evidence,diagnostic_condition,evidence_narrowed_condition,True,2wikimultihopqa,comparison,entity,8000,end,medium,unknown,The Great Flamarion,The Great Flamarion,p0001;p0002;p0003;p0004,p0003;p0004,True,1.0,1.0,1.0,1.0,1.0,1.0,1.0,0.5,0.6666666666666666,1.0,success,
2wikimultihopqa_eec16bb008c011ebbd8aac1f6bf848b6,mistral-small3.1:24b,oracle,Oracle Evidence,diagnostic_baseline,oracle_evidence_upper_reference,True,2wikimultihopqa,comparison,entity,8000,end,medium,unknown,The Great Flamarion,The Great Flamarion,p0001;p0002;p0003;p0004,p0001;p0002;p0003,True,1.0,1.0,1.0,1.0,1.0,1.0,1.0,0.75,0.8571428571428571,1.0,success,
2wikimultihopqa_4039b1be08d511ebbd98ac1f6bf848b6,mistral-small3.1:24b,no_evidence,No Evidence,diagnostic_baseline,question_only_lower_bound,True,2wikimultihopqa,comparison,yes_no,16000,scattered,medium,unknown,yes,no,p0001;p0002;p0003;p0004,,True,0.0,0.0,0.0,0.0,0.0,0.0,0.0,0.0,0.0,0.0,evidence_localization_failure,
2wikimultihopqa_4039b1be08d511ebbd98ac1f6bf848b6,mistral-small3.1:24b,direct,Full Context,diagnostic_condition,full_context_condition,True,2wikimultihopqa,comparison,yes_no,16000,scattered,medium,unknown,yes,no,p0001;p0002;p0003;p0004,p0001;p0002,True,0.0,0.0,0.0,0.0,0.0,0.0,1.0,0.5,0.6666666666666666,1.0,evidence_integration_failure,
2wikimultihopqa_4039b1be08d511ebbd98ac1f6bf848b6,mistral-small3.1:24b,retrieve_then_read,Retrieved Evidence,diagnostic_condition,evidence_narrowed_condition,True,2wikimultihopqa,comparison,yes_no,16000,scattered,medium,unknown,yes,no,p0001;p0002;p0003;p0004,p0002,True,0.0,0.0,0.0,0.0,0.0,0.0,1.0,0.25,0.4,1.0,evidence_integration_failure,
2wikimultihopqa_4039b1be08d511ebbd98ac1f6bf848b6,mistral-small3.1:24b,oracle,Oracle Evidence,diagnostic_baseline,oracle_evidence_upper_reference,True,2wikimultihopqa,comparison,yes_no,16000,scattered,medium,unknown,yes,no,p0001;p0002;p0003;p0004,p0001;p0002;p0003,True,0.0,0.0,0.0,0.0,0.0,0.0,1.0,0.75,0.8571428571428571,1.0,evidence_integration_failure,
2wikimultihopqa_8ba63ce8098f11ebbdb0ac1f6bf848b6,mistral-small3.1:24b,no_evidence,No Evidence,diagnostic_baseline,question_only_lower_bound,True,2wikimultihopqa,comparison,yes_no,4000,front,low,unknown,yes,yes,p0001;p0002,,True,1.0,1.0,1.0,1.0,1.0,1.0,0.0,0.0,0.0,0.0,success,
2wikimultihopqa_8ba63ce8098f11ebbdb0ac1f6bf848b6,mistral-small3.1:24b,direct,Full Context,diagnostic_condition,full_context_condition,True,2wikimultihopqa,comparison,yes_no,4000,front,low,unknown,yes,yes,p0001;p0002,p0001;p0002,True,1.0,1.0,1.0,1.0,1.0,1.0,1.0,1.0,1.0,1.0,success,
2wikimultihopqa_8ba63ce8098f11ebbdb0ac1f6bf848b6,mistral-small3.1:24b,retrieve_then_read,Retrieved Evidence,diagnostic_condition,evidence_narrowed_condition,True,2wikimultihopqa,comparison,yes_no,4000,front,low,unknown,yes,Ampelakia,p0001;p0002,p0001;p0002,True,0.0,0.0,0.0,0.0,0.0,0.0,1.0,1.0,1.0,1.0,answer_conversion_failure,
2wikimultihopqa_8ba63ce8098f11ebbdb0ac1f6bf848b6,mistral-small3.1:24b,oracle,Oracle Evidence,diagnostic_baseline,oracle_evidence_upper_reference,True,2wikimultihopqa,comparison,yes_no,4000,front,low,unknown,yes,yes,p0001;p0002,p0001;p0002,True,1.0,1.0,1.0,1.0,1.0,1.0,1.0,1.0,1.0,1.0,success,
2wikimultihopqa_5a5718140bde11eba7f7acde48001122,mistral-small3.1:24b,no_evidence,No Evidence,diagnostic_baseline,question_only_lower_bound,True,2wikimultihopqa,multi_hop,entity,8000,middle,low,unknown,Bombay,Mumbai,p0001;p0002,,True,0.0,0.0,0.0,0.0,0.0,0.0,0.0,0.0,0.0,0.0,evidence_localization_failure,
2wikimultihopqa_5a5718140bde11eba7f7acde48001122,mistral-small3.1:24b,direct,Full Context,diagnostic_condition,full_context_condition,True,2wikimultihopqa,multi_hop,entity,8000,middle,low,unknown,Bombay,unknown,p0001;p0002,,True,0.0,0.0,0.0,0.0,0.0,0.0,0.0,0.0,0.0,0.0,evidence_localization_failure,
2wikimultihopqa_5a5718140bde11eba7f7acde48001122,mistral-small3.1:24b,retrieve_then_read,Retrieved Evidence,diagnostic_condition,evidence_narrowed_condition,True,2wikimultihopqa,multi_hop,entity,8000,middle,low,unknown,Bombay,unknown,p0001;p0002,,True,0.0,0.0,0.0,0.0,0.0,0.0,0.0,0.0,0.0,0.0,evidence_localization_failure,
2wikimultihopqa_5a5718140bde11eba7f7acde48001122,mistral-small3.1:24b,oracle,Oracle Evidence,diagnostic_baseline,oracle_evidence_upper_reference,True,2wikimultihopqa,multi_hop,entity,8000,middle,low,unknown,Bombay,unknown,p0001;p0002,p0001;p0002,True,0.0,0.0,0.0,0.0,0.0,0.0,1.0,1.0,1.0,1.0,answer_conversion_failure,
2wikimultihopqa_ce4f63cc0bdc11eba7f7acde48001122,mistral-small3.1:24b,no_evidence,No Evidence,diagnostic_baseline,question_only_lower_bound,True,2wikimultihopqa,multi_hop,entity,16000,end,low,unknown,National Film School in Łódź,The Lodz Film School,p0001;p0002,,True,0.0,0.5,0.0,0.5,0.0,0.5,0.0,0.0,0.0,0.0,evidence_localization_failure,
2wikimultihopqa_ce4f63cc0bdc11eba7f7acde48001122,mistral-small3.1:24b,direct,Full Context,diagnostic_condition,full_context_condition,True,2wikimultihopqa,multi_hop,entity,16000,end,low,unknown,National Film School in Łódź,National Film School in Łódź,p0001;p0002,p0001,True,1.0,1.0,1.0,1.0,1.0,1.0,1.0,0.5,0.6666666666666666,1.0,success,
2wikimultihopqa_ce4f63cc0bdc11eba7f7acde48001122,mistral-small3.1:24b,retrieve_then_read,Retrieved Evidence,diagnostic_condition,evidence_narrowed_condition,True,2wikimultihopqa,multi_hop,entity,16000,end,low,unknown,National Film School in Łódź,unknown,p0001;p0002,,True,0.0,0.0,0.0,0.0,0.0,0.0,0.0,0.0,0.0,0.0,evidence_localization_failure,
2wikimultihopqa_ce4f63cc0bdc11eba7f7acde48001122,mistral-small3.1:24b,oracle,Oracle Evidence,diagnostic_baseline,oracle_evidence_upper_reference,True,2wikimultihopqa,multi_hop,entity,16000,end,low,unknown,National Film School in Łódź,National Film School in Łódź,p0001;p0002,p0001;p0002,True,1.0,1.0,1.0,1.0,1.0,1.0,1.0,1.0,1.0,1.0,success,
2wikimultihopqa_671322a00bde11eba7f7acde48001122,mistral-small3.1:24b,no_evidence,No Evidence,diagnostic_baseline,question_only_lower_bound,True,2wikimultihopqa,multi_hop,entity,4000,scattered,low,unknown,London,unknown,p0001;p0002,,True,0.0,0.0,0.0,0.0,0.0,0.0,0.0,0.0,0.0,0.0,evidence_localization_failure,
2wikimultihopqa_671322a00bde11eba7f7acde48001122,mistral-small3.1:24b,direct,Full Context,diagnostic_condition,full_context_condition,True,2wikimultihopqa,multi_hop,entity,4000,scattered,low,unknown,London,Beaulieu-sur-Loire,p0001;p0002,p0001;p0010,True,0.0,0.0,0.0,0.0,0.0,0.0,0.5,0.5,0.5,1.0,evidence_integration_failure,
2wikimultihopqa_671322a00bde11eba7f7acde48001122,mistral-small3.1:24b,retrieve_then_read,Retrieved Evidence,diagnostic_condition,evidence_narrowed_condition,True,2wikimultihopqa,multi_hop,entity,4000,scattered,low,unknown,London,Saint-Symphorien-de-Lay,p0001;p0002,,True,0.0,0.0,0.0,0.0,0.0,0.0,0.0,0.0,0.0,0.0,evidence_localization_failure,
2wikimultihopqa_671322a00bde11eba7f7acde48001122,mistral-small3.1:24b,oracle,Oracle Evidence,diagnostic_baseline,oracle_evidence_upper_reference,True,2wikimultihopqa,multi_hop,entity,4000,scattered,low,unknown,London,unknown,p0001;p0002,,True,0.0,0.0,0.0,0.0,0.0,0.0,0.0,0.0,0.0,0.0,evidence_localization_failure,
2wikimultihopqa_231d667c0bda11eba7f7acde48001122,mistral-small3.1:24b,no_evidence,No Evidence,diagnostic_baseline,question_only_lower_bound,True,2wikimultihopqa,multi_hop,entity,8000,front,low,unknown,Swedish,unknown,p0001;p0002,,True,0.0,0.0,0.0,0.0,0.0,0.0,0.0,0.0,0.0,0.0,evidence_localization_failure,
2wikimultihopqa_231d667c0bda11eba7f7acde48001122,mistral-small3.1:24b,direct,Full Context,diagnostic_condition,full_context_condition,True,2wikimultihopqa,multi_hop,entity,8000,front,low,unknown,Swedish,Swedish,p0001;p0002,p0002,True,1.0,1.0,1.0,1.0,1.0,1.0,1.0,0.5,0.6666666666666666,1.0,success,
2wikimultihopqa_231d667c0bda11eba7f7acde48001122,mistral-small3.1:24b,retrieve_then_read,Retrieved Evidence,diagnostic_condition,evidence_narrowed_condition,True,2wikimultihopqa,multi_hop,entity,8000,front,low,unknown,Swedish,Swedish,p0001;p0002,p0002,True,1.0,1.0,1.0,1.0,1.0,1.0,1.0,0.5,0.6666666666666666,1.0,success,
2wikimultihopqa_231d667c0bda11eba7f7acde48001122,mistral-small3.1:24b,oracle,Oracle Evidence,diagnostic_baseline,oracle_evidence_upper_reference,True,2wikimultihopqa,multi_hop,entity,8000,front,low,unknown,Swedish,Swedish,p0001;p0002,p0001;p0002,True,1.0,1.0,1.0,1.0,1.0,1.0,1.0,1.0,1.0,1.0,success,
2wikimultihopqa_9f62be2008ac11ebbd83ac1f6bf848b6,mistral-small3.1:24b,no_evidence,No Evidence,diagnostic_baseline,question_only_lower_bound,True,2wikimultihopqa,comparison,yes_no,16000,middle,low,unknown,yes,no,p0001;p0002,,True,0.0,0.0,0.0,0.0,0.0,0.0,0.0,0.0,0.0,0.0,evidence_localization_failure,
2wikimultihopqa_9f62be2008ac11ebbd83ac1f6bf848b6,mistral-small3.1:24b,direct,Full Context,diagnostic_condition,full_context_condition,True,2wikimultihopqa,comparison,yes_no,16000,middle,low,unknown,yes,no,p0001;p0002,p0001;p0002,True,0.0,0.0,0.0,0.0,0.0,0.0,1.0,1.0,1.0,1.0,answer_conversion_failure,
2wikimultihopqa_9f62be2008ac11ebbd83ac1f6bf848b6,mistral-small3.1:24b,retrieve_then_read,Retrieved Evidence,diagnostic_condition,evidence_narrowed_condition,True,2wikimultihopqa,comparison,yes_no,16000,middle,low,unknown,yes,no,p0001;p0002,,True,0.0,0.0,0.0,0.0,0.0,0.0,0.0,0.0,0.0,0.0,evidence_localization_failure,
2wikimultihopqa_9f62be2008ac11ebbd83ac1f6bf848b6,mistral-small3.1:24b,oracle,Oracle Evidence,diagnostic_baseline,oracle_evidence_upper_reference,True,2wikimultihopqa,comparison,yes_no,16000,middle,low,unknown,yes,yes,p0001;p0002,p0001;p0002,True,1.0,1.0,1.0,1.0,1.0,1.0,1.0,1.0,1.0,1.0,success,
2wikimultihopqa_f86dd5180bdb11eba7f7acde48001122,mistral-small3.1:24b,no_evidence,No Evidence,diagnostic_baseline,question_only_lower_bound,True,2wikimultihopqa,multi_hop,entity,4000,end,low,unknown,Davao,unknown,p0001;p0002,,True,0.0,0.0,0.0,0.0,0.0,0.0,0.0,0.0,0.0,0.0,evidence_localization_failure,
2wikimultihopqa_f86dd5180bdb11eba7f7acde48001122,mistral-small3.1:24b,direct,Full Context,diagnostic_condition,full_context_condition,True,2wikimultihopqa,multi_hop,entity,4000,end,low,unknown,Davao,Davao City,p0001;p0002,p0002,True,0.0,0.6666666666666666,0.0,0.6666666666666666,0.0,0.6666666666666666,1.0,0.5,0.6666666666666666,1.0,evidence_integration_failure,
2wikimultihopqa_f86dd5180bdb11eba7f7acde48001122,mistral-small3.1:24b,retrieve_then_read,Retrieved Evidence,diagnostic_condition,evidence_narrowed_condition,True,2wikimultihopqa,multi_hop,entity,4000,end,low,unknown,Davao,"Kiev, Ukraine",p0001;p0002,,True,0.0,0.0,0.0,0.0,0.0,0.0,0.0,0.0,0.0,0.0,evidence_localization_failure,
2wikimultihopqa_f86dd5180bdb11eba7f7acde48001122,mistral-small3.1:24b,oracle,Oracle Evidence,diagnostic_baseline,oracle_evidence_upper_reference,True,2wikimultihopqa,multi_hop,entity,4000,end,low,unknown,Davao,Davao City,p0001;p0002,p0001;p0002,True,0.0,0.6666666666666666,0.0,0.6666666666666666,0.0,0.6666666666666666,1.0,1.0,1.0,1.0,answer_conversion_failure,
2wikimultihopqa_c9eb430908c311ebbd8dac1f6bf848b6,mistral-small3.1:24b,no_evidence,No Evidence,diagnostic_baseline,question_only_lower_bound,True,2wikimultihopqa,comparison,entity,8000,scattered,medium,unknown,Befikre,Befikre,p0001;p0002;p0003;p0004,,True,1.0,1.0,1.0,1.0,1.0,1.0,0.0,0.0,0.0,0.0,success,
2wikimultihopqa_c9eb430908c311ebbd8dac1f6bf848b6,mistral-small3.1:24b,direct,Full Context,diagnostic_condition,full_context_condition,True,2wikimultihopqa,comparison,entity,8000,scattered,medium,unknown,Befikre,Befikre,p0001;p0002;p0003;p0004,p0001;p0003,True,1.0,1.0,1.0,1.0,1.0,1.0,1.0,0.5,0.6666666666666666,1.0,success,
2wikimultihopqa_c9eb430908c311ebbd8dac1f6bf848b6,mistral-small3.1:24b,retrieve_then_read,Retrieved Evidence,diagnostic_condition,evidence_narrowed_condition,True,2wikimultihopqa,comparison,entity,8000,scattered,medium,unknown,Befikre,Befikre,p0001;p0002;p0003;p0004,p0001,True,1.0,1.0,1.0,1.0,1.0,1.0,1.0,0.25,0.4,1.0,success,
2wikimultihopqa_c9eb430908c311ebbd8dac1f6bf848b6,mistral-small3.1:24b,oracle,Oracle Evidence,diagnostic_baseline,oracle_evidence_upper_reference,True,2wikimultihopqa,comparison,entity,8000,scattered,medium,unknown,Befikre,Befikre,p0001;p0002;p0003;p0004,p0001;p0002;p0003,True,1.0,1.0,1.0,1.0,1.0,1.0,1.0,0.75,0.8571428571428571,1.0,success,
2wikimultihopqa_39ca32a80bdd11eba7f7acde48001122,mistral-small3.1:24b,no_evidence,No Evidence,diagnostic_baseline,question_only_lower_bound,True,2wikimultihopqa,multi_hop,entity,16000,front,low,unknown,15 November 1784,unknown,p0001;p0002,,True,0.0,0.0,0.0,0.0,0.0,0.0,0.0,0.0,0.0,0.0,evidence_localization_failure,
2wikimultihopqa_39ca32a80bdd11eba7f7acde48001122,mistral-small3.1:24b,direct,Full Context,diagnostic_condition,full_context_condition,True,2wikimultihopqa,multi_hop,entity,16000,front,low,unknown,15 November 1784,15 November 1784,p0001;p0002,p0001,True,1.0,1.0,1.0,1.0,1.0,1.0,1.0,0.5,0.6666666666666666,1.0,success,
2wikimultihopqa_39ca32a80bdd11eba7f7acde48001122,mistral-small3.1:24b,retrieve_then_read,Retrieved Evidence,diagnostic_condition,evidence_narrowed_condition,True,2wikimultihopqa,multi_hop,entity,16000,front,low,unknown,15 November 1784,unknown,p0001;p0002,,True,0.0,0.0,0.0,0.0,0.0,0.0,0.0,0.0,0.0,0.0,evidence_localization_failure,
2wikimultihopqa_39ca32a80bdd11eba7f7acde48001122,mistral-small3.1:24b,oracle,Oracle Evidence,diagnostic_baseline,oracle_evidence_upper_reference,True,2wikimultihopqa,multi_hop,entity,16000,front,low,unknown,15 November 1784,15 November 1784,p0001;p0002,p0001;p0002,True,1.0,1.0,1.0,1.0,1.0,1.0,1.0,1.0,1.0,1.0,success,
2wikimultihopqa_a02009fa085c11ebbd5cac1f6bf848b6,mistral-small3.1:24b,no_evidence,No Evidence,diagnostic_baseline,question_only_lower_bound,True,2wikimultihopqa,comparison,entity,4000,middle,low,unknown,Toolbox Murders,I Met You In Naples,p0001;p0002,,True,0.0,0.0,0.0,0.0,0.0,0.0,0.0,0.0,0.0,0.0,evidence_localization_failure,
2wikimultihopqa_a02009fa085c11ebbd5cac1f6bf848b6,mistral-small3.1:24b,direct,Full Context,diagnostic_condition,full_context_condition,True,2wikimultihopqa,comparison,entity,4000,middle,low,unknown,Toolbox Murders,Toolbox Murders,p0001;p0002,p0001;p0002,True,1.0,1.0,1.0,1.0,1.0,1.0,1.0,1.0,1.0,1.0,success,
2wikimultihopqa_a02009fa085c11ebbd5cac1f6bf848b6,mistral-small3.1:24b,retrieve_then_read,Retrieved Evidence,diagnostic_condition,evidence_narrowed_condition,True,2wikimultihopqa,comparison,entity,4000,middle,low,unknown,Toolbox Murders,Passione,p0001;p0002,,True,0.0,0.0,0.0,0.0,0.0,0.0,0.0,0.0,0.0,0.0,evidence_localization_failure,
2wikimultihopqa_a02009fa085c11ebbd5cac1f6bf848b6,mistral-small3.1:24b,oracle,Oracle Evidence,diagnostic_baseline,oracle_evidence_upper_reference,True,2wikimultihopqa,comparison,entity,4000,middle,low,unknown,Toolbox Murders,Toolbox Murders,p0001;p0002,p0001;p0002,True,1.0,1.0,1.0,1.0,1.0,1.0,1.0,1.0,1.0,1.0,success,
2wikimultihopqa_047992200bdc11eba7f7acde48001122,mistral-small3.1:24b,no_evidence,No Evidence,diagnostic_baseline,question_only_lower_bound,True,2wikimultihopqa,multi_hop,entity,8000,end,low,unknown,Hollywood,New York City,p0001;p0002,,True,0.0,0.0,0.0,0.0,0.0,0.0,0.0,0.0,0.0,0.0,evidence_localization_failure,
2wikimultihopqa_047992200bdc11eba7f7acde48001122,mistral-small3.1:24b,direct,Full Context,diagnostic_condition,full_context_condition,True,2wikimultihopqa,multi_hop,entity,8000,end,low,unknown,Hollywood,Hollywood,p0001;p0002,p0001;p0002,True,1.0,1.0,1.0,1.0,1.0,1.0,1.0,1.0,1.0,1.0,success,
2wikimultihopqa_047992200bdc11eba7f7acde48001122,mistral-small3.1:24b,retrieve_then_read,Retrieved Evidence,diagnostic_condition,evidence_narrowed_condition,True,2wikimultihopqa,multi_hop,entity,8000,end,low,unknown,Hollywood,New York,p0001;p0002,,True,0.0,0.0,0.0,0.0,0.0,0.0,0.0,0.0,0.0,0.0,evidence_localization_failure,
2wikimultihopqa_047992200bdc11eba7f7acde48001122,mistral-small3.1:24b,oracle,Oracle Evidence,diagnostic_baseline,oracle_evidence_upper_reference,True,2wikimultihopqa,multi_hop,entity,8000,end,low,unknown,Hollywood,Hollywood,p0001;p0002,p0001;p0002,True,1.0,1.0,1.0,1.0,1.0,1.0,1.0,1.0,1.0,1.0,success,
2wikimultihopqa_a5f0b646088b11ebbd6fac1f6bf848b6,mistral-small3.1:24b,no_evidence,No Evidence,diagnostic_baseline,question_only_lower_bound,True,2wikimultihopqa,comparison,entity,16000,scattered,medium,unknown,Crook'S Tour,Youngblood Hawke,p0001;p0002;p0003;p0004,,True,0.0,0.0,0.0,0.0,0.0,0.0,0.0,0.0,0.0,0.0,evidence_localization_failure,
2wikimultihopqa_a5f0b646088b11ebbd6fac1f6bf848b6,mistral-small3.1:24b,direct,Full Context,diagnostic_condition,full_context_condition,True,2wikimultihopqa,comparison,entity,16000,scattered,medium,unknown,Crook'S Tour,Crook's Tour,p0001;p0002;p0003;p0004,p0001;p0002,True,1.0,1.0,1.0,1.0,1.0,1.0,1.0,0.5,0.6666666666666666,1.0,success,
2wikimultihopqa_a5f0b646088b11ebbd6fac1f6bf848b6,mistral-small3.1:24b,retrieve_then_read,Retrieved Evidence,diagnostic_condition,evidence_narrowed_condition,True,2wikimultihopqa,comparison,entity,16000,scattered,medium,unknown,Crook'S Tour,Querelle,p0001;p0002;p0003;p0004,p0001,True,0.0,0.0,0.0,0.0,0.0,0.0,1.0,0.25,0.4,1.0,evidence_integration_failure,
2wikimultihopqa_a5f0b646088b11ebbd6fac1f6bf848b6,mistral-small3.1:24b,oracle,Oracle Evidence,diagnostic_baseline,oracle_evidence_upper_reference,True,2wikimultihopqa,comparison,entity,16000,scattered,medium,unknown,Crook'S Tour,Crook's Tour,p0001;p0002;p0003;p0004,p0001;p0002;p0003,True,1.0,1.0,1.0,1.0,1.0,1.0,1.0,0.75,0.8571428571428571,1.0,success,
2wikimultihopqa_befbd60c0bdd11eba7f7acde48001122,mistral-small3.1:24b,no_evidence,No Evidence,diagnostic_baseline,question_only_lower_bound,True,2wikimultihopqa,multi_hop,entity,4000,front,low,unknown,Harvard,Harvard University,p0001;p0002,,True,0.0,0.6666666666666666,0.0,0.6666666666666666,0.0,0.6666666666666666,0.0,0.0,0.0,0.0,evidence_localization_failure,
2wikimultihopqa_befbd60c0bdd11eba7f7acde48001122,mistral-small3.1:24b,direct,Full Context,diagnostic_condition,full_context_condition,True,2wikimultihopqa,multi_hop,entity,4000,front,low,unknown,Harvard,Harvard University,p0001;p0002,p0001,True,0.0,0.6666666666666666,0.0,0.6666666666666666,0.0,0.6666666666666666,1.0,0.5,0.6666666666666666,1.0,evidence_integration_failure,
2wikimultihopqa_befbd60c0bdd11eba7f7acde48001122,mistral-small3.1:24b,retrieve_then_read,Retrieved Evidence,diagnostic_condition,evidence_narrowed_condition,True,2wikimultihopqa,multi_hop,entity,4000,front,low,unknown,Harvard,Harvard University,p0001;p0002,p0002,True,0.0,0.6666666666666666,0.0,0.6666666666666666,0.0,0.6666666666666666,1.0,0.5,0.6666666666666666,1.0,evidence_integration_failure,
2wikimultihopqa_befbd60c0bdd11eba7f7acde48001122,mistral-small3.1:24b,oracle,Oracle Evidence,diagnostic_baseline,oracle_evidence_upper_reference,True,2wikimultihopqa,multi_hop,entity,4000,front,low,unknown,Harvard,Harvard University,p0001;p0002,p0002,True,0.0,0.6666666666666666,0.0,0.6666666666666666,0.0,0.6666666666666666,1.0,0.5,0.6666666666666666,1.0,evidence_integration_failure,
2wikimultihopqa_ca4b497d08c511ebbd8fac1f6bf848b6,mistral-small3.1:24b,no_evidence,No Evidence,diagnostic_baseline,question_only_lower_bound,True,2wikimultihopqa,comparison,entity,8000,middle,medium,unknown,Circus Beely,"Tom, Dick And Harry 2",p0001;p0002;p0003;p0004,,True,0.0,0.0,0.0,0.0,0.0,0.0,0.0,0.0,0.0,0.0,evidence_localization_failure,
2wikimultihopqa_ca4b497d08c511ebbd8fac1f6bf848b6,mistral-small3.1:24b,direct,Full Context,diagnostic_condition,full_context_condition,True,2wikimultihopqa,comparison,entity,8000,middle,medium,unknown,Circus Beely,Circus Beely,p0001;p0002;p0003;p0004,p0001;p0003,True,1.0,1.0,1.0,1.0,1.0,1.0,1.0,0.5,0.6666666666666666,1.0,success,
2wikimultihopqa_ca4b497d08c511ebbd8fac1f6bf848b6,mistral-small3.1:24b,retrieve_then_read,Retrieved Evidence,diagnostic_condition,evidence_narrowed_condition,True,2wikimultihopqa,comparison,entity,8000,middle,medium,unknown,Circus Beely,"Tom, Dick And Harry 2",p0001;p0002;p0003;p0004,,True,0.0,0.0,0.0,0.0,0.0,0.0,0.0,0.0,0.0,0.0,evidence_localization_failure,
2wikimultihopqa_ca4b497d08c511ebbd8fac1f6bf848b6,mistral-small3.1:24b,oracle,Oracle Evidence,diagnostic_baseline,oracle_evidence_upper_reference,True,2wikimultihopqa,comparison,entity,8000,middle,medium,unknown,Circus Beely,Circus Beely,p0001;p0002;p0003;p0004,p0001;p0003;p0004,True,1.0,1.0,1.0,1.0,1.0,1.0,1.0,0.75,0.8571428571428571,1.0,success,
2wikimultihopqa_4c070b620bb011ebab90acde48001122,mistral-small3.1:24b,no_evidence,No Evidence,diagnostic_baseline,question_only_lower_bound,True,2wikimultihopqa,multi_hop,entity,16000,end,low,unknown,Queen Sofía of Spain,Queen Sofia of Spain,p0001;p0002,,True,0.0,0.75,1.0,1.0,0.0,0.75,0.0,0.0,0.0,0.0,evidence_localization_failure,
2wikimultihopqa_4c070b620bb011ebab90acde48001122,mistral-small3.1:24b,direct,Full Context,diagnostic_condition,full_context_condition,True,2wikimultihopqa,multi_hop,entity,16000,end,low,unknown,Queen Sofía of Spain,Elena María Isabel Dominica de Silos de Borbón y de Grecia,p0001;p0002,p0001;p0002,True,0.0,0.0,0.0,0.0,0.0,0.0,1.0,1.0,1.0,1.0,answer_conversion_failure,
2wikimultihopqa_4c070b620bb011ebab90acde48001122,mistral-small3.1:24b,retrieve_then_read,Retrieved Evidence,diagnostic_condition,evidence_narrowed_condition,True,2wikimultihopqa,multi_hop,entity,16000,end,low,unknown,Queen Sofía of Spain,"Spanish Infanta Elena, Duchess of Lugo",p0001;p0002,,True,0.0,0.2,0.0,0.2,0.0,0.2,0.0,0.0,0.0,0.0,evidence_localization_failure,
2wikimultihopqa_4c070b620bb011ebab90acde48001122,mistral-small3.1:24b,oracle,Oracle Evidence,diagnostic_baseline,oracle_evidence_upper_reference,True,2wikimultihopqa,multi_hop,entity,16000,end,low,unknown,Queen Sofía of Spain,Queen Sofía of Spain,p0001;p0002,p0001;p0002,True,1.0,1.0,1.0,1.0,1.0,1.0,1.0,1.0,1.0,1.0,success,
2wikimultihopqa_18d4a1f8085611ebbd59ac1f6bf848b6,mistral-small3.1:24b,no_evidence,No Evidence,diagnostic_baseline,question_only_lower_bound,True,2wikimultihopqa,comparison,yes_no,4000,scattered,medium,unknown,no,no,p0001;p0002;p0003;p0004,,True,1.0,1.0,1.0,1.0,1.0,1.0,0.0,0.0,0.0,0.0,success,
2wikimultihopqa_18d4a1f8085611ebbd59ac1f6bf848b6,mistral-small3.1:24b,direct,Full Context,diagnostic_condition,full_context_condition,True,2wikimultihopqa,comparison,yes_no,4000,scattered,medium,unknown,no,no,p0001;p0002;p0003;p0004,p0001,True,1.0,1.0,1.0,1.0,1.0,1.0,1.0,0.25,0.4,1.0,success,
2wikimultihopqa_18d4a1f8085611ebbd59ac1f6bf848b6,mistral-small3.1:24b,retrieve_then_read,Retrieved Evidence,diagnostic_condition,evidence_narrowed_condition,True,2wikimultihopqa,comparison,yes_no,4000,scattered,medium,unknown,no,Fighting Through,p0001;p0002;p0003;p0004,p0002,True,0.0,0.0,0.0,0.0,0.0,0.0,1.0,0.25,0.4,1.0,evidence_integration_failure,
2wikimultihopqa_18d4a1f8085611ebbd59ac1f6bf848b6,mistral-small3.1:24b,oracle,Oracle Evidence,diagnostic_baseline,oracle_evidence_upper_reference,True,2wikimultihopqa,comparison,yes_no,4000,scattered,medium,unknown,no,no,p0001;p0002;p0003;p0004,p0001;p0002;p0003,True,1.0,1.0,1.0,1.0,1.0,1.0,1.0,0.75,0.8571428571428571,1.0,success,
2wikimultihopqa_43208df60bde11eba7f7acde48001122,mistral-small3.1:24b,no_evidence,No Evidence,diagnostic_baseline,question_only_lower_bound,True,2wikimultihopqa,multi_hop,entity,8000,front,low,unknown,French,France,p0001;p0002,,True,0.0,0.0,0.0,0.0,0.0,0.0,0.0,0.0,0.0,0.0,evidence_localization_failure,
2wikimultihopqa_43208df60bde11eba7f7acde48001122,mistral-small3.1:24b,direct,Full Context,diagnostic_condition,full_context_condition,True,2wikimultihopqa,multi_hop,entity,8000,front,low,unknown,French,France,p0001;p0002,p0001,True,0.0,0.0,0.0,0.0,0.0,0.0,1.0,0.5,0.6666666666666666,1.0,evidence_integration_failure,
2wikimultihopqa_43208df60bde11eba7f7acde48001122,mistral-small3.1:24b,retrieve_then_read,Retrieved Evidence,diagnostic_condition,evidence_narrowed_condition,True,2wikimultihopqa,multi_hop,entity,8000,front,low,unknown,French,Israel,p0001;p0002,,True,0.0,0.0,0.0,0.0,0.0,0.0,0.0,0.0,0.0,0.0,evidence_localization_failure,
2wikimultihopqa_43208df60bde11eba7f7acde48001122,mistral-small3.1:24b,oracle,Oracle Evidence,diagnostic_baseline,oracle_evidence_upper_reference,True,2wikimultihopqa,multi_hop,entity,8000,front,low,unknown,French,France,p0001;p0002,p0001;p0002,True,0.0,0.0,0.0,0.0,0.0,0.0,1.0,1.0,1.0,1.0,answer_conversion_failure,
2wikimultihopqa_987e4ee80baf11ebab90acde48001122,mistral-small3.1:24b,no_evidence,No Evidence,diagnostic_baseline,question_only_lower_bound,True,2wikimultihopqa,multi_hop,entity,16000,middle,low,unknown,Ndvungunye,unknown,p0001;p0002,,True,0.0,0.0,0.0,0.0,0.0,0.0,0.0,0.0,0.0,0.0,evidence_localization_failure,
2wikimultihopqa_987e4ee80baf11ebab90acde48001122,mistral-small3.1:24b,direct,Full Context,diagnostic_condition,full_context_condition,True,2wikimultihopqa,multi_hop,entity,16000,middle,low,unknown,Ndvungunye,Sobhuza I,p0001;p0002,p0001,True,0.0,0.0,0.0,0.0,0.0,0.0,1.0,0.5,0.6666666666666666,1.0,evidence_integration_failure,
2wikimultihopqa_987e4ee80baf11ebab90acde48001122,mistral-small3.1:24b,retrieve_then_read,Retrieved Evidence,diagnostic_condition,evidence_narrowed_condition,True,2wikimultihopqa,multi_hop,entity,16000,middle,low,unknown,Ndvungunye,Ngwane III,p0001;p0002,,True,0.0,0.0,0.0,0.0,0.0,0.0,0.0,0.0,0.0,0.0,evidence_localization_failure,
2wikimultihopqa_987e4ee80baf11ebab90acde48001122,mistral-small3.1:24b,oracle,Oracle Evidence,diagnostic_baseline,oracle_evidence_upper_reference,True,2wikimultihopqa,multi_hop,entity,16000,middle,low,unknown,Ndvungunye,Sobhuza I,p0001;p0002,p0001,True,0.0,0.0,0.0,0.0,0.0,0.0,1.0,0.5,0.6666666666666666,1.0,evidence_integration_failure,
2wikimultihopqa_cfb486e208b311ebbd86ac1f6bf848b6,mistral-small3.1:24b,no_evidence,No Evidence,diagnostic_baseline,question_only_lower_bound,True,2wikimultihopqa,comparison,entity,4000,end,medium,unknown,Mister Scarface,Mister Scarface,p0001;p0002;p0003;p0004,,True,1.0,1.0,1.0,1.0,1.0,1.0,0.0,0.0,0.0,0.0,success,
2wikimultihopqa_cfb486e208b311ebbd86ac1f6bf848b6,mistral-small3.1:24b,direct,Full Context,diagnostic_condition,full_context_condition,True,2wikimultihopqa,comparison,entity,4000,end,medium,unknown,Mister Scarface,Mister Scarface,p0001;p0002;p0003;p0004,p0001;p0002;p0003,True,1.0,1.0,1.0,1.0,1.0,1.0,1.0,0.75,0.8571428571428571,1.0,success,
2wikimultihopqa_cfb486e208b311ebbd86ac1f6bf848b6,mistral-small3.1:24b,retrieve_then_read,Retrieved Evidence,diagnostic_condition,evidence_narrowed_condition,True,2wikimultihopqa,comparison,entity,4000,end,medium,unknown,Mister Scarface,Mister Scarface,p0001;p0002;p0003;p0004,p0001;p0003;p0004,True,1.0,1.0,1.0,1.0,1.0,1.0,1.0,0.75,0.8571428571428571,1.0,success,
2wikimultihopqa_cfb486e208b311ebbd86ac1f6bf848b6,mistral-small3.1:24b,oracle,Oracle Evidence,diagnostic_baseline,oracle_evidence_upper_reference,True,2wikimultihopqa,comparison,entity,4000,end,medium,unknown,Mister Scarface,Mister Scarface,p0001;p0002;p0003;p0004,p0001;p0003,True,1.0,1.0,1.0,1.0,1.0,1.0,1.0,0.5,0.6666666666666666,1.0,success,
2wikimultihopqa_44e72de60bdb11eba7f7acde48001122,mistral-small3.1:24b,no_evidence,No Evidence,diagnostic_baseline,question_only_lower_bound,True,2wikimultihopqa,multi_hop,entity,8000,scattered,low,unknown,Reykjavík,Reykjavík,p0001;p0002,,True,1.0,1.0,1.0,1.0,1.0,1.0,0.0,0.0,0.0,0.0,success,
2wikimultihopqa_44e72de60bdb11eba7f7acde48001122,mistral-small3.1:24b,direct,Full Context,diagnostic_condition,full_context_condition,True,2wikimultihopqa,multi_hop,entity,8000,scattered,low,unknown,Reykjavík,Reykjavík,p0001;p0002,p0002,True,1.0,1.0,1.0,1.0,1.0,1.0,1.0,0.5,0.6666666666666666,1.0,success,
2wikimultihopqa_44e72de60bdb11eba7f7acde48001122,mistral-small3.1:24b,retrieve_then_read,Retrieved Evidence,diagnostic_condition,evidence_narrowed_condition,True,2wikimultihopqa,multi_hop,entity,8000,scattered,low,unknown,Reykjavík,Nanterre,p0001;p0002,p0001,True,0.0,0.0,0.0,0.0,0.0,0.0,1.0,0.5,0.6666666666666666,1.0,evidence_integration_failure,
2wikimultihopqa_44e72de60bdb11eba7f7acde48001122,mistral-small3.1:24b,oracle,Oracle Evidence,diagnostic_baseline,oracle_evidence_upper_reference,True,2wikimultihopqa,multi_hop,entity,8000,scattered,low,unknown,Reykjavík,Reykjavík,p0001;p0002,p0001;p0002,True,1.0,1.0,1.0,1.0,1.0,1.0,1.0,1.0,1.0,1.0,success,
2wikimultihopqa_2ec36c440bb011ebab90acde48001122,mistral-small3.1:24b,no_evidence,No Evidence,diagnostic_baseline,question_only_lower_bound,True,2wikimultihopqa,multi_hop,entity,16000,front,low,unknown,Thomas de Beauchamp,"Richard Beauchamp, 13th Earl of Warwick",p0001;p0002,,True,0.0,0.2222222222222222,0.0,0.2222222222222222,0.0,0.2222222222222222,0.0,0.0,0.0,0.0,evidence_localization_failure,
2wikimultihopqa_2ec36c440bb011ebab90acde48001122,mistral-small3.1:24b,direct,Full Context,diagnostic_condition,full_context_condition,True,2wikimultihopqa,multi_hop,entity,16000,front,low,unknown,Thomas de Beauchamp,Thomas de Beauchamp,p0001;p0002,p0001,True,1.0,1.0,1.0,1.0,1.0,1.0,1.0,0.5,0.6666666666666666,1.0,success,
2wikimultihopqa_2ec36c440bb011ebab90acde48001122,mistral-small3.1:24b,retrieve_then_read,Retrieved Evidence,diagnostic_condition,evidence_narrowed_condition,True,2wikimultihopqa,multi_hop,entity,16000,front,low,unknown,Thomas de Beauchamp,Thomas de Berkeley,p0001;p0002,,True,0.0,0.6666666666666666,0.0,0.6666666666666666,0.0,0.6666666666666666,0.0,0.0,0.0,0.0,evidence_localization_failure,
2wikimultihopqa_2ec36c440bb011ebab90acde48001122,mistral-small3.1:24b,oracle,Oracle Evidence,diagnostic_baseline,oracle_evidence_upper_reference,True,2wikimultihopqa,multi_hop,entity,16000,front,low,unknown,Thomas de Beauchamp,William de Beauchamp,p0001;p0002,p0001,True,0.0,0.6666666666666666,0.0,0.6666666666666666,0.0,0.6666666666666666,1.0,0.5,0.6666666666666666,1.0,evidence_integration_failure,
2wikimultihopqa_b035afca0bd911eba7f7acde48001122,mistral-small3.1:24b,no_evidence,No Evidence,diagnostic_baseline,question_only_lower_bound,True,2wikimultihopqa,multi_hop,entity,4000,middle,low,unknown,María Barranco,unknown,p0001;p0002,,True,0.0,0.0,0.0,0.0,0.0,0.0,0.0,0.0,0.0,0.0,evidence_localization_failure,
2wikimultihopqa_b035afca0bd911eba7f7acde48001122,mistral-small3.1:24b,direct,Full Context,diagnostic_condition,full_context_condition,True,2wikimultihopqa,multi_hop,entity,4000,middle,low,unknown,María Barranco,María Barranco,p0001;p0002,p0001;p0002,True,1.0,1.0,1.0,1.0,1.0,1.0,1.0,1.0,1.0,1.0,success,
2wikimultihopqa_b035afca0bd911eba7f7acde48001122,mistral-small3.1:24b,retrieve_then_read,Retrieved Evidence,diagnostic_condition,evidence_narrowed_condition,True,2wikimultihopqa,multi_hop,entity,4000,middle,low,unknown,María Barranco,María Barranco,p0001;p0002,p0001;p0002,True,1.0,1.0,1.0,1.0,1.0,1.0,1.0,1.0,1.0,1.0,success,
2wikimultihopqa_b035afca0bd911eba7f7acde48001122,mistral-small3.1:24b,oracle,Oracle Evidence,diagnostic_baseline,oracle_evidence_upper_reference,True,2wikimultihopqa,multi_hop,entity,4000,middle,low,unknown,María Barranco,María Barranco,p0001;p0002,p0001;p0002,True,1.0,1.0,1.0,1.0,1.0,1.0,1.0,1.0,1.0,1.0,success,
2wikimultihopqa_0856e5d4085b11ebbd5cac1f6bf848b6,mistral-small3.1:24b,no_evidence,No Evidence,diagnostic_baseline,question_only_lower_bound,True,2wikimultihopqa,comparison,entity,8000,end,medium,unknown,Return Of The Hero,Diary Of A Maniac,p0001;p0002;p0003;p0004,,True,0.0,0.3333333333333333,0.0,0.3333333333333333,0.0,0.3333333333333333,0.0,0.0,0.0,0.0,evidence_localization_failure,
2wikimultihopqa_0856e5d4085b11ebbd5cac1f6bf848b6,mistral-small3.1:24b,direct,Full Context,diagnostic_condition,full_context_condition,True,2wikimultihopqa,comparison,entity,8000,end,medium,unknown,Return Of The Hero,Return Of The Hero,p0001;p0002;p0003;p0004,p0003;p0004,True,1.0,1.0,1.0,1.0,1.0,1.0,1.0,0.5,0.6666666666666666,1.0,success,
2wikimultihopqa_0856e5d4085b11ebbd5cac1f6bf848b6,mistral-small3.1:24b,retrieve_then_read,Retrieved Evidence,diagnostic_condition,evidence_narrowed_condition,True,2wikimultihopqa,comparison,entity,8000,end,medium,unknown,Return Of The Hero,Return Of The Hero,p0001;p0002;p0003;p0004,p0001;p0002;p0004,True,1.0,1.0,1.0,1.0,1.0,1.0,1.0,0.75,0.8571428571428571,1.0,success,
2wikimultihopqa_0856e5d4085b11ebbd5cac1f6bf848b6,mistral-small3.1:24b,oracle,Oracle Evidence,diagnostic_baseline,oracle_evidence_upper_reference,True,2wikimultihopqa,comparison,entity,8000,end,medium,unknown,Return Of The Hero,Return of the Hero,p0001;p0002;p0003;p0004,p0001;p0002;p0003,True,1.0,1.0,1.0,1.0,1.0,1.0,1.0,0.75,0.8571428571428571,1.0,success,
2wikimultihopqa_051f62de0bde11eba7f7acde48001122,mistral-small3.1:24b,no_evidence,No Evidence,diagnostic_baseline,question_only_lower_bound,True,2wikimultihopqa,multi_hop,entity,16000,scattered,low,unknown,Osterholz,unknown,p0001;p0002,,True,0.0,0.0,0.0,0.0,0.0,0.0,0.0,0.0,0.0,0.0,evidence_localization_failure,
2wikimultihopqa_051f62de0bde11eba7f7acde48001122,mistral-small3.1:24b,direct,Full Context,diagnostic_condition,full_context_condition,True,2wikimultihopqa,multi_hop,entity,16000,scattered,low,unknown,Osterholz,Wolfenbüttel,p0001;p0002,p0001,True,0.0,0.0,0.0,0.0,0.0,0.0,1.0,0.5,0.6666666666666666,1.0,evidence_integration_failure,
2wikimultihopqa_051f62de0bde11eba7f7acde48001122,mistral-small3.1:24b,retrieve_then_read,Retrieved Evidence,diagnostic_condition,evidence_narrowed_condition,True,2wikimultihopqa,multi_hop,entity,16000,scattered,low,unknown,Osterholz,London,p0001;p0002,,True,0.0,0.0,0.0,0.0,0.0,0.0,0.0,0.0,0.0,0.0,evidence_localization_failure,
2wikimultihopqa_051f62de0bde11eba7f7acde48001122,mistral-small3.1:24b,oracle,Oracle Evidence,diagnostic_baseline,oracle_evidence_upper_reference,True,2wikimultihopqa,multi_hop,entity,16000,scattered,low,unknown,Osterholz,Osterholz,p0001;p0002,p0001;p0002,True,1.0,1.0,1.0,1.0,1.0,1.0,1.0,1.0,1.0,1.0,success,
2wikimultihopqa_1734c9b60baf11ebab90acde48001122,mistral-small3.1:24b,no_evidence,No Evidence,diagnostic_baseline,question_only_lower_bound,True,2wikimultihopqa,multi_hop,entity,4000,front,low,unknown,Agrippina the Elder,Antonia Minor,p0001;p0002,,True,0.0,0.0,0.0,0.0,0.0,0.0,0.0,0.0,0.0,0.0,evidence_localization_failure,
2wikimultihopqa_1734c9b60baf11ebab90acde48001122,mistral-small3.1:24b,direct,Full Context,diagnostic_condition,full_context_condition,True,2wikimultihopqa,multi_hop,entity,4000,front,low,unknown,Agrippina the Elder,Agrippina the Elder,p0001;p0002,p0001;p0002,True,1.0,1.0,1.0,1.0,1.0,1.0,1.0,1.0,1.0,1.0,success,
2wikimultihopqa_1734c9b60baf11ebab90acde48001122,mistral-small3.1:24b,retrieve_then_read,Retrieved Evidence,diagnostic_condition,evidence_narrowed_condition,True,2wikimultihopqa,multi_hop,entity,4000,front,low,unknown,Agrippina the Elder,Aemilia Paulla,p0001;p0002,p0001,True,0.0,0.0,0.0,0.0,0.0,0.0,1.0,0.5,0.6666666666666666,1.0,evidence_integration_failure,
2wikimultihopqa_1734c9b60baf11ebab90acde48001122,mistral-small3.1:24b,oracle,Oracle Evidence,diagnostic_baseline,oracle_evidence_upper_reference,True,2wikimultihopqa,multi_hop,entity,4000,front,low,unknown,Agrippina the Elder,Agrippina the Elder,p0001;p0002,p0001;p0002,True,1.0,1.0,1.0,1.0,1.0,1.0,1.0,1.0,1.0,1.0,success,
2wikimultihopqa_9893834c092711ebbdaeac1f6bf848b6,mistral-small3.1:24b,no_evidence,No Evidence,diagnostic_baseline,question_only_lower_bound,True,2wikimultihopqa,comparison,entity,8000,middle,low,unknown,Kull The Conqueror,Gaza Ghetto,p0001;p0002,,True,0.0,0.0,0.0,0.0,0.0,0.0,0.0,0.0,0.0,0.0,evidence_localization_failure,
2wikimultihopqa_9893834c092711ebbdaeac1f6bf848b6,mistral-small3.1:24b,direct,Full Context,diagnostic_condition,full_context_condition,True,2wikimultihopqa,comparison,entity,8000,middle,low,unknown,Kull The Conqueror,Kull the Conqueror,p0001;p0002,p0001;p0002,True,1.0,1.0,1.0,1.0,1.0,1.0,1.0,1.0,1.0,1.0,success,
2wikimultihopqa_9893834c092711ebbdaeac1f6bf848b6,mistral-small3.1:24b,retrieve_then_read,Retrieved Evidence,diagnostic_condition,evidence_narrowed_condition,True,2wikimultihopqa,comparison,entity,8000,middle,low,unknown,Kull The Conqueror,Gaza Ghetto,p0001;p0002,p0001,True,0.0,0.0,0.0,0.0,0.0,0.0,1.0,0.5,0.6666666666666666,1.0,evidence_integration_failure,
2wikimultihopqa_9893834c092711ebbdaeac1f6bf848b6,mistral-small3.1:24b,oracle,Oracle Evidence,diagnostic_baseline,oracle_evidence_upper_reference,True,2wikimultihopqa,comparison,entity,8000,middle,low,unknown,Kull The Conqueror,Kull the Conqueror,p0001;p0002,p0001;p0002,True,1.0,1.0,1.0,1.0,1.0,1.0,1.0,1.0,1.0,1.0,success,
2wikimultihopqa_0a71ec9f08e511ebbda4ac1f6bf848b6,mistral-small3.1:24b,no_evidence,No Evidence,diagnostic_baseline,question_only_lower_bound,True,2wikimultihopqa,comparison,entity,16000,end,low,unknown,James B. Harris,Raúl Osorio,p0001;p0002,,True,0.0,0.0,0.0,0.0,0.0,0.0,0.0,0.0,0.0,0.0,evidence_localization_failure,
2wikimultihopqa_0a71ec9f08e511ebbda4ac1f6bf848b6,mistral-small3.1:24b,direct,Full Context,diagnostic_condition,full_context_condition,True,2wikimultihopqa,comparison,entity,16000,end,low,unknown,James B. Harris,James B. Harris,p0001;p0002,p0001;p0002,True,1.0,1.0,1.0,1.0,1.0,1.0,1.0,1.0,1.0,1.0,success,
2wikimultihopqa_0a71ec9f08e511ebbda4ac1f6bf848b6,mistral-small3.1:24b,retrieve_then_read,Retrieved Evidence,diagnostic_condition,evidence_narrowed_condition,True,2wikimultihopqa,comparison,entity,16000,end,low,unknown,James B. Harris,Raúl Osorio,p0001;p0002,,True,0.0,0.0,0.0,0.0,0.0,0.0,0.0,0.0,0.0,0.0,evidence_localization_failure,
2wikimultihopqa_0a71ec9f08e511ebbda4ac1f6bf848b6,mistral-small3.1:24b,oracle,Oracle Evidence,diagnostic_baseline,oracle_evidence_upper_reference,True,2wikimultihopqa,comparison,entity,16000,end,low,unknown,James B. Harris,James B. Harris,p0001;p0002,p0001;p0002,True,1.0,1.0,1.0,1.0,1.0,1.0,1.0,1.0,1.0,1.0,success,
2wikimultihopqa_1187c9080bde11eba7f7acde48001122,mistral-small3.1:24b,no_evidence,No Evidence,diagnostic_baseline,question_only_lower_bound,True,2wikimultihopqa,multi_hop,entity,4000,scattered,low,unknown,"October 27, 1893",1892,p0001;p0002,,True,0.0,0.0,0.0,0.0,0.0,0.0,0.0,0.0,0.0,0.0,evidence_localization_failure,
2wikimultihopqa_1187c9080bde11eba7f7acde48001122,mistral-small3.1:24b,direct,Full Context,diagnostic_condition,full_context_condition,True,2wikimultihopqa,multi_hop,entity,4000,scattered,low,unknown,"October 27, 1893","October 27, 1893",p0001;p0002,p0002,True,1.0,1.0,1.0,1.0,1.0,1.0,1.0,0.5,0.6666666666666666,1.0,success,
2wikimultihopqa_1187c9080bde11eba7f7acde48001122,mistral-small3.1:24b,retrieve_then_read,Retrieved Evidence,diagnostic_condition,evidence_narrowed_condition,True,2wikimultihopqa,multi_hop,entity,4000,scattered,low,unknown,"October 27, 1893",1893,p0001;p0002,,True,0.0,0.5,0.0,0.5,0.0,0.5,0.0,0.0,0.0,0.0,evidence_localization_failure,
2wikimultihopqa_1187c9080bde11eba7f7acde48001122,mistral-small3.1:24b,oracle,Oracle Evidence,diagnostic_baseline,oracle_evidence_upper_reference,True,2wikimultihopqa,multi_hop,entity,4000,scattered,low,unknown,"October 27, 1893","October 27, 1893",p0001;p0002,p0001;p0002,True,1.0,1.0,1.0,1.0,1.0,1.0,1.0,1.0,1.0,1.0,success,
2wikimultihopqa_7de481100baf11ebab90acde48001122,mistral-small3.1:24b,no_evidence,No Evidence,diagnostic_baseline,question_only_lower_bound,True,2wikimultihopqa,multi_hop,entity,8000,front,low,unknown,Lady Frances Manners,unknown,p0001;p0002,,True,0.0,0.0,0.0,0.0,0.0,0.0,0.0,0.0,0.0,0.0,evidence_localization_failure,
2wikimultihopqa_7de481100baf11ebab90acde48001122,mistral-small3.1:24b,direct,Full Context,diagnostic_condition,full_context_condition,True,2wikimultihopqa,multi_hop,entity,8000,front,low,unknown,Lady Frances Manners,Lady Margaret Clinton,p0001;p0002,p0004,True,0.0,0.3333333333333333,0.0,0.3333333333333333,0.0,0.3333333333333333,0.0,0.0,0.0,0.0,evidence_selection_failure,
2wikimultihopqa_7de481100baf11ebab90acde48001122,mistral-small3.1:24b,retrieve_then_read,Retrieved Evidence,diagnostic_condition,evidence_narrowed_condition,True,2wikimultihopqa,multi_hop,entity,8000,front,low,unknown,Lady Frances Manners,Elizabeth Heneage,p0001;p0002,,True,0.0,0.0,0.0,0.0,0.0,0.0,0.0,0.0,0.0,0.0,evidence_localization_failure,
2wikimultihopqa_7de481100baf11ebab90acde48001122,mistral-small3.1:24b,oracle,Oracle Evidence,diagnostic_baseline,oracle_evidence_upper_reference,True,2wikimultihopqa,multi_hop,entity,8000,front,low,unknown,Lady Frances Manners,Lady Frances Manners,p0001;p0002,p0001;p0002,True,1.0,1.0,1.0,1.0,1.0,1.0,1.0,1.0,1.0,1.0,success,
2wikimultihopqa_e95acdbc085f11ebbd5dac1f6bf848b6,mistral-small3.1:24b,no_evidence,No Evidence,diagnostic_baseline,question_only_lower_bound,True,2wikimultihopqa,comparison,string,16000,middle,medium,unknown,The King Is The Best Mayor,Deuce High,p0001;p0002;p0003;p0004,,True,0.0,0.0,0.0,0.0,0.0,0.0,0.0,0.0,0.0,0.0,evidence_localization_failure,
2wikimultihopqa_e95acdbc085f11ebbd5dac1f6bf848b6,mistral-small3.1:24b,direct,Full Context,diagnostic_condition,full_context_condition,True,2wikimultihopqa,comparison,string,16000,middle,medium,unknown,The King Is The Best Mayor,Deuce High,p0001;p0002;p0003;p0004,p0001;p0002,True,0.0,0.0,0.0,0.0,0.0,0.0,1.0,0.5,0.6666666666666666,1.0,evidence_integration_failure,
2wikimultihopqa_e95acdbc085f11ebbd5dac1f6bf848b6,mistral-small3.1:24b,retrieve_then_read,Retrieved Evidence,diagnostic_condition,evidence_narrowed_condition,True,2wikimultihopqa,comparison,string,16000,middle,medium,unknown,The King Is The Best Mayor,Deuce High,p0001;p0002;p0003;p0004,p0001,True,0.0,0.0,0.0,0.0,0.0,0.0,1.0,0.25,0.4,1.0,evidence_integration_failure,
2wikimultihopqa_e95acdbc085f11ebbd5dac1f6bf848b6,mistral-small3.1:24b,oracle,Oracle Evidence,diagnostic_baseline,oracle_evidence_upper_reference,True,2wikimultihopqa,comparison,string,16000,middle,medium,unknown,The King Is The Best Mayor,The King Is The Best Mayor,p0001;p0002;p0003;p0004,p0001;p0002;p0003,True,1.0,1.0,1.0,1.0,1.0,1.0,1.0,0.75,0.8571428571428571,1.0,success,
2wikimultihopqa_d3949a8e08c111ebbd8bac1f6bf848b6,mistral-small3.1:24b,no_evidence,No Evidence,diagnostic_baseline,question_only_lower_bound,True,2wikimultihopqa,comparison,entity,4000,end,low,unknown,Week-End With Father,Week-End With Father,p0001;p0002,,True,1.0,1.0,1.0,1.0,1.0,1.0,0.0,0.0,0.0,0.0,success,
2wikimultihopqa_d3949a8e08c111ebbd8bac1f6bf848b6,mistral-small3.1:24b,direct,Full Context,diagnostic_condition,full_context_condition,True,2wikimultihopqa,comparison,entity,4000,end,low,unknown,Week-End With Father,Week-End With Father,p0001;p0002,p0001;p0002,True,1.0,1.0,1.0,1.0,1.0,1.0,1.0,1.0,1.0,1.0,success,
2wikimultihopqa_d3949a8e08c111ebbd8bac1f6bf848b6,mistral-small3.1:24b,retrieve_then_read,Retrieved Evidence,diagnostic_condition,evidence_narrowed_condition,True,2wikimultihopqa,comparison,entity,4000,end,low,unknown,Week-End With Father,Week-End With Father,p0001;p0002,p0001;p0002,True,1.0,1.0,1.0,1.0,1.0,1.0,1.0,1.0,1.0,1.0,success,
2wikimultihopqa_d3949a8e08c111ebbd8bac1f6bf848b6,mistral-small3.1:24b,oracle,Oracle Evidence,diagnostic_baseline,oracle_evidence_upper_reference,True,2wikimultihopqa,comparison,entity,4000,end,low,unknown,Week-End With Father,Week-End with Father,p0001;p0002,p0001;p0002,True,1.0,1.0,1.0,1.0,1.0,1.0,1.0,1.0,1.0,1.0,success,
2wikimultihopqa_c51148bc0bdb11eba7f7acde48001122,mistral-small3.1:24b,no_evidence,No Evidence,diagnostic_baseline,question_only_lower_bound,True,2wikimultihopqa,multi_hop,entity,8000,scattered,low,unknown,Ottoman Empire,Ottoman,p0001;p0002,,True,0.0,0.6666666666666666,0.0,0.6666666666666666,0.0,0.6666666666666666,0.0,0.0,0.0,0.0,evidence_localization_failure,
2wikimultihopqa_c51148bc0bdb11eba7f7acde48001122,mistral-small3.1:24b,direct,Full Context,diagnostic_condition,full_context_condition,True,2wikimultihopqa,multi_hop,entity,8000,scattered,low,unknown,Ottoman Empire,Ottoman,p0001;p0002,p0001,True,0.0,0.6666666666666666,0.0,0.6666666666666666,0.0,0.6666666666666666,1.0,0.5,0.6666666666666666,1.0,evidence_integration_failure,
2wikimultihopqa_c51148bc0bdb11eba7f7acde48001122,mistral-small3.1:24b,retrieve_then_read,Retrieved Evidence,diagnostic_condition,evidence_narrowed_condition,True,2wikimultihopqa,multi_hop,entity,8000,scattered,low,unknown,Ottoman Empire,Ottoman,p0001;p0002,p0001,True,0.0,0.6666666666666666,0.0,0.6666666666666666,0.0,0.6666666666666666,1.0,0.5,0.6666666666666666,1.0,evidence_integration_failure,
2wikimultihopqa_c51148bc0bdb11eba7f7acde48001122,mistral-small3.1:24b,oracle,Oracle Evidence,diagnostic_baseline,oracle_evidence_upper_reference,True,2wikimultihopqa,multi_hop,entity,8000,scattered,low,unknown,Ottoman Empire,Ottoman,p0001;p0002,p0001;p0002,True,0.0,0.6666666666666666,0.0,0.6666666666666666,0.0,0.6666666666666666,1.0,1.0,1.0,1.0,answer_conversion_failure,
2wikimultihopqa_6e9a0d6a08eb11ebbda7ac1f6bf848b6,mistral-small3.1:24b,no_evidence,No Evidence,diagnostic_baseline,question_only_lower_bound,True,2wikimultihopqa,comparison,yes_no,16000,front,low,unknown,yes,no,p0001;p0002,,True,0.0,0.0,0.0,0.0,0.0,0.0,0.0,0.0,0.0,0.0,evidence_localization_failure,
2wikimultihopqa_6e9a0d6a08eb11ebbda7ac1f6bf848b6,mistral-small3.1:24b,direct,Full Context,diagnostic_condition,full_context_condition,True,2wikimultihopqa,comparison,yes_no,16000,front,low,unknown,yes,yes,p0001;p0002,p0001;p0002,True,1.0,1.0,1.0,1.0,1.0,1.0,1.0,1.0,1.0,1.0,success,
2wikimultihopqa_6e9a0d6a08eb11ebbda7ac1f6bf848b6,mistral-small3.1:24b,retrieve_then_read,Retrieved Evidence,diagnostic_condition,evidence_narrowed_condition,True,2wikimultihopqa,comparison,yes_no,16000,front,low,unknown,yes,yes,p0001;p0002,p0002,True,1.0,1.0,1.0,1.0,1.0,1.0,1.0,0.5,0.6666666666666666,1.0,success,
2wikimultihopqa_6e9a0d6a08eb11ebbda7ac1f6bf848b6,mistral-small3.1:24b,oracle,Oracle Evidence,diagnostic_baseline,oracle_evidence_upper_reference,True,2wikimultihopqa,comparison,yes_no,16000,front,low,unknown,yes,Țerova,p0001;p0002,p0001;p0002,True,0.0,0.0,0.0,0.0,0.0,0.0,1.0,1.0,1.0,1.0,answer_conversion_failure,
2wikimultihopqa_aa9aee6908f011ebbda8ac1f6bf848b6,mistral-small3.1:24b,no_evidence,No Evidence,diagnostic_baseline,question_only_lower_bound,True,2wikimultihopqa,comparison,yes_no,4000,middle,low,unknown,no,no,p0001;p0002,,True,1.0,1.0,1.0,1.0,1.0,1.0,0.0,0.0,0.0,0.0,success,
2wikimultihopqa_aa9aee6908f011ebbda8ac1f6bf848b6,mistral-small3.1:24b,direct,Full Context,diagnostic_condition,full_context_condition,True,2wikimultihopqa,comparison,yes_no,4000,middle,low,unknown,no,no,p0001;p0002,p0001;p0002,True,1.0,1.0,1.0,1.0,1.0,1.0,1.0,1.0,1.0,1.0,success,
2wikimultihopqa_aa9aee6908f011ebbda8ac1f6bf848b6,mistral-small3.1:24b,retrieve_then_read,Retrieved Evidence,diagnostic_condition,evidence_narrowed_condition,True,2wikimultihopqa,comparison,yes_no,4000,middle,low,unknown,no,no,p0001;p0002,,True,1.0,1.0,1.0,1.0,1.0,1.0,0.0,0.0,0.0,0.0,success,
2wikimultihopqa_aa9aee6908f011ebbda8ac1f6bf848b6,mistral-small3.1:24b,oracle,Oracle Evidence,diagnostic_baseline,oracle_evidence_upper_reference,True,2wikimultihopqa,comparison,yes_no,4000,middle,low,unknown,no,Graduate University of Advanced Technology,p0001;p0002,p0001;p0002,True,0.0,0.0,0.0,0.0,0.0,0.0,1.0,1.0,1.0,1.0,answer_conversion_failure,
2wikimultihopqa_be0a16240baf11ebab90acde48001122,mistral-small3.1:24b,no_evidence,No Evidence,diagnostic_baseline,question_only_lower_bound,True,2wikimultihopqa,multi_hop,entity,8000,end,low,unknown,Princess Mary of Great Britain,Princess Augusta of Hesse-Kassel,p0001;p0002,,True,0.0,0.4444444444444445,0.0,0.4000000000000001,0.0,0.4444444444444445,0.0,0.0,0.0,0.0,evidence_localization_failure,
2wikimultihopqa_be0a16240baf11ebab90acde48001122,mistral-small3.1:24b,direct,Full Context,diagnostic_condition,full_context_condition,True,2wikimultihopqa,multi_hop,entity,8000,end,low,unknown,Princess Mary of Great Britain,Princess Mary of Great Britain,p0001;p0002,p0001,True,1.0,1.0,1.0,1.0,1.0,1.0,1.0,0.5,0.6666666666666666,1.0,success,
2wikimultihopqa_be0a16240baf11ebab90acde48001122,mistral-small3.1:24b,retrieve_then_read,Retrieved Evidence,diagnostic_condition,evidence_narrowed_condition,True,2wikimultihopqa,multi_hop,entity,8000,end,low,unknown,Princess Mary of Great Britain,Hedwig Sophia of Brandenburg,p0001;p0002,,True,0.0,0.22222222222222224,0.0,0.22222222222222224,0.0,0.22222222222222224,0.0,0.0,0.0,0.0,evidence_localization_failure,
2wikimultihopqa_be0a16240baf11ebab90acde48001122,mistral-small3.1:24b,oracle,Oracle Evidence,diagnostic_baseline,oracle_evidence_upper_reference,True,2wikimultihopqa,multi_hop,entity,8000,end,low,unknown,Princess Mary of Great Britain,Princess Mary of Great Britain,p0001;p0002,p0001;p0002,True,1.0,1.0,1.0,1.0,1.0,1.0,1.0,1.0,1.0,1.0,success,
2wikimultihopqa_2b81511c0bde11eba7f7acde48001122,mistral-small3.1:24b,no_evidence,No Evidence,diagnostic_baseline,question_only_lower_bound,True,2wikimultihopqa,multi_hop,entity,16000,scattered,low,unknown,Washington,Wisconsin,p0001;p0002,,True,0.0,0.0,0.0,0.0,0.0,0.0,0.0,0.0,0.0,0.0,evidence_localization_failure,
2wikimultihopqa_2b81511c0bde11eba7f7acde48001122,mistral-small3.1:24b,direct,Full Context,diagnostic_condition,full_context_condition,True,2wikimultihopqa,multi_hop,entity,16000,scattered,low,unknown,Washington,"Washington, D.C.",p0001;p0002,p0001,True,0.0,0.6666666666666666,0.0,0.5,0.0,0.6666666666666666,1.0,0.5,0.6666666666666666,1.0,evidence_integration_failure,
2wikimultihopqa_2b81511c0bde11eba7f7acde48001122,mistral-small3.1:24b,retrieve_then_read,Retrieved Evidence,diagnostic_condition,evidence_narrowed_condition,True,2wikimultihopqa,multi_hop,entity,16000,scattered,low,unknown,Washington,unknown,p0001;p0002,p0001,True,0.0,0.0,0.0,0.0,0.0,0.0,1.0,0.5,0.6666666666666666,1.0,evidence_integration_failure,
2wikimultihopqa_2b81511c0bde11eba7f7acde48001122,mistral-small3.1:24b,oracle,Oracle Evidence,diagnostic_baseline,oracle_evidence_upper_reference,True,2wikimultihopqa,multi_hop,entity,16000,scattered,low,unknown,Washington,,p0001;p0002,,True,0.0,0.0,0.0,0.0,0.0,0.0,0.0,0.0,0.0,0.0,evidence_localization_failure,
2wikimultihopqa_e1228e9f08ca11ebbd92ac1f6bf848b6,mistral-small3.1:24b,no_evidence,No Evidence,diagnostic_baseline,question_only_lower_bound,True,2wikimultihopqa,comparison,entity,4000,front,medium,unknown,A Little Sister Of Everybody,11 Harrowhouse,p0001;p0002;p0003;p0004,,True,0.0,0.0,0.0,0.0,0.0,0.0,0.0,0.0,0.0,0.0,evidence_localization_failure,
2wikimultihopqa_e1228e9f08ca11ebbd92ac1f6bf848b6,mistral-small3.1:24b,direct,Full Context,diagnostic_condition,full_context_condition,True,2wikimultihopqa,comparison,entity,4000,front,medium,unknown,A Little Sister Of Everybody,11 Harrowhouse,p0001;p0002;p0003;p0004,p0001;p0003;p0004,True,0.0,0.0,0.0,0.0,0.0,0.0,1.0,0.75,0.8571428571428571,1.0,evidence_integration_failure,
2wikimultihopqa_e1228e9f08ca11ebbd92ac1f6bf848b6,mistral-small3.1:24b,retrieve_then_read,Retrieved Evidence,diagnostic_condition,evidence_narrowed_condition,True,2wikimultihopqa,comparison,entity,4000,front,medium,unknown,A Little Sister Of Everybody,11 Harrowhouse,p0001;p0002;p0003;p0004,p0001,True,0.0,0.0,0.0,0.0,0.0,0.0,1.0,0.25,0.4,1.0,evidence_integration_failure,
2wikimultihopqa_e1228e9f08ca11ebbd92ac1f6bf848b6,mistral-small3.1:24b,oracle,Oracle Evidence,diagnostic_baseline,oracle_evidence_upper_reference,True,2wikimultihopqa,comparison,entity,4000,front,medium,unknown,A Little Sister Of Everybody,A Little Sister Of Everybody,p0001;p0002;p0003;p0004,p0001;p0002;p0003,True,1.0,1.0,1.0,1.0,1.0,1.0,1.0,0.75,0.8571428571428571,1.0,success,
2wikimultihopqa_ea9832140bd911eba7f7acde48001122,mistral-small3.1:24b,no_evidence,No Evidence,diagnostic_baseline,question_only_lower_bound,True,2wikimultihopqa,multi_hop,entity,8000,middle,low,unknown,Newport,unknown,p0001;p0002,,True,0.0,0.0,0.0,0.0,0.0,0.0,0.0,0.0,0.0,0.0,evidence_localization_failure,
2wikimultihopqa_ea9832140bd911eba7f7acde48001122,mistral-small3.1:24b,direct,Full Context,diagnostic_condition,full_context_condition,True,2wikimultihopqa,multi_hop,entity,8000,middle,low,unknown,Newport,Newport,p0001;p0002,p0001;p0002,True,1.0,1.0,1.0,1.0,1.0,1.0,1.0,1.0,1.0,1.0,success,
2wikimultihopqa_ea9832140bd911eba7f7acde48001122,mistral-small3.1:24b,retrieve_then_read,Retrieved Evidence,diagnostic_condition,evidence_narrowed_condition,True,2wikimultihopqa,multi_hop,entity,8000,middle,low,unknown,Newport,United Kingdom,p0001;p0002,,True,0.0,0.0,0.0,0.0,0.0,0.0,0.0,0.0,0.0,0.0,evidence_localization_failure,
2wikimultihopqa_ea9832140bd911eba7f7acde48001122,mistral-small3.1:24b,oracle,Oracle Evidence,diagnostic_baseline,oracle_evidence_upper_reference,True,2wikimultihopqa,multi_hop,entity,8000,middle,low,unknown,Newport,"Newport, South Wales, Monmouthshire",p0001;p0002,p0001;p0002,True,0.0,0.4,0.0,0.4,0.0,0.4,1.0,1.0,1.0,1.0,answer_conversion_failure,
2wikimultihopqa_e3385f6c084b11ebbd56ac1f6bf848b6,mistral-small3.1:24b,no_evidence,No Evidence,diagnostic_baseline,question_only_lower_bound,True,2wikimultihopqa,comparison,entity,16000,end,medium,unknown,The Woman In The Fifth,The Woman In The Fifth,p0001;p0002;p0003;p0004,,True,1.0,1.0,1.0,1.0,1.0,1.0,0.0,0.0,0.0,0.0,success,
2wikimultihopqa_e3385f6c084b11ebbd56ac1f6bf848b6,mistral-small3.1:24b,direct,Full Context,diagnostic_condition,full_context_condition,True,2wikimultihopqa,comparison,entity,16000,end,medium,unknown,The Woman In The Fifth,The Woman In The Fifth,p0001;p0002;p0003;p0004,p0001;p0003,True,1.0,1.0,1.0,1.0,1.0,1.0,1.0,0.5,0.6666666666666666,1.0,success,
2wikimultihopqa_e3385f6c084b11ebbd56ac1f6bf848b6,mistral-small3.1:24b,retrieve_then_read,Retrieved Evidence,diagnostic_condition,evidence_narrowed_condition,True,2wikimultihopqa,comparison,entity,16000,end,medium,unknown,The Woman In The Fifth,End of Winter,p0001;p0002;p0003;p0004,,True,0.0,0.0,0.0,0.0,0.0,0.0,0.0,0.0,0.0,0.0,evidence_localization_failure,
2wikimultihopqa_e3385f6c084b11ebbd56ac1f6bf848b6,mistral-small3.1:24b,oracle,Oracle Evidence,diagnostic_baseline,oracle_evidence_upper_reference,True,2wikimultihopqa,comparison,entity,16000,end,medium,unknown,The Woman In The Fifth,The Woman in the Fifth,p0001;p0002;p0003;p0004,p0001;p0003;p0002,True,1.0,1.0,1.0,1.0,1.0,1.0,1.0,0.75,0.8571428571428571,1.0,success,
2wikimultihopqa_b677b1f8089611ebbd76ac1f6bf848b6,mistral-small3.1:24b,no_evidence,No Evidence,diagnostic_baseline,question_only_lower_bound,True,2wikimultihopqa,comparison,string,4000,scattered,medium,unknown,Happy As The Grass Was Green,The Girl King,p0001;p0002;p0003;p0004,,True,0.0,0.0,0.0,0.0,0.0,0.0,0.0,0.0,0.0,0.0,evidence_localization_failure,
2wikimultihopqa_b677b1f8089611ebbd76ac1f6bf848b6,mistral-small3.1:24b,direct,Full Context,diagnostic_condition,full_context_condition,True,2wikimultihopqa,comparison,string,4000,scattered,medium,unknown,Happy As The Grass Was Green,Happy as the Grass Was Green,p0001;p0002;p0003;p0004,p0001;p0002,True,1.0,1.0,1.0,1.0,1.0,1.0,1.0,0.5,0.6666666666666666,1.0,success,
2wikimultihopqa_b677b1f8089611ebbd76ac1f6bf848b6,mistral-small3.1:24b,retrieve_then_read,Retrieved Evidence,diagnostic_condition,evidence_narrowed_condition,True,2wikimultihopqa,comparison,string,4000,scattered,medium,unknown,Happy As The Grass Was Green,Happy as the Grass Was Green,p0001;p0002;p0003;p0004,p0001;p0002,True,1.0,1.0,1.0,1.0,1.0,1.0,1.0,0.5,0.6666666666666666,1.0,success,
2wikimultihopqa_b677b1f8089611ebbd76ac1f6bf848b6,mistral-small3.1:24b,oracle,Oracle Evidence,diagnostic_baseline,oracle_evidence_upper_reference,True,2wikimultihopqa,comparison,string,4000,scattered,medium,unknown,Happy As The Grass Was Green,Happy as the Grass Was Green,p0001;p0002;p0003;p0004,p0001;p0002;p0003,True,1.0,1.0,1.0,1.0,1.0,1.0,1.0,0.75,0.8571428571428571,1.0,success,
2wikimultihopqa_772c5c660bb011ebab90acde48001122,mistral-small3.1:24b,no_evidence,No Evidence,diagnostic_baseline,question_only_lower_bound,True,2wikimultihopqa,multi_hop,entity,8000,front,low,unknown,Catherine of Braganza,Unknown,p0001;p0002,,True,0.0,0.0,0.0,0.0,0.0,0.0,0.0,0.0,0.0,0.0,evidence_localization_failure,
2wikimultihopqa_772c5c660bb011ebab90acde48001122,mistral-small3.1:24b,direct,Full Context,diagnostic_condition,full_context_condition,True,2wikimultihopqa,multi_hop,entity,8000,front,low,unknown,Catherine of Braganza,Barbara Villiers,p0001;p0002,p0001,True,0.0,0.0,0.0,0.0,0.0,0.0,1.0,0.5,0.6666666666666666,1.0,evidence_integration_failure,
2wikimultihopqa_772c5c660bb011ebab90acde48001122,mistral-small3.1:24b,retrieve_then_read,Retrieved Evidence,diagnostic_condition,evidence_narrowed_condition,True,2wikimultihopqa,multi_hop,entity,8000,front,low,unknown,Catherine of Braganza,Barbara Villiers,p0001;p0002,p0001,True,0.0,0.0,0.0,0.0,0.0,0.0,1.0,0.5,0.6666666666666666,1.0,evidence_integration_failure,
2wikimultihopqa_772c5c660bb011ebab90acde48001122,mistral-small3.1:24b,oracle,Oracle Evidence,diagnostic_baseline,oracle_evidence_upper_reference,True,2wikimultihopqa,multi_hop,entity,8000,front,low,unknown,Catherine of Braganza,Catherine of Braganza,p0001;p0002,p0001;p0002,True,1.0,1.0,1.0,1.0,1.0,1.0,1.0,1.0,1.0,1.0,success,
2wikimultihopqa_0ac40d780bdb11eba7f7acde48001122,mistral-small3.1:24b,no_evidence,No Evidence,diagnostic_baseline,question_only_lower_bound,True,2wikimultihopqa,multi_hop,entity,16000,middle,low,unknown,University of British Columbia,unknown,p0001;p0002,,True,0.0,0.0,0.0,0.0,0.0,0.0,0.0,0.0,0.0,0.0,evidence_localization_failure,
2wikimultihopqa_0ac40d780bdb11eba7f7acde48001122,mistral-small3.1:24b,direct,Full Context,diagnostic_condition,full_context_condition,True,2wikimultihopqa,multi_hop,entity,16000,middle,low,unknown,University of British Columbia,University of British Columbia,p0001;p0002,p0002,True,1.0,1.0,1.0,1.0,1.0,1.0,1.0,0.5,0.6666666666666666,1.0,success,
2wikimultihopqa_0ac40d780bdb11eba7f7acde48001122,mistral-small3.1:24b,retrieve_then_read,Retrieved Evidence,diagnostic_condition,evidence_narrowed_condition,True,2wikimultihopqa,multi_hop,entity,16000,middle,low,unknown,University of British Columbia,Israeli Academy of Film and Television,p0001;p0002,,True,0.0,0.2,0.0,0.2,0.0,0.2,0.0,0.0,0.0,0.0,evidence_localization_failure,
2wikimultihopqa_0ac40d780bdb11eba7f7acde48001122,mistral-small3.1:24b,oracle,Oracle Evidence,diagnostic_baseline,oracle_evidence_upper_reference,True,2wikimultihopqa,multi_hop,entity,16000,middle,low,unknown,University of British Columbia,University of British Columbia,p0001;p0002,p0001;p0002,True,1.0,1.0,1.0,1.0,1.0,1.0,1.0,1.0,1.0,1.0,success,
2wikimultihopqa_2684ee04099411ebbdb0ac1f6bf848b6,mistral-small3.1:24b,no_evidence,No Evidence,diagnostic_baseline,question_only_lower_bound,True,2wikimultihopqa,comparison,yes_no,4000,end,low,unknown,no,no,p0001;p0002,,True,1.0,1.0,1.0,1.0,1.0,1.0,0.0,0.0,0.0,0.0,success,
2wikimultihopqa_2684ee04099411ebbdb0ac1f6bf848b6,mistral-small3.1:24b,direct,Full Context,diagnostic_condition,full_context_condition,True,2wikimultihopqa,comparison,yes_no,4000,end,low,unknown,no,no,p0001;p0002,p0001;p0002,True,1.0,1.0,1.0,1.0,1.0,1.0,1.0,1.0,1.0,1.0,success,
2wikimultihopqa_2684ee04099411ebbdb0ac1f6bf848b6,mistral-small3.1:24b,retrieve_then_read,Retrieved Evidence,diagnostic_condition,evidence_narrowed_condition,True,2wikimultihopqa,comparison,yes_no,4000,end,low,unknown,no,no,p0001;p0002,p0001;p0009,True,1.0,1.0,1.0,1.0,1.0,1.0,0.5,0.5,0.5,1.0,success,
2wikimultihopqa_2684ee04099411ebbdb0ac1f6bf848b6,mistral-small3.1:24b,oracle,Oracle Evidence,diagnostic_baseline,oracle_evidence_upper_reference,True,2wikimultihopqa,comparison,yes_no,4000,end,low,unknown,no,no,p0001;p0002,p0001;p0002,True,1.0,1.0,1.0,1.0,1.0,1.0,1.0,1.0,1.0,1.0,success,
2wikimultihopqa_122b64480baf11ebab90acde48001122,mistral-small3.1:24b,no_evidence,No Evidence,diagnostic_baseline,question_only_lower_bound,True,2wikimultihopqa,multi_hop,entity,8000,scattered,low,unknown,Gerberge of Lorraine,unknown,p0001;p0002,,True,0.0,0.0,0.0,0.0,0.0,0.0,0.0,0.0,0.0,0.0,evidence_localization_failure,
2wikimultihopqa_122b64480baf11ebab90acde48001122,mistral-small3.1:24b,direct,Full Context,diagnostic_condition,full_context_condition,True,2wikimultihopqa,multi_hop,entity,8000,scattered,low,unknown,Gerberge of Lorraine,Adélaïde de Saint Varme,p0001;p0002,p0009,True,0.0,0.0,0.0,0.0,0.0,0.0,0.0,0.0,0.0,0.0,evidence_selection_failure,
2wikimultihopqa_122b64480baf11ebab90acde48001122,mistral-small3.1:24b,retrieve_then_read,Retrieved Evidence,diagnostic_condition,evidence_narrowed_condition,True,2wikimultihopqa,multi_hop,entity,8000,scattered,low,unknown,Gerberge of Lorraine,an unknown mother,p0001;p0002,p0001,True,0.0,0.0,0.0,0.0,0.0,0.0,1.0,0.5,0.6666666666666666,1.0,evidence_integration_failure,
2wikimultihopqa_122b64480baf11ebab90acde48001122,mistral-small3.1:24b,oracle,Oracle Evidence,diagnostic_baseline,oracle_evidence_upper_reference,True,2wikimultihopqa,multi_hop,entity,8000,scattered,low,unknown,Gerberge of Lorraine,Gerberge of Lorraine,p0001;p0002,p0001;p0002,True,1.0,1.0,1.0,1.0,1.0,1.0,1.0,1.0,1.0,1.0,success,
2wikimultihopqa_e1f0c38c0bda11eba7f7acde48001122,mistral-small3.1:24b,no_evidence,No Evidence,diagnostic_baseline,question_only_lower_bound,True,2wikimultihopqa,multi_hop,entity,16000,front,low,unknown,France,Dutch,p0001;p0002,,True,0.0,0.0,0.0,0.0,0.0,0.0,0.0,0.0,0.0,0.0,evidence_localization_failure,
2wikimultihopqa_e1f0c38c0bda11eba7f7acde48001122,mistral-small3.1:24b,direct,Full Context,diagnostic_condition,full_context_condition,True,2wikimultihopqa,multi_hop,entity,16000,front,low,unknown,France,French,p0001;p0002,p0001,True,0.0,0.0,0.0,0.0,0.0,0.0,1.0,0.5,0.6666666666666666,1.0,evidence_integration_failure,
2wikimultihopqa_e1f0c38c0bda11eba7f7acde48001122,mistral-small3.1:24b,retrieve_then_read,Retrieved Evidence,diagnostic_condition,evidence_narrowed_condition,True,2wikimultihopqa,multi_hop,entity,16000,front,low,unknown,France,French,p0001;p0002,p0001,True,0.0,0.0,0.0,0.0,0.0,0.0,1.0,0.5,0.6666666666666666,1.0,evidence_integration_failure,
2wikimultihopqa_e1f0c38c0bda11eba7f7acde48001122,mistral-small3.1:24b,oracle,Oracle Evidence,diagnostic_baseline,oracle_evidence_upper_reference,True,2wikimultihopqa,multi_hop,entity,16000,front,low,unknown,France,French,p0001;p0002,p0001;p0002,True,0.0,0.0,0.0,0.0,0.0,0.0,1.0,1.0,1.0,1.0,answer_conversion_failure,
2wikimultihopqa_1dd18a37086a11ebbd5fac1f6bf848b6,mistral-small3.1:24b,no_evidence,No Evidence,diagnostic_baseline,question_only_lower_bound,True,2wikimultihopqa,comparison,entity,4000,middle,medium,unknown,The Crowning Touch,All The Gold In The World,p0001;p0002;p0003;p0004,,True,0.0,0.0,0.0,0.0,0.0,0.0,0.0,0.0,0.0,0.0,evidence_localization_failure,
2wikimultihopqa_1dd18a37086a11ebbd5fac1f6bf848b6,mistral-small3.1:24b,direct,Full Context,diagnostic_condition,full_context_condition,True,2wikimultihopqa,comparison,entity,4000,middle,medium,unknown,The Crowning Touch,The Crowning Touch,p0001;p0002;p0003;p0004,p0001;p0002,True,1.0,1.0,1.0,1.0,1.0,1.0,1.0,0.5,0.6666666666666666,1.0,success,
2wikimultihopqa_1dd18a37086a11ebbd5fac1f6bf848b6,mistral-small3.1:24b,retrieve_then_read,Retrieved Evidence,diagnostic_condition,evidence_narrowed_condition,True,2wikimultihopqa,comparison,entity,4000,middle,medium,unknown,The Crowning Touch,The Crowning Touch,p0001;p0002;p0003;p0004,p0001,True,1.0,1.0,1.0,1.0,1.0,1.0,1.0,0.25,0.4,1.0,success,
2wikimultihopqa_1dd18a37086a11ebbd5fac1f6bf848b6,mistral-small3.1:24b,oracle,Oracle Evidence,diagnostic_baseline,oracle_evidence_upper_reference,True,2wikimultihopqa,comparison,entity,4000,middle,medium,unknown,The Crowning Touch,The Crowning Touch,p0001;p0002;p0003;p0004,p0001;p0002;p0003,True,1.0,1.0,1.0,1.0,1.0,1.0,1.0,0.75,0.8571428571428571,1.0,success,
2wikimultihopqa_e5bdd71f08d011ebbd95ac1f6bf848b6,mistral-small3.1:24b,no_evidence,No Evidence,diagnostic_baseline,question_only_lower_bound,True,2wikimultihopqa,comparison,entity,8000,end,low,unknown,Henry Scheffé,Henry Scheffé,p0001;p0002,,True,1.0,1.0,1.0,1.0,1.0,1.0,0.0,0.0,0.0,0.0,success,
2wikimultihopqa_e5bdd71f08d011ebbd95ac1f6bf848b6,mistral-small3.1:24b,direct,Full Context,diagnostic_condition,full_context_condition,True,2wikimultihopqa,comparison,entity,8000,end,low,unknown,Henry Scheffé,Henry Scheffé,p0001;p0002,p0001;p0002,True,1.0,1.0,1.0,1.0,1.0,1.0,1.0,1.0,1.0,1.0,success,
2wikimultihopqa_e5bdd71f08d011ebbd95ac1f6bf848b6,mistral-small3.1:24b,retrieve_then_read,Retrieved Evidence,diagnostic_condition,evidence_narrowed_condition,True,2wikimultihopqa,comparison,entity,8000,end,low,unknown,Henry Scheffé,Henry Scheffé,p0001;p0002,p0001;p0002,True,1.0,1.0,1.0,1.0,1.0,1.0,1.0,1.0,1.0,1.0,success,
2wikimultihopqa_e5bdd71f08d011ebbd95ac1f6bf848b6,mistral-small3.1:24b,oracle,Oracle Evidence,diagnostic_baseline,oracle_evidence_upper_reference,True,2wikimultihopqa,comparison,entity,8000,end,low,unknown,Henry Scheffé,Henry Scheffé,p0001;p0002,p0001;p0002,True,1.0,1.0,1.0,1.0,1.0,1.0,1.0,1.0,1.0,1.0,success,
2wikimultihopqa_44da8153093011ebbdaeac1f6bf848b6,mistral-small3.1:24b,no_evidence,No Evidence,diagnostic_baseline,question_only_lower_bound,True,2wikimultihopqa,comparison,entity,16000,scattered,low,unknown,Alien Origin,Alien Origin,p0001;p0002,,True,1.0,1.0,1.0,1.0,1.0,1.0,0.0,0.0,0.0,0.0,success,
2wikimultihopqa_44da8153093011ebbdaeac1f6bf848b6,mistral-small3.1:24b,direct,Full Context,diagnostic_condition,full_context_condition,True,2wikimultihopqa,comparison,entity,16000,scattered,low,unknown,Alien Origin,Alien Origin,p0001;p0002,p0002,True,1.0,1.0,1.0,1.0,1.0,1.0,1.0,0.5,0.6666666666666666,1.0,success,
2wikimultihopqa_44da8153093011ebbdaeac1f6bf848b6,mistral-small3.1:24b,retrieve_then_read,Retrieved Evidence,diagnostic_condition,evidence_narrowed_condition,True,2wikimultihopqa,comparison,entity,16000,scattered,low,unknown,Alien Origin,Alien Origin,p0001;p0002,p0001,True,1.0,1.0,1.0,1.0,1.0,1.0,1.0,0.5,0.6666666666666666,1.0,success,
2wikimultihopqa_44da8153093011ebbdaeac1f6bf848b6,mistral-small3.1:24b,oracle,Oracle Evidence,diagnostic_baseline,oracle_evidence_upper_reference,True,2wikimultihopqa,comparison,entity,16000,scattered,low,unknown,Alien Origin,Alien Origin,p0001;p0002,p0001;p0002,True,1.0,1.0,1.0,1.0,1.0,1.0,1.0,1.0,1.0,1.0,success,
2wikimultihopqa_ddacf7580baf11ebab90acde48001122,mistral-small3.1:24b,no_evidence,No Evidence,diagnostic_baseline,question_only_lower_bound,True,2wikimultihopqa,multi_hop,entity,4000,front,low,unknown,Eleanor of Provence,Eleanor of Provence,p0001;p0002,,True,1.0,1.0,1.0,1.0,1.0,1.0,0.0,0.0,0.0,0.0,success,
2wikimultihopqa_ddacf7580baf11ebab90acde48001122,mistral-small3.1:24b,direct,Full Context,diagnostic_condition,full_context_condition,True,2wikimultihopqa,multi_hop,entity,4000,front,low,unknown,Eleanor of Provence,Eleanor of Castile,p0001;p0002,p0001;p0008,True,0.0,0.6666666666666666,0.0,0.6666666666666666,0.0,0.6666666666666666,0.5,0.5,0.5,1.0,evidence_integration_failure,
2wikimultihopqa_ddacf7580baf11ebab90acde48001122,mistral-small3.1:24b,retrieve_then_read,Retrieved Evidence,diagnostic_condition,evidence_narrowed_condition,True,2wikimultihopqa,multi_hop,entity,4000,front,low,unknown,Eleanor of Provence,Eleanor of Castile,p0001;p0002,,True,0.0,0.6666666666666666,0.0,0.6666666666666666,0.0,0.6666666666666666,0.0,0.0,0.0,0.0,evidence_localization_failure,
2wikimultihopqa_ddacf7580baf11ebab90acde48001122,mistral-small3.1:24b,oracle,Oracle Evidence,diagnostic_baseline,oracle_evidence_upper_reference,True,2wikimultihopqa,multi_hop,entity,4000,front,low,unknown,Eleanor of Provence,Eleanor of Provence,p0001;p0002,p0001;p0002,True,1.0,1.0,1.0,1.0,1.0,1.0,1.0,1.0,1.0,1.0,success,
2wikimultihopqa_d9b00ab80bdd11eba7f7acde48001122,mistral-small3.1:24b,no_evidence,No Evidence,diagnostic_baseline,question_only_lower_bound,True,2wikimultihopqa,multi_hop,entity,8000,middle,low,unknown,2 August 1288,unknown,p0001;p0002,,True,0.0,0.0,0.0,0.0,0.0,0.0,0.0,0.0,0.0,0.0,evidence_localization_failure,
2wikimultihopqa_d9b00ab80bdd11eba7f7acde48001122,mistral-small3.1:24b,direct,Full Context,diagnostic_condition,full_context_condition,True,2wikimultihopqa,multi_hop,entity,8000,middle,low,unknown,2 August 1288,2 August 1288,p0001;p0002,p0001,True,1.0,1.0,1.0,1.0,1.0,1.0,1.0,0.5,0.6666666666666666,1.0,success,
2wikimultihopqa_d9b00ab80bdd11eba7f7acde48001122,mistral-small3.1:24b,retrieve_then_read,Retrieved Evidence,diagnostic_condition,evidence_narrowed_condition,True,2wikimultihopqa,multi_hop,entity,8000,middle,low,unknown,2 August 1288,1230,p0001;p0002,,True,0.0,0.0,0.0,0.0,0.0,0.0,0.0,0.0,0.0,0.0,evidence_localization_failure,
2wikimultihopqa_d9b00ab80bdd11eba7f7acde48001122,mistral-small3.1:24b,oracle,Oracle Evidence,diagnostic_baseline,oracle_evidence_upper_reference,True,2wikimultihopqa,multi_hop,entity,8000,middle,low,unknown,2 August 1288,2 August 1288,p0001;p0002,p0001;p0002,True,1.0,1.0,1.0,1.0,1.0,1.0,1.0,1.0,1.0,1.0,success,
2wikimultihopqa_6f8bb027090811ebbdadac1f6bf848b6,mistral-small3.1:24b,no_evidence,No Evidence,diagnostic_baseline,question_only_lower_bound,True,2wikimultihopqa,comparison,string,16000,end,low,unknown,3.2.1.,3.2.1.,p0001;p0002,,True,1.0,1.0,1.0,1.0,1.0,1.0,0.0,0.0,0.0,0.0,success,
2wikimultihopqa_6f8bb027090811ebbdadac1f6bf848b6,mistral-small3.1:24b,direct,Full Context,diagnostic_condition,full_context_condition,True,2wikimultihopqa,comparison,string,16000,end,low,unknown,3.2.1.,3.2.1.,p0001;p0002,p0001;p0002,True,1.0,1.0,1.0,1.0,1.0,1.0,1.0,1.0,1.0,1.0,success,
2wikimultihopqa_6f8bb027090811ebbdadac1f6bf848b6,mistral-small3.1:24b,retrieve_then_read,Retrieved Evidence,diagnostic_condition,evidence_narrowed_condition,True,2wikimultihopqa,comparison,string,16000,end,low,unknown,3.2.1.,Issa Album,p0001;p0002,,True,0.0,0.0,0.0,0.0,0.0,0.0,0.0,0.0,0.0,0.0,evidence_localization_failure,
2wikimultihopqa_6f8bb027090811ebbdadac1f6bf848b6,mistral-small3.1:24b,oracle,Oracle Evidence,diagnostic_baseline,oracle_evidence_upper_reference,True,2wikimultihopqa,comparison,string,16000,end,low,unknown,3.2.1.,3.2.1.,p0001;p0002,p0001;p0002,True,1.0,1.0,1.0,1.0,1.0,1.0,1.0,1.0,1.0,1.0,success,
2wikimultihopqa_700dfeea0baf11ebab90acde48001122,mistral-small3.1:24b,no_evidence,No Evidence,diagnostic_baseline,question_only_lower_bound,True,2wikimultihopqa,multi_hop,entity,4000,scattered,low,unknown,"Bernard-Roger, Count of Bigorre",Sancho III,p0001;p0002,,True,0.0,0.0,0.0,0.0,0.0,0.0,0.0,0.0,0.0,0.0,evidence_localization_failure,
2wikimultihopqa_700dfeea0baf11ebab90acde48001122,mistral-small3.1:24b,direct,Full Context,diagnostic_condition,full_context_condition,True,2wikimultihopqa,multi_hop,entity,4000,scattered,low,unknown,"Bernard-Roger, Count of Bigorre",Bernard-Roger,p0001;p0002,p0002,True,0.0,0.4,0.0,0.5714285714285715,0.0,0.4,1.0,0.5,0.6666666666666666,1.0,evidence_integration_failure,
2wikimultihopqa_700dfeea0baf11ebab90acde48001122,mistral-small3.1:24b,retrieve_then_read,Retrieved Evidence,diagnostic_condition,evidence_narrowed_condition,True,2wikimultihopqa,multi_hop,entity,4000,scattered,low,unknown,"Bernard-Roger, Count of Bigorre",Ramiro I of Aragon,p0001;p0002,p0003,True,0.0,0.25,0.0,0.22222222222222224,0.0,0.25,0.0,0.0,0.0,0.0,evidence_selection_failure,
2wikimultihopqa_700dfeea0baf11ebab90acde48001122,mistral-small3.1:24b,oracle,Oracle Evidence,diagnostic_baseline,oracle_evidence_upper_reference,True,2wikimultihopqa,multi_hop,entity,4000,scattered,low,unknown,"Bernard-Roger, Count of Bigorre",Bernard-Roger,p0001;p0002,p0001;p0002,True,0.0,0.4,0.0,0.5714285714285715,0.0,0.4,1.0,1.0,1.0,1.0,answer_conversion_failure,
2wikimultihopqa_4216f41a08df11ebbda0ac1f6bf848b6,mistral-small3.1:24b,no_evidence,No Evidence,diagnostic_baseline,question_only_lower_bound,True,2wikimultihopqa,comparison,string,8000,front,low,unknown,It Happened At The World'S Fair,It Happened At The World'S Fair,p0001;p0002,,True,1.0,1.0,1.0,1.0,1.0,1.0,0.0,0.0,0.0,0.0,success,
2wikimultihopqa_4216f41a08df11ebbda0ac1f6bf848b6,mistral-small3.1:24b,direct,Full Context,diagnostic_condition,full_context_condition,True,2wikimultihopqa,comparison,string,8000,front,low,unknown,It Happened At The World'S Fair,It Happened At The World'S Fair,p0001;p0002,p0002,True,1.0,1.0,1.0,1.0,1.0,1.0,1.0,0.5,0.6666666666666666,1.0,success,
2wikimultihopqa_4216f41a08df11ebbda0ac1f6bf848b6,mistral-small3.1:24b,retrieve_then_read,Retrieved Evidence,diagnostic_condition,evidence_narrowed_condition,True,2wikimultihopqa,comparison,string,8000,front,low,unknown,It Happened At The World'S Fair,It Happened At The World'S Fair,p0001;p0002,,True,1.0,1.0,1.0,1.0,1.0,1.0,0.0,0.0,0.0,0.0,success,
2wikimultihopqa_4216f41a08df11ebbda0ac1f6bf848b6,mistral-small3.1:24b,oracle,Oracle Evidence,diagnostic_baseline,oracle_evidence_upper_reference,True,2wikimultihopqa,comparison,string,8000,front,low,unknown,It Happened At The World'S Fair,It Happened at the World's Fair,p0001;p0002,p0001;p0002,True,1.0,1.0,1.0,1.0,1.0,1.0,1.0,1.0,1.0,1.0,success,
2wikimultihopqa_c370b4540bd911eba7f7acde48001122,mistral-small3.1:24b,no_evidence,No Evidence,diagnostic_baseline,question_only_lower_bound,True,2wikimultihopqa,multi_hop,entity,16000,middle,low,unknown,Rasual Butler,unknown,p0001;p0002,,True,0.0,0.0,0.0,0.0,0.0,0.0,0.0,0.0,0.0,0.0,evidence_localization_failure,
2wikimultihopqa_c370b4540bd911eba7f7acde48001122,mistral-small3.1:24b,direct,Full Context,diagnostic_condition,full_context_condition,True,2wikimultihopqa,multi_hop,entity,16000,middle,low,unknown,Rasual Butler,Rasual Butler,p0001;p0002,p0001;p0002,True,1.0,1.0,1.0,1.0,1.0,1.0,1.0,1.0,1.0,1.0,success,
2wikimultihopqa_c370b4540bd911eba7f7acde48001122,mistral-small3.1:24b,retrieve_then_read,Retrieved Evidence,diagnostic_condition,evidence_narrowed_condition,True,2wikimultihopqa,multi_hop,entity,16000,middle,low,unknown,Rasual Butler,Rasual Butler,p0001;p0002,p0001;p0002,True,1.0,1.0,1.0,1.0,1.0,1.0,1.0,1.0,1.0,1.0,success,
2wikimultihopqa_c370b4540bd911eba7f7acde48001122,mistral-small3.1:24b,oracle,Oracle Evidence,diagnostic_baseline,oracle_evidence_upper_reference,True,2wikimultihopqa,multi_hop,entity,16000,middle,low,unknown,Rasual Butler,Rasual Butler,p0001;p0002,p0001;p0002,True,1.0,1.0,1.0,1.0,1.0,1.0,1.0,1.0,1.0,1.0,success,
2wikimultihopqa_880e5d0c088d11ebbd70ac1f6bf848b6,mistral-small3.1:24b,no_evidence,No Evidence,diagnostic_baseline,question_only_lower_bound,True,2wikimultihopqa,comparison,yes_no,4000,end,medium,unknown,no,no,p0001;p0002;p0003;p0004,,True,1.0,1.0,1.0,1.0,1.0,1.0,0.0,0.0,0.0,0.0,success,
2wikimultihopqa_880e5d0c088d11ebbd70ac1f6bf848b6,mistral-small3.1:24b,direct,Full Context,diagnostic_condition,full_context_condition,True,2wikimultihopqa,comparison,yes_no,4000,end,medium,unknown,no,no,p0001;p0002;p0003;p0004,p0001;p0002;p0004,True,1.0,1.0,1.0,1.0,1.0,1.0,1.0,0.75,0.8571428571428571,1.0,success,
2wikimultihopqa_880e5d0c088d11ebbd70ac1f6bf848b6,mistral-small3.1:24b,retrieve_then_read,Retrieved Evidence,diagnostic_condition,evidence_narrowed_condition,True,2wikimultihopqa,comparison,yes_no,4000,end,medium,unknown,no,no,p0001;p0002;p0003;p0004,p0002;p0003,True,1.0,1.0,1.0,1.0,1.0,1.0,1.0,0.5,0.6666666666666666,1.0,success,
2wikimultihopqa_880e5d0c088d11ebbd70ac1f6bf848b6,mistral-small3.1:24b,oracle,Oracle Evidence,diagnostic_baseline,oracle_evidence_upper_reference,True,2wikimultihopqa,comparison,yes_no,4000,end,medium,unknown,no,no,p0001;p0002;p0003;p0004,p0001;p0002;p0004,True,1.0,1.0,1.0,1.0,1.0,1.0,1.0,0.75,0.8571428571428571,1.0,success,
2wikimultihopqa_b3d918160bdd11eba7f7acde48001122,mistral-small3.1:24b,no_evidence,No Evidence,diagnostic_baseline,question_only_lower_bound,True,2wikimultihopqa,multi_hop,entity,8000,scattered,low,unknown,Nine Network,unknown,p0001;p0002,,True,0.0,0.0,0.0,0.0,0.0,0.0,0.0,0.0,0.0,0.0,evidence_localization_failure,
2wikimultihopqa_b3d918160bdd11eba7f7acde48001122,mistral-small3.1:24b,direct,Full Context,diagnostic_condition,full_context_condition,True,2wikimultihopqa,multi_hop,entity,8000,scattered,low,unknown,Nine Network,Nine Network,p0001;p0002,p0001,True,1.0,1.0,1.0,1.0,1.0,1.0,1.0,0.5,0.6666666666666666,1.0,success,
2wikimultihopqa_b3d918160bdd11eba7f7acde48001122,mistral-small3.1:24b,retrieve_then_read,Retrieved Evidence,diagnostic_condition,evidence_narrowed_condition,True,2wikimultihopqa,multi_hop,entity,8000,scattered,low,unknown,Nine Network,Nine Network,p0001;p0002,p0002,True,1.0,1.0,1.0,1.0,1.0,1.0,1.0,0.5,0.6666666666666666,1.0,success,
2wikimultihopqa_b3d918160bdd11eba7f7acde48001122,mistral-small3.1:24b,oracle,Oracle Evidence,diagnostic_baseline,oracle_evidence_upper_reference,True,2wikimultihopqa,multi_hop,entity,8000,scattered,low,unknown,Nine Network,Nine Network,p0001;p0002,p0001;p0002,True,1.0,1.0,1.0,1.0,1.0,1.0,1.0,1.0,1.0,1.0,success,
2wikimultihopqa_142afa360bde11eba7f7acde48001122,mistral-small3.1:24b,no_evidence,No Evidence,diagnostic_baseline,question_only_lower_bound,True,2wikimultihopqa,multi_hop,entity,16000,front,low,unknown,Stampede Wrestling,University of Calgary,p0001;p0002,,True,0.0,0.0,0.0,0.0,0.0,0.0,0.0,0.0,0.0,0.0,evidence_localization_failure,
2wikimultihopqa_142afa360bde11eba7f7acde48001122,mistral-small3.1:24b,direct,Full Context,diagnostic_condition,full_context_condition,True,2wikimultihopqa,multi_hop,entity,16000,front,low,unknown,Stampede Wrestling,Maryland,p0001;p0002,p0001,True,0.0,0.0,0.0,0.0,0.0,0.0,1.0,0.5,0.6666666666666666,1.0,evidence_integration_failure,
2wikimultihopqa_142afa360bde11eba7f7acde48001122,mistral-small3.1:24b,retrieve_then_read,Retrieved Evidence,diagnostic_condition,evidence_narrowed_condition,True,2wikimultihopqa,multi_hop,entity,16000,front,low,unknown,Stampede Wrestling,"Hot Springs, Arkansas",p0001;p0002,,True,0.0,0.0,0.0,0.0,0.0,0.0,0.0,0.0,0.0,0.0,evidence_localization_failure,
2wikimultihopqa_142afa360bde11eba7f7acde48001122,mistral-small3.1:24b,oracle,Oracle Evidence,diagnostic_baseline,oracle_evidence_upper_reference,True,2wikimultihopqa,multi_hop,entity,16000,front,low,unknown,Stampede Wrestling,Stampede Wrestling,p0001;p0002,p0001;p0002,True,1.0,1.0,1.0,1.0,1.0,1.0,1.0,1.0,1.0,1.0,success,
2wikimultihopqa_b8ef144a0bdd11eba7f7acde48001122,mistral-small3.1:24b,no_evidence,No Evidence,diagnostic_baseline,question_only_lower_bound,True,2wikimultihopqa,multi_hop,entity,4000,middle,low,unknown,British,Scotland,p0001;p0002,,True,0.0,0.0,0.0,0.0,0.0,0.0,0.0,0.0,0.0,0.0,evidence_localization_failure,
2wikimultihopqa_b8ef144a0bdd11eba7f7acde48001122,mistral-small3.1:24b,direct,Full Context,diagnostic_condition,full_context_condition,True,2wikimultihopqa,multi_hop,entity,4000,middle,low,unknown,British,Scotland,p0001;p0002,p0001,True,0.0,0.0,0.0,0.0,0.0,0.0,1.0,0.5,0.6666666666666666,1.0,evidence_integration_failure,
2wikimultihopqa_b8ef144a0bdd11eba7f7acde48001122,mistral-small3.1:24b,retrieve_then_read,Retrieved Evidence,diagnostic_condition,evidence_narrowed_condition,True,2wikimultihopqa,multi_hop,entity,4000,middle,low,unknown,British,Scotland,p0001;p0002,,True,0.0,0.0,0.0,0.0,0.0,0.0,0.0,0.0,0.0,0.0,evidence_localization_failure,
2wikimultihopqa_b8ef144a0bdd11eba7f7acde48001122,mistral-small3.1:24b,oracle,Oracle Evidence,diagnostic_baseline,oracle_evidence_upper_reference,True,2wikimultihopqa,multi_hop,entity,4000,middle,low,unknown,British,British,p0001;p0002,p0001;p0002,True,1.0,1.0,1.0,1.0,1.0,1.0,1.0,1.0,1.0,1.0,success,
2wikimultihopqa_8c82acb20bda11eba7f7acde48001122,mistral-small3.1:24b,no_evidence,No Evidence,diagnostic_baseline,question_only_lower_bound,True,2wikimultihopqa,multi_hop,entity,8000,end,low,unknown,United Kingdom,British,p0001;p0002,,True,0.0,0.0,0.0,0.0,0.0,0.0,0.0,0.0,0.0,0.0,evidence_localization_failure,
2wikimultihopqa_8c82acb20bda11eba7f7acde48001122,mistral-small3.1:24b,direct,Full Context,diagnostic_condition,full_context_condition,True,2wikimultihopqa,multi_hop,entity,8000,end,low,unknown,United Kingdom,English,p0001;p0002,p0001,True,0.0,0.0,0.0,0.0,0.0,0.0,1.0,0.5,0.6666666666666666,1.0,evidence_integration_failure,
2wikimultihopqa_8c82acb20bda11eba7f7acde48001122,mistral-small3.1:24b,retrieve_then_read,Retrieved Evidence,diagnostic_condition,evidence_narrowed_condition,True,2wikimultihopqa,multi_hop,entity,8000,end,low,unknown,United Kingdom,English,p0001;p0002,p0002,True,0.0,0.0,0.0,0.0,0.0,0.0,1.0,0.5,0.6666666666666666,1.0,evidence_integration_failure,
2wikimultihopqa_8c82acb20bda11eba7f7acde48001122,mistral-small3.1:24b,oracle,Oracle Evidence,diagnostic_baseline,oracle_evidence_upper_reference,True,2wikimultihopqa,multi_hop,entity,8000,end,low,unknown,United Kingdom,English,p0001;p0002,p0001,True,0.0,0.0,0.0,0.0,0.0,0.0,1.0,0.5,0.6666666666666666,1.0,evidence_integration_failure,
2wikimultihopqa_b7e9eb98085311ebbd59ac1f6bf848b6,mistral-small3.1:24b,no_evidence,No Evidence,diagnostic_baseline,question_only_lower_bound,True,2wikimultihopqa,comparison,entity,16000,scattered,medium,unknown,Dallas 362,Revenge Of The Barbarians,p0001;p0002;p0003;p0004,,True,0.0,0.0,0.0,0.0,0.0,0.0,0.0,0.0,0.0,0.0,evidence_localization_failure,
2wikimultihopqa_b7e9eb98085311ebbd59ac1f6bf848b6,mistral-small3.1:24b,direct,Full Context,diagnostic_condition,full_context_condition,True,2wikimultihopqa,comparison,entity,16000,scattered,medium,unknown,Dallas 362,Dallas 362,p0001;p0002;p0003;p0004,p0001;p0008,True,1.0,1.0,1.0,1.0,1.0,1.0,0.5,0.25,0.3333333333333333,1.0,success,
2wikimultihopqa_b7e9eb98085311ebbd59ac1f6bf848b6,mistral-small3.1:24b,retrieve_then_read,Retrieved Evidence,diagnostic_condition,evidence_narrowed_condition,True,2wikimultihopqa,comparison,entity,16000,scattered,medium,unknown,Dallas 362,Dallas 362,p0001;p0002;p0003;p0004,p0001,True,1.0,1.0,1.0,1.0,1.0,1.0,1.0,0.25,0.4,1.0,success,
2wikimultihopqa_b7e9eb98085311ebbd59ac1f6bf848b6,mistral-small3.1:24b,oracle,Oracle Evidence,diagnostic_baseline,oracle_evidence_upper_reference,True,2wikimultihopqa,comparison,entity,16000,scattered,medium,unknown,Dallas 362,Dallas 362,p0001;p0002;p0003;p0004,p0001;p0003;p0002,True,1.0,1.0,1.0,1.0,1.0,1.0,1.0,0.75,0.8571428571428571,1.0,success,
2wikimultihopqa_ef7aac32088511ebbd6dac1f6bf848b6,mistral-small3.1:24b,no_evidence,No Evidence,diagnostic_baseline,question_only_lower_bound,True,2wikimultihopqa,comparison,entity,4000,front,medium,unknown,Fun In The Barracks,Spring Storms,p0001;p0002;p0003;p0004,,True,0.0,0.0,0.0,0.0,0.0,0.0,0.0,0.0,0.0,0.0,evidence_localization_failure,
2wikimultihopqa_ef7aac32088511ebbd6dac1f6bf848b6,mistral-small3.1:24b,direct,Full Context,diagnostic_condition,full_context_condition,True,2wikimultihopqa,comparison,entity,4000,front,medium,unknown,Fun In The Barracks,Spring Storms,p0001;p0002;p0003;p0004,p0001;p0002;p0004,True,0.0,0.0,0.0,0.0,0.0,0.0,1.0,0.75,0.8571428571428571,1.0,evidence_integration_failure,
2wikimultihopqa_ef7aac32088511ebbd6dac1f6bf848b6,mistral-small3.1:24b,retrieve_then_read,Retrieved Evidence,diagnostic_condition,evidence_narrowed_condition,True,2wikimultihopqa,comparison,entity,4000,front,medium,unknown,Fun In The Barracks,Spring Storms,p0001;p0002;p0003;p0004,p0001;p0004,True,0.0,0.0,0.0,0.0,0.0,0.0,1.0,0.5,0.6666666666666666,1.0,evidence_integration_failure,
2wikimultihopqa_ef7aac32088511ebbd6dac1f6bf848b6,mistral-small3.1:24b,oracle,Oracle Evidence,diagnostic_baseline,oracle_evidence_upper_reference,True,2wikimultihopqa,comparison,entity,4000,front,medium,unknown,Fun In The Barracks,Fun in the Barracks,p0001;p0002;p0003;p0004,p0001;p0004,True,1.0,1.0,1.0,1.0,1.0,1.0,1.0,0.5,0.6666666666666666,1.0,success,
2wikimultihopqa_6ae076e40bde11eba7f7acde48001122,mistral-small3.1:24b,no_evidence,No Evidence,diagnostic_baseline,question_only_lower_bound,True,2wikimultihopqa,multi_hop,entity,8000,middle,low,unknown,US,unknown,p0001;p0002,,True,0.0,0.0,0.0,0.0,0.0,0.0,0.0,0.0,0.0,0.0,evidence_localization_failure,
2wikimultihopqa_6ae076e40bde11eba7f7acde48001122,mistral-small3.1:24b,direct,Full Context,diagnostic_condition,full_context_condition,True,2wikimultihopqa,multi_hop,entity,8000,middle,low,unknown,US,the US,p0001;p0002,p0002,True,1.0,1.0,1.0,1.0,1.0,1.0,1.0,0.5,0.6666666666666666,1.0,success,
2wikimultihopqa_6ae076e40bde11eba7f7acde48001122,mistral-small3.1:24b,retrieve_then_read,Retrieved Evidence,diagnostic_condition,evidence_narrowed_condition,True,2wikimultihopqa,multi_hop,entity,8000,middle,low,unknown,US,unknown,p0001;p0002,,True,0.0,0.0,0.0,0.0,0.0,0.0,0.0,0.0,0.0,0.0,evidence_localization_failure,
2wikimultihopqa_6ae076e40bde11eba7f7acde48001122,mistral-small3.1:24b,oracle,Oracle Evidence,diagnostic_baseline,oracle_evidence_upper_reference,True,2wikimultihopqa,multi_hop,entity,8000,middle,low,unknown,US,US,p0001;p0002,p0001;p0002,True,1.0,1.0,1.0,1.0,1.0,1.0,1.0,1.0,1.0,1.0,success,
2wikimultihopqa_69e2bbe0094411ebbdaeac1f6bf848b6,mistral-small3.1:24b,no_evidence,No Evidence,diagnostic_baseline,question_only_lower_bound,True,2wikimultihopqa,comparison,entity,16000,end,low,unknown,Anna-Liisa,Anna-Liisa,p0001;p0002,,True,1.0,1.0,1.0,1.0,1.0,1.0,0.0,0.0,0.0,0.0,success,
2wikimultihopqa_69e2bbe0094411ebbdaeac1f6bf848b6,mistral-small3.1:24b,direct,Full Context,diagnostic_condition,full_context_condition,True,2wikimultihopqa,comparison,entity,16000,end,low,unknown,Anna-Liisa,Anna-Liisa,p0001;p0002,p0001,True,1.0,1.0,1.0,1.0,1.0,1.0,1.0,0.5,0.6666666666666666,1.0,success,
2wikimultihopqa_69e2bbe0094411ebbdaeac1f6bf848b6,mistral-small3.1:24b,retrieve_then_read,Retrieved Evidence,diagnostic_condition,evidence_narrowed_condition,True,2wikimultihopqa,comparison,entity,16000,end,low,unknown,Anna-Liisa,Anna-Liisa,p0001;p0002,p0001,True,1.0,1.0,1.0,1.0,1.0,1.0,1.0,0.5,0.6666666666666666,1.0,success,
2wikimultihopqa_69e2bbe0094411ebbdaeac1f6bf848b6,mistral-small3.1:24b,oracle,Oracle Evidence,diagnostic_baseline,oracle_evidence_upper_reference,True,2wikimultihopqa,comparison,entity,16000,end,low,unknown,Anna-Liisa,Anna-Liisa,p0001;p0002,p0001;p0002,True,1.0,1.0,1.0,1.0,1.0,1.0,1.0,1.0,1.0,1.0,success,
2wikimultihopqa_09945977084d11ebbd56ac1f6bf848b6,mistral-small3.1:24b,no_evidence,No Evidence,diagnostic_baseline,question_only_lower_bound,True,2wikimultihopqa,comparison,yes_no,4000,scattered,low,unknown,yes,no,p0001;p0002,,True,0.0,0.0,0.0,0.0,0.0,0.0,0.0,0.0,0.0,0.0,evidence_localization_failure,
2wikimultihopqa_09945977084d11ebbd56ac1f6bf848b6,mistral-small3.1:24b,direct,Full Context,diagnostic_condition,full_context_condition,True,2wikimultihopqa,comparison,yes_no,4000,scattered,low,unknown,yes,no,p0001;p0002,p0002,True,0.0,0.0,0.0,0.0,0.0,0.0,1.0,0.5,0.6666666666666666,1.0,evidence_integration_failure,
2wikimultihopqa_09945977084d11ebbd56ac1f6bf848b6,mistral-small3.1:24b,retrieve_then_read,Retrieved Evidence,diagnostic_condition,evidence_narrowed_condition,True,2wikimultihopqa,comparison,yes_no,4000,scattered,low,unknown,yes,no,p0001;p0002,,True,0.0,0.0,0.0,0.0,0.0,0.0,0.0,0.0,0.0,0.0,evidence_localization_failure,
2wikimultihopqa_09945977084d11ebbd56ac1f6bf848b6,mistral-small3.1:24b,oracle,Oracle Evidence,diagnostic_baseline,oracle_evidence_upper_reference,True,2wikimultihopqa,comparison,yes_no,4000,scattered,low,unknown,yes,no,p0001;p0002,p0001;p0002,True,0.0,0.0,0.0,0.0,0.0,0.0,1.0,1.0,1.0,1.0,answer_conversion_failure,
2wikimultihopqa_6b5393240bdc11eba7f7acde48001122,mistral-small3.1:24b,no_evidence,No Evidence,diagnostic_baseline,question_only_lower_bound,True,2wikimultihopqa,multi_hop,string,8000,front,low,unknown,National Film Award for Best Music Direction,National Film Award,p0001;p0002,,True,0.0,0.6,0.0,0.6,0.0,0.6,0.0,0.0,0.0,0.0,evidence_localization_failure,
2wikimultihopqa_6b5393240bdc11eba7f7acde48001122,mistral-small3.1:24b,direct,Full Context,diagnostic_condition,full_context_condition,True,2wikimultihopqa,multi_hop,string,8000,front,low,unknown,National Film Award for Best Music Direction,National Film Award for Best Music Direction,p0001;p0002,p0001;p0002,True,1.0,1.0,1.0,1.0,1.0,1.0,1.0,1.0,1.0,1.0,success,
2wikimultihopqa_6b5393240bdc11eba7f7acde48001122,mistral-small3.1:24b,retrieve_then_read,Retrieved Evidence,diagnostic_condition,evidence_narrowed_condition,True,2wikimultihopqa,multi_hop,string,8000,front,low,unknown,National Film Award for Best Music Direction,National Film Award for Best Music Direction,p0001;p0002,p0001,True,1.0,1.0,1.0,1.0,1.0,1.0,1.0,0.5,0.6666666666666666,1.0,success,
2wikimultihopqa_6b5393240bdc11eba7f7acde48001122,mistral-small3.1:24b,oracle,Oracle Evidence,diagnostic_baseline,oracle_evidence_upper_reference,True,2wikimultihopqa,multi_hop,string,8000,front,low,unknown,National Film Award for Best Music Direction,National Film Award for Best Music Direction,p0001;p0002,p0001;p0002,True,1.0,1.0,1.0,1.0,1.0,1.0,1.0,1.0,1.0,1.0,success,
2wikimultihopqa_3d3bc0720bde11eba7f7acde48001122,mistral-small3.1:24b,no_evidence,No Evidence,diagnostic_baseline,question_only_lower_bound,True,2wikimultihopqa,multi_hop,entity,16000,middle,low,unknown,Queens,New York City,p0001;p0002,,True,0.0,0.0,0.0,0.0,0.0,0.0,0.0,0.0,0.0,0.0,evidence_localization_failure,
2wikimultihopqa_3d3bc0720bde11eba7f7acde48001122,mistral-small3.1:24b,direct,Full Context,diagnostic_condition,full_context_condition,True,2wikimultihopqa,multi_hop,entity,16000,middle,low,unknown,Queens,"South Jamaica, Queens, New York",p0001;p0002,p0002,True,0.0,0.33333333333333337,0.0,0.33333333333333337,0.0,0.33333333333333337,1.0,0.5,0.6666666666666666,1.0,evidence_integration_failure,
2wikimultihopqa_3d3bc0720bde11eba7f7acde48001122,mistral-small3.1:24b,retrieve_then_read,Retrieved Evidence,diagnostic_condition,evidence_narrowed_condition,True,2wikimultihopqa,multi_hop,entity,16000,middle,low,unknown,Queens,"South Jamaica, Queens, New York",p0001;p0002,p0002,True,0.0,0.33333333333333337,0.0,0.33333333333333337,0.0,0.33333333333333337,1.0,0.5,0.6666666666666666,1.0,evidence_integration_failure,
2wikimultihopqa_3d3bc0720bde11eba7f7acde48001122,mistral-small3.1:24b,oracle,Oracle Evidence,diagnostic_baseline,oracle_evidence_upper_reference,True,2wikimultihopqa,multi_hop,entity,16000,middle,low,unknown,Queens,"South Jamaica, Queens, New York",p0001;p0002,p0001;p0002,True,0.0,0.33333333333333337,0.0,0.33333333333333337,0.0,0.33333333333333337,1.0,1.0,1.0,1.0,answer_conversion_failure,
2wikimultihopqa_b411910a0bdd11eba7f7acde48001122,mistral-small3.1:24b,no_evidence,No Evidence,diagnostic_baseline,question_only_lower_bound,True,2wikimultihopqa,multi_hop,entity,4000,end,low,unknown,Bowdoin College,Harvard University,p0001;p0002,,True,0.0,0.0,0.0,0.0,0.0,0.0,0.0,0.0,0.0,0.0,evidence_localization_failure,
2wikimultihopqa_b411910a0bdd11eba7f7acde48001122,mistral-small3.1:24b,direct,Full Context,diagnostic_condition,full_context_condition,True,2wikimultihopqa,multi_hop,entity,4000,end,low,unknown,Bowdoin College,Bowdoin College,p0001;p0002,p0001;p0002,True,1.0,1.0,1.0,1.0,1.0,1.0,1.0,1.0,1.0,1.0,success,
2wikimultihopqa_b411910a0bdd11eba7f7acde48001122,mistral-small3.1:24b,retrieve_then_read,Retrieved Evidence,diagnostic_condition,evidence_narrowed_condition,True,2wikimultihopqa,multi_hop,entity,4000,end,low,unknown,Bowdoin College,unknown,p0001;p0002,,True,0.0,0.0,0.0,0.0,0.0,0.0,0.0,0.0,0.0,0.0,evidence_localization_failure,
2wikimultihopqa_b411910a0bdd11eba7f7acde48001122,mistral-small3.1:24b,oracle,Oracle Evidence,diagnostic_baseline,oracle_evidence_upper_reference,True,2wikimultihopqa,multi_hop,entity,4000,end,low,unknown,Bowdoin College,Bowdoin College,p0001;p0002,p0001;p0002,True,1.0,1.0,1.0,1.0,1.0,1.0,1.0,1.0,1.0,1.0,success,
2wikimultihopqa_cf6f5bbe08cf11ebbd95ac1f6bf848b6,mistral-small3.1:24b,no_evidence,No Evidence,diagnostic_baseline,question_only_lower_bound,True,2wikimultihopqa,comparison,entity,8000,scattered,medium,unknown,Something Of Value,Uncharted Seas,p0001;p0002;p0003;p0004,,True,0.0,0.0,0.0,0.0,0.0,0.0,0.0,0.0,0.0,0.0,evidence_localization_failure,
2wikimultihopqa_cf6f5bbe08cf11ebbd95ac1f6bf848b6,mistral-small3.1:24b,direct,Full Context,diagnostic_condition,full_context_condition,True,2wikimultihopqa,comparison,entity,8000,scattered,medium,unknown,Something Of Value,Something of Value,p0001;p0002;p0003;p0004,p0001;p0002,True,1.0,1.0,1.0,1.0,1.0,1.0,1.0,0.5,0.6666666666666666,1.0,success,
2wikimultihopqa_cf6f5bbe08cf11ebbd95ac1f6bf848b6,mistral-small3.1:24b,retrieve_then_read,Retrieved Evidence,diagnostic_condition,evidence_narrowed_condition,True,2wikimultihopqa,comparison,entity,8000,scattered,medium,unknown,Something Of Value,Something Of Value,p0001;p0002;p0003;p0004,p0002,True,1.0,1.0,1.0,1.0,1.0,1.0,1.0,0.25,0.4,1.0,success,
2wikimultihopqa_cf6f5bbe08cf11ebbd95ac1f6bf848b6,mistral-small3.1:24b,oracle,Oracle Evidence,diagnostic_baseline,oracle_evidence_upper_reference,True,2wikimultihopqa,comparison,entity,8000,scattered,medium,unknown,Something Of Value,Something of Value,p0001;p0002;p0003;p0004,p0001;p0002;p0003,True,1.0,1.0,1.0,1.0,1.0,1.0,1.0,0.75,0.8571428571428571,1.0,success,
2wikimultihopqa_015d47a908a811ebbd7fac1f6bf848b6,mistral-small3.1:24b,no_evidence,No Evidence,diagnostic_baseline,question_only_lower_bound,True,2wikimultihopqa,comparison,entity,16000,front,medium,unknown,Lucignolo,My Own Private Idaho,p0001;p0002;p0003;p0004,,True,0.0,0.0,0.0,0.0,0.0,0.0,0.0,0.0,0.0,0.0,evidence_localization_failure,
2wikimultihopqa_015d47a908a811ebbd7fac1f6bf848b6,mistral-small3.1:24b,direct,Full Context,diagnostic_condition,full_context_condition,True,2wikimultihopqa,comparison,entity,16000,front,medium,unknown,Lucignolo,Lucignolo,p0001;p0002;p0003;p0004,p0001;p0002,True,1.0,1.0,1.0,1.0,1.0,1.0,1.0,0.5,0.6666666666666666,1.0,success,
2wikimultihopqa_015d47a908a811ebbd7fac1f6bf848b6,mistral-small3.1:24b,retrieve_then_read,Retrieved Evidence,diagnostic_condition,evidence_narrowed_condition,True,2wikimultihopqa,comparison,entity,16000,front,medium,unknown,Lucignolo,Lucignolo,p0001;p0002;p0003;p0004,,True,1.0,1.0,1.0,1.0,1.0,1.0,0.0,0.0,0.0,0.0,success,
2wikimultihopqa_015d47a908a811ebbd7fac1f6bf848b6,mistral-small3.1:24b,oracle,Oracle Evidence,diagnostic_baseline,oracle_evidence_upper_reference,True,2wikimultihopqa,comparison,entity,16000,front,medium,unknown,Lucignolo,Lucignolo,p0001;p0002;p0003;p0004,p0001;p0002;p0003,True,1.0,1.0,1.0,1.0,1.0,1.0,1.0,0.75,0.8571428571428571,1.0,success,
2wikimultihopqa_d9e3f4aa0bdc11eba7f7acde48001122,mistral-small3.1:24b,no_evidence,No Evidence,diagnostic_baseline,question_only_lower_bound,True,2wikimultihopqa,multi_hop,entity,4000,middle,low,unknown,"April 30, 1939","June 29, 1911",p0001;p0002,,True,0.0,0.0,0.0,0.0,0.0,0.0,0.0,0.0,0.0,0.0,evidence_localization_failure,
2wikimultihopqa_d9e3f4aa0bdc11eba7f7acde48001122,mistral-small3.1:24b,direct,Full Context,diagnostic_condition,full_context_condition,True,2wikimultihopqa,multi_hop,entity,4000,middle,low,unknown,"April 30, 1939",25 December 1969,p0001;p0002,p0001,True,0.0,0.0,0.0,0.0,0.0,0.0,1.0,0.5,0.6666666666666666,1.0,evidence_integration_failure,
2wikimultihopqa_d9e3f4aa0bdc11eba7f7acde48001122,mistral-small3.1:24b,retrieve_then_read,Retrieved Evidence,diagnostic_condition,evidence_narrowed_condition,True,2wikimultihopqa,multi_hop,entity,4000,middle,low,unknown,"April 30, 1939",30 April 1939,p0001;p0002,p0001,True,0.0,1.0,0.0,1.0,0.0,1.0,1.0,0.5,0.6666666666666666,1.0,evidence_integration_failure,
2wikimultihopqa_d9e3f4aa0bdc11eba7f7acde48001122,mistral-small3.1:24b,oracle,Oracle Evidence,diagnostic_baseline,oracle_evidence_upper_reference,True,2wikimultihopqa,multi_hop,entity,4000,middle,low,unknown,"April 30, 1939","April 30, 1939",p0001;p0002,p0001;p0002,True,1.0,1.0,1.0,1.0,1.0,1.0,1.0,1.0,1.0,1.0,success,
2wikimultihopqa_6d79d267087211ebbd65ac1f6bf848b6,mistral-small3.1:24b,no_evidence,No Evidence,diagnostic_baseline,question_only_lower_bound,True,2wikimultihopqa,comparison,yes_no,8000,end,low,unknown,no,no,p0001;p0002,,True,1.0,1.0,1.0,1.0,1.0,1.0,0.0,0.0,0.0,0.0,success,
2wikimultihopqa_6d79d267087211ebbd65ac1f6bf848b6,mistral-small3.1:24b,direct,Full Context,diagnostic_condition,full_context_condition,True,2wikimultihopqa,comparison,yes_no,8000,end,low,unknown,no,no,p0001;p0002,p0002,True,1.0,1.0,1.0,1.0,1.0,1.0,1.0,0.5,0.6666666666666666,1.0,success,
2wikimultihopqa_6d79d267087211ebbd65ac1f6bf848b6,mistral-small3.1:24b,retrieve_then_read,Retrieved Evidence,diagnostic_condition,evidence_narrowed_condition,True,2wikimultihopqa,comparison,yes_no,8000,end,low,unknown,no,no,p0001;p0002,,True,1.0,1.0,1.0,1.0,1.0,1.0,0.0,0.0,0.0,0.0,success,
2wikimultihopqa_6d79d267087211ebbd65ac1f6bf848b6,mistral-small3.1:24b,oracle,Oracle Evidence,diagnostic_baseline,oracle_evidence_upper_reference,True,2wikimultihopqa,comparison,yes_no,8000,end,low,unknown,no,no,p0001;p0002,p0001;p0002,True,1.0,1.0,1.0,1.0,1.0,1.0,1.0,1.0,1.0,1.0,success,
2wikimultihopqa_3068a40c0baf11ebab90acde48001122,mistral-small3.1:24b,no_evidence,No Evidence,diagnostic_baseline,question_only_lower_bound,True,2wikimultihopqa,multi_hop,entity,16000,scattered,low,unknown,Sigrid the Haughty,Astrid Olofsdotter,p0001;p0002,,True,0.0,0.0,0.0,0.0,0.0,0.0,0.0,0.0,0.0,0.0,evidence_localization_failure,
2wikimultihopqa_3068a40c0baf11ebab90acde48001122,mistral-small3.1:24b,direct,Full Context,diagnostic_condition,full_context_condition,True,2wikimultihopqa,multi_hop,entity,16000,scattered,low,unknown,Sigrid the Haughty,Sigrid the Haughty,p0001;p0002,p0001,True,1.0,1.0,1.0,1.0,1.0,1.0,1.0,0.5,0.6666666666666666,1.0,success,
2wikimultihopqa_3068a40c0baf11ebab90acde48001122,mistral-small3.1:24b,retrieve_then_read,Retrieved Evidence,diagnostic_condition,evidence_narrowed_condition,True,2wikimultihopqa,multi_hop,entity,16000,scattered,low,unknown,Sigrid the Haughty,Astrid Olofsdotter,p0001;p0002,,True,0.0,0.0,0.0,0.0,0.0,0.0,0.0,0.0,0.0,0.0,evidence_localization_failure,
2wikimultihopqa_3068a40c0baf11ebab90acde48001122,mistral-small3.1:24b,oracle,Oracle Evidence,diagnostic_baseline,oracle_evidence_upper_reference,True,2wikimultihopqa,multi_hop,entity,16000,scattered,low,unknown,Sigrid the Haughty,Sigrid the Haughty,p0001;p0002,p0001;p0002,True,1.0,1.0,1.0,1.0,1.0,1.0,1.0,1.0,1.0,1.0,success,
2wikimultihopqa_b0b7f3700bdb11eba7f7acde48001122,mistral-small3.1:24b,no_evidence,No Evidence,diagnostic_baseline,question_only_lower_bound,True,2wikimultihopqa,multi_hop,entity,4000,front,low,unknown,Cross Plains,Los Angeles,p0001;p0002,,True,0.0,0.0,0.0,0.0,0.0,0.0,0.0,0.0,0.0,0.0,evidence_localization_failure,
2wikimultihopqa_b0b7f3700bdb11eba7f7acde48001122,mistral-small3.1:24b,direct,Full Context,diagnostic_condition,full_context_condition,True,2wikimultihopqa,multi_hop,entity,4000,front,low,unknown,Cross Plains,Cross Plains,p0001;p0002,p0001;p0002,True,1.0,1.0,1.0,1.0,1.0,1.0,1.0,1.0,1.0,1.0,success,
2wikimultihopqa_b0b7f3700bdb11eba7f7acde48001122,mistral-small3.1:24b,retrieve_then_read,Retrieved Evidence,diagnostic_condition,evidence_narrowed_condition,True,2wikimultihopqa,multi_hop,entity,4000,front,low,unknown,Cross Plains,Texas,p0001;p0002,,True,0.0,0.0,0.0,0.0,0.0,0.0,0.0,0.0,0.0,0.0,evidence_localization_failure,
2wikimultihopqa_b0b7f3700bdb11eba7f7acde48001122,mistral-small3.1:24b,oracle,Oracle Evidence,diagnostic_baseline,oracle_evidence_upper_reference,True,2wikimultihopqa,multi_hop,entity,4000,front,low,unknown,Cross Plains,Cross Plains,p0001;p0002,p0001;p0002,True,1.0,1.0,1.0,1.0,1.0,1.0,1.0,1.0,1.0,1.0,success,
2wikimultihopqa_203b441208db11ebbd9cac1f6bf848b6,mistral-small3.1:24b,no_evidence,No Evidence,diagnostic_baseline,question_only_lower_bound,True,2wikimultihopqa,comparison,yes_no,8000,middle,medium,unknown,no,no,p0001;p0002;p0003;p0004,,True,1.0,1.0,1.0,1.0,1.0,1.0,0.0,0.0,0.0,0.0,success,
2wikimultihopqa_203b441208db11ebbd9cac1f6bf848b6,mistral-small3.1:24b,direct,Full Context,diagnostic_condition,full_context_condition,True,2wikimultihopqa,comparison,yes_no,8000,middle,medium,unknown,no,no,p0001;p0002;p0003;p0004,p0001;p0004,True,1.0,1.0,1.0,1.0,1.0,1.0,1.0,0.5,0.6666666666666666,1.0,success,
2wikimultihopqa_203b441208db11ebbd9cac1f6bf848b6,mistral-small3.1:24b,retrieve_then_read,Retrieved Evidence,diagnostic_condition,evidence_narrowed_condition,True,2wikimultihopqa,comparison,yes_no,8000,middle,medium,unknown,no,no,p0001;p0002;p0003;p0004,,True,1.0,1.0,1.0,1.0,1.0,1.0,0.0,0.0,0.0,0.0,success,
2wikimultihopqa_203b441208db11ebbd9cac1f6bf848b6,mistral-small3.1:24b,oracle,Oracle Evidence,diagnostic_baseline,oracle_evidence_upper_reference,True,2wikimultihopqa,comparison,yes_no,8000,middle,medium,unknown,no,no,p0001;p0002;p0003;p0004,p0001;p0004,True,1.0,1.0,1.0,1.0,1.0,1.0,1.0,0.5,0.6666666666666666,1.0,success,
2wikimultihopqa_47c32ef1089511ebbd75ac1f6bf848b6,mistral-small3.1:24b,no_evidence,No Evidence,diagnostic_baseline,question_only_lower_bound,True,2wikimultihopqa,comparison,yes_no,16000,end,low,unknown,yes,no,p0001;p0002,,True,0.0,0.0,0.0,0.0,0.0,0.0,0.0,0.0,0.0,0.0,evidence_localization_failure,
2wikimultihopqa_47c32ef1089511ebbd75ac1f6bf848b6,mistral-small3.1:24b,direct,Full Context,diagnostic_condition,full_context_condition,True,2wikimultihopqa,comparison,yes_no,16000,end,low,unknown,yes,no,p0001;p0002,p0001;p0002,True,0.0,0.0,0.0,0.0,0.0,0.0,1.0,1.0,1.0,1.0,answer_conversion_failure,
2wikimultihopqa_47c32ef1089511ebbd75ac1f6bf848b6,mistral-small3.1:24b,retrieve_then_read,Retrieved Evidence,diagnostic_condition,evidence_narrowed_condition,True,2wikimultihopqa,comparison,yes_no,16000,end,low,unknown,yes,no,p0001;p0002,p0001;p0002,True,0.0,0.0,0.0,0.0,0.0,0.0,1.0,1.0,1.0,1.0,answer_conversion_failure,
2wikimultihopqa_47c32ef1089511ebbd75ac1f6bf848b6,mistral-small3.1:24b,oracle,Oracle Evidence,diagnostic_baseline,oracle_evidence_upper_reference,True,2wikimultihopqa,comparison,yes_no,16000,end,low,unknown,yes,no,p0001;p0002,p0001;p0002,True,0.0,0.0,0.0,0.0,0.0,0.0,1.0,1.0,1.0,1.0,answer_conversion_failure,
2wikimultihopqa_6900298c0bde11eba7f7acde48001122,mistral-small3.1:24b,no_evidence,No Evidence,diagnostic_baseline,question_only_lower_bound,True,2wikimultihopqa,multi_hop,entity,4000,scattered,low,unknown,"Sydney, Australia",unknown,p0001;p0002,,True,0.0,0.0,0.0,0.0,0.0,0.0,0.0,0.0,0.0,0.0,evidence_localization_failure,
2wikimultihopqa_6900298c0bde11eba7f7acde48001122,mistral-small3.1:24b,direct,Full Context,diagnostic_condition,full_context_condition,True,2wikimultihopqa,multi_hop,entity,4000,scattered,low,unknown,"Sydney, Australia","Sydney, Australia",p0001;p0002,p0001;p0002,True,1.0,1.0,1.0,1.0,1.0,1.0,1.0,1.0,1.0,1.0,success,
2wikimultihopqa_6900298c0bde11eba7f7acde48001122,mistral-small3.1:24b,retrieve_then_read,Retrieved Evidence,diagnostic_condition,evidence_narrowed_condition,True,2wikimultihopqa,multi_hop,entity,4000,scattered,low,unknown,"Sydney, Australia","Sydney, Australia",p0001;p0002,p0001;p0002,True,1.0,1.0,1.0,1.0,1.0,1.0,1.0,1.0,1.0,1.0,success,
2wikimultihopqa_6900298c0bde11eba7f7acde48001122,mistral-small3.1:24b,oracle,Oracle Evidence,diagnostic_baseline,oracle_evidence_upper_reference,True,2wikimultihopqa,multi_hop,entity,4000,scattered,low,unknown,"Sydney, Australia",Sydney,p0001;p0002,p0001;p0002,True,0.0,0.6666666666666666,0.0,0.6666666666666666,0.0,0.6666666666666666,1.0,1.0,1.0,1.0,answer_conversion_failure,
2wikimultihopqa_ac1b9ee108b911ebbd88ac1f6bf848b6,mistral-small3.1:24b,no_evidence,No Evidence,diagnostic_baseline,question_only_lower_bound,True,2wikimultihopqa,comparison,entity,8000,front,low,unknown,Princess Raiyah Bint Hussein,Princess Raiyah Bint Hussein,p0001;p0002,,True,1.0,1.0,1.0,1.0,1.0,1.0,0.0,0.0,0.0,0.0,success,
2wikimultihopqa_ac1b9ee108b911ebbd88ac1f6bf848b6,mistral-small3.1:24b,direct,Full Context,diagnostic_condition,full_context_condition,True,2wikimultihopqa,comparison,entity,8000,front,low,unknown,Princess Raiyah Bint Hussein,Princess Raiyah Bint Hussein,p0001;p0002,p0001,True,1.0,1.0,1.0,1.0,1.0,1.0,1.0,0.5,0.6666666666666666,1.0,success,
2wikimultihopqa_ac1b9ee108b911ebbd88ac1f6bf848b6,mistral-small3.1:24b,retrieve_then_read,Retrieved Evidence,diagnostic_condition,evidence_narrowed_condition,True,2wikimultihopqa,comparison,entity,8000,front,low,unknown,Princess Raiyah Bint Hussein,Princess Raiyah bint Hussein,p0001;p0002,p0001,True,1.0,1.0,1.0,1.0,1.0,1.0,1.0,0.5,0.6666666666666666,1.0,success,
2wikimultihopqa_ac1b9ee108b911ebbd88ac1f6bf848b6,mistral-small3.1:24b,oracle,Oracle Evidence,diagnostic_baseline,oracle_evidence_upper_reference,True,2wikimultihopqa,comparison,entity,8000,front,low,unknown,Princess Raiyah Bint Hussein,Princess Raiyah bint Hussein,p0001;p0002,p0001;p0002,True,1.0,1.0,1.0,1.0,1.0,1.0,1.0,1.0,1.0,1.0,success,
2wikimultihopqa_215f53a00bde11eba7f7acde48001122,mistral-small3.1:24b,no_evidence,No Evidence,diagnostic_baseline,question_only_lower_bound,True,2wikimultihopqa,multi_hop,entity,16000,middle,low,unknown,California,unknown,p0001;p0002,,True,0.0,0.0,0.0,0.0,0.0,0.0,0.0,0.0,0.0,0.0,evidence_localization_failure,
2wikimultihopqa_215f53a00bde11eba7f7acde48001122,mistral-small3.1:24b,direct,Full Context,diagnostic_condition,full_context_condition,True,2wikimultihopqa,multi_hop,entity,16000,middle,low,unknown,California,"Los Angeles, California",p0001;p0002,p0002,True,0.0,0.5,0.0,0.5,0.0,0.5,1.0,0.5,0.6666666666666666,1.0,evidence_integration_failure,
2wikimultihopqa_215f53a00bde11eba7f7acde48001122,mistral-small3.1:24b,retrieve_then_read,Retrieved Evidence,diagnostic_condition,evidence_narrowed_condition,True,2wikimultihopqa,multi_hop,entity,16000,middle,low,unknown,California,"Los Angeles, California",p0001;p0002,p0002,True,0.0,0.5,0.0,0.5,0.0,0.5,1.0,0.5,0.6666666666666666,1.0,evidence_integration_failure,
2wikimultihopqa_215f53a00bde11eba7f7acde48001122,mistral-small3.1:24b,oracle,Oracle Evidence,diagnostic_baseline,oracle_evidence_upper_reference,True,2wikimultihopqa,multi_hop,entity,16000,middle,low,unknown,California,"Los Angeles, California",p0001;p0002,p0001;p0002,True,0.0,0.5,0.0,0.5,0.0,0.5,1.0,1.0,1.0,1.0,answer_conversion_failure,
2wikimultihopqa_9c24e2900bdd11eba7f7acde48001122,mistral-small3.1:24b,no_evidence,No Evidence,diagnostic_baseline,question_only_lower_bound,True,2wikimultihopqa,multi_hop,entity,4000,end,low,unknown,Norwegian,United States,p0001;p0002,,True,0.0,0.0,0.0,0.0,0.0,0.0,0.0,0.0,0.0,0.0,evidence_localization_failure,
2wikimultihopqa_9c24e2900bdd11eba7f7acde48001122,mistral-small3.1:24b,direct,Full Context,diagnostic_condition,full_context_condition,True,2wikimultihopqa,multi_hop,entity,4000,end,low,unknown,Norwegian,Dutch-Norwegian,p0001;p0002,p0001;p0002,True,0.0,0.0,0.0,0.6666666666666666,0.0,0.0,1.0,1.0,1.0,1.0,answer_conversion_failure,
2wikimultihopqa_9c24e2900bdd11eba7f7acde48001122,mistral-small3.1:24b,retrieve_then_read,Retrieved Evidence,diagnostic_condition,evidence_narrowed_condition,True,2wikimultihopqa,multi_hop,entity,4000,end,low,unknown,Norwegian,American,p0001;p0002,,True,0.0,0.0,0.0,0.0,0.0,0.0,0.0,0.0,0.0,0.0,evidence_localization_failure,
2wikimultihopqa_9c24e2900bdd11eba7f7acde48001122,mistral-small3.1:24b,oracle,Oracle Evidence,diagnostic_baseline,oracle_evidence_upper_reference,True,2wikimultihopqa,multi_hop,entity,4000,end,low,unknown,Norwegian,Dutch-Norwegian,p0001;p0002,p0001;p0002,True,0.0,0.0,0.0,0.6666666666666666,0.0,0.0,1.0,1.0,1.0,1.0,answer_conversion_failure,
2wikimultihopqa_2c0d754e0bb011ebab90acde48001122,mistral-small3.1:24b,no_evidence,No Evidence,diagnostic_baseline,question_only_lower_bound,True,2wikimultihopqa,multi_hop,entity,8000,scattered,low,unknown,Conrad II,Henry the Fowler,p0001;p0002,,True,0.0,0.0,0.0,0.0,0.0,0.0,0.0,0.0,0.0,0.0,evidence_localization_failure,
2wikimultihopqa_2c0d754e0bb011ebab90acde48001122,mistral-small3.1:24b,direct,Full Context,diagnostic_condition,full_context_condition,True,2wikimultihopqa,multi_hop,entity,8000,scattered,low,unknown,Conrad II,Henry III,p0001;p0002,p0001,True,0.0,0.0,0.0,0.0,0.0,0.0,1.0,0.5,0.6666666666666666,1.0,evidence_integration_failure,
2wikimultihopqa_2c0d754e0bb011ebab90acde48001122,mistral-small3.1:24b,retrieve_then_read,Retrieved Evidence,diagnostic_condition,evidence_narrowed_condition,True,2wikimultihopqa,multi_hop,entity,8000,scattered,low,unknown,Conrad II,Henry II,p0001;p0002,p0001,True,0.0,0.5,0.0,0.5,0.0,0.5,1.0,0.5,0.6666666666666666,1.0,evidence_integration_failure,
2wikimultihopqa_2c0d754e0bb011ebab90acde48001122,mistral-small3.1:24b,oracle,Oracle Evidence,diagnostic_baseline,oracle_evidence_upper_reference,True,2wikimultihopqa,multi_hop,entity,8000,scattered,low,unknown,Conrad II,Conrad II of Germany,p0001;p0002,p0001;p0002,True,0.0,0.6666666666666666,0.0,0.6666666666666666,0.0,0.6666666666666666,1.0,1.0,1.0,1.0,answer_conversion_failure,
2wikimultihopqa_08de5d000baf11ebab90acde48001122,mistral-small3.1:24b,no_evidence,No Evidence,diagnostic_baseline,question_only_lower_bound,True,2wikimultihopqa,multi_hop,entity,16000,front,low,unknown,Elizabeth of Nevers,Mary of Guelders,p0001;p0002,,True,0.0,0.3333333333333333,0.0,0.3333333333333333,0.0,0.3333333333333333,0.0,0.0,0.0,0.0,evidence_localization_failure,
2wikimultihopqa_08de5d000baf11ebab90acde48001122,mistral-small3.1:24b,direct,Full Context,diagnostic_condition,full_context_condition,True,2wikimultihopqa,multi_hop,entity,16000,front,low,unknown,Elizabeth of Nevers,Marie of Burgundy,p0001;p0002,p0010,True,0.0,0.3333333333333333,0.0,0.3333333333333333,0.0,0.3333333333333333,0.0,0.0,0.0,0.0,evidence_selection_failure,
2wikimultihopqa_08de5d000baf11ebab90acde48001122,mistral-small3.1:24b,retrieve_then_read,Retrieved Evidence,diagnostic_condition,evidence_narrowed_condition,True,2wikimultihopqa,multi_hop,entity,16000,front,low,unknown,Elizabeth of Nevers,Mary of Burgundy,p0001;p0002,,True,0.0,0.3333333333333333,0.0,0.3333333333333333,0.0,0.3333333333333333,0.0,0.0,0.0,0.0,evidence_localization_failure,
2wikimultihopqa_08de5d000baf11ebab90acde48001122,mistral-small3.1:24b,oracle,Oracle Evidence,diagnostic_baseline,oracle_evidence_upper_reference,True,2wikimultihopqa,multi_hop,entity,16000,front,low,unknown,Elizabeth of Nevers,Mathilde of Hesse,p0001;p0002,p0001,True,0.0,0.3333333333333333,0.0,0.3333333333333333,0.0,0.3333333333333333,1.0,0.5,0.6666666666666666,1.0,evidence_integration_failure,
2wikimultihopqa_096e14a20bde11eba7f7acde48001122,mistral-small3.1:24b,no_evidence,No Evidence,diagnostic_baseline,question_only_lower_bound,True,2wikimultihopqa,multi_hop,entity,4000,middle,low,unknown,Weston Park,unknown,p0001;p0002,,True,0.0,0.0,0.0,0.0,0.0,0.0,0.0,0.0,0.0,0.0,evidence_localization_failure,
2wikimultihopqa_096e14a20bde11eba7f7acde48001122,mistral-small3.1:24b,direct,Full Context,diagnostic_condition,full_context_condition,True,2wikimultihopqa,multi_hop,entity,4000,middle,low,unknown,Weston Park,"Weston Park, Staffordshire",p0001;p0002,p0001;p0002,True,0.0,0.8,0.0,0.8,0.0,0.8,1.0,1.0,1.0,1.0,answer_conversion_failure,
2wikimultihopqa_096e14a20bde11eba7f7acde48001122,mistral-small3.1:24b,retrieve_then_read,Retrieved Evidence,diagnostic_condition,evidence_narrowed_condition,True,2wikimultihopqa,multi_hop,entity,4000,middle,low,unknown,Weston Park,Weston Park,p0001;p0002,p0002,True,1.0,1.0,1.0,1.0,1.0,1.0,1.0,0.5,0.6666666666666666,1.0,success,
2wikimultihopqa_096e14a20bde11eba7f7acde48001122,mistral-small3.1:24b,oracle,Oracle Evidence,diagnostic_baseline,oracle_evidence_upper_reference,True,2wikimultihopqa,multi_hop,entity,4000,middle,low,unknown,Weston Park,Weston Park,p0001;p0002,p0002,True,1.0,1.0,1.0,1.0,1.0,1.0,1.0,0.5,0.6666666666666666,1.0,success,
2wikimultihopqa_d4a23f020bdb11eba7f7acde48001122,mistral-small3.1:24b,no_evidence,No Evidence,diagnostic_baseline,question_only_lower_bound,True,2wikimultihopqa,multi_hop,entity,8000,end,low,unknown,Qing dynasty,Manchu,p0001;p0002,,True,0.0,0.0,0.0,0.0,0.0,0.0,0.0,0.0,0.0,0.0,evidence_localization_failure,
2wikimultihopqa_d4a23f020bdb11eba7f7acde48001122,mistral-small3.1:24b,direct,Full Context,diagnostic_condition,full_context_condition,True,2wikimultihopqa,multi_hop,entity,8000,end,low,unknown,Qing dynasty,Chinese,p0001;p0002,p0001;p0002,True,0.0,0.0,0.0,0.0,0.0,0.0,1.0,1.0,1.0,1.0,answer_conversion_failure,
2wikimultihopqa_d4a23f020bdb11eba7f7acde48001122,mistral-small3.1:24b,retrieve_then_read,Retrieved Evidence,diagnostic_condition,evidence_narrowed_condition,True,2wikimultihopqa,multi_hop,entity,8000,end,low,unknown,Qing dynasty,Manchu,p0001;p0002,p0001;p0002,True,0.0,0.0,0.0,0.0,0.0,0.0,1.0,1.0,1.0,1.0,answer_conversion_failure,
2wikimultihopqa_d4a23f020bdb11eba7f7acde48001122,mistral-small3.1:24b,oracle,Oracle Evidence,diagnostic_baseline,oracle_evidence_upper_reference,True,2wikimultihopqa,multi_hop,entity,8000,end,low,unknown,Qing dynasty,Qing,p0001;p0002,p0001;p0002,True,0.0,0.6666666666666666,0.0,0.6666666666666666,0.0,0.6666666666666666,1.0,1.0,1.0,1.0,answer_conversion_failure,
2wikimultihopqa_68de4616088a11ebbd6fac1f6bf848b6,mistral-small3.1:24b,no_evidence,No Evidence,diagnostic_baseline,question_only_lower_bound,True,2wikimultihopqa,comparison,entity,16000,scattered,medium,unknown,Boot Hill Bandits,Boot Hill Bandits,p0001;p0002;p0003;p0004,,True,1.0,1.0,1.0,1.0,1.0,1.0,0.0,0.0,0.0,0.0,success,
2wikimultihopqa_68de4616088a11ebbd6fac1f6bf848b6,mistral-small3.1:24b,direct,Full Context,diagnostic_condition,full_context_condition,True,2wikimultihopqa,comparison,entity,16000,scattered,medium,unknown,Boot Hill Bandits,Boot Hill Bandits,p0001;p0002;p0003;p0004,p0001;p0002,True,1.0,1.0,1.0,1.0,1.0,1.0,1.0,0.5,0.6666666666666666,1.0,success,
2wikimultihopqa_68de4616088a11ebbd6fac1f6bf848b6,mistral-small3.1:24b,retrieve_then_read,Retrieved Evidence,diagnostic_condition,evidence_narrowed_condition,True,2wikimultihopqa,comparison,entity,16000,scattered,medium,unknown,Boot Hill Bandits,Boot Hill Bandits,p0001;p0002;p0003;p0004,p0002,True,1.0,1.0,1.0,1.0,1.0,1.0,1.0,0.25,0.4,1.0,success,
2wikimultihopqa_68de4616088a11ebbd6fac1f6bf848b6,mistral-small3.1:24b,oracle,Oracle Evidence,diagnostic_baseline,oracle_evidence_upper_reference,True,2wikimultihopqa,comparison,entity,16000,scattered,medium,unknown,Boot Hill Bandits,Boot Hill Bandits,p0001;p0002;p0003;p0004,p0001;p0002;p0003,True,1.0,1.0,1.0,1.0,1.0,1.0,1.0,0.75,0.8571428571428571,1.0,success,
2wikimultihopqa_22ea14cd08ef11ebbda8ac1f6bf848b6,mistral-small3.1:24b,no_evidence,No Evidence,diagnostic_baseline,question_only_lower_bound,True,2wikimultihopqa,comparison,entity,4000,front,low,unknown,Nicolas Görtler,Nicolas Görtler,p0001;p0002,,True,1.0,1.0,1.0,1.0,1.0,1.0,0.0,0.0,0.0,0.0,success,
2wikimultihopqa_22ea14cd08ef11ebbda8ac1f6bf848b6,mistral-small3.1:24b,direct,Full Context,diagnostic_condition,full_context_condition,True,2wikimultihopqa,comparison,entity,4000,front,low,unknown,Nicolas Görtler,Nicolas Görtler,p0001;p0002,p0001;p0002,True,1.0,1.0,1.0,1.0,1.0,1.0,1.0,1.0,1.0,1.0,success,
2wikimultihopqa_22ea14cd08ef11ebbda8ac1f6bf848b6,mistral-small3.1:24b,retrieve_then_read,Retrieved Evidence,diagnostic_condition,evidence_narrowed_condition,True,2wikimultihopqa,comparison,entity,4000,front,low,unknown,Nicolas Görtler,Nicolas Görtler,p0001;p0002,p0001,True,1.0,1.0,1.0,1.0,1.0,1.0,1.0,0.5,0.6666666666666666,1.0,success,
2wikimultihopqa_22ea14cd08ef11ebbda8ac1f6bf848b6,mistral-small3.1:24b,oracle,Oracle Evidence,diagnostic_baseline,oracle_evidence_upper_reference,True,2wikimultihopqa,comparison,entity,4000,front,low,unknown,Nicolas Görtler,Nicolas Görtler,p0001;p0002,p0001;p0002,True,1.0,1.0,1.0,1.0,1.0,1.0,1.0,1.0,1.0,1.0,success,
2wikimultihopqa_96d29e2c0bdd11eba7f7acde48001122,mistral-small3.1:24b,no_evidence,No Evidence,diagnostic_baseline,question_only_lower_bound,True,2wikimultihopqa,multi_hop,entity,8000,middle,low,unknown,Roman Empire,Gaul,p0001;p0002,,True,0.0,0.0,0.0,0.0,0.0,0.0,0.0,0.0,0.0,0.0,evidence_localization_failure,
2wikimultihopqa_96d29e2c0bdd11eba7f7acde48001122,mistral-small3.1:24b,direct,Full Context,diagnostic_condition,full_context_condition,True,2wikimultihopqa,multi_hop,entity,8000,middle,low,unknown,Roman Empire,Western Roman Empire,p0001;p0002,p0001,True,0.0,0.8,0.0,0.8,0.0,0.8,1.0,0.5,0.6666666666666666,1.0,evidence_integration_failure,
2wikimultihopqa_96d29e2c0bdd11eba7f7acde48001122,mistral-small3.1:24b,retrieve_then_read,Retrieved Evidence,diagnostic_condition,evidence_narrowed_condition,True,2wikimultihopqa,multi_hop,entity,8000,middle,low,unknown,Roman Empire,Western Roman Empire,p0001;p0002,p0001,True,0.0,0.8,0.0,0.8,0.0,0.8,1.0,0.5,0.6666666666666666,1.0,evidence_integration_failure,
2wikimultihopqa_96d29e2c0bdd11eba7f7acde48001122,mistral-small3.1:24b,oracle,Oracle Evidence,diagnostic_baseline,oracle_evidence_upper_reference,True,2wikimultihopqa,multi_hop,entity,8000,middle,low,unknown,Roman Empire,Roman Empire,p0001;p0002,p0001,True,1.0,1.0,1.0,1.0,1.0,1.0,1.0,0.5,0.6666666666666666,1.0,success,
2wikimultihopqa_5c2a37a20bd911eba7f7acde48001122,mistral-small3.1:24b,no_evidence,No Evidence,diagnostic_baseline,question_only_lower_bound,True,2wikimultihopqa,multi_hop,entity,16000,end,low,unknown,Arizona,"Mesa, Arizona",p0001;p0002,,True,0.0,0.6666666666666666,0.0,0.6666666666666666,0.0,0.6666666666666666,0.0,0.0,0.0,0.0,evidence_localization_failure,
2wikimultihopqa_5c2a37a20bd911eba7f7acde48001122,mistral-small3.1:24b,direct,Full Context,diagnostic_condition,full_context_condition,True,2wikimultihopqa,multi_hop,entity,16000,end,low,unknown,Arizona,"Coolidge, Arizona",p0001;p0002,p0001,True,0.0,0.6666666666666666,0.0,0.6666666666666666,0.0,0.6666666666666666,1.0,0.5,0.6666666666666666,1.0,evidence_integration_failure,
2wikimultihopqa_5c2a37a20bd911eba7f7acde48001122,mistral-small3.1:24b,retrieve_then_read,Retrieved Evidence,diagnostic_condition,evidence_narrowed_condition,True,2wikimultihopqa,multi_hop,entity,16000,end,low,unknown,Arizona,"Coolidge, Arizona, and Phoenix",p0001;p0002,p0001,True,0.0,0.4,0.0,0.4,0.0,0.4,1.0,0.5,0.6666666666666666,1.0,evidence_integration_failure,
2wikimultihopqa_5c2a37a20bd911eba7f7acde48001122,mistral-small3.1:24b,oracle,Oracle Evidence,diagnostic_baseline,oracle_evidence_upper_reference,True,2wikimultihopqa,multi_hop,entity,16000,end,low,unknown,Arizona,Mesa City Cemetery,p0001;p0002,,True,0.0,0.0,0.0,0.0,0.0,0.0,0.0,0.0,0.0,0.0,evidence_localization_failure,
2wikimultihopqa_534cb9fe0baf11ebab90acde48001122,mistral-small3.1:24b,no_evidence,No Evidence,diagnostic_baseline,question_only_lower_bound,True,2wikimultihopqa,multi_hop,string,4000,scattered,low,unknown,"Louis Philippe II, Duke of Orléans",John II of France,p0001;p0002,,True,0.0,0.4,0.0,0.4,0.0,0.4,0.0,0.0,0.0,0.0,evidence_localization_failure,
2wikimultihopqa_534cb9fe0baf11ebab90acde48001122,mistral-small3.1:24b,direct,Full Context,diagnostic_condition,full_context_condition,True,2wikimultihopqa,multi_hop,string,4000,scattered,low,unknown,"Louis Philippe II, Duke of Orléans","Louis Philippe II, Duke of Orléans",p0001;p0002,p0001,True,1.0,1.0,1.0,1.0,1.0,1.0,1.0,0.5,0.6666666666666666,1.0,success,
2wikimultihopqa_534cb9fe0baf11ebab90acde48001122,mistral-small3.1:24b,retrieve_then_read,Retrieved Evidence,diagnostic_condition,evidence_narrowed_condition,True,2wikimultihopqa,multi_hop,string,4000,scattered,low,unknown,"Louis Philippe II, Duke of Orléans",Louis Philippe I,p0001;p0002,p0001,True,0.0,0.4444444444444444,0.0,0.4444444444444444,0.0,0.4444444444444444,1.0,0.5,0.6666666666666666,1.0,evidence_integration_failure,
2wikimultihopqa_534cb9fe0baf11ebab90acde48001122,mistral-small3.1:24b,oracle,Oracle Evidence,diagnostic_baseline,oracle_evidence_upper_reference,True,2wikimultihopqa,multi_hop,string,4000,scattered,low,unknown,"Louis Philippe II, Duke of Orléans",Louis Philippe II,p0001;p0002,p0001;p0002,True,0.0,0.6666666666666666,0.0,0.6666666666666666,0.0,0.6666666666666666,1.0,1.0,1.0,1.0,answer_conversion_failure,
2wikimultihopqa_c933c15308c711ebbd91ac1f6bf848b6,mistral-small3.1:24b,no_evidence,No Evidence,diagnostic_baseline,question_only_lower_bound,True,2wikimultihopqa,comparison,entity,8000,front,medium,unknown,Tonight At Twelve,Tonight At Twelve,p0001;p0002;p0003;p0004,,True,1.0,1.0,1.0,1.0,1.0,1.0,0.0,0.0,0.0,0.0,success,
2wikimultihopqa_c933c15308c711ebbd91ac1f6bf848b6,mistral-small3.1:24b,direct,Full Context,diagnostic_condition,full_context_condition,True,2wikimultihopqa,comparison,entity,8000,front,medium,unknown,Tonight At Twelve,Tonight at Twelve,p0001;p0002;p0003;p0004,p0002;p0003,True,1.0,1.0,1.0,1.0,1.0,1.0,1.0,0.5,0.6666666666666666,1.0,success,
2wikimultihopqa_c933c15308c711ebbd91ac1f6bf848b6,mistral-small3.1:24b,retrieve_then_read,Retrieved Evidence,diagnostic_condition,evidence_narrowed_condition,True,2wikimultihopqa,comparison,entity,8000,front,medium,unknown,Tonight At Twelve,Tonight At Twelve,p0001;p0002;p0003;p0004,p0003;p0004,True,1.0,1.0,1.0,1.0,1.0,1.0,1.0,0.5,0.6666666666666666,1.0,success,
2wikimultihopqa_c933c15308c711ebbd91ac1f6bf848b6,mistral-small3.1:24b,oracle,Oracle Evidence,diagnostic_baseline,oracle_evidence_upper_reference,True,2wikimultihopqa,comparison,entity,8000,front,medium,unknown,Tonight At Twelve,Tonight at Twelve,p0001;p0002;p0003;p0004,p0001;p0002;p0003,True,1.0,1.0,1.0,1.0,1.0,1.0,1.0,0.75,0.8571428571428571,1.0,success,
2wikimultihopqa_73c0065c0bda11eba7f7acde48001122,mistral-small3.1:24b,no_evidence,No Evidence,diagnostic_baseline,question_only_lower_bound,True,2wikimultihopqa,multi_hop,entity,16000,middle,low,unknown,Spanish,English,p0001;p0002,,True,0.0,0.0,0.0,0.0,0.0,0.0,0.0,0.0,0.0,0.0,evidence_localization_failure,
2wikimultihopqa_73c0065c0bda11eba7f7acde48001122,mistral-small3.1:24b,direct,Full Context,diagnostic_condition,full_context_condition,True,2wikimultihopqa,multi_hop,entity,16000,middle,low,unknown,Spanish,Spanish,p0001;p0002,p0001;p0002,True,1.0,1.0,1.0,1.0,1.0,1.0,1.0,1.0,1.0,1.0,success,
2wikimultihopqa_73c0065c0bda11eba7f7acde48001122,mistral-small3.1:24b,retrieve_then_read,Retrieved Evidence,diagnostic_condition,evidence_narrowed_condition,True,2wikimultihopqa,multi_hop,entity,16000,middle,low,unknown,Spanish,Portuguese,p0001;p0002,,True,0.0,0.0,0.0,0.0,0.0,0.0,0.0,0.0,0.0,0.0,evidence_localization_failure,
2wikimultihopqa_73c0065c0bda11eba7f7acde48001122,mistral-small3.1:24b,oracle,Oracle Evidence,diagnostic_baseline,oracle_evidence_upper_reference,True,2wikimultihopqa,multi_hop,entity,16000,middle,low,unknown,Spanish,Spanish,p0001;p0002,p0001;p0002,True,1.0,1.0,1.0,1.0,1.0,1.0,1.0,1.0,1.0,1.0,success,
2wikimultihopqa_88adf4ed089511ebbd75ac1f6bf848b6,mistral-small3.1:24b,no_evidence,No Evidence,diagnostic_baseline,question_only_lower_bound,True,2wikimultihopqa,comparison,yes_no,4000,end,low,unknown,yes,no,p0001;p0002,,True,0.0,0.0,0.0,0.0,0.0,0.0,0.0,0.0,0.0,0.0,evidence_localization_failure,
2wikimultihopqa_88adf4ed089511ebbd75ac1f6bf848b6,mistral-small3.1:24b,direct,Full Context,diagnostic_condition,full_context_condition,True,2wikimultihopqa,comparison,yes_no,4000,end,low,unknown,yes,no,p0001;p0002,p0001;p0002,True,0.0,0.0,0.0,0.0,0.0,0.0,1.0,1.0,1.0,1.0,answer_conversion_failure,
2wikimultihopqa_88adf4ed089511ebbd75ac1f6bf848b6,mistral-small3.1:24b,retrieve_then_read,Retrieved Evidence,diagnostic_condition,evidence_narrowed_condition,True,2wikimultihopqa,comparison,yes_no,4000,end,low,unknown,yes,no,p0001;p0002,p0001;p0002,True,0.0,0.0,0.0,0.0,0.0,0.0,1.0,1.0,1.0,1.0,answer_conversion_failure,
2wikimultihopqa_88adf4ed089511ebbd75ac1f6bf848b6,mistral-small3.1:24b,oracle,Oracle Evidence,diagnostic_baseline,oracle_evidence_upper_reference,True,2wikimultihopqa,comparison,yes_no,4000,end,low,unknown,yes,yes,p0001;p0002,p0001;p0002,True,1.0,1.0,1.0,1.0,1.0,1.0,1.0,1.0,1.0,1.0,success,
2wikimultihopqa_575babe4087711ebbd67ac1f6bf848b6,mistral-small3.1:24b,no_evidence,No Evidence,diagnostic_baseline,question_only_lower_bound,True,2wikimultihopqa,comparison,yes_no,8000,scattered,medium,unknown,yes,no,p0001;p0002;p0003;p0004,,True,0.0,0.0,0.0,0.0,0.0,0.0,0.0,0.0,0.0,0.0,evidence_localization_failure,
2wikimultihopqa_575babe4087711ebbd67ac1f6bf848b6,mistral-small3.1:24b,direct,Full Context,diagnostic_condition,full_context_condition,True,2wikimultihopqa,comparison,yes_no,8000,scattered,medium,unknown,yes,no,p0001;p0002;p0003;p0004,p0001;p0002,True,0.0,0.0,0.0,0.0,0.0,0.0,1.0,0.5,0.6666666666666666,1.0,evidence_integration_failure,
2wikimultihopqa_575babe4087711ebbd67ac1f6bf848b6,mistral-small3.1:24b,retrieve_then_read,Retrieved Evidence,diagnostic_condition,evidence_narrowed_condition,True,2wikimultihopqa,comparison,yes_no,8000,scattered,medium,unknown,yes,no,p0001;p0002;p0003;p0004,,True,0.0,0.0,0.0,0.0,0.0,0.0,0.0,0.0,0.0,0.0,evidence_localization_failure,
2wikimultihopqa_575babe4087711ebbd67ac1f6bf848b6,mistral-small3.1:24b,oracle,Oracle Evidence,diagnostic_baseline,oracle_evidence_upper_reference,True,2wikimultihopqa,comparison,yes_no,8000,scattered,medium,unknown,yes,yes,p0001;p0002;p0003;p0004,p0001;p0002;p0003,True,1.0,1.0,1.0,1.0,1.0,1.0,1.0,0.75,0.8571428571428571,1.0,success,
2wikimultihopqa_3712624a08dd11ebbd9dac1f6bf848b6,mistral-small3.1:24b,no_evidence,No Evidence,diagnostic_baseline,question_only_lower_bound,True,2wikimultihopqa,comparison,entity,16000,front,medium,unknown,Ghost-Town Gold,Ghost-Town Gold,p0001;p0002;p0003;p0004,,True,1.0,1.0,1.0,1.0,1.0,1.0,0.0,0.0,0.0,0.0,success,
2wikimultihopqa_3712624a08dd11ebbd9dac1f6bf848b6,mistral-small3.1:24b,direct,Full Context,diagnostic_condition,full_context_condition,True,2wikimultihopqa,comparison,entity,16000,front,medium,unknown,Ghost-Town Gold,Ghost-Town Gold,p0001;p0002;p0003;p0004,p0001;p0002,True,1.0,1.0,1.0,1.0,1.0,1.0,1.0,0.5,0.6666666666666666,1.0,success,
2wikimultihopqa_3712624a08dd11ebbd9dac1f6bf848b6,mistral-small3.1:24b,retrieve_then_read,Retrieved Evidence,diagnostic_condition,evidence_narrowed_condition,True,2wikimultihopqa,comparison,entity,16000,front,medium,unknown,Ghost-Town Gold,Ghost-Town Gold,p0001;p0002;p0003;p0004,p0001;p0002;p0003,True,1.0,1.0,1.0,1.0,1.0,1.0,1.0,0.75,0.8571428571428571,1.0,success,
2wikimultihopqa_3712624a08dd11ebbd9dac1f6bf848b6,mistral-small3.1:24b,oracle,Oracle Evidence,diagnostic_baseline,oracle_evidence_upper_reference,True,2wikimultihopqa,comparison,entity,16000,front,medium,unknown,Ghost-Town Gold,Ghost-Town Gold,p0001;p0002;p0003;p0004,p0001;p0002;p0003,True,1.0,1.0,1.0,1.0,1.0,1.0,1.0,0.75,0.8571428571428571,1.0,success,
2wikimultihopqa_62ce8c8e0bde11eba7f7acde48001122,mistral-small3.1:24b,no_evidence,No Evidence,diagnostic_baseline,question_only_lower_bound,True,2wikimultihopqa,multi_hop,entity,4000,middle,low,unknown,Chinese,unknown,p0001;p0002,,True,0.0,0.0,0.0,0.0,0.0,0.0,0.0,0.0,0.0,0.0,evidence_localization_failure,
2wikimultihopqa_62ce8c8e0bde11eba7f7acde48001122,mistral-small3.1:24b,direct,Full Context,diagnostic_condition,full_context_condition,True,2wikimultihopqa,multi_hop,entity,4000,middle,low,unknown,Chinese,unknown,p0001;p0002,,True,0.0,0.0,0.0,0.0,0.0,0.0,0.0,0.0,0.0,0.0,evidence_localization_failure,
2wikimultihopqa_62ce8c8e0bde11eba7f7acde48001122,mistral-small3.1:24b,retrieve_then_read,Retrieved Evidence,diagnostic_condition,evidence_narrowed_condition,True,2wikimultihopqa,multi_hop,entity,4000,middle,low,unknown,Chinese,China,p0001;p0002,p0001;p0002,True,0.0,0.0,0.0,0.0,0.0,0.0,1.0,1.0,1.0,1.0,answer_conversion_failure,
2wikimultihopqa_62ce8c8e0bde11eba7f7acde48001122,mistral-small3.1:24b,oracle,Oracle Evidence,diagnostic_baseline,oracle_evidence_upper_reference,True,2wikimultihopqa,multi_hop,entity,4000,middle,low,unknown,Chinese,Han dynasty,p0001;p0002,p0001;p0002,True,0.0,0.0,0.0,0.0,0.0,0.0,1.0,1.0,1.0,1.0,answer_conversion_failure,
2wikimultihopqa_bb8e4d040bda11eba7f7acde48001122,mistral-small3.1:24b,no_evidence,No Evidence,diagnostic_baseline,question_only_lower_bound,True,2wikimultihopqa,multi_hop,entity,8000,end,low,unknown,Ashgabat,unknown,p0001;p0002,,True,0.0,0.0,0.0,0.0,0.0,0.0,0.0,0.0,0.0,0.0,evidence_localization_failure,
2wikimultihopqa_bb8e4d040bda11eba7f7acde48001122,mistral-small3.1:24b,direct,Full Context,diagnostic_condition,full_context_condition,True,2wikimultihopqa,multi_hop,entity,8000,end,low,unknown,Ashgabat,Ashgabat,p0001;p0002,p0002,True,1.0,1.0,1.0,1.0,1.0,1.0,1.0,0.5,0.6666666666666666,1.0,success,
2wikimultihopqa_bb8e4d040bda11eba7f7acde48001122,mistral-small3.1:24b,retrieve_then_read,Retrieved Evidence,diagnostic_condition,evidence_narrowed_condition,True,2wikimultihopqa,multi_hop,entity,8000,end,low,unknown,Ashgabat,,p0001;p0002,,True,0.0,0.0,0.0,0.0,0.0,0.0,0.0,0.0,0.0,0.0,evidence_localization_failure,
2wikimultihopqa_bb8e4d040bda11eba7f7acde48001122,mistral-small3.1:24b,oracle,Oracle Evidence,diagnostic_baseline,oracle_evidence_upper_reference,True,2wikimultihopqa,multi_hop,entity,8000,end,low,unknown,Ashgabat,Ashgabat,p0001;p0002,p0002,True,1.0,1.0,1.0,1.0,1.0,1.0,1.0,0.5,0.6666666666666666,1.0,success,
2wikimultihopqa_b8d121ba099d11ebbdb0ac1f6bf848b6,mistral-small3.1:24b,no_evidence,No Evidence,diagnostic_baseline,question_only_lower_bound,True,2wikimultihopqa,comparison,yes_no,16000,scattered,low,unknown,yes,yes,p0001;p0002,,True,1.0,1.0,1.0,1.0,1.0,1.0,0.0,0.0,0.0,0.0,success,
2wikimultihopqa_b8d121ba099d11ebbdb0ac1f6bf848b6,mistral-small3.1:24b,direct,Full Context,diagnostic_condition,full_context_condition,True,2wikimultihopqa,comparison,yes_no,16000,scattered,low,unknown,yes,yes,p0001;p0002,p0001;p0002,True,1.0,1.0,1.0,1.0,1.0,1.0,1.0,1.0,1.0,1.0,success,
2wikimultihopqa_b8d121ba099d11ebbdb0ac1f6bf848b6,mistral-small3.1:24b,retrieve_then_read,Retrieved Evidence,diagnostic_condition,evidence_narrowed_condition,True,2wikimultihopqa,comparison,yes_no,16000,scattered,low,unknown,yes,yes,p0001;p0002,p0001;p0002,True,1.0,1.0,1.0,1.0,1.0,1.0,1.0,1.0,1.0,1.0,success,
2wikimultihopqa_b8d121ba099d11ebbdb0ac1f6bf848b6,mistral-small3.1:24b,oracle,Oracle Evidence,diagnostic_baseline,oracle_evidence_upper_reference,True,2wikimultihopqa,comparison,yes_no,16000,scattered,low,unknown,yes,Muzaffargarh railway station,p0001;p0002,p0001;p0002,True,0.0,0.0,0.0,0.0,0.0,0.0,1.0,1.0,1.0,1.0,answer_conversion_failure,
2wikimultihopqa_ad437572089811ebbd77ac1f6bf848b6,mistral-small3.1:24b,no_evidence,No Evidence,diagnostic_baseline,question_only_lower_bound,True,2wikimultihopqa,comparison,yes_no,4000,front,low,unknown,yes,no,p0001;p0002,,True,0.0,0.0,0.0,0.0,0.0,0.0,0.0,0.0,0.0,0.0,evidence_localization_failure,
2wikimultihopqa_ad437572089811ebbd77ac1f6bf848b6,mistral-small3.1:24b,direct,Full Context,diagnostic_condition,full_context_condition,True,2wikimultihopqa,comparison,yes_no,4000,front,low,unknown,yes,no,p0001;p0002,p0001;p0002,True,0.0,0.0,0.0,0.0,0.0,0.0,1.0,1.0,1.0,1.0,answer_conversion_failure,
2wikimultihopqa_ad437572089811ebbd77ac1f6bf848b6,mistral-small3.1:24b,retrieve_then_read,Retrieved Evidence,diagnostic_condition,evidence_narrowed_condition,True,2wikimultihopqa,comparison,yes_no,4000,front,low,unknown,yes,no,p0001;p0002,,True,0.0,0.0,0.0,0.0,0.0,0.0,0.0,0.0,0.0,0.0,evidence_localization_failure,
2wikimultihopqa_ad437572089811ebbd77ac1f6bf848b6,mistral-small3.1:24b,oracle,Oracle Evidence,diagnostic_baseline,oracle_evidence_upper_reference,True,2wikimultihopqa,comparison,yes_no,4000,front,low,unknown,yes,John Amyas Alexander,p0001;p0002,p0001;p0002,True,0.0,0.0,0.0,0.0,0.0,0.0,1.0,1.0,1.0,1.0,answer_conversion_failure,
2wikimultihopqa_d670b0ac08b111ebbd85ac1f6bf848b6,mistral-small3.1:24b,no_evidence,No Evidence,diagnostic_baseline,question_only_lower_bound,True,2wikimultihopqa,comparison,entity,8000,middle,low,unknown,Bernard Chambaz,Tibor Pézsa,p0001;p0002,,True,0.0,0.0,0.0,0.0,0.0,0.0,0.0,0.0,0.0,0.0,evidence_localization_failure,
2wikimultihopqa_d670b0ac08b111ebbd85ac1f6bf848b6,mistral-small3.1:24b,direct,Full Context,diagnostic_condition,full_context_condition,True,2wikimultihopqa,comparison,entity,8000,middle,low,unknown,Bernard Chambaz,Tibor Pézsa,p0001;p0002,p0001;p0002,True,0.0,0.0,0.0,0.0,0.0,0.0,1.0,1.0,1.0,1.0,answer_conversion_failure,
2wikimultihopqa_d670b0ac08b111ebbd85ac1f6bf848b6,mistral-small3.1:24b,retrieve_then_read,Retrieved Evidence,diagnostic_condition,evidence_narrowed_condition,True,2wikimultihopqa,comparison,entity,8000,middle,low,unknown,Bernard Chambaz,Bernard Chambaz,p0001;p0002,p0002,True,1.0,1.0,1.0,1.0,1.0,1.0,1.0,0.5,0.6666666666666666,1.0,success,
2wikimultihopqa_d670b0ac08b111ebbd85ac1f6bf848b6,mistral-small3.1:24b,oracle,Oracle Evidence,diagnostic_baseline,oracle_evidence_upper_reference,True,2wikimultihopqa,comparison,entity,8000,middle,low,unknown,Bernard Chambaz,Bernard Chambaz,p0001;p0002,p0001;p0002,True,1.0,1.0,1.0,1.0,1.0,1.0,1.0,1.0,1.0,1.0,success,
2wikimultihopqa_ea29ce5a0bd911eba7f7acde48001122,mistral-small3.1:24b,no_evidence,No Evidence,diagnostic_baseline,question_only_lower_bound,True,2wikimultihopqa,multi_hop,entity,16000,end,low,unknown,Sangeet Natak Akademi Award,no award,p0001;p0002,,True,0.0,0.3333333333333333,0.0,0.3333333333333333,0.0,0.3333333333333333,0.0,0.0,0.0,0.0,evidence_localization_failure,
2wikimultihopqa_ea29ce5a0bd911eba7f7acde48001122,mistral-small3.1:24b,direct,Full Context,diagnostic_condition,full_context_condition,True,2wikimultihopqa,multi_hop,entity,16000,end,low,unknown,Sangeet Natak Akademi Award,Sangeet Natak Akademi Award,p0001;p0002,p0001;p0002,True,1.0,1.0,1.0,1.0,1.0,1.0,1.0,1.0,1.0,1.0,success,
2wikimultihopqa_ea29ce5a0bd911eba7f7acde48001122,mistral-small3.1:24b,retrieve_then_read,Retrieved Evidence,diagnostic_condition,evidence_narrowed_condition,True,2wikimultihopqa,multi_hop,entity,16000,end,low,unknown,Sangeet Natak Akademi Award,unknown,p0001;p0002,,True,0.0,0.0,0.0,0.0,0.0,0.0,0.0,0.0,0.0,0.0,evidence_localization_failure,
2wikimultihopqa_ea29ce5a0bd911eba7f7acde48001122,mistral-small3.1:24b,oracle,Oracle Evidence,diagnostic_baseline,oracle_evidence_upper_reference,True,2wikimultihopqa,multi_hop,entity,16000,end,low,unknown,Sangeet Natak Akademi Award,Sangeet Natak Akademi Award,p0001;p0002,p0001;p0002,True,1.0,1.0,1.0,1.0,1.0,1.0,1.0,1.0,1.0,1.0,success,
2wikimultihopqa_4c61cd2c088111ebbd6dac1f6bf848b6,mistral-small3.1:24b,no_evidence,No Evidence,diagnostic_baseline,question_only_lower_bound,True,2wikimultihopqa,comparison,entity,4000,scattered,medium,unknown,The Ballad Of Gregorio Cortez,The Ballad Of Gregorio Cortez,p0001;p0002;p0003;p0004,,True,1.0,1.0,1.0,1.0,1.0,1.0,0.0,0.0,0.0,0.0,success,
2wikimultihopqa_4c61cd2c088111ebbd6dac1f6bf848b6,mistral-small3.1:24b,direct,Full Context,diagnostic_condition,full_context_condition,True,2wikimultihopqa,comparison,entity,4000,scattered,medium,unknown,The Ballad Of Gregorio Cortez,Naiyya,p0001;p0002;p0003;p0004,p0001;p0003,True,0.0,0.0,0.0,0.0,0.0,0.0,1.0,0.5,0.6666666666666666,1.0,evidence_integration_failure,
2wikimultihopqa_4c61cd2c088111ebbd6dac1f6bf848b6,mistral-small3.1:24b,retrieve_then_read,Retrieved Evidence,diagnostic_condition,evidence_narrowed_condition,True,2wikimultihopqa,comparison,entity,4000,scattered,medium,unknown,The Ballad Of Gregorio Cortez,The Ballad of Eskimo Nell,p0001;p0002;p0003;p0004,,True,0.0,0.5,0.0,0.5,0.0,0.5,0.0,0.0,0.0,0.0,evidence_localization_failure,
2wikimultihopqa_4c61cd2c088111ebbd6dac1f6bf848b6,mistral-small3.1:24b,oracle,Oracle Evidence,diagnostic_baseline,oracle_evidence_upper_reference,True,2wikimultihopqa,comparison,entity,4000,scattered,medium,unknown,The Ballad Of Gregorio Cortez,The Ballad of Gregorio Cortez,p0001;p0002;p0003;p0004,p0001;p0003;p0002,True,1.0,1.0,1.0,1.0,1.0,1.0,1.0,0.75,0.8571428571428571,1.0,success,
2wikimultihopqa_184e352008db11ebbd9cac1f6bf848b6,mistral-small3.1:24b,no_evidence,No Evidence,diagnostic_baseline,question_only_lower_bound,True,2wikimultihopqa,comparison,entity,8000,front,medium,unknown,A Strange Adventure,The Boy Turns Man,p0001;p0002;p0003;p0004,,True,0.0,0.0,0.0,0.0,0.0,0.0,0.0,0.0,0.0,0.0,evidence_localization_failure,
2wikimultihopqa_184e352008db11ebbd9cac1f6bf848b6,mistral-small3.1:24b,direct,Full Context,diagnostic_condition,full_context_condition,True,2wikimultihopqa,comparison,entity,8000,front,medium,unknown,A Strange Adventure,A Strange Adventure,p0001;p0002;p0003;p0004,p0001;p0002;p0003,True,1.0,1.0,1.0,1.0,1.0,1.0,1.0,0.75,0.8571428571428571,1.0,success,
2wikimultihopqa_184e352008db11ebbd9cac1f6bf848b6,mistral-small3.1:24b,retrieve_then_read,Retrieved Evidence,diagnostic_condition,evidence_narrowed_condition,True,2wikimultihopqa,comparison,entity,8000,front,medium,unknown,A Strange Adventure,A Strange Adventure,p0001;p0002;p0003;p0004,,True,1.0,1.0,1.0,1.0,1.0,1.0,0.0,0.0,0.0,0.0,success,
2wikimultihopqa_184e352008db11ebbd9cac1f6bf848b6,mistral-small3.1:24b,oracle,Oracle Evidence,diagnostic_baseline,oracle_evidence_upper_reference,True,2wikimultihopqa,comparison,entity,8000,front,medium,unknown,A Strange Adventure,A Strange Adventure,p0001;p0002;p0003;p0004,p0001;p0002;p0003,True,1.0,1.0,1.0,1.0,1.0,1.0,1.0,0.75,0.8571428571428571,1.0,success,
2wikimultihopqa_1f3ea3b00bb011ebab90acde48001122,mistral-small3.1:24b,no_evidence,No Evidence,diagnostic_baseline,question_only_lower_bound,True,2wikimultihopqa,multi_hop,entity,16000,middle,low,unknown,"Louis III, Count of Chiny",Henry III of England,p0001;p0002,,True,0.0,0.4444444444444445,0.0,0.4444444444444445,0.0,0.4444444444444445,0.0,0.0,0.0,0.0,evidence_localization_failure,
2wikimultihopqa_1f3ea3b00bb011ebab90acde48001122,mistral-small3.1:24b,direct,Full Context,diagnostic_condition,full_context_condition,True,2wikimultihopqa,multi_hop,entity,16000,middle,low,unknown,"Louis III, Count of Chiny",Albert,p0001;p0002,p0001;p0002,True,0.0,0.0,0.0,0.0,0.0,0.0,1.0,1.0,1.0,1.0,answer_conversion_failure,
2wikimultihopqa_1f3ea3b00bb011ebab90acde48001122,mistral-small3.1:24b,retrieve_then_read,Retrieved Evidence,diagnostic_condition,evidence_narrowed_condition,True,2wikimultihopqa,multi_hop,entity,16000,middle,low,unknown,"Louis III, Count of Chiny",Otto,p0001;p0002,,True,0.0,0.0,0.0,0.0,0.0,0.0,0.0,0.0,0.0,0.0,evidence_localization_failure,
2wikimultihopqa_1f3ea3b00bb011ebab90acde48001122,mistral-small3.1:24b,oracle,Oracle Evidence,diagnostic_baseline,oracle_evidence_upper_reference,True,2wikimultihopqa,multi_hop,entity,16000,middle,low,unknown,"Louis III, Count of Chiny",Louis III,p0001;p0002,p0001;p0002,True,0.0,0.5714285714285715,0.0,0.5714285714285715,0.0,0.5714285714285715,1.0,1.0,1.0,1.0,answer_conversion_failure,
2wikimultihopqa_253e36700bda11eba7f7acde48001122,mistral-small3.1:24b,no_evidence,No Evidence,diagnostic_baseline,question_only_lower_bound,True,2wikimultihopqa,multi_hop,entity,4000,end,low,unknown,Rabat,Saint-Cloud,p0001;p0002,,True,0.0,0.0,0.0,0.0,0.0,0.0,0.0,0.0,0.0,0.0,evidence_localization_failure,
2wikimultihopqa_253e36700bda11eba7f7acde48001122,mistral-small3.1:24b,direct,Full Context,diagnostic_condition,full_context_condition,True,2wikimultihopqa,multi_hop,entity,4000,end,low,unknown,Rabat,"Rabat, Morocco",p0001;p0002,p0002,True,0.0,0.6666666666666666,0.0,0.6666666666666666,0.0,0.6666666666666666,1.0,0.5,0.6666666666666666,1.0,evidence_integration_failure,
2wikimultihopqa_253e36700bda11eba7f7acde48001122,mistral-small3.1:24b,retrieve_then_read,Retrieved Evidence,diagnostic_condition,evidence_narrowed_condition,True,2wikimultihopqa,multi_hop,entity,4000,end,low,unknown,Rabat,Madrid,p0001;p0002,,True,0.0,0.0,0.0,0.0,0.0,0.0,0.0,0.0,0.0,0.0,evidence_localization_failure,
2wikimultihopqa_253e36700bda11eba7f7acde48001122,mistral-small3.1:24b,oracle,Oracle Evidence,diagnostic_baseline,oracle_evidence_upper_reference,True,2wikimultihopqa,multi_hop,entity,4000,end,low,unknown,Rabat,"Rabat, Morocco",p0001;p0002,p0001;p0002,True,0.0,0.6666666666666666,0.0,0.6666666666666666,0.0,0.6666666666666666,1.0,1.0,1.0,1.0,answer_conversion_failure,
2wikimultihopqa_3641d5c60bda11eba7f7acde48001122,mistral-small3.1:24b,no_evidence,No Evidence,diagnostic_baseline,question_only_lower_bound,True,2wikimultihopqa,multi_hop,entity,8000,scattered,low,unknown,Coventry,unknown,p0001;p0002,,True,0.0,0.0,0.0,0.0,0.0,0.0,0.0,0.0,0.0,0.0,evidence_localization_failure,
2wikimultihopqa_3641d5c60bda11eba7f7acde48001122,mistral-small3.1:24b,direct,Full Context,diagnostic_condition,full_context_condition,True,2wikimultihopqa,multi_hop,entity,8000,scattered,low,unknown,Coventry,Mount Washington Cemetery,p0001;p0002,p0001,True,0.0,0.0,0.0,0.0,0.0,0.0,1.0,0.5,0.6666666666666666,1.0,evidence_integration_failure,
2wikimultihopqa_3641d5c60bda11eba7f7acde48001122,mistral-small3.1:24b,retrieve_then_read,Retrieved Evidence,diagnostic_condition,evidence_narrowed_condition,True,2wikimultihopqa,multi_hop,entity,8000,scattered,low,unknown,Coventry,Mount Washington Cemetery,p0001;p0002,p0001,True,0.0,0.0,0.0,0.0,0.0,0.0,1.0,0.5,0.6666666666666666,1.0,evidence_integration_failure,
2wikimultihopqa_3641d5c60bda11eba7f7acde48001122,mistral-small3.1:24b,oracle,Oracle Evidence,diagnostic_baseline,oracle_evidence_upper_reference,True,2wikimultihopqa,multi_hop,entity,8000,scattered,low,unknown,Coventry,Coventry,p0001;p0002,p0002,True,1.0,1.0,1.0,1.0,1.0,1.0,1.0,0.5,0.6666666666666666,1.0,success,
2wikimultihopqa_6e3e70200bde11eba7f7acde48001122,mistral-small3.1:24b,no_evidence,No Evidence,diagnostic_baseline,question_only_lower_bound,True,2wikimultihopqa,multi_hop,entity,16000,front,low,unknown,China,unknown,p0001;p0002,,True,0.0,0.0,0.0,0.0,0.0,0.0,0.0,0.0,0.0,0.0,evidence_localization_failure,
2wikimultihopqa_6e3e70200bde11eba7f7acde48001122,mistral-small3.1:24b,direct,Full Context,diagnostic_condition,full_context_condition,True,2wikimultihopqa,multi_hop,entity,16000,front,low,unknown,China,Hong Kong,p0001;p0002,p0001,True,0.0,0.0,0.0,0.0,0.0,0.0,1.0,0.5,0.6666666666666666,1.0,evidence_integration_failure,
2wikimultihopqa_6e3e70200bde11eba7f7acde48001122,mistral-small3.1:24b,retrieve_then_read,Retrieved Evidence,diagnostic_condition,evidence_narrowed_condition,True,2wikimultihopqa,multi_hop,entity,16000,front,low,unknown,China,India,p0001;p0002,,True,0.0,0.0,0.0,0.0,0.0,0.0,0.0,0.0,0.0,0.0,evidence_localization_failure,
2wikimultihopqa_6e3e70200bde11eba7f7acde48001122,mistral-small3.1:24b,oracle,Oracle Evidence,diagnostic_baseline,oracle_evidence_upper_reference,True,2wikimultihopqa,multi_hop,entity,16000,front,low,unknown,China,China,p0001;p0002,p0001;p0002,True,1.0,1.0,1.0,1.0,1.0,1.0,1.0,1.0,1.0,1.0,success,
2wikimultihopqa_967b39ca0bdd11eba7f7acde48001122,mistral-small3.1:24b,no_evidence,No Evidence,diagnostic_baseline,question_only_lower_bound,True,2wikimultihopqa,multi_hop,entity,4000,middle,low,unknown,Efva Attling,unknown,p0001;p0002,,True,0.0,0.0,0.0,0.0,0.0,0.0,0.0,0.0,0.0,0.0,evidence_localization_failure,
2wikimultihopqa_967b39ca0bdd11eba7f7acde48001122,mistral-small3.1:24b,direct,Full Context,diagnostic_condition,full_context_condition,True,2wikimultihopqa,multi_hop,entity,4000,middle,low,unknown,Efva Attling,Efva Attling,p0001;p0002,p0001;p0002,True,1.0,1.0,1.0,1.0,1.0,1.0,1.0,1.0,1.0,1.0,success,
2wikimultihopqa_967b39ca0bdd11eba7f7acde48001122,mistral-small3.1:24b,retrieve_then_read,Retrieved Evidence,diagnostic_condition,evidence_narrowed_condition,True,2wikimultihopqa,multi_hop,entity,4000,middle,low,unknown,Efva Attling,Dan Lilker,p0001;p0002,,True,0.0,0.0,0.0,0.0,0.0,0.0,0.0,0.0,0.0,0.0,evidence_localization_failure,
2wikimultihopqa_967b39ca0bdd11eba7f7acde48001122,mistral-small3.1:24b,oracle,Oracle Evidence,diagnostic_baseline,oracle_evidence_upper_reference,True,2wikimultihopqa,multi_hop,entity,4000,middle,low,unknown,Efva Attling,Efva Attling,p0001;p0002,p0001;p0002,True,1.0,1.0,1.0,1.0,1.0,1.0,1.0,1.0,1.0,1.0,success,
2wikimultihopqa_3b9299900bdd11eba7f7acde48001122,mistral-small3.1:24b,no_evidence,No Evidence,diagnostic_baseline,question_only_lower_bound,True,2wikimultihopqa,multi_hop,entity,8000,end,low,unknown,La Trinité,unknown,p0001;p0002,,True,0.0,0.0,0.0,0.0,0.0,0.0,0.0,0.0,0.0,0.0,evidence_localization_failure,
2wikimultihopqa_3b9299900bdd11eba7f7acde48001122,mistral-small3.1:24b,direct,Full Context,diagnostic_condition,full_context_condition,True,2wikimultihopqa,multi_hop,entity,8000,end,low,unknown,La Trinité,La Trinité,p0001;p0002,p0002,True,1.0,1.0,1.0,1.0,1.0,1.0,1.0,0.5,0.6666666666666666,1.0,success,
2wikimultihopqa_3b9299900bdd11eba7f7acde48001122,mistral-small3.1:24b,retrieve_then_read,Retrieved Evidence,diagnostic_condition,evidence_narrowed_condition,True,2wikimultihopqa,multi_hop,entity,8000,end,low,unknown,La Trinité,Berlin,p0001;p0002,,True,0.0,0.0,0.0,0.0,0.0,0.0,0.0,0.0,0.0,0.0,evidence_localization_failure,
2wikimultihopqa_3b9299900bdd11eba7f7acde48001122,mistral-small3.1:24b,oracle,Oracle Evidence,diagnostic_baseline,oracle_evidence_upper_reference,True,2wikimultihopqa,multi_hop,entity,8000,end,low,unknown,La Trinité,La Trinité,p0001;p0002,p0001;p0002,True,1.0,1.0,1.0,1.0,1.0,1.0,1.0,1.0,1.0,1.0,success,
2wikimultihopqa_1900f7600baf11ebab90acde48001122,mistral-small3.1:24b,no_evidence,No Evidence,diagnostic_baseline,question_only_lower_bound,True,2wikimultihopqa,multi_hop,string,16000,scattered,low,unknown,"Hugh de Stafford, 2nd Earl of Stafford",Edmund Stafford,p0001;p0002,,True,0.0,0.22222222222222224,0.0,0.22222222222222224,0.0,0.22222222222222224,0.0,0.0,0.0,0.0,evidence_localization_failure,
2wikimultihopqa_1900f7600baf11ebab90acde48001122,mistral-small3.1:24b,direct,Full Context,diagnostic_condition,full_context_condition,True,2wikimultihopqa,multi_hop,string,16000,scattered,low,unknown,"Hugh de Stafford, 2nd Earl of Stafford",Hugh Stafford,p0001;p0002,p0001,True,0.0,0.4444444444444445,0.0,0.4444444444444445,0.0,0.4444444444444445,1.0,0.5,0.6666666666666666,1.0,evidence_integration_failure,
2wikimultihopqa_1900f7600baf11ebab90acde48001122,mistral-small3.1:24b,retrieve_then_read,Retrieved Evidence,diagnostic_condition,evidence_narrowed_condition,True,2wikimultihopqa,multi_hop,string,16000,scattered,low,unknown,"Hugh de Stafford, 2nd Earl of Stafford",Hugh Stafford,p0001;p0002,p0001,True,0.0,0.4444444444444445,0.0,0.4444444444444445,0.0,0.4444444444444445,1.0,0.5,0.6666666666666666,1.0,evidence_integration_failure,
2wikimultihopqa_1900f7600baf11ebab90acde48001122,mistral-small3.1:24b,oracle,Oracle Evidence,diagnostic_baseline,oracle_evidence_upper_reference,True,2wikimultihopqa,multi_hop,string,16000,scattered,low,unknown,"Hugh de Stafford, 2nd Earl of Stafford",Hugh Stafford,p0001;p0002,p0001,True,0.0,0.4444444444444445,0.0,0.4444444444444445,0.0,0.4444444444444445,1.0,0.5,0.6666666666666666,1.0,evidence_integration_failure,
2wikimultihopqa_859991680bda11eba7f7acde48001122,mistral-small3.1:24b,no_evidence,No Evidence,diagnostic_baseline,question_only_lower_bound,True,2wikimultihopqa,multi_hop,entity,4000,front,low,unknown,Västerås,Stockholm,p0001;p0002,,True,0.0,0.0,0.0,0.0,0.0,0.0,0.0,0.0,0.0,0.0,evidence_localization_failure,
2wikimultihopqa_859991680bda11eba7f7acde48001122,mistral-small3.1:24b,direct,Full Context,diagnostic_condition,full_context_condition,True,2wikimultihopqa,multi_hop,entity,4000,front,low,unknown,Västerås,Västerås,p0001;p0002,p0002,True,1.0,1.0,1.0,1.0,1.0,1.0,1.0,0.5,0.6666666666666666,1.0,success,
2wikimultihopqa_859991680bda11eba7f7acde48001122,mistral-small3.1:24b,retrieve_then_read,Retrieved Evidence,diagnostic_condition,evidence_narrowed_condition,True,2wikimultihopqa,multi_hop,entity,4000,front,low,unknown,Västerås,Fredrikstad,p0001;p0002,,True,0.0,0.0,0.0,0.0,0.0,0.0,0.0,0.0,0.0,0.0,evidence_localization_failure,
2wikimultihopqa_859991680bda11eba7f7acde48001122,mistral-small3.1:24b,oracle,Oracle Evidence,diagnostic_baseline,oracle_evidence_upper_reference,True,2wikimultihopqa,multi_hop,entity,4000,front,low,unknown,Västerås,Västerås,p0001;p0002,p0001;p0002,True,1.0,1.0,1.0,1.0,1.0,1.0,1.0,1.0,1.0,1.0,success,
2wikimultihopqa_6fbdeee60bdc11eba7f7acde48001122,mistral-small3.1:24b,no_evidence,No Evidence,diagnostic_baseline,question_only_lower_bound,True,2wikimultihopqa,multi_hop,entity,8000,middle,low,unknown,Leopoldo Torre Nilsson,unknown,p0001;p0002,,True,0.0,0.0,0.0,0.0,0.0,0.0,0.0,0.0,0.0,0.0,evidence_localization_failure,
2wikimultihopqa_6fbdeee60bdc11eba7f7acde48001122,mistral-small3.1:24b,direct,Full Context,diagnostic_condition,full_context_condition,True,2wikimultihopqa,multi_hop,entity,8000,middle,low,unknown,Leopoldo Torre Nilsson,Leopoldo Torre Nilsson,p0001;p0002,p0001;p0002,True,1.0,1.0,1.0,1.0,1.0,1.0,1.0,1.0,1.0,1.0,success,
2wikimultihopqa_6fbdeee60bdc11eba7f7acde48001122,mistral-small3.1:24b,retrieve_then_read,Retrieved Evidence,diagnostic_condition,evidence_narrowed_condition,True,2wikimultihopqa,multi_hop,entity,8000,middle,low,unknown,Leopoldo Torre Nilsson,unknown,p0001;p0002,,True,0.0,0.0,0.0,0.0,0.0,0.0,0.0,0.0,0.0,0.0,evidence_localization_failure,
2wikimultihopqa_6fbdeee60bdc11eba7f7acde48001122,mistral-small3.1:24b,oracle,Oracle Evidence,diagnostic_baseline,oracle_evidence_upper_reference,True,2wikimultihopqa,multi_hop,entity,8000,middle,low,unknown,Leopoldo Torre Nilsson,Leopoldo Torre Nilsson,p0001;p0002,p0001;p0002,True,1.0,1.0,1.0,1.0,1.0,1.0,1.0,1.0,1.0,1.0,success,
2wikimultihopqa_28ad4ad0092a11ebbdaeac1f6bf848b6,mistral-small3.1:24b,no_evidence,No Evidence,diagnostic_baseline,question_only_lower_bound,True,2wikimultihopqa,comparison,entity,16000,end,low,unknown,The Kiss Of Evil,The Kiss Of Evil,p0001;p0002,,True,1.0,1.0,1.0,1.0,1.0,1.0,0.0,0.0,0.0,0.0,success,
2wikimultihopqa_28ad4ad0092a11ebbdaeac1f6bf848b6,mistral-small3.1:24b,direct,Full Context,diagnostic_condition,full_context_condition,True,2wikimultihopqa,comparison,entity,16000,end,low,unknown,The Kiss Of Evil,The Kiss Of Evil,p0001;p0002,p0001;p0002,True,1.0,1.0,1.0,1.0,1.0,1.0,1.0,1.0,1.0,1.0,success,
2wikimultihopqa_28ad4ad0092a11ebbdaeac1f6bf848b6,mistral-small3.1:24b,retrieve_then_read,Retrieved Evidence,diagnostic_condition,evidence_narrowed_condition,True,2wikimultihopqa,comparison,entity,16000,end,low,unknown,The Kiss Of Evil,The Kiss of Evil,p0001;p0002,p0001,True,1.0,1.0,1.0,1.0,1.0,1.0,1.0,0.5,0.6666666666666666,1.0,success,
2wikimultihopqa_28ad4ad0092a11ebbdaeac1f6bf848b6,mistral-small3.1:24b,oracle,Oracle Evidence,diagnostic_baseline,oracle_evidence_upper_reference,True,2wikimultihopqa,comparison,entity,16000,end,low,unknown,The Kiss Of Evil,The Kiss of Evil,p0001;p0002,p0001;p0002,True,1.0,1.0,1.0,1.0,1.0,1.0,1.0,1.0,1.0,1.0,success,
2wikimultihopqa_95d37580085b11ebbd5cac1f6bf848b6,mistral-small3.1:24b,no_evidence,No Evidence,diagnostic_baseline,question_only_lower_bound,True,2wikimultihopqa,comparison,entity,4000,scattered,medium,unknown,"One Down, Two To Go","One Down, Two To Go",p0001;p0002;p0003;p0004,,True,1.0,1.0,1.0,1.0,1.0,1.0,0.0,0.0,0.0,0.0,success,
2wikimultihopqa_95d37580085b11ebbd5cac1f6bf848b6,mistral-small3.1:24b,direct,Full Context,diagnostic_condition,full_context_condition,True,2wikimultihopqa,comparison,entity,4000,scattered,medium,unknown,"One Down, Two To Go","One Down, Two To Go",p0001;p0002;p0003;p0004,p0001;p0002,True,1.0,1.0,1.0,1.0,1.0,1.0,1.0,0.5,0.6666666666666666,1.0,success,
2wikimultihopqa_95d37580085b11ebbd5cac1f6bf848b6,mistral-small3.1:24b,retrieve_then_read,Retrieved Evidence,diagnostic_condition,evidence_narrowed_condition,True,2wikimultihopqa,comparison,entity,4000,scattered,medium,unknown,"One Down, Two To Go","One Down, Two To Go",p0001;p0002;p0003;p0004,p0001,True,1.0,1.0,1.0,1.0,1.0,1.0,1.0,0.25,0.4,1.0,success,
2wikimultihopqa_95d37580085b11ebbd5cac1f6bf848b6,mistral-small3.1:24b,oracle,Oracle Evidence,diagnostic_baseline,oracle_evidence_upper_reference,True,2wikimultihopqa,comparison,entity,4000,scattered,medium,unknown,"One Down, Two To Go","One Down, Two to Go",p0001;p0002;p0003;p0004,p0001;p0003;p0002,True,1.0,1.0,1.0,1.0,1.0,1.0,1.0,0.75,0.8571428571428571,1.0,success,
2wikimultihopqa_a0ae26f60baf11ebab90acde48001122,mistral-small3.1:24b,no_evidence,No Evidence,diagnostic_baseline,question_only_lower_bound,True,2wikimultihopqa,multi_hop,entity,8000,front,low,unknown,Jules Lederer,unknown,p0001;p0002,,True,0.0,0.0,0.0,0.0,0.0,0.0,0.0,0.0,0.0,0.0,evidence_localization_failure,
2wikimultihopqa_a0ae26f60baf11ebab90acde48001122,mistral-small3.1:24b,direct,Full Context,diagnostic_condition,full_context_condition,True,2wikimultihopqa,multi_hop,entity,8000,front,low,unknown,Jules Lederer,Jules Lederer,p0001;p0002,p0001,True,1.0,1.0,1.0,1.0,1.0,1.0,1.0,0.5,0.6666666666666666,1.0,success,
2wikimultihopqa_a0ae26f60baf11ebab90acde48001122,mistral-small3.1:24b,retrieve_then_read,Retrieved Evidence,diagnostic_condition,evidence_narrowed_condition,True,2wikimultihopqa,multi_hop,entity,8000,front,low,unknown,Jules Lederer,Frederick Le Deux,p0001;p0002,,True,0.0,0.0,0.0,0.0,0.0,0.0,0.0,0.0,0.0,0.0,evidence_localization_failure,
2wikimultihopqa_a0ae26f60baf11ebab90acde48001122,mistral-small3.1:24b,oracle,Oracle Evidence,diagnostic_baseline,oracle_evidence_upper_reference,True,2wikimultihopqa,multi_hop,entity,8000,front,low,unknown,Jules Lederer,Jules Lederer,p0001;p0002,p0001;p0002,True,1.0,1.0,1.0,1.0,1.0,1.0,1.0,1.0,1.0,1.0,success,
2wikimultihopqa_450019aa08b111ebbd85ac1f6bf848b6,mistral-small3.1:24b,no_evidence,No Evidence,diagnostic_baseline,question_only_lower_bound,True,2wikimultihopqa,comparison,entity,16000,middle,medium,unknown,Under The Lantern,Under The Lantern,p0001;p0002;p0003;p0004,,True,1.0,1.0,1.0,1.0,1.0,1.0,0.0,0.0,0.0,0.0,success,
2wikimultihopqa_450019aa08b111ebbd85ac1f6bf848b6,mistral-small3.1:24b,direct,Full Context,diagnostic_condition,full_context_condition,True,2wikimultihopqa,comparison,entity,16000,middle,medium,unknown,Under The Lantern,Darling of the Gods,p0001;p0002;p0003;p0004,p0002;p0003,True,0.0,0.0,0.0,0.0,0.0,0.0,1.0,0.5,0.6666666666666666,1.0,evidence_integration_failure,
2wikimultihopqa_450019aa08b111ebbd85ac1f6bf848b6,mistral-small3.1:24b,retrieve_then_read,Retrieved Evidence,diagnostic_condition,evidence_narrowed_condition,True,2wikimultihopqa,comparison,entity,16000,middle,medium,unknown,Under The Lantern,Under The Lantern,p0001;p0002;p0003;p0004,,True,1.0,1.0,1.0,1.0,1.0,1.0,0.0,0.0,0.0,0.0,success,
2wikimultihopqa_450019aa08b111ebbd85ac1f6bf848b6,mistral-small3.1:24b,oracle,Oracle Evidence,diagnostic_baseline,oracle_evidence_upper_reference,True,2wikimultihopqa,comparison,entity,16000,middle,medium,unknown,Under The Lantern,Under the Lantern,p0001;p0002;p0003;p0004,p0001;p0003;p0004,True,1.0,1.0,1.0,1.0,1.0,1.0,1.0,0.75,0.8571428571428571,1.0,success,
2wikimultihopqa_b051c536089e11ebbd78ac1f6bf848b6,mistral-small3.1:24b,no_evidence,No Evidence,diagnostic_baseline,question_only_lower_bound,True,2wikimultihopqa,comparison,entity,4000,end,medium,unknown,Thendral Veesum,Slim Carter,p0001;p0002;p0003;p0004,,True,0.0,0.0,0.0,0.0,0.0,0.0,0.0,0.0,0.0,0.0,evidence_localization_failure,
2wikimultihopqa_b051c536089e11ebbd78ac1f6bf848b6,mistral-small3.1:24b,direct,Full Context,diagnostic_condition,full_context_condition,True,2wikimultihopqa,comparison,entity,4000,end,medium,unknown,Thendral Veesum,Thendral Veesum,p0001;p0002;p0003;p0004,p0002;p0004,True,1.0,1.0,1.0,1.0,1.0,1.0,1.0,0.5,0.6666666666666666,1.0,success,
2wikimultihopqa_b051c536089e11ebbd78ac1f6bf848b6,mistral-small3.1:24b,retrieve_then_read,Retrieved Evidence,diagnostic_condition,evidence_narrowed_condition,True,2wikimultihopqa,comparison,entity,4000,end,medium,unknown,Thendral Veesum,Slim Carter,p0001;p0002;p0003;p0004,p0001;p0003,True,0.0,0.0,0.0,0.0,0.0,0.0,1.0,0.5,0.6666666666666666,1.0,evidence_integration_failure,
2wikimultihopqa_b051c536089e11ebbd78ac1f6bf848b6,mistral-small3.1:24b,oracle,Oracle Evidence,diagnostic_baseline,oracle_evidence_upper_reference,True,2wikimultihopqa,comparison,entity,4000,end,medium,unknown,Thendral Veesum,Thendral Veesum,p0001;p0002;p0003;p0004,p0001;p0002;p0003,True,1.0,1.0,1.0,1.0,1.0,1.0,1.0,0.75,0.8571428571428571,1.0,success,
2wikimultihopqa_df25946e08b211ebbd85ac1f6bf848b6,mistral-small3.1:24b,no_evidence,No Evidence,diagnostic_baseline,question_only_lower_bound,True,2wikimultihopqa,comparison,entity,8000,scattered,medium,unknown,A Dream Or Two Ago,A Dream Or Two Ago,p0001;p0002;p0003;p0004,,True,1.0,1.0,1.0,1.0,1.0,1.0,0.0,0.0,0.0,0.0,success,
2wikimultihopqa_df25946e08b211ebbd85ac1f6bf848b6,mistral-small3.1:24b,direct,Full Context,diagnostic_condition,full_context_condition,True,2wikimultihopqa,comparison,entity,8000,scattered,medium,unknown,A Dream Or Two Ago,A Dream Or Two Ago,p0001;p0002;p0003;p0004,p0001;p0002,True,1.0,1.0,1.0,1.0,1.0,1.0,1.0,0.5,0.6666666666666666,1.0,success,
2wikimultihopqa_df25946e08b211ebbd85ac1f6bf848b6,mistral-small3.1:24b,retrieve_then_read,Retrieved Evidence,diagnostic_condition,evidence_narrowed_condition,True,2wikimultihopqa,comparison,entity,8000,scattered,medium,unknown,A Dream Or Two Ago,A Dream Or Two Ago,p0001;p0002;p0003;p0004,p0001,True,1.0,1.0,1.0,1.0,1.0,1.0,1.0,0.25,0.4,1.0,success,
2wikimultihopqa_df25946e08b211ebbd85ac1f6bf848b6,mistral-small3.1:24b,oracle,Oracle Evidence,diagnostic_baseline,oracle_evidence_upper_reference,True,2wikimultihopqa,comparison,entity,8000,scattered,medium,unknown,A Dream Or Two Ago,A Dream Or Two Ago,p0001;p0002;p0003;p0004,p0001;p0002;p0003,True,1.0,1.0,1.0,1.0,1.0,1.0,1.0,0.75,0.8571428571428571,1.0,success,
2wikimultihopqa_1d0cd6e80bdd11eba7f7acde48001122,mistral-small3.1:24b,no_evidence,No Evidence,diagnostic_baseline,question_only_lower_bound,True,2wikimultihopqa,multi_hop,entity,16000,front,low,unknown,Paris,Rome,p0001;p0002,,True,0.0,0.0,0.0,0.0,0.0,0.0,0.0,0.0,0.0,0.0,evidence_localization_failure,
2wikimultihopqa_1d0cd6e80bdd11eba7f7acde48001122,mistral-small3.1:24b,direct,Full Context,diagnostic_condition,full_context_condition,True,2wikimultihopqa,multi_hop,entity,16000,front,low,unknown,Paris,Paris,p0001;p0002,p0002,True,1.0,1.0,1.0,1.0,1.0,1.0,1.0,0.5,0.6666666666666666,1.0,success,
2wikimultihopqa_1d0cd6e80bdd11eba7f7acde48001122,mistral-small3.1:24b,retrieve_then_read,Retrieved Evidence,diagnostic_condition,evidence_narrowed_condition,True,2wikimultihopqa,multi_hop,entity,16000,front,low,unknown,Paris,Israel,p0001;p0002,,True,0.0,0.0,0.0,0.0,0.0,0.0,0.0,0.0,0.0,0.0,evidence_localization_failure,
2wikimultihopqa_1d0cd6e80bdd11eba7f7acde48001122,mistral-small3.1:24b,oracle,Oracle Evidence,diagnostic_baseline,oracle_evidence_upper_reference,True,2wikimultihopqa,multi_hop,entity,16000,front,low,unknown,Paris,Paris,p0001;p0002,p0001;p0002,True,1.0,1.0,1.0,1.0,1.0,1.0,1.0,1.0,1.0,1.0,success,
2wikimultihopqa_f88912f008da11ebbd9cac1f6bf848b6,mistral-small3.1:24b,no_evidence,No Evidence,diagnostic_baseline,question_only_lower_bound,True,2wikimultihopqa,comparison,entity,4000,middle,medium,unknown,Kamakalawa,John Jaffer Janardhanan,p0001;p0002;p0003;p0004,,True,0.0,0.0,0.0,0.0,0.0,0.0,0.0,0.0,0.0,0.0,evidence_localization_failure,
2wikimultihopqa_f88912f008da11ebbd9cac1f6bf848b6,mistral-small3.1:24b,direct,Full Context,diagnostic_condition,full_context_condition,True,2wikimultihopqa,comparison,entity,4000,middle,medium,unknown,Kamakalawa,Kamakalawa,p0001;p0002;p0003;p0004,p0002;p0004,True,1.0,1.0,1.0,1.0,1.0,1.0,1.0,0.5,0.6666666666666666,1.0,success,
2wikimultihopqa_f88912f008da11ebbd9cac1f6bf848b6,mistral-small3.1:24b,retrieve_then_read,Retrieved Evidence,diagnostic_condition,evidence_narrowed_condition,True,2wikimultihopqa,comparison,entity,4000,middle,medium,unknown,Kamakalawa,Thulasi,p0001;p0002;p0003;p0004,,True,0.0,0.0,0.0,0.0,0.0,0.0,0.0,0.0,0.0,0.0,evidence_localization_failure,
2wikimultihopqa_f88912f008da11ebbd9cac1f6bf848b6,mistral-small3.1:24b,oracle,Oracle Evidence,diagnostic_baseline,oracle_evidence_upper_reference,True,2wikimultihopqa,comparison,entity,4000,middle,medium,unknown,Kamakalawa,Kamakalawa,p0001;p0002;p0003;p0004,p0001;p0002;p0003,True,1.0,1.0,1.0,1.0,1.0,1.0,1.0,0.75,0.8571428571428571,1.0,success,
2wikimultihopqa_33b51db508af11ebbd83ac1f6bf848b6,mistral-small3.1:24b,no_evidence,No Evidence,diagnostic_baseline,question_only_lower_bound,True,2wikimultihopqa,comparison,entity,8000,end,medium,unknown,A Mother Of Men,The Story Of Anastasia,p0001;p0002;p0003;p0004,,True,0.0,0.3333333333333333,0.0,0.3333333333333333,0.0,0.3333333333333333,0.0,0.0,0.0,0.0,evidence_localization_failure,
2wikimultihopqa_33b51db508af11ebbd83ac1f6bf848b6,mistral-small3.1:24b,direct,Full Context,diagnostic_condition,full_context_condition,True,2wikimultihopqa,comparison,entity,8000,end,medium,unknown,A Mother Of Men,A Mother Of Men,p0001;p0002;p0003;p0004,p0004,True,1.0,1.0,1.0,1.0,1.0,1.0,1.0,0.25,0.4,1.0,success,
2wikimultihopqa_33b51db508af11ebbd83ac1f6bf848b6,mistral-small3.1:24b,retrieve_then_read,Retrieved Evidence,diagnostic_condition,evidence_narrowed_condition,True,2wikimultihopqa,comparison,entity,8000,end,medium,unknown,A Mother Of Men,A Mother Of Men,p0001;p0002;p0003;p0004,,True,1.0,1.0,1.0,1.0,1.0,1.0,0.0,0.0,0.0,0.0,success,
2wikimultihopqa_33b51db508af11ebbd83ac1f6bf848b6,mistral-small3.1:24b,oracle,Oracle Evidence,diagnostic_baseline,oracle_evidence_upper_reference,True,2wikimultihopqa,comparison,entity,8000,end,medium,unknown,A Mother Of Men,A Mother of Men,p0001;p0002;p0003;p0004,p0001;p0002;p0003,True,1.0,1.0,1.0,1.0,1.0,1.0,1.0,0.75,0.8571428571428571,1.0,success,
2wikimultihopqa_9cdd635f093911ebbdaeac1f6bf848b6,mistral-small3.1:24b,no_evidence,No Evidence,diagnostic_baseline,question_only_lower_bound,True,2wikimultihopqa,comparison,entity,16000,scattered,low,unknown,Occupation: Dreamland,Ganga Bhavani,p0001;p0002,,True,0.0,0.0,0.0,0.0,0.0,0.0,0.0,0.0,0.0,0.0,evidence_localization_failure,
2wikimultihopqa_9cdd635f093911ebbdaeac1f6bf848b6,mistral-small3.1:24b,direct,Full Context,diagnostic_condition,full_context_condition,True,2wikimultihopqa,comparison,entity,16000,scattered,low,unknown,Occupation: Dreamland,Occupation: Dreamland,p0001;p0002,p0001,True,1.0,1.0,1.0,1.0,1.0,1.0,1.0,0.5,0.6666666666666666,1.0,success,
2wikimultihopqa_9cdd635f093911ebbdaeac1f6bf848b6,mistral-small3.1:24b,retrieve_then_read,Retrieved Evidence,diagnostic_condition,evidence_narrowed_condition,True,2wikimultihopqa,comparison,entity,16000,scattered,low,unknown,Occupation: Dreamland,Occupation: Dreamland,p0001;p0002,p0001,True,1.0,1.0,1.0,1.0,1.0,1.0,1.0,0.5,0.6666666666666666,1.0,success,
2wikimultihopqa_9cdd635f093911ebbdaeac1f6bf848b6,mistral-small3.1:24b,oracle,Oracle Evidence,diagnostic_baseline,oracle_evidence_upper_reference,True,2wikimultihopqa,comparison,entity,16000,scattered,low,unknown,Occupation: Dreamland,Occupation: Dreamland,p0001;p0002,p0001;p0002,True,1.0,1.0,1.0,1.0,1.0,1.0,1.0,1.0,1.0,1.0,success,
2wikimultihopqa_c818d9480baf11ebab90acde48001122,mistral-small3.1:24b,no_evidence,No Evidence,diagnostic_baseline,question_only_lower_bound,True,2wikimultihopqa,multi_hop,entity,4000,front,low,unknown,Wigeric of Lotharingia,unknown,p0001;p0002,,True,0.0,0.0,0.0,0.0,0.0,0.0,0.0,0.0,0.0,0.0,evidence_localization_failure,
2wikimultihopqa_c818d9480baf11ebab90acde48001122,mistral-small3.1:24b,direct,Full Context,diagnostic_condition,full_context_condition,True,2wikimultihopqa,multi_hop,entity,4000,front,low,unknown,Wigeric of Lotharingia,Wigeric of Lotharingia,p0001;p0002,p0001,True,1.0,1.0,1.0,1.0,1.0,1.0,1.0,0.5,0.6666666666666666,1.0,success,
2wikimultihopqa_c818d9480baf11ebab90acde48001122,mistral-small3.1:24b,retrieve_then_read,Retrieved Evidence,diagnostic_condition,evidence_narrowed_condition,True,2wikimultihopqa,multi_hop,entity,4000,front,low,unknown,Wigeric of Lotharingia,Henry VII,p0001;p0002,,True,0.0,0.0,0.0,0.0,0.0,0.0,0.0,0.0,0.0,0.0,evidence_localization_failure,
2wikimultihopqa_c818d9480baf11ebab90acde48001122,mistral-small3.1:24b,oracle,Oracle Evidence,diagnostic_baseline,oracle_evidence_upper_reference,True,2wikimultihopqa,multi_hop,entity,4000,front,low,unknown,Wigeric of Lotharingia,Wigeric of Lotharingia,p0001;p0002,p0001;p0002,True,1.0,1.0,1.0,1.0,1.0,1.0,1.0,1.0,1.0,1.0,success,
2wikimultihopqa_b26e04e80bdb11eba7f7acde48001122,mistral-small3.1:24b,no_evidence,No Evidence,diagnostic_baseline,question_only_lower_bound,True,2wikimultihopqa,multi_hop,entity,8000,middle,low,unknown,Daniel Alomía Robles,unknown,p0001;p0002,,True,0.0,0.0,0.0,0.0,0.0,0.0,0.0,0.0,0.0,0.0,evidence_localization_failure,
2wikimultihopqa_b26e04e80bdb11eba7f7acde48001122,mistral-small3.1:24b,direct,Full Context,diagnostic_condition,full_context_condition,True,2wikimultihopqa,multi_hop,entity,8000,middle,low,unknown,Daniel Alomía Robles,Daniel Alomía Robles,p0001;p0002,p0001;p0002,True,1.0,1.0,1.0,1.0,1.0,1.0,1.0,1.0,1.0,1.0,success,
2wikimultihopqa_b26e04e80bdb11eba7f7acde48001122,mistral-small3.1:24b,retrieve_then_read,Retrieved Evidence,diagnostic_condition,evidence_narrowed_condition,True,2wikimultihopqa,multi_hop,entity,8000,middle,low,unknown,Daniel Alomía Robles,Daniel Alomía Robles,p0001;p0002,p0001;p0002,True,1.0,1.0,1.0,1.0,1.0,1.0,1.0,1.0,1.0,1.0,success,
2wikimultihopqa_b26e04e80bdb11eba7f7acde48001122,mistral-small3.1:24b,oracle,Oracle Evidence,diagnostic_baseline,oracle_evidence_upper_reference,True,2wikimultihopqa,multi_hop,entity,8000,middle,low,unknown,Daniel Alomía Robles,Daniel Alomía Robles,p0001;p0002,p0001;p0002,True,1.0,1.0,1.0,1.0,1.0,1.0,1.0,1.0,1.0,1.0,success,
2wikimultihopqa_eb7ece320bdd11eba7f7acde48001122,mistral-small3.1:24b,no_evidence,No Evidence,diagnostic_baseline,question_only_lower_bound,True,2wikimultihopqa,multi_hop,entity,16000,end,low,unknown,Stony Brook University,University of São Paulo,p0001;p0002,,True,0.0,0.28571428571428575,0.0,0.28571428571428575,0.0,0.28571428571428575,0.0,0.0,0.0,0.0,evidence_localization_failure,
2wikimultihopqa_eb7ece320bdd11eba7f7acde48001122,mistral-small3.1:24b,direct,Full Context,diagnostic_condition,full_context_condition,True,2wikimultihopqa,multi_hop,entity,16000,end,low,unknown,Stony Brook University,Stony Brook University,p0001;p0002,p0001;p0002,True,1.0,1.0,1.0,1.0,1.0,1.0,1.0,1.0,1.0,1.0,success,
2wikimultihopqa_eb7ece320bdd11eba7f7acde48001122,mistral-small3.1:24b,retrieve_then_read,Retrieved Evidence,diagnostic_condition,evidence_narrowed_condition,True,2wikimultihopqa,multi_hop,entity,16000,end,low,unknown,Stony Brook University,,p0001;p0002,,True,0.0,0.0,0.0,0.0,0.0,0.0,0.0,0.0,0.0,0.0,evidence_localization_failure,
2wikimultihopqa_eb7ece320bdd11eba7f7acde48001122,mistral-small3.1:24b,oracle,Oracle Evidence,diagnostic_baseline,oracle_evidence_upper_reference,True,2wikimultihopqa,multi_hop,entity,16000,end,low,unknown,Stony Brook University,Stony Brook University,p0001;p0002,p0001;p0002,True,1.0,1.0,1.0,1.0,1.0,1.0,1.0,1.0,1.0,1.0,success,
2wikimultihopqa_f9c02a8c085d11ebbd5cac1f6bf848b6,mistral-small3.1:24b,no_evidence,No Evidence,diagnostic_baseline,question_only_lower_bound,True,2wikimultihopqa,comparison,string,4000,scattered,medium,unknown,Five Million Look For An Heir,Spione,p0001;p0002;p0003;p0004,,True,0.0,0.0,0.0,0.0,0.0,0.0,0.0,0.0,0.0,0.0,evidence_localization_failure,
2wikimultihopqa_f9c02a8c085d11ebbd5cac1f6bf848b6,mistral-small3.1:24b,direct,Full Context,diagnostic_condition,full_context_condition,True,2wikimultihopqa,comparison,string,4000,scattered,medium,unknown,Five Million Look For An Heir,Spione,p0001;p0002;p0003;p0004,p0001;p0002,True,0.0,0.0,0.0,0.0,0.0,0.0,1.0,0.5,0.6666666666666666,1.0,evidence_integration_failure,
2wikimultihopqa_f9c02a8c085d11ebbd5cac1f6bf848b6,mistral-small3.1:24b,retrieve_then_read,Retrieved Evidence,diagnostic_condition,evidence_narrowed_condition,True,2wikimultihopqa,comparison,string,4000,scattered,medium,unknown,Five Million Look For An Heir,Five Million Look for an Heir,p0001;p0002;p0003;p0004,p0001;p0004,True,1.0,1.0,1.0,1.0,1.0,1.0,1.0,0.5,0.6666666666666666,1.0,success,
2wikimultihopqa_f9c02a8c085d11ebbd5cac1f6bf848b6,mistral-small3.1:24b,oracle,Oracle Evidence,diagnostic_baseline,oracle_evidence_upper_reference,True,2wikimultihopqa,comparison,string,4000,scattered,medium,unknown,Five Million Look For An Heir,Five Million Look for an Heir,p0001;p0002;p0003;p0004,p0001;p0002;p0003,True,1.0,1.0,1.0,1.0,1.0,1.0,1.0,0.75,0.8571428571428571,1.0,success,
2wikimultihopqa_5affe63d08f311ebbdaaac1f6bf848b6,mistral-small3.1:24b,no_evidence,No Evidence,diagnostic_baseline,question_only_lower_bound,True,2wikimultihopqa,comparison,entity,8000,front,low,unknown,Man'S Search For Happiness,Tell It To The Bees,p0001;p0002,,True,0.0,0.0,0.0,0.0,0.0,0.0,0.0,0.0,0.0,0.0,evidence_localization_failure,
2wikimultihopqa_5affe63d08f311ebbdaaac1f6bf848b6,mistral-small3.1:24b,direct,Full Context,diagnostic_condition,full_context_condition,True,2wikimultihopqa,comparison,entity,8000,front,low,unknown,Man'S Search For Happiness,Tell It to the Bees,p0001;p0002,p0002,True,0.0,0.0,0.0,0.0,0.0,0.0,1.0,0.5,0.6666666666666666,1.0,evidence_integration_failure,
2wikimultihopqa_5affe63d08f311ebbdaaac1f6bf848b6,mistral-small3.1:24b,retrieve_then_read,Retrieved Evidence,diagnostic_condition,evidence_narrowed_condition,True,2wikimultihopqa,comparison,entity,8000,front,low,unknown,Man'S Search For Happiness,Tell It To The Bees,p0001;p0002,,True,0.0,0.0,0.0,0.0,0.0,0.0,0.0,0.0,0.0,0.0,evidence_localization_failure,
2wikimultihopqa_5affe63d08f311ebbdaaac1f6bf848b6,mistral-small3.1:24b,oracle,Oracle Evidence,diagnostic_baseline,oracle_evidence_upper_reference,True,2wikimultihopqa,comparison,entity,8000,front,low,unknown,Man'S Search For Happiness,Man's Search for Happiness,p0001;p0002,p0001;p0002,True,1.0,1.0,1.0,1.0,1.0,1.0,1.0,1.0,1.0,1.0,success,
2wikimultihopqa_ec8167b208a011ebbd78ac1f6bf848b6,mistral-small3.1:24b,no_evidence,No Evidence,diagnostic_baseline,question_only_lower_bound,True,2wikimultihopqa,comparison,string,16000,middle,medium,unknown,"La Mazurka Del Barone, Della Santa E Del Fico Fiorone","La Mazurka Del Barone, Della Santa E Del Fico Fiorone",p0001;p0002;p0003;p0004,,True,1.0,1.0,1.0,1.0,1.0,1.0,0.0,0.0,0.0,0.0,success,
2wikimultihopqa_ec8167b208a011ebbd78ac1f6bf848b6,mistral-small3.1:24b,direct,Full Context,diagnostic_condition,full_context_condition,True,2wikimultihopqa,comparison,string,16000,middle,medium,unknown,"La Mazurka Del Barone, Della Santa E Del Fico Fiorone","La Mazurka Del Barone, Della Santa E Del Fico Fiorone",p0001;p0002;p0003;p0004,p0001;p0004,True,1.0,1.0,1.0,1.0,1.0,1.0,1.0,0.5,0.6666666666666666,1.0,success,
2wikimultihopqa_ec8167b208a011ebbd78ac1f6bf848b6,mistral-small3.1:24b,retrieve_then_read,Retrieved Evidence,diagnostic_condition,evidence_narrowed_condition,True,2wikimultihopqa,comparison,string,16000,middle,medium,unknown,"La Mazurka Del Barone, Della Santa E Del Fico Fiorone","La mazurka del barone, della santa e del fico fiorone",p0001;p0002;p0003;p0004,p0002;p0004,True,1.0,1.0,1.0,1.0,1.0,1.0,1.0,0.5,0.6666666666666666,1.0,success,
2wikimultihopqa_ec8167b208a011ebbd78ac1f6bf848b6,mistral-small3.1:24b,oracle,Oracle Evidence,diagnostic_baseline,oracle_evidence_upper_reference,True,2wikimultihopqa,comparison,string,16000,middle,medium,unknown,"La Mazurka Del Barone, Della Santa E Del Fico Fiorone","La mazurka del barone, della santa e del fico fiorone",p0001;p0002;p0003;p0004,p0001;p0002;p0003,True,1.0,1.0,1.0,1.0,1.0,1.0,1.0,0.75,0.8571428571428571,1.0,success,
2wikimultihopqa_fb823a6f08f711ebbdaaac1f6bf848b6,mistral-small3.1:24b,no_evidence,No Evidence,diagnostic_baseline,question_only_lower_bound,True,2wikimultihopqa,comparison,entity,4000,end,low,unknown,Antonio Caggiano,Hardyal Singh,p0001;p0002,,True,0.0,0.0,0.0,0.0,0.0,0.0,0.0,0.0,0.0,0.0,evidence_localization_failure,
2wikimultihopqa_fb823a6f08f711ebbdaaac1f6bf848b6,mistral-small3.1:24b,direct,Full Context,diagnostic_condition,full_context_condition,True,2wikimultihopqa,comparison,entity,4000,end,low,unknown,Antonio Caggiano,Antonio Caggiano,p0001;p0002,p0001;p0002,True,1.0,1.0,1.0,1.0,1.0,1.0,1.0,1.0,1.0,1.0,success,
2wikimultihopqa_fb823a6f08f711ebbdaaac1f6bf848b6,mistral-small3.1:24b,retrieve_then_read,Retrieved Evidence,diagnostic_condition,evidence_narrowed_condition,True,2wikimultihopqa,comparison,entity,4000,end,low,unknown,Antonio Caggiano,Hardyal Singh,p0001;p0002,,True,0.0,0.0,0.0,0.0,0.0,0.0,0.0,0.0,0.0,0.0,evidence_localization_failure,
2wikimultihopqa_fb823a6f08f711ebbdaaac1f6bf848b6,mistral-small3.1:24b,oracle,Oracle Evidence,diagnostic_baseline,oracle_evidence_upper_reference,True,2wikimultihopqa,comparison,entity,4000,end,low,unknown,Antonio Caggiano,Hardyal Singh,p0001;p0002,p0001;p0002,True,0.0,0.0,0.0,0.0,0.0,0.0,1.0,1.0,1.0,1.0,answer_conversion_failure,
2wikimultihopqa_747175620bdb11eba7f7acde48001122,mistral-small3.1:24b,no_evidence,No Evidence,diagnostic_baseline,question_only_lower_bound,True,2wikimultihopqa,multi_hop,entity,8000,scattered,low,unknown,Helsingfors,Stockholm,p0001;p0002,,True,0.0,0.0,0.0,0.0,0.0,0.0,0.0,0.0,0.0,0.0,evidence_localization_failure,
2wikimultihopqa_747175620bdb11eba7f7acde48001122,mistral-small3.1:24b,direct,Full Context,diagnostic_condition,full_context_condition,True,2wikimultihopqa,multi_hop,entity,8000,scattered,low,unknown,Helsingfors,Helsingfors,p0001;p0002,p0001;p0002,True,1.0,1.0,1.0,1.0,1.0,1.0,1.0,1.0,1.0,1.0,success,
2wikimultihopqa_747175620bdb11eba7f7acde48001122,mistral-small3.1:24b,retrieve_then_read,Retrieved Evidence,diagnostic_condition,evidence_narrowed_condition,True,2wikimultihopqa,multi_hop,entity,8000,scattered,low,unknown,Helsingfors,Sweden,p0001;p0002,,True,0.0,0.0,0.0,0.0,0.0,0.0,0.0,0.0,0.0,0.0,evidence_localization_failure,
2wikimultihopqa_747175620bdb11eba7f7acde48001122,mistral-small3.1:24b,oracle,Oracle Evidence,diagnostic_baseline,oracle_evidence_upper_reference,True,2wikimultihopqa,multi_hop,entity,8000,scattered,low,unknown,Helsingfors,Helsingfors,p0001;p0002,p0001;p0002,True,1.0,1.0,1.0,1.0,1.0,1.0,1.0,1.0,1.0,1.0,success,
2wikimultihopqa_9766cddc0bdc11eba7f7acde48001122,mistral-small3.1:24b,no_evidence,No Evidence,diagnostic_baseline,question_only_lower_bound,True,2wikimultihopqa,multi_hop,entity,16000,front,low,unknown,Studio City,unknown,p0001;p0002,,True,0.0,0.0,0.0,0.0,0.0,0.0,0.0,0.0,0.0,0.0,evidence_localization_failure,
2wikimultihopqa_9766cddc0bdc11eba7f7acde48001122,mistral-small3.1:24b,direct,Full Context,diagnostic_condition,full_context_condition,True,2wikimultihopqa,multi_hop,entity,16000,front,low,unknown,Studio City,"Studio City, California",p0001;p0002,p0002,True,0.0,0.8,0.0,0.8,0.0,0.8,1.0,0.5,0.6666666666666666,1.0,evidence_integration_failure,
2wikimultihopqa_9766cddc0bdc11eba7f7acde48001122,mistral-small3.1:24b,retrieve_then_read,Retrieved Evidence,diagnostic_condition,evidence_narrowed_condition,True,2wikimultihopqa,multi_hop,entity,16000,front,low,unknown,Studio City,Los Angeles,p0001;p0002,,True,0.0,0.0,0.0,0.0,0.0,0.0,0.0,0.0,0.0,0.0,evidence_localization_failure,
2wikimultihopqa_9766cddc0bdc11eba7f7acde48001122,mistral-small3.1:24b,oracle,Oracle Evidence,diagnostic_baseline,oracle_evidence_upper_reference,True,2wikimultihopqa,multi_hop,entity,16000,front,low,unknown,Studio City,Studio City,p0001;p0002,p0001;p0002,True,1.0,1.0,1.0,1.0,1.0,1.0,1.0,1.0,1.0,1.0,success,
2wikimultihopqa_f13a163908b311ebbd86ac1f6bf848b6,mistral-small3.1:24b,no_evidence,No Evidence,diagnostic_baseline,question_only_lower_bound,True,2wikimultihopqa,comparison,entity,4000,middle,low,unknown,"Chopasni Senior Secondary School, Jodhpur","Chopasni Senior Secondary School, Jodhpur",p0001;p0002,,True,1.0,1.0,1.0,1.0,1.0,1.0,0.0,0.0,0.0,0.0,success,
2wikimultihopqa_f13a163908b311ebbd86ac1f6bf848b6,mistral-small3.1:24b,direct,Full Context,diagnostic_condition,full_context_condition,True,2wikimultihopqa,comparison,entity,4000,middle,low,unknown,"Chopasni Senior Secondary School, Jodhpur",Chopasni Senior Secondary School,p0001;p0002,p0001;p0002,True,0.0,0.888888888888889,0.0,0.888888888888889,0.0,0.888888888888889,1.0,1.0,1.0,1.0,answer_conversion_failure,
2wikimultihopqa_f13a163908b311ebbd86ac1f6bf848b6,mistral-small3.1:24b,retrieve_then_read,Retrieved Evidence,diagnostic_condition,evidence_narrowed_condition,True,2wikimultihopqa,comparison,entity,4000,middle,low,unknown,"Chopasni Senior Secondary School, Jodhpur","Chopasni Senior Secondary School, Jodhpur",p0001;p0002,,True,1.0,1.0,1.0,1.0,1.0,1.0,0.0,0.0,0.0,0.0,success,
2wikimultihopqa_f13a163908b311ebbd86ac1f6bf848b6,mistral-small3.1:24b,oracle,Oracle Evidence,diagnostic_baseline,oracle_evidence_upper_reference,True,2wikimultihopqa,comparison,entity,4000,middle,low,unknown,"Chopasni Senior Secondary School, Jodhpur","Chopasni Senior Secondary School, Jodhpur",p0001;p0002,p0001;p0002,True,1.0,1.0,1.0,1.0,1.0,1.0,1.0,1.0,1.0,1.0,success,
2wikimultihopqa_36a3fe2a0baf11ebab90acde48001122,mistral-small3.1:24b,no_evidence,No Evidence,diagnostic_baseline,question_only_lower_bound,True,2wikimultihopqa,multi_hop,string,8000,end,low,unknown,"Richard Burke, 2nd Earl of Clanricarde","Ulick Burke, 1st Marquess of Clanricarde",p0001;p0002,,True,0.0,0.5,0.0,0.5,0.0,0.5,0.0,0.0,0.0,0.0,evidence_localization_failure,
2wikimultihopqa_36a3fe2a0baf11ebab90acde48001122,mistral-small3.1:24b,direct,Full Context,diagnostic_condition,full_context_condition,True,2wikimultihopqa,multi_hop,string,8000,end,low,unknown,"Richard Burke, 2nd Earl of Clanricarde",Ulick Burke,p0001;p0002,p0001,True,0.0,0.25,0.0,0.25,0.0,0.25,1.0,0.5,0.6666666666666666,1.0,evidence_integration_failure,
2wikimultihopqa_36a3fe2a0baf11ebab90acde48001122,mistral-small3.1:24b,retrieve_then_read,Retrieved Evidence,diagnostic_condition,evidence_narrowed_condition,True,2wikimultihopqa,multi_hop,string,8000,end,low,unknown,"Richard Burke, 2nd Earl of Clanricarde",Ulick Burke,p0001;p0002,,True,0.0,0.25,0.0,0.25,0.0,0.25,0.0,0.0,0.0,0.0,evidence_localization_failure,
2wikimultihopqa_36a3fe2a0baf11ebab90acde48001122,mistral-small3.1:24b,oracle,Oracle Evidence,diagnostic_baseline,oracle_evidence_upper_reference,True,2wikimultihopqa,multi_hop,string,8000,end,low,unknown,"Richard Burke, 2nd Earl of Clanricarde",Richard Burke,p0001;p0002,p0001;p0002,True,0.0,0.5,0.0,0.5,0.0,0.5,1.0,1.0,1.0,1.0,answer_conversion_failure,
2wikimultihopqa_12c631c1088b11ebbd6fac1f6bf848b6,mistral-small3.1:24b,no_evidence,No Evidence,diagnostic_baseline,question_only_lower_bound,True,2wikimultihopqa,comparison,string,16000,scattered,medium,unknown,Retalhos Da Vida De Um Médico,Retalhos Da Vida De Um Médico,p0001;p0002;p0003;p0004,,True,1.0,1.0,1.0,1.0,1.0,1.0,0.0,0.0,0.0,0.0,success,
2wikimultihopqa_12c631c1088b11ebbd6fac1f6bf848b6,mistral-small3.1:24b,direct,Full Context,diagnostic_condition,full_context_condition,True,2wikimultihopqa,comparison,string,16000,scattered,medium,unknown,Retalhos Da Vida De Um Médico,Retalhos Da Vida De Um Médico,p0001;p0002;p0003;p0004,p0001;p0002,True,1.0,1.0,1.0,1.0,1.0,1.0,1.0,0.5,0.6666666666666666,1.0,success,
2wikimultihopqa_12c631c1088b11ebbd6fac1f6bf848b6,mistral-small3.1:24b,retrieve_then_read,Retrieved Evidence,diagnostic_condition,evidence_narrowed_condition,True,2wikimultihopqa,comparison,string,16000,scattered,medium,unknown,Retalhos Da Vida De Um Médico,Retalhos Da Vida De Um Médico,p0001;p0002;p0003;p0004,,True,1.0,1.0,1.0,1.0,1.0,1.0,0.0,0.0,0.0,0.0,success,
2wikimultihopqa_12c631c1088b11ebbd6fac1f6bf848b6,mistral-small3.1:24b,oracle,Oracle Evidence,diagnostic_baseline,oracle_evidence_upper_reference,True,2wikimultihopqa,comparison,string,16000,scattered,medium,unknown,Retalhos Da Vida De Um Médico,Retalhos da Vida de Um Médico,p0001;p0002;p0003;p0004,p0001;p0002;p0003,True,1.0,1.0,1.0,1.0,1.0,1.0,1.0,0.75,0.8571428571428571,1.0,success,
2wikimultihopqa_b96acba808f911ebbdaaac1f6bf848b6,mistral-small3.1:24b,no_evidence,No Evidence,diagnostic_baseline,question_only_lower_bound,True,2wikimultihopqa,comparison,yes_no,4000,front,low,unknown,yes,no,p0001;p0002,,True,0.0,0.0,0.0,0.0,0.0,0.0,0.0,0.0,0.0,0.0,evidence_localization_failure,
2wikimultihopqa_b96acba808f911ebbdaaac1f6bf848b6,mistral-small3.1:24b,direct,Full Context,diagnostic_condition,full_context_condition,True,2wikimultihopqa,comparison,yes_no,4000,front,low,unknown,yes,no,p0001;p0002,p0001,True,0.0,0.0,0.0,0.0,0.0,0.0,1.0,0.5,0.6666666666666666,1.0,evidence_integration_failure,
2wikimultihopqa_b96acba808f911ebbdaaac1f6bf848b6,mistral-small3.1:24b,retrieve_then_read,Retrieved Evidence,diagnostic_condition,evidence_narrowed_condition,True,2wikimultihopqa,comparison,yes_no,4000,front,low,unknown,yes,Blurt,p0001;p0002,,True,0.0,0.0,0.0,0.0,0.0,0.0,0.0,0.0,0.0,0.0,evidence_localization_failure,
2wikimultihopqa_b96acba808f911ebbdaaac1f6bf848b6,mistral-small3.1:24b,oracle,Oracle Evidence,diagnostic_baseline,oracle_evidence_upper_reference,True,2wikimultihopqa,comparison,yes_no,4000,front,low,unknown,yes,Blurt (magazine),p0001;p0002,p0001;p0002,True,0.0,0.0,0.0,0.0,0.0,0.0,1.0,1.0,1.0,1.0,answer_conversion_failure,
2wikimultihopqa_c5315db80baf11ebab90acde48001122,mistral-small3.1:24b,no_evidence,No Evidence,diagnostic_baseline,question_only_lower_bound,True,2wikimultihopqa,multi_hop,entity,8000,middle,low,unknown,"Bernard I, Margrave of Baden-Baden",Frederick I,p0001;p0002,,True,0.0,0.28571428571428575,0.0,0.25,0.0,0.28571428571428575,0.0,0.0,0.0,0.0,evidence_localization_failure,
2wikimultihopqa_c5315db80baf11ebab90acde48001122,mistral-small3.1:24b,direct,Full Context,diagnostic_condition,full_context_condition,True,2wikimultihopqa,multi_hop,entity,8000,middle,low,unknown,"Bernard I, Margrave of Baden-Baden",Jacob I of Baden-Baden,p0001;p0002,p0001,True,0.0,0.6666666666666665,0.0,0.7272727272727272,0.0,0.6666666666666665,1.0,0.5,0.6666666666666666,1.0,evidence_integration_failure,
2wikimultihopqa_c5315db80baf11ebab90acde48001122,mistral-small3.1:24b,retrieve_then_read,Retrieved Evidence,diagnostic_condition,evidence_narrowed_condition,True,2wikimultihopqa,multi_hop,entity,8000,middle,low,unknown,"Bernard I, Margrave of Baden-Baden",Hermann II of Baden,p0001;p0002,,True,0.0,0.22222222222222224,0.0,0.4,0.0,0.22222222222222224,0.0,0.0,0.0,0.0,evidence_localization_failure,
2wikimultihopqa_c5315db80baf11ebab90acde48001122,mistral-small3.1:24b,oracle,Oracle Evidence,diagnostic_baseline,oracle_evidence_upper_reference,True,2wikimultihopqa,multi_hop,entity,8000,middle,low,unknown,"Bernard I, Margrave of Baden-Baden",Bernard I,p0001;p0002,p0001;p0002,True,0.0,0.5714285714285715,0.0,0.5,0.0,0.5714285714285715,1.0,1.0,1.0,1.0,answer_conversion_failure,
2wikimultihopqa_3c44771e08b211ebbd85ac1f6bf848b6,mistral-small3.1:24b,no_evidence,No Evidence,diagnostic_baseline,question_only_lower_bound,True,2wikimultihopqa,comparison,entity,16000,end,low,unknown,Hood Of The Living Dead,Ami Neta Hobo,p0001;p0002,,True,0.0,0.0,0.0,0.0,0.0,0.0,0.0,0.0,0.0,0.0,evidence_localization_failure,
2wikimultihopqa_3c44771e08b211ebbd85ac1f6bf848b6,mistral-small3.1:24b,direct,Full Context,diagnostic_condition,full_context_condition,True,2wikimultihopqa,comparison,entity,16000,end,low,unknown,Hood Of The Living Dead,Hood of the Living Dead,p0001;p0002,p0001;p0002,True,1.0,1.0,1.0,1.0,1.0,1.0,1.0,1.0,1.0,1.0,success,
2wikimultihopqa_3c44771e08b211ebbd85ac1f6bf848b6,mistral-small3.1:24b,retrieve_then_read,Retrieved Evidence,diagnostic_condition,evidence_narrowed_condition,True,2wikimultihopqa,comparison,entity,16000,end,low,unknown,Hood Of The Living Dead,Hood of the Living Dead,p0001;p0002,p0001;p0002,True,1.0,1.0,1.0,1.0,1.0,1.0,1.0,1.0,1.0,1.0,success,
2wikimultihopqa_3c44771e08b211ebbd85ac1f6bf848b6,mistral-small3.1:24b,oracle,Oracle Evidence,diagnostic_baseline,oracle_evidence_upper_reference,True,2wikimultihopqa,comparison,entity,16000,end,low,unknown,Hood Of The Living Dead,Hood of the Living Dead,p0001;p0002,p0001;p0002,True,1.0,1.0,1.0,1.0,1.0,1.0,1.0,1.0,1.0,1.0,success,
2wikimultihopqa_200e7a01087611ebbd67ac1f6bf848b6,mistral-small3.1:24b,no_evidence,No Evidence,diagnostic_baseline,question_only_lower_bound,True,2wikimultihopqa,comparison,entity,4000,scattered,medium,unknown,Buffet Froid,Buffet Froid,p0001;p0002;p0003;p0004,,True,1.0,1.0,1.0,1.0,1.0,1.0,0.0,0.0,0.0,0.0,success,
2wikimultihopqa_200e7a01087611ebbd67ac1f6bf848b6,mistral-small3.1:24b,direct,Full Context,diagnostic_condition,full_context_condition,True,2wikimultihopqa,comparison,entity,4000,scattered,medium,unknown,Buffet Froid,Buffet Froid,p0001;p0002;p0003;p0004,p0001;p0002;p0003,True,1.0,1.0,1.0,1.0,1.0,1.0,1.0,0.75,0.8571428571428571,1.0,success,
2wikimultihopqa_200e7a01087611ebbd67ac1f6bf848b6,mistral-small3.1:24b,retrieve_then_read,Retrieved Evidence,diagnostic_condition,evidence_narrowed_condition,True,2wikimultihopqa,comparison,entity,4000,scattered,medium,unknown,Buffet Froid,Buffet Froid,p0001;p0002;p0003;p0004,p0001;p0004,True,1.0,1.0,1.0,1.0,1.0,1.0,1.0,0.5,0.6666666666666666,1.0,success,
2wikimultihopqa_200e7a01087611ebbd67ac1f6bf848b6,mistral-small3.1:24b,oracle,Oracle Evidence,diagnostic_baseline,oracle_evidence_upper_reference,True,2wikimultihopqa,comparison,entity,4000,scattered,medium,unknown,Buffet Froid,Buffet froid,p0001;p0002;p0003;p0004,p0001;p0003;p0004,True,1.0,1.0,1.0,1.0,1.0,1.0,1.0,0.75,0.8571428571428571,1.0,success,
2wikimultihopqa_8e07f1f00bda11eba7f7acde48001122,mistral-small3.1:24b,no_evidence,No Evidence,diagnostic_baseline,question_only_lower_bound,True,2wikimultihopqa,multi_hop,entity,8000,front,low,unknown,Mapy Cortés,unknown,p0001;p0002,,True,0.0,0.0,0.0,0.0,0.0,0.0,0.0,0.0,0.0,0.0,evidence_localization_failure,
2wikimultihopqa_8e07f1f00bda11eba7f7acde48001122,mistral-small3.1:24b,direct,Full Context,diagnostic_condition,full_context_condition,True,2wikimultihopqa,multi_hop,entity,8000,front,low,unknown,Mapy Cortés,María del Pilar Cordero,p0001;p0002,p0001;p0002,True,0.0,0.0,0.0,0.0,0.0,0.0,1.0,1.0,1.0,1.0,answer_conversion_failure,
2wikimultihopqa_8e07f1f00bda11eba7f7acde48001122,mistral-small3.1:24b,retrieve_then_read,Retrieved Evidence,diagnostic_condition,evidence_narrowed_condition,True,2wikimultihopqa,multi_hop,entity,8000,front,low,unknown,Mapy Cortés,Catherine Corsini,p0001;p0002,,True,0.0,0.0,0.0,0.0,0.0,0.0,0.0,0.0,0.0,0.0,evidence_localization_failure,
2wikimultihopqa_8e07f1f00bda11eba7f7acde48001122,mistral-small3.1:24b,oracle,Oracle Evidence,diagnostic_baseline,oracle_evidence_upper_reference,True,2wikimultihopqa,multi_hop,entity,8000,front,low,unknown,Mapy Cortés,María del Pilar Cordero,p0001;p0002,p0001;p0002,True,0.0,0.0,0.0,0.0,0.0,0.0,1.0,1.0,1.0,1.0,answer_conversion_failure,
2wikimultihopqa_d6be0cee0bdb11eba7f7acde48001122,mistral-small3.1:24b,no_evidence,No Evidence,diagnostic_baseline,question_only_lower_bound,True,2wikimultihopqa,multi_hop,entity,16000,middle,low,unknown,Akhetaten,Akhetaten,p0001;p0002,,True,1.0,1.0,1.0,1.0,1.0,1.0,0.0,0.0,0.0,0.0,success,
2wikimultihopqa_d6be0cee0bdb11eba7f7acde48001122,mistral-small3.1:24b,direct,Full Context,diagnostic_condition,full_context_condition,True,2wikimultihopqa,multi_hop,entity,16000,middle,low,unknown,Akhetaten,Amarna,p0001;p0002,p0002,True,0.0,0.0,0.0,0.0,0.0,0.0,1.0,0.5,0.6666666666666666,1.0,evidence_integration_failure,
2wikimultihopqa_d6be0cee0bdb11eba7f7acde48001122,mistral-small3.1:24b,retrieve_then_read,Retrieved Evidence,diagnostic_condition,evidence_narrowed_condition,True,2wikimultihopqa,multi_hop,entity,16000,middle,low,unknown,Akhetaten,unknown,p0001;p0002,,True,0.0,0.0,0.0,0.0,0.0,0.0,0.0,0.0,0.0,0.0,evidence_localization_failure,
2wikimultihopqa_d6be0cee0bdb11eba7f7acde48001122,mistral-small3.1:24b,oracle,Oracle Evidence,diagnostic_baseline,oracle_evidence_upper_reference,True,2wikimultihopqa,multi_hop,entity,16000,middle,low,unknown,Akhetaten,Akhetaten,p0001;p0002,p0001;p0002,True,1.0,1.0,1.0,1.0,1.0,1.0,1.0,1.0,1.0,1.0,success,
2wikimultihopqa_4aa187080baf11ebab90acde48001122,mistral-small3.1:24b,no_evidence,No Evidence,diagnostic_baseline,question_only_lower_bound,True,2wikimultihopqa,multi_hop,entity,4000,end,low,unknown,Isabella of Angoulême,Eleanor of Provence,p0001;p0002,,True,0.0,0.3333333333333333,0.0,0.3333333333333333,0.0,0.3333333333333333,0.0,0.0,0.0,0.0,evidence_localization_failure,
2wikimultihopqa_4aa187080baf11ebab90acde48001122,mistral-small3.1:24b,direct,Full Context,diagnostic_condition,full_context_condition,True,2wikimultihopqa,multi_hop,entity,4000,end,low,unknown,Isabella of Angoulême,Eleanor of Castile,p0001;p0002,p0010,True,0.0,0.3333333333333333,0.0,0.3333333333333333,0.0,0.3333333333333333,0.0,0.0,0.0,0.0,evidence_selection_failure,
2wikimultihopqa_4aa187080baf11ebab90acde48001122,mistral-small3.1:24b,retrieve_then_read,Retrieved Evidence,diagnostic_condition,evidence_narrowed_condition,True,2wikimultihopqa,multi_hop,entity,4000,end,low,unknown,Isabella of Angoulême,Eleanor of Castile,p0001;p0002,,True,0.0,0.3333333333333333,0.0,0.3333333333333333,0.0,0.3333333333333333,0.0,0.0,0.0,0.0,evidence_localization_failure,
2wikimultihopqa_4aa187080baf11ebab90acde48001122,mistral-small3.1:24b,oracle,Oracle Evidence,diagnostic_baseline,oracle_evidence_upper_reference,True,2wikimultihopqa,multi_hop,entity,4000,end,low,unknown,Isabella of Angoulême,Isabella of Angoulême,p0001;p0002,p0001;p0002,True,1.0,1.0,1.0,1.0,1.0,1.0,1.0,1.0,1.0,1.0,success,
2wikimultihopqa_11963eee0bb011ebab90acde48001122,mistral-small3.1:24b,no_evidence,No Evidence,diagnostic_baseline,question_only_lower_bound,True,2wikimultihopqa,multi_hop,entity,8000,scattered,low,unknown,Henry Styleman,Guy Le Strange,p0001;p0002,,True,0.0,0.0,0.0,0.0,0.0,0.0,0.0,0.0,0.0,0.0,evidence_localization_failure,
2wikimultihopqa_11963eee0bb011ebab90acde48001122,mistral-small3.1:24b,direct,Full Context,diagnostic_condition,full_context_condition,True,2wikimultihopqa,multi_hop,entity,8000,scattered,low,unknown,Henry Styleman,Henry L'Estrange Styleman Le Strange,p0001;p0002,p0001,True,0.0,0.5714285714285715,0.0,0.5,0.0,0.5714285714285715,1.0,0.5,0.6666666666666666,1.0,evidence_integration_failure,
2wikimultihopqa_11963eee0bb011ebab90acde48001122,mistral-small3.1:24b,retrieve_then_read,Retrieved Evidence,diagnostic_condition,evidence_narrowed_condition,True,2wikimultihopqa,multi_hop,entity,8000,scattered,low,unknown,Henry Styleman,Waen Shepherd,p0001;p0002,,True,0.0,0.0,0.0,0.0,0.0,0.0,0.0,0.0,0.0,0.0,evidence_localization_failure,
2wikimultihopqa_11963eee0bb011ebab90acde48001122,mistral-small3.1:24b,oracle,Oracle Evidence,diagnostic_baseline,oracle_evidence_upper_reference,True,2wikimultihopqa,multi_hop,entity,8000,scattered,low,unknown,Henry Styleman,Henry L'Estrange Styleman Le Strange,p0001;p0002,p0001;p0002,True,0.0,0.5714285714285715,0.0,0.5,0.0,0.5714285714285715,1.0,1.0,1.0,1.0,answer_conversion_failure,
2wikimultihopqa_77f3d9300bb011ebab90acde48001122,mistral-small3.1:24b,no_evidence,No Evidence,diagnostic_baseline,question_only_lower_bound,True,2wikimultihopqa,multi_hop,entity,16000,front,low,unknown,Gaston IV of Foix,unknown,p0001;p0002,,True,0.0,0.0,0.0,0.0,0.0,0.0,0.0,0.0,0.0,0.0,evidence_localization_failure,
2wikimultihopqa_77f3d9300bb011ebab90acde48001122,mistral-small3.1:24b,direct,Full Context,diagnostic_condition,full_context_condition,True,2wikimultihopqa,multi_hop,entity,16000,front,low,unknown,Gaston IV of Foix,Gaston IV of Foix-Grailly,p0001;p0002,p0001,True,0.0,0.75,0.0,0.888888888888889,0.0,0.75,1.0,0.5,0.6666666666666666,1.0,evidence_integration_failure,
2wikimultihopqa_77f3d9300bb011ebab90acde48001122,mistral-small3.1:24b,retrieve_then_read,Retrieved Evidence,diagnostic_condition,evidence_narrowed_condition,True,2wikimultihopqa,multi_hop,entity,16000,front,low,unknown,Gaston IV of Foix,Gaston IV of Foix,p0001;p0002,p0001,True,1.0,1.0,1.0,1.0,1.0,1.0,1.0,0.5,0.6666666666666666,1.0,success,
2wikimultihopqa_77f3d9300bb011ebab90acde48001122,mistral-small3.1:24b,oracle,Oracle Evidence,diagnostic_baseline,oracle_evidence_upper_reference,True,2wikimultihopqa,multi_hop,entity,16000,front,low,unknown,Gaston IV of Foix,Gaston IV of Foix,p0001;p0002,p0001;p0002,True,1.0,1.0,1.0,1.0,1.0,1.0,1.0,1.0,1.0,1.0,success,
2wikimultihopqa_feea4eb5086411ebbd5eac1f6bf848b6,mistral-small3.1:24b,no_evidence,No Evidence,diagnostic_baseline,question_only_lower_bound,True,2wikimultihopqa,comparison,entity,4000,middle,medium,unknown,Heinz In The Moon,Heinz In The Moon,p0001;p0002;p0003;p0004,,True,1.0,1.0,1.0,1.0,1.0,1.0,0.0,0.0,0.0,0.0,success,
2wikimultihopqa_feea4eb5086411ebbd5eac1f6bf848b6,mistral-small3.1:24b,direct,Full Context,diagnostic_condition,full_context_condition,True,2wikimultihopqa,comparison,entity,4000,middle,medium,unknown,Heinz In The Moon,Gold For The Caesars,p0001;p0002;p0003;p0004,p0001;p0002;p0003,True,0.0,0.0,0.0,0.0,0.0,0.0,1.0,0.75,0.8571428571428571,1.0,evidence_integration_failure,
2wikimultihopqa_feea4eb5086411ebbd5eac1f6bf848b6,mistral-small3.1:24b,retrieve_then_read,Retrieved Evidence,diagnostic_condition,evidence_narrowed_condition,True,2wikimultihopqa,comparison,entity,4000,middle,medium,unknown,Heinz In The Moon,Heinz In The Moon,p0001;p0002;p0003;p0004,,True,1.0,1.0,1.0,1.0,1.0,1.0,0.0,0.0,0.0,0.0,success,
2wikimultihopqa_feea4eb5086411ebbd5eac1f6bf848b6,mistral-small3.1:24b,oracle,Oracle Evidence,diagnostic_baseline,oracle_evidence_upper_reference,True,2wikimultihopqa,comparison,entity,4000,middle,medium,unknown,Heinz In The Moon,Heinz in the Moon,p0001;p0002;p0003;p0004,p0001;p0002;p0004,True,1.0,1.0,1.0,1.0,1.0,1.0,1.0,0.75,0.8571428571428571,1.0,success,
2wikimultihopqa_a9a4b633089c11ebbd78ac1f6bf848b6,mistral-small3.1:24b,no_evidence,No Evidence,diagnostic_baseline,question_only_lower_bound,True,2wikimultihopqa,comparison,entity,8000,end,medium,unknown,A Yiddish World Remembered,Monsieur Taxi,p0001;p0002;p0003;p0004,,True,0.0,0.0,0.0,0.0,0.0,0.0,0.0,0.0,0.0,0.0,evidence_localization_failure,
2wikimultihopqa_a9a4b633089c11ebbd78ac1f6bf848b6,mistral-small3.1:24b,direct,Full Context,diagnostic_condition,full_context_condition,True,2wikimultihopqa,comparison,entity,8000,end,medium,unknown,A Yiddish World Remembered,A Yiddish World Remembered,p0001;p0002;p0003;p0004,p0001;p0002;p0004,True,1.0,1.0,1.0,1.0,1.0,1.0,1.0,0.75,0.8571428571428571,1.0,success,
2wikimultihopqa_a9a4b633089c11ebbd78ac1f6bf848b6,mistral-small3.1:24b,retrieve_then_read,Retrieved Evidence,diagnostic_condition,evidence_narrowed_condition,True,2wikimultihopqa,comparison,entity,8000,end,medium,unknown,A Yiddish World Remembered,A Yiddish World Remembered,p0001;p0002;p0003;p0004,p0001;p0003,True,1.0,1.0,1.0,1.0,1.0,1.0,1.0,0.5,0.6666666666666666,1.0,success,
2wikimultihopqa_a9a4b633089c11ebbd78ac1f6bf848b6,mistral-small3.1:24b,oracle,Oracle Evidence,diagnostic_baseline,oracle_evidence_upper_reference,True,2wikimultihopqa,comparison,entity,8000,end,medium,unknown,A Yiddish World Remembered,A Yiddish World Remembered,p0001;p0002;p0003;p0004,p0001;p0002;p0003,True,1.0,1.0,1.0,1.0,1.0,1.0,1.0,0.75,0.8571428571428571,1.0,success,
2wikimultihopqa_f64be57a0bdd11eba7f7acde48001122,mistral-small3.1:24b,no_evidence,No Evidence,diagnostic_baseline,question_only_lower_bound,True,2wikimultihopqa,multi_hop,entity,16000,scattered,low,unknown,"August 7, 2004",unknown,p0001;p0002,,True,0.0,0.0,0.0,0.0,0.0,0.0,0.0,0.0,0.0,0.0,evidence_localization_failure,
2wikimultihopqa_f64be57a0bdd11eba7f7acde48001122,mistral-small3.1:24b,direct,Full Context,diagnostic_condition,full_context_condition,True,2wikimultihopqa,multi_hop,entity,16000,scattered,low,unknown,"August 7, 2004","August 7, 2004",p0001;p0002,p0002,True,1.0,1.0,1.0,1.0,1.0,1.0,1.0,0.5,0.6666666666666666,1.0,success,
2wikimultihopqa_f64be57a0bdd11eba7f7acde48001122,mistral-small3.1:24b,retrieve_then_read,Retrieved Evidence,diagnostic_condition,evidence_narrowed_condition,True,2wikimultihopqa,multi_hop,entity,16000,scattered,low,unknown,"August 7, 2004",unknown,p0001;p0002,,True,0.0,0.0,0.0,0.0,0.0,0.0,0.0,0.0,0.0,0.0,evidence_localization_failure,
2wikimultihopqa_f64be57a0bdd11eba7f7acde48001122,mistral-small3.1:24b,oracle,Oracle Evidence,diagnostic_baseline,oracle_evidence_upper_reference,True,2wikimultihopqa,multi_hop,entity,16000,scattered,low,unknown,"August 7, 2004","August 7, 2004",p0001;p0002,p0001;p0002,True,1.0,1.0,1.0,1.0,1.0,1.0,1.0,1.0,1.0,1.0,success,
2wikimultihopqa_6c2aa97108d711ebbd9aac1f6bf848b6,mistral-small3.1:24b,no_evidence,No Evidence,diagnostic_baseline,question_only_lower_bound,True,2wikimultihopqa,comparison,entity,4000,front,medium,unknown,Trouble With Jolanthe,Trouble With Jolanthe,p0001;p0002;p0003;p0004,,True,1.0,1.0,1.0,1.0,1.0,1.0,0.0,0.0,0.0,0.0,success,
2wikimultihopqa_6c2aa97108d711ebbd9aac1f6bf848b6,mistral-small3.1:24b,direct,Full Context,diagnostic_condition,full_context_condition,True,2wikimultihopqa,comparison,entity,4000,front,medium,unknown,Trouble With Jolanthe,Children of Fortune,p0001;p0002;p0003;p0004,p0001;p0004,True,0.0,0.0,0.0,0.0,0.0,0.0,1.0,0.5,0.6666666666666666,1.0,evidence_integration_failure,
2wikimultihopqa_6c2aa97108d711ebbd9aac1f6bf848b6,mistral-small3.1:24b,retrieve_then_read,Retrieved Evidence,diagnostic_condition,evidence_narrowed_condition,True,2wikimultihopqa,comparison,entity,4000,front,medium,unknown,Trouble With Jolanthe,Trouble With Jolanthe,p0001;p0002;p0003;p0004,p0001;p0002,True,1.0,1.0,1.0,1.0,1.0,1.0,1.0,0.5,0.6666666666666666,1.0,success,
2wikimultihopqa_6c2aa97108d711ebbd9aac1f6bf848b6,mistral-small3.1:24b,oracle,Oracle Evidence,diagnostic_baseline,oracle_evidence_upper_reference,True,2wikimultihopqa,comparison,entity,4000,front,medium,unknown,Trouble With Jolanthe,Trouble with Jolanthe,p0001;p0002;p0003;p0004,p0001;p0002;p0003,True,1.0,1.0,1.0,1.0,1.0,1.0,1.0,0.75,0.8571428571428571,1.0,success,
2wikimultihopqa_a5b095c00bdd11eba7f7acde48001122,mistral-small3.1:24b,no_evidence,No Evidence,diagnostic_baseline,question_only_lower_bound,True,2wikimultihopqa,multi_hop,entity,8000,middle,low,unknown,California,unknown,p0001;p0002,,True,0.0,0.0,0.0,0.0,0.0,0.0,0.0,0.0,0.0,0.0,evidence_localization_failure,
2wikimultihopqa_a5b095c00bdd11eba7f7acde48001122,mistral-small3.1:24b,direct,Full Context,diagnostic_condition,full_context_condition,True,2wikimultihopqa,multi_hop,entity,8000,middle,low,unknown,California,"Santa Monica, California",p0001;p0002,p0001;p0002,True,0.0,0.5,0.0,0.5,0.0,0.5,1.0,1.0,1.0,1.0,answer_conversion_failure,
2wikimultihopqa_a5b095c00bdd11eba7f7acde48001122,mistral-small3.1:24b,retrieve_then_read,Retrieved Evidence,diagnostic_condition,evidence_narrowed_condition,True,2wikimultihopqa,multi_hop,entity,8000,middle,low,unknown,California,"Santa Monica, California",p0001;p0002,p0002,True,0.0,0.5,0.0,0.5,0.0,0.5,1.0,0.5,0.6666666666666666,1.0,evidence_integration_failure,
2wikimultihopqa_a5b095c00bdd11eba7f7acde48001122,mistral-small3.1:24b,oracle,Oracle Evidence,diagnostic_baseline,oracle_evidence_upper_reference,True,2wikimultihopqa,multi_hop,entity,8000,middle,low,unknown,California,"Santa Monica, California",p0001;p0002,p0001;p0002,True,0.0,0.5,0.0,0.5,0.0,0.5,1.0,1.0,1.0,1.0,answer_conversion_failure,
2wikimultihopqa_8471ae5808d111ebbd95ac1f6bf848b6,mistral-small3.1:24b,no_evidence,No Evidence,diagnostic_baseline,question_only_lower_bound,True,2wikimultihopqa,comparison,entity,16000,end,medium,unknown,Graves Without A Name,Graves Without A Name,p0001;p0002;p0003;p0004,,True,1.0,1.0,1.0,1.0,1.0,1.0,0.0,0.0,0.0,0.0,success,
2wikimultihopqa_8471ae5808d111ebbd95ac1f6bf848b6,mistral-small3.1:24b,direct,Full Context,diagnostic_condition,full_context_condition,True,2wikimultihopqa,comparison,entity,16000,end,medium,unknown,Graves Without A Name,Graves Without a Name,p0001;p0002;p0003;p0004,p0001;p0004,True,1.0,1.0,1.0,1.0,1.0,1.0,1.0,0.5,0.6666666666666666,1.0,success,
2wikimultihopqa_8471ae5808d111ebbd95ac1f6bf848b6,mistral-small3.1:24b,retrieve_then_read,Retrieved Evidence,diagnostic_condition,evidence_narrowed_condition,True,2wikimultihopqa,comparison,entity,16000,end,medium,unknown,Graves Without A Name,Graves Without a Name,p0001;p0002;p0003;p0004,p0001;p0003,True,1.0,1.0,1.0,1.0,1.0,1.0,1.0,0.5,0.6666666666666666,1.0,success,
2wikimultihopqa_8471ae5808d111ebbd95ac1f6bf848b6,mistral-small3.1:24b,oracle,Oracle Evidence,diagnostic_baseline,oracle_evidence_upper_reference,True,2wikimultihopqa,comparison,entity,16000,end,medium,unknown,Graves Without A Name,Graves Without a Name,p0001;p0002;p0003;p0004,p0001;p0002;p0003,True,1.0,1.0,1.0,1.0,1.0,1.0,1.0,0.75,0.8571428571428571,1.0,success,
2wikimultihopqa_769106c40bda11eba7f7acde48001122,mistral-small3.1:24b,no_evidence,No Evidence,diagnostic_baseline,question_only_lower_bound,True,2wikimultihopqa,multi_hop,string,4000,scattered,low,unknown,laryngeal cancer,unknown,p0001;p0002,,True,0.0,0.0,0.0,0.0,0.0,0.0,0.0,0.0,0.0,0.0,evidence_localization_failure,
2wikimultihopqa_769106c40bda11eba7f7acde48001122,mistral-small3.1:24b,direct,Full Context,diagnostic_condition,full_context_condition,True,2wikimultihopqa,multi_hop,string,4000,scattered,low,unknown,laryngeal cancer,laryngeal cancer,p0001;p0002,p0002,True,1.0,1.0,1.0,1.0,1.0,1.0,1.0,0.5,0.6666666666666666,1.0,success,
2wikimultihopqa_769106c40bda11eba7f7acde48001122,mistral-small3.1:24b,retrieve_then_read,Retrieved Evidence,diagnostic_condition,evidence_narrowed_condition,True,2wikimultihopqa,multi_hop,string,4000,scattered,low,unknown,laryngeal cancer,unknown,p0001;p0002,,True,0.0,0.0,0.0,0.0,0.0,0.0,0.0,0.0,0.0,0.0,evidence_localization_failure,
2wikimultihopqa_769106c40bda11eba7f7acde48001122,mistral-small3.1:24b,oracle,Oracle Evidence,diagnostic_baseline,oracle_evidence_upper_reference,True,2wikimultihopqa,multi_hop,string,4000,scattered,low,unknown,laryngeal cancer,laryngeal cancer,p0001;p0002,p0001;p0002,True,1.0,1.0,1.0,1.0,1.0,1.0,1.0,1.0,1.0,1.0,success,
2wikimultihopqa_5a83ed2f086611ebbd5eac1f6bf848b6,mistral-small3.1:24b,no_evidence,No Evidence,diagnostic_baseline,question_only_lower_bound,True,2wikimultihopqa,comparison,entity,8000,front,medium,unknown,Vzdušné Torpédo 48,Vzdušné Torpédo 48,p0001;p0002;p0003;p0004,,True,1.0,1.0,1.0,1.0,1.0,1.0,0.0,0.0,0.0,0.0,success,
2wikimultihopqa_5a83ed2f086611ebbd5eac1f6bf848b6,mistral-small3.1:24b,direct,Full Context,diagnostic_condition,full_context_condition,True,2wikimultihopqa,comparison,entity,8000,front,medium,unknown,Vzdušné Torpédo 48,Vzdušné Torpédo 48,p0001;p0002;p0003;p0004,p0002;p0004;p0008,True,1.0,1.0,1.0,1.0,1.0,1.0,0.6666666666666666,0.5,0.5714285714285715,1.0,success,
2wikimultihopqa_5a83ed2f086611ebbd5eac1f6bf848b6,mistral-small3.1:24b,retrieve_then_read,Retrieved Evidence,diagnostic_condition,evidence_narrowed_condition,True,2wikimultihopqa,comparison,entity,8000,front,medium,unknown,Vzdušné Torpédo 48,Vzdušné Torpédo 48,p0001;p0002;p0003;p0004,p0001;p0003;p0004,True,1.0,1.0,1.0,1.0,1.0,1.0,1.0,0.75,0.8571428571428571,1.0,success,
2wikimultihopqa_5a83ed2f086611ebbd5eac1f6bf848b6,mistral-small3.1:24b,oracle,Oracle Evidence,diagnostic_baseline,oracle_evidence_upper_reference,True,2wikimultihopqa,comparison,entity,8000,front,medium,unknown,Vzdušné Torpédo 48,Vzdušné Torpédo 48,p0001;p0002;p0003;p0004,p0001;p0002;p0003,True,1.0,1.0,1.0,1.0,1.0,1.0,1.0,0.75,0.8571428571428571,1.0,success,
2wikimultihopqa_3a3c2efe0bdc11eba7f7acde48001122,mistral-small3.1:24b,no_evidence,No Evidence,diagnostic_baseline,question_only_lower_bound,True,2wikimultihopqa,multi_hop,entity,16000,middle,low,unknown,Germany,French,p0001;p0002,,True,0.0,0.0,0.0,0.0,0.0,0.0,0.0,0.0,0.0,0.0,evidence_localization_failure,
2wikimultihopqa_3a3c2efe0bdc11eba7f7acde48001122,mistral-small3.1:24b,direct,Full Context,diagnostic_condition,full_context_condition,True,2wikimultihopqa,multi_hop,entity,16000,middle,low,unknown,Germany,German,p0001;p0002,p0001,True,0.0,0.0,0.0,0.0,0.0,0.0,1.0,0.5,0.6666666666666666,1.0,evidence_integration_failure,
2wikimultihopqa_3a3c2efe0bdc11eba7f7acde48001122,mistral-small3.1:24b,retrieve_then_read,Retrieved Evidence,diagnostic_condition,evidence_narrowed_condition,True,2wikimultihopqa,multi_hop,entity,16000,middle,low,unknown,Germany,German,p0001;p0002,,True,0.0,0.0,0.0,0.0,0.0,0.0,0.0,0.0,0.0,0.0,evidence_localization_failure,
2wikimultihopqa_3a3c2efe0bdc11eba7f7acde48001122,mistral-small3.1:24b,oracle,Oracle Evidence,diagnostic_baseline,oracle_evidence_upper_reference,True,2wikimultihopqa,multi_hop,entity,16000,middle,low,unknown,Germany,German,p0001;p0002,p0001;p0002,True,0.0,0.0,0.0,0.0,0.0,0.0,1.0,1.0,1.0,1.0,answer_conversion_failure,
2wikimultihopqa_b25687fa090011ebbdadac1f6bf848b6,mistral-small3.1:24b,no_evidence,No Evidence,diagnostic_baseline,question_only_lower_bound,True,2wikimultihopqa,comparison,entity,4000,end,low,unknown,Saajan Bina Suhagan,Taxi Zum Klo,p0001;p0002,,True,0.0,0.0,0.0,0.0,0.0,0.0,0.0,0.0,0.0,0.0,evidence_localization_failure,
2wikimultihopqa_b25687fa090011ebbdadac1f6bf848b6,mistral-small3.1:24b,direct,Full Context,diagnostic_condition,full_context_condition,True,2wikimultihopqa,comparison,entity,4000,end,low,unknown,Saajan Bina Suhagan,Taxi Zum Klo,p0001;p0002,p0001,True,0.0,0.0,0.0,0.0,0.0,0.0,1.0,0.5,0.6666666666666666,1.0,evidence_integration_failure,
2wikimultihopqa_b25687fa090011ebbdadac1f6bf848b6,mistral-small3.1:24b,retrieve_then_read,Retrieved Evidence,diagnostic_condition,evidence_narrowed_condition,True,2wikimultihopqa,comparison,entity,4000,end,low,unknown,Saajan Bina Suhagan,Saajan Bina Suhagan,p0001;p0002,,True,1.0,1.0,1.0,1.0,1.0,1.0,0.0,0.0,0.0,0.0,success,
2wikimultihopqa_b25687fa090011ebbdadac1f6bf848b6,mistral-small3.1:24b,oracle,Oracle Evidence,diagnostic_baseline,oracle_evidence_upper_reference,True,2wikimultihopqa,comparison,entity,4000,end,low,unknown,Saajan Bina Suhagan,Saajan Bina Suhagan,p0001;p0002,p0001;p0002,True,1.0,1.0,1.0,1.0,1.0,1.0,1.0,1.0,1.0,1.0,success,
2wikimultihopqa_b8e9d716088411ebbd6dac1f6bf848b6,mistral-small3.1:24b,no_evidence,No Evidence,diagnostic_baseline,question_only_lower_bound,True,2wikimultihopqa,comparison,entity,8000,scattered,medium,unknown,"Şaban, Son Of Şaban",East/West,p0001;p0002;p0003;p0004,,True,0.0,0.0,0.0,0.0,0.0,0.0,0.0,0.0,0.0,0.0,evidence_localization_failure,
2wikimultihopqa_b8e9d716088411ebbd6dac1f6bf848b6,mistral-small3.1:24b,direct,Full Context,diagnostic_condition,full_context_condition,True,2wikimultihopqa,comparison,entity,8000,scattered,medium,unknown,"Şaban, Son Of Şaban","Şaban, Son Of Şaban",p0001;p0002;p0003;p0004,p0001;p0002,True,1.0,1.0,1.0,1.0,1.0,1.0,1.0,0.5,0.6666666666666666,1.0,success,
2wikimultihopqa_b8e9d716088411ebbd6dac1f6bf848b6,mistral-small3.1:24b,retrieve_then_read,Retrieved Evidence,diagnostic_condition,evidence_narrowed_condition,True,2wikimultihopqa,comparison,entity,8000,scattered,medium,unknown,"Şaban, Son Of Şaban","Şaban, Son Of Şaban",p0001;p0002;p0003;p0004,p0001;p0004,True,1.0,1.0,1.0,1.0,1.0,1.0,1.0,0.5,0.6666666666666666,1.0,success,
2wikimultihopqa_b8e9d716088411ebbd6dac1f6bf848b6,mistral-small3.1:24b,oracle,Oracle Evidence,diagnostic_baseline,oracle_evidence_upper_reference,True,2wikimultihopqa,comparison,entity,8000,scattered,medium,unknown,"Şaban, Son Of Şaban","Şaban, Son of Şaban",p0001;p0002;p0003;p0004,p0001;p0002;p0003,True,1.0,1.0,1.0,1.0,1.0,1.0,1.0,0.75,0.8571428571428571,1.0,success,
2wikimultihopqa_3d03e0260bde11eba7f7acde48001122,mistral-small3.1:24b,no_evidence,No Evidence,diagnostic_baseline,question_only_lower_bound,True,2wikimultihopqa,multi_hop,entity,16000,front,low,unknown,"Christ's College, Cambridge",Eton College,p0001;p0002,,True,0.0,0.4,0.0,0.3333333333333333,0.0,0.4,0.0,0.0,0.0,0.0,evidence_localization_failure,
2wikimultihopqa_3d03e0260bde11eba7f7acde48001122,mistral-small3.1:24b,direct,Full Context,diagnostic_condition,full_context_condition,True,2wikimultihopqa,multi_hop,entity,16000,front,low,unknown,"Christ's College, Cambridge","Christ's College, Cambridge",p0001;p0002,p0002,True,1.0,1.0,1.0,1.0,1.0,1.0,1.0,0.5,0.6666666666666666,1.0,success,
2wikimultihopqa_3d03e0260bde11eba7f7acde48001122,mistral-small3.1:24b,retrieve_then_read,Retrieved Evidence,diagnostic_condition,evidence_narrowed_condition,True,2wikimultihopqa,multi_hop,entity,16000,front,low,unknown,"Christ's College, Cambridge",unknown,p0001;p0002,,True,0.0,0.0,0.0,0.0,0.0,0.0,0.0,0.0,0.0,0.0,evidence_localization_failure,
2wikimultihopqa_3d03e0260bde11eba7f7acde48001122,mistral-small3.1:24b,oracle,Oracle Evidence,diagnostic_baseline,oracle_evidence_upper_reference,True,2wikimultihopqa,multi_hop,entity,16000,front,low,unknown,"Christ's College, Cambridge","Christ's College, Cambridge",p0001;p0002,p0001;p0002,True,1.0,1.0,1.0,1.0,1.0,1.0,1.0,1.0,1.0,1.0,success,
2wikimultihopqa_8ac9de5608e011ebbda1ac1f6bf848b6,mistral-small3.1:24b,no_evidence,No Evidence,diagnostic_baseline,question_only_lower_bound,True,2wikimultihopqa,comparison,string,4000,middle,medium,unknown,Don Juan In A Girls' School,Stella'S Oorlog,p0001;p0002;p0003;p0004,,True,0.0,0.0,0.0,0.0,0.0,0.0,0.0,0.0,0.0,0.0,evidence_localization_failure,
2wikimultihopqa_8ac9de5608e011ebbda1ac1f6bf848b6,mistral-small3.1:24b,direct,Full Context,diagnostic_condition,full_context_condition,True,2wikimultihopqa,comparison,string,4000,middle,medium,unknown,Don Juan In A Girls' School,Stella's Oorlog,p0001;p0002;p0003;p0004,p0001;p0004,True,0.0,0.0,0.0,0.0,0.0,0.0,1.0,0.5,0.6666666666666666,1.0,evidence_integration_failure,
2wikimultihopqa_8ac9de5608e011ebbda1ac1f6bf848b6,mistral-small3.1:24b,retrieve_then_read,Retrieved Evidence,diagnostic_condition,evidence_narrowed_condition,True,2wikimultihopqa,comparison,string,4000,middle,medium,unknown,Don Juan In A Girls' School,Stella's Oorlog,p0001;p0002;p0003;p0004,p0002;p0004,True,0.0,0.0,0.0,0.0,0.0,0.0,1.0,0.5,0.6666666666666666,1.0,evidence_integration_failure,
2wikimultihopqa_8ac9de5608e011ebbda1ac1f6bf848b6,mistral-small3.1:24b,oracle,Oracle Evidence,diagnostic_baseline,oracle_evidence_upper_reference,True,2wikimultihopqa,comparison,string,4000,middle,medium,unknown,Don Juan In A Girls' School,Don Juan in a Girls' School,p0001;p0002;p0003;p0004,p0001;p0002;p0003,True,1.0,1.0,1.0,1.0,1.0,1.0,1.0,0.75,0.8571428571428571,1.0,success,
2wikimultihopqa_04b5e0320bdb11eba7f7acde48001122,mistral-small3.1:24b,no_evidence,No Evidence,diagnostic_baseline,question_only_lower_bound,True,2wikimultihopqa,multi_hop,entity,8000,end,low,unknown,Weimar,Weimar,p0001;p0002,,True,1.0,1.0,1.0,1.0,1.0,1.0,0.0,0.0,0.0,0.0,success,
2wikimultihopqa_04b5e0320bdb11eba7f7acde48001122,mistral-small3.1:24b,direct,Full Context,diagnostic_condition,full_context_condition,True,2wikimultihopqa,multi_hop,entity,8000,end,low,unknown,Weimar,Weimar,p0001;p0002,p0001,True,1.0,1.0,1.0,1.0,1.0,1.0,1.0,0.5,0.6666666666666666,1.0,success,
2wikimultihopqa_04b5e0320bdb11eba7f7acde48001122,mistral-small3.1:24b,retrieve_then_read,Retrieved Evidence,diagnostic_condition,evidence_narrowed_condition,True,2wikimultihopqa,multi_hop,entity,8000,end,low,unknown,Weimar,Weimar,p0001;p0002,p0002,True,1.0,1.0,1.0,1.0,1.0,1.0,1.0,0.5,0.6666666666666666,1.0,success,
2wikimultihopqa_04b5e0320bdb11eba7f7acde48001122,mistral-small3.1:24b,oracle,Oracle Evidence,diagnostic_baseline,oracle_evidence_upper_reference,True,2wikimultihopqa,multi_hop,entity,8000,end,low,unknown,Weimar,Weimar,p0001;p0002,p0002,True,1.0,1.0,1.0,1.0,1.0,1.0,1.0,0.5,0.6666666666666666,1.0,success,
2wikimultihopqa_eded9bbf08de11ebbd9fac1f6bf848b6,mistral-small3.1:24b,no_evidence,No Evidence,diagnostic_baseline,question_only_lower_bound,True,2wikimultihopqa,comparison,entity,16000,scattered,medium,unknown,Rhythm And Weep,Dialogues Of Exiles,p0001;p0002;p0003;p0004,,True,0.0,0.0,0.0,0.0,0.0,0.0,0.0,0.0,0.0,0.0,evidence_localization_failure,
2wikimultihopqa_eded9bbf08de11ebbd9fac1f6bf848b6,mistral-small3.1:24b,direct,Full Context,diagnostic_condition,full_context_condition,True,2wikimultihopqa,comparison,entity,16000,scattered,medium,unknown,Rhythm And Weep,Dialogues Of Exiles,p0001;p0002;p0003;p0004,p0001;p0002,True,0.0,0.0,0.0,0.0,0.0,0.0,1.0,0.5,0.6666666666666666,1.0,evidence_integration_failure,
2wikimultihopqa_eded9bbf08de11ebbd9fac1f6bf848b6,mistral-small3.1:24b,retrieve_then_read,Retrieved Evidence,diagnostic_condition,evidence_narrowed_condition,True,2wikimultihopqa,comparison,entity,16000,scattered,medium,unknown,Rhythm And Weep,Dialogues Of Exiles,p0001;p0002;p0003;p0004,,True,0.0,0.0,0.0,0.0,0.0,0.0,0.0,0.0,0.0,0.0,evidence_localization_failure,
2wikimultihopqa_eded9bbf08de11ebbd9fac1f6bf848b6,mistral-small3.1:24b,oracle,Oracle Evidence,diagnostic_baseline,oracle_evidence_upper_reference,True,2wikimultihopqa,comparison,entity,16000,scattered,medium,unknown,Rhythm And Weep,Rhythm and Weep,p0001;p0002;p0003;p0004,p0001;p0002;p0003,True,1.0,1.0,1.0,1.0,1.0,1.0,1.0,0.75,0.8571428571428571,1.0,success,
2wikimultihopqa_f872fe92096c11ebbdafac1f6bf848b6,mistral-small3.1:24b,no_evidence,No Evidence,diagnostic_baseline,question_only_lower_bound,True,2wikimultihopqa,comparison,entity,4000,front,low,unknown,My Wife'S Lodger,My Wife's Lodger,p0001;p0002,,True,1.0,1.0,1.0,1.0,1.0,1.0,0.0,0.0,0.0,0.0,success,
2wikimultihopqa_f872fe92096c11ebbdafac1f6bf848b6,mistral-small3.1:24b,direct,Full Context,diagnostic_condition,full_context_condition,True,2wikimultihopqa,comparison,entity,4000,front,low,unknown,My Wife'S Lodger,My Wife'S Lodger,p0001;p0002,p0001,True,1.0,1.0,1.0,1.0,1.0,1.0,1.0,0.5,0.6666666666666666,1.0,success,
2wikimultihopqa_f872fe92096c11ebbdafac1f6bf848b6,mistral-small3.1:24b,retrieve_then_read,Retrieved Evidence,diagnostic_condition,evidence_narrowed_condition,True,2wikimultihopqa,comparison,entity,4000,front,low,unknown,My Wife'S Lodger,My Wife's Lodger,p0001;p0002,p0001,True,1.0,1.0,1.0,1.0,1.0,1.0,1.0,0.5,0.6666666666666666,1.0,success,
2wikimultihopqa_f872fe92096c11ebbdafac1f6bf848b6,mistral-small3.1:24b,oracle,Oracle Evidence,diagnostic_baseline,oracle_evidence_upper_reference,True,2wikimultihopqa,comparison,entity,4000,front,low,unknown,My Wife'S Lodger,My Wife's Lodger,p0001;p0002,p0001;p0002,True,1.0,1.0,1.0,1.0,1.0,1.0,1.0,1.0,1.0,1.0,success,
2wikimultihopqa_4ce1d27b08bc11ebbd88ac1f6bf848b6,mistral-small3.1:24b,no_evidence,No Evidence,diagnostic_baseline,question_only_lower_bound,True,2wikimultihopqa,comparison,entity,8000,middle,medium,unknown,Elvira'S Haunted Hills,Allos Gia To Ekatommyrio,p0001;p0002;p0003;p0004,,True,0.0,0.0,0.0,0.0,0.0,0.0,0.0,0.0,0.0,0.0,evidence_localization_failure,
2wikimultihopqa_4ce1d27b08bc11ebbd88ac1f6bf848b6,mistral-small3.1:24b,direct,Full Context,diagnostic_condition,full_context_condition,True,2wikimultihopqa,comparison,entity,8000,middle,medium,unknown,Elvira'S Haunted Hills,Elvira's Haunted Hills,p0001;p0002;p0003;p0004,p0001;p0002,True,1.0,1.0,1.0,1.0,1.0,1.0,1.0,0.5,0.6666666666666666,1.0,success,
2wikimultihopqa_4ce1d27b08bc11ebbd88ac1f6bf848b6,mistral-small3.1:24b,retrieve_then_read,Retrieved Evidence,diagnostic_condition,evidence_narrowed_condition,True,2wikimultihopqa,comparison,entity,8000,middle,medium,unknown,Elvira'S Haunted Hills,Elvira's Haunted Hills,p0001;p0002;p0003;p0004,p0001;p0004,True,1.0,1.0,1.0,1.0,1.0,1.0,1.0,0.5,0.6666666666666666,1.0,success,
2wikimultihopqa_4ce1d27b08bc11ebbd88ac1f6bf848b6,mistral-small3.1:24b,oracle,Oracle Evidence,diagnostic_baseline,oracle_evidence_upper_reference,True,2wikimultihopqa,comparison,entity,8000,middle,medium,unknown,Elvira'S Haunted Hills,Elvira's Haunted Hills,p0001;p0002;p0003;p0004,p0001;p0002;p0003,True,1.0,1.0,1.0,1.0,1.0,1.0,1.0,0.75,0.8571428571428571,1.0,success,
2wikimultihopqa_4a9acefe0baf11ebab90acde48001122,mistral-small3.1:24b,no_evidence,No Evidence,diagnostic_baseline,question_only_lower_bound,True,2wikimultihopqa,multi_hop,entity,16000,end,low,unknown,Marc Allégret,Charles Vanel,p0001;p0002,,True,0.0,0.0,0.0,0.0,0.0,0.0,0.0,0.0,0.0,0.0,evidence_localization_failure,
2wikimultihopqa_4a9acefe0baf11ebab90acde48001122,mistral-small3.1:24b,direct,Full Context,diagnostic_condition,full_context_condition,True,2wikimultihopqa,multi_hop,entity,16000,end,low,unknown,Marc Allégret,Yves Allégret,p0001;p0002,p0001,True,0.0,0.5,0.0,0.5,0.0,0.5,1.0,0.5,0.6666666666666666,1.0,evidence_integration_failure,
2wikimultihopqa_4a9acefe0baf11ebab90acde48001122,mistral-small3.1:24b,retrieve_then_read,Retrieved Evidence,diagnostic_condition,evidence_narrowed_condition,True,2wikimultihopqa,multi_hop,entity,16000,end,low,unknown,Marc Allégret,Yves Allégret,p0001;p0002,p0002,True,0.0,0.5,0.0,0.5,0.0,0.5,1.0,0.5,0.6666666666666666,1.0,evidence_integration_failure,
2wikimultihopqa_4a9acefe0baf11ebab90acde48001122,mistral-small3.1:24b,oracle,Oracle Evidence,diagnostic_baseline,oracle_evidence_upper_reference,True,2wikimultihopqa,multi_hop,entity,16000,end,low,unknown,Marc Allégret,Marc Allégret,p0001;p0002,p0001;p0002,True,1.0,1.0,1.0,1.0,1.0,1.0,1.0,1.0,1.0,1.0,success,
2wikimultihopqa_c8c9313a0baf11ebab90acde48001122,mistral-small3.1:24b,no_evidence,No Evidence,diagnostic_baseline,question_only_lower_bound,True,2wikimultihopqa,multi_hop,entity,4000,scattered,low,unknown,"Jerome, 4th Count de Salis-Soglio",unknown,p0001;p0002,,True,0.0,0.0,0.0,0.0,0.0,0.0,0.0,0.0,0.0,0.0,evidence_localization_failure,
2wikimultihopqa_c8c9313a0baf11ebab90acde48001122,mistral-small3.1:24b,direct,Full Context,diagnostic_condition,full_context_condition,True,2wikimultihopqa,multi_hop,entity,4000,scattered,low,unknown,"Jerome, 4th Count de Salis-Soglio",Leopold Fane De Salis,p0001;p0002,p0001,True,0.0,0.22222222222222224,0.0,0.4,0.0,0.22222222222222224,1.0,0.5,0.6666666666666666,1.0,evidence_integration_failure,
2wikimultihopqa_c8c9313a0baf11ebab90acde48001122,mistral-small3.1:24b,retrieve_then_read,Retrieved Evidence,diagnostic_condition,evidence_narrowed_condition,True,2wikimultihopqa,multi_hop,entity,4000,scattered,low,unknown,"Jerome, 4th Count de Salis-Soglio","Jerome, Count de Salis",p0001;p0002,,True,0.0,0.6666666666666665,0.0,0.8,0.0,0.6666666666666665,0.0,0.0,0.0,0.0,evidence_localization_failure,
2wikimultihopqa_c8c9313a0baf11ebab90acde48001122,mistral-small3.1:24b,oracle,Oracle Evidence,diagnostic_baseline,oracle_evidence_upper_reference,True,2wikimultihopqa,multi_hop,entity,4000,scattered,low,unknown,"Jerome, 4th Count de Salis-Soglio","Jerome, 4th Count de Salis-Soglio",p0001;p0002,p0001;p0002,True,1.0,1.0,1.0,1.0,1.0,1.0,1.0,1.0,1.0,1.0,success,
2wikimultihopqa_c1b9c0ac0bdd11eba7f7acde48001122,mistral-small3.1:24b,no_evidence,No Evidence,diagnostic_baseline,question_only_lower_bound,True,2wikimultihopqa,multi_hop,entity,8000,front,low,unknown,23 February 1473,unknown,p0001;p0002,,True,0.0,0.0,0.0,0.0,0.0,0.0,0.0,0.0,0.0,0.0,evidence_localization_failure,
2wikimultihopqa_c1b9c0ac0bdd11eba7f7acde48001122,mistral-small3.1:24b,direct,Full Context,diagnostic_condition,full_context_condition,True,2wikimultihopqa,multi_hop,entity,8000,front,low,unknown,23 February 1473,23 February 1473,p0001;p0002,p0001,True,1.0,1.0,1.0,1.0,1.0,1.0,1.0,0.5,0.6666666666666666,1.0,success,
2wikimultihopqa_c1b9c0ac0bdd11eba7f7acde48001122,mistral-small3.1:24b,retrieve_then_read,Retrieved Evidence,diagnostic_condition,evidence_narrowed_condition,True,2wikimultihopqa,multi_hop,entity,8000,front,low,unknown,23 February 1473,2 November 1486,p0001;p0002,,True,0.0,0.0,0.0,0.0,0.0,0.0,0.0,0.0,0.0,0.0,evidence_localization_failure,
2wikimultihopqa_c1b9c0ac0bdd11eba7f7acde48001122,mistral-small3.1:24b,oracle,Oracle Evidence,diagnostic_baseline,oracle_evidence_upper_reference,True,2wikimultihopqa,multi_hop,entity,8000,front,low,unknown,23 February 1473,23 February 1473,p0001;p0002,p0001;p0002,True,1.0,1.0,1.0,1.0,1.0,1.0,1.0,1.0,1.0,1.0,success,
2wikimultihopqa_ab18549a0bdc11eba7f7acde48001122,mistral-small3.1:24b,no_evidence,No Evidence,diagnostic_baseline,question_only_lower_bound,True,2wikimultihopqa,multi_hop,entity,16000,middle,low,unknown,Billy Ray Cyrus,Billy Ray Cyrus,p0001;p0002,,True,1.0,1.0,1.0,1.0,1.0,1.0,0.0,0.0,0.0,0.0,success,
2wikimultihopqa_ab18549a0bdc11eba7f7acde48001122,mistral-small3.1:24b,direct,Full Context,diagnostic_condition,full_context_condition,True,2wikimultihopqa,multi_hop,entity,16000,middle,low,unknown,Billy Ray Cyrus,Billy Ray Cyrus,p0001;p0002,p0001;p0006,True,1.0,1.0,1.0,1.0,1.0,1.0,0.5,0.5,0.5,1.0,success,
2wikimultihopqa_ab18549a0bdc11eba7f7acde48001122,mistral-small3.1:24b,retrieve_then_read,Retrieved Evidence,diagnostic_condition,evidence_narrowed_condition,True,2wikimultihopqa,multi_hop,entity,16000,middle,low,unknown,Billy Ray Cyrus,Obata Masamori,p0001;p0002,p0001,True,0.0,0.0,0.0,0.0,0.0,0.0,1.0,0.5,0.6666666666666666,1.0,evidence_integration_failure,
2wikimultihopqa_ab18549a0bdc11eba7f7acde48001122,mistral-small3.1:24b,oracle,Oracle Evidence,diagnostic_baseline,oracle_evidence_upper_reference,True,2wikimultihopqa,multi_hop,entity,16000,middle,low,unknown,Billy Ray Cyrus,Billy Ray Cyrus,p0001;p0002,p0001;p0002,True,1.0,1.0,1.0,1.0,1.0,1.0,1.0,1.0,1.0,1.0,success,
2wikimultihopqa_2d907ba60bdc11eba7f7acde48001122,mistral-small3.1:24b,no_evidence,No Evidence,diagnostic_baseline,question_only_lower_bound,True,2wikimultihopqa,multi_hop,entity,4000,end,low,unknown,New York,unknown,p0001;p0002,,True,0.0,0.0,0.0,0.0,0.0,0.0,0.0,0.0,0.0,0.0,evidence_localization_failure,
2wikimultihopqa_2d907ba60bdc11eba7f7acde48001122,mistral-small3.1:24b,direct,Full Context,diagnostic_condition,full_context_condition,True,2wikimultihopqa,multi_hop,entity,4000,end,low,unknown,New York,New York,p0001;p0002,p0001;p0002,True,1.0,1.0,1.0,1.0,1.0,1.0,1.0,1.0,1.0,1.0,success,
2wikimultihopqa_2d907ba60bdc11eba7f7acde48001122,mistral-small3.1:24b,retrieve_then_read,Retrieved Evidence,diagnostic_condition,evidence_narrowed_condition,True,2wikimultihopqa,multi_hop,entity,4000,end,low,unknown,New York,England,p0001;p0002,,True,0.0,0.0,0.0,0.0,0.0,0.0,0.0,0.0,0.0,0.0,evidence_localization_failure,
2wikimultihopqa_2d907ba60bdc11eba7f7acde48001122,mistral-small3.1:24b,oracle,Oracle Evidence,diagnostic_baseline,oracle_evidence_upper_reference,True,2wikimultihopqa,multi_hop,entity,4000,end,low,unknown,New York,"New York, New York",p0001;p0002,p0001;p0002,True,0.0,0.6666666666666666,0.0,0.6666666666666666,0.0,0.6666666666666666,1.0,1.0,1.0,1.0,answer_conversion_failure,
2wikimultihopqa_8c26eb3b087f11ebbd6cac1f6bf848b6,mistral-small3.1:24b,no_evidence,No Evidence,diagnostic_baseline,question_only_lower_bound,True,2wikimultihopqa,comparison,entity,8000,scattered,low,unknown,Wanderley Oliveira,Alexey Volkonsky,p0001;p0002,,True,0.0,0.0,0.0,0.0,0.0,0.0,0.0,0.0,0.0,0.0,evidence_localization_failure,
2wikimultihopqa_8c26eb3b087f11ebbd6cac1f6bf848b6,mistral-small3.1:24b,direct,Full Context,diagnostic_condition,full_context_condition,True,2wikimultihopqa,comparison,entity,8000,scattered,low,unknown,Wanderley Oliveira,Wanderley Oliveira,p0001;p0002,p0001;p0002,True,1.0,1.0,1.0,1.0,1.0,1.0,1.0,1.0,1.0,1.0,success,
2wikimultihopqa_8c26eb3b087f11ebbd6cac1f6bf848b6,mistral-small3.1:24b,retrieve_then_read,Retrieved Evidence,diagnostic_condition,evidence_narrowed_condition,True,2wikimultihopqa,comparison,entity,8000,scattered,low,unknown,Wanderley Oliveira,Wanderley Oliveira,p0001;p0002,p0001,True,1.0,1.0,1.0,1.0,1.0,1.0,1.0,0.5,0.6666666666666666,1.0,success,
2wikimultihopqa_8c26eb3b087f11ebbd6cac1f6bf848b6,mistral-small3.1:24b,oracle,Oracle Evidence,diagnostic_baseline,oracle_evidence_upper_reference,True,2wikimultihopqa,comparison,entity,8000,scattered,low,unknown,Wanderley Oliveira,Wanderley Oliveira,p0001;p0002,p0001;p0002,True,1.0,1.0,1.0,1.0,1.0,1.0,1.0,1.0,1.0,1.0,success,
2wikimultihopqa_1efc66b60bde11eba7f7acde48001122,mistral-small3.1:24b,no_evidence,No Evidence,diagnostic_baseline,question_only_lower_bound,True,2wikimultihopqa,multi_hop,entity,16000,front,low,unknown,Forlì,Rome,p0001;p0002,,True,0.0,0.0,0.0,0.0,0.0,0.0,0.0,0.0,0.0,0.0,evidence_localization_failure,
2wikimultihopqa_1efc66b60bde11eba7f7acde48001122,mistral-small3.1:24b,direct,Full Context,diagnostic_condition,full_context_condition,True,2wikimultihopqa,multi_hop,entity,16000,front,low,unknown,Forlì,Forlì,p0001;p0002,p0001,True,1.0,1.0,1.0,1.0,1.0,1.0,1.0,0.5,0.6666666666666666,1.0,success,
2wikimultihopqa_1efc66b60bde11eba7f7acde48001122,mistral-small3.1:24b,retrieve_then_read,Retrieved Evidence,diagnostic_condition,evidence_narrowed_condition,True,2wikimultihopqa,multi_hop,entity,16000,front,low,unknown,Forlì,Forlì,p0001;p0002,p0001,True,1.0,1.0,1.0,1.0,1.0,1.0,1.0,0.5,0.6666666666666666,1.0,success,
2wikimultihopqa_1efc66b60bde11eba7f7acde48001122,mistral-small3.1:24b,oracle,Oracle Evidence,diagnostic_baseline,oracle_evidence_upper_reference,True,2wikimultihopqa,multi_hop,entity,16000,front,low,unknown,Forlì,Forlì,p0001;p0002,p0001;p0002,True,1.0,1.0,1.0,1.0,1.0,1.0,1.0,1.0,1.0,1.0,success,
2wikimultihopqa_5f5002360bd911eba7f7acde48001122,mistral-small3.1:24b,no_evidence,No Evidence,diagnostic_baseline,question_only_lower_bound,True,2wikimultihopqa,multi_hop,entity,4000,middle,low,unknown,Hyderabad,unknown,p0001;p0002,,True,0.0,0.0,0.0,0.0,0.0,0.0,0.0,0.0,0.0,0.0,evidence_localization_failure,
2wikimultihopqa_5f5002360bd911eba7f7acde48001122,mistral-small3.1:24b,direct,Full Context,diagnostic_condition,full_context_condition,True,2wikimultihopqa,multi_hop,entity,4000,middle,low,unknown,Hyderabad,Hyderabad,p0001;p0002,p0002,True,1.0,1.0,1.0,1.0,1.0,1.0,1.0,0.5,0.6666666666666666,1.0,success,
2wikimultihopqa_5f5002360bd911eba7f7acde48001122,mistral-small3.1:24b,retrieve_then_read,Retrieved Evidence,diagnostic_condition,evidence_narrowed_condition,True,2wikimultihopqa,multi_hop,entity,4000,middle,low,unknown,Hyderabad,India,p0001;p0002,,True,0.0,0.0,0.0,0.0,0.0,0.0,0.0,0.0,0.0,0.0,evidence_localization_failure,
2wikimultihopqa_5f5002360bd911eba7f7acde48001122,mistral-small3.1:24b,oracle,Oracle Evidence,diagnostic_baseline,oracle_evidence_upper_reference,True,2wikimultihopqa,multi_hop,entity,4000,middle,low,unknown,Hyderabad,unknown,p0001;p0002,p0001,True,0.0,0.0,0.0,0.0,0.0,0.0,1.0,0.5,0.6666666666666666,1.0,evidence_integration_failure,
2wikimultihopqa_f7b1002b099a11ebbdb0ac1f6bf848b6,mistral-small3.1:24b,no_evidence,No Evidence,diagnostic_baseline,question_only_lower_bound,True,2wikimultihopqa,comparison,yes_no,8000,end,low,unknown,yes,yes,p0001;p0002,,True,1.0,1.0,1.0,1.0,1.0,1.0,0.0,0.0,0.0,0.0,success,
2wikimultihopqa_f7b1002b099a11ebbdb0ac1f6bf848b6,mistral-small3.1:24b,direct,Full Context,diagnostic_condition,full_context_condition,True,2wikimultihopqa,comparison,yes_no,8000,end,low,unknown,yes,no,p0001;p0002,p0001;p0002,True,0.0,0.0,0.0,0.0,0.0,0.0,1.0,1.0,1.0,1.0,answer_conversion_failure,
2wikimultihopqa_f7b1002b099a11ebbdb0ac1f6bf848b6,mistral-small3.1:24b,retrieve_then_read,Retrieved Evidence,diagnostic_condition,evidence_narrowed_condition,True,2wikimultihopqa,comparison,yes_no,8000,end,low,unknown,yes,no,p0001;p0002,p0001,True,0.0,0.0,0.0,0.0,0.0,0.0,1.0,0.5,0.6666666666666666,1.0,evidence_integration_failure,
2wikimultihopqa_f7b1002b099a11ebbdb0ac1f6bf848b6,mistral-small3.1:24b,oracle,Oracle Evidence,diagnostic_baseline,oracle_evidence_upper_reference,True,2wikimultihopqa,comparison,yes_no,8000,end,low,unknown,yes,no,p0001;p0002,p0001;p0002,True,0.0,0.0,0.0,0.0,0.0,0.0,1.0,1.0,1.0,1.0,answer_conversion_failure,
2wikimultihopqa_363d81df08d211ebbd95ac1f6bf848b6,mistral-small3.1:24b,no_evidence,No Evidence,diagnostic_baseline,question_only_lower_bound,True,2wikimultihopqa,comparison,entity,16000,scattered,medium,unknown,Idols Of The Radio,Solos En La Madrugada,p0001;p0002;p0003;p0004,,True,0.0,0.0,0.0,0.0,0.0,0.0,0.0,0.0,0.0,0.0,evidence_localization_failure,
2wikimultihopqa_363d81df08d211ebbd95ac1f6bf848b6,mistral-small3.1:24b,direct,Full Context,diagnostic_condition,full_context_condition,True,2wikimultihopqa,comparison,entity,16000,scattered,medium,unknown,Idols Of The Radio,Idols Of The Radio,p0001;p0002;p0003;p0004,p0001;p0002,True,1.0,1.0,1.0,1.0,1.0,1.0,1.0,0.5,0.6666666666666666,1.0,success,
2wikimultihopqa_363d81df08d211ebbd95ac1f6bf848b6,mistral-small3.1:24b,retrieve_then_read,Retrieved Evidence,diagnostic_condition,evidence_narrowed_condition,True,2wikimultihopqa,comparison,entity,16000,scattered,medium,unknown,Idols Of The Radio,Idols of the Radio,p0001;p0002;p0003;p0004,p0004;p0002,True,1.0,1.0,1.0,1.0,1.0,1.0,1.0,0.5,0.6666666666666666,1.0,success,
2wikimultihopqa_363d81df08d211ebbd95ac1f6bf848b6,mistral-small3.1:24b,oracle,Oracle Evidence,diagnostic_baseline,oracle_evidence_upper_reference,True,2wikimultihopqa,comparison,entity,16000,scattered,medium,unknown,Idols Of The Radio,Idols of the Radio,p0001;p0002;p0003;p0004,p0001;p0002;p0003,True,1.0,1.0,1.0,1.0,1.0,1.0,1.0,0.75,0.8571428571428571,1.0,success,
2wikimultihopqa_9e68cdc20bd911eba7f7acde48001122,mistral-small3.1:24b,no_evidence,No Evidence,diagnostic_baseline,question_only_lower_bound,True,2wikimultihopqa,multi_hop,entity,4000,front,low,unknown,Gloria Loring,Gladys Knight,p0001;p0002,,True,0.0,0.0,0.0,0.0,0.0,0.0,0.0,0.0,0.0,0.0,evidence_localization_failure,
2wikimultihopqa_9e68cdc20bd911eba7f7acde48001122,mistral-small3.1:24b,direct,Full Context,diagnostic_condition,full_context_condition,True,2wikimultihopqa,multi_hop,entity,4000,front,low,unknown,Gloria Loring,Gloria Loring,p0001;p0002,p0001;p0002,True,1.0,1.0,1.0,1.0,1.0,1.0,1.0,1.0,1.0,1.0,success,
2wikimultihopqa_9e68cdc20bd911eba7f7acde48001122,mistral-small3.1:24b,retrieve_then_read,Retrieved Evidence,diagnostic_condition,evidence_narrowed_condition,True,2wikimultihopqa,multi_hop,entity,4000,front,low,unknown,Gloria Loring,Gloria Loring,p0001;p0002,p0001,True,1.0,1.0,1.0,1.0,1.0,1.0,1.0,0.5,0.6666666666666666,1.0,success,
2wikimultihopqa_9e68cdc20bd911eba7f7acde48001122,mistral-small3.1:24b,oracle,Oracle Evidence,diagnostic_baseline,oracle_evidence_upper_reference,True,2wikimultihopqa,multi_hop,entity,4000,front,low,unknown,Gloria Loring,Gloria Loring,p0001;p0002,p0001;p0002,True,1.0,1.0,1.0,1.0,1.0,1.0,1.0,1.0,1.0,1.0,success,
2wikimultihopqa_1655fd7a0bdd11eba7f7acde48001122,mistral-small3.1:24b,no_evidence,No Evidence,diagnostic_baseline,question_only_lower_bound,True,2wikimultihopqa,multi_hop,entity,8000,middle,low,unknown,Lancing College,The University of Chicago,p0001;p0002,,True,0.0,0.0,0.0,0.0,0.0,0.0,0.0,0.0,0.0,0.0,evidence_localization_failure,
2wikimultihopqa_1655fd7a0bdd11eba7f7acde48001122,mistral-small3.1:24b,direct,Full Context,diagnostic_condition,full_context_condition,True,2wikimultihopqa,multi_hop,entity,8000,middle,low,unknown,Lancing College,Lancing College,p0001;p0002,p0002,True,1.0,1.0,1.0,1.0,1.0,1.0,1.0,0.5,0.6666666666666666,1.0,success,
2wikimultihopqa_1655fd7a0bdd11eba7f7acde48001122,mistral-small3.1:24b,retrieve_then_read,Retrieved Evidence,diagnostic_condition,evidence_narrowed_condition,True,2wikimultihopqa,multi_hop,entity,8000,middle,low,unknown,Lancing College,Lancing College,p0001;p0002,p0002,True,1.0,1.0,1.0,1.0,1.0,1.0,1.0,0.5,0.6666666666666666,1.0,success,
2wikimultihopqa_1655fd7a0bdd11eba7f7acde48001122,mistral-small3.1:24b,oracle,Oracle Evidence,diagnostic_baseline,oracle_evidence_upper_reference,True,2wikimultihopqa,multi_hop,entity,8000,middle,low,unknown,Lancing College,Lancing College,p0001;p0002,p0001;p0002,True,1.0,1.0,1.0,1.0,1.0,1.0,1.0,1.0,1.0,1.0,success,
2wikimultihopqa_1b91365c08a311ebbd7bac1f6bf848b6,mistral-small3.1:24b,no_evidence,No Evidence,diagnostic_baseline,question_only_lower_bound,True,2wikimultihopqa,comparison,string,16000,end,low,unknown,Louis-René De Caradeuc De La Chalotais,Louis-René De Caradeuc De La Chalotais,p0001;p0002,,True,1.0,1.0,1.0,1.0,1.0,1.0,0.0,0.0,0.0,0.0,success,
2wikimultihopqa_1b91365c08a311ebbd7bac1f6bf848b6,mistral-small3.1:24b,direct,Full Context,diagnostic_condition,full_context_condition,True,2wikimultihopqa,comparison,string,16000,end,low,unknown,Louis-René De Caradeuc De La Chalotais,Louis-René De Caradeuc De La Chalotais,p0001;p0002,p0001,True,1.0,1.0,1.0,1.0,1.0,1.0,1.0,0.5,0.6666666666666666,1.0,success,
2wikimultihopqa_1b91365c08a311ebbd7bac1f6bf848b6,mistral-small3.1:24b,retrieve_then_read,Retrieved Evidence,diagnostic_condition,evidence_narrowed_condition,True,2wikimultihopqa,comparison,string,16000,end,low,unknown,Louis-René De Caradeuc De La Chalotais,Louis-René De Caradeuc De La Chalotais,p0001;p0002,p0001,True,1.0,1.0,1.0,1.0,1.0,1.0,1.0,0.5,0.6666666666666666,1.0,success,
2wikimultihopqa_1b91365c08a311ebbd7bac1f6bf848b6,mistral-small3.1:24b,oracle,Oracle Evidence,diagnostic_baseline,oracle_evidence_upper_reference,True,2wikimultihopqa,comparison,string,16000,end,low,unknown,Louis-René De Caradeuc De La Chalotais,Louis-René de Caradeuc de La Chalotais,p0001;p0002,p0001;p0002,True,1.0,1.0,1.0,1.0,1.0,1.0,1.0,1.0,1.0,1.0,success,
2wikimultihopqa_eeb017fa0bdd11eba7f7acde48001122,mistral-small3.1:24b,no_evidence,No Evidence,diagnostic_baseline,question_only_lower_bound,True,2wikimultihopqa,multi_hop,entity,4000,scattered,low,unknown,Edinburgh,unknown,p0001;p0002,,True,0.0,0.0,0.0,0.0,0.0,0.0,0.0,0.0,0.0,0.0,evidence_localization_failure,
2wikimultihopqa_eeb017fa0bdd11eba7f7acde48001122,mistral-small3.1:24b,direct,Full Context,diagnostic_condition,full_context_condition,True,2wikimultihopqa,multi_hop,entity,4000,scattered,low,unknown,Edinburgh,Dundee,p0001;p0002,p0001,True,0.0,0.0,0.0,0.0,0.0,0.0,1.0,0.5,0.6666666666666666,1.0,evidence_integration_failure,
2wikimultihopqa_eeb017fa0bdd11eba7f7acde48001122,mistral-small3.1:24b,retrieve_then_read,Retrieved Evidence,diagnostic_condition,evidence_narrowed_condition,True,2wikimultihopqa,multi_hop,entity,4000,scattered,low,unknown,Edinburgh,unknown,p0001;p0002,,True,0.0,0.0,0.0,0.0,0.0,0.0,0.0,0.0,0.0,0.0,evidence_localization_failure,
2wikimultihopqa_eeb017fa0bdd11eba7f7acde48001122,mistral-small3.1:24b,oracle,Oracle Evidence,diagnostic_baseline,oracle_evidence_upper_reference,True,2wikimultihopqa,multi_hop,entity,4000,scattered,low,unknown,Edinburgh,unknown,p0001;p0002,,True,0.0,0.0,0.0,0.0,0.0,0.0,0.0,0.0,0.0,0.0,evidence_localization_failure,
2wikimultihopqa_565f05fc0bdc11eba7f7acde48001122,mistral-small3.1:24b,no_evidence,No Evidence,diagnostic_baseline,question_only_lower_bound,True,2wikimultihopqa,multi_hop,entity,8000,front,low,unknown,St John's College,Unknown,p0001;p0002,,True,0.0,0.0,0.0,0.0,0.0,0.0,0.0,0.0,0.0,0.0,evidence_localization_failure,
2wikimultihopqa_565f05fc0bdc11eba7f7acde48001122,mistral-small3.1:24b,direct,Full Context,diagnostic_condition,full_context_condition,True,2wikimultihopqa,multi_hop,entity,8000,front,low,unknown,St John's College,Christ's College,p0001;p0002,p0001,True,0.0,0.4,0.0,0.5714285714285715,0.0,0.4,1.0,0.5,0.6666666666666666,1.0,evidence_integration_failure,
2wikimultihopqa_565f05fc0bdc11eba7f7acde48001122,mistral-small3.1:24b,retrieve_then_read,Retrieved Evidence,diagnostic_condition,evidence_narrowed_condition,True,2wikimultihopqa,multi_hop,entity,8000,front,low,unknown,St John's College,unknown,p0001;p0002,,True,0.0,0.0,0.0,0.0,0.0,0.0,0.0,0.0,0.0,0.0,evidence_localization_failure,
2wikimultihopqa_565f05fc0bdc11eba7f7acde48001122,mistral-small3.1:24b,oracle,Oracle Evidence,diagnostic_baseline,oracle_evidence_upper_reference,True,2wikimultihopqa,multi_hop,entity,8000,front,low,unknown,St John's College,unknown,p0001;p0002,,True,0.0,0.0,0.0,0.0,0.0,0.0,0.0,0.0,0.0,0.0,evidence_localization_failure,
2wikimultihopqa_7cc68442092811ebbdaeac1f6bf848b6,mistral-small3.1:24b,no_evidence,No Evidence,diagnostic_baseline,question_only_lower_bound,True,2wikimultihopqa,comparison,entity,16000,middle,low,unknown,Aami,Bitch Slap,p0001;p0002,,True,0.0,0.0,0.0,0.0,0.0,0.0,0.0,0.0,0.0,0.0,evidence_localization_failure,
2wikimultihopqa_7cc68442092811ebbdaeac1f6bf848b6,mistral-small3.1:24b,direct,Full Context,diagnostic_condition,full_context_condition,True,2wikimultihopqa,comparison,entity,16000,middle,low,unknown,Aami,Bitch Slap,p0001;p0002,p0001;p0002,True,0.0,0.0,0.0,0.0,0.0,0.0,1.0,1.0,1.0,1.0,answer_conversion_failure,
2wikimultihopqa_7cc68442092811ebbdaeac1f6bf848b6,mistral-small3.1:24b,retrieve_then_read,Retrieved Evidence,diagnostic_condition,evidence_narrowed_condition,True,2wikimultihopqa,comparison,entity,16000,middle,low,unknown,Aami,Aami,p0001;p0002,p0001;p0002,True,1.0,1.0,1.0,1.0,1.0,1.0,1.0,1.0,1.0,1.0,success,
2wikimultihopqa_7cc68442092811ebbdaeac1f6bf848b6,mistral-small3.1:24b,oracle,Oracle Evidence,diagnostic_baseline,oracle_evidence_upper_reference,True,2wikimultihopqa,comparison,entity,16000,middle,low,unknown,Aami,Aami,p0001;p0002,p0001;p0002,True,1.0,1.0,1.0,1.0,1.0,1.0,1.0,1.0,1.0,1.0,success,
2wikimultihopqa_ef4907cc0baf11ebab90acde48001122,mistral-small3.1:24b,no_evidence,No Evidence,diagnostic_baseline,question_only_lower_bound,True,2wikimultihopqa,multi_hop,entity,4000,end,low,unknown,Kitiyakara Voralaksana,unknown,p0001;p0002,,True,0.0,0.0,0.0,0.0,0.0,0.0,0.0,0.0,0.0,0.0,evidence_localization_failure,
2wikimultihopqa_ef4907cc0baf11ebab90acde48001122,mistral-small3.1:24b,direct,Full Context,diagnostic_condition,full_context_condition,True,2wikimultihopqa,multi_hop,entity,4000,end,low,unknown,Kitiyakara Voralaksana,Kitiyakara Voralaksana,p0001;p0002,p0001;p0002,True,1.0,1.0,1.0,1.0,1.0,1.0,1.0,1.0,1.0,1.0,success,
2wikimultihopqa_ef4907cc0baf11ebab90acde48001122,mistral-small3.1:24b,retrieve_then_read,Retrieved Evidence,diagnostic_condition,evidence_narrowed_condition,True,2wikimultihopqa,multi_hop,entity,4000,end,low,unknown,Kitiyakara Voralaksana,Nakkhatra Mangala,p0001;p0002,p0001,True,0.0,0.0,0.0,0.0,0.0,0.0,1.0,0.5,0.6666666666666666,1.0,evidence_integration_failure,
2wikimultihopqa_ef4907cc0baf11ebab90acde48001122,mistral-small3.1:24b,oracle,Oracle Evidence,diagnostic_baseline,oracle_evidence_upper_reference,True,2wikimultihopqa,multi_hop,entity,4000,end,low,unknown,Kitiyakara Voralaksana,Kitiyakara Voralaksana,p0001;p0002,p0001;p0002,True,1.0,1.0,1.0,1.0,1.0,1.0,1.0,1.0,1.0,1.0,success,
2wikimultihopqa_ba773ad00bd911eba7f7acde48001122,mistral-small3.1:24b,no_evidence,No Evidence,diagnostic_baseline,question_only_lower_bound,True,2wikimultihopqa,multi_hop,entity,8000,scattered,low,unknown,Yash Johar,Unknown,p0001;p0002,,True,0.0,0.0,0.0,0.0,0.0,0.0,0.0,0.0,0.0,0.0,evidence_localization_failure,
2wikimultihopqa_ba773ad00bd911eba7f7acde48001122,mistral-small3.1:24b,direct,Full Context,diagnostic_condition,full_context_condition,True,2wikimultihopqa,multi_hop,entity,8000,scattered,low,unknown,Yash Johar,Yash Johar,p0001;p0002,p0001;p0002,True,1.0,1.0,1.0,1.0,1.0,1.0,1.0,1.0,1.0,1.0,success,
2wikimultihopqa_ba773ad00bd911eba7f7acde48001122,mistral-small3.1:24b,retrieve_then_read,Retrieved Evidence,diagnostic_condition,evidence_narrowed_condition,True,2wikimultihopqa,multi_hop,entity,8000,scattered,low,unknown,Yash Johar,Yash Johar,p0001;p0002,p0002,True,1.0,1.0,1.0,1.0,1.0,1.0,1.0,0.5,0.6666666666666666,1.0,success,
2wikimultihopqa_ba773ad00bd911eba7f7acde48001122,mistral-small3.1:24b,oracle,Oracle Evidence,diagnostic_baseline,oracle_evidence_upper_reference,True,2wikimultihopqa,multi_hop,entity,8000,scattered,low,unknown,Yash Johar,Yash Johar,p0001;p0002,p0001;p0002,True,1.0,1.0,1.0,1.0,1.0,1.0,1.0,1.0,1.0,1.0,success,
2wikimultihopqa_31bfa49208e711ebbda5ac1f6bf848b6,mistral-small3.1:24b,no_evidence,No Evidence,diagnostic_baseline,question_only_lower_bound,True,2wikimultihopqa,comparison,entity,16000,front,low,unknown,Ramsay Anderson,Fernand Fédronic,p0001;p0002,,True,0.0,0.0,0.0,0.0,0.0,0.0,0.0,0.0,0.0,0.0,evidence_localization_failure,
2wikimultihopqa_31bfa49208e711ebbda5ac1f6bf848b6,mistral-small3.1:24b,direct,Full Context,diagnostic_condition,full_context_condition,True,2wikimultihopqa,comparison,entity,16000,front,low,unknown,Ramsay Anderson,David Ramsay Anderson,p0001;p0002,p0001,True,0.0,0.8,0.0,0.8,0.0,0.8,1.0,0.5,0.6666666666666666,1.0,evidence_integration_failure,
2wikimultihopqa_31bfa49208e711ebbda5ac1f6bf848b6,mistral-small3.1:24b,retrieve_then_read,Retrieved Evidence,diagnostic_condition,evidence_narrowed_condition,True,2wikimultihopqa,comparison,entity,16000,front,low,unknown,Ramsay Anderson,David Ramsay Anderson,p0001;p0002,p0001;p0002,True,0.0,0.8,0.0,0.8,0.0,0.8,1.0,1.0,1.0,1.0,answer_conversion_failure,
2wikimultihopqa_31bfa49208e711ebbda5ac1f6bf848b6,mistral-small3.1:24b,oracle,Oracle Evidence,diagnostic_baseline,oracle_evidence_upper_reference,True,2wikimultihopqa,comparison,entity,16000,front,low,unknown,Ramsay Anderson,David Ramsay Anderson,p0001;p0002,p0001;p0002,True,0.0,0.8,0.0,0.8,0.0,0.8,1.0,1.0,1.0,1.0,answer_conversion_failure,
2wikimultihopqa_8f2b2975088a11ebbd6fac1f6bf848b6,mistral-small3.1:24b,no_evidence,No Evidence,diagnostic_baseline,question_only_lower_bound,True,2wikimultihopqa,comparison,yes_no,4000,middle,medium,unknown,yes,no,p0001;p0002;p0003;p0004,,True,0.0,0.0,0.0,0.0,0.0,0.0,0.0,0.0,0.0,0.0,evidence_localization_failure,
2wikimultihopqa_8f2b2975088a11ebbd6fac1f6bf848b6,mistral-small3.1:24b,direct,Full Context,diagnostic_condition,full_context_condition,True,2wikimultihopqa,comparison,yes_no,4000,middle,medium,unknown,yes,no,p0001;p0002;p0003;p0004,p0001;p0002,True,0.0,0.0,0.0,0.0,0.0,0.0,1.0,0.5,0.6666666666666666,1.0,evidence_integration_failure,
2wikimultihopqa_8f2b2975088a11ebbd6fac1f6bf848b6,mistral-small3.1:24b,retrieve_then_read,Retrieved Evidence,diagnostic_condition,evidence_narrowed_condition,True,2wikimultihopqa,comparison,yes_no,4000,middle,medium,unknown,yes,no,p0001;p0002;p0003;p0004,p0001,True,0.0,0.0,0.0,0.0,0.0,0.0,1.0,0.25,0.4,1.0,evidence_integration_failure,
2wikimultihopqa_8f2b2975088a11ebbd6fac1f6bf848b6,mistral-small3.1:24b,oracle,Oracle Evidence,diagnostic_baseline,oracle_evidence_upper_reference,True,2wikimultihopqa,comparison,yes_no,4000,middle,medium,unknown,yes,no,p0001;p0002;p0003;p0004,p0001;p0002;p0003,True,0.0,0.0,0.0,0.0,0.0,0.0,1.0,0.75,0.8571428571428571,1.0,evidence_integration_failure,
2wikimultihopqa_90bad89e0bdb11eba7f7acde48001122,mistral-small3.1:24b,no_evidence,No Evidence,diagnostic_baseline,question_only_lower_bound,True,2wikimultihopqa,multi_hop,entity,8000,end,low,unknown,"San Juan, Puerto Rico",unknown,p0001;p0002,,True,0.0,0.0,0.0,0.0,0.0,0.0,0.0,0.0,0.0,0.0,evidence_localization_failure,
2wikimultihopqa_90bad89e0bdb11eba7f7acde48001122,mistral-small3.1:24b,direct,Full Context,diagnostic_condition,full_context_condition,True,2wikimultihopqa,multi_hop,entity,8000,end,low,unknown,"San Juan, Puerto Rico","San Juan, Puerto Rico",p0001;p0002,p0002,True,1.0,1.0,1.0,1.0,1.0,1.0,1.0,0.5,0.6666666666666666,1.0,success,
2wikimultihopqa_90bad89e0bdb11eba7f7acde48001122,mistral-small3.1:24b,retrieve_then_read,Retrieved Evidence,diagnostic_condition,evidence_narrowed_condition,True,2wikimultihopqa,multi_hop,entity,8000,end,low,unknown,"San Juan, Puerto Rico","Indianapolis, Indiana",p0001;p0002,,True,0.0,0.0,0.0,0.0,0.0,0.0,0.0,0.0,0.0,0.0,evidence_localization_failure,
2wikimultihopqa_90bad89e0bdb11eba7f7acde48001122,mistral-small3.1:24b,oracle,Oracle Evidence,diagnostic_baseline,oracle_evidence_upper_reference,True,2wikimultihopqa,multi_hop,entity,8000,end,low,unknown,"San Juan, Puerto Rico",San Juan,p0001;p0002,p0001;p0002,True,0.0,0.6666666666666666,0.0,0.6666666666666666,0.0,0.6666666666666666,1.0,1.0,1.0,1.0,answer_conversion_failure,
2wikimultihopqa_6c7f03240bdb11eba7f7acde48001122,mistral-small3.1:24b,no_evidence,No Evidence,diagnostic_baseline,question_only_lower_bound,True,2wikimultihopqa,multi_hop,entity,16000,scattered,low,unknown,Évreux,unknown,p0001;p0002,,True,0.0,0.0,0.0,0.0,0.0,0.0,0.0,0.0,0.0,0.0,evidence_localization_failure,
2wikimultihopqa_6c7f03240bdb11eba7f7acde48001122,mistral-small3.1:24b,direct,Full Context,diagnostic_condition,full_context_condition,True,2wikimultihopqa,multi_hop,entity,16000,scattered,low,unknown,Évreux,Évreux,p0001;p0002,p0002,True,1.0,1.0,1.0,1.0,1.0,1.0,1.0,0.5,0.6666666666666666,1.0,success,
2wikimultihopqa_6c7f03240bdb11eba7f7acde48001122,mistral-small3.1:24b,retrieve_then_read,Retrieved Evidence,diagnostic_condition,evidence_narrowed_condition,True,2wikimultihopqa,multi_hop,entity,16000,scattered,low,unknown,Évreux,unknown,p0001;p0002,,True,0.0,0.0,0.0,0.0,0.0,0.0,0.0,0.0,0.0,0.0,evidence_localization_failure,
2wikimultihopqa_6c7f03240bdb11eba7f7acde48001122,mistral-small3.1:24b,oracle,Oracle Evidence,diagnostic_baseline,oracle_evidence_upper_reference,True,2wikimultihopqa,multi_hop,entity,16000,scattered,low,unknown,Évreux,Évreux,p0001;p0002,p0001;p0002,True,1.0,1.0,1.0,1.0,1.0,1.0,1.0,1.0,1.0,1.0,success,
2wikimultihopqa_bf06c94208a711ebbd7fac1f6bf848b6,mistral-small3.1:24b,no_evidence,No Evidence,diagnostic_baseline,question_only_lower_bound,True,2wikimultihopqa,comparison,yes_no,4000,front,medium,unknown,yes,no,p0001;p0002;p0003;p0004,,True,0.0,0.0,0.0,0.0,0.0,0.0,0.0,0.0,0.0,0.0,evidence_localization_failure,
2wikimultihopqa_bf06c94208a711ebbd7fac1f6bf848b6,mistral-small3.1:24b,direct,Full Context,diagnostic_condition,full_context_condition,True,2wikimultihopqa,comparison,yes_no,4000,front,medium,unknown,yes,no,p0001;p0002;p0003;p0004,p0001;p0002,True,0.0,0.0,0.0,0.0,0.0,0.0,1.0,0.5,0.6666666666666666,1.0,evidence_integration_failure,
2wikimultihopqa_bf06c94208a711ebbd7fac1f6bf848b6,mistral-small3.1:24b,retrieve_then_read,Retrieved Evidence,diagnostic_condition,evidence_narrowed_condition,True,2wikimultihopqa,comparison,yes_no,4000,front,medium,unknown,yes,no,p0001;p0002;p0003;p0004,p0001;p0003,True,0.0,0.0,0.0,0.0,0.0,0.0,1.0,0.5,0.6666666666666666,1.0,evidence_integration_failure,
2wikimultihopqa_bf06c94208a711ebbd7fac1f6bf848b6,mistral-small3.1:24b,oracle,Oracle Evidence,diagnostic_baseline,oracle_evidence_upper_reference,True,2wikimultihopqa,comparison,yes_no,4000,front,medium,unknown,yes,yes,p0001;p0002;p0003;p0004,p0001;p0002,True,1.0,1.0,1.0,1.0,1.0,1.0,1.0,0.5,0.6666666666666666,1.0,success,
2wikimultihopqa_e61479860bda11eba7f7acde48001122,mistral-small3.1:24b,no_evidence,No Evidence,diagnostic_baseline,question_only_lower_bound,True,2wikimultihopqa,multi_hop,entity,8000,middle,low,unknown,Reykjavík,unknown,p0001;p0002,,True,0.0,0.0,0.0,0.0,0.0,0.0,0.0,0.0,0.0,0.0,evidence_localization_failure,
2wikimultihopqa_e61479860bda11eba7f7acde48001122,mistral-small3.1:24b,direct,Full Context,diagnostic_condition,full_context_condition,True,2wikimultihopqa,multi_hop,entity,8000,middle,low,unknown,Reykjavík,Reykjavík,p0001;p0002,p0002,True,1.0,1.0,1.0,1.0,1.0,1.0,1.0,0.5,0.6666666666666666,1.0,success,
2wikimultihopqa_e61479860bda11eba7f7acde48001122,mistral-small3.1:24b,retrieve_then_read,Retrieved Evidence,diagnostic_condition,evidence_narrowed_condition,True,2wikimultihopqa,multi_hop,entity,8000,middle,low,unknown,Reykjavík,"Kingston, Jamaica",p0001;p0002,,True,0.0,0.0,0.0,0.0,0.0,0.0,0.0,0.0,0.0,0.0,evidence_localization_failure,
2wikimultihopqa_e61479860bda11eba7f7acde48001122,mistral-small3.1:24b,oracle,Oracle Evidence,diagnostic_baseline,oracle_evidence_upper_reference,True,2wikimultihopqa,multi_hop,entity,8000,middle,low,unknown,Reykjavík,Reykjavík,p0001;p0002,p0001;p0002,True,1.0,1.0,1.0,1.0,1.0,1.0,1.0,1.0,1.0,1.0,success,
2wikimultihopqa_dea2ea800bd911eba7f7acde48001122,mistral-small3.1:24b,no_evidence,No Evidence,diagnostic_baseline,question_only_lower_bound,True,2wikimultihopqa,multi_hop,entity,16000,end,low,unknown,Munich,unknown,p0001;p0002,,True,0.0,0.0,0.0,0.0,0.0,0.0,0.0,0.0,0.0,0.0,evidence_localization_failure,
2wikimultihopqa_dea2ea800bd911eba7f7acde48001122,mistral-small3.1:24b,direct,Full Context,diagnostic_condition,full_context_condition,True,2wikimultihopqa,multi_hop,entity,16000,end,low,unknown,Munich,Munich,p0001;p0002,p0001,True,1.0,1.0,1.0,1.0,1.0,1.0,1.0,0.5,0.6666666666666666,1.0,success,
2wikimultihopqa_dea2ea800bd911eba7f7acde48001122,mistral-small3.1:24b,retrieve_then_read,Retrieved Evidence,diagnostic_condition,evidence_narrowed_condition,True,2wikimultihopqa,multi_hop,entity,16000,end,low,unknown,Munich,Portugal,p0001;p0002,,True,0.0,0.0,0.0,0.0,0.0,0.0,0.0,0.0,0.0,0.0,evidence_localization_failure,
2wikimultihopqa_dea2ea800bd911eba7f7acde48001122,mistral-small3.1:24b,oracle,Oracle Evidence,diagnostic_baseline,oracle_evidence_upper_reference,True,2wikimultihopqa,multi_hop,entity,16000,end,low,unknown,Munich,Munich,p0001;p0002,p0002,True,1.0,1.0,1.0,1.0,1.0,1.0,1.0,0.5,0.6666666666666666,1.0,success,
2wikimultihopqa_b7de2a860bd911eba7f7acde48001122,mistral-small3.1:24b,no_evidence,No Evidence,diagnostic_baseline,question_only_lower_bound,True,2wikimultihopqa,multi_hop,entity,4000,scattered,low,unknown,Maureen O'Sullivan,unknown,p0001;p0002,,True,0.0,0.0,0.0,0.0,0.0,0.0,0.0,0.0,0.0,0.0,evidence_localization_failure,
2wikimultihopqa_b7de2a860bd911eba7f7acde48001122,mistral-small3.1:24b,direct,Full Context,diagnostic_condition,full_context_condition,True,2wikimultihopqa,multi_hop,entity,4000,scattered,low,unknown,Maureen O'Sullivan,Maureen O'Sullivan,p0001;p0002,p0001;p0002,True,1.0,1.0,1.0,1.0,1.0,1.0,1.0,1.0,1.0,1.0,success,
2wikimultihopqa_b7de2a860bd911eba7f7acde48001122,mistral-small3.1:24b,retrieve_then_read,Retrieved Evidence,diagnostic_condition,evidence_narrowed_condition,True,2wikimultihopqa,multi_hop,entity,4000,scattered,low,unknown,Maureen O'Sullivan,Grand Duke Henri,p0001;p0002,p0001,True,0.0,0.0,0.0,0.0,0.0,0.0,1.0,0.5,0.6666666666666666,1.0,evidence_integration_failure,
2wikimultihopqa_b7de2a860bd911eba7f7acde48001122,mistral-small3.1:24b,oracle,Oracle Evidence,diagnostic_baseline,oracle_evidence_upper_reference,True,2wikimultihopqa,multi_hop,entity,4000,scattered,low,unknown,Maureen O'Sullivan,Maureen O'Sullivan,p0001;p0002,p0001;p0002,True,1.0,1.0,1.0,1.0,1.0,1.0,1.0,1.0,1.0,1.0,success,
2wikimultihopqa_bf9d9ad008a611ebbd7fac1f6bf848b6,mistral-small3.1:24b,no_evidence,No Evidence,diagnostic_baseline,question_only_lower_bound,True,2wikimultihopqa,comparison,yes_no,8000,front,medium,unknown,no,no,p0001;p0002;p0003;p0004,,True,1.0,1.0,1.0,1.0,1.0,1.0,0.0,0.0,0.0,0.0,success,
2wikimultihopqa_bf9d9ad008a611ebbd7fac1f6bf848b6,mistral-small3.1:24b,direct,Full Context,diagnostic_condition,full_context_condition,True,2wikimultihopqa,comparison,yes_no,8000,front,medium,unknown,no,no,p0001;p0002;p0003;p0004,p0001;p0002,True,1.0,1.0,1.0,1.0,1.0,1.0,1.0,0.5,0.6666666666666666,1.0,success,
2wikimultihopqa_bf9d9ad008a611ebbd7fac1f6bf848b6,mistral-small3.1:24b,retrieve_then_read,Retrieved Evidence,diagnostic_condition,evidence_narrowed_condition,True,2wikimultihopqa,comparison,yes_no,8000,front,medium,unknown,no,no,p0001;p0002;p0003;p0004,,True,1.0,1.0,1.0,1.0,1.0,1.0,0.0,0.0,0.0,0.0,success,
2wikimultihopqa_bf9d9ad008a611ebbd7fac1f6bf848b6,mistral-small3.1:24b,oracle,Oracle Evidence,diagnostic_baseline,oracle_evidence_upper_reference,True,2wikimultihopqa,comparison,yes_no,8000,front,medium,unknown,no,no,p0001;p0002;p0003;p0004,p0001;p0003;p0004,True,1.0,1.0,1.0,1.0,1.0,1.0,1.0,0.75,0.8571428571428571,1.0,success,
2wikimultihopqa_5674c972095311ebbdaeac1f6bf848b6,mistral-small3.1:24b,no_evidence,No Evidence,diagnostic_baseline,question_only_lower_bound,True,2wikimultihopqa,comparison,string,16000,middle,low,unknown,Amelie Or The Time To Love,Beginners,p0001;p0002,,True,0.0,0.0,0.0,0.0,0.0,0.0,0.0,0.0,0.0,0.0,evidence_localization_failure,
2wikimultihopqa_5674c972095311ebbdaeac1f6bf848b6,mistral-small3.1:24b,direct,Full Context,diagnostic_condition,full_context_condition,True,2wikimultihopqa,comparison,string,16000,middle,low,unknown,Amelie Or The Time To Love,Amelie Or The Time To Love,p0001;p0002,p0001;p0002,True,1.0,1.0,1.0,1.0,1.0,1.0,1.0,1.0,1.0,1.0,success,
2wikimultihopqa_5674c972095311ebbdaeac1f6bf848b6,mistral-small3.1:24b,retrieve_then_read,Retrieved Evidence,diagnostic_condition,evidence_narrowed_condition,True,2wikimultihopqa,comparison,string,16000,middle,low,unknown,Amelie Or The Time To Love,Amelie Or The Time To Love,p0001;p0002,p0002,True,1.0,1.0,1.0,1.0,1.0,1.0,1.0,0.5,0.6666666666666666,1.0,success,
2wikimultihopqa_5674c972095311ebbdaeac1f6bf848b6,mistral-small3.1:24b,oracle,Oracle Evidence,diagnostic_baseline,oracle_evidence_upper_reference,True,2wikimultihopqa,comparison,string,16000,middle,low,unknown,Amelie Or The Time To Love,Amelie Or The Time To Love,p0001;p0002,p0001;p0002,True,1.0,1.0,1.0,1.0,1.0,1.0,1.0,1.0,1.0,1.0,success,
2wikimultihopqa_dbcd3f5e0bd911eba7f7acde48001122,mistral-small3.1:24b,no_evidence,No Evidence,diagnostic_baseline,question_only_lower_bound,True,2wikimultihopqa,multi_hop,string,4000,end,low,unknown,shot,gunshot wound,p0001;p0002,,True,0.0,0.0,0.0,0.0,0.0,0.0,0.0,0.0,0.0,0.0,evidence_localization_failure,
2wikimultihopqa_dbcd3f5e0bd911eba7f7acde48001122,mistral-small3.1:24b,direct,Full Context,diagnostic_condition,full_context_condition,True,2wikimultihopqa,multi_hop,string,4000,end,low,unknown,shot,fatal shooting,p0001;p0002,p0001;p0002,True,0.0,0.0,0.0,0.0,0.0,0.0,1.0,1.0,1.0,1.0,answer_conversion_failure,
2wikimultihopqa_dbcd3f5e0bd911eba7f7acde48001122,mistral-small3.1:24b,retrieve_then_read,Retrieved Evidence,diagnostic_condition,evidence_narrowed_condition,True,2wikimultihopqa,multi_hop,string,4000,end,low,unknown,shot,fatal shot,p0001;p0002,p0001,True,0.0,0.6666666666666666,0.0,0.6666666666666666,0.0,0.6666666666666666,1.0,0.5,0.6666666666666666,1.0,evidence_integration_failure,
2wikimultihopqa_dbcd3f5e0bd911eba7f7acde48001122,mistral-small3.1:24b,oracle,Oracle Evidence,diagnostic_baseline,oracle_evidence_upper_reference,True,2wikimultihopqa,multi_hop,string,4000,end,low,unknown,shot,fatal shooting,p0001;p0002,p0001;p0002,True,0.0,0.0,0.0,0.0,0.0,0.0,1.0,1.0,1.0,1.0,answer_conversion_failure,
2wikimultihopqa_c789bc3b087211ebbd66ac1f6bf848b6,mistral-small3.1:24b,no_evidence,No Evidence,diagnostic_baseline,question_only_lower_bound,True,2wikimultihopqa,comparison,entity,8000,scattered,low,unknown,Natürlich Die Nelli,Cairo Declaration (Film),p0001;p0002,,True,0.0,0.0,0.0,0.0,0.0,0.0,0.0,0.0,0.0,0.0,evidence_localization_failure,
2wikimultihopqa_c789bc3b087211ebbd66ac1f6bf848b6,mistral-small3.1:24b,direct,Full Context,diagnostic_condition,full_context_condition,True,2wikimultihopqa,comparison,entity,8000,scattered,low,unknown,Natürlich Die Nelli,Natürlich Die Nelli,p0001;p0002,p0001,True,1.0,1.0,1.0,1.0,1.0,1.0,1.0,0.5,0.6666666666666666,1.0,success,
2wikimultihopqa_c789bc3b087211ebbd66ac1f6bf848b6,mistral-small3.1:24b,retrieve_then_read,Retrieved Evidence,diagnostic_condition,evidence_narrowed_condition,True,2wikimultihopqa,comparison,entity,8000,scattered,low,unknown,Natürlich Die Nelli,Cairo Declaration,p0001;p0002,,True,0.0,0.0,0.0,0.0,0.0,0.0,0.0,0.0,0.0,0.0,evidence_localization_failure,
2wikimultihopqa_c789bc3b087211ebbd66ac1f6bf848b6,mistral-small3.1:24b,oracle,Oracle Evidence,diagnostic_baseline,oracle_evidence_upper_reference,True,2wikimultihopqa,comparison,entity,8000,scattered,low,unknown,Natürlich Die Nelli,Natürlich die Nelli,p0001;p0002,p0001;p0002,True,1.0,1.0,1.0,1.0,1.0,1.0,1.0,1.0,1.0,1.0,success,
2wikimultihopqa_0c0830a00baf11ebab90acde48001122,mistral-small3.1:24b,no_evidence,No Evidence,diagnostic_baseline,question_only_lower_bound,True,2wikimultihopqa,multi_hop,entity,16000,front,low,unknown,Elizabeth the Cuman,Maria Doukaina,p0001;p0002,,True,0.0,0.0,0.0,0.0,0.0,0.0,0.0,0.0,0.0,0.0,evidence_localization_failure,
2wikimultihopqa_0c0830a00baf11ebab90acde48001122,mistral-small3.1:24b,direct,Full Context,diagnostic_condition,full_context_condition,True,2wikimultihopqa,multi_hop,entity,16000,front,low,unknown,Elizabeth the Cuman,Elizabeth the Cuman,p0001;p0002,p0002,True,1.0,1.0,1.0,1.0,1.0,1.0,1.0,0.5,0.6666666666666666,1.0,success,
2wikimultihopqa_0c0830a00baf11ebab90acde48001122,mistral-small3.1:24b,retrieve_then_read,Retrieved Evidence,diagnostic_condition,evidence_narrowed_condition,True,2wikimultihopqa,multi_hop,entity,16000,front,low,unknown,Elizabeth the Cuman,Elizabeth the Cuman,p0001;p0002,p0001,True,1.0,1.0,1.0,1.0,1.0,1.0,1.0,0.5,0.6666666666666666,1.0,success,
2wikimultihopqa_0c0830a00baf11ebab90acde48001122,mistral-small3.1:24b,oracle,Oracle Evidence,diagnostic_baseline,oracle_evidence_upper_reference,True,2wikimultihopqa,multi_hop,entity,16000,front,low,unknown,Elizabeth the Cuman,Elizabeth the Cuman,p0001;p0002,p0001;p0002,True,1.0,1.0,1.0,1.0,1.0,1.0,1.0,1.0,1.0,1.0,success,
2wikimultihopqa_960b5ec00bdd11eba7f7acde48001122,mistral-small3.1:24b,no_evidence,No Evidence,diagnostic_baseline,question_only_lower_bound,True,2wikimultihopqa,multi_hop,entity,4000,middle,low,unknown,Abilene,unknown,p0001;p0002,,True,0.0,0.0,0.0,0.0,0.0,0.0,0.0,0.0,0.0,0.0,evidence_localization_failure,
2wikimultihopqa_960b5ec00bdd11eba7f7acde48001122,mistral-small3.1:24b,direct,Full Context,diagnostic_condition,full_context_condition,True,2wikimultihopqa,multi_hop,entity,4000,middle,low,unknown,Abilene,"Nanterre, Hauts- de- Seine",p0001;p0002,p0008,True,0.0,0.0,0.0,0.0,0.0,0.0,0.0,0.0,0.0,0.0,evidence_selection_failure,
2wikimultihopqa_960b5ec00bdd11eba7f7acde48001122,mistral-small3.1:24b,retrieve_then_read,Retrieved Evidence,diagnostic_condition,evidence_narrowed_condition,True,2wikimultihopqa,multi_hop,entity,4000,middle,low,unknown,Abilene,"Brooklyn, New York",p0001;p0002,,True,0.0,0.0,0.0,0.0,0.0,0.0,0.0,0.0,0.0,0.0,evidence_localization_failure,
2wikimultihopqa_960b5ec00bdd11eba7f7acde48001122,mistral-small3.1:24b,oracle,Oracle Evidence,diagnostic_baseline,oracle_evidence_upper_reference,True,2wikimultihopqa,multi_hop,entity,4000,middle,low,unknown,Abilene,unknown,p0001;p0002,p0001,True,0.0,0.0,0.0,0.0,0.0,0.0,1.0,0.5,0.6666666666666666,1.0,evidence_integration_failure,
2wikimultihopqa_077b294e0bdb11eba7f7acde48001122,mistral-small3.1:24b,no_evidence,No Evidence,diagnostic_baseline,question_only_lower_bound,True,2wikimultihopqa,multi_hop,entity,8000,end,low,unknown,Tehran,unknown,p0001;p0002,,True,0.0,0.0,0.0,0.0,0.0,0.0,0.0,0.0,0.0,0.0,evidence_localization_failure,
2wikimultihopqa_077b294e0bdb11eba7f7acde48001122,mistral-small3.1:24b,direct,Full Context,diagnostic_condition,full_context_condition,True,2wikimultihopqa,multi_hop,entity,8000,end,low,unknown,Tehran,"Tehran, Iran",p0001;p0002,p0001;p0002,True,0.0,0.6666666666666666,0.0,0.6666666666666666,0.0,0.6666666666666666,1.0,1.0,1.0,1.0,answer_conversion_failure,
2wikimultihopqa_077b294e0bdb11eba7f7acde48001122,mistral-small3.1:24b,retrieve_then_read,Retrieved Evidence,diagnostic_condition,evidence_narrowed_condition,True,2wikimultihopqa,multi_hop,entity,8000,end,low,unknown,Tehran,unknown,p0001;p0002,,True,0.0,0.0,0.0,0.0,0.0,0.0,0.0,0.0,0.0,0.0,evidence_localization_failure,
2wikimultihopqa_077b294e0bdb11eba7f7acde48001122,mistral-small3.1:24b,oracle,Oracle Evidence,diagnostic_baseline,oracle_evidence_upper_reference,True,2wikimultihopqa,multi_hop,entity,8000,end,low,unknown,Tehran,"Tehran, Iran",p0001;p0002,p0001;p0002,True,0.0,0.6666666666666666,0.0,0.6666666666666666,0.0,0.6666666666666666,1.0,1.0,1.0,1.0,answer_conversion_failure,
2wikimultihopqa_9e506db00bdc11eba7f7acde48001122,mistral-small3.1:24b,no_evidence,No Evidence,diagnostic_baseline,question_only_lower_bound,True,2wikimultihopqa,multi_hop,entity,16000,scattered,low,unknown,Käbi Laretei,unknown,p0001;p0002,,True,0.0,0.0,0.0,0.0,0.0,0.0,0.0,0.0,0.0,0.0,evidence_localization_failure,
2wikimultihopqa_9e506db00bdc11eba7f7acde48001122,mistral-small3.1:24b,direct,Full Context,diagnostic_condition,full_context_condition,True,2wikimultihopqa,multi_hop,entity,16000,scattered,low,unknown,Käbi Laretei,Käbi Laretei,p0001;p0002,p0001;p0002,True,1.0,1.0,1.0,1.0,1.0,1.0,1.0,1.0,1.0,1.0,success,
2wikimultihopqa_9e506db00bdc11eba7f7acde48001122,mistral-small3.1:24b,retrieve_then_read,Retrieved Evidence,diagnostic_condition,evidence_narrowed_condition,True,2wikimultihopqa,multi_hop,entity,16000,scattered,low,unknown,Käbi Laretei,Daniel Bergman,p0001;p0002,,True,0.0,0.0,0.0,0.0,0.0,0.0,0.0,0.0,0.0,0.0,evidence_localization_failure,
2wikimultihopqa_9e506db00bdc11eba7f7acde48001122,mistral-small3.1:24b,oracle,Oracle Evidence,diagnostic_baseline,oracle_evidence_upper_reference,True,2wikimultihopqa,multi_hop,entity,16000,scattered,low,unknown,Käbi Laretei,Käbi Laretei,p0001;p0002,p0001;p0002,True,1.0,1.0,1.0,1.0,1.0,1.0,1.0,1.0,1.0,1.0,success,
2wikimultihopqa_bac99ab40bd911eba7f7acde48001122,mistral-small3.1:24b,no_evidence,No Evidence,diagnostic_baseline,question_only_lower_bound,True,2wikimultihopqa,multi_hop,entity,4000,front,low,unknown,Great Pyramid of Giza,Saqqara,p0001;p0002,,True,0.0,0.0,0.0,0.0,0.0,0.0,0.0,0.0,0.0,0.0,evidence_localization_failure,
2wikimultihopqa_bac99ab40bd911eba7f7acde48001122,mistral-small3.1:24b,direct,Full Context,diagnostic_condition,full_context_condition,True,2wikimultihopqa,multi_hop,entity,4000,front,low,unknown,Great Pyramid of Giza,Giza,p0001;p0002,p0010,True,0.0,0.4,0.0,0.4,0.0,0.4,0.0,0.0,0.0,0.0,evidence_selection_failure,
2wikimultihopqa_bac99ab40bd911eba7f7acde48001122,mistral-small3.1:24b,retrieve_then_read,Retrieved Evidence,diagnostic_condition,evidence_narrowed_condition,True,2wikimultihopqa,multi_hop,entity,4000,front,low,unknown,Great Pyramid of Giza,Giza,p0001;p0002,p0009,True,0.0,0.4,0.0,0.4,0.0,0.4,0.0,0.0,0.0,0.0,evidence_selection_failure,
2wikimultihopqa_bac99ab40bd911eba7f7acde48001122,mistral-small3.1:24b,oracle,Oracle Evidence,diagnostic_baseline,oracle_evidence_upper_reference,True,2wikimultihopqa,multi_hop,entity,4000,front,low,unknown,Great Pyramid of Giza,Great Pyramid of Giza,p0001;p0002,p0001;p0002,True,1.0,1.0,1.0,1.0,1.0,1.0,1.0,1.0,1.0,1.0,success,
2wikimultihopqa_ab94845c0baf11ebab90acde48001122,mistral-small3.1:24b,no_evidence,No Evidence,diagnostic_baseline,question_only_lower_bound,True,2wikimultihopqa,multi_hop,entity,8000,middle,low,unknown,Theuderic I,unknown,p0001;p0002,,True,0.0,0.0,0.0,0.0,0.0,0.0,0.0,0.0,0.0,0.0,evidence_localization_failure,
2wikimultihopqa_ab94845c0baf11ebab90acde48001122,mistral-small3.1:24b,direct,Full Context,diagnostic_condition,full_context_condition,True,2wikimultihopqa,multi_hop,entity,8000,middle,low,unknown,Theuderic I,Theudebert I,p0001;p0002,p0001,True,0.0,0.5,0.0,0.5,0.0,0.5,1.0,0.5,0.6666666666666666,1.0,evidence_integration_failure,
2wikimultihopqa_ab94845c0baf11ebab90acde48001122,mistral-small3.1:24b,retrieve_then_read,Retrieved Evidence,diagnostic_condition,evidence_narrowed_condition,True,2wikimultihopqa,multi_hop,entity,8000,middle,low,unknown,Theuderic I,Theudebert I,p0001;p0002,p0001,True,0.0,0.5,0.0,0.5,0.0,0.5,1.0,0.5,0.6666666666666666,1.0,evidence_integration_failure,
2wikimultihopqa_ab94845c0baf11ebab90acde48001122,mistral-small3.1:24b,oracle,Oracle Evidence,diagnostic_baseline,oracle_evidence_upper_reference,True,2wikimultihopqa,multi_hop,entity,8000,middle,low,unknown,Theuderic I,Theuderic I,p0001;p0002,p0001;p0002,True,1.0,1.0,1.0,1.0,1.0,1.0,1.0,1.0,1.0,1.0,success,
2wikimultihopqa_6b3de52e0bdc11eba7f7acde48001122,mistral-small3.1:24b,no_evidence,No Evidence,diagnostic_baseline,question_only_lower_bound,True,2wikimultihopqa,multi_hop,entity,16000,end,low,unknown,Kirchheim unter Teck,unknown,p0001;p0002,,True,0.0,0.0,0.0,0.0,0.0,0.0,0.0,0.0,0.0,0.0,evidence_localization_failure,
2wikimultihopqa_6b3de52e0bdc11eba7f7acde48001122,mistral-small3.1:24b,direct,Full Context,diagnostic_condition,full_context_condition,True,2wikimultihopqa,multi_hop,entity,16000,end,low,unknown,Kirchheim unter Teck,Kirchheim unter Teck,p0001;p0002,p0002,True,1.0,1.0,1.0,1.0,1.0,1.0,1.0,0.5,0.6666666666666666,1.0,success,
2wikimultihopqa_6b3de52e0bdc11eba7f7acde48001122,mistral-small3.1:24b,retrieve_then_read,Retrieved Evidence,diagnostic_condition,evidence_narrowed_condition,True,2wikimultihopqa,multi_hop,entity,16000,end,low,unknown,Kirchheim unter Teck,"Ofen (Buda), Hungary",p0001;p0002,,True,0.0,0.0,0.0,0.0,0.0,0.0,0.0,0.0,0.0,0.0,evidence_localization_failure,
2wikimultihopqa_6b3de52e0bdc11eba7f7acde48001122,mistral-small3.1:24b,oracle,Oracle Evidence,diagnostic_baseline,oracle_evidence_upper_reference,True,2wikimultihopqa,multi_hop,entity,16000,end,low,unknown,Kirchheim unter Teck,Kirchheim unter Teck,p0001;p0002,p0002,True,1.0,1.0,1.0,1.0,1.0,1.0,1.0,0.5,0.6666666666666666,1.0,success,
2wikimultihopqa_1bd49ae00bdd11eba7f7acde48001122,mistral-small3.1:24b,no_evidence,No Evidence,diagnostic_baseline,question_only_lower_bound,True,2wikimultihopqa,multi_hop,entity,4000,scattered,low,unknown,Colorado,unknown,p0001;p0002,,True,0.0,0.0,0.0,0.0,0.0,0.0,0.0,0.0,0.0,0.0,evidence_localization_failure,
2wikimultihopqa_1bd49ae00bdd11eba7f7acde48001122,mistral-small3.1:24b,direct,Full Context,diagnostic_condition,full_context_condition,True,2wikimultihopqa,multi_hop,entity,4000,scattered,low,unknown,Colorado,"Del Norte, Colorado",p0001;p0002,p0001;p0002,True,0.0,0.5,0.0,0.5,0.0,0.5,1.0,1.0,1.0,1.0,answer_conversion_failure,
2wikimultihopqa_1bd49ae00bdd11eba7f7acde48001122,mistral-small3.1:24b,retrieve_then_read,Retrieved Evidence,diagnostic_condition,evidence_narrowed_condition,True,2wikimultihopqa,multi_hop,entity,4000,scattered,low,unknown,Colorado,"Charlotteville, Tobago",p0001;p0002,,True,0.0,0.0,0.0,0.0,0.0,0.0,0.0,0.0,0.0,0.0,evidence_localization_failure,
2wikimultihopqa_1bd49ae00bdd11eba7f7acde48001122,mistral-small3.1:24b,oracle,Oracle Evidence,diagnostic_baseline,oracle_evidence_upper_reference,True,2wikimultihopqa,multi_hop,entity,4000,scattered,low,unknown,Colorado,"Del Norte, Colorado",p0001;p0002,p0001;p0002,True,0.0,0.5,0.0,0.5,0.0,0.5,1.0,1.0,1.0,1.0,answer_conversion_failure,
2wikimultihopqa_1837ca440bdb11eba7f7acde48001122,mistral-small3.1:24b,no_evidence,No Evidence,diagnostic_baseline,question_only_lower_bound,True,2wikimultihopqa,multi_hop,entity,8000,front,low,unknown,Viennese,unknown,p0001;p0002,,True,0.0,0.0,0.0,0.0,0.0,0.0,0.0,0.0,0.0,0.0,evidence_localization_failure,
2wikimultihopqa_1837ca440bdb11eba7f7acde48001122,mistral-small3.1:24b,direct,Full Context,diagnostic_condition,full_context_condition,True,2wikimultihopqa,multi_hop,entity,8000,front,low,unknown,Viennese,Vienna,p0001;p0002,p0007,True,0.0,0.0,0.0,0.0,0.0,0.0,0.0,0.0,0.0,0.0,evidence_selection_failure,
2wikimultihopqa_1837ca440bdb11eba7f7acde48001122,mistral-small3.1:24b,retrieve_then_read,Retrieved Evidence,diagnostic_condition,evidence_narrowed_condition,True,2wikimultihopqa,multi_hop,entity,8000,front,low,unknown,Viennese,Vienna,p0001;p0002,,True,0.0,0.0,0.0,0.0,0.0,0.0,0.0,0.0,0.0,0.0,evidence_localization_failure,
2wikimultihopqa_1837ca440bdb11eba7f7acde48001122,mistral-small3.1:24b,oracle,Oracle Evidence,diagnostic_baseline,oracle_evidence_upper_reference,True,2wikimultihopqa,multi_hop,entity,8000,front,low,unknown,Viennese,Austria,p0001;p0002,p0001,True,0.0,0.0,0.0,0.0,0.0,0.0,1.0,0.5,0.6666666666666666,1.0,evidence_integration_failure,
2wikimultihopqa_2dba81d80bde11eba7f7acde48001122,mistral-small3.1:24b,no_evidence,No Evidence,diagnostic_baseline,question_only_lower_bound,True,2wikimultihopqa,multi_hop,string,16000,middle,low,unknown,"hanged, drawn and quartered",unknown,p0001;p0002,,True,0.0,0.0,0.0,0.0,0.0,0.0,0.0,0.0,0.0,0.0,evidence_localization_failure,
2wikimultihopqa_2dba81d80bde11eba7f7acde48001122,mistral-small3.1:24b,direct,Full Context,diagnostic_condition,full_context_condition,True,2wikimultihopqa,multi_hop,string,16000,middle,low,unknown,"hanged, drawn and quartered","hanged, drawn and quartered",p0001;p0002,p0002,True,1.0,1.0,1.0,1.0,1.0,1.0,1.0,0.5,0.6666666666666666,1.0,success,
2wikimultihopqa_2dba81d80bde11eba7f7acde48001122,mistral-small3.1:24b,retrieve_then_read,Retrieved Evidence,diagnostic_condition,evidence_narrowed_condition,True,2wikimultihopqa,multi_hop,string,16000,middle,low,unknown,"hanged, drawn and quartered",favorite of Edward II of England,p0001;p0002,,True,0.0,0.0,0.0,0.0,0.0,0.0,0.0,0.0,0.0,0.0,evidence_localization_failure,
2wikimultihopqa_2dba81d80bde11eba7f7acde48001122,mistral-small3.1:24b,oracle,Oracle Evidence,diagnostic_baseline,oracle_evidence_upper_reference,True,2wikimultihopqa,multi_hop,string,16000,middle,low,unknown,"hanged, drawn and quartered","hanged, drawn and quartered",p0001;p0002,p0002,True,1.0,1.0,1.0,1.0,1.0,1.0,1.0,0.5,0.6666666666666666,1.0,success,
2wikimultihopqa_9977d29c0bdc11eba7f7acde48001122,mistral-small3.1:24b,no_evidence,No Evidence,diagnostic_baseline,question_only_lower_bound,True,2wikimultihopqa,multi_hop,string,4000,end,low,unknown,illness,unknown,p0001;p0002,,True,0.0,0.0,0.0,0.0,0.0,0.0,0.0,0.0,0.0,0.0,evidence_localization_failure,
2wikimultihopqa_9977d29c0bdc11eba7f7acde48001122,mistral-small3.1:24b,direct,Full Context,diagnostic_condition,full_context_condition,True,2wikimultihopqa,multi_hop,string,4000,end,low,unknown,illness,short illness,p0001;p0002,p0001;p0002,True,0.0,0.6666666666666666,0.0,0.6666666666666666,0.0,0.6666666666666666,1.0,1.0,1.0,1.0,answer_conversion_failure,
2wikimultihopqa_9977d29c0bdc11eba7f7acde48001122,mistral-small3.1:24b,retrieve_then_read,Retrieved Evidence,diagnostic_condition,evidence_narrowed_condition,True,2wikimultihopqa,multi_hop,string,4000,end,low,unknown,illness,alcohol poisoning,p0001;p0002,,True,0.0,0.0,0.0,0.0,0.0,0.0,0.0,0.0,0.0,0.0,evidence_localization_failure,
2wikimultihopqa_9977d29c0bdc11eba7f7acde48001122,mistral-small3.1:24b,oracle,Oracle Evidence,diagnostic_baseline,oracle_evidence_upper_reference,True,2wikimultihopqa,multi_hop,string,4000,end,low,unknown,illness,a short illness,p0001;p0002,p0001;p0002,True,0.0,0.6666666666666666,0.0,0.6666666666666666,0.0,0.6666666666666666,1.0,1.0,1.0,1.0,answer_conversion_failure,
2wikimultihopqa_ed27bca208ac11ebbd83ac1f6bf848b6,mistral-small3.1:24b,no_evidence,No Evidence,diagnostic_baseline,question_only_lower_bound,True,2wikimultihopqa,comparison,entity,8000,scattered,medium,unknown,Rocking Moon,Rocking Moon,p0001;p0002;p0003;p0004,,True,1.0,1.0,1.0,1.0,1.0,1.0,0.0,0.0,0.0,0.0,success,
2wikimultihopqa_ed27bca208ac11ebbd83ac1f6bf848b6,mistral-small3.1:24b,direct,Full Context,diagnostic_condition,full_context_condition,True,2wikimultihopqa,comparison,entity,8000,scattered,medium,unknown,Rocking Moon,Rocking Moon,p0001;p0002;p0003;p0004,p0002,True,1.0,1.0,1.0,1.0,1.0,1.0,1.0,0.25,0.4,1.0,success,
2wikimultihopqa_ed27bca208ac11ebbd83ac1f6bf848b6,mistral-small3.1:24b,retrieve_then_read,Retrieved Evidence,diagnostic_condition,evidence_narrowed_condition,True,2wikimultihopqa,comparison,entity,8000,scattered,medium,unknown,Rocking Moon,Rocking Moon,p0001;p0002;p0003;p0004,p0004,True,1.0,1.0,1.0,1.0,1.0,1.0,1.0,0.25,0.4,1.0,success,
2wikimultihopqa_ed27bca208ac11ebbd83ac1f6bf848b6,mistral-small3.1:24b,oracle,Oracle Evidence,diagnostic_baseline,oracle_evidence_upper_reference,True,2wikimultihopqa,comparison,entity,8000,scattered,medium,unknown,Rocking Moon,Rocking Moon,p0001;p0002;p0003;p0004,p0001;p0002;p0004,True,1.0,1.0,1.0,1.0,1.0,1.0,1.0,0.75,0.8571428571428571,1.0,success,
2wikimultihopqa_9aa8008408de11ebbd9eac1f6bf848b6,mistral-small3.1:24b,no_evidence,No Evidence,diagnostic_baseline,question_only_lower_bound,True,2wikimultihopqa,comparison,entity,16000,front,medium,unknown,45 Fathers,45 Fathers,p0001;p0002;p0003;p0004,,True,1.0,1.0,1.0,1.0,1.0,1.0,0.0,0.0,0.0,0.0,success,
2wikimultihopqa_9aa8008408de11ebbd9eac1f6bf848b6,mistral-small3.1:24b,direct,Full Context,diagnostic_condition,full_context_condition,True,2wikimultihopqa,comparison,entity,16000,front,medium,unknown,45 Fathers,45 Fathers,p0001;p0002;p0003;p0004,p0001;p0002,True,1.0,1.0,1.0,1.0,1.0,1.0,1.0,0.5,0.6666666666666666,1.0,success,
2wikimultihopqa_9aa8008408de11ebbd9eac1f6bf848b6,mistral-small3.1:24b,retrieve_then_read,Retrieved Evidence,diagnostic_condition,evidence_narrowed_condition,True,2wikimultihopqa,comparison,entity,16000,front,medium,unknown,45 Fathers,45 Fathers,p0001;p0002;p0003;p0004,p0001;p0002;p0004,True,1.0,1.0,1.0,1.0,1.0,1.0,1.0,0.75,0.8571428571428571,1.0,success,
2wikimultihopqa_9aa8008408de11ebbd9eac1f6bf848b6,mistral-small3.1:24b,oracle,Oracle Evidence,diagnostic_baseline,oracle_evidence_upper_reference,True,2wikimultihopqa,comparison,entity,16000,front,medium,unknown,45 Fathers,45 Fathers,p0001;p0002;p0003;p0004,p0001;p0002;p0003,True,1.0,1.0,1.0,1.0,1.0,1.0,1.0,0.75,0.8571428571428571,1.0,success,
2wikimultihopqa_ebea9324087c11ebbd6aac1f6bf848b6,mistral-small3.1:24b,no_evidence,No Evidence,diagnostic_baseline,question_only_lower_bound,True,2wikimultihopqa,comparison,yes_no,4000,middle,medium,unknown,yes,no,p0001;p0002;p0003;p0004,,True,0.0,0.0,0.0,0.0,0.0,0.0,0.0,0.0,0.0,0.0,evidence_localization_failure,
2wikimultihopqa_ebea9324087c11ebbd6aac1f6bf848b6,mistral-small3.1:24b,direct,Full Context,diagnostic_condition,full_context_condition,True,2wikimultihopqa,comparison,yes_no,4000,middle,medium,unknown,yes,no,p0001;p0002;p0003;p0004,p0001;p0002,True,0.0,0.0,0.0,0.0,0.0,0.0,1.0,0.5,0.6666666666666666,1.0,evidence_integration_failure,
2wikimultihopqa_ebea9324087c11ebbd6aac1f6bf848b6,mistral-small3.1:24b,retrieve_then_read,Retrieved Evidence,diagnostic_condition,evidence_narrowed_condition,True,2wikimultihopqa,comparison,yes_no,4000,middle,medium,unknown,yes,no,p0001;p0002;p0003;p0004,,True,0.0,0.0,0.0,0.0,0.0,0.0,0.0,0.0,0.0,0.0,evidence_localization_failure,
2wikimultihopqa_ebea9324087c11ebbd6aac1f6bf848b6,mistral-small3.1:24b,oracle,Oracle Evidence,diagnostic_baseline,oracle_evidence_upper_reference,True,2wikimultihopqa,comparison,yes_no,4000,middle,medium,unknown,yes,no,p0001;p0002;p0003;p0004,p0001;p0002;p0004,True,0.0,0.0,0.0,0.0,0.0,0.0,1.0,0.75,0.8571428571428571,1.0,evidence_integration_failure,
2wikimultihopqa_445f3df708b511ebbd88ac1f6bf848b6,mistral-small3.1:24b,no_evidence,No Evidence,diagnostic_baseline,question_only_lower_bound,True,2wikimultihopqa,comparison,yes_no,8000,end,low,unknown,yes,yes,p0001;p0002,,True,1.0,1.0,1.0,1.0,1.0,1.0,0.0,0.0,0.0,0.0,success,
2wikimultihopqa_445f3df708b511ebbd88ac1f6bf848b6,mistral-small3.1:24b,direct,Full Context,diagnostic_condition,full_context_condition,True,2wikimultihopqa,comparison,yes_no,8000,end,low,unknown,yes,no,p0001;p0002,p0001;p0002,True,0.0,0.0,0.0,0.0,0.0,0.0,1.0,1.0,1.0,1.0,answer_conversion_failure,
2wikimultihopqa_445f3df708b511ebbd88ac1f6bf848b6,mistral-small3.1:24b,retrieve_then_read,Retrieved Evidence,diagnostic_condition,evidence_narrowed_condition,True,2wikimultihopqa,comparison,yes_no,8000,end,low,unknown,yes,no,p0001;p0002,,True,0.0,0.0,0.0,0.0,0.0,0.0,0.0,0.0,0.0,0.0,evidence_localization_failure,
2wikimultihopqa_445f3df708b511ebbd88ac1f6bf848b6,mistral-small3.1:24b,oracle,Oracle Evidence,diagnostic_baseline,oracle_evidence_upper_reference,True,2wikimultihopqa,comparison,yes_no,8000,end,low,unknown,yes,no,p0001;p0002,p0001;p0002,True,0.0,0.0,0.0,0.0,0.0,0.0,1.0,1.0,1.0,1.0,answer_conversion_failure,
2wikimultihopqa_774fa4e20bdc11eba7f7acde48001122,mistral-small3.1:24b,no_evidence,No Evidence,diagnostic_baseline,question_only_lower_bound,True,2wikimultihopqa,multi_hop,entity,16000,scattered,low,unknown,21 June 1483,unknown,p0001;p0002,,True,0.0,0.0,0.0,0.0,0.0,0.0,0.0,0.0,0.0,0.0,evidence_localization_failure,
2wikimultihopqa_774fa4e20bdc11eba7f7acde48001122,mistral-small3.1:24b,direct,Full Context,diagnostic_condition,full_context_condition,True,2wikimultihopqa,multi_hop,entity,16000,scattered,low,unknown,21 June 1483,21 June 1483,p0001;p0002,p0001,True,1.0,1.0,1.0,1.0,1.0,1.0,1.0,0.5,0.6666666666666666,1.0,success,
2wikimultihopqa_774fa4e20bdc11eba7f7acde48001122,mistral-small3.1:24b,retrieve_then_read,Retrieved Evidence,diagnostic_condition,evidence_narrowed_condition,True,2wikimultihopqa,multi_hop,entity,16000,scattered,low,unknown,21 June 1483,1404,p0001;p0002,,True,0.0,0.0,0.0,0.0,0.0,0.0,0.0,0.0,0.0,0.0,evidence_localization_failure,
2wikimultihopqa_774fa4e20bdc11eba7f7acde48001122,mistral-small3.1:24b,oracle,Oracle Evidence,diagnostic_baseline,oracle_evidence_upper_reference,True,2wikimultihopqa,multi_hop,entity,16000,scattered,low,unknown,21 June 1483,21 June 1483,p0001;p0002,p0001;p0002,True,1.0,1.0,1.0,1.0,1.0,1.0,1.0,1.0,1.0,1.0,success,
2wikimultihopqa_480b4ea408ba11ebbd88ac1f6bf848b6,mistral-small3.1:24b,no_evidence,No Evidence,diagnostic_baseline,question_only_lower_bound,True,2wikimultihopqa,comparison,entity,4000,front,medium,unknown,Bad Day At Black Rock,Bad Day At Black Rock,p0001;p0002;p0003;p0004,,True,1.0,1.0,1.0,1.0,1.0,1.0,0.0,0.0,0.0,0.0,success,
2wikimultihopqa_480b4ea408ba11ebbd88ac1f6bf848b6,mistral-small3.1:24b,direct,Full Context,diagnostic_condition,full_context_condition,True,2wikimultihopqa,comparison,entity,4000,front,medium,unknown,Bad Day At Black Rock,Excursion Train,p0001;p0002;p0003;p0004,p0001;p0002,True,0.0,0.0,0.0,0.0,0.0,0.0,1.0,0.5,0.6666666666666666,1.0,evidence_integration_failure,
2wikimultihopqa_480b4ea408ba11ebbd88ac1f6bf848b6,mistral-small3.1:24b,retrieve_then_read,Retrieved Evidence,diagnostic_condition,evidence_narrowed_condition,True,2wikimultihopqa,comparison,entity,4000,front,medium,unknown,Bad Day At Black Rock,Excursion Train,p0001;p0002;p0003;p0004,p0001,True,0.0,0.0,0.0,0.0,0.0,0.0,1.0,0.25,0.4,1.0,evidence_integration_failure,
2wikimultihopqa_480b4ea408ba11ebbd88ac1f6bf848b6,mistral-small3.1:24b,oracle,Oracle Evidence,diagnostic_baseline,oracle_evidence_upper_reference,True,2wikimultihopqa,comparison,entity,4000,front,medium,unknown,Bad Day At Black Rock,Bad Day at Black Rock,p0001;p0002;p0003;p0004,p0001;p0002;p0003,True,1.0,1.0,1.0,1.0,1.0,1.0,1.0,0.75,0.8571428571428571,1.0,success,
2wikimultihopqa_a902a9b8089311ebbd75ac1f6bf848b6,mistral-small3.1:24b,no_evidence,No Evidence,diagnostic_baseline,question_only_lower_bound,True,2wikimultihopqa,comparison,entity,8000,middle,medium,unknown,Emanuelle And The Last Cannibals,Hostile Country,p0001;p0002;p0003;p0004,,True,0.0,0.0,0.0,0.0,0.0,0.0,0.0,0.0,0.0,0.0,evidence_localization_failure,
2wikimultihopqa_a902a9b8089311ebbd75ac1f6bf848b6,mistral-small3.1:24b,direct,Full Context,diagnostic_condition,full_context_condition,True,2wikimultihopqa,comparison,entity,8000,middle,medium,unknown,Emanuelle And The Last Cannibals,Emanuelle And The Last Cannibals,p0001;p0002;p0003;p0004,p0001;p0003;p0004,True,1.0,1.0,1.0,1.0,1.0,1.0,1.0,0.75,0.8571428571428571,1.0,success,
2wikimultihopqa_a902a9b8089311ebbd75ac1f6bf848b6,mistral-small3.1:24b,retrieve_then_read,Retrieved Evidence,diagnostic_condition,evidence_narrowed_condition,True,2wikimultihopqa,comparison,entity,8000,middle,medium,unknown,Emanuelle And The Last Cannibals,Emanuelle and the White Slave Trade,p0001;p0002;p0003;p0004,,True,0.0,0.4444444444444445,0.0,0.4444444444444445,0.0,0.4444444444444445,0.0,0.0,0.0,0.0,evidence_localization_failure,
2wikimultihopqa_a902a9b8089311ebbd75ac1f6bf848b6,mistral-small3.1:24b,oracle,Oracle Evidence,diagnostic_baseline,oracle_evidence_upper_reference,True,2wikimultihopqa,comparison,entity,8000,middle,medium,unknown,Emanuelle And The Last Cannibals,Hostile Country,p0001;p0002;p0003;p0004,p0001;p0002;p0003,True,0.0,0.0,0.0,0.0,0.0,0.0,1.0,0.75,0.8571428571428571,1.0,evidence_integration_failure,
2wikimultihopqa_3a2ab74c087f11ebbd6bac1f6bf848b6,mistral-small3.1:24b,no_evidence,No Evidence,diagnostic_baseline,question_only_lower_bound,True,2wikimultihopqa,comparison,entity,16000,end,medium,unknown,Madigan'S Millions,Madigan's Millions,p0001;p0002;p0003;p0004,,True,1.0,1.0,1.0,1.0,1.0,1.0,0.0,0.0,0.0,0.0,success,
2wikimultihopqa_3a2ab74c087f11ebbd6bac1f6bf848b6,mistral-small3.1:24b,direct,Full Context,diagnostic_condition,full_context_condition,True,2wikimultihopqa,comparison,entity,16000,end,medium,unknown,Madigan'S Millions,Madigan'S Millions,p0001;p0002;p0003;p0004,p0002;p0004,True,1.0,1.0,1.0,1.0,1.0,1.0,1.0,0.5,0.6666666666666666,1.0,success,
2wikimultihopqa_3a2ab74c087f11ebbd6bac1f6bf848b6,mistral-small3.1:24b,retrieve_then_read,Retrieved Evidence,diagnostic_condition,evidence_narrowed_condition,True,2wikimultihopqa,comparison,entity,16000,end,medium,unknown,Madigan'S Millions,Just Like A Woman,p0001;p0002;p0003;p0004,p0001,True,0.0,0.0,0.0,0.0,0.0,0.0,1.0,0.25,0.4,1.0,evidence_integration_failure,
2wikimultihopqa_3a2ab74c087f11ebbd6bac1f6bf848b6,mistral-small3.1:24b,oracle,Oracle Evidence,diagnostic_baseline,oracle_evidence_upper_reference,True,2wikimultihopqa,comparison,entity,16000,end,medium,unknown,Madigan'S Millions,Madigan's Millions,p0001;p0002;p0003;p0004,p0001;p0002;p0003,True,1.0,1.0,1.0,1.0,1.0,1.0,1.0,0.75,0.8571428571428571,1.0,success,
2wikimultihopqa_c9c3137e0bd911eba7f7acde48001122,mistral-small3.1:24b,no_evidence,No Evidence,diagnostic_baseline,question_only_lower_bound,True,2wikimultihopqa,multi_hop,entity,4000,scattered,low,unknown,Huntington's disease,The performer of Ludlow Massacre (Song) died in a plane crash.,p0001;p0002,,True,0.0,0.0,0.0,0.0,0.0,0.0,0.0,0.0,0.0,0.0,evidence_localization_failure,
2wikimultihopqa_c9c3137e0bd911eba7f7acde48001122,mistral-small3.1:24b,direct,Full Context,diagnostic_condition,full_context_condition,True,2wikimultihopqa,multi_hop,entity,4000,scattered,low,unknown,Huntington's disease,Ludlow Massacre,p0001;p0002,p0001,True,0.0,0.0,0.0,0.0,0.0,0.0,1.0,0.5,0.6666666666666666,1.0,evidence_integration_failure,
2wikimultihopqa_c9c3137e0bd911eba7f7acde48001122,mistral-small3.1:24b,retrieve_then_read,Retrieved Evidence,diagnostic_condition,evidence_narrowed_condition,True,2wikimultihopqa,multi_hop,entity,4000,scattered,low,unknown,Huntington's disease,killed by the bullet intended for the singer,p0001;p0002,p0001,True,0.0,0.0,0.0,0.0,0.0,0.0,1.0,0.5,0.6666666666666666,1.0,evidence_integration_failure,
2wikimultihopqa_c9c3137e0bd911eba7f7acde48001122,mistral-small3.1:24b,oracle,Oracle Evidence,diagnostic_baseline,oracle_evidence_upper_reference,True,2wikimultihopqa,multi_hop,entity,4000,scattered,low,unknown,Huntington's disease,Huntington's disease,p0001;p0002,p0001;p0002,True,1.0,1.0,1.0,1.0,1.0,1.0,1.0,1.0,1.0,1.0,success,
2wikimultihopqa_3cf8c6e0084c11ebbd56ac1f6bf848b6,mistral-small3.1:24b,no_evidence,No Evidence,diagnostic_baseline,question_only_lower_bound,True,2wikimultihopqa,comparison,entity,8000,front,medium,unknown,Sweepings,Cooee And The Echo,p0001;p0002;p0003;p0004,,True,0.0,0.0,0.0,0.0,0.0,0.0,0.0,0.0,0.0,0.0,evidence_localization_failure,
2wikimultihopqa_3cf8c6e0084c11ebbd56ac1f6bf848b6,mistral-small3.1:24b,direct,Full Context,diagnostic_condition,full_context_condition,True,2wikimultihopqa,comparison,entity,8000,front,medium,unknown,Sweepings,Sweepings,p0001;p0002;p0003;p0004,p0002;p0003,True,1.0,1.0,1.0,1.0,1.0,1.0,1.0,0.5,0.6666666666666666,1.0,success,
2wikimultihopqa_3cf8c6e0084c11ebbd56ac1f6bf848b6,mistral-small3.1:24b,retrieve_then_read,Retrieved Evidence,diagnostic_condition,evidence_narrowed_condition,True,2wikimultihopqa,comparison,entity,8000,front,medium,unknown,Sweepings,The Girl and the Echo,p0001;p0002;p0003;p0004,,True,0.0,0.0,0.0,0.0,0.0,0.0,0.0,0.0,0.0,0.0,evidence_localization_failure,
2wikimultihopqa_3cf8c6e0084c11ebbd56ac1f6bf848b6,mistral-small3.1:24b,oracle,Oracle Evidence,diagnostic_baseline,oracle_evidence_upper_reference,True,2wikimultihopqa,comparison,entity,8000,front,medium,unknown,Sweepings,Sweepings,p0001;p0002;p0003;p0004,p0001;p0002;p0003,True,1.0,1.0,1.0,1.0,1.0,1.0,1.0,0.75,0.8571428571428571,1.0,success,
2wikimultihopqa_1822cbb4089111ebbd72ac1f6bf848b6,mistral-small3.1:24b,no_evidence,No Evidence,diagnostic_baseline,question_only_lower_bound,True,2wikimultihopqa,comparison,entity,16000,middle,medium,unknown,Más Allá De La Aventura,The Newest Pledge,p0001;p0002;p0003;p0004,,True,0.0,0.0,0.0,0.0,0.0,0.0,0.0,0.0,0.0,0.0,evidence_localization_failure,
2wikimultihopqa_1822cbb4089111ebbd72ac1f6bf848b6,mistral-small3.1:24b,direct,Full Context,diagnostic_condition,full_context_condition,True,2wikimultihopqa,comparison,entity,16000,middle,medium,unknown,Más Allá De La Aventura,Más allá de la aventura,p0001;p0002;p0003;p0004,p0001;p0002,True,1.0,1.0,1.0,1.0,1.0,1.0,1.0,0.5,0.6666666666666666,1.0,success,
2wikimultihopqa_1822cbb4089111ebbd72ac1f6bf848b6,mistral-small3.1:24b,retrieve_then_read,Retrieved Evidence,diagnostic_condition,evidence_narrowed_condition,True,2wikimultihopqa,comparison,entity,16000,middle,medium,unknown,Más Allá De La Aventura,Un Viaje al más allá,p0001;p0002;p0003;p0004,,True,0.0,0.4000000000000001,0.0,0.4000000000000001,0.0,0.4000000000000001,0.0,0.0,0.0,0.0,evidence_localization_failure,
2wikimultihopqa_1822cbb4089111ebbd72ac1f6bf848b6,mistral-small3.1:24b,oracle,Oracle Evidence,diagnostic_baseline,oracle_evidence_upper_reference,True,2wikimultihopqa,comparison,entity,16000,middle,medium,unknown,Más Allá De La Aventura,Más allá de la aventura,p0001;p0002;p0003;p0004,p0001;p0002;p0003,True,1.0,1.0,1.0,1.0,1.0,1.0,1.0,0.75,0.8571428571428571,1.0,success,
2wikimultihopqa_0c585dbc0bde11eba7f7acde48001122,mistral-small3.1:24b,no_evidence,No Evidence,diagnostic_baseline,question_only_lower_bound,True,2wikimultihopqa,multi_hop,entity,4000,end,low,unknown,"Suffield, Connecticut",unknown,p0001;p0002,,True,0.0,0.0,0.0,0.0,0.0,0.0,0.0,0.0,0.0,0.0,evidence_localization_failure,
2wikimultihopqa_0c585dbc0bde11eba7f7acde48001122,mistral-small3.1:24b,direct,Full Context,diagnostic_condition,full_context_condition,True,2wikimultihopqa,multi_hop,entity,4000,end,low,unknown,"Suffield, Connecticut","Suffield, Connecticut",p0001;p0002,p0002,True,1.0,1.0,1.0,1.0,1.0,1.0,1.0,0.5,0.6666666666666666,1.0,success,
2wikimultihopqa_0c585dbc0bde11eba7f7acde48001122,mistral-small3.1:24b,retrieve_then_read,Retrieved Evidence,diagnostic_condition,evidence_narrowed_condition,True,2wikimultihopqa,multi_hop,entity,4000,end,low,unknown,"Suffield, Connecticut",United States,p0001;p0002,,True,0.0,0.0,0.0,0.0,0.0,0.0,0.0,0.0,0.0,0.0,evidence_localization_failure,
2wikimultihopqa_0c585dbc0bde11eba7f7acde48001122,mistral-small3.1:24b,oracle,Oracle Evidence,diagnostic_baseline,oracle_evidence_upper_reference,True,2wikimultihopqa,multi_hop,entity,4000,end,low,unknown,"Suffield, Connecticut","Suffield, Connecticut",p0001;p0002,p0001;p0002,True,1.0,1.0,1.0,1.0,1.0,1.0,1.0,1.0,1.0,1.0,success,
2wikimultihopqa_6a215c4808df11ebbda0ac1f6bf848b6,mistral-small3.1:24b,no_evidence,No Evidence,diagnostic_baseline,question_only_lower_bound,True,2wikimultihopqa,comparison,entity,8000,scattered,medium,unknown,A Question Of Attribution,I Come With The Rain,p0001;p0002;p0003;p0004,,True,0.0,0.0,0.0,0.0,0.0,0.0,0.0,0.0,0.0,0.0,evidence_localization_failure,
2wikimultihopqa_6a215c4808df11ebbda0ac1f6bf848b6,mistral-small3.1:24b,direct,Full Context,diagnostic_condition,full_context_condition,True,2wikimultihopqa,comparison,entity,8000,scattered,medium,unknown,A Question Of Attribution,A Question Of Attribution,p0001;p0002;p0003;p0004,p0001;p0003,True,1.0,1.0,1.0,1.0,1.0,1.0,1.0,0.5,0.6666666666666666,1.0,success,
2wikimultihopqa_6a215c4808df11ebbda0ac1f6bf848b6,mistral-small3.1:24b,retrieve_then_read,Retrieved Evidence,diagnostic_condition,evidence_narrowed_condition,True,2wikimultihopqa,comparison,entity,8000,scattered,medium,unknown,A Question Of Attribution,A Question Of Attribution,p0001;p0002;p0003;p0004,p0001;p0003,True,1.0,1.0,1.0,1.0,1.0,1.0,1.0,0.5,0.6666666666666666,1.0,success,
2wikimultihopqa_6a215c4808df11ebbda0ac1f6bf848b6,mistral-small3.1:24b,oracle,Oracle Evidence,diagnostic_baseline,oracle_evidence_upper_reference,True,2wikimultihopqa,comparison,entity,8000,scattered,medium,unknown,A Question Of Attribution,A Question of Attribution,p0001;p0002;p0003;p0004,p0001;p0002;p0004,True,1.0,1.0,1.0,1.0,1.0,1.0,1.0,0.75,0.8571428571428571,1.0,success,
2wikimultihopqa_7534fd16096e11ebbdb0ac1f6bf848b6,mistral-small3.1:24b,no_evidence,No Evidence,diagnostic_baseline,question_only_lower_bound,True,2wikimultihopqa,comparison,yes_no,16000,front,low,unknown,no,no,p0001;p0002,,True,1.0,1.0,1.0,1.0,1.0,1.0,0.0,0.0,0.0,0.0,success,
2wikimultihopqa_7534fd16096e11ebbdb0ac1f6bf848b6,mistral-small3.1:24b,direct,Full Context,diagnostic_condition,full_context_condition,True,2wikimultihopqa,comparison,yes_no,16000,front,low,unknown,no,no,p0001;p0002,p0001;p0002,True,1.0,1.0,1.0,1.0,1.0,1.0,1.0,1.0,1.0,1.0,success,
2wikimultihopqa_7534fd16096e11ebbdb0ac1f6bf848b6,mistral-small3.1:24b,retrieve_then_read,Retrieved Evidence,diagnostic_condition,evidence_narrowed_condition,True,2wikimultihopqa,comparison,yes_no,16000,front,low,unknown,no,no,p0001;p0002,p0001;p0002,True,1.0,1.0,1.0,1.0,1.0,1.0,1.0,1.0,1.0,1.0,success,
2wikimultihopqa_7534fd16096e11ebbdb0ac1f6bf848b6,mistral-small3.1:24b,oracle,Oracle Evidence,diagnostic_baseline,oracle_evidence_upper_reference,True,2wikimultihopqa,comparison,yes_no,16000,front,low,unknown,no,no,p0001;p0002,p0001;p0002,True,1.0,1.0,1.0,1.0,1.0,1.0,1.0,1.0,1.0,1.0,success,
2wikimultihopqa_ad6e5c1c0baf11ebab90acde48001122,mistral-small3.1:24b,no_evidence,No Evidence,diagnostic_baseline,question_only_lower_bound,True,2wikimultihopqa,multi_hop,entity,4000,middle,low,unknown,Ragnild Magnusdotter,Ingerid of Varteig,p0001;p0002,,True,0.0,0.0,0.0,0.0,0.0,0.0,0.0,0.0,0.0,0.0,evidence_localization_failure,
2wikimultihopqa_ad6e5c1c0baf11ebab90acde48001122,mistral-small3.1:24b,direct,Full Context,diagnostic_condition,full_context_condition,True,2wikimultihopqa,multi_hop,entity,4000,middle,low,unknown,Ragnild Magnusdotter,Ragnild Magnusdotter,p0001;p0002,p0001;p0002,True,1.0,1.0,1.0,1.0,1.0,1.0,1.0,1.0,1.0,1.0,success,
2wikimultihopqa_ad6e5c1c0baf11ebab90acde48001122,mistral-small3.1:24b,retrieve_then_read,Retrieved Evidence,diagnostic_condition,evidence_narrowed_condition,True,2wikimultihopqa,multi_hop,entity,4000,middle,low,unknown,Ragnild Magnusdotter,Ragnild Magnusdotter,p0001;p0002,p0001,True,1.0,1.0,1.0,1.0,1.0,1.0,1.0,0.5,0.6666666666666666,1.0,success,
2wikimultihopqa_ad6e5c1c0baf11ebab90acde48001122,mistral-small3.1:24b,oracle,Oracle Evidence,diagnostic_baseline,oracle_evidence_upper_reference,True,2wikimultihopqa,multi_hop,entity,4000,middle,low,unknown,Ragnild Magnusdotter,Ragnild Magnusdotter,p0001;p0002,p0001;p0002,True,1.0,1.0,1.0,1.0,1.0,1.0,1.0,1.0,1.0,1.0,success,
2wikimultihopqa_b3f0c5ce0bdd11eba7f7acde48001122,mistral-small3.1:24b,no_evidence,No Evidence,diagnostic_baseline,question_only_lower_bound,True,2wikimultihopqa,multi_hop,entity,8000,end,low,unknown,Germany,unknown,p0001;p0002,,True,0.0,0.0,0.0,0.0,0.0,0.0,0.0,0.0,0.0,0.0,evidence_localization_failure,
2wikimultihopqa_b3f0c5ce0bdd11eba7f7acde48001122,mistral-small3.1:24b,direct,Full Context,diagnostic_condition,full_context_condition,True,2wikimultihopqa,multi_hop,entity,8000,end,low,unknown,Germany,German,p0001;p0002,p0001;p0002,True,0.0,0.0,0.0,0.0,0.0,0.0,1.0,1.0,1.0,1.0,answer_conversion_failure,
2wikimultihopqa_b3f0c5ce0bdd11eba7f7acde48001122,mistral-small3.1:24b,retrieve_then_read,Retrieved Evidence,diagnostic_condition,evidence_narrowed_condition,True,2wikimultihopqa,multi_hop,entity,8000,end,low,unknown,Germany,Luxembourg,p0001;p0002,,True,0.0,0.0,0.0,0.0,0.0,0.0,0.0,0.0,0.0,0.0,evidence_localization_failure,
2wikimultihopqa_b3f0c5ce0bdd11eba7f7acde48001122,mistral-small3.1:24b,oracle,Oracle Evidence,diagnostic_baseline,oracle_evidence_upper_reference,True,2wikimultihopqa,multi_hop,entity,8000,end,low,unknown,Germany,Holland,p0001;p0002,p0001;p0002,True,0.0,0.0,0.0,0.0,0.0,0.0,1.0,1.0,1.0,1.0,answer_conversion_failure,
2wikimultihopqa_bc69662a0bdd11eba7f7acde48001122,mistral-small3.1:24b,no_evidence,No Evidence,diagnostic_baseline,question_only_lower_bound,True,2wikimultihopqa,multi_hop,entity,16000,scattered,low,unknown,Poznań,unknown,p0001;p0002,,True,0.0,0.0,0.0,0.0,0.0,0.0,0.0,0.0,0.0,0.0,evidence_localization_failure,
2wikimultihopqa_bc69662a0bdd11eba7f7acde48001122,mistral-small3.1:24b,direct,Full Context,diagnostic_condition,full_context_condition,True,2wikimultihopqa,multi_hop,entity,16000,scattered,low,unknown,Poznań,"Posen, Germany",p0001;p0002,p0002,True,0.0,0.0,0.0,0.0,0.0,0.0,1.0,0.5,0.6666666666666666,1.0,evidence_integration_failure,
2wikimultihopqa_bc69662a0bdd11eba7f7acde48001122,mistral-small3.1:24b,retrieve_then_read,Retrieved Evidence,diagnostic_condition,evidence_narrowed_condition,True,2wikimultihopqa,multi_hop,entity,16000,scattered,low,unknown,Poznań,Fredrikstad,p0001;p0002,p0001,True,0.0,0.0,0.0,0.0,0.0,0.0,1.0,0.5,0.6666666666666666,1.0,evidence_integration_failure,
2wikimultihopqa_bc69662a0bdd11eba7f7acde48001122,mistral-small3.1:24b,oracle,Oracle Evidence,diagnostic_baseline,oracle_evidence_upper_reference,True,2wikimultihopqa,multi_hop,entity,16000,scattered,low,unknown,Poznań,"Posen, Germany",p0001;p0002,p0001;p0002,True,0.0,0.0,0.0,0.0,0.0,0.0,1.0,1.0,1.0,1.0,answer_conversion_failure,
2wikimultihopqa_42228c2008cc11ebbd93ac1f6bf848b6,mistral-small3.1:24b,no_evidence,No Evidence,diagnostic_baseline,question_only_lower_bound,True,2wikimultihopqa,comparison,yes_no,4000,front,medium,unknown,yes,no,p0001;p0002;p0003;p0004,,True,0.0,0.0,0.0,0.0,0.0,0.0,0.0,0.0,0.0,0.0,evidence_localization_failure,
2wikimultihopqa_42228c2008cc11ebbd93ac1f6bf848b6,mistral-small3.1:24b,direct,Full Context,diagnostic_condition,full_context_condition,True,2wikimultihopqa,comparison,yes_no,4000,front,medium,unknown,yes,no,p0001;p0002;p0003;p0004,p0001;p0002,True,0.0,0.0,0.0,0.0,0.0,0.0,1.0,0.5,0.6666666666666666,1.0,evidence_integration_failure,
2wikimultihopqa_42228c2008cc11ebbd93ac1f6bf848b6,mistral-small3.1:24b,retrieve_then_read,Retrieved Evidence,diagnostic_condition,evidence_narrowed_condition,True,2wikimultihopqa,comparison,yes_no,4000,front,medium,unknown,yes,no,p0001;p0002;p0003;p0004,,True,0.0,0.0,0.0,0.0,0.0,0.0,0.0,0.0,0.0,0.0,evidence_localization_failure,
2wikimultihopqa_42228c2008cc11ebbd93ac1f6bf848b6,mistral-small3.1:24b,oracle,Oracle Evidence,diagnostic_baseline,oracle_evidence_upper_reference,True,2wikimultihopqa,comparison,yes_no,4000,front,medium,unknown,yes,yes,p0001;p0002;p0003;p0004,p0001;p0002;p0003,True,1.0,1.0,1.0,1.0,1.0,1.0,1.0,0.75,0.8571428571428571,1.0,success,
2wikimultihopqa_b65877e20bda11eba7f7acde48001122,mistral-small3.1:24b,no_evidence,No Evidence,diagnostic_baseline,question_only_lower_bound,True,2wikimultihopqa,multi_hop,entity,8000,middle,low,unknown,Alena Mihulová,unknown,p0001;p0002,,True,0.0,0.0,0.0,0.0,0.0,0.0,0.0,0.0,0.0,0.0,evidence_localization_failure,
2wikimultihopqa_b65877e20bda11eba7f7acde48001122,mistral-small3.1:24b,direct,Full Context,diagnostic_condition,full_context_condition,True,2wikimultihopqa,multi_hop,entity,8000,middle,low,unknown,Alena Mihulová,Alena Mihulová,p0001;p0002,p0001;p0002,True,1.0,1.0,1.0,1.0,1.0,1.0,1.0,1.0,1.0,1.0,success,
2wikimultihopqa_b65877e20bda11eba7f7acde48001122,mistral-small3.1:24b,retrieve_then_read,Retrieved Evidence,diagnostic_condition,evidence_narrowed_condition,True,2wikimultihopqa,multi_hop,entity,8000,middle,low,unknown,Alena Mihulová,Alena Mihulová,p0001;p0002,p0001;p0002,True,1.0,1.0,1.0,1.0,1.0,1.0,1.0,1.0,1.0,1.0,success,
2wikimultihopqa_b65877e20bda11eba7f7acde48001122,mistral-small3.1:24b,oracle,Oracle Evidence,diagnostic_baseline,oracle_evidence_upper_reference,True,2wikimultihopqa,multi_hop,entity,8000,middle,low,unknown,Alena Mihulová,Alena Mihulová,p0001;p0002,p0001;p0002,True,1.0,1.0,1.0,1.0,1.0,1.0,1.0,1.0,1.0,1.0,success,
2wikimultihopqa_f8819f3308a011ebbd78ac1f6bf848b6,mistral-small3.1:24b,no_evidence,No Evidence,diagnostic_baseline,question_only_lower_bound,True,2wikimultihopqa,comparison,entity,16000,end,medium,unknown,Her Luck In London,The Death Kiss,p0001;p0002;p0003;p0004,,True,0.0,0.0,0.0,0.0,0.0,0.0,0.0,0.0,0.0,0.0,evidence_localization_failure,
2wikimultihopqa_f8819f3308a011ebbd78ac1f6bf848b6,mistral-small3.1:24b,direct,Full Context,diagnostic_condition,full_context_condition,True,2wikimultihopqa,comparison,entity,16000,end,medium,unknown,Her Luck In London,Her Luck In London,p0001;p0002;p0003;p0004,p0001;p0003;p0004,True,1.0,1.0,1.0,1.0,1.0,1.0,1.0,0.75,0.8571428571428571,1.0,success,
2wikimultihopqa_f8819f3308a011ebbd78ac1f6bf848b6,mistral-small3.1:24b,retrieve_then_read,Retrieved Evidence,diagnostic_condition,evidence_narrowed_condition,True,2wikimultihopqa,comparison,entity,16000,end,medium,unknown,Her Luck In London,Her Luck In London,p0001;p0002;p0003;p0004,,True,1.0,1.0,1.0,1.0,1.0,1.0,0.0,0.0,0.0,0.0,success,
2wikimultihopqa_f8819f3308a011ebbd78ac1f6bf848b6,mistral-small3.1:24b,oracle,Oracle Evidence,diagnostic_baseline,oracle_evidence_upper_reference,True,2wikimultihopqa,comparison,entity,16000,end,medium,unknown,Her Luck In London,Her Luck in London,p0001;p0002;p0003;p0004,p0001;p0002;p0003,True,1.0,1.0,1.0,1.0,1.0,1.0,1.0,0.75,0.8571428571428571,1.0,success,
2wikimultihopqa_87724861086d11ebbd62ac1f6bf848b6,mistral-small3.1:24b,no_evidence,No Evidence,diagnostic_baseline,question_only_lower_bound,True,2wikimultihopqa,comparison,entity,4000,scattered,medium,unknown,La Bella Di Lodi,The Devil's Pass Key,p0001;p0002;p0003;p0004,,True,0.0,0.0,0.0,0.0,0.0,0.0,0.0,0.0,0.0,0.0,evidence_localization_failure,
2wikimultihopqa_87724861086d11ebbd62ac1f6bf848b6,mistral-small3.1:24b,direct,Full Context,diagnostic_condition,full_context_condition,True,2wikimultihopqa,comparison,entity,4000,scattered,medium,unknown,La Bella Di Lodi,La Bella Di Lodi,p0001;p0002;p0003;p0004,p0001;p0002;p0003,True,1.0,1.0,1.0,1.0,1.0,1.0,1.0,0.75,0.8571428571428571,1.0,success,
2wikimultihopqa_87724861086d11ebbd62ac1f6bf848b6,mistral-small3.1:24b,retrieve_then_read,Retrieved Evidence,diagnostic_condition,evidence_narrowed_condition,True,2wikimultihopqa,comparison,entity,4000,scattered,medium,unknown,La Bella Di Lodi,La Bella Di Lodi,p0001;p0002;p0003;p0004,p0002;p0004,True,1.0,1.0,1.0,1.0,1.0,1.0,1.0,0.5,0.6666666666666666,1.0,success,
2wikimultihopqa_87724861086d11ebbd62ac1f6bf848b6,mistral-small3.1:24b,oracle,Oracle Evidence,diagnostic_baseline,oracle_evidence_upper_reference,True,2wikimultihopqa,comparison,entity,4000,scattered,medium,unknown,La Bella Di Lodi,La bella di Lodi,p0001;p0002;p0003;p0004,p0001;p0002;p0003,True,1.0,1.0,1.0,1.0,1.0,1.0,1.0,0.75,0.8571428571428571,1.0,success,
2wikimultihopqa_2c43f3d40bde11eba7f7acde48001122,mistral-small3.1:24b,no_evidence,No Evidence,diagnostic_baseline,question_only_lower_bound,True,2wikimultihopqa,multi_hop,entity,8000,front,low,unknown,Ischia,Los Angeles,p0001;p0002,,True,0.0,0.0,0.0,0.0,0.0,0.0,0.0,0.0,0.0,0.0,evidence_localization_failure,
2wikimultihopqa_2c43f3d40bde11eba7f7acde48001122,mistral-small3.1:24b,direct,Full Context,diagnostic_condition,full_context_condition,True,2wikimultihopqa,multi_hop,entity,8000,front,low,unknown,Ischia,Ischia,p0001;p0002,p0002,True,1.0,1.0,1.0,1.0,1.0,1.0,1.0,0.5,0.6666666666666666,1.0,success,
2wikimultihopqa_2c43f3d40bde11eba7f7acde48001122,mistral-small3.1:24b,retrieve_then_read,Retrieved Evidence,diagnostic_condition,evidence_narrowed_condition,True,2wikimultihopqa,multi_hop,entity,8000,front,low,unknown,Ischia,Italy,p0001;p0002,,True,0.0,0.0,0.0,0.0,0.0,0.0,0.0,0.0,0.0,0.0,evidence_localization_failure,
2wikimultihopqa_2c43f3d40bde11eba7f7acde48001122,mistral-small3.1:24b,oracle,Oracle Evidence,diagnostic_baseline,oracle_evidence_upper_reference,True,2wikimultihopqa,multi_hop,entity,8000,front,low,unknown,Ischia,Ischia,p0001;p0002,p0001;p0002,True,1.0,1.0,1.0,1.0,1.0,1.0,1.0,1.0,1.0,1.0,success,
2wikimultihopqa_9397dcc008dd11ebbd9dac1f6bf848b6,mistral-small3.1:24b,no_evidence,No Evidence,diagnostic_baseline,question_only_lower_bound,True,2wikimultihopqa,comparison,entity,16000,middle,medium,unknown,One Minute To Twelve,One Minute To Twelve,p0001;p0002;p0003;p0004,,True,1.0,1.0,1.0,1.0,1.0,1.0,0.0,0.0,0.0,0.0,success,
2wikimultihopqa_9397dcc008dd11ebbd9dac1f6bf848b6,mistral-small3.1:24b,direct,Full Context,diagnostic_condition,full_context_condition,True,2wikimultihopqa,comparison,entity,16000,middle,medium,unknown,One Minute To Twelve,One Minute to Twelve,p0001;p0002;p0003;p0004,p0001;p0002;p0004,True,1.0,1.0,1.0,1.0,1.0,1.0,1.0,0.75,0.8571428571428571,1.0,success,
2wikimultihopqa_9397dcc008dd11ebbd9dac1f6bf848b6,mistral-small3.1:24b,retrieve_then_read,Retrieved Evidence,diagnostic_condition,evidence_narrowed_condition,True,2wikimultihopqa,comparison,entity,16000,middle,medium,unknown,One Minute To Twelve,Johnny Concho,p0001;p0002;p0003;p0004,p0002;p0004,True,0.0,0.0,0.0,0.0,0.0,0.0,1.0,0.5,0.6666666666666666,1.0,evidence_integration_failure,
2wikimultihopqa_9397dcc008dd11ebbd9dac1f6bf848b6,mistral-small3.1:24b,oracle,Oracle Evidence,diagnostic_baseline,oracle_evidence_upper_reference,True,2wikimultihopqa,comparison,entity,16000,middle,medium,unknown,One Minute To Twelve,One Minute to Twelve,p0001;p0002;p0003;p0004,p0001;p0002;p0003,True,1.0,1.0,1.0,1.0,1.0,1.0,1.0,0.75,0.8571428571428571,1.0,success,
2wikimultihopqa_5c7fbb01091a11ebbdaeac1f6bf848b6,mistral-small3.1:24b,no_evidence,No Evidence,diagnostic_baseline,question_only_lower_bound,True,2wikimultihopqa,comparison,entity,4000,end,low,unknown,Was I The Wave?,Kingdom Of Rock,p0001;p0002,,True,0.0,0.0,0.0,0.0,0.0,0.0,0.0,0.0,0.0,0.0,evidence_localization_failure,
2wikimultihopqa_5c7fbb01091a11ebbdaeac1f6bf848b6,mistral-small3.1:24b,direct,Full Context,diagnostic_condition,full_context_condition,True,2wikimultihopqa,comparison,entity,4000,end,low,unknown,Was I The Wave?,Was I The Wave?,p0001;p0002,p0001,True,1.0,1.0,1.0,1.0,1.0,1.0,1.0,0.5,0.6666666666666666,1.0,success,
2wikimultihopqa_5c7fbb01091a11ebbdaeac1f6bf848b6,mistral-small3.1:24b,retrieve_then_read,Retrieved Evidence,diagnostic_condition,evidence_narrowed_condition,True,2wikimultihopqa,comparison,entity,4000,end,low,unknown,Was I The Wave?,Was I The Wave?,p0001;p0002,,True,1.0,1.0,1.0,1.0,1.0,1.0,0.0,0.0,0.0,0.0,success,
2wikimultihopqa_5c7fbb01091a11ebbdaeac1f6bf848b6,mistral-small3.1:24b,oracle,Oracle Evidence,diagnostic_baseline,oracle_evidence_upper_reference,True,2wikimultihopqa,comparison,entity,4000,end,low,unknown,Was I The Wave?,Was I The Wave?,p0001;p0002,p0001;p0002,True,1.0,1.0,1.0,1.0,1.0,1.0,1.0,1.0,1.0,1.0,success,
2wikimultihopqa_1f77cec108ad11ebbd83ac1f6bf848b6,mistral-small3.1:24b,no_evidence,No Evidence,diagnostic_baseline,question_only_lower_bound,True,2wikimultihopqa,comparison,entity,8000,scattered,medium,unknown,Blind Corner,Blind Corner,p0001;p0002;p0003;p0004,,True,1.0,1.0,1.0,1.0,1.0,1.0,0.0,0.0,0.0,0.0,success,
2wikimultihopqa_1f77cec108ad11ebbd83ac1f6bf848b6,mistral-small3.1:24b,direct,Full Context,diagnostic_condition,full_context_condition,True,2wikimultihopqa,comparison,entity,8000,scattered,medium,unknown,Blind Corner,Blind Corner,p0001;p0002;p0003;p0004,p0001;p0002,True,1.0,1.0,1.0,1.0,1.0,1.0,1.0,0.5,0.6666666666666666,1.0,success,
2wikimultihopqa_1f77cec108ad11ebbd83ac1f6bf848b6,mistral-small3.1:24b,retrieve_then_read,Retrieved Evidence,diagnostic_condition,evidence_narrowed_condition,True,2wikimultihopqa,comparison,entity,8000,scattered,medium,unknown,Blind Corner,Blind Corner,p0001;p0002;p0003;p0004,p0001;p0002,True,1.0,1.0,1.0,1.0,1.0,1.0,1.0,0.5,0.6666666666666666,1.0,success,
2wikimultihopqa_1f77cec108ad11ebbd83ac1f6bf848b6,mistral-small3.1:24b,oracle,Oracle Evidence,diagnostic_baseline,oracle_evidence_upper_reference,True,2wikimultihopqa,comparison,entity,8000,scattered,medium,unknown,Blind Corner,Blind Corner,p0001;p0002;p0003;p0004,p0001;p0002;p0003,True,1.0,1.0,1.0,1.0,1.0,1.0,1.0,0.75,0.8571428571428571,1.0,success,
2wikimultihopqa_f97bacb20bdd11eba7f7acde48001122,mistral-small3.1:24b,no_evidence,No Evidence,diagnostic_baseline,question_only_lower_bound,True,2wikimultihopqa,multi_hop,entity,16000,front,low,unknown,Paris,unknown,p0001;p0002,,True,0.0,0.0,0.0,0.0,0.0,0.0,0.0,0.0,0.0,0.0,evidence_localization_failure,
2wikimultihopqa_f97bacb20bdd11eba7f7acde48001122,mistral-small3.1:24b,direct,Full Context,diagnostic_condition,full_context_condition,True,2wikimultihopqa,multi_hop,entity,16000,front,low,unknown,Paris,Paris,p0001;p0002,p0001,True,1.0,1.0,1.0,1.0,1.0,1.0,1.0,0.5,0.6666666666666666,1.0,success,
2wikimultihopqa_f97bacb20bdd11eba7f7acde48001122,mistral-small3.1:24b,retrieve_then_read,Retrieved Evidence,diagnostic_condition,evidence_narrowed_condition,True,2wikimultihopqa,multi_hop,entity,16000,front,low,unknown,Paris,Paris,p0001;p0002,p0002,True,1.0,1.0,1.0,1.0,1.0,1.0,1.0,0.5,0.6666666666666666,1.0,success,
2wikimultihopqa_f97bacb20bdd11eba7f7acde48001122,mistral-small3.1:24b,oracle,Oracle Evidence,diagnostic_baseline,oracle_evidence_upper_reference,True,2wikimultihopqa,multi_hop,entity,16000,front,low,unknown,Paris,Paris,p0001;p0002,p0001;p0002,True,1.0,1.0,1.0,1.0,1.0,1.0,1.0,1.0,1.0,1.0,success,
2wikimultihopqa_2a13a676090111ebbdadac1f6bf848b6,mistral-small3.1:24b,no_evidence,No Evidence,diagnostic_baseline,question_only_lower_bound,True,2wikimultihopqa,comparison,entity,4000,middle,low,unknown,It'S Our Life!,It's Our Life!,p0001;p0002,,True,1.0,1.0,1.0,1.0,1.0,1.0,0.0,0.0,0.0,0.0,success,
2wikimultihopqa_2a13a676090111ebbdadac1f6bf848b6,mistral-small3.1:24b,direct,Full Context,diagnostic_condition,full_context_condition,True,2wikimultihopqa,comparison,entity,4000,middle,low,unknown,It'S Our Life!,It'S Our Life!,p0001;p0002,p0001,True,1.0,1.0,1.0,1.0,1.0,1.0,1.0,0.5,0.6666666666666666,1.0,success,
2wikimultihopqa_2a13a676090111ebbdadac1f6bf848b6,mistral-small3.1:24b,retrieve_then_read,Retrieved Evidence,diagnostic_condition,evidence_narrowed_condition,True,2wikimultihopqa,comparison,entity,4000,middle,low,unknown,It'S Our Life!,It's Our Life!,p0001;p0002,,True,1.0,1.0,1.0,1.0,1.0,1.0,0.0,0.0,0.0,0.0,success,
2wikimultihopqa_2a13a676090111ebbdadac1f6bf848b6,mistral-small3.1:24b,oracle,Oracle Evidence,diagnostic_baseline,oracle_evidence_upper_reference,True,2wikimultihopqa,comparison,entity,4000,middle,low,unknown,It'S Our Life!,It's Our Life!,p0001;p0002,p0001;p0002,True,1.0,1.0,1.0,1.0,1.0,1.0,1.0,1.0,1.0,1.0,success,
2wikimultihopqa_3ccbcad20bda11eba7f7acde48001122,mistral-small3.1:24b,no_evidence,No Evidence,diagnostic_baseline,question_only_lower_bound,True,2wikimultihopqa,multi_hop,entity,8000,end,low,unknown,Palos Verdes,unknown,p0001;p0002,,True,0.0,0.0,0.0,0.0,0.0,0.0,0.0,0.0,0.0,0.0,evidence_localization_failure,
2wikimultihopqa_3ccbcad20bda11eba7f7acde48001122,mistral-small3.1:24b,direct,Full Context,diagnostic_condition,full_context_condition,True,2wikimultihopqa,multi_hop,entity,8000,end,low,unknown,Palos Verdes,"Palos Verdes Estates, California, USA",p0001;p0002,p0002,True,0.0,0.5714285714285715,0.0,0.5714285714285715,0.0,0.5714285714285715,1.0,0.5,0.6666666666666666,1.0,evidence_integration_failure,
2wikimultihopqa_3ccbcad20bda11eba7f7acde48001122,mistral-small3.1:24b,retrieve_then_read,Retrieved Evidence,diagnostic_condition,evidence_narrowed_condition,True,2wikimultihopqa,multi_hop,entity,8000,end,low,unknown,Palos Verdes,"Palos Verdes Estates, California, USA",p0001;p0002,p0002,True,0.0,0.5714285714285715,0.0,0.5714285714285715,0.0,0.5714285714285715,1.0,0.5,0.6666666666666666,1.0,evidence_integration_failure,
2wikimultihopqa_3ccbcad20bda11eba7f7acde48001122,mistral-small3.1:24b,oracle,Oracle Evidence,diagnostic_baseline,oracle_evidence_upper_reference,True,2wikimultihopqa,multi_hop,entity,8000,end,low,unknown,Palos Verdes,"Palos Verdes Estates, California, USA",p0001;p0002,p0001;p0002,True,0.0,0.5714285714285715,0.0,0.5714285714285715,0.0,0.5714285714285715,1.0,1.0,1.0,1.0,answer_conversion_failure,
2wikimultihopqa_70ec660c0bdd11eba7f7acde48001122,mistral-small3.1:24b,no_evidence,No Evidence,diagnostic_baseline,question_only_lower_bound,True,2wikimultihopqa,multi_hop,entity,16000,scattered,low,unknown,France,unknown,p0001;p0002,,True,0.0,0.0,0.0,0.0,0.0,0.0,0.0,0.0,0.0,0.0,evidence_localization_failure,
2wikimultihopqa_70ec660c0bdd11eba7f7acde48001122,mistral-small3.1:24b,direct,Full Context,diagnostic_condition,full_context_condition,True,2wikimultihopqa,multi_hop,entity,16000,scattered,low,unknown,France,"Oaxaca, Mexico",p0001;p0002,p0001;p0002,True,0.0,0.0,0.0,0.0,0.0,0.0,1.0,1.0,1.0,1.0,answer_conversion_failure,
2wikimultihopqa_70ec660c0bdd11eba7f7acde48001122,mistral-small3.1:24b,retrieve_then_read,Retrieved Evidence,diagnostic_condition,evidence_narrowed_condition,True,2wikimultihopqa,multi_hop,entity,16000,scattered,low,unknown,France,Mexico,p0001;p0002,p0001,True,0.0,0.0,0.0,0.0,0.0,0.0,1.0,0.5,0.6666666666666666,1.0,evidence_integration_failure,
2wikimultihopqa_70ec660c0bdd11eba7f7acde48001122,mistral-small3.1:24b,oracle,Oracle Evidence,diagnostic_baseline,oracle_evidence_upper_reference,True,2wikimultihopqa,multi_hop,entity,16000,scattered,low,unknown,France,Mexico,p0001;p0002,p0001;p0002,True,0.0,0.0,0.0,0.0,0.0,0.0,1.0,1.0,1.0,1.0,answer_conversion_failure,
2wikimultihopqa_7b52cb9e0bd911eba7f7acde48001122,mistral-small3.1:24b,no_evidence,No Evidence,diagnostic_baseline,question_only_lower_bound,True,2wikimultihopqa,multi_hop,entity,4000,front,low,unknown,"Naha, Okinawa","Naha, Okinawa",p0001;p0002,,True,1.0,1.0,1.0,1.0,1.0,1.0,0.0,0.0,0.0,0.0,success,
2wikimultihopqa_7b52cb9e0bd911eba7f7acde48001122,mistral-small3.1:24b,direct,Full Context,diagnostic_condition,full_context_condition,True,2wikimultihopqa,multi_hop,entity,4000,front,low,unknown,"Naha, Okinawa","Naha, Okinawa, Japan",p0001;p0002,p0001;p0002,True,0.0,0.8,0.0,0.8,0.0,0.8,1.0,1.0,1.0,1.0,answer_conversion_failure,
2wikimultihopqa_7b52cb9e0bd911eba7f7acde48001122,mistral-small3.1:24b,retrieve_then_read,Retrieved Evidence,diagnostic_condition,evidence_narrowed_condition,True,2wikimultihopqa,multi_hop,entity,4000,front,low,unknown,"Naha, Okinawa","Naha, Okinawa, Japan",p0001;p0002,p0001,True,0.0,0.8,0.0,0.8,0.0,0.8,1.0,0.5,0.6666666666666666,1.0,evidence_integration_failure,
2wikimultihopqa_7b52cb9e0bd911eba7f7acde48001122,mistral-small3.1:24b,oracle,Oracle Evidence,diagnostic_baseline,oracle_evidence_upper_reference,True,2wikimultihopqa,multi_hop,entity,4000,front,low,unknown,"Naha, Okinawa","Naha, Okinawa, Japan",p0001;p0002,p0001;p0002,True,0.0,0.8,0.0,0.8,0.0,0.8,1.0,1.0,1.0,1.0,answer_conversion_failure,
2wikimultihopqa_4a053eb00bb011ebab90acde48001122,mistral-small3.1:24b,no_evidence,No Evidence,diagnostic_baseline,question_only_lower_bound,True,2wikimultihopqa,multi_hop,entity,8000,middle,low,unknown,Lady Anne Campbell,Lady Jane Gordon,p0001;p0002,,True,0.0,0.3333333333333333,0.0,0.3333333333333333,0.0,0.3333333333333333,0.0,0.0,0.0,0.0,evidence_localization_failure,
2wikimultihopqa_4a053eb00bb011ebab90acde48001122,mistral-small3.1:24b,direct,Full Context,diagnostic_condition,full_context_condition,True,2wikimultihopqa,multi_hop,entity,8000,middle,low,unknown,Lady Anne Campbell,Elizabeth Lyon,p0001;p0002,p0001;p0004,True,0.0,0.0,0.0,0.0,0.0,0.0,0.5,0.5,0.5,1.0,evidence_integration_failure,
2wikimultihopqa_4a053eb00bb011ebab90acde48001122,mistral-small3.1:24b,retrieve_then_read,Retrieved Evidence,diagnostic_condition,evidence_narrowed_condition,True,2wikimultihopqa,multi_hop,entity,8000,middle,low,unknown,Lady Anne Campbell,Elizabeth Lyon,p0001;p0002,,True,0.0,0.0,0.0,0.0,0.0,0.0,0.0,0.0,0.0,0.0,evidence_localization_failure,
2wikimultihopqa_4a053eb00bb011ebab90acde48001122,mistral-small3.1:24b,oracle,Oracle Evidence,diagnostic_baseline,oracle_evidence_upper_reference,True,2wikimultihopqa,multi_hop,entity,8000,middle,low,unknown,Lady Anne Campbell,Lady Anne Campbell,p0001;p0002,p0001;p0002,True,1.0,1.0,1.0,1.0,1.0,1.0,1.0,1.0,1.0,1.0,success,
2wikimultihopqa_850c2ecc0bda11eba7f7acde48001122,mistral-small3.1:24b,no_evidence,No Evidence,diagnostic_baseline,question_only_lower_bound,True,2wikimultihopqa,multi_hop,entity,16000,end,low,unknown,Theni,Chennai,p0001;p0002,,True,0.0,0.0,0.0,0.0,0.0,0.0,0.0,0.0,0.0,0.0,evidence_localization_failure,
2wikimultihopqa_850c2ecc0bda11eba7f7acde48001122,mistral-small3.1:24b,direct,Full Context,diagnostic_condition,full_context_condition,True,2wikimultihopqa,multi_hop,entity,16000,end,low,unknown,Theni,Mallingapuram,p0001;p0002,p0002,True,0.0,0.0,0.0,0.0,0.0,0.0,1.0,0.5,0.6666666666666666,1.0,evidence_integration_failure,
2wikimultihopqa_850c2ecc0bda11eba7f7acde48001122,mistral-small3.1:24b,retrieve_then_read,Retrieved Evidence,diagnostic_condition,evidence_narrowed_condition,True,2wikimultihopqa,multi_hop,entity,16000,end,low,unknown,Theni,India,p0001;p0002,p0002,True,0.0,0.0,0.0,0.0,0.0,0.0,1.0,0.5,0.6666666666666666,1.0,evidence_integration_failure,
2wikimultihopqa_850c2ecc0bda11eba7f7acde48001122,mistral-small3.1:24b,oracle,Oracle Evidence,diagnostic_baseline,oracle_evidence_upper_reference,True,2wikimultihopqa,multi_hop,entity,16000,end,low,unknown,Theni,Mallingapuram,p0001;p0002,p0001;p0002,True,0.0,0.0,0.0,0.0,0.0,0.0,1.0,1.0,1.0,1.0,answer_conversion_failure,
2wikimultihopqa_20a118cc0bde11eba7f7acde48001122,mistral-small3.1:24b,no_evidence,No Evidence,diagnostic_baseline,question_only_lower_bound,True,2wikimultihopqa,multi_hop,entity,4000,scattered,low,unknown,"Johannesburg, South Africa",unknown,p0001;p0002,,True,0.0,0.0,0.0,0.0,0.0,0.0,0.0,0.0,0.0,0.0,evidence_localization_failure,
2wikimultihopqa_20a118cc0bde11eba7f7acde48001122,mistral-small3.1:24b,direct,Full Context,diagnostic_condition,full_context_condition,True,2wikimultihopqa,multi_hop,entity,4000,scattered,low,unknown,"Johannesburg, South Africa",Johannesburg,p0001;p0002,p0002,True,0.0,0.5,0.0,0.5,0.0,0.5,1.0,0.5,0.6666666666666666,1.0,evidence_integration_failure,
2wikimultihopqa_20a118cc0bde11eba7f7acde48001122,mistral-small3.1:24b,retrieve_then_read,Retrieved Evidence,diagnostic_condition,evidence_narrowed_condition,True,2wikimultihopqa,multi_hop,entity,4000,scattered,low,unknown,"Johannesburg, South Africa",1954,p0001;p0002,,True,0.0,0.0,0.0,0.0,0.0,0.0,0.0,0.0,0.0,0.0,evidence_localization_failure,
2wikimultihopqa_20a118cc0bde11eba7f7acde48001122,mistral-small3.1:24b,oracle,Oracle Evidence,diagnostic_baseline,oracle_evidence_upper_reference,True,2wikimultihopqa,multi_hop,entity,4000,scattered,low,unknown,"Johannesburg, South Africa","Johannesburg, South Africa",p0001;p0002,p0001;p0002,True,1.0,1.0,1.0,1.0,1.0,1.0,1.0,1.0,1.0,1.0,success,
2wikimultihopqa_a703e1160bdd11eba7f7acde48001122,mistral-small3.1:24b,no_evidence,No Evidence,diagnostic_baseline,question_only_lower_bound,True,2wikimultihopqa,multi_hop,entity,8000,front,low,unknown,Rimini,Ferrara,p0001;p0002,,True,0.0,0.0,0.0,0.0,0.0,0.0,0.0,0.0,0.0,0.0,evidence_localization_failure,
2wikimultihopqa_a703e1160bdd11eba7f7acde48001122,mistral-small3.1:24b,direct,Full Context,diagnostic_condition,full_context_condition,True,2wikimultihopqa,multi_hop,entity,8000,front,low,unknown,Rimini,Rimini,p0001;p0002,p0001;p0002,True,1.0,1.0,1.0,1.0,1.0,1.0,1.0,1.0,1.0,1.0,success,
2wikimultihopqa_a703e1160bdd11eba7f7acde48001122,mistral-small3.1:24b,retrieve_then_read,Retrieved Evidence,diagnostic_condition,evidence_narrowed_condition,True,2wikimultihopqa,multi_hop,entity,8000,front,low,unknown,Rimini,Beaulieu-sur-Loire,p0001;p0002,,True,0.0,0.0,0.0,0.0,0.0,0.0,0.0,0.0,0.0,0.0,evidence_localization_failure,
2wikimultihopqa_a703e1160bdd11eba7f7acde48001122,mistral-small3.1:24b,oracle,Oracle Evidence,diagnostic_baseline,oracle_evidence_upper_reference,True,2wikimultihopqa,multi_hop,entity,8000,front,low,unknown,Rimini,Rimini,p0001;p0002,p0001;p0002,True,1.0,1.0,1.0,1.0,1.0,1.0,1.0,1.0,1.0,1.0,success,
2wikimultihopqa_7e73e6560bdd11eba7f7acde48001122,mistral-small3.1:24b,no_evidence,No Evidence,diagnostic_baseline,question_only_lower_bound,True,2wikimultihopqa,multi_hop,entity,16000,middle,low,unknown,Prostějov,unknown,p0001;p0002,,True,0.0,0.0,0.0,0.0,0.0,0.0,0.0,0.0,0.0,0.0,evidence_localization_failure,
2wikimultihopqa_7e73e6560bdd11eba7f7acde48001122,mistral-small3.1:24b,direct,Full Context,diagnostic_condition,full_context_condition,True,2wikimultihopqa,multi_hop,entity,16000,middle,low,unknown,Prostějov,Prostějov,p0001;p0002,p0002,True,1.0,1.0,1.0,1.0,1.0,1.0,1.0,0.5,0.6666666666666666,1.0,success,
2wikimultihopqa_7e73e6560bdd11eba7f7acde48001122,mistral-small3.1:24b,retrieve_then_read,Retrieved Evidence,diagnostic_condition,evidence_narrowed_condition,True,2wikimultihopqa,multi_hop,entity,16000,middle,low,unknown,Prostějov,Prostějov,p0001;p0002,p0001;p0002,True,1.0,1.0,1.0,1.0,1.0,1.0,1.0,1.0,1.0,1.0,success,
2wikimultihopqa_7e73e6560bdd11eba7f7acde48001122,mistral-small3.1:24b,oracle,Oracle Evidence,diagnostic_baseline,oracle_evidence_upper_reference,True,2wikimultihopqa,multi_hop,entity,16000,middle,low,unknown,Prostějov,Prostějov,p0001;p0002,p0001;p0002,True,1.0,1.0,1.0,1.0,1.0,1.0,1.0,1.0,1.0,1.0,success,
2wikimultihopqa_a6f0c6ec089c11ebbd78ac1f6bf848b6,mistral-small3.1:24b,no_evidence,No Evidence,diagnostic_baseline,question_only_lower_bound,True,2wikimultihopqa,comparison,entity,4000,end,low,unknown,Abdul Wahab Khan Tarzi,Olaf Everson,p0001;p0002,,True,0.0,0.0,0.0,0.0,0.0,0.0,0.0,0.0,0.0,0.0,evidence_localization_failure,
2wikimultihopqa_a6f0c6ec089c11ebbd78ac1f6bf848b6,mistral-small3.1:24b,direct,Full Context,diagnostic_condition,full_context_condition,True,2wikimultihopqa,comparison,entity,4000,end,low,unknown,Abdul Wahab Khan Tarzi,Olaf Everson,p0001;p0002,p0001;p0002,True,0.0,0.0,0.0,0.0,0.0,0.0,1.0,1.0,1.0,1.0,answer_conversion_failure,
2wikimultihopqa_a6f0c6ec089c11ebbd78ac1f6bf848b6,mistral-small3.1:24b,retrieve_then_read,Retrieved Evidence,diagnostic_condition,evidence_narrowed_condition,True,2wikimultihopqa,comparison,entity,4000,end,low,unknown,Abdul Wahab Khan Tarzi,Olaf Everson,p0001;p0002,p0001,True,0.0,0.0,0.0,0.0,0.0,0.0,1.0,0.5,0.6666666666666666,1.0,evidence_integration_failure,
2wikimultihopqa_a6f0c6ec089c11ebbd78ac1f6bf848b6,mistral-small3.1:24b,oracle,Oracle Evidence,diagnostic_baseline,oracle_evidence_upper_reference,True,2wikimultihopqa,comparison,entity,4000,end,low,unknown,Abdul Wahab Khan Tarzi,Abdul Wahab Khan Tarzi,p0001;p0002,p0001;p0002,True,1.0,1.0,1.0,1.0,1.0,1.0,1.0,1.0,1.0,1.0,success,
2wikimultihopqa_fbf191f3086611ebbd5eac1f6bf848b6,mistral-small3.1:24b,no_evidence,No Evidence,diagnostic_baseline,question_only_lower_bound,True,2wikimultihopqa,comparison,entity,8000,scattered,medium,unknown,Vogue La Galère,"Good Morning, Little Countess",p0001;p0002;p0003;p0004,,True,0.0,0.0,0.0,0.0,0.0,0.0,0.0,0.0,0.0,0.0,evidence_localization_failure,
2wikimultihopqa_fbf191f3086611ebbd5eac1f6bf848b6,mistral-small3.1:24b,direct,Full Context,diagnostic_condition,full_context_condition,True,2wikimultihopqa,comparison,entity,8000,scattered,medium,unknown,Vogue La Galère,Vogue La Galère,p0001;p0002;p0003;p0004,p0001;p0002,True,1.0,1.0,1.0,1.0,1.0,1.0,1.0,0.5,0.6666666666666666,1.0,success,
2wikimultihopqa_fbf191f3086611ebbd5eac1f6bf848b6,mistral-small3.1:24b,retrieve_then_read,Retrieved Evidence,diagnostic_condition,evidence_narrowed_condition,True,2wikimultihopqa,comparison,entity,8000,scattered,medium,unknown,Vogue La Galère,Vogue La Galère,p0001;p0002;p0003;p0004,p0004,True,1.0,1.0,1.0,1.0,1.0,1.0,1.0,0.25,0.4,1.0,success,
2wikimultihopqa_fbf191f3086611ebbd5eac1f6bf848b6,mistral-small3.1:24b,oracle,Oracle Evidence,diagnostic_baseline,oracle_evidence_upper_reference,True,2wikimultihopqa,comparison,entity,8000,scattered,medium,unknown,Vogue La Galère,Vogue la galère,p0001;p0002;p0003;p0004,p0001;p0002;p0003,True,1.0,1.0,1.0,1.0,1.0,1.0,1.0,0.75,0.8571428571428571,1.0,success,
2wikimultihopqa_d0cadba7088f11ebbd72ac1f6bf848b6,mistral-small3.1:24b,no_evidence,No Evidence,diagnostic_baseline,question_only_lower_bound,True,2wikimultihopqa,comparison,entity,16000,front,low,unknown,Stephen De Staebler,Samuel Arthur Saunder,p0001;p0002,,True,0.0,0.0,0.0,0.0,0.0,0.0,0.0,0.0,0.0,0.0,evidence_localization_failure,
2wikimultihopqa_d0cadba7088f11ebbd72ac1f6bf848b6,mistral-small3.1:24b,direct,Full Context,diagnostic_condition,full_context_condition,True,2wikimultihopqa,comparison,entity,16000,front,low,unknown,Stephen De Staebler,Samuel Arthur Saunder,p0001;p0002,p0001;p0002,True,0.0,0.0,0.0,0.0,0.0,0.0,1.0,1.0,1.0,1.0,answer_conversion_failure,
2wikimultihopqa_d0cadba7088f11ebbd72ac1f6bf848b6,mistral-small3.1:24b,retrieve_then_read,Retrieved Evidence,diagnostic_condition,evidence_narrowed_condition,True,2wikimultihopqa,comparison,entity,16000,front,low,unknown,Stephen De Staebler,Stephen De Staebler,p0001;p0002,p0001,True,1.0,1.0,1.0,1.0,1.0,1.0,1.0,0.5,0.6666666666666666,1.0,success,
2wikimultihopqa_d0cadba7088f11ebbd72ac1f6bf848b6,mistral-small3.1:24b,oracle,Oracle Evidence,diagnostic_baseline,oracle_evidence_upper_reference,True,2wikimultihopqa,comparison,entity,16000,front,low,unknown,Stephen De Staebler,Stephen De Staebler,p0001;p0002,p0001;p0002,True,1.0,1.0,1.0,1.0,1.0,1.0,1.0,1.0,1.0,1.0,success,
2wikimultihopqa_cff878c20bdb11eba7f7acde48001122,mistral-small3.1:24b,no_evidence,No Evidence,diagnostic_baseline,question_only_lower_bound,True,2wikimultihopqa,multi_hop,entity,4000,middle,low,unknown,Cebu,unknown,p0001;p0002,,True,0.0,0.0,0.0,0.0,0.0,0.0,0.0,0.0,0.0,0.0,evidence_localization_failure,
2wikimultihopqa_cff878c20bdb11eba7f7acde48001122,mistral-small3.1:24b,direct,Full Context,diagnostic_condition,full_context_condition,True,2wikimultihopqa,multi_hop,entity,4000,middle,low,unknown,Cebu,Philippines,p0001;p0002,p0001;p0002,True,0.0,0.0,0.0,0.0,0.0,0.0,1.0,1.0,1.0,1.0,answer_conversion_failure,
2wikimultihopqa_cff878c20bdb11eba7f7acde48001122,mistral-small3.1:24b,retrieve_then_read,Retrieved Evidence,diagnostic_condition,evidence_narrowed_condition,True,2wikimultihopqa,multi_hop,entity,4000,middle,low,unknown,Cebu,United States,p0001;p0002,p0001,True,0.0,0.0,0.0,0.0,0.0,0.0,1.0,0.5,0.6666666666666666,1.0,evidence_integration_failure,
2wikimultihopqa_cff878c20bdb11eba7f7acde48001122,mistral-small3.1:24b,oracle,Oracle Evidence,diagnostic_baseline,oracle_evidence_upper_reference,True,2wikimultihopqa,multi_hop,entity,4000,middle,low,unknown,Cebu,Cebu,p0001;p0002,p0002,True,1.0,1.0,1.0,1.0,1.0,1.0,1.0,0.5,0.6666666666666666,1.0,success,
2wikimultihopqa_133b785c0bda11eba7f7acde48001122,mistral-small3.1:24b,no_evidence,No Evidence,diagnostic_baseline,question_only_lower_bound,True,2wikimultihopqa,multi_hop,entity,8000,end,low,unknown,Rome,Rome,p0001;p0002,,True,1.0,1.0,1.0,1.0,1.0,1.0,0.0,0.0,0.0,0.0,success,
2wikimultihopqa_133b785c0bda11eba7f7acde48001122,mistral-small3.1:24b,direct,Full Context,diagnostic_condition,full_context_condition,True,2wikimultihopqa,multi_hop,entity,8000,end,low,unknown,Rome,Fregene,p0001;p0002,p0002,True,0.0,0.0,0.0,0.0,0.0,0.0,1.0,0.5,0.6666666666666666,1.0,evidence_integration_failure,
2wikimultihopqa_133b785c0bda11eba7f7acde48001122,mistral-small3.1:24b,retrieve_then_read,Retrieved Evidence,diagnostic_condition,evidence_narrowed_condition,True,2wikimultihopqa,multi_hop,entity,8000,end,low,unknown,Rome,unknown,p0001;p0002,,True,0.0,0.0,0.0,0.0,0.0,0.0,0.0,0.0,0.0,0.0,evidence_localization_failure,
2wikimultihopqa_133b785c0bda11eba7f7acde48001122,mistral-small3.1:24b,oracle,Oracle Evidence,diagnostic_baseline,oracle_evidence_upper_reference,True,2wikimultihopqa,multi_hop,entity,8000,end,low,unknown,Rome,Fregene,p0001;p0002,p0001;p0002,True,0.0,0.0,0.0,0.0,0.0,0.0,1.0,1.0,1.0,1.0,answer_conversion_failure,
2wikimultihopqa_f12995e108ab11ebbd82ac1f6bf848b6,mistral-small3.1:24b,no_evidence,No Evidence,diagnostic_baseline,question_only_lower_bound,True,2wikimultihopqa,comparison,entity,16000,scattered,medium,unknown,The Daughter Of Rosie O'Grady,The Daughter Of Rosie O'Grady,p0001;p0002;p0003;p0004,,True,1.0,1.0,1.0,1.0,1.0,1.0,0.0,0.0,0.0,0.0,success,
2wikimultihopqa_f12995e108ab11ebbd82ac1f6bf848b6,mistral-small3.1:24b,direct,Full Context,diagnostic_condition,full_context_condition,True,2wikimultihopqa,comparison,entity,16000,scattered,medium,unknown,The Daughter Of Rosie O'Grady,The Daughter of Rosie O'Grady,p0001;p0002;p0003;p0004,p0001;p0002,True,1.0,1.0,1.0,1.0,1.0,1.0,1.0,0.5,0.6666666666666666,1.0,success,
2wikimultihopqa_f12995e108ab11ebbd82ac1f6bf848b6,mistral-small3.1:24b,retrieve_then_read,Retrieved Evidence,diagnostic_condition,evidence_narrowed_condition,True,2wikimultihopqa,comparison,entity,16000,scattered,medium,unknown,The Daughter Of Rosie O'Grady,The Daughter Of Rosie O'Grady,p0001;p0002;p0003;p0004,,True,1.0,1.0,1.0,1.0,1.0,1.0,0.0,0.0,0.0,0.0,success,
2wikimultihopqa_f12995e108ab11ebbd82ac1f6bf848b6,mistral-small3.1:24b,oracle,Oracle Evidence,diagnostic_baseline,oracle_evidence_upper_reference,True,2wikimultihopqa,comparison,entity,16000,scattered,medium,unknown,The Daughter Of Rosie O'Grady,The Daughter of Rosie O'Grady,p0001;p0002;p0003;p0004,p0001;p0002;p0003,True,1.0,1.0,1.0,1.0,1.0,1.0,1.0,0.75,0.8571428571428571,1.0,success,
2wikimultihopqa_59054cad08b311ebbd86ac1f6bf848b6,mistral-small3.1:24b,no_evidence,No Evidence,diagnostic_baseline,question_only_lower_bound,True,2wikimultihopqa,comparison,yes_no,4000,front,medium,unknown,yes,no,p0001;p0002;p0003;p0004,,True,0.0,0.0,0.0,0.0,0.0,0.0,0.0,0.0,0.0,0.0,evidence_localization_failure,
2wikimultihopqa_59054cad08b311ebbd86ac1f6bf848b6,mistral-small3.1:24b,direct,Full Context,diagnostic_condition,full_context_condition,True,2wikimultihopqa,comparison,yes_no,4000,front,medium,unknown,yes,no,p0001;p0002;p0003;p0004,p0001;p0002,True,0.0,0.0,0.0,0.0,0.0,0.0,1.0,0.5,0.6666666666666666,1.0,evidence_integration_failure,
2wikimultihopqa_59054cad08b311ebbd86ac1f6bf848b6,mistral-small3.1:24b,retrieve_then_read,Retrieved Evidence,diagnostic_condition,evidence_narrowed_condition,True,2wikimultihopqa,comparison,yes_no,4000,front,medium,unknown,yes,no,p0001;p0002;p0003;p0004,,True,0.0,0.0,0.0,0.0,0.0,0.0,0.0,0.0,0.0,0.0,evidence_localization_failure,
2wikimultihopqa_59054cad08b311ebbd86ac1f6bf848b6,mistral-small3.1:24b,oracle,Oracle Evidence,diagnostic_baseline,oracle_evidence_upper_reference,True,2wikimultihopqa,comparison,yes_no,4000,front,medium,unknown,yes,no,p0001;p0002;p0003;p0004,p0001;p0002;p0003,True,0.0,0.0,0.0,0.0,0.0,0.0,1.0,0.75,0.8571428571428571,1.0,evidence_integration_failure,
2wikimultihopqa_2a667a5808c511ebbd8eac1f6bf848b6,mistral-small3.1:24b,no_evidence,No Evidence,diagnostic_baseline,question_only_lower_bound,True,2wikimultihopqa,comparison,entity,8000,middle,medium,unknown,Nene Raju Nene Mantri,Invasion 1897,p0001;p0002;p0003;p0004,,True,0.0,0.0,0.0,0.0,0.0,0.0,0.0,0.0,0.0,0.0,evidence_localization_failure,
2wikimultihopqa_2a667a5808c511ebbd8eac1f6bf848b6,mistral-small3.1:24b,direct,Full Context,diagnostic_condition,full_context_condition,True,2wikimultihopqa,comparison,entity,8000,middle,medium,unknown,Nene Raju Nene Mantri,Invasion 1897,p0001;p0002;p0003;p0004,p0001;p0002;p0009,True,0.0,0.0,0.0,0.0,0.0,0.0,0.6666666666666666,0.5,0.5714285714285715,1.0,evidence_integration_failure,
2wikimultihopqa_2a667a5808c511ebbd8eac1f6bf848b6,mistral-small3.1:24b,retrieve_then_read,Retrieved Evidence,diagnostic_condition,evidence_narrowed_condition,True,2wikimultihopqa,comparison,entity,8000,middle,medium,unknown,Nene Raju Nene Mantri,Invasion 1897,p0001;p0002;p0003;p0004,,True,0.0,0.0,0.0,0.0,0.0,0.0,0.0,0.0,0.0,0.0,evidence_localization_failure,
2wikimultihopqa_2a667a5808c511ebbd8eac1f6bf848b6,mistral-small3.1:24b,oracle,Oracle Evidence,diagnostic_baseline,oracle_evidence_upper_reference,True,2wikimultihopqa,comparison,entity,8000,middle,medium,unknown,Nene Raju Nene Mantri,Nene Raju Nene Mantri,p0001;p0002;p0003;p0004,p0001;p0002;p0003,True,1.0,1.0,1.0,1.0,1.0,1.0,1.0,0.75,0.8571428571428571,1.0,success,
2wikimultihopqa_81c9a46c0bb011ebab90acde48001122,mistral-small3.1:24b,no_evidence,No Evidence,diagnostic_baseline,question_only_lower_bound,True,2wikimultihopqa,multi_hop,entity,16000,end,low,unknown,Joana de Prades,unknown,p0001;p0002,,True,0.0,0.0,0.0,0.0,0.0,0.0,0.0,0.0,0.0,0.0,evidence_localization_failure,
2wikimultihopqa_81c9a46c0bb011ebab90acde48001122,mistral-small3.1:24b,direct,Full Context,diagnostic_condition,full_context_condition,True,2wikimultihopqa,multi_hop,entity,16000,end,low,unknown,Joana de Prades,Joana de Prades,p0001;p0002,p0001,True,1.0,1.0,1.0,1.0,1.0,1.0,1.0,0.5,0.6666666666666666,1.0,success,
2wikimultihopqa_81c9a46c0bb011ebab90acde48001122,mistral-small3.1:24b,retrieve_then_read,Retrieved Evidence,diagnostic_condition,evidence_narrowed_condition,True,2wikimultihopqa,multi_hop,entity,16000,end,low,unknown,Joana de Prades,Joana de Prades,p0001;p0002,p0001,True,1.0,1.0,1.0,1.0,1.0,1.0,1.0,0.5,0.6666666666666666,1.0,success,
2wikimultihopqa_81c9a46c0bb011ebab90acde48001122,mistral-small3.1:24b,oracle,Oracle Evidence,diagnostic_baseline,oracle_evidence_upper_reference,True,2wikimultihopqa,multi_hop,entity,16000,end,low,unknown,Joana de Prades,Joana de Prades,p0001;p0002,p0002,True,1.0,1.0,1.0,1.0,1.0,1.0,1.0,0.5,0.6666666666666666,1.0,success,
2wikimultihopqa_c81d185a0baf11ebab90acde48001122,mistral-small3.1:24b,no_evidence,No Evidence,diagnostic_baseline,question_only_lower_bound,True,2wikimultihopqa,multi_hop,entity,4000,scattered,low,unknown,Henrietta Susanna Tracy,unknown,p0001;p0002,,True,0.0,0.0,0.0,0.0,0.0,0.0,0.0,0.0,0.0,0.0,evidence_localization_failure,
2wikimultihopqa_c81d185a0baf11ebab90acde48001122,mistral-small3.1:24b,direct,Full Context,diagnostic_condition,full_context_condition,True,2wikimultihopqa,multi_hop,entity,4000,scattered,low,unknown,Henrietta Susanna Tracy,Emma Elizabeth Alicia Pennant,p0001;p0002,p0001,True,0.0,0.0,0.0,0.0,0.0,0.0,1.0,0.5,0.6666666666666666,1.0,evidence_integration_failure,
2wikimultihopqa_c81d185a0baf11ebab90acde48001122,mistral-small3.1:24b,retrieve_then_read,Retrieved Evidence,diagnostic_condition,evidence_narrowed_condition,True,2wikimultihopqa,multi_hop,entity,4000,scattered,low,unknown,Henrietta Susanna Tracy,Henrietta Susanna,p0001;p0002,,True,0.0,0.8,0.0,0.8,0.0,0.8,0.0,0.0,0.0,0.0,evidence_localization_failure,
2wikimultihopqa_c81d185a0baf11ebab90acde48001122,mistral-small3.1:24b,oracle,Oracle Evidence,diagnostic_baseline,oracle_evidence_upper_reference,True,2wikimultihopqa,multi_hop,entity,4000,scattered,low,unknown,Henrietta Susanna Tracy,Henrietta Susanna Tracy,p0001;p0002,p0001;p0002,True,1.0,1.0,1.0,1.0,1.0,1.0,1.0,1.0,1.0,1.0,success,
2wikimultihopqa_00ea5297094a11ebbdaeac1f6bf848b6,mistral-small3.1:24b,no_evidence,No Evidence,diagnostic_baseline,question_only_lower_bound,True,2wikimultihopqa,comparison,entity,8000,front,low,unknown,Because The Internet,Because The Internet,p0001;p0002,,True,1.0,1.0,1.0,1.0,1.0,1.0,0.0,0.0,0.0,0.0,success,
2wikimultihopqa_00ea5297094a11ebbdaeac1f6bf848b6,mistral-small3.1:24b,direct,Full Context,diagnostic_condition,full_context_condition,True,2wikimultihopqa,comparison,entity,8000,front,low,unknown,Because The Internet,Because The Internet,p0001;p0002,p0001,True,1.0,1.0,1.0,1.0,1.0,1.0,1.0,0.5,0.6666666666666666,1.0,success,
2wikimultihopqa_00ea5297094a11ebbdaeac1f6bf848b6,mistral-small3.1:24b,retrieve_then_read,Retrieved Evidence,diagnostic_condition,evidence_narrowed_condition,True,2wikimultihopqa,comparison,entity,8000,front,low,unknown,Because The Internet,Because The Internet,p0001;p0002,,True,1.0,1.0,1.0,1.0,1.0,1.0,0.0,0.0,0.0,0.0,success,
2wikimultihopqa_00ea5297094a11ebbdaeac1f6bf848b6,mistral-small3.1:24b,oracle,Oracle Evidence,diagnostic_baseline,oracle_evidence_upper_reference,True,2wikimultihopqa,comparison,entity,8000,front,low,unknown,Because The Internet,Because the Internet,p0001;p0002,p0001;p0002,True,1.0,1.0,1.0,1.0,1.0,1.0,1.0,1.0,1.0,1.0,success,
2wikimultihopqa_f7ed995308d611ebbd99ac1f6bf848b6,mistral-small3.1:24b,no_evidence,No Evidence,diagnostic_baseline,question_only_lower_bound,True,2wikimultihopqa,comparison,yes_no,16000,middle,low,unknown,no,no,p0001;p0002,,True,1.0,1.0,1.0,1.0,1.0,1.0,0.0,0.0,0.0,0.0,success,
2wikimultihopqa_f7ed995308d611ebbd99ac1f6bf848b6,mistral-small3.1:24b,direct,Full Context,diagnostic_condition,full_context_condition,True,2wikimultihopqa,comparison,yes_no,16000,middle,low,unknown,no,no,p0001;p0002,p0001;p0002,True,1.0,1.0,1.0,1.0,1.0,1.0,1.0,1.0,1.0,1.0,success,
2wikimultihopqa_f7ed995308d611ebbd99ac1f6bf848b6,mistral-small3.1:24b,retrieve_then_read,Retrieved Evidence,diagnostic_condition,evidence_narrowed_condition,True,2wikimultihopqa,comparison,yes_no,16000,middle,low,unknown,no,no,p0001;p0002,p0001;p0002,True,1.0,1.0,1.0,1.0,1.0,1.0,1.0,1.0,1.0,1.0,success,
2wikimultihopqa_f7ed995308d611ebbd99ac1f6bf848b6,mistral-small3.1:24b,oracle,Oracle Evidence,diagnostic_baseline,oracle_evidence_upper_reference,True,2wikimultihopqa,comparison,yes_no,16000,middle,low,unknown,no,no,p0001;p0002,p0001;p0002,True,1.0,1.0,1.0,1.0,1.0,1.0,1.0,1.0,1.0,1.0,success,
2wikimultihopqa_61cc91aa088c11ebbd6fac1f6bf848b6,mistral-small3.1:24b,no_evidence,No Evidence,diagnostic_baseline,question_only_lower_bound,True,2wikimultihopqa,comparison,entity,4000,end,medium,unknown,Dirty Dancing,Torments Of The Night,p0001;p0002;p0003;p0004,,True,0.0,0.0,0.0,0.0,0.0,0.0,0.0,0.0,0.0,0.0,evidence_localization_failure,
2wikimultihopqa_61cc91aa088c11ebbd6fac1f6bf848b6,mistral-small3.1:24b,direct,Full Context,diagnostic_condition,full_context_condition,True,2wikimultihopqa,comparison,entity,4000,end,medium,unknown,Dirty Dancing,Torments of the Night,p0001;p0002;p0003;p0004,p0001;p0004,True,0.0,0.0,0.0,0.0,0.0,0.0,1.0,0.5,0.6666666666666666,1.0,evidence_integration_failure,
2wikimultihopqa_61cc91aa088c11ebbd6fac1f6bf848b6,mistral-small3.1:24b,retrieve_then_read,Retrieved Evidence,diagnostic_condition,evidence_narrowed_condition,True,2wikimultihopqa,comparison,entity,4000,end,medium,unknown,Dirty Dancing,Dirty Dancing: Havana Nights,p0001;p0002;p0003;p0004,,True,0.0,0.6666666666666666,0.0,0.6666666666666666,0.0,0.6666666666666666,0.0,0.0,0.0,0.0,evidence_localization_failure,
2wikimultihopqa_61cc91aa088c11ebbd6fac1f6bf848b6,mistral-small3.1:24b,oracle,Oracle Evidence,diagnostic_baseline,oracle_evidence_upper_reference,True,2wikimultihopqa,comparison,entity,4000,end,medium,unknown,Dirty Dancing,Dirty Dancing,p0001;p0002;p0003;p0004,p0001;p0002;p0003,True,1.0,1.0,1.0,1.0,1.0,1.0,1.0,0.75,0.8571428571428571,1.0,success,
2wikimultihopqa_171e51c60bdd11eba7f7acde48001122,mistral-small3.1:24b,no_evidence,No Evidence,diagnostic_baseline,question_only_lower_bound,True,2wikimultihopqa,multi_hop,entity,8000,scattered,low,unknown,Fårö,Copenhagen,p0001;p0002,,True,0.0,0.0,0.0,0.0,0.0,0.0,0.0,0.0,0.0,0.0,evidence_localization_failure,
2wikimultihopqa_171e51c60bdd11eba7f7acde48001122,mistral-small3.1:24b,direct,Full Context,diagnostic_condition,full_context_condition,True,2wikimultihopqa,multi_hop,entity,8000,scattered,low,unknown,Fårö,unknown,p0001;p0002,,True,0.0,0.0,0.0,0.0,0.0,0.0,0.0,0.0,0.0,0.0,evidence_localization_failure,
2wikimultihopqa_171e51c60bdd11eba7f7acde48001122,mistral-small3.1:24b,retrieve_then_read,Retrieved Evidence,diagnostic_condition,evidence_narrowed_condition,True,2wikimultihopqa,multi_hop,entity,8000,scattered,low,unknown,Fårö,Fredrikstad,p0001;p0002,,True,0.0,0.0,0.0,0.0,0.0,0.0,0.0,0.0,0.0,0.0,evidence_localization_failure,
2wikimultihopqa_171e51c60bdd11eba7f7acde48001122,mistral-small3.1:24b,oracle,Oracle Evidence,diagnostic_baseline,oracle_evidence_upper_reference,True,2wikimultihopqa,multi_hop,entity,8000,scattered,low,unknown,Fårö,Fårö,p0001;p0002,p0001;p0002,True,1.0,1.0,1.0,1.0,1.0,1.0,1.0,1.0,1.0,1.0,success,
2wikimultihopqa_1c0dd3b00bdc11eba7f7acde48001122,mistral-small3.1:24b,no_evidence,No Evidence,diagnostic_baseline,question_only_lower_bound,True,2wikimultihopqa,multi_hop,entity,16000,front,low,unknown,Polish-Lithuanian Commonwealth,Poland,p0001;p0002,,True,0.0,0.0,0.0,0.0,0.0,0.0,0.0,0.0,0.0,0.0,evidence_localization_failure,
2wikimultihopqa_1c0dd3b00bdc11eba7f7acde48001122,mistral-small3.1:24b,direct,Full Context,diagnostic_condition,full_context_condition,True,2wikimultihopqa,multi_hop,entity,16000,front,low,unknown,Polish-Lithuanian Commonwealth,Poland,p0001;p0002,p0001,True,0.0,0.0,0.0,0.0,0.0,0.0,1.0,0.5,0.6666666666666666,1.0,evidence_integration_failure,
2wikimultihopqa_1c0dd3b00bdc11eba7f7acde48001122,mistral-small3.1:24b,retrieve_then_read,Retrieved Evidence,diagnostic_condition,evidence_narrowed_condition,True,2wikimultihopqa,multi_hop,entity,16000,front,low,unknown,Polish-Lithuanian Commonwealth,Poland,p0001;p0002,,True,0.0,0.0,0.0,0.0,0.0,0.0,0.0,0.0,0.0,0.0,evidence_localization_failure,
2wikimultihopqa_1c0dd3b00bdc11eba7f7acde48001122,mistral-small3.1:24b,oracle,Oracle Evidence,diagnostic_baseline,oracle_evidence_upper_reference,True,2wikimultihopqa,multi_hop,entity,16000,front,low,unknown,Polish-Lithuanian Commonwealth,Poland,p0001;p0002,p0001;p0002,True,0.0,0.0,0.0,0.0,0.0,0.0,1.0,1.0,1.0,1.0,answer_conversion_failure,
2wikimultihopqa_c77037480baf11ebab90acde48001122,mistral-small3.1:24b,no_evidence,No Evidence,diagnostic_baseline,question_only_lower_bound,True,2wikimultihopqa,multi_hop,string,4000,middle,low,unknown,"Archibald Acheson, 2nd Earl of Gosford","Archibald Acheson, 2nd Earl of Gosford",p0001;p0002,,True,1.0,1.0,1.0,1.0,1.0,1.0,0.0,0.0,0.0,0.0,success,
2wikimultihopqa_c77037480baf11ebab90acde48001122,mistral-small3.1:24b,direct,Full Context,diagnostic_condition,full_context_condition,True,2wikimultihopqa,multi_hop,string,4000,middle,low,unknown,"Archibald Acheson, 2nd Earl of Gosford","Archibald Acheson, 3rd Earl of Gosford",p0001;p0002,p0001,True,0.0,0.8333333333333334,0.0,0.8333333333333334,0.0,0.8333333333333334,1.0,0.5,0.6666666666666666,1.0,evidence_integration_failure,
2wikimultihopqa_c77037480baf11ebab90acde48001122,mistral-small3.1:24b,retrieve_then_read,Retrieved Evidence,diagnostic_condition,evidence_narrowed_condition,True,2wikimultihopqa,multi_hop,string,4000,middle,low,unknown,"Archibald Acheson, 2nd Earl of Gosford","Archibald Acheson, 1st Earl of Gosford",p0001;p0002,,True,0.0,0.8333333333333334,0.0,0.8333333333333334,0.0,0.8333333333333334,0.0,0.0,0.0,0.0,evidence_localization_failure,
2wikimultihopqa_c77037480baf11ebab90acde48001122,mistral-small3.1:24b,oracle,Oracle Evidence,diagnostic_baseline,oracle_evidence_upper_reference,True,2wikimultihopqa,multi_hop,string,4000,middle,low,unknown,"Archibald Acheson, 2nd Earl of Gosford","Archibald Acheson, 2nd Earl of Gosford",p0001;p0002,p0001;p0002,True,1.0,1.0,1.0,1.0,1.0,1.0,1.0,1.0,1.0,1.0,success,
2wikimultihopqa_4e8195fa095b11ebbdaeac1f6bf848b6,mistral-small3.1:24b,no_evidence,No Evidence,diagnostic_baseline,question_only_lower_bound,True,2wikimultihopqa,comparison,entity,8000,end,low,unknown,Cinesound Varieties,Cinesound Varieties,p0001;p0002,,True,1.0,1.0,1.0,1.0,1.0,1.0,0.0,0.0,0.0,0.0,success,
2wikimultihopqa_4e8195fa095b11ebbdaeac1f6bf848b6,mistral-small3.1:24b,direct,Full Context,diagnostic_condition,full_context_condition,True,2wikimultihopqa,comparison,entity,8000,end,low,unknown,Cinesound Varieties,The First Seven Years,p0001;p0002,p0001,True,0.0,0.0,0.0,0.0,0.0,0.0,1.0,0.5,0.6666666666666666,1.0,evidence_integration_failure,
2wikimultihopqa_4e8195fa095b11ebbdaeac1f6bf848b6,mistral-small3.1:24b,retrieve_then_read,Retrieved Evidence,diagnostic_condition,evidence_narrowed_condition,True,2wikimultihopqa,comparison,entity,8000,end,low,unknown,Cinesound Varieties,Cinesound Varieties,p0001;p0002,p0001;p0002,True,1.0,1.0,1.0,1.0,1.0,1.0,1.0,1.0,1.0,1.0,success,
2wikimultihopqa_4e8195fa095b11ebbdaeac1f6bf848b6,mistral-small3.1:24b,oracle,Oracle Evidence,diagnostic_baseline,oracle_evidence_upper_reference,True,2wikimultihopqa,comparison,entity,8000,end,low,unknown,Cinesound Varieties,Cinesound Varieties,p0001;p0002,p0001;p0002,True,1.0,1.0,1.0,1.0,1.0,1.0,1.0,1.0,1.0,1.0,success,
2wikimultihopqa_d15be72e0bdd11eba7f7acde48001122,mistral-small3.1:24b,no_evidence,No Evidence,diagnostic_baseline,question_only_lower_bound,True,2wikimultihopqa,multi_hop,entity,16000,scattered,low,unknown,Lewes,unknown,p0001;p0002,,True,0.0,0.0,0.0,0.0,0.0,0.0,0.0,0.0,0.0,0.0,evidence_localization_failure,
2wikimultihopqa_d15be72e0bdd11eba7f7acde48001122,mistral-small3.1:24b,direct,Full Context,diagnostic_condition,full_context_condition,True,2wikimultihopqa,multi_hop,entity,16000,scattered,low,unknown,Lewes,England,p0001;p0002,p0001,True,0.0,0.0,0.0,0.0,0.0,0.0,1.0,0.5,0.6666666666666666,1.0,evidence_integration_failure,
2wikimultihopqa_d15be72e0bdd11eba7f7acde48001122,mistral-small3.1:24b,retrieve_then_read,Retrieved Evidence,diagnostic_condition,evidence_narrowed_condition,True,2wikimultihopqa,multi_hop,entity,16000,scattered,low,unknown,Lewes,Ponthieu,p0001;p0002,,True,0.0,0.0,0.0,0.0,0.0,0.0,0.0,0.0,0.0,0.0,evidence_localization_failure,
2wikimultihopqa_d15be72e0bdd11eba7f7acde48001122,mistral-small3.1:24b,oracle,Oracle Evidence,diagnostic_baseline,oracle_evidence_upper_reference,True,2wikimultihopqa,multi_hop,entity,16000,scattered,low,unknown,Lewes,unknown,p0001;p0002,,True,0.0,0.0,0.0,0.0,0.0,0.0,0.0,0.0,0.0,0.0,evidence_localization_failure,
2wikimultihopqa_5db7e2d80bdc11eba7f7acde48001122,mistral-small3.1:24b,no_evidence,No Evidence,diagnostic_baseline,question_only_lower_bound,True,2wikimultihopqa,multi_hop,entity,4000,front,low,unknown,Bratislava,unknown,p0001;p0002,,True,0.0,0.0,0.0,0.0,0.0,0.0,0.0,0.0,0.0,0.0,evidence_localization_failure,
2wikimultihopqa_5db7e2d80bdc11eba7f7acde48001122,mistral-small3.1:24b,direct,Full Context,diagnostic_condition,full_context_condition,True,2wikimultihopqa,multi_hop,entity,4000,front,low,unknown,Bratislava,Bratislava,p0001;p0002,p0001;p0002,True,1.0,1.0,1.0,1.0,1.0,1.0,1.0,1.0,1.0,1.0,success,
2wikimultihopqa_5db7e2d80bdc11eba7f7acde48001122,mistral-small3.1:24b,retrieve_then_read,Retrieved Evidence,diagnostic_condition,evidence_narrowed_condition,True,2wikimultihopqa,multi_hop,entity,4000,front,low,unknown,Bratislava,Bratislava,p0001;p0002,p0002,True,1.0,1.0,1.0,1.0,1.0,1.0,1.0,0.5,0.6666666666666666,1.0,success,
2wikimultihopqa_5db7e2d80bdc11eba7f7acde48001122,mistral-small3.1:24b,oracle,Oracle Evidence,diagnostic_baseline,oracle_evidence_upper_reference,True,2wikimultihopqa,multi_hop,entity,4000,front,low,unknown,Bratislava,Bratislava,p0001;p0002,p0001;p0002,True,1.0,1.0,1.0,1.0,1.0,1.0,1.0,1.0,1.0,1.0,success,
2wikimultihopqa_7eb8d29a08c511ebbd8eac1f6bf848b6,mistral-small3.1:24b,no_evidence,No Evidence,diagnostic_baseline,question_only_lower_bound,True,2wikimultihopqa,comparison,yes_no,8000,middle,medium,unknown,yes,no,p0001;p0002;p0003;p0004,,True,0.0,0.0,0.0,0.0,0.0,0.0,0.0,0.0,0.0,0.0,evidence_localization_failure,
2wikimultihopqa_7eb8d29a08c511ebbd8eac1f6bf848b6,mistral-small3.1:24b,direct,Full Context,diagnostic_condition,full_context_condition,True,2wikimultihopqa,comparison,yes_no,8000,middle,medium,unknown,yes,no,p0001;p0002;p0003;p0004,p0001;p0002,True,0.0,0.0,0.0,0.0,0.0,0.0,1.0,0.5,0.6666666666666666,1.0,evidence_integration_failure,
2wikimultihopqa_7eb8d29a08c511ebbd8eac1f6bf848b6,mistral-small3.1:24b,retrieve_then_read,Retrieved Evidence,diagnostic_condition,evidence_narrowed_condition,True,2wikimultihopqa,comparison,yes_no,8000,middle,medium,unknown,yes,no,p0001;p0002;p0003;p0004,,True,0.0,0.0,0.0,0.0,0.0,0.0,0.0,0.0,0.0,0.0,evidence_localization_failure,
2wikimultihopqa_7eb8d29a08c511ebbd8eac1f6bf848b6,mistral-small3.1:24b,oracle,Oracle Evidence,diagnostic_baseline,oracle_evidence_upper_reference,True,2wikimultihopqa,comparison,yes_no,8000,middle,medium,unknown,yes,no,p0001;p0002;p0003;p0004,p0001;p0002;p0004,True,0.0,0.0,0.0,0.0,0.0,0.0,1.0,0.75,0.8571428571428571,1.0,evidence_integration_failure,
2wikimultihopqa_49eb87280bdc11eba7f7acde48001122,mistral-small3.1:24b,no_evidence,No Evidence,diagnostic_baseline,question_only_lower_bound,True,2wikimultihopqa,multi_hop,entity,16000,end,low,unknown,Westerland,Paris,p0001;p0002,,True,0.0,0.0,0.0,0.0,0.0,0.0,0.0,0.0,0.0,0.0,evidence_localization_failure,
2wikimultihopqa_49eb87280bdc11eba7f7acde48001122,mistral-small3.1:24b,direct,Full Context,diagnostic_condition,full_context_condition,True,2wikimultihopqa,multi_hop,entity,16000,end,low,unknown,Westerland,Westerland,p0001;p0002,p0002,True,1.0,1.0,1.0,1.0,1.0,1.0,1.0,0.5,0.6666666666666666,1.0,success,
2wikimultihopqa_49eb87280bdc11eba7f7acde48001122,mistral-small3.1:24b,retrieve_then_read,Retrieved Evidence,diagnostic_condition,evidence_narrowed_condition,True,2wikimultihopqa,multi_hop,entity,16000,end,low,unknown,Westerland,"November 5, 1970",p0001;p0002,p0001,True,0.0,0.0,0.0,0.0,0.0,0.0,1.0,0.5,0.6666666666666666,1.0,evidence_integration_failure,
2wikimultihopqa_49eb87280bdc11eba7f7acde48001122,mistral-small3.1:24b,oracle,Oracle Evidence,diagnostic_baseline,oracle_evidence_upper_reference,True,2wikimultihopqa,multi_hop,entity,16000,end,low,unknown,Westerland,Westerland,p0001;p0002,p0001;p0002,True,1.0,1.0,1.0,1.0,1.0,1.0,1.0,1.0,1.0,1.0,success,
2wikimultihopqa_5e418da00bda11eba7f7acde48001122,mistral-small3.1:24b,no_evidence,No Evidence,diagnostic_baseline,question_only_lower_bound,True,2wikimultihopqa,multi_hop,entity,4000,scattered,low,unknown,London,"Leichhardt, Sydney, Australia",p0001;p0002,,True,0.0,0.0,0.0,0.0,0.0,0.0,0.0,0.0,0.0,0.0,evidence_localization_failure,
2wikimultihopqa_5e418da00bda11eba7f7acde48001122,mistral-small3.1:24b,direct,Full Context,diagnostic_condition,full_context_condition,True,2wikimultihopqa,multi_hop,entity,4000,scattered,low,unknown,London,London Borough of Islington,p0001;p0002,p0001,True,0.0,0.4,0.0,0.4,0.0,0.4,1.0,0.5,0.6666666666666666,1.0,evidence_integration_failure,
2wikimultihopqa_5e418da00bda11eba7f7acde48001122,mistral-small3.1:24b,retrieve_then_read,Retrieved Evidence,diagnostic_condition,evidence_narrowed_condition,True,2wikimultihopqa,multi_hop,entity,4000,scattered,low,unknown,London,London,p0001;p0002,p0002,True,1.0,1.0,1.0,1.0,1.0,1.0,1.0,0.5,0.6666666666666666,1.0,success,
2wikimultihopqa_5e418da00bda11eba7f7acde48001122,mistral-small3.1:24b,oracle,Oracle Evidence,diagnostic_baseline,oracle_evidence_upper_reference,True,2wikimultihopqa,multi_hop,entity,4000,scattered,low,unknown,London,London Borough of Islington,p0001;p0002,p0001;p0002,True,0.0,0.4,0.0,0.4,0.0,0.4,1.0,1.0,1.0,1.0,answer_conversion_failure,
2wikimultihopqa_d6b470160baf11ebab90acde48001122,mistral-small3.1:24b,no_evidence,No Evidence,diagnostic_baseline,question_only_lower_bound,True,2wikimultihopqa,multi_hop,entity,8000,front,low,unknown,Infanta Maria Antonia of Portugal,Princess Maria Annunciata of Bourbon-Two Sicilies,p0001;p0002,,True,0.0,0.3636363636363636,0.0,0.3333333333333333,0.0,0.3636363636363636,0.0,0.0,0.0,0.0,evidence_localization_failure,
2wikimultihopqa_d6b470160baf11ebab90acde48001122,mistral-small3.1:24b,direct,Full Context,diagnostic_condition,full_context_condition,True,2wikimultihopqa,multi_hop,entity,8000,front,low,unknown,Infanta Maria Antonia of Portugal,Princess Zita of Bourbon-Parma,p0001;p0002,p0001,True,0.0,0.22222222222222224,0.0,0.20000000000000004,0.0,0.22222222222222224,1.0,0.5,0.6666666666666666,1.0,evidence_integration_failure,
2wikimultihopqa_d6b470160baf11ebab90acde48001122,mistral-small3.1:24b,retrieve_then_read,Retrieved Evidence,diagnostic_condition,evidence_narrowed_condition,True,2wikimultihopqa,multi_hop,entity,8000,front,low,unknown,Infanta Maria Antonia of Portugal,Archduchess Elisabeth of Austria,p0001;p0002,,True,0.0,0.22222222222222224,0.0,0.22222222222222224,0.0,0.22222222222222224,0.0,0.0,0.0,0.0,evidence_localization_failure,
2wikimultihopqa_d6b470160baf11ebab90acde48001122,mistral-small3.1:24b,oracle,Oracle Evidence,diagnostic_baseline,oracle_evidence_upper_reference,True,2wikimultihopqa,multi_hop,entity,8000,front,low,unknown,Infanta Maria Antonia of Portugal,Infanta Maria Antonia of Portugal,p0001;p0002,p0001;p0002,True,1.0,1.0,1.0,1.0,1.0,1.0,1.0,1.0,1.0,1.0,success,
2wikimultihopqa_00ce250d095f11ebbdafac1f6bf848b6,mistral-small3.1:24b,no_evidence,No Evidence,diagnostic_baseline,question_only_lower_bound,True,2wikimultihopqa,comparison,entity,16000,middle,low,unknown,Royal Treasure,When Love Begins,p0001;p0002,,True,0.0,0.0,0.0,0.0,0.0,0.0,0.0,0.0,0.0,0.0,evidence_localization_failure,
2wikimultihopqa_00ce250d095f11ebbdafac1f6bf848b6,mistral-small3.1:24b,direct,Full Context,diagnostic_condition,full_context_condition,True,2wikimultihopqa,comparison,entity,16000,middle,low,unknown,Royal Treasure,When Love Begins,p0001;p0002,p0001;p0002,True,0.0,0.0,0.0,0.0,0.0,0.0,1.0,1.0,1.0,1.0,answer_conversion_failure,
2wikimultihopqa_00ce250d095f11ebbdafac1f6bf848b6,mistral-small3.1:24b,retrieve_then_read,Retrieved Evidence,diagnostic_condition,evidence_narrowed_condition,True,2wikimultihopqa,comparison,entity,16000,middle,low,unknown,Royal Treasure,When Love Begins,p0001;p0002,p0001,True,0.0,0.0,0.0,0.0,0.0,0.0,1.0,0.5,0.6666666666666666,1.0,evidence_integration_failure,
2wikimultihopqa_00ce250d095f11ebbdafac1f6bf848b6,mistral-small3.1:24b,oracle,Oracle Evidence,diagnostic_baseline,oracle_evidence_upper_reference,True,2wikimultihopqa,comparison,entity,16000,middle,low,unknown,Royal Treasure,Royal Treasure,p0001;p0002,p0001;p0002,True,1.0,1.0,1.0,1.0,1.0,1.0,1.0,1.0,1.0,1.0,success,
2wikimultihopqa_32ebe13e0bb011ebab90acde48001122,mistral-small3.1:24b,no_evidence,No Evidence,diagnostic_baseline,question_only_lower_bound,True,2wikimultihopqa,multi_hop,entity,4000,end,low,unknown,"Albert II, Prince of Anhalt-Zerbst","Albert, Prince of Anhalt-Köthen",p0001;p0002,,True,0.0,0.6666666666666665,0.0,0.7272727272727272,0.0,0.6666666666666665,0.0,0.0,0.0,0.0,evidence_localization_failure,
2wikimultihopqa_32ebe13e0bb011ebab90acde48001122,mistral-small3.1:24b,direct,Full Context,diagnostic_condition,full_context_condition,True,2wikimultihopqa,multi_hop,entity,4000,end,low,unknown,"Albert II, Prince of Anhalt-Zerbst","John I, Count of Henneberg-Schleusingen",p0001;p0002,p0001,True,0.0,0.20000000000000004,0.0,0.16666666666666666,0.0,0.20000000000000004,1.0,0.5,0.6666666666666666,1.0,evidence_integration_failure,
2wikimultihopqa_32ebe13e0bb011ebab90acde48001122,mistral-small3.1:24b,retrieve_then_read,Retrieved Evidence,diagnostic_condition,evidence_narrowed_condition,True,2wikimultihopqa,multi_hop,entity,4000,end,low,unknown,"Albert II, Prince of Anhalt-Zerbst","Gebhard III, Count of Mansfeld",p0001;p0002,,True,0.0,0.20000000000000004,0.0,0.1818181818181818,0.0,0.20000000000000004,0.0,0.0,0.0,0.0,evidence_localization_failure,
2wikimultihopqa_32ebe13e0bb011ebab90acde48001122,mistral-small3.1:24b,oracle,Oracle Evidence,diagnostic_baseline,oracle_evidence_upper_reference,True,2wikimultihopqa,multi_hop,entity,4000,end,low,unknown,"Albert II, Prince of Anhalt-Zerbst","Albert II, Prince of Anhalt-Zerbst",p0001;p0002,p0001;p0002,True,1.0,1.0,1.0,1.0,1.0,1.0,1.0,1.0,1.0,1.0,success,
2wikimultihopqa_b0ac0fc8087b11ebbd68ac1f6bf848b6,mistral-small3.1:24b,no_evidence,No Evidence,diagnostic_baseline,question_only_lower_bound,True,2wikimultihopqa,comparison,string,8000,scattered,medium,unknown,The Blue Collar Worker And The Hairdresser In A Whirl Of Sex And Politics,The Blue Collar Worker And The Hairdresser In A Whirl Of Sex And Politics,p0001;p0002;p0003;p0004,,True,1.0,1.0,1.0,1.0,1.0,1.0,0.0,0.0,0.0,0.0,success,
2wikimultihopqa_b0ac0fc8087b11ebbd68ac1f6bf848b6,mistral-small3.1:24b,direct,Full Context,diagnostic_condition,full_context_condition,True,2wikimultihopqa,comparison,string,8000,scattered,medium,unknown,The Blue Collar Worker And The Hairdresser In A Whirl Of Sex And Politics,The Blue Collar Worker And The Hairdresser In A Whirl Of Sex And Politics,p0001;p0002;p0003;p0004,p0002,True,1.0,1.0,1.0,1.0,1.0,1.0,1.0,0.25,0.4,1.0,success,
2wikimultihopqa_b0ac0fc8087b11ebbd68ac1f6bf848b6,mistral-small3.1:24b,retrieve_then_read,Retrieved Evidence,diagnostic_condition,evidence_narrowed_condition,True,2wikimultihopqa,comparison,string,8000,scattered,medium,unknown,The Blue Collar Worker And The Hairdresser In A Whirl Of Sex And Politics,The Blue Collar Worker And The Hairdresser In A Whirl Of Sex And Politics,p0001;p0002;p0003;p0004,p0002,True,1.0,1.0,1.0,1.0,1.0,1.0,1.0,0.25,0.4,1.0,success,
2wikimultihopqa_b0ac0fc8087b11ebbd68ac1f6bf848b6,mistral-small3.1:24b,oracle,Oracle Evidence,diagnostic_baseline,oracle_evidence_upper_reference,True,2wikimultihopqa,comparison,string,8000,scattered,medium,unknown,The Blue Collar Worker And The Hairdresser In A Whirl Of Sex And Politics,The Blue Collar Worker And The Hairdresser In A Whirl Of Sex And Politics,p0001;p0002;p0003;p0004,p0001;p0002;p0004,True,1.0,1.0,1.0,1.0,1.0,1.0,1.0,0.75,0.8571428571428571,1.0,success,
2wikimultihopqa_a022d8580bdc11eba7f7acde48001122,mistral-small3.1:24b,no_evidence,No Evidence,diagnostic_baseline,question_only_lower_bound,True,2wikimultihopqa,multi_hop,entity,16000,front,low,unknown,Ridley Scott,unknown,p0001;p0002,,True,0.0,0.0,0.0,0.0,0.0,0.0,0.0,0.0,0.0,0.0,evidence_localization_failure,
2wikimultihopqa_a022d8580bdc11eba7f7acde48001122,mistral-small3.1:24b,direct,Full Context,diagnostic_condition,full_context_condition,True,2wikimultihopqa,multi_hop,entity,16000,front,low,unknown,Ridley Scott,Ridley Scott,p0001;p0002,p0002,True,1.0,1.0,1.0,1.0,1.0,1.0,1.0,0.5,0.6666666666666666,1.0,success,
2wikimultihopqa_a022d8580bdc11eba7f7acde48001122,mistral-small3.1:24b,retrieve_then_read,Retrieved Evidence,diagnostic_condition,evidence_narrowed_condition,True,2wikimultihopqa,multi_hop,entity,16000,front,low,unknown,Ridley Scott,Ridley Scott,p0001;p0002,p0001;p0002,True,1.0,1.0,1.0,1.0,1.0,1.0,1.0,1.0,1.0,1.0,success,
2wikimultihopqa_a022d8580bdc11eba7f7acde48001122,mistral-small3.1:24b,oracle,Oracle Evidence,diagnostic_baseline,oracle_evidence_upper_reference,True,2wikimultihopqa,multi_hop,entity,16000,front,low,unknown,Ridley Scott,Ridley Scott,p0001;p0002,p0001;p0002,True,1.0,1.0,1.0,1.0,1.0,1.0,1.0,1.0,1.0,1.0,success,
2wikimultihopqa_e0036a5d086a11ebbd5fac1f6bf848b6,mistral-small3.1:24b,no_evidence,No Evidence,diagnostic_baseline,question_only_lower_bound,True,2wikimultihopqa,comparison,entity,4000,middle,low,unknown,Ela Gandhi,Ela Gandhi,p0001;p0002,,True,1.0,1.0,1.0,1.0,1.0,1.0,0.0,0.0,0.0,0.0,success,
2wikimultihopqa_e0036a5d086a11ebbd5fac1f6bf848b6,mistral-small3.1:24b,direct,Full Context,diagnostic_condition,full_context_condition,True,2wikimultihopqa,comparison,entity,4000,middle,low,unknown,Ela Gandhi,Ela Gandhi,p0001;p0002,p0001;p0002,True,1.0,1.0,1.0,1.0,1.0,1.0,1.0,1.0,1.0,1.0,success,
2wikimultihopqa_e0036a5d086a11ebbd5fac1f6bf848b6,mistral-small3.1:24b,retrieve_then_read,Retrieved Evidence,diagnostic_condition,evidence_narrowed_condition,True,2wikimultihopqa,comparison,entity,4000,middle,low,unknown,Ela Gandhi,Ela Gandhi,p0001;p0002,p0001,True,1.0,1.0,1.0,1.0,1.0,1.0,1.0,0.5,0.6666666666666666,1.0,success,
2wikimultihopqa_e0036a5d086a11ebbd5fac1f6bf848b6,mistral-small3.1:24b,oracle,Oracle Evidence,diagnostic_baseline,oracle_evidence_upper_reference,True,2wikimultihopqa,comparison,entity,4000,middle,low,unknown,Ela Gandhi,Ela Gandhi,p0001;p0002,p0001;p0002,True,1.0,1.0,1.0,1.0,1.0,1.0,1.0,1.0,1.0,1.0,success,
2wikimultihopqa_8cb79c16085a11ebbd5cac1f6bf848b6,mistral-small3.1:24b,no_evidence,No Evidence,diagnostic_baseline,question_only_lower_bound,True,2wikimultihopqa,comparison,entity,8000,end,medium,unknown,The Flying Liftboy,The Flying Liftboy,p0001;p0002;p0003;p0004,,True,1.0,1.0,1.0,1.0,1.0,1.0,0.0,0.0,0.0,0.0,success,
2wikimultihopqa_8cb79c16085a11ebbd5cac1f6bf848b6,mistral-small3.1:24b,direct,Full Context,diagnostic_condition,full_context_condition,True,2wikimultihopqa,comparison,entity,8000,end,medium,unknown,The Flying Liftboy,The Flying Liftboy,p0001;p0002;p0003;p0004,p0002;p0004,True,1.0,1.0,1.0,1.0,1.0,1.0,1.0,0.5,0.6666666666666666,1.0,success,
2wikimultihopqa_8cb79c16085a11ebbd5cac1f6bf848b6,mistral-small3.1:24b,retrieve_then_read,Retrieved Evidence,diagnostic_condition,evidence_narrowed_condition,True,2wikimultihopqa,comparison,entity,8000,end,medium,unknown,The Flying Liftboy,The Flying Liftboy,p0001;p0002;p0003;p0004,p0002;p0004,True,1.0,1.0,1.0,1.0,1.0,1.0,1.0,0.5,0.6666666666666666,1.0,success,
2wikimultihopqa_8cb79c16085a11ebbd5cac1f6bf848b6,mistral-small3.1:24b,oracle,Oracle Evidence,diagnostic_baseline,oracle_evidence_upper_reference,True,2wikimultihopqa,comparison,entity,8000,end,medium,unknown,The Flying Liftboy,The Flying Liftboy,p0001;p0002;p0003;p0004,p0001;p0002;p0003,True,1.0,1.0,1.0,1.0,1.0,1.0,1.0,0.75,0.8571428571428571,1.0,success,
2wikimultihopqa_95b5b8da08bd11ebbd8aac1f6bf848b6,mistral-small3.1:24b,no_evidence,No Evidence,diagnostic_baseline,question_only_lower_bound,True,2wikimultihopqa,comparison,entity,16000,scattered,low,unknown,Uzhaikkum Karangal,The Cemetery Club,p0001;p0002,,True,0.0,0.0,0.0,0.0,0.0,0.0,0.0,0.0,0.0,0.0,evidence_localization_failure,
2wikimultihopqa_95b5b8da08bd11ebbd8aac1f6bf848b6,mistral-small3.1:24b,direct,Full Context,diagnostic_condition,full_context_condition,True,2wikimultihopqa,comparison,entity,16000,scattered,low,unknown,Uzhaikkum Karangal,Uzhaikkum Karangal,p0001;p0002,p0001;p0002,True,1.0,1.0,1.0,1.0,1.0,1.0,1.0,1.0,1.0,1.0,success,
2wikimultihopqa_95b5b8da08bd11ebbd8aac1f6bf848b6,mistral-small3.1:24b,retrieve_then_read,Retrieved Evidence,diagnostic_condition,evidence_narrowed_condition,True,2wikimultihopqa,comparison,entity,16000,scattered,low,unknown,Uzhaikkum Karangal,Uzhaikkum Karangal,p0001;p0002,p0002,True,1.0,1.0,1.0,1.0,1.0,1.0,1.0,0.5,0.6666666666666666,1.0,success,
2wikimultihopqa_95b5b8da08bd11ebbd8aac1f6bf848b6,mistral-small3.1:24b,oracle,Oracle Evidence,diagnostic_baseline,oracle_evidence_upper_reference,True,2wikimultihopqa,comparison,entity,16000,scattered,low,unknown,Uzhaikkum Karangal,Uzhaikkum Karangal,p0001;p0002,p0001;p0002,True,1.0,1.0,1.0,1.0,1.0,1.0,1.0,1.0,1.0,1.0,success,
2wikimultihopqa_962889100baf11ebab90acde48001122,mistral-small3.1:24b,no_evidence,No Evidence,diagnostic_baseline,question_only_lower_bound,True,2wikimultihopqa,multi_hop,entity,4000,front,low,unknown,Longqing,unknown,p0001;p0002,,True,0.0,0.0,0.0,0.0,0.0,0.0,0.0,0.0,0.0,0.0,evidence_localization_failure,
2wikimultihopqa_962889100baf11ebab90acde48001122,mistral-small3.1:24b,direct,Full Context,diagnostic_condition,full_context_condition,True,2wikimultihopqa,multi_hop,entity,4000,front,low,unknown,Longqing,Wanli Emperor,p0001;p0002,p0001,True,0.0,0.0,0.0,0.0,0.0,0.0,1.0,0.5,0.6666666666666666,1.0,evidence_integration_failure,
2wikimultihopqa_962889100baf11ebab90acde48001122,mistral-small3.1:24b,retrieve_then_read,Retrieved Evidence,diagnostic_condition,evidence_narrowed_condition,True,2wikimultihopqa,multi_hop,entity,4000,front,low,unknown,Longqing,Wanli Emperor,p0001;p0002,p0001,True,0.0,0.0,0.0,0.0,0.0,0.0,1.0,0.5,0.6666666666666666,1.0,evidence_integration_failure,
2wikimultihopqa_962889100baf11ebab90acde48001122,mistral-small3.1:24b,oracle,Oracle Evidence,diagnostic_baseline,oracle_evidence_upper_reference,True,2wikimultihopqa,multi_hop,entity,4000,front,low,unknown,Longqing,Longqing Emperor,p0001;p0002,p0001;p0002,True,0.0,0.6666666666666666,0.0,0.6666666666666666,0.0,0.6666666666666666,1.0,1.0,1.0,1.0,answer_conversion_failure,
2wikimultihopqa_314f72c20bde11eba7f7acde48001122,mistral-small3.1:24b,no_evidence,No Evidence,diagnostic_baseline,question_only_lower_bound,True,2wikimultihopqa,multi_hop,entity,8000,middle,low,unknown,United States,American,p0001;p0002,,True,0.0,0.0,0.0,0.0,0.0,0.0,0.0,0.0,0.0,0.0,evidence_localization_failure,
2wikimultihopqa_314f72c20bde11eba7f7acde48001122,mistral-small3.1:24b,direct,Full Context,diagnostic_condition,full_context_condition,True,2wikimultihopqa,multi_hop,entity,8000,middle,low,unknown,United States,American,p0001;p0002,p0001;p0002,True,0.0,0.0,0.0,0.0,0.0,0.0,1.0,1.0,1.0,1.0,answer_conversion_failure,
2wikimultihopqa_314f72c20bde11eba7f7acde48001122,mistral-small3.1:24b,retrieve_then_read,Retrieved Evidence,diagnostic_condition,evidence_narrowed_condition,True,2wikimultihopqa,multi_hop,entity,8000,middle,low,unknown,United States,American,p0001;p0002,p0001,True,0.0,0.0,0.0,0.0,0.0,0.0,1.0,0.5,0.6666666666666666,1.0,evidence_integration_failure,
2wikimultihopqa_314f72c20bde11eba7f7acde48001122,mistral-small3.1:24b,oracle,Oracle Evidence,diagnostic_baseline,oracle_evidence_upper_reference,True,2wikimultihopqa,multi_hop,entity,8000,middle,low,unknown,United States,American,p0001;p0002,p0001;p0002,True,0.0,0.0,0.0,0.0,0.0,0.0,1.0,1.0,1.0,1.0,answer_conversion_failure,
2wikimultihopqa_29edeea4084c11ebbd56ac1f6bf848b6,mistral-small3.1:24b,no_evidence,No Evidence,diagnostic_baseline,question_only_lower_bound,True,2wikimultihopqa,comparison,entity,16000,end,low,unknown,Overill Dwyer-Brown,Dragan Načevski,p0001;p0002,,True,0.0,0.0,0.0,0.0,0.0,0.0,0.0,0.0,0.0,0.0,evidence_localization_failure,
2wikimultihopqa_29edeea4084c11ebbd56ac1f6bf848b6,mistral-small3.1:24b,direct,Full Context,diagnostic_condition,full_context_condition,True,2wikimultihopqa,comparison,entity,16000,end,low,unknown,Overill Dwyer-Brown,Overill Dwyer-Brown,p0001;p0002,p0001,True,1.0,1.0,1.0,1.0,1.0,1.0,1.0,0.5,0.6666666666666666,1.0,success,
2wikimultihopqa_29edeea4084c11ebbd56ac1f6bf848b6,mistral-small3.1:24b,retrieve_then_read,Retrieved Evidence,diagnostic_condition,evidence_narrowed_condition,True,2wikimultihopqa,comparison,entity,16000,end,low,unknown,Overill Dwyer-Brown,Overill Dwyer-Brown,p0001;p0002,p0002,True,1.0,1.0,1.0,1.0,1.0,1.0,1.0,0.5,0.6666666666666666,1.0,success,
2wikimultihopqa_29edeea4084c11ebbd56ac1f6bf848b6,mistral-small3.1:24b,oracle,Oracle Evidence,diagnostic_baseline,oracle_evidence_upper_reference,True,2wikimultihopqa,comparison,entity,16000,end,low,unknown,Overill Dwyer-Brown,Overill Dwyer-Brown,p0001;p0002,p0001;p0002,True,1.0,1.0,1.0,1.0,1.0,1.0,1.0,1.0,1.0,1.0,success,
2wikimultihopqa_702515e80bdd11eba7f7acde48001122,mistral-small3.1:24b,no_evidence,No Evidence,diagnostic_baseline,question_only_lower_bound,True,2wikimultihopqa,multi_hop,entity,4000,scattered,low,unknown,India,unknown,p0001;p0002,,True,0.0,0.0,0.0,0.0,0.0,0.0,0.0,0.0,0.0,0.0,evidence_localization_failure,
2wikimultihopqa_702515e80bdd11eba7f7acde48001122,mistral-small3.1:24b,direct,Full Context,diagnostic_condition,full_context_condition,True,2wikimultihopqa,multi_hop,entity,4000,scattered,low,unknown,India,India,p0001;p0002,p0001,True,1.0,1.0,1.0,1.0,1.0,1.0,1.0,0.5,0.6666666666666666,1.0,success,
2wikimultihopqa_702515e80bdd11eba7f7acde48001122,mistral-small3.1:24b,retrieve_then_read,Retrieved Evidence,diagnostic_condition,evidence_narrowed_condition,True,2wikimultihopqa,multi_hop,entity,4000,scattered,low,unknown,India,France,p0001;p0002,,True,0.0,0.0,0.0,0.0,0.0,0.0,0.0,0.0,0.0,0.0,evidence_localization_failure,
2wikimultihopqa_702515e80bdd11eba7f7acde48001122,mistral-small3.1:24b,oracle,Oracle Evidence,diagnostic_baseline,oracle_evidence_upper_reference,True,2wikimultihopqa,multi_hop,entity,4000,scattered,low,unknown,India,India,p0001;p0002,p0001;p0002,True,1.0,1.0,1.0,1.0,1.0,1.0,1.0,1.0,1.0,1.0,success,
2wikimultihopqa_8cd3fe6c0baf11ebab90acde48001122,mistral-small3.1:24b,no_evidence,No Evidence,diagnostic_baseline,question_only_lower_bound,True,2wikimultihopqa,multi_hop,entity,8000,front,low,unknown,Fíngen mac Áedo Duib,Ailill Flaind Chathraighe,p0001;p0002,,True,0.0,0.0,0.0,0.0,0.0,0.0,0.0,0.0,0.0,0.0,evidence_localization_failure,
2wikimultihopqa_8cd3fe6c0baf11ebab90acde48001122,mistral-small3.1:24b,direct,Full Context,diagnostic_condition,full_context_condition,True,2wikimultihopqa,multi_hop,entity,8000,front,low,unknown,Fíngen mac Áedo Duib,Faílbe Flann mac Áedo Duib,p0001;p0002,p0001,True,0.0,0.6666666666666665,0.0,0.6666666666666665,0.0,0.6666666666666665,1.0,0.5,0.6666666666666666,1.0,evidence_integration_failure,
2wikimultihopqa_8cd3fe6c0baf11ebab90acde48001122,mistral-small3.1:24b,retrieve_then_read,Retrieved Evidence,diagnostic_condition,evidence_narrowed_condition,True,2wikimultihopqa,multi_hop,entity,8000,front,low,unknown,Fíngen mac Áedo Duib,Cathal Cú- cen- máthair mac Cathaíl,p0001;p0002,,True,0.0,0.2,0.0,0.2,0.0,0.2,0.0,0.0,0.0,0.0,evidence_localization_failure,
2wikimultihopqa_8cd3fe6c0baf11ebab90acde48001122,mistral-small3.1:24b,oracle,Oracle Evidence,diagnostic_baseline,oracle_evidence_upper_reference,True,2wikimultihopqa,multi_hop,entity,8000,front,low,unknown,Fíngen mac Áedo Duib,Fíngen mac Áedo Duib,p0001;p0002,p0001;p0002,True,1.0,1.0,1.0,1.0,1.0,1.0,1.0,1.0,1.0,1.0,success,
2wikimultihopqa_93dec34e0bdd11eba7f7acde48001122,mistral-small3.1:24b,no_evidence,No Evidence,diagnostic_baseline,question_only_lower_bound,True,2wikimultihopqa,multi_hop,entity,16000,middle,low,unknown,France,France,p0001;p0002,,True,1.0,1.0,1.0,1.0,1.0,1.0,0.0,0.0,0.0,0.0,success,
2wikimultihopqa_93dec34e0bdd11eba7f7acde48001122,mistral-small3.1:24b,direct,Full Context,diagnostic_condition,full_context_condition,True,2wikimultihopqa,multi_hop,entity,16000,middle,low,unknown,France,France,p0001;p0002,p0001,True,1.0,1.0,1.0,1.0,1.0,1.0,1.0,0.5,0.6666666666666666,1.0,success,
2wikimultihopqa_93dec34e0bdd11eba7f7acde48001122,mistral-small3.1:24b,retrieve_then_read,Retrieved Evidence,diagnostic_condition,evidence_narrowed_condition,True,2wikimultihopqa,multi_hop,entity,16000,middle,low,unknown,France,France,p0001;p0002,p0001,True,1.0,1.0,1.0,1.0,1.0,1.0,1.0,0.5,0.6666666666666666,1.0,success,
2wikimultihopqa_93dec34e0bdd11eba7f7acde48001122,mistral-small3.1:24b,oracle,Oracle Evidence,diagnostic_baseline,oracle_evidence_upper_reference,True,2wikimultihopqa,multi_hop,entity,16000,middle,low,unknown,France,France,p0001;p0002,p0001;p0002,True,1.0,1.0,1.0,1.0,1.0,1.0,1.0,1.0,1.0,1.0,success,
2wikimultihopqa_5d71855608e711ebbda6ac1f6bf848b6,mistral-small3.1:24b,no_evidence,No Evidence,diagnostic_baseline,question_only_lower_bound,True,2wikimultihopqa,comparison,entity,4000,end,medium,unknown,Neal Of The Navy,The Enchanted Desna,p0001;p0002;p0003;p0004,,True,0.0,0.0,0.0,0.0,0.0,0.0,0.0,0.0,0.0,0.0,evidence_localization_failure,
2wikimultihopqa_5d71855608e711ebbda6ac1f6bf848b6,mistral-small3.1:24b,direct,Full Context,diagnostic_condition,full_context_condition,True,2wikimultihopqa,comparison,entity,4000,end,medium,unknown,Neal Of The Navy,Neal of the Navy,p0001;p0002;p0003;p0004,p0002;p0004,True,1.0,1.0,1.0,1.0,1.0,1.0,1.0,0.5,0.6666666666666666,1.0,success,
2wikimultihopqa_5d71855608e711ebbda6ac1f6bf848b6,mistral-small3.1:24b,retrieve_then_read,Retrieved Evidence,diagnostic_condition,evidence_narrowed_condition,True,2wikimultihopqa,comparison,entity,4000,end,medium,unknown,Neal Of The Navy,Cat Ballou,p0001;p0002;p0003;p0004,,True,0.0,0.0,0.0,0.0,0.0,0.0,0.0,0.0,0.0,0.0,evidence_localization_failure,
2wikimultihopqa_5d71855608e711ebbda6ac1f6bf848b6,mistral-small3.1:24b,oracle,Oracle Evidence,diagnostic_baseline,oracle_evidence_upper_reference,True,2wikimultihopqa,comparison,entity,4000,end,medium,unknown,Neal Of The Navy,Neal of the Navy,p0001;p0002;p0003;p0004,p0001;p0002;p0003,True,1.0,1.0,1.0,1.0,1.0,1.0,1.0,0.75,0.8571428571428571,1.0,success,
2wikimultihopqa_0ebf83cc08b511ebbd88ac1f6bf848b6,mistral-small3.1:24b,no_evidence,No Evidence,diagnostic_baseline,question_only_lower_bound,True,2wikimultihopqa,comparison,entity,8000,scattered,medium,unknown,Panique,Panique,p0001;p0002;p0003;p0004,,True,1.0,1.0,1.0,1.0,1.0,1.0,0.0,0.0,0.0,0.0,success,
2wikimultihopqa_0ebf83cc08b511ebbd88ac1f6bf848b6,mistral-small3.1:24b,direct,Full Context,diagnostic_condition,full_context_condition,True,2wikimultihopqa,comparison,entity,8000,scattered,medium,unknown,Panique,Feel My Pulse,p0001;p0002;p0003;p0004,p0001;p0002,True,0.0,0.0,0.0,0.0,0.0,0.0,1.0,0.5,0.6666666666666666,1.0,evidence_integration_failure,
2wikimultihopqa_0ebf83cc08b511ebbd88ac1f6bf848b6,mistral-small3.1:24b,retrieve_then_read,Retrieved Evidence,diagnostic_condition,evidence_narrowed_condition,True,2wikimultihopqa,comparison,entity,8000,scattered,medium,unknown,Panique,Panique,p0001;p0002;p0003;p0004,p0001;p0004,True,1.0,1.0,1.0,1.0,1.0,1.0,1.0,0.5,0.6666666666666666,1.0,success,
2wikimultihopqa_0ebf83cc08b511ebbd88ac1f6bf848b6,mistral-small3.1:24b,oracle,Oracle Evidence,diagnostic_baseline,oracle_evidence_upper_reference,True,2wikimultihopqa,comparison,entity,8000,scattered,medium,unknown,Panique,Panique,p0001;p0002;p0003;p0004,p0001;p0002;p0003,True,1.0,1.0,1.0,1.0,1.0,1.0,1.0,0.75,0.8571428571428571,1.0,success,
2wikimultihopqa_5d18eb8408e311ebbda4ac1f6bf848b6,mistral-small3.1:24b,no_evidence,No Evidence,diagnostic_baseline,question_only_lower_bound,True,2wikimultihopqa,comparison,entity,16000,front,medium,unknown,Hanuman Patal Vijay,Young And Dangerous: The Prequel,p0001;p0002;p0003;p0004,,True,0.0,0.0,0.0,0.0,0.0,0.0,0.0,0.0,0.0,0.0,evidence_localization_failure,
2wikimultihopqa_5d18eb8408e311ebbda4ac1f6bf848b6,mistral-small3.1:24b,direct,Full Context,diagnostic_condition,full_context_condition,True,2wikimultihopqa,comparison,entity,16000,front,medium,unknown,Hanuman Patal Vijay,Hanuman Patal Vijay,p0001;p0002;p0003;p0004,p0001;p0004,True,1.0,1.0,1.0,1.0,1.0,1.0,1.0,0.5,0.6666666666666666,1.0,success,
2wikimultihopqa_5d18eb8408e311ebbda4ac1f6bf848b6,mistral-small3.1:24b,retrieve_then_read,Retrieved Evidence,diagnostic_condition,evidence_narrowed_condition,True,2wikimultihopqa,comparison,entity,16000,front,medium,unknown,Hanuman Patal Vijay,Hanuman Patal Vijay,p0001;p0002;p0003;p0004,p0001;p0003;p0004,True,1.0,1.0,1.0,1.0,1.0,1.0,1.0,0.75,0.8571428571428571,1.0,success,
2wikimultihopqa_5d18eb8408e311ebbda4ac1f6bf848b6,mistral-small3.1:24b,oracle,Oracle Evidence,diagnostic_baseline,oracle_evidence_upper_reference,True,2wikimultihopqa,comparison,entity,16000,front,medium,unknown,Hanuman Patal Vijay,Hanuman Patal Vijay,p0001;p0002;p0003;p0004,p0001;p0002;p0003,True,1.0,1.0,1.0,1.0,1.0,1.0,1.0,0.75,0.8571428571428571,1.0,success,
2wikimultihopqa_a26599ea097011ebbdb0ac1f6bf848b6,mistral-small3.1:24b,no_evidence,No Evidence,diagnostic_baseline,question_only_lower_bound,True,2wikimultihopqa,comparison,entity,4000,middle,low,unknown,Ghar Ki Rani,Heaven Help Us,p0001;p0002,,True,0.0,0.0,0.0,0.0,0.0,0.0,0.0,0.0,0.0,0.0,evidence_localization_failure,
2wikimultihopqa_a26599ea097011ebbdb0ac1f6bf848b6,mistral-small3.1:24b,direct,Full Context,diagnostic_condition,full_context_condition,True,2wikimultihopqa,comparison,entity,4000,middle,low,unknown,Ghar Ki Rani,Ghar Ki Rani,p0001;p0002,p0001;p0002,True,1.0,1.0,1.0,1.0,1.0,1.0,1.0,1.0,1.0,1.0,success,
2wikimultihopqa_a26599ea097011ebbdb0ac1f6bf848b6,mistral-small3.1:24b,retrieve_then_read,Retrieved Evidence,diagnostic_condition,evidence_narrowed_condition,True,2wikimultihopqa,comparison,entity,4000,middle,low,unknown,Ghar Ki Rani,Ghar Ki Rani,p0001;p0002,,True,1.0,1.0,1.0,1.0,1.0,1.0,0.0,0.0,0.0,0.0,success,
2wikimultihopqa_a26599ea097011ebbdb0ac1f6bf848b6,mistral-small3.1:24b,oracle,Oracle Evidence,diagnostic_baseline,oracle_evidence_upper_reference,True,2wikimultihopqa,comparison,entity,4000,middle,low,unknown,Ghar Ki Rani,Ghar Ki Rani,p0001;p0002,p0001;p0002,True,1.0,1.0,1.0,1.0,1.0,1.0,1.0,1.0,1.0,1.0,success,
2wikimultihopqa_f2287f32089311ebbd75ac1f6bf848b6,mistral-small3.1:24b,no_evidence,No Evidence,diagnostic_baseline,question_only_lower_bound,True,2wikimultihopqa,comparison,entity,8000,end,medium,unknown,The Boss And The Worker,The Boss And The Worker,p0001;p0002;p0003;p0004,,True,1.0,1.0,1.0,1.0,1.0,1.0,0.0,0.0,0.0,0.0,success,
2wikimultihopqa_f2287f32089311ebbd75ac1f6bf848b6,mistral-small3.1:24b,direct,Full Context,diagnostic_condition,full_context_condition,True,2wikimultihopqa,comparison,entity,8000,end,medium,unknown,The Boss And The Worker,The Boss And The Worker,p0001;p0002;p0003;p0004,p0001;p0003;p0004,True,1.0,1.0,1.0,1.0,1.0,1.0,1.0,0.75,0.8571428571428571,1.0,success,
2wikimultihopqa_f2287f32089311ebbd75ac1f6bf848b6,mistral-small3.1:24b,retrieve_then_read,Retrieved Evidence,diagnostic_condition,evidence_narrowed_condition,True,2wikimultihopqa,comparison,entity,8000,end,medium,unknown,The Boss And The Worker,The Boss And The Worker,p0001;p0002;p0003;p0004,p0003,True,1.0,1.0,1.0,1.0,1.0,1.0,1.0,0.25,0.4,1.0,success,
2wikimultihopqa_f2287f32089311ebbd75ac1f6bf848b6,mistral-small3.1:24b,oracle,Oracle Evidence,diagnostic_baseline,oracle_evidence_upper_reference,True,2wikimultihopqa,comparison,entity,8000,end,medium,unknown,The Boss And The Worker,Claire's Knee,p0001;p0002;p0003;p0004,p0001;p0002;p0003,True,0.0,0.0,0.0,0.0,0.0,0.0,1.0,0.75,0.8571428571428571,1.0,evidence_integration_failure,
2wikimultihopqa_4f0d28fb088b11ebbd6fac1f6bf848b6,mistral-small3.1:24b,no_evidence,No Evidence,diagnostic_baseline,question_only_lower_bound,True,2wikimultihopqa,comparison,entity,16000,scattered,low,unknown,Adalberto Pereira Dos Santos,Adalberto Pereira Dos Santos,p0001;p0002,,True,1.0,1.0,1.0,1.0,1.0,1.0,0.0,0.0,0.0,0.0,success,
2wikimultihopqa_4f0d28fb088b11ebbd6fac1f6bf848b6,mistral-small3.1:24b,direct,Full Context,diagnostic_condition,full_context_condition,True,2wikimultihopqa,comparison,entity,16000,scattered,low,unknown,Adalberto Pereira Dos Santos,Adalberto Pereira Dos Santos,p0001;p0002,p0002,True,1.0,1.0,1.0,1.0,1.0,1.0,1.0,0.5,0.6666666666666666,1.0,success,
2wikimultihopqa_4f0d28fb088b11ebbd6fac1f6bf848b6,mistral-small3.1:24b,retrieve_then_read,Retrieved Evidence,diagnostic_condition,evidence_narrowed_condition,True,2wikimultihopqa,comparison,entity,16000,scattered,low,unknown,Adalberto Pereira Dos Santos,Louis-Armand-Constantin De Rohan,p0001;p0002,,True,0.0,0.0,0.0,0.0,0.0,0.0,0.0,0.0,0.0,0.0,evidence_localization_failure,
2wikimultihopqa_4f0d28fb088b11ebbd6fac1f6bf848b6,mistral-small3.1:24b,oracle,Oracle Evidence,diagnostic_baseline,oracle_evidence_upper_reference,True,2wikimultihopqa,comparison,entity,16000,scattered,low,unknown,Adalberto Pereira Dos Santos,Adalberto Pereira dos Santos,p0001;p0002,p0001;p0002,True,1.0,1.0,1.0,1.0,1.0,1.0,1.0,1.0,1.0,1.0,success,
2wikimultihopqa_475b89f80bb011ebab90acde48001122,mistral-small3.1:24b,no_evidence,No Evidence,diagnostic_baseline,question_only_lower_bound,True,2wikimultihopqa,multi_hop,entity,4000,front,low,unknown,Thyra,Ingrid of Sweden,p0001;p0002,,True,0.0,0.0,0.0,0.0,0.0,0.0,0.0,0.0,0.0,0.0,evidence_localization_failure,
2wikimultihopqa_475b89f80bb011ebab90acde48001122,mistral-small3.1:24b,direct,Full Context,diagnostic_condition,full_context_condition,True,2wikimultihopqa,multi_hop,entity,4000,front,low,unknown,Thyra,Thyra Dannebod,p0001;p0002,p0001,True,0.0,0.6666666666666666,0.0,0.6666666666666666,0.0,0.6666666666666666,1.0,0.5,0.6666666666666666,1.0,evidence_integration_failure,
2wikimultihopqa_475b89f80bb011ebab90acde48001122,mistral-small3.1:24b,retrieve_then_read,Retrieved Evidence,diagnostic_condition,evidence_narrowed_condition,True,2wikimultihopqa,multi_hop,entity,4000,front,low,unknown,Thyra,Sylvia Sommerlath,p0001;p0002,,True,0.0,0.0,0.0,0.0,0.0,0.0,0.0,0.0,0.0,0.0,evidence_localization_failure,
2wikimultihopqa_475b89f80bb011ebab90acde48001122,mistral-small3.1:24b,oracle,Oracle Evidence,diagnostic_baseline,oracle_evidence_upper_reference,True,2wikimultihopqa,multi_hop,entity,4000,front,low,unknown,Thyra,Thyra Dannebod,p0001;p0002,p0001;p0002,True,0.0,0.6666666666666666,0.0,0.6666666666666666,0.0,0.6666666666666666,1.0,1.0,1.0,1.0,answer_conversion_failure,
2wikimultihopqa_86ae8b920baf11ebab90acde48001122,mistral-small3.1:24b,no_evidence,No Evidence,diagnostic_baseline,question_only_lower_bound,True,2wikimultihopqa,multi_hop,entity,8000,middle,low,unknown,Alexander III of Russia,Grand Duke Alexander Mikhailovich of Russia,p0001;p0002,,True,0.0,0.6,0.0,0.6,0.0,0.6,0.0,0.0,0.0,0.0,evidence_localization_failure,
2wikimultihopqa_86ae8b920baf11ebab90acde48001122,mistral-small3.1:24b,direct,Full Context,diagnostic_condition,full_context_condition,True,2wikimultihopqa,multi_hop,entity,8000,middle,low,unknown,Alexander III of Russia,Alexander III of Russia,p0001;p0002,p0001;p0002,True,1.0,1.0,1.0,1.0,1.0,1.0,1.0,1.0,1.0,1.0,success,
2wikimultihopqa_86ae8b920baf11ebab90acde48001122,mistral-small3.1:24b,retrieve_then_read,Retrieved Evidence,diagnostic_condition,evidence_narrowed_condition,True,2wikimultihopqa,multi_hop,entity,8000,middle,low,unknown,Alexander III of Russia,Grand Duke Paul Alexandrovich of Russia,p0001;p0002,,True,0.0,0.4,0.0,0.4,0.0,0.4,0.0,0.0,0.0,0.0,evidence_localization_failure,
2wikimultihopqa_86ae8b920baf11ebab90acde48001122,mistral-small3.1:24b,oracle,Oracle Evidence,diagnostic_baseline,oracle_evidence_upper_reference,True,2wikimultihopqa,multi_hop,entity,8000,middle,low,unknown,Alexander III of Russia,Tsar Alexander III of Russia,p0001;p0002,p0001;p0002,True,0.0,0.888888888888889,0.0,0.888888888888889,0.0,0.888888888888889,1.0,1.0,1.0,1.0,answer_conversion_failure,
2wikimultihopqa_9997225c0bda11eba7f7acde48001122,mistral-small3.1:24b,no_evidence,No Evidence,diagnostic_baseline,question_only_lower_bound,True,2wikimultihopqa,multi_hop,entity,16000,end,low,unknown,Forest Lawn Memorial Park,unknown,p0001;p0002,,True,0.0,0.0,0.0,0.0,0.0,0.0,0.0,0.0,0.0,0.0,evidence_localization_failure,
2wikimultihopqa_9997225c0bda11eba7f7acde48001122,mistral-small3.1:24b,direct,Full Context,diagnostic_condition,full_context_condition,True,2wikimultihopqa,multi_hop,entity,16000,end,low,unknown,Forest Lawn Memorial Park,Glendale's Forest Lawn Memorial Park Cemetery,p0001;p0002,p0002,True,0.0,0.8,0.0,0.7272727272727273,0.0,0.8,1.0,0.5,0.6666666666666666,1.0,evidence_integration_failure,
2wikimultihopqa_9997225c0bda11eba7f7acde48001122,mistral-small3.1:24b,retrieve_then_read,Retrieved Evidence,diagnostic_condition,evidence_narrowed_condition,True,2wikimultihopqa,multi_hop,entity,16000,end,low,unknown,Forest Lawn Memorial Park,unknown,p0001;p0002,,True,0.0,0.0,0.0,0.0,0.0,0.0,0.0,0.0,0.0,0.0,evidence_localization_failure,
2wikimultihopqa_9997225c0bda11eba7f7acde48001122,mistral-small3.1:24b,oracle,Oracle Evidence,diagnostic_baseline,oracle_evidence_upper_reference,True,2wikimultihopqa,multi_hop,entity,16000,end,low,unknown,Forest Lawn Memorial Park,Glendale's Forest Lawn Memorial Park Cemetery,p0001;p0002,p0001;p0002,True,0.0,0.8,0.0,0.7272727272727273,0.0,0.8,1.0,1.0,1.0,1.0,answer_conversion_failure,
2wikimultihopqa_076f8ece08d211ebbd95ac1f6bf848b6,mistral-small3.1:24b,no_evidence,No Evidence,diagnostic_baseline,question_only_lower_bound,True,2wikimultihopqa,comparison,yes_no,4000,scattered,medium,unknown,no,no,p0001;p0002;p0003;p0004,,True,1.0,1.0,1.0,1.0,1.0,1.0,0.0,0.0,0.0,0.0,success,
2wikimultihopqa_076f8ece08d211ebbd95ac1f6bf848b6,mistral-small3.1:24b,direct,Full Context,diagnostic_condition,full_context_condition,True,2wikimultihopqa,comparison,yes_no,4000,scattered,medium,unknown,no,no,p0001;p0002;p0003;p0004,p0001;p0002,True,1.0,1.0,1.0,1.0,1.0,1.0,1.0,0.5,0.6666666666666666,1.0,success,
2wikimultihopqa_076f8ece08d211ebbd95ac1f6bf848b6,mistral-small3.1:24b,retrieve_then_read,Retrieved Evidence,diagnostic_condition,evidence_narrowed_condition,True,2wikimultihopqa,comparison,yes_no,4000,scattered,medium,unknown,no,no,p0001;p0002;p0003;p0004,,True,1.0,1.0,1.0,1.0,1.0,1.0,0.0,0.0,0.0,0.0,success,
2wikimultihopqa_076f8ece08d211ebbd95ac1f6bf848b6,mistral-small3.1:24b,oracle,Oracle Evidence,diagnostic_baseline,oracle_evidence_upper_reference,True,2wikimultihopqa,comparison,yes_no,4000,scattered,medium,unknown,no,no,p0001;p0002;p0003;p0004,p0001;p0002,True,1.0,1.0,1.0,1.0,1.0,1.0,1.0,0.5,0.6666666666666666,1.0,success,
2wikimultihopqa_8b590cea087011ebbd63ac1f6bf848b6,mistral-small3.1:24b,no_evidence,No Evidence,diagnostic_baseline,question_only_lower_bound,True,2wikimultihopqa,comparison,entity,8000,front,medium,unknown,Road To Singapore,Road To Singapore,p0001;p0002;p0003;p0004,,True,1.0,1.0,1.0,1.0,1.0,1.0,0.0,0.0,0.0,0.0,success,
2wikimultihopqa_8b590cea087011ebbd63ac1f6bf848b6,mistral-small3.1:24b,direct,Full Context,diagnostic_condition,full_context_condition,True,2wikimultihopqa,comparison,entity,8000,front,medium,unknown,Road To Singapore,Road to Singapore,p0001;p0002;p0003;p0004,p0001;p0002;p0003,True,1.0,1.0,1.0,1.0,1.0,1.0,1.0,0.75,0.8571428571428571,1.0,success,
2wikimultihopqa_8b590cea087011ebbd63ac1f6bf848b6,mistral-small3.1:24b,retrieve_then_read,Retrieved Evidence,diagnostic_condition,evidence_narrowed_condition,True,2wikimultihopqa,comparison,entity,8000,front,medium,unknown,Road To Singapore,Road to Singapore,p0001;p0002;p0003;p0004,p0002;p0004,True,1.0,1.0,1.0,1.0,1.0,1.0,1.0,0.5,0.6666666666666666,1.0,success,
2wikimultihopqa_8b590cea087011ebbd63ac1f6bf848b6,mistral-small3.1:24b,oracle,Oracle Evidence,diagnostic_baseline,oracle_evidence_upper_reference,True,2wikimultihopqa,comparison,entity,8000,front,medium,unknown,Road To Singapore,Road to Singapore,p0001;p0002;p0003;p0004,p0001;p0002;p0003,True,1.0,1.0,1.0,1.0,1.0,1.0,1.0,0.75,0.8571428571428571,1.0,success,
2wikimultihopqa_3f5194f00bb011ebab90acde48001122,mistral-small3.1:24b,no_evidence,No Evidence,diagnostic_baseline,question_only_lower_bound,True,2wikimultihopqa,multi_hop,entity,16000,middle,low,unknown,Prince Harald of Denmark,Prince Wilhelm of Schaumburg-Lippe,p0001;p0002,,True,0.0,0.5,0.0,0.4444444444444445,0.0,0.5,0.0,0.0,0.0,0.0,evidence_localization_failure,
2wikimultihopqa_3f5194f00bb011ebab90acde48001122,mistral-small3.1:24b,direct,Full Context,diagnostic_condition,full_context_condition,True,2wikimultihopqa,multi_hop,entity,16000,middle,low,unknown,Prince Harald of Denmark,Frederick VIII of Denmark,p0001;p0002,p0001,True,0.0,0.5,0.0,0.5,0.0,0.5,1.0,0.5,0.6666666666666666,1.0,evidence_integration_failure,
2wikimultihopqa_3f5194f00bb011ebab90acde48001122,mistral-small3.1:24b,retrieve_then_read,Retrieved Evidence,diagnostic_condition,evidence_narrowed_condition,True,2wikimultihopqa,multi_hop,entity,16000,middle,low,unknown,Prince Harald of Denmark,Frederick VIII of Denmark,p0001;p0002,,True,0.0,0.5,0.0,0.5,0.0,0.5,0.0,0.0,0.0,0.0,evidence_localization_failure,
2wikimultihopqa_3f5194f00bb011ebab90acde48001122,mistral-small3.1:24b,oracle,Oracle Evidence,diagnostic_baseline,oracle_evidence_upper_reference,True,2wikimultihopqa,multi_hop,entity,16000,middle,low,unknown,Prince Harald of Denmark,Frederick VIII of Denmark,p0001;p0002,p0001,True,0.0,0.5,0.0,0.5,0.0,0.5,1.0,0.5,0.6666666666666666,1.0,evidence_integration_failure,
2wikimultihopqa_ae741c140bdc11eba7f7acde48001122,mistral-small3.1:24b,no_evidence,No Evidence,diagnostic_baseline,question_only_lower_bound,True,2wikimultihopqa,multi_hop,entity,4000,end,low,unknown,Lezhë,unknown,p0001;p0002,,True,0.0,0.0,0.0,0.0,0.0,0.0,0.0,0.0,0.0,0.0,evidence_localization_failure,
2wikimultihopqa_ae741c140bdc11eba7f7acde48001122,mistral-small3.1:24b,direct,Full Context,diagnostic_condition,full_context_condition,True,2wikimultihopqa,multi_hop,entity,4000,end,low,unknown,Lezhë,Krujë castle,p0001;p0002,p0001,True,0.0,0.0,0.0,0.0,0.0,0.0,1.0,0.5,0.6666666666666666,1.0,evidence_integration_failure,
2wikimultihopqa_ae741c140bdc11eba7f7acde48001122,mistral-small3.1:24b,retrieve_then_read,Retrieved Evidence,diagnostic_condition,evidence_narrowed_condition,True,2wikimultihopqa,multi_hop,entity,4000,end,low,unknown,Lezhë,Kanina,p0001;p0002,p0010,True,0.0,0.0,0.0,0.0,0.0,0.0,0.0,0.0,0.0,0.0,evidence_selection_failure,
2wikimultihopqa_ae741c140bdc11eba7f7acde48001122,mistral-small3.1:24b,oracle,Oracle Evidence,diagnostic_baseline,oracle_evidence_upper_reference,True,2wikimultihopqa,multi_hop,entity,4000,end,low,unknown,Lezhë,Northern Albania,p0001;p0002,p0001;p0002,True,0.0,0.0,0.0,0.0,0.0,0.0,1.0,1.0,1.0,1.0,answer_conversion_failure,
2wikimultihopqa_85dd56440baf11ebab90acde48001122,mistral-small3.1:24b,no_evidence,No Evidence,diagnostic_baseline,question_only_lower_bound,True,2wikimultihopqa,multi_hop,entity,8000,scattered,low,unknown,Mark Hanna,unknown,p0001;p0002,,True,0.0,0.0,0.0,0.0,0.0,0.0,0.0,0.0,0.0,0.0,evidence_localization_failure,
2wikimultihopqa_85dd56440baf11ebab90acde48001122,mistral-small3.1:24b,direct,Full Context,diagnostic_condition,full_context_condition,True,2wikimultihopqa,multi_hop,entity,8000,scattered,low,unknown,Mark Hanna,Simpson Harris Morgan,p0001;p0002,p0001,True,0.0,0.0,0.0,0.0,0.0,0.0,1.0,0.5,0.6666666666666666,1.0,evidence_integration_failure,
2wikimultihopqa_85dd56440baf11ebab90acde48001122,mistral-small3.1:24b,retrieve_then_read,Retrieved Evidence,diagnostic_condition,evidence_narrowed_condition,True,2wikimultihopqa,multi_hop,entity,8000,scattered,low,unknown,Mark Hanna,Simpson Harris Morgan,p0001;p0002,,True,0.0,0.0,0.0,0.0,0.0,0.0,0.0,0.0,0.0,0.0,evidence_localization_failure,
2wikimultihopqa_85dd56440baf11ebab90acde48001122,mistral-small3.1:24b,oracle,Oracle Evidence,diagnostic_baseline,oracle_evidence_upper_reference,True,2wikimultihopqa,multi_hop,entity,8000,scattered,low,unknown,Mark Hanna,Mark Hanna,p0001;p0002,p0001;p0002,True,1.0,1.0,1.0,1.0,1.0,1.0,1.0,1.0,1.0,1.0,success,
