sample_id,model_name,method,method_display_name,method_family,method_role,core_diagnostic,source,reasoning_type,answer_type,context_length,evidence_position,evidence_density,distractor_similarity,gold_answer,predicted_answer,gold_evidence_ids,predicted_evidence_ids,cue_applicable,exact_match_strict,answer_f1_strict,exact_match_relaxed,answer_f1_relaxed,exact_match,answer_f1,evidence_precision,evidence_recall,evidence_f1,citation_grounding,failure_type,parse_error
controlled_000655,llama3.1:8b,no_evidence,No Evidence,diagnostic_baseline,question_only_lower_bound,True,controlled,comparison,entity,16000,front,medium,none,Model Alpha 00654,BERT,p0001;p0002,,True,0.0,0.0,0.0,0.0,0.0,0.0,0.0,0.0,0.0,0.0,evidence_localization_failure,
controlled_000655,llama3.1:8b,direct,Full Context,diagnostic_condition,full_context_condition,True,controlled,comparison,entity,16000,front,medium,none,Model Alpha 00654,BERT,p0001;p0002,,True,0.0,0.0,0.0,0.0,0.0,0.0,0.0,0.0,0.0,0.0,evidence_localization_failure,
controlled_000655,llama3.1:8b,retrieve_then_read,Retrieved Evidence,diagnostic_condition,evidence_narrowed_condition,True,controlled,comparison,entity,16000,front,medium,none,Model Alpha 00654,Model Alpha,p0001;p0002,p0001,True,0.0,0.8,1.0,1.0,0.0,0.8,1.0,0.5,0.6666666666666666,1.0,evidence_integration_failure,
controlled_000655,llama3.1:8b,oracle,Oracle Evidence,diagnostic_baseline,oracle_evidence_upper_reference,True,controlled,comparison,entity,16000,front,medium,none,Model Alpha 00654,Model Alpha 00654,p0001;p0002,p0001,True,1.0,1.0,1.0,1.0,1.0,1.0,1.0,0.5,0.6666666666666666,1.0,success,
controlled_000115,llama3.1:8b,no_evidence,No Evidence,diagnostic_baseline,question_only_lower_bound,True,controlled,comparison,entity,4000,middle,medium,low,Model Alpha 00114,BERT,p0001;p0002,,True,0.0,0.0,0.0,0.0,0.0,0.0,0.0,0.0,0.0,0.0,evidence_localization_failure,
controlled_000115,llama3.1:8b,direct,Full Context,diagnostic_condition,full_context_condition,True,controlled,comparison,entity,4000,middle,medium,low,Model Alpha 00114,Model Alpha,p0001;p0002,p0001,True,0.0,0.8,1.0,1.0,0.0,0.8,1.0,0.5,0.6666666666666666,1.0,evidence_integration_failure,
controlled_000115,llama3.1:8b,retrieve_then_read,Retrieved Evidence,diagnostic_condition,evidence_narrowed_condition,True,controlled,comparison,entity,4000,middle,medium,low,Model Alpha 00114,Model Alpha,p0001;p0002,p0001,True,0.0,0.8,1.0,1.0,0.0,0.8,1.0,0.5,0.6666666666666666,1.0,evidence_integration_failure,
controlled_000115,llama3.1:8b,oracle,Oracle Evidence,diagnostic_baseline,oracle_evidence_upper_reference,True,controlled,comparison,entity,4000,middle,medium,low,Model Alpha 00114,Model Alpha,p0001;p0002,p0001;p0002,True,0.0,0.8,1.0,1.0,0.0,0.8,1.0,1.0,1.0,1.0,answer_conversion_failure,
controlled_000026,llama3.1:8b,no_evidence,No Evidence,diagnostic_baseline,question_only_lower_bound,True,controlled,multi_hop,entity,4000,front,medium,low,Zurich-00025,London,p0001;p0002,,True,0.0,0.0,0.0,0.0,0.0,0.0,0.0,0.0,0.0,0.0,evidence_localization_failure,
controlled_000026,llama3.1:8b,direct,Full Context,diagnostic_condition,full_context_condition,True,controlled,multi_hop,entity,4000,front,medium,low,Zurich-00025,Zurich,p0001;p0002,p0002,True,0.0,0.0,1.0,1.0,0.0,0.0,1.0,0.5,0.6666666666666666,1.0,evidence_integration_failure,
controlled_000026,llama3.1:8b,retrieve_then_read,Retrieved Evidence,diagnostic_condition,evidence_narrowed_condition,True,controlled,multi_hop,entity,4000,front,medium,low,Zurich-00025,Zurich,p0001;p0002,p0002,True,0.0,0.0,1.0,1.0,0.0,0.0,1.0,0.5,0.6666666666666666,1.0,evidence_integration_failure,
controlled_000026,llama3.1:8b,oracle,Oracle Evidence,diagnostic_baseline,oracle_evidence_upper_reference,True,controlled,multi_hop,entity,4000,front,medium,low,Zurich-00025,Zurich,p0001;p0002,p0002,True,0.0,0.0,1.0,1.0,0.0,0.0,1.0,0.5,0.6666666666666666,1.0,evidence_integration_failure,
controlled_000760,llama3.1:8b,no_evidence,No Evidence,diagnostic_baseline,question_only_lower_bound,True,controlled,arithmetic,number,16000,middle,medium,low,550,1000,p0001;p0002,,True,0.0,0.0,0.0,0.0,0.0,0.0,0.0,0.0,0.0,0.0,evidence_localization_failure,
controlled_000760,llama3.1:8b,direct,Full Context,diagnostic_condition,full_context_condition,True,controlled,arithmetic,number,16000,middle,medium,low,550,1000,p0001;p0002,p0001,True,0.0,0.0,0.0,0.0,0.0,0.0,1.0,0.5,0.6666666666666666,1.0,evidence_integration_failure,
controlled_000760,llama3.1:8b,retrieve_then_read,Retrieved Evidence,diagnostic_condition,evidence_narrowed_condition,True,controlled,arithmetic,number,16000,middle,medium,low,550,550,p0001;p0002,p0001;p0002,True,1.0,1.0,1.0,1.0,1.0,1.0,1.0,1.0,1.0,1.0,success,
controlled_000760,llama3.1:8b,oracle,Oracle Evidence,diagnostic_baseline,oracle_evidence_upper_reference,True,controlled,arithmetic,number,16000,middle,medium,low,550,550,p0001;p0002,p0001;p0002,True,1.0,1.0,1.0,1.0,1.0,1.0,1.0,1.0,1.0,1.0,success,
controlled_000282,llama3.1:8b,no_evidence,No Evidence,diagnostic_baseline,question_only_lower_bound,True,controlled,single_hop,entity,4000,scattered,low,high,Arcturus Systems 00281,Google,p0001,,True,0.0,0.0,0.0,0.0,0.0,0.0,0.0,0.0,0.0,0.0,evidence_localization_failure,
controlled_000282,llama3.1:8b,direct,Full Context,diagnostic_condition,full_context_condition,True,controlled,single_hop,entity,4000,scattered,low,high,Arcturus Systems 00281,Arcturus Systems,p0001,p0001,True,0.0,0.8,1.0,1.0,0.0,0.8,1.0,1.0,1.0,1.0,answer_conversion_failure,
controlled_000282,llama3.1:8b,retrieve_then_read,Retrieved Evidence,diagnostic_condition,evidence_narrowed_condition,True,controlled,single_hop,entity,4000,scattered,low,high,Arcturus Systems 00281,Arcturus Systems,p0001,p0001,True,0.0,0.8,1.0,1.0,0.0,0.8,1.0,1.0,1.0,1.0,answer_conversion_failure,
controlled_000282,llama3.1:8b,oracle,Oracle Evidence,diagnostic_baseline,oracle_evidence_upper_reference,True,controlled,single_hop,entity,4000,scattered,low,high,Arcturus Systems 00281,Arcturus Systems,p0001,p0001,True,0.0,0.8,1.0,1.0,0.0,0.8,1.0,1.0,1.0,1.0,answer_conversion_failure,
controlled_000251,llama3.1:8b,no_evidence,No Evidence,diagnostic_baseline,question_only_lower_bound,True,controlled,comparison,entity,4000,scattered,medium,none,Model Alpha 00250,BERT,p0001;p0002,,True,0.0,0.0,0.0,0.0,0.0,0.0,0.0,0.0,0.0,0.0,evidence_localization_failure,
controlled_000251,llama3.1:8b,direct,Full Context,diagnostic_condition,full_context_condition,True,controlled,comparison,entity,4000,scattered,medium,none,Model Alpha 00250,Model Alpha,p0001;p0002,p0001,True,0.0,0.8,1.0,1.0,0.0,0.8,1.0,0.5,0.6666666666666666,1.0,evidence_integration_failure,
controlled_000251,llama3.1:8b,retrieve_then_read,Retrieved Evidence,diagnostic_condition,evidence_narrowed_condition,True,controlled,comparison,entity,4000,scattered,medium,none,Model Alpha 00250,Model Alpha,p0001;p0002,p0001,True,0.0,0.8,1.0,1.0,0.0,0.8,1.0,0.5,0.6666666666666666,1.0,evidence_integration_failure,
controlled_000251,llama3.1:8b,oracle,Oracle Evidence,diagnostic_baseline,oracle_evidence_upper_reference,True,controlled,comparison,entity,4000,scattered,medium,none,Model Alpha 00250,Model Alpha 00250,p0001;p0002,p0001;p0002,True,1.0,1.0,1.0,1.0,1.0,1.0,1.0,1.0,1.0,1.0,success,
controlled_000229,llama3.1:8b,no_evidence,No Evidence,diagnostic_baseline,question_only_lower_bound,True,controlled,multi_hop,entity,4000,end,medium,conflicting,Zurich-00228,London,p0001;p0002,,True,0.0,0.0,0.0,0.0,0.0,0.0,0.0,0.0,0.0,0.0,evidence_localization_failure,
controlled_000229,llama3.1:8b,direct,Full Context,diagnostic_condition,full_context_condition,True,controlled,multi_hop,entity,4000,end,medium,conflicting,Zurich-00228,Zurich-00228,p0001;p0002,p0002,True,1.0,1.0,1.0,1.0,1.0,1.0,1.0,0.5,0.6666666666666666,1.0,success,
controlled_000229,llama3.1:8b,retrieve_then_read,Retrieved Evidence,diagnostic_condition,evidence_narrowed_condition,True,controlled,multi_hop,entity,4000,end,medium,conflicting,Zurich-00228,Zurich,p0001;p0002,p0002,True,0.0,0.0,1.0,1.0,0.0,0.0,1.0,0.5,0.6666666666666666,1.0,evidence_integration_failure,
controlled_000229,llama3.1:8b,oracle,Oracle Evidence,diagnostic_baseline,oracle_evidence_upper_reference,True,controlled,multi_hop,entity,4000,end,medium,conflicting,Zurich-00228,Zurich-00228,p0001;p0002,p0002,True,1.0,1.0,1.0,1.0,1.0,1.0,1.0,0.5,0.6666666666666666,1.0,success,
controlled_000143,llama3.1:8b,no_evidence,No Evidence,diagnostic_baseline,question_only_lower_bound,True,controlled,single_hop,entity,4000,middle,low,conflicting,Arcturus Systems 00142,Google,p0001,,True,0.0,0.0,0.0,0.0,0.0,0.0,0.0,0.0,0.0,0.0,evidence_localization_failure,
controlled_000143,llama3.1:8b,direct,Full Context,diagnostic_condition,full_context_condition,True,controlled,single_hop,entity,4000,middle,low,conflicting,Arcturus Systems 00142,Arcturus Systems,p0001,p0001,True,0.0,0.8,1.0,1.0,0.0,0.8,1.0,1.0,1.0,1.0,answer_conversion_failure,
controlled_000143,llama3.1:8b,retrieve_then_read,Retrieved Evidence,diagnostic_condition,evidence_narrowed_condition,True,controlled,single_hop,entity,4000,middle,low,conflicting,Arcturus Systems 00142,Arcturus Systems,p0001,p0001,True,0.0,0.8,1.0,1.0,0.0,0.8,1.0,1.0,1.0,1.0,answer_conversion_failure,
controlled_000143,llama3.1:8b,oracle,Oracle Evidence,diagnostic_baseline,oracle_evidence_upper_reference,True,controlled,single_hop,entity,4000,middle,low,conflicting,Arcturus Systems 00142,Arcturus Systems 00142,p0001,p0001,True,1.0,1.0,1.0,1.0,1.0,1.0,1.0,1.0,1.0,1.0,success,
controlled_000755,llama3.1:8b,no_evidence,No Evidence,diagnostic_baseline,question_only_lower_bound,True,controlled,comparison,entity,16000,middle,medium,low,Model Alpha 00754,BERT,p0001;p0002,,True,0.0,0.0,0.0,0.0,0.0,0.0,0.0,0.0,0.0,0.0,evidence_localization_failure,
controlled_000755,llama3.1:8b,direct,Full Context,diagnostic_condition,full_context_condition,True,controlled,comparison,entity,16000,middle,medium,low,Model Alpha 00754,Model 2,p0001;p0002,p0001,True,0.0,0.4,0.0,0.5,0.0,0.4,1.0,0.5,0.6666666666666666,1.0,evidence_integration_failure,
controlled_000755,llama3.1:8b,retrieve_then_read,Retrieved Evidence,diagnostic_condition,evidence_narrowed_condition,True,controlled,comparison,entity,16000,middle,medium,low,Model Alpha 00754,Model Alpha,p0001;p0002,p0001,True,0.0,0.8,1.0,1.0,0.0,0.8,1.0,0.5,0.6666666666666666,1.0,evidence_integration_failure,
controlled_000755,llama3.1:8b,oracle,Oracle Evidence,diagnostic_baseline,oracle_evidence_upper_reference,True,controlled,comparison,entity,16000,middle,medium,low,Model Alpha 00754,Model Alpha 00754,p0001;p0002,p0001,True,1.0,1.0,1.0,1.0,1.0,1.0,1.0,0.5,0.6666666666666666,1.0,success,
controlled_000105,llama3.1:8b,no_evidence,No Evidence,diagnostic_baseline,question_only_lower_bound,True,controlled,single_hop,entity,4000,middle,low,low,Arcturus Systems 00104,Google,p0001,,True,0.0,0.0,0.0,0.0,0.0,0.0,0.0,0.0,0.0,0.0,evidence_localization_failure,
controlled_000105,llama3.1:8b,direct,Full Context,diagnostic_condition,full_context_condition,True,controlled,single_hop,entity,4000,middle,low,low,Arcturus Systems 00104,Arcturus Systems,p0001,p0001,True,0.0,0.8,1.0,1.0,0.0,0.8,1.0,1.0,1.0,1.0,answer_conversion_failure,
controlled_000105,llama3.1:8b,retrieve_then_read,Retrieved Evidence,diagnostic_condition,evidence_narrowed_condition,True,controlled,single_hop,entity,4000,middle,low,low,Arcturus Systems 00104,Arcturus Systems,p0001,p0001,True,0.0,0.8,1.0,1.0,0.0,0.8,1.0,1.0,1.0,1.0,answer_conversion_failure,
controlled_000105,llama3.1:8b,oracle,Oracle Evidence,diagnostic_baseline,oracle_evidence_upper_reference,True,controlled,single_hop,entity,4000,middle,low,low,Arcturus Systems 00104,Arcturus Systems 00104,p0001,p0001,True,1.0,1.0,1.0,1.0,1.0,1.0,1.0,1.0,1.0,1.0,success,
controlled_000693,llama3.1:8b,no_evidence,No Evidence,diagnostic_baseline,question_only_lower_bound,True,controlled,comparison,entity,16000,front,medium,high,Model Alpha 00692,BERT,p0001;p0002,,True,0.0,0.0,0.0,0.0,0.0,0.0,0.0,0.0,0.0,0.0,evidence_localization_failure,
controlled_000693,llama3.1:8b,direct,Full Context,diagnostic_condition,full_context_condition,True,controlled,comparison,entity,16000,front,medium,high,Model Alpha 00692,Model 00692,p0001;p0002,p0003,True,0.0,0.8,0.0,0.6666666666666666,0.0,0.8,0.0,0.0,0.0,0.0,evidence_selection_failure,
controlled_000693,llama3.1:8b,retrieve_then_read,Retrieved Evidence,diagnostic_condition,evidence_narrowed_condition,True,controlled,comparison,entity,16000,front,medium,high,Model Alpha 00692,Model Beta,p0001;p0002,p0002;p0003,True,0.0,0.4,0.0,0.5,0.0,0.4,0.5,0.5,0.5,1.0,evidence_integration_failure,
controlled_000693,llama3.1:8b,oracle,Oracle Evidence,diagnostic_baseline,oracle_evidence_upper_reference,True,controlled,comparison,entity,16000,front,medium,high,Model Alpha 00692,Model Alpha 00692,p0001;p0002,p0001;p0002,True,1.0,1.0,1.0,1.0,1.0,1.0,1.0,1.0,1.0,1.0,success,
controlled_000759,llama3.1:8b,no_evidence,No Evidence,diagnostic_baseline,question_only_lower_bound,True,controlled,arithmetic,number,16000,middle,medium,low,623,100,p0001;p0002,,True,0.0,0.0,0.0,0.0,0.0,0.0,0.0,0.0,0.0,0.0,evidence_localization_failure,
controlled_000759,llama3.1:8b,direct,Full Context,diagnostic_condition,full_context_condition,True,controlled,arithmetic,number,16000,middle,medium,low,623,1000,p0001;p0002,p0001,True,0.0,0.0,0.0,0.0,0.0,0.0,1.0,0.5,0.6666666666666666,1.0,evidence_integration_failure,
controlled_000759,llama3.1:8b,retrieve_then_read,Retrieved Evidence,diagnostic_condition,evidence_narrowed_condition,True,controlled,arithmetic,number,16000,middle,medium,low,623,623,p0001;p0002,p0001;p0002,True,1.0,1.0,1.0,1.0,1.0,1.0,1.0,1.0,1.0,1.0,success,
controlled_000759,llama3.1:8b,oracle,Oracle Evidence,diagnostic_baseline,oracle_evidence_upper_reference,True,controlled,arithmetic,number,16000,middle,medium,low,623,623,p0001;p0002,p0001;p0002,True,1.0,1.0,1.0,1.0,1.0,1.0,1.0,1.0,1.0,1.0,success,
controlled_000914,llama3.1:8b,no_evidence,No Evidence,diagnostic_baseline,question_only_lower_bound,True,controlled,comparison,entity,16000,scattered,medium,low,Model Alpha 00913,BERT,p0001;p0002,,True,0.0,0.0,0.0,0.0,0.0,0.0,0.0,0.0,0.0,0.0,evidence_localization_failure,
controlled_000914,llama3.1:8b,direct,Full Context,diagnostic_condition,full_context_condition,True,controlled,comparison,entity,16000,scattered,medium,low,Model Alpha 00913,Model B,p0001;p0002,p0001,True,0.0,0.4,0.0,0.5,0.0,0.4,1.0,0.5,0.6666666666666666,1.0,evidence_integration_failure,
controlled_000914,llama3.1:8b,retrieve_then_read,Retrieved Evidence,diagnostic_condition,evidence_narrowed_condition,True,controlled,comparison,entity,16000,scattered,medium,low,Model Alpha 00913,Model Alpha,p0001;p0002,p0001,True,0.0,0.8,1.0,1.0,0.0,0.8,1.0,0.5,0.6666666666666666,1.0,evidence_integration_failure,
controlled_000914,llama3.1:8b,oracle,Oracle Evidence,diagnostic_baseline,oracle_evidence_upper_reference,True,controlled,comparison,entity,16000,scattered,medium,low,Model Alpha 00913,Model Alpha 00913,p0001;p0002,p0001,True,1.0,1.0,1.0,1.0,1.0,1.0,1.0,0.5,0.6666666666666666,1.0,success,
controlled_000559,llama3.1:8b,no_evidence,No Evidence,diagnostic_baseline,question_only_lower_bound,True,controlled,arithmetic,number,8000,end,medium,conflicting,391,100,p0001;p0002,,True,0.0,0.0,0.0,0.0,0.0,0.0,0.0,0.0,0.0,0.0,evidence_localization_failure,
controlled_000559,llama3.1:8b,direct,Full Context,diagnostic_condition,full_context_condition,True,controlled,arithmetic,number,8000,end,medium,conflicting,391,391,p0001;p0002,p0002;p0003,True,1.0,1.0,1.0,1.0,1.0,1.0,0.5,0.5,0.5,1.0,success,
controlled_000559,llama3.1:8b,retrieve_then_read,Retrieved Evidence,diagnostic_condition,evidence_narrowed_condition,True,controlled,arithmetic,number,8000,end,medium,conflicting,391,391,p0001;p0002,p0001;p0002,True,1.0,1.0,1.0,1.0,1.0,1.0,1.0,1.0,1.0,1.0,success,
controlled_000559,llama3.1:8b,oracle,Oracle Evidence,diagnostic_baseline,oracle_evidence_upper_reference,True,controlled,arithmetic,number,8000,end,medium,conflicting,391,391,p0001;p0002,p0001;p0002,True,1.0,1.0,1.0,1.0,1.0,1.0,1.0,1.0,1.0,1.0,success,
controlled_000090,llama3.1:8b,no_evidence,No Evidence,diagnostic_baseline,question_only_lower_bound,True,controlled,multi_hop,entity,4000,middle,medium,none,Zurich-00089,London,p0001;p0002,,True,0.0,0.0,0.0,0.0,0.0,0.0,0.0,0.0,0.0,0.0,evidence_localization_failure,
controlled_000090,llama3.1:8b,direct,Full Context,diagnostic_condition,full_context_condition,True,controlled,multi_hop,entity,4000,middle,medium,none,Zurich-00089,Zurich,p0001;p0002,p0002,True,0.0,0.0,1.0,1.0,0.0,0.0,1.0,0.5,0.6666666666666666,1.0,evidence_integration_failure,
controlled_000090,llama3.1:8b,retrieve_then_read,Retrieved Evidence,diagnostic_condition,evidence_narrowed_condition,True,controlled,multi_hop,entity,4000,middle,medium,none,Zurich-00089,Zurich,p0001;p0002,p0002,True,0.0,0.0,1.0,1.0,0.0,0.0,1.0,0.5,0.6666666666666666,1.0,evidence_integration_failure,
controlled_000090,llama3.1:8b,oracle,Oracle Evidence,diagnostic_baseline,oracle_evidence_upper_reference,True,controlled,multi_hop,entity,4000,middle,medium,none,Zurich-00089,Zurich,p0001;p0002,p0002,True,0.0,0.0,1.0,1.0,0.0,0.0,1.0,0.5,0.6666666666666666,1.0,evidence_integration_failure,
controlled_000605,llama3.1:8b,no_evidence,No Evidence,diagnostic_baseline,question_only_lower_bound,True,controlled,single_hop,entity,8000,scattered,low,high,Arcturus Systems 00604,Google,p0001,,True,0.0,0.0,0.0,0.0,0.0,0.0,0.0,0.0,0.0,0.0,evidence_localization_failure,
controlled_000605,llama3.1:8b,direct,Full Context,diagnostic_condition,full_context_condition,True,controlled,single_hop,entity,8000,scattered,low,high,Arcturus Systems 00604,Arcturus Systems,p0001,p0001,True,0.0,0.8,1.0,1.0,0.0,0.8,1.0,1.0,1.0,1.0,answer_conversion_failure,
controlled_000605,llama3.1:8b,retrieve_then_read,Retrieved Evidence,diagnostic_condition,evidence_narrowed_condition,True,controlled,single_hop,entity,8000,scattered,low,high,Arcturus Systems 00604,Arcturus Systems,p0001,p0001,True,0.0,0.8,1.0,1.0,0.0,0.8,1.0,1.0,1.0,1.0,answer_conversion_failure,
controlled_000605,llama3.1:8b,oracle,Oracle Evidence,diagnostic_baseline,oracle_evidence_upper_reference,True,controlled,single_hop,entity,8000,scattered,low,high,Arcturus Systems 00604,Arcturus Systems,p0001,p0001,True,0.0,0.8,1.0,1.0,0.0,0.8,1.0,1.0,1.0,1.0,answer_conversion_failure,
controlled_000433,llama3.1:8b,no_evidence,No Evidence,diagnostic_baseline,question_only_lower_bound,True,controlled,comparison,entity,8000,middle,medium,low,Model Alpha 00432,BERT,p0001;p0002,,True,0.0,0.0,0.0,0.0,0.0,0.0,0.0,0.0,0.0,0.0,evidence_localization_failure,
controlled_000433,llama3.1:8b,direct,Full Context,diagnostic_condition,full_context_condition,True,controlled,comparison,entity,8000,middle,medium,low,Model Alpha 00432,Model Alpha,p0001;p0002,p0001,True,0.0,0.8,1.0,1.0,0.0,0.8,1.0,0.5,0.6666666666666666,1.0,evidence_integration_failure,
controlled_000433,llama3.1:8b,retrieve_then_read,Retrieved Evidence,diagnostic_condition,evidence_narrowed_condition,True,controlled,comparison,entity,8000,middle,medium,low,Model Alpha 00432,Model Alpha 00432,p0001;p0002,p0001,True,1.0,1.0,1.0,1.0,1.0,1.0,1.0,0.5,0.6666666666666666,1.0,success,
controlled_000433,llama3.1:8b,oracle,Oracle Evidence,diagnostic_baseline,oracle_evidence_upper_reference,True,controlled,comparison,entity,8000,middle,medium,low,Model Alpha 00432,Model Alpha 00432,p0001;p0002,p0001;p0002,True,1.0,1.0,1.0,1.0,1.0,1.0,1.0,1.0,1.0,1.0,success,
controlled_000033,llama3.1:8b,no_evidence,No Evidence,diagnostic_baseline,question_only_lower_bound,True,controlled,comparison,entity,4000,front,medium,low,Model Alpha 00032,BERT,p0001;p0002,,True,0.0,0.0,0.0,0.0,0.0,0.0,0.0,0.0,0.0,0.0,evidence_localization_failure,
controlled_000033,llama3.1:8b,direct,Full Context,diagnostic_condition,full_context_condition,True,controlled,comparison,entity,4000,front,medium,low,Model Alpha 00032,Model Alpha,p0001;p0002,p0001,True,0.0,0.8,1.0,1.0,0.0,0.8,1.0,0.5,0.6666666666666666,1.0,evidence_integration_failure,
controlled_000033,llama3.1:8b,retrieve_then_read,Retrieved Evidence,diagnostic_condition,evidence_narrowed_condition,True,controlled,comparison,entity,4000,front,medium,low,Model Alpha 00032,Model Alpha,p0001;p0002,p0001,True,0.0,0.8,1.0,1.0,0.0,0.8,1.0,0.5,0.6666666666666666,1.0,evidence_integration_failure,
controlled_000033,llama3.1:8b,oracle,Oracle Evidence,diagnostic_baseline,oracle_evidence_upper_reference,True,controlled,comparison,entity,4000,front,medium,low,Model Alpha 00032,Model Alpha 00032,p0001;p0002,p0001;p0002,True,1.0,1.0,1.0,1.0,1.0,1.0,1.0,1.0,1.0,1.0,success,
controlled_000031,llama3.1:8b,no_evidence,No Evidence,diagnostic_baseline,question_only_lower_bound,True,controlled,comparison,entity,4000,front,medium,low,Model Alpha 00030,BERT,p0001;p0002,,True,0.0,0.0,0.0,0.0,0.0,0.0,0.0,0.0,0.0,0.0,evidence_localization_failure,
controlled_000031,llama3.1:8b,direct,Full Context,diagnostic_condition,full_context_condition,True,controlled,comparison,entity,4000,front,medium,low,Model Alpha 00030,Model Alpha,p0001;p0002,p0001,True,0.0,0.8,1.0,1.0,0.0,0.8,1.0,0.5,0.6666666666666666,1.0,evidence_integration_failure,
controlled_000031,llama3.1:8b,retrieve_then_read,Retrieved Evidence,diagnostic_condition,evidence_narrowed_condition,True,controlled,comparison,entity,4000,front,medium,low,Model Alpha 00030,Model Alpha,p0001;p0002,p0001,True,0.0,0.8,1.0,1.0,0.0,0.8,1.0,0.5,0.6666666666666666,1.0,evidence_integration_failure,
controlled_000031,llama3.1:8b,oracle,Oracle Evidence,diagnostic_baseline,oracle_evidence_upper_reference,True,controlled,comparison,entity,4000,front,medium,low,Model Alpha 00030,Model Alpha 00030,p0001;p0002,p0001;p0002,True,1.0,1.0,1.0,1.0,1.0,1.0,1.0,1.0,1.0,1.0,success,
controlled_000096,llama3.1:8b,no_evidence,No Evidence,diagnostic_baseline,question_only_lower_bound,True,controlled,arithmetic,number,4000,middle,medium,none,583,1000,p0001;p0002,,True,0.0,0.0,0.0,0.0,0.0,0.0,0.0,0.0,0.0,0.0,evidence_localization_failure,
controlled_000096,llama3.1:8b,direct,Full Context,diagnostic_condition,full_context_condition,True,controlled,arithmetic,number,4000,middle,medium,none,583,583,p0001;p0002,p0001,True,1.0,1.0,1.0,1.0,1.0,1.0,1.0,0.5,0.6666666666666666,1.0,success,
controlled_000096,llama3.1:8b,retrieve_then_read,Retrieved Evidence,diagnostic_condition,evidence_narrowed_condition,True,controlled,arithmetic,number,4000,middle,medium,none,583,583,p0001;p0002,p0001;p0002,True,1.0,1.0,1.0,1.0,1.0,1.0,1.0,1.0,1.0,1.0,success,
controlled_000096,llama3.1:8b,oracle,Oracle Evidence,diagnostic_baseline,oracle_evidence_upper_reference,True,controlled,arithmetic,number,4000,middle,medium,none,583,583,p0001;p0002,p0001;p0002,True,1.0,1.0,1.0,1.0,1.0,1.0,1.0,1.0,1.0,1.0,success,
controlled_000224,llama3.1:8b,no_evidence,No Evidence,diagnostic_baseline,question_only_lower_bound,True,controlled,single_hop,entity,4000,end,low,conflicting,Arcturus Systems 00223,NovaMind,p0001,,True,0.0,0.0,0.0,0.0,0.0,0.0,0.0,0.0,0.0,0.0,evidence_localization_failure,
controlled_000224,llama3.1:8b,direct,Full Context,diagnostic_condition,full_context_condition,True,controlled,single_hop,entity,4000,end,low,conflicting,Arcturus Systems 00223,Arcturus Systems,p0001,p0001,True,0.0,0.8,1.0,1.0,0.0,0.8,1.0,1.0,1.0,1.0,answer_conversion_failure,
controlled_000224,llama3.1:8b,retrieve_then_read,Retrieved Evidence,diagnostic_condition,evidence_narrowed_condition,True,controlled,single_hop,entity,4000,end,low,conflicting,Arcturus Systems 00223,Arcturus Systems,p0001,p0001,True,0.0,0.8,1.0,1.0,0.0,0.8,1.0,1.0,1.0,1.0,answer_conversion_failure,
controlled_000224,llama3.1:8b,oracle,Oracle Evidence,diagnostic_baseline,oracle_evidence_upper_reference,True,controlled,single_hop,entity,4000,end,low,conflicting,Arcturus Systems 00223,Arcturus Systems 00223,p0001,p0001,True,1.0,1.0,1.0,1.0,1.0,1.0,1.0,1.0,1.0,1.0,success,
controlled_000239,llama3.1:8b,no_evidence,No Evidence,diagnostic_baseline,question_only_lower_bound,True,controlled,arithmetic,number,4000,end,medium,conflicting,494,1000,p0001;p0002,,True,0.0,0.0,0.0,0.0,0.0,0.0,0.0,0.0,0.0,0.0,evidence_localization_failure,
controlled_000239,llama3.1:8b,direct,Full Context,diagnostic_condition,full_context_condition,True,controlled,arithmetic,number,4000,end,medium,conflicting,494,494,p0001;p0002,p0001;p0002,True,1.0,1.0,1.0,1.0,1.0,1.0,1.0,1.0,1.0,1.0,success,
controlled_000239,llama3.1:8b,retrieve_then_read,Retrieved Evidence,diagnostic_condition,evidence_narrowed_condition,True,controlled,arithmetic,number,4000,end,medium,conflicting,494,494,p0001;p0002,p0001;p0003,True,1.0,1.0,1.0,1.0,1.0,1.0,0.5,0.5,0.5,1.0,success,
controlled_000239,llama3.1:8b,oracle,Oracle Evidence,diagnostic_baseline,oracle_evidence_upper_reference,True,controlled,arithmetic,number,4000,end,medium,conflicting,494,494,p0001;p0002,p0001;p0002,True,1.0,1.0,1.0,1.0,1.0,1.0,1.0,1.0,1.0,1.0,success,
controlled_000518,llama3.1:8b,no_evidence,No Evidence,diagnostic_baseline,question_only_lower_bound,True,controlled,arithmetic,number,8000,end,medium,low,616,1000,p0001;p0002,,True,0.0,0.0,0.0,0.0,0.0,0.0,0.0,0.0,0.0,0.0,evidence_localization_failure,
controlled_000518,llama3.1:8b,direct,Full Context,diagnostic_condition,full_context_condition,True,controlled,arithmetic,number,8000,end,medium,low,616,616,p0001;p0002,p0001;p0002,True,1.0,1.0,1.0,1.0,1.0,1.0,1.0,1.0,1.0,1.0,success,
controlled_000518,llama3.1:8b,retrieve_then_read,Retrieved Evidence,diagnostic_condition,evidence_narrowed_condition,True,controlled,arithmetic,number,8000,end,medium,low,616,616,p0001;p0002,p0001;p0002,True,1.0,1.0,1.0,1.0,1.0,1.0,1.0,1.0,1.0,1.0,success,
controlled_000518,llama3.1:8b,oracle,Oracle Evidence,diagnostic_baseline,oracle_evidence_upper_reference,True,controlled,arithmetic,number,8000,end,medium,low,616,616,p0001;p0002,p0001;p0002,True,1.0,1.0,1.0,1.0,1.0,1.0,1.0,1.0,1.0,1.0,success,
controlled_000617,llama3.1:8b,no_evidence,No Evidence,diagnostic_baseline,question_only_lower_bound,True,controlled,arithmetic,number,8000,scattered,medium,high,506,1000,p0001;p0002,,True,0.0,0.0,0.0,0.0,0.0,0.0,0.0,0.0,0.0,0.0,evidence_localization_failure,
controlled_000617,llama3.1:8b,direct,Full Context,diagnostic_condition,full_context_condition,True,controlled,arithmetic,number,8000,scattered,medium,high,506,506,p0001;p0002,p0001,True,1.0,1.0,1.0,1.0,1.0,1.0,1.0,0.5,0.6666666666666666,1.0,success,
controlled_000617,llama3.1:8b,retrieve_then_read,Retrieved Evidence,diagnostic_condition,evidence_narrowed_condition,True,controlled,arithmetic,number,8000,scattered,medium,high,506,816,p0001;p0002,p0001;p0002,True,0.0,0.0,0.0,0.0,0.0,0.0,1.0,1.0,1.0,1.0,answer_conversion_failure,
controlled_000617,llama3.1:8b,oracle,Oracle Evidence,diagnostic_baseline,oracle_evidence_upper_reference,True,controlled,arithmetic,number,8000,scattered,medium,high,506,506,p0001;p0002,p0001;p0002,True,1.0,1.0,1.0,1.0,1.0,1.0,1.0,1.0,1.0,1.0,success,
controlled_000028,llama3.1:8b,no_evidence,No Evidence,diagnostic_baseline,question_only_lower_bound,True,controlled,multi_hop,entity,4000,front,medium,low,Zurich-00027,London,p0001;p0002,,True,0.0,0.0,0.0,0.0,0.0,0.0,0.0,0.0,0.0,0.0,evidence_localization_failure,
controlled_000028,llama3.1:8b,direct,Full Context,diagnostic_condition,full_context_condition,True,controlled,multi_hop,entity,4000,front,medium,low,Zurich-00027,Zurich,p0001;p0002,p0002,True,0.0,0.0,1.0,1.0,0.0,0.0,1.0,0.5,0.6666666666666666,1.0,evidence_integration_failure,
controlled_000028,llama3.1:8b,retrieve_then_read,Retrieved Evidence,diagnostic_condition,evidence_narrowed_condition,True,controlled,multi_hop,entity,4000,front,medium,low,Zurich-00027,Zurich,p0001;p0002,p0002,True,0.0,0.0,1.0,1.0,0.0,0.0,1.0,0.5,0.6666666666666666,1.0,evidence_integration_failure,
controlled_000028,llama3.1:8b,oracle,Oracle Evidence,diagnostic_baseline,oracle_evidence_upper_reference,True,controlled,multi_hop,entity,4000,front,medium,low,Zurich-00027,Zurich,p0001;p0002,p0002,True,0.0,0.0,1.0,1.0,0.0,0.0,1.0,0.5,0.6666666666666666,1.0,evidence_integration_failure,
controlled_000575,llama3.1:8b,no_evidence,No Evidence,diagnostic_baseline,question_only_lower_bound,True,controlled,comparison,entity,8000,scattered,medium,none,Model Alpha 00574,BERT,p0001;p0002,,True,0.0,0.0,0.0,0.0,0.0,0.0,0.0,0.0,0.0,0.0,evidence_localization_failure,
controlled_000575,llama3.1:8b,direct,Full Context,diagnostic_condition,full_context_condition,True,controlled,comparison,entity,8000,scattered,medium,none,Model Alpha 00574,Model Alpha 00574,p0001;p0002,p0001,True,1.0,1.0,1.0,1.0,1.0,1.0,1.0,0.5,0.6666666666666666,1.0,success,
controlled_000575,llama3.1:8b,retrieve_then_read,Retrieved Evidence,diagnostic_condition,evidence_narrowed_condition,True,controlled,comparison,entity,8000,scattered,medium,none,Model Alpha 00574,Model Alpha,p0001;p0002,p0001,True,0.0,0.8,1.0,1.0,0.0,0.8,1.0,0.5,0.6666666666666666,1.0,evidence_integration_failure,
controlled_000575,llama3.1:8b,oracle,Oracle Evidence,diagnostic_baseline,oracle_evidence_upper_reference,True,controlled,comparison,entity,8000,scattered,medium,none,Model Alpha 00574,Model Alpha 00574,p0001;p0002,p0001;p0002,True,1.0,1.0,1.0,1.0,1.0,1.0,1.0,1.0,1.0,1.0,success,
controlled_000204,llama3.1:8b,no_evidence,No Evidence,diagnostic_baseline,question_only_lower_bound,True,controlled,single_hop,entity,4000,end,low,high,Arcturus Systems 00203,Google,p0001,,True,0.0,0.0,0.0,0.0,0.0,0.0,0.0,0.0,0.0,0.0,evidence_localization_failure,
controlled_000204,llama3.1:8b,direct,Full Context,diagnostic_condition,full_context_condition,True,controlled,single_hop,entity,4000,end,low,high,Arcturus Systems 00203,Arcturus Systems,p0001,p0001,True,0.0,0.8,1.0,1.0,0.0,0.8,1.0,1.0,1.0,1.0,answer_conversion_failure,
controlled_000204,llama3.1:8b,retrieve_then_read,Retrieved Evidence,diagnostic_condition,evidence_narrowed_condition,True,controlled,single_hop,entity,4000,end,low,high,Arcturus Systems 00203,Arcturus Systems,p0001,p0001,True,0.0,0.8,1.0,1.0,0.0,0.8,1.0,1.0,1.0,1.0,answer_conversion_failure,
controlled_000204,llama3.1:8b,oracle,Oracle Evidence,diagnostic_baseline,oracle_evidence_upper_reference,True,controlled,single_hop,entity,4000,end,low,high,Arcturus Systems 00203,Arcturus Systems 00203,p0001,p0001,True,1.0,1.0,1.0,1.0,1.0,1.0,1.0,1.0,1.0,1.0,success,
controlled_000734,llama3.1:8b,no_evidence,No Evidence,diagnostic_baseline,question_only_lower_bound,True,controlled,comparison,entity,16000,middle,medium,none,Model Alpha 00733,BERT,p0001;p0002,,True,0.0,0.0,0.0,0.0,0.0,0.0,0.0,0.0,0.0,0.0,evidence_localization_failure,
controlled_000734,llama3.1:8b,direct,Full Context,diagnostic_condition,full_context_condition,True,controlled,comparison,entity,16000,middle,medium,none,Model Alpha 00733,Model A,p0001;p0002,p0001,True,0.0,0.5,0.0,0.6666666666666666,0.0,0.5,1.0,0.5,0.6666666666666666,1.0,evidence_integration_failure,
controlled_000734,llama3.1:8b,retrieve_then_read,Retrieved Evidence,diagnostic_condition,evidence_narrowed_condition,True,controlled,comparison,entity,16000,middle,medium,none,Model Alpha 00733,Model Alpha 00733,p0001;p0002,p0001,True,1.0,1.0,1.0,1.0,1.0,1.0,1.0,0.5,0.6666666666666666,1.0,success,
controlled_000734,llama3.1:8b,oracle,Oracle Evidence,diagnostic_baseline,oracle_evidence_upper_reference,True,controlled,comparison,entity,16000,middle,medium,none,Model Alpha 00733,Model Alpha 00733,p0001;p0002,p0001,True,1.0,1.0,1.0,1.0,1.0,1.0,1.0,0.5,0.6666666666666666,1.0,success,
controlled_000666,llama3.1:8b,no_evidence,No Evidence,diagnostic_baseline,question_only_lower_bound,True,controlled,multi_hop,entity,16000,front,medium,low,Zurich-00665,London,p0001;p0002,,True,0.0,0.0,0.0,0.0,0.0,0.0,0.0,0.0,0.0,0.0,evidence_localization_failure,
controlled_000666,llama3.1:8b,direct,Full Context,diagnostic_condition,full_context_condition,True,controlled,multi_hop,entity,16000,front,medium,low,Zurich-00665,archive,p0001;p0002,p0003,True,0.0,0.0,0.0,0.0,0.0,0.0,0.0,0.0,0.0,0.0,evidence_selection_failure,
controlled_000666,llama3.1:8b,retrieve_then_read,Retrieved Evidence,diagnostic_condition,evidence_narrowed_condition,True,controlled,multi_hop,entity,16000,front,medium,low,Zurich-00665,Zurich-00665,p0001;p0002,p0002,True,1.0,1.0,1.0,1.0,1.0,1.0,1.0,0.5,0.6666666666666666,1.0,success,
controlled_000666,llama3.1:8b,oracle,Oracle Evidence,diagnostic_baseline,oracle_evidence_upper_reference,True,controlled,multi_hop,entity,16000,front,medium,low,Zurich-00665,Zurich,p0001;p0002,p0002,True,0.0,0.0,1.0,1.0,0.0,0.0,1.0,0.5,0.6666666666666666,1.0,evidence_integration_failure,
controlled_000719,llama3.1:8b,no_evidence,No Evidence,diagnostic_baseline,question_only_lower_bound,True,controlled,arithmetic,number,16000,front,medium,conflicting,573,1000,p0001;p0002,,True,0.0,0.0,0.0,0.0,0.0,0.0,0.0,0.0,0.0,0.0,evidence_localization_failure,
controlled_000719,llama3.1:8b,direct,Full Context,diagnostic_condition,full_context_condition,True,controlled,arithmetic,number,16000,front,medium,conflicting,573,2,p0001;p0002,p0003,True,0.0,0.0,0.0,0.0,0.0,0.0,0.0,0.0,0.0,0.0,evidence_selection_failure,
controlled_000719,llama3.1:8b,retrieve_then_read,Retrieved Evidence,diagnostic_condition,evidence_narrowed_condition,True,controlled,arithmetic,number,16000,front,medium,conflicting,573,573,p0001;p0002,p0001;p0002,True,1.0,1.0,1.0,1.0,1.0,1.0,1.0,1.0,1.0,1.0,success,
controlled_000719,llama3.1:8b,oracle,Oracle Evidence,diagnostic_baseline,oracle_evidence_upper_reference,True,controlled,arithmetic,number,16000,front,medium,conflicting,573,573,p0001;p0002,p0001;p0002,True,1.0,1.0,1.0,1.0,1.0,1.0,1.0,1.0,1.0,1.0,success,
controlled_000947,llama3.1:8b,no_evidence,No Evidence,diagnostic_baseline,question_only_lower_bound,True,controlled,multi_hop,entity,16000,scattered,medium,conflicting,Zurich-00946,London,p0001;p0002,,True,0.0,0.0,0.0,0.0,0.0,0.0,0.0,0.0,0.0,0.0,evidence_localization_failure,
controlled_000947,llama3.1:8b,direct,Full Context,diagnostic_condition,full_context_condition,True,controlled,multi_hop,entity,16000,scattered,medium,conflicting,Zurich-00946,Zurich,p0001;p0002,p0001,True,0.0,0.0,1.0,1.0,0.0,0.0,1.0,0.5,0.6666666666666666,1.0,evidence_integration_failure,
controlled_000947,llama3.1:8b,retrieve_then_read,Retrieved Evidence,diagnostic_condition,evidence_narrowed_condition,True,controlled,multi_hop,entity,16000,scattered,medium,conflicting,Zurich-00946,Zurich,p0001;p0002,p0002;p0003,True,0.0,0.0,1.0,1.0,0.0,0.0,0.5,0.5,0.5,1.0,evidence_integration_failure,
controlled_000947,llama3.1:8b,oracle,Oracle Evidence,diagnostic_baseline,oracle_evidence_upper_reference,True,controlled,multi_hop,entity,16000,scattered,medium,conflicting,Zurich-00946,Zurich-00946,p0001;p0002,p0002,True,1.0,1.0,1.0,1.0,1.0,1.0,1.0,0.5,0.6666666666666666,1.0,success,
controlled_000430,llama3.1:8b,no_evidence,No Evidence,diagnostic_baseline,question_only_lower_bound,True,controlled,multi_hop,entity,8000,middle,medium,low,Zurich-00429,London,p0001;p0002,,True,0.0,0.0,0.0,0.0,0.0,0.0,0.0,0.0,0.0,0.0,evidence_localization_failure,
controlled_000430,llama3.1:8b,direct,Full Context,diagnostic_condition,full_context_condition,True,controlled,multi_hop,entity,8000,middle,medium,low,Zurich-00429,Zurich,p0001;p0002,p0002,True,0.0,0.0,1.0,1.0,0.0,0.0,1.0,0.5,0.6666666666666666,1.0,evidence_integration_failure,
controlled_000430,llama3.1:8b,retrieve_then_read,Retrieved Evidence,diagnostic_condition,evidence_narrowed_condition,True,controlled,multi_hop,entity,8000,middle,medium,low,Zurich-00429,Zurich-00429,p0001;p0002,p0002,True,1.0,1.0,1.0,1.0,1.0,1.0,1.0,0.5,0.6666666666666666,1.0,success,
controlled_000430,llama3.1:8b,oracle,Oracle Evidence,diagnostic_baseline,oracle_evidence_upper_reference,True,controlled,multi_hop,entity,8000,middle,medium,low,Zurich-00429,Zurich-00429,p0001;p0002,p0002,True,1.0,1.0,1.0,1.0,1.0,1.0,1.0,0.5,0.6666666666666666,1.0,success,
controlled_000226,llama3.1:8b,no_evidence,No Evidence,diagnostic_baseline,question_only_lower_bound,True,controlled,multi_hop,entity,4000,end,medium,conflicting,Zurich-00225,London,p0001;p0002,,True,0.0,0.0,0.0,0.0,0.0,0.0,0.0,0.0,0.0,0.0,evidence_localization_failure,
controlled_000226,llama3.1:8b,direct,Full Context,diagnostic_condition,full_context_condition,True,controlled,multi_hop,entity,4000,end,medium,conflicting,Zurich-00225,Zurich-00225,p0001;p0002,p0002,True,1.0,1.0,1.0,1.0,1.0,1.0,1.0,0.5,0.6666666666666666,1.0,success,
controlled_000226,llama3.1:8b,retrieve_then_read,Retrieved Evidence,diagnostic_condition,evidence_narrowed_condition,True,controlled,multi_hop,entity,4000,end,medium,conflicting,Zurich-00225,Zurich-00225,p0001;p0002,p0002,True,1.0,1.0,1.0,1.0,1.0,1.0,1.0,0.5,0.6666666666666666,1.0,success,
controlled_000226,llama3.1:8b,oracle,Oracle Evidence,diagnostic_baseline,oracle_evidence_upper_reference,True,controlled,multi_hop,entity,4000,end,medium,conflicting,Zurich-00225,Zurich-00225,p0001;p0002,p0002,True,1.0,1.0,1.0,1.0,1.0,1.0,1.0,0.5,0.6666666666666666,1.0,success,
controlled_000460,llama3.1:8b,no_evidence,No Evidence,diagnostic_baseline,question_only_lower_bound,True,controlled,arithmetic,number,8000,middle,medium,high,438,1000,p0001;p0002,,True,0.0,0.0,0.0,0.0,0.0,0.0,0.0,0.0,0.0,0.0,evidence_localization_failure,
controlled_000460,llama3.1:8b,direct,Full Context,diagnostic_condition,full_context_condition,True,controlled,arithmetic,number,8000,middle,medium,high,438,438,p0001;p0002,p0001;p0002,True,1.0,1.0,1.0,1.0,1.0,1.0,1.0,1.0,1.0,1.0,success,
controlled_000460,llama3.1:8b,retrieve_then_read,Retrieved Evidence,diagnostic_condition,evidence_narrowed_condition,True,controlled,arithmetic,number,8000,middle,medium,high,438,438,p0001;p0002,p0001,True,1.0,1.0,1.0,1.0,1.0,1.0,1.0,0.5,0.6666666666666666,1.0,success,
controlled_000460,llama3.1:8b,oracle,Oracle Evidence,diagnostic_baseline,oracle_evidence_upper_reference,True,controlled,arithmetic,number,8000,middle,medium,high,438,438,p0001;p0002,p0001;p0002,True,1.0,1.0,1.0,1.0,1.0,1.0,1.0,1.0,1.0,1.0,success,
controlled_000604,llama3.1:8b,no_evidence,No Evidence,diagnostic_baseline,question_only_lower_bound,True,controlled,single_hop,entity,8000,scattered,low,high,Arcturus Systems 00603,Google,p0001,,True,0.0,0.0,0.0,0.0,0.0,0.0,0.0,0.0,0.0,0.0,evidence_localization_failure,
controlled_000604,llama3.1:8b,direct,Full Context,diagnostic_condition,full_context_condition,True,controlled,single_hop,entity,8000,scattered,low,high,Arcturus Systems 00603,Arcturus Systems,p0001,p0001,True,0.0,0.8,1.0,1.0,0.0,0.8,1.0,1.0,1.0,1.0,answer_conversion_failure,
controlled_000604,llama3.1:8b,retrieve_then_read,Retrieved Evidence,diagnostic_condition,evidence_narrowed_condition,True,controlled,single_hop,entity,8000,scattered,low,high,Arcturus Systems 00603,Arcturus Systems,p0001,p0001,True,0.0,0.8,1.0,1.0,0.0,0.8,1.0,1.0,1.0,1.0,answer_conversion_failure,
controlled_000604,llama3.1:8b,oracle,Oracle Evidence,diagnostic_baseline,oracle_evidence_upper_reference,True,controlled,single_hop,entity,8000,scattered,low,high,Arcturus Systems 00603,Arcturus Systems 00603,p0001,p0001,True,1.0,1.0,1.0,1.0,1.0,1.0,1.0,1.0,1.0,1.0,success,
controlled_000285,llama3.1:8b,no_evidence,No Evidence,diagnostic_baseline,question_only_lower_bound,True,controlled,single_hop,entity,4000,scattered,low,high,Arcturus Systems 00284,Google,p0001,,True,0.0,0.0,0.0,0.0,0.0,0.0,0.0,0.0,0.0,0.0,evidence_localization_failure,
controlled_000285,llama3.1:8b,direct,Full Context,diagnostic_condition,full_context_condition,True,controlled,single_hop,entity,4000,scattered,low,high,Arcturus Systems 00284,Arcturus Systems,p0001,p0001,True,0.0,0.8,1.0,1.0,0.0,0.8,1.0,1.0,1.0,1.0,answer_conversion_failure,
controlled_000285,llama3.1:8b,retrieve_then_read,Retrieved Evidence,diagnostic_condition,evidence_narrowed_condition,True,controlled,single_hop,entity,4000,scattered,low,high,Arcturus Systems 00284,Arcturus Systems,p0001,p0001,True,0.0,0.8,1.0,1.0,0.0,0.8,1.0,1.0,1.0,1.0,answer_conversion_failure,
controlled_000285,llama3.1:8b,oracle,Oracle Evidence,diagnostic_baseline,oracle_evidence_upper_reference,True,controlled,single_hop,entity,4000,scattered,low,high,Arcturus Systems 00284,Arcturus Systems,p0001,p0001,True,0.0,0.8,1.0,1.0,0.0,0.8,1.0,1.0,1.0,1.0,answer_conversion_failure,
controlled_000829,llama3.1:8b,no_evidence,No Evidence,diagnostic_baseline,question_only_lower_bound,True,controlled,multi_hop,entity,16000,end,medium,low,Zurich-00828,London,p0001;p0002,,True,0.0,0.0,0.0,0.0,0.0,0.0,0.0,0.0,0.0,0.0,evidence_localization_failure,
controlled_000829,llama3.1:8b,direct,Full Context,diagnostic_condition,full_context_condition,True,controlled,multi_hop,entity,16000,end,medium,low,Zurich-00828,Zurich-00828,p0001;p0002,p0002,True,1.0,1.0,1.0,1.0,1.0,1.0,1.0,0.5,0.6666666666666666,1.0,success,
controlled_000829,llama3.1:8b,retrieve_then_read,Retrieved Evidence,diagnostic_condition,evidence_narrowed_condition,True,controlled,multi_hop,entity,16000,end,medium,low,Zurich-00828,Zurich-00828,p0001;p0002,p0002,True,1.0,1.0,1.0,1.0,1.0,1.0,1.0,0.5,0.6666666666666666,1.0,success,
controlled_000829,llama3.1:8b,oracle,Oracle Evidence,diagnostic_baseline,oracle_evidence_upper_reference,True,controlled,multi_hop,entity,16000,end,medium,low,Zurich-00828,Zurich-00828,p0001;p0002,p0002,True,1.0,1.0,1.0,1.0,1.0,1.0,1.0,0.5,0.6666666666666666,1.0,success,
controlled_000891,llama3.1:8b,no_evidence,No Evidence,diagnostic_baseline,question_only_lower_bound,True,controlled,comparison,entity,16000,scattered,medium,none,Model Alpha 00890,BERT,p0001;p0002,,True,0.0,0.0,0.0,0.0,0.0,0.0,0.0,0.0,0.0,0.0,evidence_localization_failure,
controlled_000891,llama3.1:8b,direct,Full Context,diagnostic_condition,full_context_condition,True,controlled,comparison,entity,16000,scattered,medium,none,Model Alpha 00890,archive,p0001;p0002,p0002,True,0.0,0.0,0.0,0.0,0.0,0.0,1.0,0.5,0.6666666666666666,1.0,evidence_integration_failure,
controlled_000891,llama3.1:8b,retrieve_then_read,Retrieved Evidence,diagnostic_condition,evidence_narrowed_condition,True,controlled,comparison,entity,16000,scattered,medium,none,Model Alpha 00890,Model Alpha,p0001;p0002,p0001,True,0.0,0.8,1.0,1.0,0.0,0.8,1.0,0.5,0.6666666666666666,1.0,evidence_integration_failure,
controlled_000891,llama3.1:8b,oracle,Oracle Evidence,diagnostic_baseline,oracle_evidence_upper_reference,True,controlled,comparison,entity,16000,scattered,medium,none,Model Alpha 00890,Model Alpha 00890,p0001;p0002,p0001,True,1.0,1.0,1.0,1.0,1.0,1.0,1.0,0.5,0.6666666666666666,1.0,success,
controlled_000007,llama3.1:8b,no_evidence,No Evidence,diagnostic_baseline,question_only_lower_bound,True,controlled,multi_hop,entity,4000,front,medium,none,Zurich-00006,London,p0001;p0002,,True,0.0,0.0,0.0,0.0,0.0,0.0,0.0,0.0,0.0,0.0,evidence_localization_failure,
controlled_000007,llama3.1:8b,direct,Full Context,diagnostic_condition,full_context_condition,True,controlled,multi_hop,entity,4000,front,medium,none,Zurich-00006,Zurich,p0001;p0002,p0002,True,0.0,0.0,1.0,1.0,0.0,0.0,1.0,0.5,0.6666666666666666,1.0,evidence_integration_failure,
controlled_000007,llama3.1:8b,retrieve_then_read,Retrieved Evidence,diagnostic_condition,evidence_narrowed_condition,True,controlled,multi_hop,entity,4000,front,medium,none,Zurich-00006,Zurich,p0001;p0002,p0002,True,0.0,0.0,1.0,1.0,0.0,0.0,1.0,0.5,0.6666666666666666,1.0,evidence_integration_failure,
controlled_000007,llama3.1:8b,oracle,Oracle Evidence,diagnostic_baseline,oracle_evidence_upper_reference,True,controlled,multi_hop,entity,4000,front,medium,none,Zurich-00006,Zurich,p0001;p0002,p0002,True,0.0,0.0,1.0,1.0,0.0,0.0,1.0,0.5,0.6666666666666666,1.0,evidence_integration_failure,
controlled_000778,llama3.1:8b,no_evidence,No Evidence,diagnostic_baseline,question_only_lower_bound,True,controlled,arithmetic,number,16000,middle,medium,high,609,1000,p0001;p0002,,True,0.0,0.0,0.0,0.0,0.0,0.0,0.0,0.0,0.0,0.0,evidence_localization_failure,
controlled_000778,llama3.1:8b,direct,Full Context,diagnostic_condition,full_context_condition,True,controlled,arithmetic,number,16000,middle,medium,high,609,1000,p0001;p0002,p0001,True,0.0,0.0,0.0,0.0,0.0,0.0,1.0,0.5,0.6666666666666666,1.0,evidence_integration_failure,
controlled_000778,llama3.1:8b,retrieve_then_read,Retrieved Evidence,diagnostic_condition,evidence_narrowed_condition,True,controlled,arithmetic,number,16000,middle,medium,high,609,609,p0001;p0002,p0001;p0002,True,1.0,1.0,1.0,1.0,1.0,1.0,1.0,1.0,1.0,1.0,success,
controlled_000778,llama3.1:8b,oracle,Oracle Evidence,diagnostic_baseline,oracle_evidence_upper_reference,True,controlled,arithmetic,number,16000,middle,medium,high,609,609,p0001;p0002,p0001;p0002,True,1.0,1.0,1.0,1.0,1.0,1.0,1.0,1.0,1.0,1.0,success,
controlled_000826,llama3.1:8b,no_evidence,No Evidence,diagnostic_baseline,question_only_lower_bound,True,controlled,multi_hop,entity,16000,end,medium,low,Zurich-00825,London,p0001;p0002,,True,0.0,0.0,0.0,0.0,0.0,0.0,0.0,0.0,0.0,0.0,evidence_localization_failure,
controlled_000826,llama3.1:8b,direct,Full Context,diagnostic_condition,full_context_condition,True,controlled,multi_hop,entity,16000,end,medium,low,Zurich-00825,Zurich-00825,p0001;p0002,p0002,True,1.0,1.0,1.0,1.0,1.0,1.0,1.0,0.5,0.6666666666666666,1.0,success,
controlled_000826,llama3.1:8b,retrieve_then_read,Retrieved Evidence,diagnostic_condition,evidence_narrowed_condition,True,controlled,multi_hop,entity,16000,end,medium,low,Zurich-00825,Zurich,p0001;p0002,p0002,True,0.0,0.0,1.0,1.0,0.0,0.0,1.0,0.5,0.6666666666666666,1.0,evidence_integration_failure,
controlled_000826,llama3.1:8b,oracle,Oracle Evidence,diagnostic_baseline,oracle_evidence_upper_reference,True,controlled,multi_hop,entity,16000,end,medium,low,Zurich-00825,Zurich-00825,p0001;p0002,p0002,True,1.0,1.0,1.0,1.0,1.0,1.0,1.0,0.5,0.6666666666666666,1.0,success,
controlled_000164,llama3.1:8b,no_evidence,No Evidence,diagnostic_baseline,question_only_lower_bound,True,controlled,single_hop,entity,4000,end,low,none,Arcturus Systems 00163,Google,p0001,,True,0.0,0.0,0.0,0.0,0.0,0.0,0.0,0.0,0.0,0.0,evidence_localization_failure,
controlled_000164,llama3.1:8b,direct,Full Context,diagnostic_condition,full_context_condition,True,controlled,single_hop,entity,4000,end,low,none,Arcturus Systems 00163,Arcturus Systems,p0001,p0001,True,0.0,0.8,1.0,1.0,0.0,0.8,1.0,1.0,1.0,1.0,answer_conversion_failure,
controlled_000164,llama3.1:8b,retrieve_then_read,Retrieved Evidence,diagnostic_condition,evidence_narrowed_condition,True,controlled,single_hop,entity,4000,end,low,none,Arcturus Systems 00163,Arcturus Systems,p0001,p0001,True,0.0,0.8,1.0,1.0,0.0,0.8,1.0,1.0,1.0,1.0,answer_conversion_failure,
controlled_000164,llama3.1:8b,oracle,Oracle Evidence,diagnostic_baseline,oracle_evidence_upper_reference,True,controlled,single_hop,entity,4000,end,low,none,Arcturus Systems 00163,Arcturus Systems 00163,p0001,p0001,True,1.0,1.0,1.0,1.0,1.0,1.0,1.0,1.0,1.0,1.0,success,
controlled_000715,llama3.1:8b,no_evidence,No Evidence,diagnostic_baseline,question_only_lower_bound,True,controlled,comparison,entity,16000,front,medium,conflicting,Model Alpha 00714,BERT,p0001;p0002,,True,0.0,0.0,0.0,0.0,0.0,0.0,0.0,0.0,0.0,0.0,evidence_localization_failure,
controlled_000715,llama3.1:8b,direct,Full Context,diagnostic_condition,full_context_condition,True,controlled,comparison,entity,16000,front,medium,conflicting,Model Alpha 00714,Model B,p0001;p0002,p0003,True,0.0,0.4,0.0,0.5,0.0,0.4,0.0,0.0,0.0,0.0,evidence_selection_failure,
controlled_000715,llama3.1:8b,retrieve_then_read,Retrieved Evidence,diagnostic_condition,evidence_narrowed_condition,True,controlled,comparison,entity,16000,front,medium,conflicting,Model Alpha 00714,Model Beta,p0001;p0002,p0003,True,0.0,0.4,0.0,0.5,0.0,0.4,0.0,0.0,0.0,0.0,evidence_selection_failure,
controlled_000715,llama3.1:8b,oracle,Oracle Evidence,diagnostic_baseline,oracle_evidence_upper_reference,True,controlled,comparison,entity,16000,front,medium,conflicting,Model Alpha 00714,Model Alpha 00714,p0001;p0002,p0001,True,1.0,1.0,1.0,1.0,1.0,1.0,1.0,0.5,0.6666666666666666,1.0,success,
controlled_000944,llama3.1:8b,no_evidence,No Evidence,diagnostic_baseline,question_only_lower_bound,True,controlled,single_hop,entity,16000,scattered,low,conflicting,Arcturus Systems 00943,Google,p0001,,True,0.0,0.0,0.0,0.0,0.0,0.0,0.0,0.0,0.0,0.0,evidence_localization_failure,
controlled_000944,llama3.1:8b,direct,Full Context,diagnostic_condition,full_context_condition,True,controlled,single_hop,entity,16000,scattered,low,conflicting,Arcturus Systems 00943,ArXiv,p0001,p0001,True,0.0,0.0,0.0,0.0,0.0,0.0,1.0,1.0,1.0,1.0,answer_conversion_failure,
controlled_000944,llama3.1:8b,retrieve_then_read,Retrieved Evidence,diagnostic_condition,evidence_narrowed_condition,True,controlled,single_hop,entity,16000,scattered,low,conflicting,Arcturus Systems 00943,Arcturus Systems,p0001,p0001,True,0.0,0.8,1.0,1.0,0.0,0.8,1.0,1.0,1.0,1.0,answer_conversion_failure,
controlled_000944,llama3.1:8b,oracle,Oracle Evidence,diagnostic_baseline,oracle_evidence_upper_reference,True,controlled,single_hop,entity,16000,scattered,low,conflicting,Arcturus Systems 00943,Arcturus Systems 00943,p0001,p0001,True,1.0,1.0,1.0,1.0,1.0,1.0,1.0,1.0,1.0,1.0,success,
controlled_000349,llama3.1:8b,no_evidence,No Evidence,diagnostic_baseline,question_only_lower_bound,True,controlled,multi_hop,entity,8000,front,medium,low,Zurich-00348,London,p0001;p0002,,True,0.0,0.0,0.0,0.0,0.0,0.0,0.0,0.0,0.0,0.0,evidence_localization_failure,
controlled_000349,llama3.1:8b,direct,Full Context,diagnostic_condition,full_context_condition,True,controlled,multi_hop,entity,8000,front,medium,low,Zurich-00348,Zurich,p0001;p0002,p0002,True,0.0,0.0,1.0,1.0,0.0,0.0,1.0,0.5,0.6666666666666666,1.0,evidence_integration_failure,
controlled_000349,llama3.1:8b,retrieve_then_read,Retrieved Evidence,diagnostic_condition,evidence_narrowed_condition,True,controlled,multi_hop,entity,8000,front,medium,low,Zurich-00348,Zurich-00348,p0001;p0002,p0002,True,1.0,1.0,1.0,1.0,1.0,1.0,1.0,0.5,0.6666666666666666,1.0,success,
controlled_000349,llama3.1:8b,oracle,Oracle Evidence,diagnostic_baseline,oracle_evidence_upper_reference,True,controlled,multi_hop,entity,8000,front,medium,low,Zurich-00348,Zurich-00348,p0001;p0002,p0002,True,1.0,1.0,1.0,1.0,1.0,1.0,1.0,0.5,0.6666666666666666,1.0,success,
controlled_000925,llama3.1:8b,no_evidence,No Evidence,diagnostic_baseline,question_only_lower_bound,True,controlled,single_hop,entity,16000,scattered,low,high,Arcturus Systems 00924,Google,p0001,,True,0.0,0.0,0.0,0.0,0.0,0.0,0.0,0.0,0.0,0.0,evidence_localization_failure,
controlled_000925,llama3.1:8b,direct,Full Context,diagnostic_condition,full_context_condition,True,controlled,single_hop,entity,16000,scattered,low,high,Arcturus Systems 00924,Arango,p0001,p0001,True,0.0,0.0,0.0,0.0,0.0,0.0,1.0,1.0,1.0,1.0,answer_conversion_failure,
controlled_000925,llama3.1:8b,retrieve_then_read,Retrieved Evidence,diagnostic_condition,evidence_narrowed_condition,True,controlled,single_hop,entity,16000,scattered,low,high,Arcturus Systems 00924,Arcturus Systems,p0001,p0001,True,0.0,0.8,1.0,1.0,0.0,0.8,1.0,1.0,1.0,1.0,answer_conversion_failure,
controlled_000925,llama3.1:8b,oracle,Oracle Evidence,diagnostic_baseline,oracle_evidence_upper_reference,True,controlled,single_hop,entity,16000,scattered,low,high,Arcturus Systems 00924,Arcturus Systems 00924,p0001,p0001,True,1.0,1.0,1.0,1.0,1.0,1.0,1.0,1.0,1.0,1.0,success,
controlled_000160,llama3.1:8b,no_evidence,No Evidence,diagnostic_baseline,question_only_lower_bound,True,controlled,arithmetic,number,4000,middle,medium,conflicting,570,1000,p0001;p0002,,True,0.0,0.0,0.0,0.0,0.0,0.0,0.0,0.0,0.0,0.0,evidence_localization_failure,
controlled_000160,llama3.1:8b,direct,Full Context,diagnostic_condition,full_context_condition,True,controlled,arithmetic,number,4000,middle,medium,conflicting,570,570,p0001;p0002,p0001,True,1.0,1.0,1.0,1.0,1.0,1.0,1.0,0.5,0.6666666666666666,1.0,success,
controlled_000160,llama3.1:8b,retrieve_then_read,Retrieved Evidence,diagnostic_condition,evidence_narrowed_condition,True,controlled,arithmetic,number,4000,middle,medium,conflicting,570,570,p0001;p0002,p0001,True,1.0,1.0,1.0,1.0,1.0,1.0,1.0,0.5,0.6666666666666666,1.0,success,
controlled_000160,llama3.1:8b,oracle,Oracle Evidence,diagnostic_baseline,oracle_evidence_upper_reference,True,controlled,arithmetic,number,4000,middle,medium,conflicting,570,570,p0001;p0002,p0001;p0002,True,1.0,1.0,1.0,1.0,1.0,1.0,1.0,1.0,1.0,1.0,success,
controlled_000221,llama3.1:8b,no_evidence,No Evidence,diagnostic_baseline,question_only_lower_bound,True,controlled,single_hop,entity,4000,end,low,conflicting,Arcturus Systems 00220,Google,p0001,,True,0.0,0.0,0.0,0.0,0.0,0.0,0.0,0.0,0.0,0.0,evidence_localization_failure,
controlled_000221,llama3.1:8b,direct,Full Context,diagnostic_condition,full_context_condition,True,controlled,single_hop,entity,4000,end,low,conflicting,Arcturus Systems 00220,Arcturus Systems,p0001,p0001,True,0.0,0.8,1.0,1.0,0.0,0.8,1.0,1.0,1.0,1.0,answer_conversion_failure,
controlled_000221,llama3.1:8b,retrieve_then_read,Retrieved Evidence,diagnostic_condition,evidence_narrowed_condition,True,controlled,single_hop,entity,4000,end,low,conflicting,Arcturus Systems 00220,Arcturus Systems,p0001,p0001,True,0.0,0.8,1.0,1.0,0.0,0.8,1.0,1.0,1.0,1.0,answer_conversion_failure,
controlled_000221,llama3.1:8b,oracle,Oracle Evidence,diagnostic_baseline,oracle_evidence_upper_reference,True,controlled,single_hop,entity,4000,end,low,conflicting,Arcturus Systems 00220,Arcturus Systems,p0001,p0001,True,0.0,0.8,1.0,1.0,0.0,0.8,1.0,1.0,1.0,1.0,answer_conversion_failure,
controlled_000782,llama3.1:8b,no_evidence,No Evidence,diagnostic_baseline,question_only_lower_bound,True,controlled,single_hop,entity,16000,middle,low,conflicting,Arcturus Systems 00781,Google,p0001,,True,0.0,0.0,0.0,0.0,0.0,0.0,0.0,0.0,0.0,0.0,evidence_localization_failure,
controlled_000782,llama3.1:8b,direct,Full Context,diagnostic_condition,full_context_condition,True,controlled,single_hop,entity,16000,middle,low,conflicting,Arcturus Systems 00781,ArXiv,p0001,p0001,True,0.0,0.0,0.0,0.0,0.0,0.0,1.0,1.0,1.0,1.0,answer_conversion_failure,
controlled_000782,llama3.1:8b,retrieve_then_read,Retrieved Evidence,diagnostic_condition,evidence_narrowed_condition,True,controlled,single_hop,entity,16000,middle,low,conflicting,Arcturus Systems 00781,Arcturus Systems,p0001,p0001,True,0.0,0.8,1.0,1.0,0.0,0.8,1.0,1.0,1.0,1.0,answer_conversion_failure,
controlled_000782,llama3.1:8b,oracle,Oracle Evidence,diagnostic_baseline,oracle_evidence_upper_reference,True,controlled,single_hop,entity,16000,middle,low,conflicting,Arcturus Systems 00781,Arcturus Systems,p0001,p0001,True,0.0,0.8,1.0,1.0,0.0,0.8,1.0,1.0,1.0,1.0,answer_conversion_failure,
controlled_000345,llama3.1:8b,no_evidence,No Evidence,diagnostic_baseline,question_only_lower_bound,True,controlled,single_hop,entity,8000,front,low,low,Arcturus Systems 00344,Google,p0001,,True,0.0,0.0,0.0,0.0,0.0,0.0,0.0,0.0,0.0,0.0,evidence_localization_failure,
controlled_000345,llama3.1:8b,direct,Full Context,diagnostic_condition,full_context_condition,True,controlled,single_hop,entity,8000,front,low,low,Arcturus Systems 00344,Arcturus Systems,p0001,p0001,True,0.0,0.8,1.0,1.0,0.0,0.8,1.0,1.0,1.0,1.0,answer_conversion_failure,
controlled_000345,llama3.1:8b,retrieve_then_read,Retrieved Evidence,diagnostic_condition,evidence_narrowed_condition,True,controlled,single_hop,entity,8000,front,low,low,Arcturus Systems 00344,Arcturus Systems,p0001,p0001,True,0.0,0.8,1.0,1.0,0.0,0.8,1.0,1.0,1.0,1.0,answer_conversion_failure,
controlled_000345,llama3.1:8b,oracle,Oracle Evidence,diagnostic_baseline,oracle_evidence_upper_reference,True,controlled,single_hop,entity,8000,front,low,low,Arcturus Systems 00344,Arcturus Systems 00344,p0001,p0001,True,1.0,1.0,1.0,1.0,1.0,1.0,1.0,1.0,1.0,1.0,success,
controlled_000951,llama3.1:8b,no_evidence,No Evidence,diagnostic_baseline,question_only_lower_bound,True,controlled,comparison,entity,16000,scattered,medium,conflicting,Model Alpha 00950,BERT,p0001;p0002,,True,0.0,0.0,0.0,0.0,0.0,0.0,0.0,0.0,0.0,0.0,evidence_localization_failure,
controlled_000951,llama3.1:8b,direct,Full Context,diagnostic_condition,full_context_condition,True,controlled,comparison,entity,16000,scattered,medium,conflicting,Model Alpha 00950,Model B,p0001;p0002,p0001,True,0.0,0.4,0.0,0.5,0.0,0.4,1.0,0.5,0.6666666666666666,1.0,evidence_integration_failure,
controlled_000951,llama3.1:8b,retrieve_then_read,Retrieved Evidence,diagnostic_condition,evidence_narrowed_condition,True,controlled,comparison,entity,16000,scattered,medium,conflicting,Model Alpha 00950,Model Beta 00950,p0001;p0002,p0002;p0003,True,0.0,0.6666666666666666,0.0,0.5,0.0,0.6666666666666666,0.5,0.5,0.5,1.0,evidence_integration_failure,
controlled_000951,llama3.1:8b,oracle,Oracle Evidence,diagnostic_baseline,oracle_evidence_upper_reference,True,controlled,comparison,entity,16000,scattered,medium,conflicting,Model Alpha 00950,Model Alpha 00950,p0001;p0002,p0001,True,1.0,1.0,1.0,1.0,1.0,1.0,1.0,0.5,0.6666666666666666,1.0,success,
controlled_000095,llama3.1:8b,no_evidence,No Evidence,diagnostic_baseline,question_only_lower_bound,True,controlled,comparison,entity,4000,middle,medium,none,Model Alpha 00094,BERT,p0001;p0002,,True,0.0,0.0,0.0,0.0,0.0,0.0,0.0,0.0,0.0,0.0,evidence_localization_failure,
controlled_000095,llama3.1:8b,direct,Full Context,diagnostic_condition,full_context_condition,True,controlled,comparison,entity,4000,middle,medium,none,Model Alpha 00094,Model Alpha,p0001;p0002,p0001,True,0.0,0.8,1.0,1.0,0.0,0.8,1.0,0.5,0.6666666666666666,1.0,evidence_integration_failure,
controlled_000095,llama3.1:8b,retrieve_then_read,Retrieved Evidence,diagnostic_condition,evidence_narrowed_condition,True,controlled,comparison,entity,4000,middle,medium,none,Model Alpha 00094,Model Alpha,p0001;p0002,p0001,True,0.0,0.8,1.0,1.0,0.0,0.8,1.0,0.5,0.6666666666666666,1.0,evidence_integration_failure,
controlled_000095,llama3.1:8b,oracle,Oracle Evidence,diagnostic_baseline,oracle_evidence_upper_reference,True,controlled,comparison,entity,4000,middle,medium,none,Model Alpha 00094,Model Alpha,p0001;p0002,p0001,True,0.0,0.8,1.0,1.0,0.0,0.8,1.0,0.5,0.6666666666666666,1.0,evidence_integration_failure,
controlled_000390,llama3.1:8b,no_evidence,No Evidence,diagnostic_baseline,question_only_lower_bound,True,controlled,multi_hop,entity,8000,front,medium,conflicting,Zurich-00389,London,p0001;p0002,,True,0.0,0.0,0.0,0.0,0.0,0.0,0.0,0.0,0.0,0.0,evidence_localization_failure,
controlled_000390,llama3.1:8b,direct,Full Context,diagnostic_condition,full_context_condition,True,controlled,multi_hop,entity,8000,front,medium,conflicting,Zurich-00389,Zurich,p0001;p0002,p0001,True,0.0,0.0,1.0,1.0,0.0,0.0,1.0,0.5,0.6666666666666666,1.0,evidence_integration_failure,
controlled_000390,llama3.1:8b,retrieve_then_read,Retrieved Evidence,diagnostic_condition,evidence_narrowed_condition,True,controlled,multi_hop,entity,8000,front,medium,conflicting,Zurich-00389,Zurich-00389,p0001;p0002,p0002,True,1.0,1.0,1.0,1.0,1.0,1.0,1.0,0.5,0.6666666666666666,1.0,success,
controlled_000390,llama3.1:8b,oracle,Oracle Evidence,diagnostic_baseline,oracle_evidence_upper_reference,True,controlled,multi_hop,entity,8000,front,medium,conflicting,Zurich-00389,Zurich-00389,p0001;p0002,p0002,True,1.0,1.0,1.0,1.0,1.0,1.0,1.0,0.5,0.6666666666666666,1.0,success,
controlled_000100,llama3.1:8b,no_evidence,No Evidence,diagnostic_baseline,question_only_lower_bound,True,controlled,arithmetic,number,4000,middle,medium,none,686,100,p0001;p0002,,True,0.0,0.0,0.0,0.0,0.0,0.0,0.0,0.0,0.0,0.0,evidence_localization_failure,
controlled_000100,llama3.1:8b,direct,Full Context,diagnostic_condition,full_context_condition,True,controlled,arithmetic,number,4000,middle,medium,none,686,486,p0001;p0002,p0001,True,0.0,0.0,0.0,0.0,0.0,0.0,1.0,0.5,0.6666666666666666,1.0,evidence_integration_failure,
controlled_000100,llama3.1:8b,retrieve_then_read,Retrieved Evidence,diagnostic_condition,evidence_narrowed_condition,True,controlled,arithmetic,number,4000,middle,medium,none,686,686,p0001;p0002,p0001;p0002,True,1.0,1.0,1.0,1.0,1.0,1.0,1.0,1.0,1.0,1.0,success,
controlled_000100,llama3.1:8b,oracle,Oracle Evidence,diagnostic_baseline,oracle_evidence_upper_reference,True,controlled,arithmetic,number,4000,middle,medium,none,686,686,p0001;p0002,p0001;p0002,True,1.0,1.0,1.0,1.0,1.0,1.0,1.0,1.0,1.0,1.0,success,
controlled_000368,llama3.1:8b,no_evidence,No Evidence,diagnostic_baseline,question_only_lower_bound,True,controlled,multi_hop,entity,8000,front,medium,high,Zurich-00367,London,p0001;p0002,,True,0.0,0.0,0.0,0.0,0.0,0.0,0.0,0.0,0.0,0.0,evidence_localization_failure,
controlled_000368,llama3.1:8b,direct,Full Context,diagnostic_condition,full_context_condition,True,controlled,multi_hop,entity,8000,front,medium,high,Zurich-00367,Zurich,p0001;p0002,p0002;p0003,True,0.0,0.0,1.0,1.0,0.0,0.0,0.5,0.5,0.5,1.0,evidence_integration_failure,
controlled_000368,llama3.1:8b,retrieve_then_read,Retrieved Evidence,diagnostic_condition,evidence_narrowed_condition,True,controlled,multi_hop,entity,8000,front,medium,high,Zurich-00367,Zurich,p0001;p0002,p0002;p0003,True,0.0,0.0,1.0,1.0,0.0,0.0,0.5,0.5,0.5,1.0,evidence_integration_failure,
controlled_000368,llama3.1:8b,oracle,Oracle Evidence,diagnostic_baseline,oracle_evidence_upper_reference,True,controlled,multi_hop,entity,8000,front,medium,high,Zurich-00367,Zurich-00367,p0001;p0002,p0002,True,1.0,1.0,1.0,1.0,1.0,1.0,1.0,0.5,0.6666666666666666,1.0,success,
controlled_000868,llama3.1:8b,no_evidence,No Evidence,diagnostic_baseline,question_only_lower_bound,True,controlled,multi_hop,entity,16000,end,medium,conflicting,Zurich-00867,London,p0001;p0002,,True,0.0,0.0,0.0,0.0,0.0,0.0,0.0,0.0,0.0,0.0,evidence_localization_failure,
controlled_000868,llama3.1:8b,direct,Full Context,diagnostic_condition,full_context_condition,True,controlled,multi_hop,entity,16000,end,medium,conflicting,Zurich-00867,Zurich-00867,p0001;p0002,p0002,True,1.0,1.0,1.0,1.0,1.0,1.0,1.0,0.5,0.6666666666666666,1.0,success,
controlled_000868,llama3.1:8b,retrieve_then_read,Retrieved Evidence,diagnostic_condition,evidence_narrowed_condition,True,controlled,multi_hop,entity,16000,end,medium,conflicting,Zurich-00867,Zurich-00867,p0001;p0002,p0002,True,1.0,1.0,1.0,1.0,1.0,1.0,1.0,0.5,0.6666666666666666,1.0,success,
controlled_000868,llama3.1:8b,oracle,Oracle Evidence,diagnostic_baseline,oracle_evidence_upper_reference,True,controlled,multi_hop,entity,16000,end,medium,conflicting,Zurich-00867,Zurich-00867,p0001;p0002,p0002,True,1.0,1.0,1.0,1.0,1.0,1.0,1.0,0.5,0.6666666666666666,1.0,success,
controlled_000353,llama3.1:8b,no_evidence,No Evidence,diagnostic_baseline,question_only_lower_bound,True,controlled,comparison,entity,8000,front,medium,low,Model Alpha 00352,BERT,p0001;p0002,,True,0.0,0.0,0.0,0.0,0.0,0.0,0.0,0.0,0.0,0.0,evidence_localization_failure,
controlled_000353,llama3.1:8b,direct,Full Context,diagnostic_condition,full_context_condition,True,controlled,comparison,entity,8000,front,medium,low,Model Alpha 00352,Model Alpha,p0001;p0002,p0001,True,0.0,0.8,1.0,1.0,0.0,0.8,1.0,0.5,0.6666666666666666,1.0,evidence_integration_failure,
controlled_000353,llama3.1:8b,retrieve_then_read,Retrieved Evidence,diagnostic_condition,evidence_narrowed_condition,True,controlled,comparison,entity,8000,front,medium,low,Model Alpha 00352,Model Alpha 00352,p0001;p0002,p0001,True,1.0,1.0,1.0,1.0,1.0,1.0,1.0,0.5,0.6666666666666666,1.0,success,
controlled_000353,llama3.1:8b,oracle,Oracle Evidence,diagnostic_baseline,oracle_evidence_upper_reference,True,controlled,comparison,entity,8000,front,medium,low,Model Alpha 00352,Model Alpha 00352,p0001;p0002,p0001;p0002,True,1.0,1.0,1.0,1.0,1.0,1.0,1.0,1.0,1.0,1.0,success,
controlled_000619,llama3.1:8b,no_evidence,No Evidence,diagnostic_baseline,question_only_lower_bound,True,controlled,arithmetic,number,8000,scattered,medium,high,477,1000,p0001;p0002,,True,0.0,0.0,0.0,0.0,0.0,0.0,0.0,0.0,0.0,0.0,evidence_localization_failure,
controlled_000619,llama3.1:8b,direct,Full Context,diagnostic_condition,full_context_condition,True,controlled,arithmetic,number,8000,scattered,medium,high,477,477,p0001;p0002,p0001,True,1.0,1.0,1.0,1.0,1.0,1.0,1.0,0.5,0.6666666666666666,1.0,success,
controlled_000619,llama3.1:8b,retrieve_then_read,Retrieved Evidence,diagnostic_condition,evidence_narrowed_condition,True,controlled,arithmetic,number,8000,scattered,medium,high,477,477,p0001;p0002,p0001;p0002,True,1.0,1.0,1.0,1.0,1.0,1.0,1.0,1.0,1.0,1.0,success,
controlled_000619,llama3.1:8b,oracle,Oracle Evidence,diagnostic_baseline,oracle_evidence_upper_reference,True,controlled,arithmetic,number,8000,scattered,medium,high,477,477,p0001;p0002,p0001;p0002,True,1.0,1.0,1.0,1.0,1.0,1.0,1.0,1.0,1.0,1.0,success,
controlled_000271,llama3.1:8b,no_evidence,No Evidence,diagnostic_baseline,question_only_lower_bound,True,controlled,comparison,entity,4000,scattered,medium,low,Model Alpha 00270,BERT,p0001;p0002,,True,0.0,0.0,0.0,0.0,0.0,0.0,0.0,0.0,0.0,0.0,evidence_localization_failure,
controlled_000271,llama3.1:8b,direct,Full Context,diagnostic_condition,full_context_condition,True,controlled,comparison,entity,4000,scattered,medium,low,Model Alpha 00270,Model Alpha,p0001;p0002,p0001,True,0.0,0.8,1.0,1.0,0.0,0.8,1.0,0.5,0.6666666666666666,1.0,evidence_integration_failure,
controlled_000271,llama3.1:8b,retrieve_then_read,Retrieved Evidence,diagnostic_condition,evidence_narrowed_condition,True,controlled,comparison,entity,4000,scattered,medium,low,Model Alpha 00270,Model Alpha,p0001;p0002,p0001,True,0.0,0.8,1.0,1.0,0.0,0.8,1.0,0.5,0.6666666666666666,1.0,evidence_integration_failure,
controlled_000271,llama3.1:8b,oracle,Oracle Evidence,diagnostic_baseline,oracle_evidence_upper_reference,True,controlled,comparison,entity,4000,scattered,medium,low,Model Alpha 00270,Model Alpha 00270,p0001;p0002,p0001;p0002,True,1.0,1.0,1.0,1.0,1.0,1.0,1.0,1.0,1.0,1.0,success,
controlled_000827,llama3.1:8b,no_evidence,No Evidence,diagnostic_baseline,question_only_lower_bound,True,controlled,multi_hop,entity,16000,end,medium,low,Zurich-00826,London,p0001;p0002,,True,0.0,0.0,0.0,0.0,0.0,0.0,0.0,0.0,0.0,0.0,evidence_localization_failure,
controlled_000827,llama3.1:8b,direct,Full Context,diagnostic_condition,full_context_condition,True,controlled,multi_hop,entity,16000,end,medium,low,Zurich-00826,Zurich-00826,p0001;p0002,p0002,True,1.0,1.0,1.0,1.0,1.0,1.0,1.0,0.5,0.6666666666666666,1.0,success,
controlled_000827,llama3.1:8b,retrieve_then_read,Retrieved Evidence,diagnostic_condition,evidence_narrowed_condition,True,controlled,multi_hop,entity,16000,end,medium,low,Zurich-00826,Zurich-00826,p0001;p0002,p0002,True,1.0,1.0,1.0,1.0,1.0,1.0,1.0,0.5,0.6666666666666666,1.0,success,
controlled_000827,llama3.1:8b,oracle,Oracle Evidence,diagnostic_baseline,oracle_evidence_upper_reference,True,controlled,multi_hop,entity,16000,end,medium,low,Zurich-00826,Zurich-00826,p0001;p0002,p0002,True,1.0,1.0,1.0,1.0,1.0,1.0,1.0,0.5,0.6666666666666666,1.0,success,
controlled_000045,llama3.1:8b,no_evidence,No Evidence,diagnostic_baseline,question_only_lower_bound,True,controlled,single_hop,entity,4000,front,low,high,Arcturus Systems 00044,Google,p0001,,True,0.0,0.0,0.0,0.0,0.0,0.0,0.0,0.0,0.0,0.0,evidence_localization_failure,
controlled_000045,llama3.1:8b,direct,Full Context,diagnostic_condition,full_context_condition,True,controlled,single_hop,entity,4000,front,low,high,Arcturus Systems 00044,Arcturus Systems,p0001,p0001,True,0.0,0.8,1.0,1.0,0.0,0.8,1.0,1.0,1.0,1.0,answer_conversion_failure,
controlled_000045,llama3.1:8b,retrieve_then_read,Retrieved Evidence,diagnostic_condition,evidence_narrowed_condition,True,controlled,single_hop,entity,4000,front,low,high,Arcturus Systems 00044,Arcturus Systems,p0001,p0001,True,0.0,0.8,1.0,1.0,0.0,0.8,1.0,1.0,1.0,1.0,answer_conversion_failure,
controlled_000045,llama3.1:8b,oracle,Oracle Evidence,diagnostic_baseline,oracle_evidence_upper_reference,True,controlled,single_hop,entity,4000,front,low,high,Arcturus Systems 00044,Arcturus Systems,p0001,p0001,True,0.0,0.8,1.0,1.0,0.0,0.8,1.0,1.0,1.0,1.0,answer_conversion_failure,
controlled_000748,llama3.1:8b,no_evidence,No Evidence,diagnostic_baseline,question_only_lower_bound,True,controlled,multi_hop,entity,16000,middle,medium,low,Zurich-00747,London,p0001;p0002,,True,0.0,0.0,0.0,0.0,0.0,0.0,0.0,0.0,0.0,0.0,evidence_localization_failure,
controlled_000748,llama3.1:8b,direct,Full Context,diagnostic_condition,full_context_condition,True,controlled,multi_hop,entity,16000,middle,medium,low,Zurich-00747,Zurich,p0001;p0002,p0001,True,0.0,0.0,1.0,1.0,0.0,0.0,1.0,0.5,0.6666666666666666,1.0,evidence_integration_failure,
controlled_000748,llama3.1:8b,retrieve_then_read,Retrieved Evidence,diagnostic_condition,evidence_narrowed_condition,True,controlled,multi_hop,entity,16000,middle,medium,low,Zurich-00747,Zurich,p0001;p0002,p0002,True,0.0,0.0,1.0,1.0,0.0,0.0,1.0,0.5,0.6666666666666666,1.0,evidence_integration_failure,
controlled_000748,llama3.1:8b,oracle,Oracle Evidence,diagnostic_baseline,oracle_evidence_upper_reference,True,controlled,multi_hop,entity,16000,middle,medium,low,Zurich-00747,Zurich,p0001;p0002,p0002,True,0.0,0.0,1.0,1.0,0.0,0.0,1.0,0.5,0.6666666666666666,1.0,evidence_integration_failure,
controlled_000471,llama3.1:8b,no_evidence,No Evidence,diagnostic_baseline,question_only_lower_bound,True,controlled,comparison,entity,8000,middle,medium,conflicting,Model Alpha 00470,BERT,p0001;p0002,,True,0.0,0.0,0.0,0.0,0.0,0.0,0.0,0.0,0.0,0.0,evidence_localization_failure,
controlled_000471,llama3.1:8b,direct,Full Context,diagnostic_condition,full_context_condition,True,controlled,comparison,entity,8000,middle,medium,conflicting,Model Alpha 00470,Model Alpha 00470,p0001;p0002,p0001;p0002,True,1.0,1.0,1.0,1.0,1.0,1.0,1.0,1.0,1.0,1.0,success,
controlled_000471,llama3.1:8b,retrieve_then_read,Retrieved Evidence,diagnostic_condition,evidence_narrowed_condition,True,controlled,comparison,entity,8000,middle,medium,conflicting,Model Alpha 00470,Model Beta 00470,p0001;p0002,p0003,True,0.0,0.6666666666666666,0.0,0.5,0.0,0.6666666666666666,0.0,0.0,0.0,0.0,evidence_selection_failure,
controlled_000471,llama3.1:8b,oracle,Oracle Evidence,diagnostic_baseline,oracle_evidence_upper_reference,True,controlled,comparison,entity,8000,middle,medium,conflicting,Model Alpha 00470,Model Alpha 00470,p0001;p0002,p0001,True,1.0,1.0,1.0,1.0,1.0,1.0,1.0,0.5,0.6666666666666666,1.0,success,
controlled_000550,llama3.1:8b,no_evidence,No Evidence,diagnostic_baseline,question_only_lower_bound,True,controlled,multi_hop,entity,8000,end,medium,conflicting,Zurich-00549,London,p0001;p0002,,True,0.0,0.0,0.0,0.0,0.0,0.0,0.0,0.0,0.0,0.0,evidence_localization_failure,
controlled_000550,llama3.1:8b,direct,Full Context,diagnostic_condition,full_context_condition,True,controlled,multi_hop,entity,8000,end,medium,conflicting,Zurich-00549,Zurich-00549,p0001;p0002,p0002,True,1.0,1.0,1.0,1.0,1.0,1.0,1.0,0.5,0.6666666666666666,1.0,success,
controlled_000550,llama3.1:8b,retrieve_then_read,Retrieved Evidence,diagnostic_condition,evidence_narrowed_condition,True,controlled,multi_hop,entity,8000,end,medium,conflicting,Zurich-00549,Zurich,p0001;p0002,p0002,True,0.0,0.0,1.0,1.0,0.0,0.0,1.0,0.5,0.6666666666666666,1.0,evidence_integration_failure,
controlled_000550,llama3.1:8b,oracle,Oracle Evidence,diagnostic_baseline,oracle_evidence_upper_reference,True,controlled,multi_hop,entity,8000,end,medium,conflicting,Zurich-00549,Zurich,p0001;p0002,p0002,True,0.0,0.0,1.0,1.0,0.0,0.0,1.0,0.5,0.6666666666666666,1.0,evidence_integration_failure,
controlled_000128,llama3.1:8b,no_evidence,No Evidence,diagnostic_baseline,question_only_lower_bound,True,controlled,multi_hop,entity,4000,middle,medium,high,Zurich-00127,London,p0001;p0002,,True,0.0,0.0,0.0,0.0,0.0,0.0,0.0,0.0,0.0,0.0,evidence_localization_failure,
controlled_000128,llama3.1:8b,direct,Full Context,diagnostic_condition,full_context_condition,True,controlled,multi_hop,entity,4000,middle,medium,high,Zurich-00127,Zurich-00127,p0001;p0002,p0002,True,1.0,1.0,1.0,1.0,1.0,1.0,1.0,0.5,0.6666666666666666,1.0,success,
controlled_000128,llama3.1:8b,retrieve_then_read,Retrieved Evidence,diagnostic_condition,evidence_narrowed_condition,True,controlled,multi_hop,entity,4000,middle,medium,high,Zurich-00127,Zurich,p0001;p0002,p0002,True,0.0,0.0,1.0,1.0,0.0,0.0,1.0,0.5,0.6666666666666666,1.0,evidence_integration_failure,
controlled_000128,llama3.1:8b,oracle,Oracle Evidence,diagnostic_baseline,oracle_evidence_upper_reference,True,controlled,multi_hop,entity,4000,middle,medium,high,Zurich-00127,Zurich-00127,p0001;p0002,p0002,True,1.0,1.0,1.0,1.0,1.0,1.0,1.0,0.5,0.6666666666666666,1.0,success,
controlled_000388,llama3.1:8b,no_evidence,No Evidence,diagnostic_baseline,question_only_lower_bound,True,controlled,multi_hop,entity,8000,front,medium,conflicting,Zurich-00387,London,p0001;p0002,,True,0.0,0.0,0.0,0.0,0.0,0.0,0.0,0.0,0.0,0.0,evidence_localization_failure,
controlled_000388,llama3.1:8b,direct,Full Context,diagnostic_condition,full_context_condition,True,controlled,multi_hop,entity,8000,front,medium,conflicting,Zurich-00387,Zurich,p0001;p0002,p0001,True,0.0,0.0,1.0,1.0,0.0,0.0,1.0,0.5,0.6666666666666666,1.0,evidence_integration_failure,
controlled_000388,llama3.1:8b,retrieve_then_read,Retrieved Evidence,diagnostic_condition,evidence_narrowed_condition,True,controlled,multi_hop,entity,8000,front,medium,conflicting,Zurich-00387,Zurich-00387,p0001;p0002,p0002,True,1.0,1.0,1.0,1.0,1.0,1.0,1.0,0.5,0.6666666666666666,1.0,success,
controlled_000388,llama3.1:8b,oracle,Oracle Evidence,diagnostic_baseline,oracle_evidence_upper_reference,True,controlled,multi_hop,entity,8000,front,medium,conflicting,Zurich-00387,Zurich-00387,p0001;p0002,p0002,True,1.0,1.0,1.0,1.0,1.0,1.0,1.0,0.5,0.6666666666666666,1.0,success,
controlled_000081,llama3.1:8b,no_evidence,No Evidence,diagnostic_baseline,question_only_lower_bound,True,controlled,single_hop,entity,4000,middle,low,none,Arcturus Systems 00080,Google,p0001,,True,0.0,0.0,0.0,0.0,0.0,0.0,0.0,0.0,0.0,0.0,evidence_localization_failure,
controlled_000081,llama3.1:8b,direct,Full Context,diagnostic_condition,full_context_condition,True,controlled,single_hop,entity,4000,middle,low,none,Arcturus Systems 00080,Arcturus Systems,p0001,p0001,True,0.0,0.8,1.0,1.0,0.0,0.8,1.0,1.0,1.0,1.0,answer_conversion_failure,
controlled_000081,llama3.1:8b,retrieve_then_read,Retrieved Evidence,diagnostic_condition,evidence_narrowed_condition,True,controlled,single_hop,entity,4000,middle,low,none,Arcturus Systems 00080,Arcturus Systems,p0001,p0001,True,0.0,0.8,1.0,1.0,0.0,0.8,1.0,1.0,1.0,1.0,answer_conversion_failure,
controlled_000081,llama3.1:8b,oracle,Oracle Evidence,diagnostic_baseline,oracle_evidence_upper_reference,True,controlled,single_hop,entity,4000,middle,low,none,Arcturus Systems 00080,Arcturus Systems,p0001,p0001,True,0.0,0.8,1.0,1.0,0.0,0.8,1.0,1.0,1.0,1.0,answer_conversion_failure,
controlled_000566,llama3.1:8b,no_evidence,No Evidence,diagnostic_baseline,question_only_lower_bound,True,controlled,multi_hop,entity,8000,scattered,medium,none,Zurich-00565,London,p0001;p0002,,True,0.0,0.0,0.0,0.0,0.0,0.0,0.0,0.0,0.0,0.0,evidence_localization_failure,
controlled_000566,llama3.1:8b,direct,Full Context,diagnostic_condition,full_context_condition,True,controlled,multi_hop,entity,8000,scattered,medium,none,Zurich-00565,Zurich-00565,p0001;p0002,p0002,True,1.0,1.0,1.0,1.0,1.0,1.0,1.0,0.5,0.6666666666666666,1.0,success,
controlled_000566,llama3.1:8b,retrieve_then_read,Retrieved Evidence,diagnostic_condition,evidence_narrowed_condition,True,controlled,multi_hop,entity,8000,scattered,medium,none,Zurich-00565,Zurich,p0001;p0002,p0002,True,0.0,0.0,1.0,1.0,0.0,0.0,1.0,0.5,0.6666666666666666,1.0,evidence_integration_failure,
controlled_000566,llama3.1:8b,oracle,Oracle Evidence,diagnostic_baseline,oracle_evidence_upper_reference,True,controlled,multi_hop,entity,8000,scattered,medium,none,Zurich-00565,Zurich-00565,p0001;p0002,p0002,True,1.0,1.0,1.0,1.0,1.0,1.0,1.0,0.5,0.6666666666666666,1.0,success,
controlled_000301,llama3.1:8b,no_evidence,No Evidence,diagnostic_baseline,question_only_lower_bound,True,controlled,single_hop,entity,4000,scattered,low,conflicting,Arcturus Systems 00300,Google,p0001,,True,0.0,0.0,0.0,0.0,0.0,0.0,0.0,0.0,0.0,0.0,evidence_localization_failure,
controlled_000301,llama3.1:8b,direct,Full Context,diagnostic_condition,full_context_condition,True,controlled,single_hop,entity,4000,scattered,low,conflicting,Arcturus Systems 00300,Arcturus Systems,p0001,p0001,True,0.0,0.8,1.0,1.0,0.0,0.8,1.0,1.0,1.0,1.0,answer_conversion_failure,
controlled_000301,llama3.1:8b,retrieve_then_read,Retrieved Evidence,diagnostic_condition,evidence_narrowed_condition,True,controlled,single_hop,entity,4000,scattered,low,conflicting,Arcturus Systems 00300,Arcturus Systems,p0001,p0001,True,0.0,0.8,1.0,1.0,0.0,0.8,1.0,1.0,1.0,1.0,answer_conversion_failure,
controlled_000301,llama3.1:8b,oracle,Oracle Evidence,diagnostic_baseline,oracle_evidence_upper_reference,True,controlled,single_hop,entity,4000,scattered,low,conflicting,Arcturus Systems 00300,Arcturus Systems 00300,p0001,p0001,True,1.0,1.0,1.0,1.0,1.0,1.0,1.0,1.0,1.0,1.0,success,
controlled_000850,llama3.1:8b,no_evidence,No Evidence,diagnostic_baseline,question_only_lower_bound,True,controlled,multi_hop,entity,16000,end,medium,high,Zurich-00849,London,p0001;p0002,,True,0.0,0.0,0.0,0.0,0.0,0.0,0.0,0.0,0.0,0.0,evidence_localization_failure,
controlled_000850,llama3.1:8b,direct,Full Context,diagnostic_condition,full_context_condition,True,controlled,multi_hop,entity,16000,end,medium,high,Zurich-00849,Zurich-00849,p0001;p0002,p0002,True,1.0,1.0,1.0,1.0,1.0,1.0,1.0,0.5,0.6666666666666666,1.0,success,
controlled_000850,llama3.1:8b,retrieve_then_read,Retrieved Evidence,diagnostic_condition,evidence_narrowed_condition,True,controlled,multi_hop,entity,16000,end,medium,high,Zurich-00849,Zurich,p0001;p0002,p0002,True,0.0,0.0,1.0,1.0,0.0,0.0,1.0,0.5,0.6666666666666666,1.0,evidence_integration_failure,
controlled_000850,llama3.1:8b,oracle,Oracle Evidence,diagnostic_baseline,oracle_evidence_upper_reference,True,controlled,multi_hop,entity,16000,end,medium,high,Zurich-00849,Zurich,p0001;p0002,p0002,True,0.0,0.0,1.0,1.0,0.0,0.0,1.0,0.5,0.6666666666666666,1.0,evidence_integration_failure,
controlled_000644,llama3.1:8b,no_evidence,No Evidence,diagnostic_baseline,question_only_lower_bound,True,controlled,single_hop,entity,16000,front,low,none,Arcturus Systems 00643,Google,p0001,,True,0.0,0.0,0.0,0.0,0.0,0.0,0.0,0.0,0.0,0.0,evidence_localization_failure,
controlled_000644,llama3.1:8b,direct,Full Context,diagnostic_condition,full_context_condition,True,controlled,single_hop,entity,16000,front,low,none,Arcturus Systems 00643,archive,p0001,,True,0.0,0.0,0.0,0.0,0.0,0.0,0.0,0.0,0.0,0.0,evidence_localization_failure,
controlled_000644,llama3.1:8b,retrieve_then_read,Retrieved Evidence,diagnostic_condition,evidence_narrowed_condition,True,controlled,single_hop,entity,16000,front,low,none,Arcturus Systems 00643,Arcturus Systems,p0001,p0001,True,0.0,0.8,1.0,1.0,0.0,0.8,1.0,1.0,1.0,1.0,answer_conversion_failure,
controlled_000644,llama3.1:8b,oracle,Oracle Evidence,diagnostic_baseline,oracle_evidence_upper_reference,True,controlled,single_hop,entity,16000,front,low,none,Arcturus Systems 00643,Arcturus Systems,p0001,p0001,True,0.0,0.8,1.0,1.0,0.0,0.8,1.0,1.0,1.0,1.0,answer_conversion_failure,
controlled_000634,llama3.1:8b,no_evidence,No Evidence,diagnostic_baseline,question_only_lower_bound,True,controlled,comparison,entity,8000,scattered,medium,conflicting,Model Alpha 00633,BERT,p0001;p0002,,True,0.0,0.0,0.0,0.0,0.0,0.0,0.0,0.0,0.0,0.0,evidence_localization_failure,
controlled_000634,llama3.1:8b,direct,Full Context,diagnostic_condition,full_context_condition,True,controlled,comparison,entity,8000,scattered,medium,conflicting,Model Alpha 00633,Model Beta 00633,p0001;p0002,p0003;p0002,True,0.0,0.6666666666666666,0.0,0.5,0.0,0.6666666666666666,0.5,0.5,0.5,1.0,evidence_integration_failure,
controlled_000634,llama3.1:8b,retrieve_then_read,Retrieved Evidence,diagnostic_condition,evidence_narrowed_condition,True,controlled,comparison,entity,8000,scattered,medium,conflicting,Model Alpha 00633,Model Beta 00633,p0001;p0002,p0002;p0003,True,0.0,0.6666666666666666,0.0,0.5,0.0,0.6666666666666666,0.5,0.5,0.5,1.0,evidence_integration_failure,
controlled_000634,llama3.1:8b,oracle,Oracle Evidence,diagnostic_baseline,oracle_evidence_upper_reference,True,controlled,comparison,entity,8000,scattered,medium,conflicting,Model Alpha 00633,Model Alpha 00633,p0001;p0002,p0001;p0002,True,1.0,1.0,1.0,1.0,1.0,1.0,1.0,1.0,1.0,1.0,success,
controlled_000883,llama3.1:8b,no_evidence,No Evidence,diagnostic_baseline,question_only_lower_bound,True,controlled,single_hop,entity,16000,scattered,low,none,Arcturus Systems 00882,Google,p0001,,True,0.0,0.0,0.0,0.0,0.0,0.0,0.0,0.0,0.0,0.0,evidence_localization_failure,
controlled_000883,llama3.1:8b,direct,Full Context,diagnostic_condition,full_context_condition,True,controlled,single_hop,entity,16000,scattered,low,none,Arcturus Systems 00882,NovaMind-00882 was acquired by <company name>,p0001,p0001,True,0.0,0.0,0.0,0.0,0.0,0.0,1.0,1.0,1.0,1.0,answer_conversion_failure,
controlled_000883,llama3.1:8b,retrieve_then_read,Retrieved Evidence,diagnostic_condition,evidence_narrowed_condition,True,controlled,single_hop,entity,16000,scattered,low,none,Arcturus Systems 00882,Arcturus Systems,p0001,p0001,True,0.0,0.8,1.0,1.0,0.0,0.8,1.0,1.0,1.0,1.0,answer_conversion_failure,
controlled_000883,llama3.1:8b,oracle,Oracle Evidence,diagnostic_baseline,oracle_evidence_upper_reference,True,controlled,single_hop,entity,16000,scattered,low,none,Arcturus Systems 00882,Arcturus Systems,p0001,p0001,True,0.0,0.8,1.0,1.0,0.0,0.8,1.0,1.0,1.0,1.0,answer_conversion_failure,
controlled_000371,llama3.1:8b,no_evidence,No Evidence,diagnostic_baseline,question_only_lower_bound,True,controlled,comparison,entity,8000,front,medium,high,Model Alpha 00370,BERT,p0001;p0002,,True,0.0,0.0,0.0,0.0,0.0,0.0,0.0,0.0,0.0,0.0,evidence_localization_failure,
controlled_000371,llama3.1:8b,direct,Full Context,diagnostic_condition,full_context_condition,True,controlled,comparison,entity,8000,front,medium,high,Model Alpha 00370,Model Beta,p0001;p0002,p0002;p0003,True,0.0,0.4,0.0,0.5,0.0,0.4,0.5,0.5,0.5,1.0,evidence_integration_failure,
controlled_000371,llama3.1:8b,retrieve_then_read,Retrieved Evidence,diagnostic_condition,evidence_narrowed_condition,True,controlled,comparison,entity,8000,front,medium,high,Model Alpha 00370,Model Alpha,p0001;p0002,p0001,True,0.0,0.8,1.0,1.0,0.0,0.8,1.0,0.5,0.6666666666666666,1.0,evidence_integration_failure,
controlled_000371,llama3.1:8b,oracle,Oracle Evidence,diagnostic_baseline,oracle_evidence_upper_reference,True,controlled,comparison,entity,8000,front,medium,high,Model Alpha 00370,Model Alpha 00370,p0001;p0002,p0001;p0002,True,1.0,1.0,1.0,1.0,1.0,1.0,1.0,1.0,1.0,1.0,success,
controlled_000592,llama3.1:8b,no_evidence,No Evidence,diagnostic_baseline,question_only_lower_bound,True,controlled,comparison,entity,8000,scattered,medium,low,Model Alpha 00591,BERT,p0001;p0002,,True,0.0,0.0,0.0,0.0,0.0,0.0,0.0,0.0,0.0,0.0,evidence_localization_failure,
controlled_000592,llama3.1:8b,direct,Full Context,diagnostic_condition,full_context_condition,True,controlled,comparison,entity,8000,scattered,medium,low,Model Alpha 00591,Model Alpha,p0001;p0002,p0001,True,0.0,0.8,1.0,1.0,0.0,0.8,1.0,0.5,0.6666666666666666,1.0,evidence_integration_failure,
controlled_000592,llama3.1:8b,retrieve_then_read,Retrieved Evidence,diagnostic_condition,evidence_narrowed_condition,True,controlled,comparison,entity,8000,scattered,medium,low,Model Alpha 00591,Model Alpha,p0001;p0002,p0001;p0002,True,0.0,0.8,1.0,1.0,0.0,0.8,1.0,1.0,1.0,1.0,answer_conversion_failure,
controlled_000592,llama3.1:8b,oracle,Oracle Evidence,diagnostic_baseline,oracle_evidence_upper_reference,True,controlled,comparison,entity,8000,scattered,medium,low,Model Alpha 00591,Model Alpha 00591,p0001;p0002,p0001;p0002,True,1.0,1.0,1.0,1.0,1.0,1.0,1.0,1.0,1.0,1.0,success,
controlled_000197,llama3.1:8b,no_evidence,No Evidence,diagnostic_baseline,question_only_lower_bound,True,controlled,arithmetic,number,4000,end,medium,low,646,100,p0001;p0002,,True,0.0,0.0,0.0,0.0,0.0,0.0,0.0,0.0,0.0,0.0,evidence_localization_failure,
controlled_000197,llama3.1:8b,direct,Full Context,diagnostic_condition,full_context_condition,True,controlled,arithmetic,number,4000,end,medium,low,646,646,p0001;p0002,p0001;p0002,True,1.0,1.0,1.0,1.0,1.0,1.0,1.0,1.0,1.0,1.0,success,
controlled_000197,llama3.1:8b,retrieve_then_read,Retrieved Evidence,diagnostic_condition,evidence_narrowed_condition,True,controlled,arithmetic,number,4000,end,medium,low,646,646,p0001;p0002,p0001,True,1.0,1.0,1.0,1.0,1.0,1.0,1.0,0.5,0.6666666666666666,1.0,success,
controlled_000197,llama3.1:8b,oracle,Oracle Evidence,diagnostic_baseline,oracle_evidence_upper_reference,True,controlled,arithmetic,number,4000,end,medium,low,646,646,p0001;p0002,p0001;p0002,True,1.0,1.0,1.0,1.0,1.0,1.0,1.0,1.0,1.0,1.0,success,
controlled_000722,llama3.1:8b,no_evidence,No Evidence,diagnostic_baseline,question_only_lower_bound,True,controlled,single_hop,entity,16000,middle,low,none,Arcturus Systems 00721,Google,p0001,,True,0.0,0.0,0.0,0.0,0.0,0.0,0.0,0.0,0.0,0.0,evidence_localization_failure,
controlled_000722,llama3.1:8b,direct,Full Context,diagnostic_condition,full_context_condition,True,controlled,single_hop,entity,16000,middle,low,none,Arcturus Systems 00721,archive,p0001,p0001,True,0.0,0.0,0.0,0.0,0.0,0.0,1.0,1.0,1.0,1.0,answer_conversion_failure,
controlled_000722,llama3.1:8b,retrieve_then_read,Retrieved Evidence,diagnostic_condition,evidence_narrowed_condition,True,controlled,single_hop,entity,16000,middle,low,none,Arcturus Systems 00721,Arcturus Systems,p0001,p0001,True,0.0,0.8,1.0,1.0,0.0,0.8,1.0,1.0,1.0,1.0,answer_conversion_failure,
controlled_000722,llama3.1:8b,oracle,Oracle Evidence,diagnostic_baseline,oracle_evidence_upper_reference,True,controlled,single_hop,entity,16000,middle,low,none,Arcturus Systems 00721,Arcturus Systems 00721,p0001,p0001,True,1.0,1.0,1.0,1.0,1.0,1.0,1.0,1.0,1.0,1.0,success,
controlled_000072,llama3.1:8b,no_evidence,No Evidence,diagnostic_baseline,question_only_lower_bound,True,controlled,comparison,entity,4000,front,medium,conflicting,Model Alpha 00071,BERT,p0001;p0002,,True,0.0,0.0,0.0,0.0,0.0,0.0,0.0,0.0,0.0,0.0,evidence_localization_failure,
controlled_000072,llama3.1:8b,direct,Full Context,diagnostic_condition,full_context_condition,True,controlled,comparison,entity,4000,front,medium,conflicting,Model Alpha 00071,Model Beta,p0001;p0002,p0003,True,0.0,0.4,0.0,0.5,0.0,0.4,0.0,0.0,0.0,0.0,evidence_selection_failure,
controlled_000072,llama3.1:8b,retrieve_then_read,Retrieved Evidence,diagnostic_condition,evidence_narrowed_condition,True,controlled,comparison,entity,4000,front,medium,conflicting,Model Alpha 00071,Model Beta,p0001;p0002,p0003,True,0.0,0.4,0.0,0.5,0.0,0.4,0.0,0.0,0.0,0.0,evidence_selection_failure,
controlled_000072,llama3.1:8b,oracle,Oracle Evidence,diagnostic_baseline,oracle_evidence_upper_reference,True,controlled,comparison,entity,4000,front,medium,conflicting,Model Alpha 00071,Model Alpha 00071,p0001;p0002,p0001;p0002,True,1.0,1.0,1.0,1.0,1.0,1.0,1.0,1.0,1.0,1.0,success,
controlled_000047,llama3.1:8b,no_evidence,No Evidence,diagnostic_baseline,question_only_lower_bound,True,controlled,multi_hop,entity,4000,front,medium,high,Zurich-00046,London,p0001;p0002,,True,0.0,0.0,0.0,0.0,0.0,0.0,0.0,0.0,0.0,0.0,evidence_localization_failure,
controlled_000047,llama3.1:8b,direct,Full Context,diagnostic_condition,full_context_condition,True,controlled,multi_hop,entity,4000,front,medium,high,Zurich-00046,Zurich,p0001;p0002,p0002,True,0.0,0.0,1.0,1.0,0.0,0.0,1.0,0.5,0.6666666666666666,1.0,evidence_integration_failure,
controlled_000047,llama3.1:8b,retrieve_then_read,Retrieved Evidence,diagnostic_condition,evidence_narrowed_condition,True,controlled,multi_hop,entity,4000,front,medium,high,Zurich-00046,Zurich,p0001;p0002,p0002;p0003,True,0.0,0.0,1.0,1.0,0.0,0.0,0.5,0.5,0.5,1.0,evidence_integration_failure,
controlled_000047,llama3.1:8b,oracle,Oracle Evidence,diagnostic_baseline,oracle_evidence_upper_reference,True,controlled,multi_hop,entity,4000,front,medium,high,Zurich-00046,Zurich,p0001;p0002,p0002,True,0.0,0.0,1.0,1.0,0.0,0.0,1.0,0.5,0.6666666666666666,1.0,evidence_integration_failure,
controlled_000678,llama3.1:8b,no_evidence,No Evidence,diagnostic_baseline,question_only_lower_bound,True,controlled,arithmetic,number,16000,front,medium,low,559,1000,p0001;p0002,,True,0.0,0.0,0.0,0.0,0.0,0.0,0.0,0.0,0.0,0.0,evidence_localization_failure,
controlled_000678,llama3.1:8b,direct,Full Context,diagnostic_condition,full_context_condition,True,controlled,arithmetic,number,16000,front,medium,low,559,1000,p0001;p0002,p0002;p0003,True,0.0,0.0,0.0,0.0,0.0,0.0,0.5,0.5,0.5,1.0,evidence_integration_failure,
controlled_000678,llama3.1:8b,retrieve_then_read,Retrieved Evidence,diagnostic_condition,evidence_narrowed_condition,True,controlled,arithmetic,number,16000,front,medium,low,559,559,p0001;p0002,p0001;p0002,True,1.0,1.0,1.0,1.0,1.0,1.0,1.0,1.0,1.0,1.0,success,
controlled_000678,llama3.1:8b,oracle,Oracle Evidence,diagnostic_baseline,oracle_evidence_upper_reference,True,controlled,arithmetic,number,16000,front,medium,low,559,559,p0001;p0002,p0001;p0002,True,1.0,1.0,1.0,1.0,1.0,1.0,1.0,1.0,1.0,1.0,success,
controlled_000234,llama3.1:8b,no_evidence,No Evidence,diagnostic_baseline,question_only_lower_bound,True,controlled,comparison,entity,4000,end,medium,conflicting,Model Alpha 00233,BERT,p0001;p0002,,True,0.0,0.0,0.0,0.0,0.0,0.0,0.0,0.0,0.0,0.0,evidence_localization_failure,
controlled_000234,llama3.1:8b,direct,Full Context,diagnostic_condition,full_context_condition,True,controlled,comparison,entity,4000,end,medium,conflicting,Model Alpha 00233,Model Alpha,p0001;p0002,p0001;p0002,True,0.0,0.8,1.0,1.0,0.0,0.8,1.0,1.0,1.0,1.0,answer_conversion_failure,
controlled_000234,llama3.1:8b,retrieve_then_read,Retrieved Evidence,diagnostic_condition,evidence_narrowed_condition,True,controlled,comparison,entity,4000,end,medium,conflicting,Model Alpha 00233,Model Beta,p0001;p0002,p0003,True,0.0,0.4,0.0,0.5,0.0,0.4,0.0,0.0,0.0,0.0,evidence_selection_failure,
controlled_000234,llama3.1:8b,oracle,Oracle Evidence,diagnostic_baseline,oracle_evidence_upper_reference,True,controlled,comparison,entity,4000,end,medium,conflicting,Model Alpha 00233,Model Alpha 00233,p0001;p0002,p0001;p0002,True,1.0,1.0,1.0,1.0,1.0,1.0,1.0,1.0,1.0,1.0,success,
controlled_000792,llama3.1:8b,no_evidence,No Evidence,diagnostic_baseline,question_only_lower_bound,True,controlled,comparison,entity,16000,middle,medium,conflicting,Model Alpha 00791,BERT,p0001;p0002,,True,0.0,0.0,0.0,0.0,0.0,0.0,0.0,0.0,0.0,0.0,evidence_localization_failure,
controlled_000792,llama3.1:8b,direct,Full Context,diagnostic_condition,full_context_condition,True,controlled,comparison,entity,16000,middle,medium,conflicting,Model Alpha 00791,Model 2,p0001;p0002,p0001,True,0.0,0.4,0.0,0.5,0.0,0.4,1.0,0.5,0.6666666666666666,1.0,evidence_integration_failure,
controlled_000792,llama3.1:8b,retrieve_then_read,Retrieved Evidence,diagnostic_condition,evidence_narrowed_condition,True,controlled,comparison,entity,16000,middle,medium,conflicting,Model Alpha 00791,Model Alpha 00791,p0001;p0002,p0001,True,1.0,1.0,1.0,1.0,1.0,1.0,1.0,0.5,0.6666666666666666,1.0,success,
controlled_000792,llama3.1:8b,oracle,Oracle Evidence,diagnostic_baseline,oracle_evidence_upper_reference,True,controlled,comparison,entity,16000,middle,medium,conflicting,Model Alpha 00791,Model Alpha 00791,p0001;p0002,p0001,True,1.0,1.0,1.0,1.0,1.0,1.0,1.0,0.5,0.6666666666666666,1.0,success,
controlled_000297,llama3.1:8b,no_evidence,No Evidence,diagnostic_baseline,question_only_lower_bound,True,controlled,arithmetic,number,4000,scattered,medium,high,456,1000,p0001;p0002,,True,0.0,0.0,0.0,0.0,0.0,0.0,0.0,0.0,0.0,0.0,evidence_localization_failure,
controlled_000297,llama3.1:8b,direct,Full Context,diagnostic_condition,full_context_condition,True,controlled,arithmetic,number,4000,scattered,medium,high,456,456,p0001;p0002,p0001,True,1.0,1.0,1.0,1.0,1.0,1.0,1.0,0.5,0.6666666666666666,1.0,success,
controlled_000297,llama3.1:8b,retrieve_then_read,Retrieved Evidence,diagnostic_condition,evidence_narrowed_condition,True,controlled,arithmetic,number,4000,scattered,medium,high,456,456,p0001;p0002,p0001,True,1.0,1.0,1.0,1.0,1.0,1.0,1.0,0.5,0.6666666666666666,1.0,success,
controlled_000297,llama3.1:8b,oracle,Oracle Evidence,diagnostic_baseline,oracle_evidence_upper_reference,True,controlled,arithmetic,number,4000,scattered,medium,high,456,456,p0001;p0002,p0001;p0002,True,1.0,1.0,1.0,1.0,1.0,1.0,1.0,1.0,1.0,1.0,success,
controlled_000082,llama3.1:8b,no_evidence,No Evidence,diagnostic_baseline,question_only_lower_bound,True,controlled,single_hop,entity,4000,middle,low,none,Arcturus Systems 00081,Google,p0001,,True,0.0,0.0,0.0,0.0,0.0,0.0,0.0,0.0,0.0,0.0,evidence_localization_failure,
controlled_000082,llama3.1:8b,direct,Full Context,diagnostic_condition,full_context_condition,True,controlled,single_hop,entity,4000,middle,low,none,Arcturus Systems 00081,Arcturus Systems,p0001,p0001,True,0.0,0.8,1.0,1.0,0.0,0.8,1.0,1.0,1.0,1.0,answer_conversion_failure,
controlled_000082,llama3.1:8b,retrieve_then_read,Retrieved Evidence,diagnostic_condition,evidence_narrowed_condition,True,controlled,single_hop,entity,4000,middle,low,none,Arcturus Systems 00081,Arcturus Systems,p0001,p0001,True,0.0,0.8,1.0,1.0,0.0,0.8,1.0,1.0,1.0,1.0,answer_conversion_failure,
controlled_000082,llama3.1:8b,oracle,Oracle Evidence,diagnostic_baseline,oracle_evidence_upper_reference,True,controlled,single_hop,entity,4000,middle,low,none,Arcturus Systems 00081,Arcturus Systems,p0001,p0001,True,0.0,0.8,1.0,1.0,0.0,0.8,1.0,1.0,1.0,1.0,answer_conversion_failure,
controlled_000876,llama3.1:8b,no_evidence,No Evidence,diagnostic_baseline,question_only_lower_bound,True,controlled,arithmetic,number,16000,end,medium,conflicting,599,1000,p0001;p0002,,True,0.0,0.0,0.0,0.0,0.0,0.0,0.0,0.0,0.0,0.0,evidence_localization_failure,
controlled_000876,llama3.1:8b,direct,Full Context,diagnostic_condition,full_context_condition,True,controlled,arithmetic,number,16000,end,medium,conflicting,599,599,p0001;p0002,p0002;p0001,True,1.0,1.0,1.0,1.0,1.0,1.0,1.0,1.0,1.0,1.0,success,
controlled_000876,llama3.1:8b,retrieve_then_read,Retrieved Evidence,diagnostic_condition,evidence_narrowed_condition,True,controlled,arithmetic,number,16000,end,medium,conflicting,599,599,p0001;p0002,p0001;p0002,True,1.0,1.0,1.0,1.0,1.0,1.0,1.0,1.0,1.0,1.0,success,
controlled_000876,llama3.1:8b,oracle,Oracle Evidence,diagnostic_baseline,oracle_evidence_upper_reference,True,controlled,arithmetic,number,16000,end,medium,conflicting,599,599,p0001;p0002,p0001;p0002,True,1.0,1.0,1.0,1.0,1.0,1.0,1.0,1.0,1.0,1.0,success,
controlled_000939,llama3.1:8b,no_evidence,No Evidence,diagnostic_baseline,question_only_lower_bound,True,controlled,arithmetic,number,16000,scattered,medium,high,464,1000,p0001;p0002,,True,0.0,0.0,0.0,0.0,0.0,0.0,0.0,0.0,0.0,0.0,evidence_localization_failure,
controlled_000939,llama3.1:8b,direct,Full Context,diagnostic_condition,full_context_condition,True,controlled,arithmetic,number,16000,scattered,medium,high,464,193,p0001;p0002,p0001,True,0.0,0.0,0.0,0.0,0.0,0.0,1.0,0.5,0.6666666666666666,1.0,evidence_integration_failure,
controlled_000939,llama3.1:8b,retrieve_then_read,Retrieved Evidence,diagnostic_condition,evidence_narrowed_condition,True,controlled,arithmetic,number,16000,scattered,medium,high,464,464,p0001;p0002,p0001;p0002,True,1.0,1.0,1.0,1.0,1.0,1.0,1.0,1.0,1.0,1.0,success,
controlled_000939,llama3.1:8b,oracle,Oracle Evidence,diagnostic_baseline,oracle_evidence_upper_reference,True,controlled,arithmetic,number,16000,scattered,medium,high,464,464,p0001;p0002,p0001;p0002,True,1.0,1.0,1.0,1.0,1.0,1.0,1.0,1.0,1.0,1.0,success,
controlled_000104,llama3.1:8b,no_evidence,No Evidence,diagnostic_baseline,question_only_lower_bound,True,controlled,single_hop,entity,4000,middle,low,low,Arcturus Systems 00103,Google,p0001,,True,0.0,0.0,0.0,0.0,0.0,0.0,0.0,0.0,0.0,0.0,evidence_localization_failure,
controlled_000104,llama3.1:8b,direct,Full Context,diagnostic_condition,full_context_condition,True,controlled,single_hop,entity,4000,middle,low,low,Arcturus Systems 00103,Arcturus Systems,p0001,p0001,True,0.0,0.8,1.0,1.0,0.0,0.8,1.0,1.0,1.0,1.0,answer_conversion_failure,
controlled_000104,llama3.1:8b,retrieve_then_read,Retrieved Evidence,diagnostic_condition,evidence_narrowed_condition,True,controlled,single_hop,entity,4000,middle,low,low,Arcturus Systems 00103,Arcturus Systems,p0001,p0001,True,0.0,0.8,1.0,1.0,0.0,0.8,1.0,1.0,1.0,1.0,answer_conversion_failure,
controlled_000104,llama3.1:8b,oracle,Oracle Evidence,diagnostic_baseline,oracle_evidence_upper_reference,True,controlled,single_hop,entity,4000,middle,low,low,Arcturus Systems 00103,Arcturus Systems 00103,p0001,p0001,True,1.0,1.0,1.0,1.0,1.0,1.0,1.0,1.0,1.0,1.0,success,
controlled_000908,llama3.1:8b,no_evidence,No Evidence,diagnostic_baseline,question_only_lower_bound,True,controlled,multi_hop,entity,16000,scattered,medium,low,Zurich-00907,London,p0001;p0002,,True,0.0,0.0,0.0,0.0,0.0,0.0,0.0,0.0,0.0,0.0,evidence_localization_failure,
controlled_000908,llama3.1:8b,direct,Full Context,diagnostic_condition,full_context_condition,True,controlled,multi_hop,entity,16000,scattered,medium,low,Zurich-00907,Zurich,p0001;p0002,p0001,True,0.0,0.0,1.0,1.0,0.0,0.0,1.0,0.5,0.6666666666666666,1.0,evidence_integration_failure,
controlled_000908,llama3.1:8b,retrieve_then_read,Retrieved Evidence,diagnostic_condition,evidence_narrowed_condition,True,controlled,multi_hop,entity,16000,scattered,medium,low,Zurich-00907,Zurich,p0001;p0002,p0002,True,0.0,0.0,1.0,1.0,0.0,0.0,1.0,0.5,0.6666666666666666,1.0,evidence_integration_failure,
controlled_000908,llama3.1:8b,oracle,Oracle Evidence,diagnostic_baseline,oracle_evidence_upper_reference,True,controlled,multi_hop,entity,16000,scattered,medium,low,Zurich-00907,Zurich-00907,p0001;p0002,p0002,True,1.0,1.0,1.0,1.0,1.0,1.0,1.0,0.5,0.6666666666666666,1.0,success,
controlled_000915,llama3.1:8b,no_evidence,No Evidence,diagnostic_baseline,question_only_lower_bound,True,controlled,comparison,entity,16000,scattered,medium,low,Model Alpha 00914,BERT,p0001;p0002,,True,0.0,0.0,0.0,0.0,0.0,0.0,0.0,0.0,0.0,0.0,evidence_localization_failure,
controlled_000915,llama3.1:8b,direct,Full Context,diagnostic_condition,full_context_condition,True,controlled,comparison,entity,16000,scattered,medium,low,Model Alpha 00914,Model B,p0001;p0002,p0001,True,0.0,0.4,0.0,0.5,0.0,0.4,1.0,0.5,0.6666666666666666,1.0,evidence_integration_failure,
controlled_000915,llama3.1:8b,retrieve_then_read,Retrieved Evidence,diagnostic_condition,evidence_narrowed_condition,True,controlled,comparison,entity,16000,scattered,medium,low,Model Alpha 00914,Model Alpha,p0001;p0002,p0001,True,0.0,0.8,1.0,1.0,0.0,0.8,1.0,0.5,0.6666666666666666,1.0,evidence_integration_failure,
controlled_000915,llama3.1:8b,oracle,Oracle Evidence,diagnostic_baseline,oracle_evidence_upper_reference,True,controlled,comparison,entity,16000,scattered,medium,low,Model Alpha 00914,Model Alpha 00914,p0001;p0002,p0001;p0002,True,1.0,1.0,1.0,1.0,1.0,1.0,1.0,1.0,1.0,1.0,success,
controlled_000465,llama3.1:8b,no_evidence,No Evidence,diagnostic_baseline,question_only_lower_bound,True,controlled,single_hop,entity,8000,middle,low,conflicting,Arcturus Systems 00464,Google,p0001,,True,0.0,0.0,0.0,0.0,0.0,0.0,0.0,0.0,0.0,0.0,evidence_localization_failure,
controlled_000465,llama3.1:8b,direct,Full Context,diagnostic_condition,full_context_condition,True,controlled,single_hop,entity,8000,middle,low,conflicting,Arcturus Systems 00464,Arcturus Systems,p0001,p0001,True,0.0,0.8,1.0,1.0,0.0,0.8,1.0,1.0,1.0,1.0,answer_conversion_failure,
controlled_000465,llama3.1:8b,retrieve_then_read,Retrieved Evidence,diagnostic_condition,evidence_narrowed_condition,True,controlled,single_hop,entity,8000,middle,low,conflicting,Arcturus Systems 00464,Arcturus Systems,p0001,p0001,True,0.0,0.8,1.0,1.0,0.0,0.8,1.0,1.0,1.0,1.0,answer_conversion_failure,
controlled_000465,llama3.1:8b,oracle,Oracle Evidence,diagnostic_baseline,oracle_evidence_upper_reference,True,controlled,single_hop,entity,8000,middle,low,conflicting,Arcturus Systems 00464,Arcturus Systems,p0001,p0001,True,0.0,0.8,1.0,1.0,0.0,0.8,1.0,1.0,1.0,1.0,answer_conversion_failure,
controlled_000651,llama3.1:8b,no_evidence,No Evidence,diagnostic_baseline,question_only_lower_bound,True,controlled,comparison,entity,16000,front,medium,none,Model Alpha 00650,BERT,p0001;p0002,,True,0.0,0.0,0.0,0.0,0.0,0.0,0.0,0.0,0.0,0.0,evidence_localization_failure,
controlled_000651,llama3.1:8b,direct,Full Context,diagnostic_condition,full_context_condition,True,controlled,comparison,entity,16000,front,medium,none,Model Alpha 00650,BERT,p0001;p0002,,True,0.0,0.0,0.0,0.0,0.0,0.0,0.0,0.0,0.0,0.0,evidence_localization_failure,
controlled_000651,llama3.1:8b,retrieve_then_read,Retrieved Evidence,diagnostic_condition,evidence_narrowed_condition,True,controlled,comparison,entity,16000,front,medium,none,Model Alpha 00650,Model Alpha,p0001;p0002,p0001,True,0.0,0.8,1.0,1.0,0.0,0.8,1.0,0.5,0.6666666666666666,1.0,evidence_integration_failure,
controlled_000651,llama3.1:8b,oracle,Oracle Evidence,diagnostic_baseline,oracle_evidence_upper_reference,True,controlled,comparison,entity,16000,front,medium,none,Model Alpha 00650,Model Alpha 00650,p0001;p0002,p0001;p0002,True,1.0,1.0,1.0,1.0,1.0,1.0,1.0,1.0,1.0,1.0,success,
controlled_000855,llama3.1:8b,no_evidence,No Evidence,diagnostic_baseline,question_only_lower_bound,True,controlled,comparison,entity,16000,end,medium,high,Model Alpha 00854,BERT,p0001;p0002,,True,0.0,0.0,0.0,0.0,0.0,0.0,0.0,0.0,0.0,0.0,evidence_localization_failure,
controlled_000855,llama3.1:8b,direct,Full Context,diagnostic_condition,full_context_condition,True,controlled,comparison,entity,16000,end,medium,high,Model Alpha 00854,Model Alpha 00854,p0001;p0002,p0001,True,1.0,1.0,1.0,1.0,1.0,1.0,1.0,0.5,0.6666666666666666,1.0,success,
controlled_000855,llama3.1:8b,retrieve_then_read,Retrieved Evidence,diagnostic_condition,evidence_narrowed_condition,True,controlled,comparison,entity,16000,end,medium,high,Model Alpha 00854,Model Alpha,p0001;p0002,p0001,True,0.0,0.8,1.0,1.0,0.0,0.8,1.0,0.5,0.6666666666666666,1.0,evidence_integration_failure,
controlled_000855,llama3.1:8b,oracle,Oracle Evidence,diagnostic_baseline,oracle_evidence_upper_reference,True,controlled,comparison,entity,16000,end,medium,high,Model Alpha 00854,Model Alpha 00854,p0001;p0002,p0001,True,1.0,1.0,1.0,1.0,1.0,1.0,1.0,0.5,0.6666666666666666,1.0,success,
controlled_000374,llama3.1:8b,no_evidence,No Evidence,diagnostic_baseline,question_only_lower_bound,True,controlled,comparison,entity,8000,front,medium,high,Model Alpha 00373,BERT,p0001;p0002,,True,0.0,0.0,0.0,0.0,0.0,0.0,0.0,0.0,0.0,0.0,evidence_localization_failure,
controlled_000374,llama3.1:8b,direct,Full Context,diagnostic_condition,full_context_condition,True,controlled,comparison,entity,8000,front,medium,high,Model Alpha 00373,Model Beta,p0001;p0002,p0002;p0003,True,0.0,0.4,0.0,0.5,0.0,0.4,0.5,0.5,0.5,1.0,evidence_integration_failure,
controlled_000374,llama3.1:8b,retrieve_then_read,Retrieved Evidence,diagnostic_condition,evidence_narrowed_condition,True,controlled,comparison,entity,8000,front,medium,high,Model Alpha 00373,Model Alpha,p0001;p0002,p0001,True,0.0,0.8,1.0,1.0,0.0,0.8,1.0,0.5,0.6666666666666666,1.0,evidence_integration_failure,
controlled_000374,llama3.1:8b,oracle,Oracle Evidence,diagnostic_baseline,oracle_evidence_upper_reference,True,controlled,comparison,entity,8000,front,medium,high,Model Alpha 00373,Model Alpha,p0001;p0002,p0001,True,0.0,0.8,1.0,1.0,0.0,0.8,1.0,0.5,0.6666666666666666,1.0,evidence_integration_failure,
controlled_000167,llama3.1:8b,no_evidence,No Evidence,diagnostic_baseline,question_only_lower_bound,True,controlled,multi_hop,entity,4000,end,medium,none,Zurich-00166,London,p0001;p0002,,True,0.0,0.0,0.0,0.0,0.0,0.0,0.0,0.0,0.0,0.0,evidence_localization_failure,
controlled_000167,llama3.1:8b,direct,Full Context,diagnostic_condition,full_context_condition,True,controlled,multi_hop,entity,4000,end,medium,none,Zurich-00166,Zurich-00166,p0001;p0002,p0002,True,1.0,1.0,1.0,1.0,1.0,1.0,1.0,0.5,0.6666666666666666,1.0,success,
controlled_000167,llama3.1:8b,retrieve_then_read,Retrieved Evidence,diagnostic_condition,evidence_narrowed_condition,True,controlled,multi_hop,entity,4000,end,medium,none,Zurich-00166,Zurich,p0001;p0002,p0002,True,0.0,0.0,1.0,1.0,0.0,0.0,1.0,0.5,0.6666666666666666,1.0,evidence_integration_failure,
controlled_000167,llama3.1:8b,oracle,Oracle Evidence,diagnostic_baseline,oracle_evidence_upper_reference,True,controlled,multi_hop,entity,4000,end,medium,none,Zurich-00166,Zurich,p0001;p0002,p0002,True,0.0,0.0,1.0,1.0,0.0,0.0,1.0,0.5,0.6666666666666666,1.0,evidence_integration_failure,
controlled_000380,llama3.1:8b,no_evidence,No Evidence,diagnostic_baseline,question_only_lower_bound,True,controlled,arithmetic,number,8000,front,medium,high,439,1000,p0001;p0002,,True,0.0,0.0,0.0,0.0,0.0,0.0,0.0,0.0,0.0,0.0,evidence_localization_failure,
controlled_000380,llama3.1:8b,direct,Full Context,diagnostic_condition,full_context_condition,True,controlled,arithmetic,number,8000,front,medium,high,439,439,p0001;p0002,p0001,True,1.0,1.0,1.0,1.0,1.0,1.0,1.0,0.5,0.6666666666666666,1.0,success,
controlled_000380,llama3.1:8b,retrieve_then_read,Retrieved Evidence,diagnostic_condition,evidence_narrowed_condition,True,controlled,arithmetic,number,8000,front,medium,high,439,439,p0001;p0002,p0001,True,1.0,1.0,1.0,1.0,1.0,1.0,1.0,0.5,0.6666666666666666,1.0,success,
controlled_000380,llama3.1:8b,oracle,Oracle Evidence,diagnostic_baseline,oracle_evidence_upper_reference,True,controlled,arithmetic,number,8000,front,medium,high,439,439,p0001;p0002,p0001;p0002,True,1.0,1.0,1.0,1.0,1.0,1.0,1.0,1.0,1.0,1.0,success,
controlled_000364,llama3.1:8b,no_evidence,No Evidence,diagnostic_baseline,question_only_lower_bound,True,controlled,single_hop,entity,8000,front,low,high,Arcturus Systems 00363,Google,p0001,,True,0.0,0.0,0.0,0.0,0.0,0.0,0.0,0.0,0.0,0.0,evidence_localization_failure,
controlled_000364,llama3.1:8b,direct,Full Context,diagnostic_condition,full_context_condition,True,controlled,single_hop,entity,8000,front,low,high,Arcturus Systems 00363,Arcturus Systems,p0001,p0001,True,0.0,0.8,1.0,1.0,0.0,0.8,1.0,1.0,1.0,1.0,answer_conversion_failure,
controlled_000364,llama3.1:8b,retrieve_then_read,Retrieved Evidence,diagnostic_condition,evidence_narrowed_condition,True,controlled,single_hop,entity,8000,front,low,high,Arcturus Systems 00363,Arcturus Systems,p0001,p0001,True,0.0,0.8,1.0,1.0,0.0,0.8,1.0,1.0,1.0,1.0,answer_conversion_failure,
controlled_000364,llama3.1:8b,oracle,Oracle Evidence,diagnostic_baseline,oracle_evidence_upper_reference,True,controlled,single_hop,entity,8000,front,low,high,Arcturus Systems 00363,Arcturus Systems 00363,p0001,p0001,True,1.0,1.0,1.0,1.0,1.0,1.0,1.0,1.0,1.0,1.0,success,
controlled_000215,llama3.1:8b,no_evidence,No Evidence,diagnostic_baseline,question_only_lower_bound,True,controlled,comparison,entity,4000,end,medium,high,Model Alpha 00214,BERT,p0001;p0002,,True,0.0,0.0,0.0,0.0,0.0,0.0,0.0,0.0,0.0,0.0,evidence_localization_failure,
controlled_000215,llama3.1:8b,direct,Full Context,diagnostic_condition,full_context_condition,True,controlled,comparison,entity,4000,end,medium,high,Model Alpha 00214,Model Alpha 00214,p0001;p0002,p0001,True,1.0,1.0,1.0,1.0,1.0,1.0,1.0,0.5,0.6666666666666666,1.0,success,
controlled_000215,llama3.1:8b,retrieve_then_read,Retrieved Evidence,diagnostic_condition,evidence_narrowed_condition,True,controlled,comparison,entity,4000,end,medium,high,Model Alpha 00214,Model Beta,p0001;p0002,p0002;p0003,True,0.0,0.4,0.0,0.5,0.0,0.4,0.5,0.5,0.5,1.0,evidence_integration_failure,
controlled_000215,llama3.1:8b,oracle,Oracle Evidence,diagnostic_baseline,oracle_evidence_upper_reference,True,controlled,comparison,entity,4000,end,medium,high,Model Alpha 00214,Model Alpha,p0001;p0002,p0001,True,0.0,0.8,1.0,1.0,0.0,0.8,1.0,0.5,0.6666666666666666,1.0,evidence_integration_failure,
controlled_000687,llama3.1:8b,no_evidence,No Evidence,diagnostic_baseline,question_only_lower_bound,True,controlled,multi_hop,entity,16000,front,medium,high,Zurich-00686,London,p0001;p0002,,True,0.0,0.0,0.0,0.0,0.0,0.0,0.0,0.0,0.0,0.0,evidence_localization_failure,
controlled_000687,llama3.1:8b,direct,Full Context,diagnostic_condition,full_context_condition,True,controlled,multi_hop,entity,16000,front,medium,high,Zurich-00686,Zurich,p0001;p0002,p0001,True,0.0,0.0,1.0,1.0,0.0,0.0,1.0,0.5,0.6666666666666666,1.0,evidence_integration_failure,
controlled_000687,llama3.1:8b,retrieve_then_read,Retrieved Evidence,diagnostic_condition,evidence_narrowed_condition,True,controlled,multi_hop,entity,16000,front,medium,high,Zurich-00686,Zurich,p0001;p0002,p0002,True,0.0,0.0,1.0,1.0,0.0,0.0,1.0,0.5,0.6666666666666666,1.0,evidence_integration_failure,
controlled_000687,llama3.1:8b,oracle,Oracle Evidence,diagnostic_baseline,oracle_evidence_upper_reference,True,controlled,multi_hop,entity,16000,front,medium,high,Zurich-00686,Zurich,p0001;p0002,p0002,True,0.0,0.0,1.0,1.0,0.0,0.0,1.0,0.5,0.6666666666666666,1.0,evidence_integration_failure,
controlled_000274,llama3.1:8b,no_evidence,No Evidence,diagnostic_baseline,question_only_lower_bound,True,controlled,comparison,entity,4000,scattered,medium,low,Model Alpha 00273,BERT,p0001;p0002,,True,0.0,0.0,0.0,0.0,0.0,0.0,0.0,0.0,0.0,0.0,evidence_localization_failure,
controlled_000274,llama3.1:8b,direct,Full Context,diagnostic_condition,full_context_condition,True,controlled,comparison,entity,4000,scattered,medium,low,Model Alpha 00273,Model Alpha,p0001;p0002,p0001,True,0.0,0.8,1.0,1.0,0.0,0.8,1.0,0.5,0.6666666666666666,1.0,evidence_integration_failure,
controlled_000274,llama3.1:8b,retrieve_then_read,Retrieved Evidence,diagnostic_condition,evidence_narrowed_condition,True,controlled,comparison,entity,4000,scattered,medium,low,Model Alpha 00273,Model Alpha,p0001;p0002,p0001,True,0.0,0.8,1.0,1.0,0.0,0.8,1.0,0.5,0.6666666666666666,1.0,evidence_integration_failure,
controlled_000274,llama3.1:8b,oracle,Oracle Evidence,diagnostic_baseline,oracle_evidence_upper_reference,True,controlled,comparison,entity,4000,scattered,medium,low,Model Alpha 00273,Model Alpha,p0001;p0002,p0001,True,0.0,0.8,1.0,1.0,0.0,0.8,1.0,0.5,0.6666666666666666,1.0,evidence_integration_failure,
controlled_000931,llama3.1:8b,no_evidence,No Evidence,diagnostic_baseline,question_only_lower_bound,True,controlled,comparison,entity,16000,scattered,medium,high,Model Alpha 00930,BERT,p0001;p0002,,True,0.0,0.0,0.0,0.0,0.0,0.0,0.0,0.0,0.0,0.0,evidence_localization_failure,
controlled_000931,llama3.1:8b,direct,Full Context,diagnostic_condition,full_context_condition,True,controlled,comparison,entity,16000,scattered,medium,high,Model Alpha 00930,Model 2,p0001;p0002,p0001,True,0.0,0.4,0.0,0.5,0.0,0.4,1.0,0.5,0.6666666666666666,1.0,evidence_integration_failure,
controlled_000931,llama3.1:8b,retrieve_then_read,Retrieved Evidence,diagnostic_condition,evidence_narrowed_condition,True,controlled,comparison,entity,16000,scattered,medium,high,Model Alpha 00930,Model Beta 00930,p0001;p0002,p0003;p0002,True,0.0,0.6666666666666666,0.0,0.5,0.0,0.6666666666666666,0.5,0.5,0.5,1.0,evidence_integration_failure,
controlled_000931,llama3.1:8b,oracle,Oracle Evidence,diagnostic_baseline,oracle_evidence_upper_reference,True,controlled,comparison,entity,16000,scattered,medium,high,Model Alpha 00930,Model Alpha 00930,p0001;p0002,p0001;p0002,True,1.0,1.0,1.0,1.0,1.0,1.0,1.0,1.0,1.0,1.0,success,
controlled_000700,llama3.1:8b,no_evidence,No Evidence,diagnostic_baseline,question_only_lower_bound,True,controlled,arithmetic,number,16000,front,medium,high,443,1000,p0001;p0002,,True,0.0,0.0,0.0,0.0,0.0,0.0,0.0,0.0,0.0,0.0,evidence_localization_failure,
controlled_000700,llama3.1:8b,direct,Full Context,diagnostic_condition,full_context_condition,True,controlled,arithmetic,number,16000,front,medium,high,443,1000,p0001;p0002,p0003,True,0.0,0.0,0.0,0.0,0.0,0.0,0.0,0.0,0.0,0.0,evidence_selection_failure,
controlled_000700,llama3.1:8b,retrieve_then_read,Retrieved Evidence,diagnostic_condition,evidence_narrowed_condition,True,controlled,arithmetic,number,16000,front,medium,high,443,443,p0001;p0002,p0001;p0002,True,1.0,1.0,1.0,1.0,1.0,1.0,1.0,1.0,1.0,1.0,success,
controlled_000700,llama3.1:8b,oracle,Oracle Evidence,diagnostic_baseline,oracle_evidence_upper_reference,True,controlled,arithmetic,number,16000,front,medium,high,443,443,p0001;p0002,p0001;p0002,True,1.0,1.0,1.0,1.0,1.0,1.0,1.0,1.0,1.0,1.0,success,
controlled_000664,llama3.1:8b,no_evidence,No Evidence,diagnostic_baseline,question_only_lower_bound,True,controlled,single_hop,entity,16000,front,low,low,Arcturus Systems 00663,Google,p0001,,True,0.0,0.0,0.0,0.0,0.0,0.0,0.0,0.0,0.0,0.0,evidence_localization_failure,
controlled_000664,llama3.1:8b,direct,Full Context,diagnostic_condition,full_context_condition,True,controlled,single_hop,entity,16000,front,low,low,Arcturus Systems 00663,archive,p0001,p0003,True,0.0,0.0,0.0,0.0,0.0,0.0,0.0,0.0,0.0,0.0,evidence_selection_failure,
controlled_000664,llama3.1:8b,retrieve_then_read,Retrieved Evidence,diagnostic_condition,evidence_narrowed_condition,True,controlled,single_hop,entity,16000,front,low,low,Arcturus Systems 00663,Arcturus Systems,p0001,p0001,True,0.0,0.8,1.0,1.0,0.0,0.8,1.0,1.0,1.0,1.0,answer_conversion_failure,
controlled_000664,llama3.1:8b,oracle,Oracle Evidence,diagnostic_baseline,oracle_evidence_upper_reference,True,controlled,single_hop,entity,16000,front,low,low,Arcturus Systems 00663,Arcturus Systems 00663,p0001,p0001,True,1.0,1.0,1.0,1.0,1.0,1.0,1.0,1.0,1.0,1.0,success,
controlled_000074,llama3.1:8b,no_evidence,No Evidence,diagnostic_baseline,question_only_lower_bound,True,controlled,comparison,entity,4000,front,medium,conflicting,Model Alpha 00073,BERT,p0001;p0002,,True,0.0,0.0,0.0,0.0,0.0,0.0,0.0,0.0,0.0,0.0,evidence_localization_failure,
controlled_000074,llama3.1:8b,direct,Full Context,diagnostic_condition,full_context_condition,True,controlled,comparison,entity,4000,front,medium,conflicting,Model Alpha 00073,Model Beta,p0001;p0002,p0003,True,0.0,0.4,0.0,0.5,0.0,0.4,0.0,0.0,0.0,0.0,evidence_selection_failure,
controlled_000074,llama3.1:8b,retrieve_then_read,Retrieved Evidence,diagnostic_condition,evidence_narrowed_condition,True,controlled,comparison,entity,4000,front,medium,conflicting,Model Alpha 00073,Model Beta,p0001;p0002,p0003,True,0.0,0.4,0.0,0.5,0.0,0.4,0.0,0.0,0.0,0.0,evidence_selection_failure,
controlled_000074,llama3.1:8b,oracle,Oracle Evidence,diagnostic_baseline,oracle_evidence_upper_reference,True,controlled,comparison,entity,4000,front,medium,conflicting,Model Alpha 00073,Model Alpha 00073,p0001;p0002,p0001;p0002,True,1.0,1.0,1.0,1.0,1.0,1.0,1.0,1.0,1.0,1.0,success,
controlled_000624,llama3.1:8b,no_evidence,No Evidence,diagnostic_baseline,question_only_lower_bound,True,controlled,single_hop,entity,8000,scattered,low,conflicting,Arcturus Systems 00623,Google,p0001,,True,0.0,0.0,0.0,0.0,0.0,0.0,0.0,0.0,0.0,0.0,evidence_localization_failure,
controlled_000624,llama3.1:8b,direct,Full Context,diagnostic_condition,full_context_condition,True,controlled,single_hop,entity,8000,scattered,low,conflicting,Arcturus Systems 00623,Arcturus Systems,p0001,p0001,True,0.0,0.8,1.0,1.0,0.0,0.8,1.0,1.0,1.0,1.0,answer_conversion_failure,
controlled_000624,llama3.1:8b,retrieve_then_read,Retrieved Evidence,diagnostic_condition,evidence_narrowed_condition,True,controlled,single_hop,entity,8000,scattered,low,conflicting,Arcturus Systems 00623,Arcturus Systems,p0001,p0001,True,0.0,0.8,1.0,1.0,0.0,0.8,1.0,1.0,1.0,1.0,answer_conversion_failure,
controlled_000624,llama3.1:8b,oracle,Oracle Evidence,diagnostic_baseline,oracle_evidence_upper_reference,True,controlled,single_hop,entity,8000,scattered,low,conflicting,Arcturus Systems 00623,Arcturus Systems 00623,p0001,p0001,True,1.0,1.0,1.0,1.0,1.0,1.0,1.0,1.0,1.0,1.0,success,
controlled_000870,llama3.1:8b,no_evidence,No Evidence,diagnostic_baseline,question_only_lower_bound,True,controlled,multi_hop,entity,16000,end,medium,conflicting,Zurich-00869,London,p0001;p0002,,True,0.0,0.0,0.0,0.0,0.0,0.0,0.0,0.0,0.0,0.0,evidence_localization_failure,
controlled_000870,llama3.1:8b,direct,Full Context,diagnostic_condition,full_context_condition,True,controlled,multi_hop,entity,16000,end,medium,conflicting,Zurich-00869,Zurich-00869,p0001;p0002,p0002,True,1.0,1.0,1.0,1.0,1.0,1.0,1.0,0.5,0.6666666666666666,1.0,success,
controlled_000870,llama3.1:8b,retrieve_then_read,Retrieved Evidence,diagnostic_condition,evidence_narrowed_condition,True,controlled,multi_hop,entity,16000,end,medium,conflicting,Zurich-00869,Zurich-00869,p0001;p0002,p0002,True,1.0,1.0,1.0,1.0,1.0,1.0,1.0,0.5,0.6666666666666666,1.0,success,
controlled_000870,llama3.1:8b,oracle,Oracle Evidence,diagnostic_baseline,oracle_evidence_upper_reference,True,controlled,multi_hop,entity,16000,end,medium,conflicting,Zurich-00869,Zurich-00869,p0001;p0002,p0002,True,1.0,1.0,1.0,1.0,1.0,1.0,1.0,0.5,0.6666666666666666,1.0,success,
controlled_000176,llama3.1:8b,no_evidence,No Evidence,diagnostic_baseline,question_only_lower_bound,True,controlled,arithmetic,number,4000,end,medium,none,418,1000,p0001;p0002,,True,0.0,0.0,0.0,0.0,0.0,0.0,0.0,0.0,0.0,0.0,evidence_localization_failure,
controlled_000176,llama3.1:8b,direct,Full Context,diagnostic_condition,full_context_condition,True,controlled,arithmetic,number,4000,end,medium,none,418,418,p0001;p0002,p0001,True,1.0,1.0,1.0,1.0,1.0,1.0,1.0,0.5,0.6666666666666666,1.0,success,
controlled_000176,llama3.1:8b,retrieve_then_read,Retrieved Evidence,diagnostic_condition,evidence_narrowed_condition,True,controlled,arithmetic,number,4000,end,medium,none,418,418,p0001;p0002,p0001;p0002,True,1.0,1.0,1.0,1.0,1.0,1.0,1.0,1.0,1.0,1.0,success,
controlled_000176,llama3.1:8b,oracle,Oracle Evidence,diagnostic_baseline,oracle_evidence_upper_reference,True,controlled,arithmetic,number,4000,end,medium,none,418,418,p0001;p0002,p0001;p0002,True,1.0,1.0,1.0,1.0,1.0,1.0,1.0,1.0,1.0,1.0,success,
controlled_000547,llama3.1:8b,no_evidence,No Evidence,diagnostic_baseline,question_only_lower_bound,True,controlled,multi_hop,entity,8000,end,medium,conflicting,Zurich-00546,London,p0001;p0002,,True,0.0,0.0,0.0,0.0,0.0,0.0,0.0,0.0,0.0,0.0,evidence_localization_failure,
controlled_000547,llama3.1:8b,direct,Full Context,diagnostic_condition,full_context_condition,True,controlled,multi_hop,entity,8000,end,medium,conflicting,Zurich-00546,Zurich-00546,p0001;p0002,p0002,True,1.0,1.0,1.0,1.0,1.0,1.0,1.0,0.5,0.6666666666666666,1.0,success,
controlled_000547,llama3.1:8b,retrieve_then_read,Retrieved Evidence,diagnostic_condition,evidence_narrowed_condition,True,controlled,multi_hop,entity,8000,end,medium,conflicting,Zurich-00546,Zurich,p0001;p0002,p0002,True,0.0,0.0,1.0,1.0,0.0,0.0,1.0,0.5,0.6666666666666666,1.0,evidence_integration_failure,
controlled_000547,llama3.1:8b,oracle,Oracle Evidence,diagnostic_baseline,oracle_evidence_upper_reference,True,controlled,multi_hop,entity,8000,end,medium,conflicting,Zurich-00546,Zurich,p0001;p0002,p0002,True,0.0,0.0,1.0,1.0,0.0,0.0,1.0,0.5,0.6666666666666666,1.0,evidence_integration_failure,
controlled_000747,llama3.1:8b,no_evidence,No Evidence,diagnostic_baseline,question_only_lower_bound,True,controlled,multi_hop,entity,16000,middle,medium,low,Zurich-00746,London,p0001;p0002,,True,0.0,0.0,0.0,0.0,0.0,0.0,0.0,0.0,0.0,0.0,evidence_localization_failure,
controlled_000747,llama3.1:8b,direct,Full Context,diagnostic_condition,full_context_condition,True,controlled,multi_hop,entity,16000,middle,medium,low,Zurich-00746,Zurich,p0001;p0002,p0001,True,0.0,0.0,1.0,1.0,0.0,0.0,1.0,0.5,0.6666666666666666,1.0,evidence_integration_failure,
controlled_000747,llama3.1:8b,retrieve_then_read,Retrieved Evidence,diagnostic_condition,evidence_narrowed_condition,True,controlled,multi_hop,entity,16000,middle,medium,low,Zurich-00746,Zurich-00746,p0001;p0002,p0002,True,1.0,1.0,1.0,1.0,1.0,1.0,1.0,0.5,0.6666666666666666,1.0,success,
controlled_000747,llama3.1:8b,oracle,Oracle Evidence,diagnostic_baseline,oracle_evidence_upper_reference,True,controlled,multi_hop,entity,16000,middle,medium,low,Zurich-00746,Zurich,p0001;p0002,p0002,True,0.0,0.0,1.0,1.0,0.0,0.0,1.0,0.5,0.6666666666666666,1.0,evidence_integration_failure,
controlled_000955,llama3.1:8b,no_evidence,No Evidence,diagnostic_baseline,question_only_lower_bound,True,controlled,comparison,entity,16000,scattered,medium,conflicting,Model Alpha 00954,BERT,p0001;p0002,,True,0.0,0.0,0.0,0.0,0.0,0.0,0.0,0.0,0.0,0.0,evidence_localization_failure,
controlled_000955,llama3.1:8b,direct,Full Context,diagnostic_condition,full_context_condition,True,controlled,comparison,entity,16000,scattered,medium,conflicting,Model Alpha 00954,Model B,p0001;p0002,p0001,True,0.0,0.4,0.0,0.5,0.0,0.4,1.0,0.5,0.6666666666666666,1.0,evidence_integration_failure,
controlled_000955,llama3.1:8b,retrieve_then_read,Retrieved Evidence,diagnostic_condition,evidence_narrowed_condition,True,controlled,comparison,entity,16000,scattered,medium,conflicting,Model Alpha 00954,Model Beta 00954,p0001;p0002,p0002;p0003,True,0.0,0.6666666666666666,0.0,0.5,0.0,0.6666666666666666,0.5,0.5,0.5,1.0,evidence_integration_failure,
controlled_000955,llama3.1:8b,oracle,Oracle Evidence,diagnostic_baseline,oracle_evidence_upper_reference,True,controlled,comparison,entity,16000,scattered,medium,conflicting,Model Alpha 00954,Model Alpha 00954,p0001;p0002,p0001,True,1.0,1.0,1.0,1.0,1.0,1.0,1.0,0.5,0.6666666666666666,1.0,success,
controlled_000168,llama3.1:8b,no_evidence,No Evidence,diagnostic_baseline,question_only_lower_bound,True,controlled,multi_hop,entity,4000,end,medium,none,Zurich-00167,London,p0001;p0002,,True,0.0,0.0,0.0,0.0,0.0,0.0,0.0,0.0,0.0,0.0,evidence_localization_failure,
controlled_000168,llama3.1:8b,direct,Full Context,diagnostic_condition,full_context_condition,True,controlled,multi_hop,entity,4000,end,medium,none,Zurich-00167,Zurich-00167,p0001;p0002,p0002,True,1.0,1.0,1.0,1.0,1.0,1.0,1.0,0.5,0.6666666666666666,1.0,success,
controlled_000168,llama3.1:8b,retrieve_then_read,Retrieved Evidence,diagnostic_condition,evidence_narrowed_condition,True,controlled,multi_hop,entity,4000,end,medium,none,Zurich-00167,Zurich,p0001;p0002,p0002,True,0.0,0.0,1.0,1.0,0.0,0.0,1.0,0.5,0.6666666666666666,1.0,evidence_integration_failure,
controlled_000168,llama3.1:8b,oracle,Oracle Evidence,diagnostic_baseline,oracle_evidence_upper_reference,True,controlled,multi_hop,entity,4000,end,medium,none,Zurich-00167,Zurich,p0001;p0002,p0002,True,0.0,0.0,1.0,1.0,0.0,0.0,1.0,0.5,0.6666666666666666,1.0,evidence_integration_failure,
controlled_000474,llama3.1:8b,no_evidence,No Evidence,diagnostic_baseline,question_only_lower_bound,True,controlled,comparison,entity,8000,middle,medium,conflicting,Model Alpha 00473,BERT,p0001;p0002,,True,0.0,0.0,0.0,0.0,0.0,0.0,0.0,0.0,0.0,0.0,evidence_localization_failure,
controlled_000474,llama3.1:8b,direct,Full Context,diagnostic_condition,full_context_condition,True,controlled,comparison,entity,8000,middle,medium,conflicting,Model Alpha 00473,Model Alpha 00473,p0001;p0002,p0001;p0002,True,1.0,1.0,1.0,1.0,1.0,1.0,1.0,1.0,1.0,1.0,success,
controlled_000474,llama3.1:8b,retrieve_then_read,Retrieved Evidence,diagnostic_condition,evidence_narrowed_condition,True,controlled,comparison,entity,8000,middle,medium,conflicting,Model Alpha 00473,Model Beta 00473,p0001;p0002,p0003,True,0.0,0.6666666666666666,0.0,0.5,0.0,0.6666666666666666,0.0,0.0,0.0,0.0,evidence_selection_failure,
controlled_000474,llama3.1:8b,oracle,Oracle Evidence,diagnostic_baseline,oracle_evidence_upper_reference,True,controlled,comparison,entity,8000,middle,medium,conflicting,Model Alpha 00473,Model Alpha 00473,p0001;p0002,p0001,True,1.0,1.0,1.0,1.0,1.0,1.0,1.0,0.5,0.6666666666666666,1.0,success,
controlled_000389,llama3.1:8b,no_evidence,No Evidence,diagnostic_baseline,question_only_lower_bound,True,controlled,multi_hop,entity,8000,front,medium,conflicting,Zurich-00388,London,p0001;p0002,,True,0.0,0.0,0.0,0.0,0.0,0.0,0.0,0.0,0.0,0.0,evidence_localization_failure,
controlled_000389,llama3.1:8b,direct,Full Context,diagnostic_condition,full_context_condition,True,controlled,multi_hop,entity,8000,front,medium,conflicting,Zurich-00388,Zurich,p0001;p0002,p0001,True,0.0,0.0,1.0,1.0,0.0,0.0,1.0,0.5,0.6666666666666666,1.0,evidence_integration_failure,
controlled_000389,llama3.1:8b,retrieve_then_read,Retrieved Evidence,diagnostic_condition,evidence_narrowed_condition,True,controlled,multi_hop,entity,8000,front,medium,conflicting,Zurich-00388,Zurich-00388,p0001;p0002,p0002,True,1.0,1.0,1.0,1.0,1.0,1.0,1.0,0.5,0.6666666666666666,1.0,success,
controlled_000389,llama3.1:8b,oracle,Oracle Evidence,diagnostic_baseline,oracle_evidence_upper_reference,True,controlled,multi_hop,entity,8000,front,medium,conflicting,Zurich-00388,Zurich-00388,p0001;p0002,p0002,True,1.0,1.0,1.0,1.0,1.0,1.0,1.0,0.5,0.6666666666666666,1.0,success,
controlled_000277,llama3.1:8b,no_evidence,No Evidence,diagnostic_baseline,question_only_lower_bound,True,controlled,arithmetic,number,4000,scattered,medium,low,527,1000,p0001;p0002,,True,0.0,0.0,0.0,0.0,0.0,0.0,0.0,0.0,0.0,0.0,evidence_localization_failure,
controlled_000277,llama3.1:8b,direct,Full Context,diagnostic_condition,full_context_condition,True,controlled,arithmetic,number,4000,scattered,medium,low,527,527,p0001;p0002,p0001,True,1.0,1.0,1.0,1.0,1.0,1.0,1.0,0.5,0.6666666666666666,1.0,success,
controlled_000277,llama3.1:8b,retrieve_then_read,Retrieved Evidence,diagnostic_condition,evidence_narrowed_condition,True,controlled,arithmetic,number,4000,scattered,medium,low,527,527,p0001;p0002,p0001;p0002,True,1.0,1.0,1.0,1.0,1.0,1.0,1.0,1.0,1.0,1.0,success,
controlled_000277,llama3.1:8b,oracle,Oracle Evidence,diagnostic_baseline,oracle_evidence_upper_reference,True,controlled,arithmetic,number,4000,scattered,medium,low,527,527,p0001;p0002,p0001;p0002,True,1.0,1.0,1.0,1.0,1.0,1.0,1.0,1.0,1.0,1.0,success,
controlled_000656,llama3.1:8b,no_evidence,No Evidence,diagnostic_baseline,question_only_lower_bound,True,controlled,arithmetic,number,16000,front,medium,none,583,1000,p0001;p0002,,True,0.0,0.0,0.0,0.0,0.0,0.0,0.0,0.0,0.0,0.0,evidence_localization_failure,
controlled_000656,llama3.1:8b,direct,Full Context,diagnostic_condition,full_context_condition,True,controlled,arithmetic,number,16000,front,medium,none,583,1000,p0001;p0002,p0001;p0002,True,0.0,0.0,0.0,0.0,0.0,0.0,1.0,1.0,1.0,1.0,answer_conversion_failure,
controlled_000656,llama3.1:8b,retrieve_then_read,Retrieved Evidence,diagnostic_condition,evidence_narrowed_condition,True,controlled,arithmetic,number,16000,front,medium,none,583,583,p0001;p0002,p0001;p0002,True,1.0,1.0,1.0,1.0,1.0,1.0,1.0,1.0,1.0,1.0,success,
controlled_000656,llama3.1:8b,oracle,Oracle Evidence,diagnostic_baseline,oracle_evidence_upper_reference,True,controlled,arithmetic,number,16000,front,medium,none,583,583,p0001;p0002,p0001;p0002,True,1.0,1.0,1.0,1.0,1.0,1.0,1.0,1.0,1.0,1.0,success,
controlled_000705,llama3.1:8b,no_evidence,No Evidence,diagnostic_baseline,question_only_lower_bound,True,controlled,single_hop,entity,16000,front,low,conflicting,Arcturus Systems 00704,Google,p0001,,True,0.0,0.0,0.0,0.0,0.0,0.0,0.0,0.0,0.0,0.0,evidence_localization_failure,
controlled_000705,llama3.1:8b,direct,Full Context,diagnostic_condition,full_context_condition,True,controlled,single_hop,entity,16000,front,low,conflicting,Arcturus Systems 00704,archive,p0001,p0003,True,0.0,0.0,0.0,0.0,0.0,0.0,0.0,0.0,0.0,0.0,evidence_selection_failure,
controlled_000705,llama3.1:8b,retrieve_then_read,Retrieved Evidence,diagnostic_condition,evidence_narrowed_condition,True,controlled,single_hop,entity,16000,front,low,conflicting,Arcturus Systems 00704,Arcturus Systems,p0001,p0001,True,0.0,0.8,1.0,1.0,0.0,0.8,1.0,1.0,1.0,1.0,answer_conversion_failure,
controlled_000705,llama3.1:8b,oracle,Oracle Evidence,diagnostic_baseline,oracle_evidence_upper_reference,True,controlled,single_hop,entity,16000,front,low,conflicting,Arcturus Systems 00704,Arcturus Systems 00704,p0001,p0001,True,1.0,1.0,1.0,1.0,1.0,1.0,1.0,1.0,1.0,1.0,success,
controlled_000571,llama3.1:8b,no_evidence,No Evidence,diagnostic_baseline,question_only_lower_bound,True,controlled,comparison,entity,8000,scattered,medium,none,Model Alpha 00570,BERT,p0001;p0002,,True,0.0,0.0,0.0,0.0,0.0,0.0,0.0,0.0,0.0,0.0,evidence_localization_failure,
controlled_000571,llama3.1:8b,direct,Full Context,diagnostic_condition,full_context_condition,True,controlled,comparison,entity,8000,scattered,medium,none,Model Alpha 00570,Model Alpha 00570,p0001;p0002,p0001,True,1.0,1.0,1.0,1.0,1.0,1.0,1.0,0.5,0.6666666666666666,1.0,success,
controlled_000571,llama3.1:8b,retrieve_then_read,Retrieved Evidence,diagnostic_condition,evidence_narrowed_condition,True,controlled,comparison,entity,8000,scattered,medium,none,Model Alpha 00570,Model Alpha,p0001;p0002,p0001,True,0.0,0.8,1.0,1.0,0.0,0.8,1.0,0.5,0.6666666666666666,1.0,evidence_integration_failure,
controlled_000571,llama3.1:8b,oracle,Oracle Evidence,diagnostic_baseline,oracle_evidence_upper_reference,True,controlled,comparison,entity,8000,scattered,medium,none,Model Alpha 00570,Model Alpha 00570,p0001;p0002,p0001;p0002,True,1.0,1.0,1.0,1.0,1.0,1.0,1.0,1.0,1.0,1.0,success,
controlled_000225,llama3.1:8b,no_evidence,No Evidence,diagnostic_baseline,question_only_lower_bound,True,controlled,single_hop,entity,4000,end,low,conflicting,Arcturus Systems 00224,Google,p0001,,True,0.0,0.0,0.0,0.0,0.0,0.0,0.0,0.0,0.0,0.0,evidence_localization_failure,
controlled_000225,llama3.1:8b,direct,Full Context,diagnostic_condition,full_context_condition,True,controlled,single_hop,entity,4000,end,low,conflicting,Arcturus Systems 00224,Arcturus Systems,p0001,p0001,True,0.0,0.8,1.0,1.0,0.0,0.8,1.0,1.0,1.0,1.0,answer_conversion_failure,
controlled_000225,llama3.1:8b,retrieve_then_read,Retrieved Evidence,diagnostic_condition,evidence_narrowed_condition,True,controlled,single_hop,entity,4000,end,low,conflicting,Arcturus Systems 00224,Arcturus Systems,p0001,p0001,True,0.0,0.8,1.0,1.0,0.0,0.8,1.0,1.0,1.0,1.0,answer_conversion_failure,
controlled_000225,llama3.1:8b,oracle,Oracle Evidence,diagnostic_baseline,oracle_evidence_upper_reference,True,controlled,single_hop,entity,4000,end,low,conflicting,Arcturus Systems 00224,Arcturus Systems,p0001,p0001,True,0.0,0.8,1.0,1.0,0.0,0.8,1.0,1.0,1.0,1.0,answer_conversion_failure,
controlled_000702,llama3.1:8b,no_evidence,No Evidence,diagnostic_baseline,question_only_lower_bound,True,controlled,single_hop,entity,16000,front,low,conflicting,Arcturus Systems 00701,Google,p0001,,True,0.0,0.0,0.0,0.0,0.0,0.0,0.0,0.0,0.0,0.0,evidence_localization_failure,
controlled_000702,llama3.1:8b,direct,Full Context,diagnostic_condition,full_context_condition,True,controlled,single_hop,entity,16000,front,low,conflicting,Arcturus Systems 00701,archive,p0001,p0003,True,0.0,0.0,0.0,0.0,0.0,0.0,0.0,0.0,0.0,0.0,evidence_selection_failure,
controlled_000702,llama3.1:8b,retrieve_then_read,Retrieved Evidence,diagnostic_condition,evidence_narrowed_condition,True,controlled,single_hop,entity,16000,front,low,conflicting,Arcturus Systems 00701,Arcturus Systems,p0001,p0001,True,0.0,0.8,1.0,1.0,0.0,0.8,1.0,1.0,1.0,1.0,answer_conversion_failure,
controlled_000702,llama3.1:8b,oracle,Oracle Evidence,diagnostic_baseline,oracle_evidence_upper_reference,True,controlled,single_hop,entity,16000,front,low,conflicting,Arcturus Systems 00701,Arcturus Systems,p0001,p0001,True,0.0,0.8,1.0,1.0,0.0,0.8,1.0,1.0,1.0,1.0,answer_conversion_failure,
controlled_000333,llama3.1:8b,no_evidence,No Evidence,diagnostic_baseline,question_only_lower_bound,True,controlled,comparison,entity,8000,front,medium,none,Model Alpha 00332,BERT,p0001;p0002,,True,0.0,0.0,0.0,0.0,0.0,0.0,0.0,0.0,0.0,0.0,evidence_localization_failure,
controlled_000333,llama3.1:8b,direct,Full Context,diagnostic_condition,full_context_condition,True,controlled,comparison,entity,8000,front,medium,none,Model Alpha 00332,Model Alpha 00332,p0001;p0002,p0001,True,1.0,1.0,1.0,1.0,1.0,1.0,1.0,0.5,0.6666666666666666,1.0,success,
controlled_000333,llama3.1:8b,retrieve_then_read,Retrieved Evidence,diagnostic_condition,evidence_narrowed_condition,True,controlled,comparison,entity,8000,front,medium,none,Model Alpha 00332,Model Alpha 00332,p0001;p0002,p0001,True,1.0,1.0,1.0,1.0,1.0,1.0,1.0,0.5,0.6666666666666666,1.0,success,
controlled_000333,llama3.1:8b,oracle,Oracle Evidence,diagnostic_baseline,oracle_evidence_upper_reference,True,controlled,comparison,entity,8000,front,medium,none,Model Alpha 00332,Model Alpha 00332,p0001;p0002,p0001;p0002,True,1.0,1.0,1.0,1.0,1.0,1.0,1.0,1.0,1.0,1.0,success,
controlled_000787,llama3.1:8b,no_evidence,No Evidence,diagnostic_baseline,question_only_lower_bound,True,controlled,multi_hop,entity,16000,middle,medium,conflicting,Zurich-00786,London,p0001;p0002,,True,0.0,0.0,0.0,0.0,0.0,0.0,0.0,0.0,0.0,0.0,evidence_localization_failure,
controlled_000787,llama3.1:8b,direct,Full Context,diagnostic_condition,full_context_condition,True,controlled,multi_hop,entity,16000,middle,medium,conflicting,Zurich-00786,Zurich,p0001;p0002,p0001,True,0.0,0.0,1.0,1.0,0.0,0.0,1.0,0.5,0.6666666666666666,1.0,evidence_integration_failure,
controlled_000787,llama3.1:8b,retrieve_then_read,Retrieved Evidence,diagnostic_condition,evidence_narrowed_condition,True,controlled,multi_hop,entity,16000,middle,medium,conflicting,Zurich-00786,Zurich,p0001;p0002,p0002,True,0.0,0.0,1.0,1.0,0.0,0.0,1.0,0.5,0.6666666666666666,1.0,evidence_integration_failure,
controlled_000787,llama3.1:8b,oracle,Oracle Evidence,diagnostic_baseline,oracle_evidence_upper_reference,True,controlled,multi_hop,entity,16000,middle,medium,conflicting,Zurich-00786,Zurich,p0001;p0002,p0002,True,0.0,0.0,1.0,1.0,0.0,0.0,1.0,0.5,0.6666666666666666,1.0,evidence_integration_failure,
controlled_000795,llama3.1:8b,no_evidence,No Evidence,diagnostic_baseline,question_only_lower_bound,True,controlled,comparison,entity,16000,middle,medium,conflicting,Model Alpha 00794,BERT,p0001;p0002,,True,0.0,0.0,0.0,0.0,0.0,0.0,0.0,0.0,0.0,0.0,evidence_localization_failure,
controlled_000795,llama3.1:8b,direct,Full Context,diagnostic_condition,full_context_condition,True,controlled,comparison,entity,16000,middle,medium,conflicting,Model Alpha 00794,Model 2,p0001;p0002,p0001,True,0.0,0.4,0.0,0.5,0.0,0.4,1.0,0.5,0.6666666666666666,1.0,evidence_integration_failure,
controlled_000795,llama3.1:8b,retrieve_then_read,Retrieved Evidence,diagnostic_condition,evidence_narrowed_condition,True,controlled,comparison,entity,16000,middle,medium,conflicting,Model Alpha 00794,Model Beta,p0001;p0002,p0003,True,0.0,0.4,0.0,0.5,0.0,0.4,0.0,0.0,0.0,0.0,evidence_selection_failure,
controlled_000795,llama3.1:8b,oracle,Oracle Evidence,diagnostic_baseline,oracle_evidence_upper_reference,True,controlled,comparison,entity,16000,middle,medium,conflicting,Model Alpha 00794,Model Alpha 00794,p0001;p0002,p0001,True,1.0,1.0,1.0,1.0,1.0,1.0,1.0,0.5,0.6666666666666666,1.0,success,
controlled_000058,llama3.1:8b,no_evidence,No Evidence,diagnostic_baseline,question_only_lower_bound,True,controlled,arithmetic,number,4000,front,medium,high,694,1000,p0001;p0002,,True,0.0,0.0,0.0,0.0,0.0,0.0,0.0,0.0,0.0,0.0,evidence_localization_failure,
controlled_000058,llama3.1:8b,direct,Full Context,diagnostic_condition,full_context_condition,True,controlled,arithmetic,number,4000,front,medium,high,694,694,p0001;p0002,p0001,True,1.0,1.0,1.0,1.0,1.0,1.0,1.0,0.5,0.6666666666666666,1.0,success,
controlled_000058,llama3.1:8b,retrieve_then_read,Retrieved Evidence,diagnostic_condition,evidence_narrowed_condition,True,controlled,arithmetic,number,4000,front,medium,high,694,694,p0001;p0002,p0001;p0002,True,1.0,1.0,1.0,1.0,1.0,1.0,1.0,1.0,1.0,1.0,success,
controlled_000058,llama3.1:8b,oracle,Oracle Evidence,diagnostic_baseline,oracle_evidence_upper_reference,True,controlled,arithmetic,number,4000,front,medium,high,694,694,p0001;p0002,p0001;p0002,True,1.0,1.0,1.0,1.0,1.0,1.0,1.0,1.0,1.0,1.0,success,
controlled_000235,llama3.1:8b,no_evidence,No Evidence,diagnostic_baseline,question_only_lower_bound,True,controlled,comparison,entity,4000,end,medium,conflicting,Model Alpha 00234,BERT,p0001;p0002,,True,0.0,0.0,0.0,0.0,0.0,0.0,0.0,0.0,0.0,0.0,evidence_localization_failure,
controlled_000235,llama3.1:8b,direct,Full Context,diagnostic_condition,full_context_condition,True,controlled,comparison,entity,4000,end,medium,conflicting,Model Alpha 00234,Model Alpha,p0001;p0002,p0002;p0001,True,0.0,0.8,1.0,1.0,0.0,0.8,1.0,1.0,1.0,1.0,answer_conversion_failure,
controlled_000235,llama3.1:8b,retrieve_then_read,Retrieved Evidence,diagnostic_condition,evidence_narrowed_condition,True,controlled,comparison,entity,4000,end,medium,conflicting,Model Alpha 00234,Model Beta,p0001;p0002,p0003,True,0.0,0.4,0.0,0.5,0.0,0.4,0.0,0.0,0.0,0.0,evidence_selection_failure,
controlled_000235,llama3.1:8b,oracle,Oracle Evidence,diagnostic_baseline,oracle_evidence_upper_reference,True,controlled,comparison,entity,4000,end,medium,conflicting,Model Alpha 00234,Model Alpha 00234,p0001;p0002,p0001,True,1.0,1.0,1.0,1.0,1.0,1.0,1.0,0.5,0.6666666666666666,1.0,success,
controlled_000943,llama3.1:8b,no_evidence,No Evidence,diagnostic_baseline,question_only_lower_bound,True,controlled,single_hop,entity,16000,scattered,low,conflicting,Arcturus Systems 00942,Google,p0001,,True,0.0,0.0,0.0,0.0,0.0,0.0,0.0,0.0,0.0,0.0,evidence_localization_failure,
controlled_000943,llama3.1:8b,direct,Full Context,diagnostic_condition,full_context_condition,True,controlled,single_hop,entity,16000,scattered,low,conflicting,Arcturus Systems 00942,ArXiv,p0001,p0001,True,0.0,0.0,0.0,0.0,0.0,0.0,1.0,1.0,1.0,1.0,answer_conversion_failure,
controlled_000943,llama3.1:8b,retrieve_then_read,Retrieved Evidence,diagnostic_condition,evidence_narrowed_condition,True,controlled,single_hop,entity,16000,scattered,low,conflicting,Arcturus Systems 00942,Arcturus Systems,p0001,p0001,True,0.0,0.8,1.0,1.0,0.0,0.8,1.0,1.0,1.0,1.0,answer_conversion_failure,
controlled_000943,llama3.1:8b,oracle,Oracle Evidence,diagnostic_baseline,oracle_evidence_upper_reference,True,controlled,single_hop,entity,16000,scattered,low,conflicting,Arcturus Systems 00942,Arcturus Systems 00942,p0001,p0001,True,1.0,1.0,1.0,1.0,1.0,1.0,1.0,1.0,1.0,1.0,success,
controlled_000825,llama3.1:8b,no_evidence,No Evidence,diagnostic_baseline,question_only_lower_bound,True,controlled,single_hop,entity,16000,end,low,low,Arcturus Systems 00824,Google,p0001,,True,0.0,0.0,0.0,0.0,0.0,0.0,0.0,0.0,0.0,0.0,evidence_localization_failure,
controlled_000825,llama3.1:8b,direct,Full Context,diagnostic_condition,full_context_condition,True,controlled,single_hop,entity,16000,end,low,low,Arcturus Systems 00824,Arcturus Systems,p0001,p0001,True,0.0,0.8,1.0,1.0,0.0,0.8,1.0,1.0,1.0,1.0,answer_conversion_failure,
controlled_000825,llama3.1:8b,retrieve_then_read,Retrieved Evidence,diagnostic_condition,evidence_narrowed_condition,True,controlled,single_hop,entity,16000,end,low,low,Arcturus Systems 00824,Arcturus Systems,p0001,p0001,True,0.0,0.8,1.0,1.0,0.0,0.8,1.0,1.0,1.0,1.0,answer_conversion_failure,
controlled_000825,llama3.1:8b,oracle,Oracle Evidence,diagnostic_baseline,oracle_evidence_upper_reference,True,controlled,single_hop,entity,16000,end,low,low,Arcturus Systems 00824,Arcturus Systems,p0001,p0001,True,0.0,0.8,1.0,1.0,0.0,0.8,1.0,1.0,1.0,1.0,answer_conversion_failure,
controlled_000324,llama3.1:8b,no_evidence,No Evidence,diagnostic_baseline,question_only_lower_bound,True,controlled,single_hop,entity,8000,front,low,none,Arcturus Systems 00323,Google,p0001,,True,0.0,0.0,0.0,0.0,0.0,0.0,0.0,0.0,0.0,0.0,evidence_localization_failure,
controlled_000324,llama3.1:8b,direct,Full Context,diagnostic_condition,full_context_condition,True,controlled,single_hop,entity,8000,front,low,none,Arcturus Systems 00323,Arcturus Systems,p0001,p0001,True,0.0,0.8,1.0,1.0,0.0,0.8,1.0,1.0,1.0,1.0,answer_conversion_failure,
controlled_000324,llama3.1:8b,retrieve_then_read,Retrieved Evidence,diagnostic_condition,evidence_narrowed_condition,True,controlled,single_hop,entity,8000,front,low,none,Arcturus Systems 00323,Arcturus Systems,p0001,p0001,True,0.0,0.8,1.0,1.0,0.0,0.8,1.0,1.0,1.0,1.0,answer_conversion_failure,
controlled_000324,llama3.1:8b,oracle,Oracle Evidence,diagnostic_baseline,oracle_evidence_upper_reference,True,controlled,single_hop,entity,8000,front,low,none,Arcturus Systems 00323,Arcturus Systems 00323,p0001,p0001,True,1.0,1.0,1.0,1.0,1.0,1.0,1.0,1.0,1.0,1.0,success,
controlled_000411,llama3.1:8b,no_evidence,No Evidence,diagnostic_baseline,question_only_lower_bound,True,controlled,comparison,entity,8000,middle,medium,none,Model Alpha 00410,BERT,p0001;p0002,,True,0.0,0.0,0.0,0.0,0.0,0.0,0.0,0.0,0.0,0.0,evidence_localization_failure,
controlled_000411,llama3.1:8b,direct,Full Context,diagnostic_condition,full_context_condition,True,controlled,comparison,entity,8000,middle,medium,none,Model Alpha 00410,Model Alpha 00410,p0001;p0002,p0001,True,1.0,1.0,1.0,1.0,1.0,1.0,1.0,0.5,0.6666666666666666,1.0,success,
controlled_000411,llama3.1:8b,retrieve_then_read,Retrieved Evidence,diagnostic_condition,evidence_narrowed_condition,True,controlled,comparison,entity,8000,middle,medium,none,Model Alpha 00410,Model Alpha 00410,p0001;p0002,p0001,True,1.0,1.0,1.0,1.0,1.0,1.0,1.0,0.5,0.6666666666666666,1.0,success,
controlled_000411,llama3.1:8b,oracle,Oracle Evidence,diagnostic_baseline,oracle_evidence_upper_reference,True,controlled,comparison,entity,8000,middle,medium,none,Model Alpha 00410,Model Alpha 00410,p0001;p0002,p0001,True,1.0,1.0,1.0,1.0,1.0,1.0,1.0,0.5,0.6666666666666666,1.0,success,
controlled_000275,llama3.1:8b,no_evidence,No Evidence,diagnostic_baseline,question_only_lower_bound,True,controlled,comparison,entity,4000,scattered,medium,low,Model Alpha 00274,BERT,p0001;p0002,,True,0.0,0.0,0.0,0.0,0.0,0.0,0.0,0.0,0.0,0.0,evidence_localization_failure,
controlled_000275,llama3.1:8b,direct,Full Context,diagnostic_condition,full_context_condition,True,controlled,comparison,entity,4000,scattered,medium,low,Model Alpha 00274,Model Alpha,p0001;p0002,p0001,True,0.0,0.8,1.0,1.0,0.0,0.8,1.0,0.5,0.6666666666666666,1.0,evidence_integration_failure,
controlled_000275,llama3.1:8b,retrieve_then_read,Retrieved Evidence,diagnostic_condition,evidence_narrowed_condition,True,controlled,comparison,entity,4000,scattered,medium,low,Model Alpha 00274,Model Alpha,p0001;p0002,p0001,True,0.0,0.8,1.0,1.0,0.0,0.8,1.0,0.5,0.6666666666666666,1.0,evidence_integration_failure,
controlled_000275,llama3.1:8b,oracle,Oracle Evidence,diagnostic_baseline,oracle_evidence_upper_reference,True,controlled,comparison,entity,4000,scattered,medium,low,Model Alpha 00274,Model Alpha 00274,p0001;p0002,p0001;p0002,True,1.0,1.0,1.0,1.0,1.0,1.0,1.0,1.0,1.0,1.0,success,
controlled_000068,llama3.1:8b,no_evidence,No Evidence,diagnostic_baseline,question_only_lower_bound,True,controlled,multi_hop,entity,4000,front,medium,conflicting,Zurich-00067,London,p0001;p0002,,True,0.0,0.0,0.0,0.0,0.0,0.0,0.0,0.0,0.0,0.0,evidence_localization_failure,
controlled_000068,llama3.1:8b,direct,Full Context,diagnostic_condition,full_context_condition,True,controlled,multi_hop,entity,4000,front,medium,conflicting,Zurich-00067,Zurich,p0001;p0002,p0002,True,0.0,0.0,1.0,1.0,0.0,0.0,1.0,0.5,0.6666666666666666,1.0,evidence_integration_failure,
controlled_000068,llama3.1:8b,retrieve_then_read,Retrieved Evidence,diagnostic_condition,evidence_narrowed_condition,True,controlled,multi_hop,entity,4000,front,medium,conflicting,Zurich-00067,Zurich,p0001;p0002,p0002,True,0.0,0.0,1.0,1.0,0.0,0.0,1.0,0.5,0.6666666666666666,1.0,evidence_integration_failure,
controlled_000068,llama3.1:8b,oracle,Oracle Evidence,diagnostic_baseline,oracle_evidence_upper_reference,True,controlled,multi_hop,entity,4000,front,medium,conflicting,Zurich-00067,Zurich,p0001;p0002,p0002,True,0.0,0.0,1.0,1.0,0.0,0.0,1.0,0.5,0.6666666666666666,1.0,evidence_integration_failure,
controlled_000217,llama3.1:8b,no_evidence,No Evidence,diagnostic_baseline,question_only_lower_bound,True,controlled,arithmetic,number,4000,end,medium,high,564,1000,p0001;p0002,,True,0.0,0.0,0.0,0.0,0.0,0.0,0.0,0.0,0.0,0.0,evidence_localization_failure,
controlled_000217,llama3.1:8b,direct,Full Context,diagnostic_condition,full_context_condition,True,controlled,arithmetic,number,4000,end,medium,high,564,564,p0001;p0002,p0001;p0002,True,1.0,1.0,1.0,1.0,1.0,1.0,1.0,1.0,1.0,1.0,success,
controlled_000217,llama3.1:8b,retrieve_then_read,Retrieved Evidence,diagnostic_condition,evidence_narrowed_condition,True,controlled,arithmetic,number,4000,end,medium,high,564,564,p0001;p0002,p0001,True,1.0,1.0,1.0,1.0,1.0,1.0,1.0,0.5,0.6666666666666666,1.0,success,
controlled_000217,llama3.1:8b,oracle,Oracle Evidence,diagnostic_baseline,oracle_evidence_upper_reference,True,controlled,arithmetic,number,4000,end,medium,high,564,564,p0001;p0002,p0001;p0002,True,1.0,1.0,1.0,1.0,1.0,1.0,1.0,1.0,1.0,1.0,success,
controlled_000581,llama3.1:8b,no_evidence,No Evidence,diagnostic_baseline,question_only_lower_bound,True,controlled,single_hop,entity,8000,scattered,low,low,Arcturus Systems 00580,Google,p0001,,True,0.0,0.0,0.0,0.0,0.0,0.0,0.0,0.0,0.0,0.0,evidence_localization_failure,
controlled_000581,llama3.1:8b,direct,Full Context,diagnostic_condition,full_context_condition,True,controlled,single_hop,entity,8000,scattered,low,low,Arcturus Systems 00580,Arcturus Systems,p0001,p0001,True,0.0,0.8,1.0,1.0,0.0,0.8,1.0,1.0,1.0,1.0,answer_conversion_failure,
controlled_000581,llama3.1:8b,retrieve_then_read,Retrieved Evidence,diagnostic_condition,evidence_narrowed_condition,True,controlled,single_hop,entity,8000,scattered,low,low,Arcturus Systems 00580,Arcturus Systems,p0001,p0001,True,0.0,0.8,1.0,1.0,0.0,0.8,1.0,1.0,1.0,1.0,answer_conversion_failure,
controlled_000581,llama3.1:8b,oracle,Oracle Evidence,diagnostic_baseline,oracle_evidence_upper_reference,True,controlled,single_hop,entity,8000,scattered,low,low,Arcturus Systems 00580,Arcturus Systems 00580,p0001,p0001,True,1.0,1.0,1.0,1.0,1.0,1.0,1.0,1.0,1.0,1.0,success,
controlled_000736,llama3.1:8b,no_evidence,No Evidence,diagnostic_baseline,question_only_lower_bound,True,controlled,arithmetic,number,16000,middle,medium,none,548,1000,p0001;p0002,,True,0.0,0.0,0.0,0.0,0.0,0.0,0.0,0.0,0.0,0.0,evidence_localization_failure,
controlled_000736,llama3.1:8b,direct,Full Context,diagnostic_condition,full_context_condition,True,controlled,arithmetic,number,16000,middle,medium,none,548,1000,p0001;p0002,p0001,True,0.0,0.0,0.0,0.0,0.0,0.0,1.0,0.5,0.6666666666666666,1.0,evidence_integration_failure,
controlled_000736,llama3.1:8b,retrieve_then_read,Retrieved Evidence,diagnostic_condition,evidence_narrowed_condition,True,controlled,arithmetic,number,16000,middle,medium,none,548,548,p0001;p0002,p0001;p0002,True,1.0,1.0,1.0,1.0,1.0,1.0,1.0,1.0,1.0,1.0,success,
controlled_000736,llama3.1:8b,oracle,Oracle Evidence,diagnostic_baseline,oracle_evidence_upper_reference,True,controlled,arithmetic,number,16000,middle,medium,none,548,548,p0001;p0002,p0001;p0002,True,1.0,1.0,1.0,1.0,1.0,1.0,1.0,1.0,1.0,1.0,success,
controlled_000323,llama3.1:8b,no_evidence,No Evidence,diagnostic_baseline,question_only_lower_bound,True,controlled,single_hop,entity,8000,front,low,none,Arcturus Systems 00322,Google,p0001,,True,0.0,0.0,0.0,0.0,0.0,0.0,0.0,0.0,0.0,0.0,evidence_localization_failure,
controlled_000323,llama3.1:8b,direct,Full Context,diagnostic_condition,full_context_condition,True,controlled,single_hop,entity,8000,front,low,none,Arcturus Systems 00322,Arcturus Systems,p0001,p0001,True,0.0,0.8,1.0,1.0,0.0,0.8,1.0,1.0,1.0,1.0,answer_conversion_failure,
controlled_000323,llama3.1:8b,retrieve_then_read,Retrieved Evidence,diagnostic_condition,evidence_narrowed_condition,True,controlled,single_hop,entity,8000,front,low,none,Arcturus Systems 00322,Arcturus Systems,p0001,p0001,True,0.0,0.8,1.0,1.0,0.0,0.8,1.0,1.0,1.0,1.0,answer_conversion_failure,
controlled_000323,llama3.1:8b,oracle,Oracle Evidence,diagnostic_baseline,oracle_evidence_upper_reference,True,controlled,single_hop,entity,8000,front,low,none,Arcturus Systems 00322,Arcturus Systems 00322,p0001,p0001,True,1.0,1.0,1.0,1.0,1.0,1.0,1.0,1.0,1.0,1.0,success,
controlled_000218,llama3.1:8b,no_evidence,No Evidence,diagnostic_baseline,question_only_lower_bound,True,controlled,arithmetic,number,4000,end,medium,high,562,1000,p0001;p0002,,True,0.0,0.0,0.0,0.0,0.0,0.0,0.0,0.0,0.0,0.0,evidence_localization_failure,
controlled_000218,llama3.1:8b,direct,Full Context,diagnostic_condition,full_context_condition,True,controlled,arithmetic,number,4000,end,medium,high,562,562,p0001;p0002,p0001;p0002,True,1.0,1.0,1.0,1.0,1.0,1.0,1.0,1.0,1.0,1.0,success,
controlled_000218,llama3.1:8b,retrieve_then_read,Retrieved Evidence,diagnostic_condition,evidence_narrowed_condition,True,controlled,arithmetic,number,4000,end,medium,high,562,562,p0001;p0002,p0001,True,1.0,1.0,1.0,1.0,1.0,1.0,1.0,0.5,0.6666666666666666,1.0,success,
controlled_000218,llama3.1:8b,oracle,Oracle Evidence,diagnostic_baseline,oracle_evidence_upper_reference,True,controlled,arithmetic,number,4000,end,medium,high,562,562,p0001;p0002,p0001;p0002,True,1.0,1.0,1.0,1.0,1.0,1.0,1.0,1.0,1.0,1.0,success,
controlled_000672,llama3.1:8b,no_evidence,No Evidence,diagnostic_baseline,question_only_lower_bound,True,controlled,comparison,entity,16000,front,medium,low,Model Alpha 00671,BERT,p0001;p0002,,True,0.0,0.0,0.0,0.0,0.0,0.0,0.0,0.0,0.0,0.0,evidence_localization_failure,
controlled_000672,llama3.1:8b,direct,Full Context,diagnostic_condition,full_context_condition,True,controlled,comparison,entity,16000,front,medium,low,Model Alpha 00671,archive,p0001;p0002,,True,0.0,0.0,0.0,0.0,0.0,0.0,0.0,0.0,0.0,0.0,evidence_localization_failure,
controlled_000672,llama3.1:8b,retrieve_then_read,Retrieved Evidence,diagnostic_condition,evidence_narrowed_condition,True,controlled,comparison,entity,16000,front,medium,low,Model Alpha 00671,Model Alpha,p0001;p0002,p0001,True,0.0,0.8,1.0,1.0,0.0,0.8,1.0,0.5,0.6666666666666666,1.0,evidence_integration_failure,
controlled_000672,llama3.1:8b,oracle,Oracle Evidence,diagnostic_baseline,oracle_evidence_upper_reference,True,controlled,comparison,entity,16000,front,medium,low,Model Alpha 00671,Model Alpha 00671,p0001;p0002,p0001;p0002,True,1.0,1.0,1.0,1.0,1.0,1.0,1.0,1.0,1.0,1.0,success,
controlled_000512,llama3.1:8b,no_evidence,No Evidence,diagnostic_baseline,question_only_lower_bound,True,controlled,comparison,entity,8000,end,medium,low,Model Alpha 00511,BERT,p0001;p0002,,True,0.0,0.0,0.0,0.0,0.0,0.0,0.0,0.0,0.0,0.0,evidence_localization_failure,
controlled_000512,llama3.1:8b,direct,Full Context,diagnostic_condition,full_context_condition,True,controlled,comparison,entity,8000,end,medium,low,Model Alpha 00511,Model Alpha,p0001;p0002,p0001,True,0.0,0.8,1.0,1.0,0.0,0.8,1.0,0.5,0.6666666666666666,1.0,evidence_integration_failure,
controlled_000512,llama3.1:8b,retrieve_then_read,Retrieved Evidence,diagnostic_condition,evidence_narrowed_condition,True,controlled,comparison,entity,8000,end,medium,low,Model Alpha 00511,Model Alpha 00511,p0001;p0002,p0001,True,1.0,1.0,1.0,1.0,1.0,1.0,1.0,0.5,0.6666666666666666,1.0,success,
controlled_000512,llama3.1:8b,oracle,Oracle Evidence,diagnostic_baseline,oracle_evidence_upper_reference,True,controlled,comparison,entity,8000,end,medium,low,Model Alpha 00511,Model Alpha 00511,p0001;p0002,p0001,True,1.0,1.0,1.0,1.0,1.0,1.0,1.0,0.5,0.6666666666666666,1.0,success,
controlled_000406,llama3.1:8b,no_evidence,No Evidence,diagnostic_baseline,question_only_lower_bound,True,controlled,multi_hop,entity,8000,middle,medium,none,Zurich-00405,London,p0001;p0002,,True,0.0,0.0,0.0,0.0,0.0,0.0,0.0,0.0,0.0,0.0,evidence_localization_failure,
controlled_000406,llama3.1:8b,direct,Full Context,diagnostic_condition,full_context_condition,True,controlled,multi_hop,entity,8000,middle,medium,none,Zurich-00405,Zurich-00405,p0001;p0002,p0002,True,1.0,1.0,1.0,1.0,1.0,1.0,1.0,0.5,0.6666666666666666,1.0,success,
controlled_000406,llama3.1:8b,retrieve_then_read,Retrieved Evidence,diagnostic_condition,evidence_narrowed_condition,True,controlled,multi_hop,entity,8000,middle,medium,none,Zurich-00405,Zurich-00405,p0001;p0002,p0002,True,1.0,1.0,1.0,1.0,1.0,1.0,1.0,0.5,0.6666666666666666,1.0,success,
controlled_000406,llama3.1:8b,oracle,Oracle Evidence,diagnostic_baseline,oracle_evidence_upper_reference,True,controlled,multi_hop,entity,8000,middle,medium,none,Zurich-00405,Zurich-00405,p0001;p0002,p0002,True,1.0,1.0,1.0,1.0,1.0,1.0,1.0,0.5,0.6666666666666666,1.0,success,
controlled_000659,llama3.1:8b,no_evidence,No Evidence,diagnostic_baseline,question_only_lower_bound,True,controlled,arithmetic,number,16000,front,medium,none,527,1000,p0001;p0002,,True,0.0,0.0,0.0,0.0,0.0,0.0,0.0,0.0,0.0,0.0,evidence_localization_failure,
controlled_000659,llama3.1:8b,direct,Full Context,diagnostic_condition,full_context_condition,True,controlled,arithmetic,number,16000,front,medium,none,527,1000,p0001;p0002,p0001;p0002,True,0.0,0.0,0.0,0.0,0.0,0.0,1.0,1.0,1.0,1.0,answer_conversion_failure,
controlled_000659,llama3.1:8b,retrieve_then_read,Retrieved Evidence,diagnostic_condition,evidence_narrowed_condition,True,controlled,arithmetic,number,16000,front,medium,none,527,527,p0001;p0002,p0001;p0002,True,1.0,1.0,1.0,1.0,1.0,1.0,1.0,1.0,1.0,1.0,success,
controlled_000659,llama3.1:8b,oracle,Oracle Evidence,diagnostic_baseline,oracle_evidence_upper_reference,True,controlled,arithmetic,number,16000,front,medium,none,527,527,p0001;p0002,p0001;p0002,True,1.0,1.0,1.0,1.0,1.0,1.0,1.0,1.0,1.0,1.0,success,
controlled_000470,llama3.1:8b,no_evidence,No Evidence,diagnostic_baseline,question_only_lower_bound,True,controlled,multi_hop,entity,8000,middle,medium,conflicting,Zurich-00469,London,p0001;p0002,,True,0.0,0.0,0.0,0.0,0.0,0.0,0.0,0.0,0.0,0.0,evidence_localization_failure,
controlled_000470,llama3.1:8b,direct,Full Context,diagnostic_condition,full_context_condition,True,controlled,multi_hop,entity,8000,middle,medium,conflicting,Zurich-00469,Zurich-00469,p0001;p0002,p0002,True,1.0,1.0,1.0,1.0,1.0,1.0,1.0,0.5,0.6666666666666666,1.0,success,
controlled_000470,llama3.1:8b,retrieve_then_read,Retrieved Evidence,diagnostic_condition,evidence_narrowed_condition,True,controlled,multi_hop,entity,8000,middle,medium,conflicting,Zurich-00469,Zurich-00469,p0001;p0002,p0002,True,1.0,1.0,1.0,1.0,1.0,1.0,1.0,0.5,0.6666666666666666,1.0,success,
controlled_000470,llama3.1:8b,oracle,Oracle Evidence,diagnostic_baseline,oracle_evidence_upper_reference,True,controlled,multi_hop,entity,8000,middle,medium,conflicting,Zurich-00469,Zurich,p0001;p0002,p0002,True,0.0,0.0,1.0,1.0,0.0,0.0,1.0,0.5,0.6666666666666666,1.0,evidence_integration_failure,
controlled_000147,llama3.1:8b,no_evidence,No Evidence,diagnostic_baseline,question_only_lower_bound,True,controlled,multi_hop,entity,4000,middle,medium,conflicting,Zurich-00146,London,p0001;p0002,,True,0.0,0.0,0.0,0.0,0.0,0.0,0.0,0.0,0.0,0.0,evidence_localization_failure,
controlled_000147,llama3.1:8b,direct,Full Context,diagnostic_condition,full_context_condition,True,controlled,multi_hop,entity,4000,middle,medium,conflicting,Zurich-00146,Zurich-00146,p0001;p0002,p0002,True,1.0,1.0,1.0,1.0,1.0,1.0,1.0,0.5,0.6666666666666666,1.0,success,
controlled_000147,llama3.1:8b,retrieve_then_read,Retrieved Evidence,diagnostic_condition,evidence_narrowed_condition,True,controlled,multi_hop,entity,4000,middle,medium,conflicting,Zurich-00146,Zurich-00146,p0001;p0002,p0002,True,1.0,1.0,1.0,1.0,1.0,1.0,1.0,0.5,0.6666666666666666,1.0,success,
controlled_000147,llama3.1:8b,oracle,Oracle Evidence,diagnostic_baseline,oracle_evidence_upper_reference,True,controlled,multi_hop,entity,4000,middle,medium,conflicting,Zurich-00146,Zurich,p0001;p0002,p0002,True,0.0,0.0,1.0,1.0,0.0,0.0,1.0,0.5,0.6666666666666666,1.0,evidence_integration_failure,
controlled_000272,llama3.1:8b,no_evidence,No Evidence,diagnostic_baseline,question_only_lower_bound,True,controlled,comparison,entity,4000,scattered,medium,low,Model Alpha 00271,BERT,p0001;p0002,,True,0.0,0.0,0.0,0.0,0.0,0.0,0.0,0.0,0.0,0.0,evidence_localization_failure,
controlled_000272,llama3.1:8b,direct,Full Context,diagnostic_condition,full_context_condition,True,controlled,comparison,entity,4000,scattered,medium,low,Model Alpha 00271,Model Alpha,p0001;p0002,p0001,True,0.0,0.8,1.0,1.0,0.0,0.8,1.0,0.5,0.6666666666666666,1.0,evidence_integration_failure,
controlled_000272,llama3.1:8b,retrieve_then_read,Retrieved Evidence,diagnostic_condition,evidence_narrowed_condition,True,controlled,comparison,entity,4000,scattered,medium,low,Model Alpha 00271,Model Alpha,p0001;p0002,p0001,True,0.0,0.8,1.0,1.0,0.0,0.8,1.0,0.5,0.6666666666666666,1.0,evidence_integration_failure,
controlled_000272,llama3.1:8b,oracle,Oracle Evidence,diagnostic_baseline,oracle_evidence_upper_reference,True,controlled,comparison,entity,4000,scattered,medium,low,Model Alpha 00271,Model Alpha 00271,p0001;p0002,p0001;p0002,True,1.0,1.0,1.0,1.0,1.0,1.0,1.0,1.0,1.0,1.0,success,
controlled_000953,llama3.1:8b,no_evidence,No Evidence,diagnostic_baseline,question_only_lower_bound,True,controlled,comparison,entity,16000,scattered,medium,conflicting,Model Alpha 00952,BERT,p0001;p0002,,True,0.0,0.0,0.0,0.0,0.0,0.0,0.0,0.0,0.0,0.0,evidence_localization_failure,
controlled_000953,llama3.1:8b,direct,Full Context,diagnostic_condition,full_context_condition,True,controlled,comparison,entity,16000,scattered,medium,conflicting,Model Alpha 00952,Model B,p0001;p0002,p0001,True,0.0,0.4,0.0,0.5,0.0,0.4,1.0,0.5,0.6666666666666666,1.0,evidence_integration_failure,
controlled_000953,llama3.1:8b,retrieve_then_read,Retrieved Evidence,diagnostic_condition,evidence_narrowed_condition,True,controlled,comparison,entity,16000,scattered,medium,conflicting,Model Alpha 00952,Model Beta 00952,p0001;p0002,p0002;p0003,True,0.0,0.6666666666666666,0.0,0.5,0.0,0.6666666666666666,0.5,0.5,0.5,1.0,evidence_integration_failure,
controlled_000953,llama3.1:8b,oracle,Oracle Evidence,diagnostic_baseline,oracle_evidence_upper_reference,True,controlled,comparison,entity,16000,scattered,medium,conflicting,Model Alpha 00952,Model Alpha 00952,p0001;p0002,p0001,True,1.0,1.0,1.0,1.0,1.0,1.0,1.0,0.5,0.6666666666666666,1.0,success,
controlled_000253,llama3.1:8b,no_evidence,No Evidence,diagnostic_baseline,question_only_lower_bound,True,controlled,comparison,entity,4000,scattered,medium,none,Model Alpha 00252,BERT,p0001;p0002,,True,0.0,0.0,0.0,0.0,0.0,0.0,0.0,0.0,0.0,0.0,evidence_localization_failure,
controlled_000253,llama3.1:8b,direct,Full Context,diagnostic_condition,full_context_condition,True,controlled,comparison,entity,4000,scattered,medium,none,Model Alpha 00252,Model Alpha,p0001;p0002,p0001,True,0.0,0.8,1.0,1.0,0.0,0.8,1.0,0.5,0.6666666666666666,1.0,evidence_integration_failure,
controlled_000253,llama3.1:8b,retrieve_then_read,Retrieved Evidence,diagnostic_condition,evidence_narrowed_condition,True,controlled,comparison,entity,4000,scattered,medium,none,Model Alpha 00252,Model Alpha 00252,p0001;p0002,p0001,True,1.0,1.0,1.0,1.0,1.0,1.0,1.0,0.5,0.6666666666666666,1.0,success,
controlled_000253,llama3.1:8b,oracle,Oracle Evidence,diagnostic_baseline,oracle_evidence_upper_reference,True,controlled,comparison,entity,4000,scattered,medium,none,Model Alpha 00252,Model Alpha 00252,p0001;p0002,p0001;p0002,True,1.0,1.0,1.0,1.0,1.0,1.0,1.0,1.0,1.0,1.0,success,
controlled_000763,llama3.1:8b,no_evidence,No Evidence,diagnostic_baseline,question_only_lower_bound,True,controlled,single_hop,entity,16000,middle,low,high,Arcturus Systems 00762,Google,p0001,,True,0.0,0.0,0.0,0.0,0.0,0.0,0.0,0.0,0.0,0.0,evidence_localization_failure,
controlled_000763,llama3.1:8b,direct,Full Context,diagnostic_condition,full_context_condition,True,controlled,single_hop,entity,16000,middle,low,high,Arcturus Systems 00762,archive,p0001,p0001,True,0.0,0.0,0.0,0.0,0.0,0.0,1.0,1.0,1.0,1.0,answer_conversion_failure,
controlled_000763,llama3.1:8b,retrieve_then_read,Retrieved Evidence,diagnostic_condition,evidence_narrowed_condition,True,controlled,single_hop,entity,16000,middle,low,high,Arcturus Systems 00762,Arcturus Systems,p0001,p0001,True,0.0,0.8,1.0,1.0,0.0,0.8,1.0,1.0,1.0,1.0,answer_conversion_failure,
controlled_000763,llama3.1:8b,oracle,Oracle Evidence,diagnostic_baseline,oracle_evidence_upper_reference,True,controlled,single_hop,entity,16000,middle,low,high,Arcturus Systems 00762,Arcturus Systems,p0001,p0001,True,0.0,0.8,1.0,1.0,0.0,0.8,1.0,1.0,1.0,1.0,answer_conversion_failure,
controlled_000935,llama3.1:8b,no_evidence,No Evidence,diagnostic_baseline,question_only_lower_bound,True,controlled,comparison,entity,16000,scattered,medium,high,Model Alpha 00934,BERT,p0001;p0002,,True,0.0,0.0,0.0,0.0,0.0,0.0,0.0,0.0,0.0,0.0,evidence_localization_failure,
controlled_000935,llama3.1:8b,direct,Full Context,diagnostic_condition,full_context_condition,True,controlled,comparison,entity,16000,scattered,medium,high,Model Alpha 00934,Model 2,p0001;p0002,p0003,True,0.0,0.4,0.0,0.5,0.0,0.4,0.0,0.0,0.0,0.0,evidence_selection_failure,
controlled_000935,llama3.1:8b,retrieve_then_read,Retrieved Evidence,diagnostic_condition,evidence_narrowed_condition,True,controlled,comparison,entity,16000,scattered,medium,high,Model Alpha 00934,Model Beta 00934,p0001;p0002,p0003;p0002,True,0.0,0.6666666666666666,0.0,0.5,0.0,0.6666666666666666,0.5,0.5,0.5,1.0,evidence_integration_failure,
controlled_000935,llama3.1:8b,oracle,Oracle Evidence,diagnostic_baseline,oracle_evidence_upper_reference,True,controlled,comparison,entity,16000,scattered,medium,high,Model Alpha 00934,Model Alpha 00934,p0001;p0002,p0001,True,1.0,1.0,1.0,1.0,1.0,1.0,1.0,0.5,0.6666666666666666,1.0,success,
controlled_000552,llama3.1:8b,no_evidence,No Evidence,diagnostic_baseline,question_only_lower_bound,True,controlled,comparison,entity,8000,end,medium,conflicting,Model Alpha 00551,BERT,p0001;p0002,,True,0.0,0.0,0.0,0.0,0.0,0.0,0.0,0.0,0.0,0.0,evidence_localization_failure,
controlled_000552,llama3.1:8b,direct,Full Context,diagnostic_condition,full_context_condition,True,controlled,comparison,entity,8000,end,medium,conflicting,Model Alpha 00551,Model Alpha 00551,p0001;p0002,p0002;p0003,True,1.0,1.0,1.0,1.0,1.0,1.0,0.5,0.5,0.5,1.0,success,
controlled_000552,llama3.1:8b,retrieve_then_read,Retrieved Evidence,diagnostic_condition,evidence_narrowed_condition,True,controlled,comparison,entity,8000,end,medium,conflicting,Model Alpha 00551,Model Beta,p0001;p0002,p0003,True,0.0,0.4,0.0,0.5,0.0,0.4,0.0,0.0,0.0,0.0,evidence_selection_failure,
controlled_000552,llama3.1:8b,oracle,Oracle Evidence,diagnostic_baseline,oracle_evidence_upper_reference,True,controlled,comparison,entity,8000,end,medium,conflicting,Model Alpha 00551,Model Alpha 00551,p0001;p0002,p0001,True,1.0,1.0,1.0,1.0,1.0,1.0,1.0,0.5,0.6666666666666666,1.0,success,
controlled_000270,llama3.1:8b,no_evidence,No Evidence,diagnostic_baseline,question_only_lower_bound,True,controlled,multi_hop,entity,4000,scattered,medium,low,Zurich-00269,London,p0001;p0002,,True,0.0,0.0,0.0,0.0,0.0,0.0,0.0,0.0,0.0,0.0,evidence_localization_failure,
controlled_000270,llama3.1:8b,direct,Full Context,diagnostic_condition,full_context_condition,True,controlled,multi_hop,entity,4000,scattered,medium,low,Zurich-00269,Zurich,p0001;p0002,p0002,True,0.0,0.0,1.0,1.0,0.0,0.0,1.0,0.5,0.6666666666666666,1.0,evidence_integration_failure,
controlled_000270,llama3.1:8b,retrieve_then_read,Retrieved Evidence,diagnostic_condition,evidence_narrowed_condition,True,controlled,multi_hop,entity,4000,scattered,medium,low,Zurich-00269,Zurich,p0001;p0002,p0002,True,0.0,0.0,1.0,1.0,0.0,0.0,1.0,0.5,0.6666666666666666,1.0,evidence_integration_failure,
controlled_000270,llama3.1:8b,oracle,Oracle Evidence,diagnostic_baseline,oracle_evidence_upper_reference,True,controlled,multi_hop,entity,4000,scattered,medium,low,Zurich-00269,Zurich-00269,p0001;p0002,p0002,True,1.0,1.0,1.0,1.0,1.0,1.0,1.0,0.5,0.6666666666666666,1.0,success,
controlled_000765,llama3.1:8b,no_evidence,No Evidence,diagnostic_baseline,question_only_lower_bound,True,controlled,single_hop,entity,16000,middle,low,high,Arcturus Systems 00764,Google,p0001,,True,0.0,0.0,0.0,0.0,0.0,0.0,0.0,0.0,0.0,0.0,evidence_localization_failure,
controlled_000765,llama3.1:8b,direct,Full Context,diagnostic_condition,full_context_condition,True,controlled,single_hop,entity,16000,middle,low,high,Arcturus Systems 00764,archive,p0001,p0001,True,0.0,0.0,0.0,0.0,0.0,0.0,1.0,1.0,1.0,1.0,answer_conversion_failure,
controlled_000765,llama3.1:8b,retrieve_then_read,Retrieved Evidence,diagnostic_condition,evidence_narrowed_condition,True,controlled,single_hop,entity,16000,middle,low,high,Arcturus Systems 00764,Arcturus Systems,p0001,p0001,True,0.0,0.8,1.0,1.0,0.0,0.8,1.0,1.0,1.0,1.0,answer_conversion_failure,
controlled_000765,llama3.1:8b,oracle,Oracle Evidence,diagnostic_baseline,oracle_evidence_upper_reference,True,controlled,single_hop,entity,16000,middle,low,high,Arcturus Systems 00764,Arcturus Systems,p0001,p0001,True,0.0,0.8,1.0,1.0,0.0,0.8,1.0,1.0,1.0,1.0,answer_conversion_failure,
controlled_000599,llama3.1:8b,no_evidence,No Evidence,diagnostic_baseline,question_only_lower_bound,True,controlled,arithmetic,number,8000,scattered,medium,low,593,1000,p0001;p0002,,True,0.0,0.0,0.0,0.0,0.0,0.0,0.0,0.0,0.0,0.0,evidence_localization_failure,
controlled_000599,llama3.1:8b,direct,Full Context,diagnostic_condition,full_context_condition,True,controlled,arithmetic,number,8000,scattered,medium,low,593,593,p0001;p0002,p0001;p0003,True,1.0,1.0,1.0,1.0,1.0,1.0,0.5,0.5,0.5,1.0,success,
controlled_000599,llama3.1:8b,retrieve_then_read,Retrieved Evidence,diagnostic_condition,evidence_narrowed_condition,True,controlled,arithmetic,number,8000,scattered,medium,low,593,814,p0001;p0002,p0001;p0002,True,0.0,0.0,0.0,0.0,0.0,0.0,1.0,1.0,1.0,1.0,answer_conversion_failure,
controlled_000599,llama3.1:8b,oracle,Oracle Evidence,diagnostic_baseline,oracle_evidence_upper_reference,True,controlled,arithmetic,number,8000,scattered,medium,low,593,593,p0001;p0002,p0001;p0002,True,1.0,1.0,1.0,1.0,1.0,1.0,1.0,1.0,1.0,1.0,success,
controlled_000439,llama3.1:8b,no_evidence,No Evidence,diagnostic_baseline,question_only_lower_bound,True,controlled,arithmetic,number,8000,middle,medium,low,377,1000,p0001;p0002,,True,0.0,0.0,0.0,0.0,0.0,0.0,0.0,0.0,0.0,0.0,evidence_localization_failure,
controlled_000439,llama3.1:8b,direct,Full Context,diagnostic_condition,full_context_condition,True,controlled,arithmetic,number,8000,middle,medium,low,377,377,p0001;p0002,p0001;p0002,True,1.0,1.0,1.0,1.0,1.0,1.0,1.0,1.0,1.0,1.0,success,
controlled_000439,llama3.1:8b,retrieve_then_read,Retrieved Evidence,diagnostic_condition,evidence_narrowed_condition,True,controlled,arithmetic,number,8000,middle,medium,low,377,377,p0001;p0002,p0001,True,1.0,1.0,1.0,1.0,1.0,1.0,1.0,0.5,0.6666666666666666,1.0,success,
controlled_000439,llama3.1:8b,oracle,Oracle Evidence,diagnostic_baseline,oracle_evidence_upper_reference,True,controlled,arithmetic,number,8000,middle,medium,low,377,377,p0001;p0002,p0001;p0002,True,1.0,1.0,1.0,1.0,1.0,1.0,1.0,1.0,1.0,1.0,success,
controlled_000598,llama3.1:8b,no_evidence,No Evidence,diagnostic_baseline,question_only_lower_bound,True,controlled,arithmetic,number,8000,scattered,medium,low,392,1000,p0001;p0002,,True,0.0,0.0,0.0,0.0,0.0,0.0,0.0,0.0,0.0,0.0,evidence_localization_failure,
controlled_000598,llama3.1:8b,direct,Full Context,diagnostic_condition,full_context_condition,True,controlled,arithmetic,number,8000,scattered,medium,low,392,392,p0001;p0002,p0001;p0003,True,1.0,1.0,1.0,1.0,1.0,1.0,0.5,0.5,0.5,1.0,success,
controlled_000598,llama3.1:8b,retrieve_then_read,Retrieved Evidence,diagnostic_condition,evidence_narrowed_condition,True,controlled,arithmetic,number,8000,scattered,medium,low,392,466,p0001;p0002,p0001;p0002,True,0.0,0.0,0.0,0.0,0.0,0.0,1.0,1.0,1.0,1.0,answer_conversion_failure,
controlled_000598,llama3.1:8b,oracle,Oracle Evidence,diagnostic_baseline,oracle_evidence_upper_reference,True,controlled,arithmetic,number,8000,scattered,medium,low,392,392,p0001;p0002,p0001;p0002,True,1.0,1.0,1.0,1.0,1.0,1.0,1.0,1.0,1.0,1.0,success,
controlled_000409,llama3.1:8b,no_evidence,No Evidence,diagnostic_baseline,question_only_lower_bound,True,controlled,multi_hop,entity,8000,middle,medium,none,Zurich-00408,London,p0001;p0002,,True,0.0,0.0,0.0,0.0,0.0,0.0,0.0,0.0,0.0,0.0,evidence_localization_failure,
controlled_000409,llama3.1:8b,direct,Full Context,diagnostic_condition,full_context_condition,True,controlled,multi_hop,entity,8000,middle,medium,none,Zurich-00408,Zurich,p0001;p0002,p0002,True,0.0,0.0,1.0,1.0,0.0,0.0,1.0,0.5,0.6666666666666666,1.0,evidence_integration_failure,
controlled_000409,llama3.1:8b,retrieve_then_read,Retrieved Evidence,diagnostic_condition,evidence_narrowed_condition,True,controlled,multi_hop,entity,8000,middle,medium,none,Zurich-00408,Zurich-00408,p0001;p0002,p0002,True,1.0,1.0,1.0,1.0,1.0,1.0,1.0,0.5,0.6666666666666666,1.0,success,
controlled_000409,llama3.1:8b,oracle,Oracle Evidence,diagnostic_baseline,oracle_evidence_upper_reference,True,controlled,multi_hop,entity,8000,middle,medium,none,Zurich-00408,Zurich-00408,p0001;p0002,p0002,True,1.0,1.0,1.0,1.0,1.0,1.0,1.0,0.5,0.6666666666666666,1.0,success,
controlled_000887,llama3.1:8b,no_evidence,No Evidence,diagnostic_baseline,question_only_lower_bound,True,controlled,multi_hop,entity,16000,scattered,medium,none,Zurich-00886,London,p0001;p0002,,True,0.0,0.0,0.0,0.0,0.0,0.0,0.0,0.0,0.0,0.0,evidence_localization_failure,
controlled_000887,llama3.1:8b,direct,Full Context,diagnostic_condition,full_context_condition,True,controlled,multi_hop,entity,16000,scattered,medium,none,Zurich-00886,Zurich,p0001;p0002,p0001,True,0.0,0.0,1.0,1.0,0.0,0.0,1.0,0.5,0.6666666666666666,1.0,evidence_integration_failure,
controlled_000887,llama3.1:8b,retrieve_then_read,Retrieved Evidence,diagnostic_condition,evidence_narrowed_condition,True,controlled,multi_hop,entity,16000,scattered,medium,none,Zurich-00886,Zurich,p0001;p0002,p0002,True,0.0,0.0,1.0,1.0,0.0,0.0,1.0,0.5,0.6666666666666666,1.0,evidence_integration_failure,
controlled_000887,llama3.1:8b,oracle,Oracle Evidence,diagnostic_baseline,oracle_evidence_upper_reference,True,controlled,multi_hop,entity,16000,scattered,medium,none,Zurich-00886,Zurich,p0001;p0002,p0002,True,0.0,0.0,1.0,1.0,0.0,0.0,1.0,0.5,0.6666666666666666,1.0,evidence_integration_failure,
controlled_000844,llama3.1:8b,no_evidence,No Evidence,diagnostic_baseline,question_only_lower_bound,True,controlled,single_hop,entity,16000,end,low,high,Arcturus Systems 00843,Google,p0001,,True,0.0,0.0,0.0,0.0,0.0,0.0,0.0,0.0,0.0,0.0,evidence_localization_failure,
controlled_000844,llama3.1:8b,direct,Full Context,diagnostic_condition,full_context_condition,True,controlled,single_hop,entity,16000,end,low,high,Arcturus Systems 00843,Arcturus Systems,p0001,p0001,True,0.0,0.8,1.0,1.0,0.0,0.8,1.0,1.0,1.0,1.0,answer_conversion_failure,
controlled_000844,llama3.1:8b,retrieve_then_read,Retrieved Evidence,diagnostic_condition,evidence_narrowed_condition,True,controlled,single_hop,entity,16000,end,low,high,Arcturus Systems 00843,Arcturus Systems,p0001,p0001,True,0.0,0.8,1.0,1.0,0.0,0.8,1.0,1.0,1.0,1.0,answer_conversion_failure,
controlled_000844,llama3.1:8b,oracle,Oracle Evidence,diagnostic_baseline,oracle_evidence_upper_reference,True,controlled,single_hop,entity,16000,end,low,high,Arcturus Systems 00843,Arcturus Systems,p0001,p0001,True,0.0,0.8,1.0,1.0,0.0,0.8,1.0,1.0,1.0,1.0,answer_conversion_failure,
controlled_000142,llama3.1:8b,no_evidence,No Evidence,diagnostic_baseline,question_only_lower_bound,True,controlled,single_hop,entity,4000,middle,low,conflicting,Arcturus Systems 00141,Google,p0001,,True,0.0,0.0,0.0,0.0,0.0,0.0,0.0,0.0,0.0,0.0,evidence_localization_failure,
controlled_000142,llama3.1:8b,direct,Full Context,diagnostic_condition,full_context_condition,True,controlled,single_hop,entity,4000,middle,low,conflicting,Arcturus Systems 00141,Arcturus Systems,p0001,p0001,True,0.0,0.8,1.0,1.0,0.0,0.8,1.0,1.0,1.0,1.0,answer_conversion_failure,
controlled_000142,llama3.1:8b,retrieve_then_read,Retrieved Evidence,diagnostic_condition,evidence_narrowed_condition,True,controlled,single_hop,entity,4000,middle,low,conflicting,Arcturus Systems 00141,Arcturus Systems,p0001,p0001,True,0.0,0.8,1.0,1.0,0.0,0.8,1.0,1.0,1.0,1.0,answer_conversion_failure,
controlled_000142,llama3.1:8b,oracle,Oracle Evidence,diagnostic_baseline,oracle_evidence_upper_reference,True,controlled,single_hop,entity,4000,middle,low,conflicting,Arcturus Systems 00141,Arcturus Systems 00141,p0001,p0001,True,1.0,1.0,1.0,1.0,1.0,1.0,1.0,1.0,1.0,1.0,success,
controlled_000522,llama3.1:8b,no_evidence,No Evidence,diagnostic_baseline,question_only_lower_bound,True,controlled,single_hop,entity,8000,end,low,high,Arcturus Systems 00521,Google,p0001,,True,0.0,0.0,0.0,0.0,0.0,0.0,0.0,0.0,0.0,0.0,evidence_localization_failure,
controlled_000522,llama3.1:8b,direct,Full Context,diagnostic_condition,full_context_condition,True,controlled,single_hop,entity,8000,end,low,high,Arcturus Systems 00521,Arcturus Systems,p0001,p0001,True,0.0,0.8,1.0,1.0,0.0,0.8,1.0,1.0,1.0,1.0,answer_conversion_failure,
controlled_000522,llama3.1:8b,retrieve_then_read,Retrieved Evidence,diagnostic_condition,evidence_narrowed_condition,True,controlled,single_hop,entity,8000,end,low,high,Arcturus Systems 00521,Arcturus Systems,p0001,p0001,True,0.0,0.8,1.0,1.0,0.0,0.8,1.0,1.0,1.0,1.0,answer_conversion_failure,
controlled_000522,llama3.1:8b,oracle,Oracle Evidence,diagnostic_baseline,oracle_evidence_upper_reference,True,controlled,single_hop,entity,8000,end,low,high,Arcturus Systems 00521,Arcturus Systems,p0001,p0001,True,0.0,0.8,1.0,1.0,0.0,0.8,1.0,1.0,1.0,1.0,answer_conversion_failure,
controlled_000506,llama3.1:8b,no_evidence,No Evidence,diagnostic_baseline,question_only_lower_bound,True,controlled,multi_hop,entity,8000,end,medium,low,Zurich-00505,London,p0001;p0002,,True,0.0,0.0,0.0,0.0,0.0,0.0,0.0,0.0,0.0,0.0,evidence_localization_failure,
controlled_000506,llama3.1:8b,direct,Full Context,diagnostic_condition,full_context_condition,True,controlled,multi_hop,entity,8000,end,medium,low,Zurich-00505,Zurich,p0001;p0002,p0002,True,0.0,0.0,1.0,1.0,0.0,0.0,1.0,0.5,0.6666666666666666,1.0,evidence_integration_failure,
controlled_000506,llama3.1:8b,retrieve_then_read,Retrieved Evidence,diagnostic_condition,evidence_narrowed_condition,True,controlled,multi_hop,entity,8000,end,medium,low,Zurich-00505,Zurich-00505,p0001;p0002,p0002,True,1.0,1.0,1.0,1.0,1.0,1.0,1.0,0.5,0.6666666666666666,1.0,success,
controlled_000506,llama3.1:8b,oracle,Oracle Evidence,diagnostic_baseline,oracle_evidence_upper_reference,True,controlled,multi_hop,entity,8000,end,medium,low,Zurich-00505,Zurich-00505,p0001;p0002,p0002,True,1.0,1.0,1.0,1.0,1.0,1.0,1.0,0.5,0.6666666666666666,1.0,success,
controlled_000094,llama3.1:8b,no_evidence,No Evidence,diagnostic_baseline,question_only_lower_bound,True,controlled,comparison,entity,4000,middle,medium,none,Model Alpha 00093,BERT,p0001;p0002,,True,0.0,0.0,0.0,0.0,0.0,0.0,0.0,0.0,0.0,0.0,evidence_localization_failure,
controlled_000094,llama3.1:8b,direct,Full Context,diagnostic_condition,full_context_condition,True,controlled,comparison,entity,4000,middle,medium,none,Model Alpha 00093,Model Alpha,p0001;p0002,p0001,True,0.0,0.8,1.0,1.0,0.0,0.8,1.0,0.5,0.6666666666666666,1.0,evidence_integration_failure,
controlled_000094,llama3.1:8b,retrieve_then_read,Retrieved Evidence,diagnostic_condition,evidence_narrowed_condition,True,controlled,comparison,entity,4000,middle,medium,none,Model Alpha 00093,Model Alpha,p0001;p0002,p0001,True,0.0,0.8,1.0,1.0,0.0,0.8,1.0,0.5,0.6666666666666666,1.0,evidence_integration_failure,
controlled_000094,llama3.1:8b,oracle,Oracle Evidence,diagnostic_baseline,oracle_evidence_upper_reference,True,controlled,comparison,entity,4000,middle,medium,none,Model Alpha 00093,Model Alpha,p0001;p0002,p0001,True,0.0,0.8,1.0,1.0,0.0,0.8,1.0,0.5,0.6666666666666666,1.0,evidence_integration_failure,
controlled_000774,llama3.1:8b,no_evidence,No Evidence,diagnostic_baseline,question_only_lower_bound,True,controlled,comparison,entity,16000,middle,medium,high,Model Alpha 00773,BERT,p0001;p0002,,True,0.0,0.0,0.0,0.0,0.0,0.0,0.0,0.0,0.0,0.0,evidence_localization_failure,
controlled_000774,llama3.1:8b,direct,Full Context,diagnostic_condition,full_context_condition,True,controlled,comparison,entity,16000,middle,medium,high,Model Alpha 00773,Model 2,p0001;p0002,p0001,True,0.0,0.4,0.0,0.5,0.0,0.4,1.0,0.5,0.6666666666666666,1.0,evidence_integration_failure,
controlled_000774,llama3.1:8b,retrieve_then_read,Retrieved Evidence,diagnostic_condition,evidence_narrowed_condition,True,controlled,comparison,entity,16000,middle,medium,high,Model Alpha 00773,Model Alpha,p0001;p0002,p0001,True,0.0,0.8,1.0,1.0,0.0,0.8,1.0,0.5,0.6666666666666666,1.0,evidence_integration_failure,
controlled_000774,llama3.1:8b,oracle,Oracle Evidence,diagnostic_baseline,oracle_evidence_upper_reference,True,controlled,comparison,entity,16000,middle,medium,high,Model Alpha 00773,Model Alpha 00773,p0001;p0002,p0001,True,1.0,1.0,1.0,1.0,1.0,1.0,1.0,0.5,0.6666666666666666,1.0,success,
controlled_000049,llama3.1:8b,no_evidence,No Evidence,diagnostic_baseline,question_only_lower_bound,True,controlled,multi_hop,entity,4000,front,medium,high,Zurich-00048,London,p0001;p0002,,True,0.0,0.0,0.0,0.0,0.0,0.0,0.0,0.0,0.0,0.0,evidence_localization_failure,
controlled_000049,llama3.1:8b,direct,Full Context,diagnostic_condition,full_context_condition,True,controlled,multi_hop,entity,4000,front,medium,high,Zurich-00048,Zurich,p0001;p0002,p0002,True,0.0,0.0,1.0,1.0,0.0,0.0,1.0,0.5,0.6666666666666666,1.0,evidence_integration_failure,
controlled_000049,llama3.1:8b,retrieve_then_read,Retrieved Evidence,diagnostic_condition,evidence_narrowed_condition,True,controlled,multi_hop,entity,4000,front,medium,high,Zurich-00048,Zurich,p0001;p0002,p0002;p0003,True,0.0,0.0,1.0,1.0,0.0,0.0,0.5,0.5,0.5,1.0,evidence_integration_failure,
controlled_000049,llama3.1:8b,oracle,Oracle Evidence,diagnostic_baseline,oracle_evidence_upper_reference,True,controlled,multi_hop,entity,4000,front,medium,high,Zurich-00048,Zurich,p0001;p0002,p0002,True,0.0,0.0,1.0,1.0,0.0,0.0,1.0,0.5,0.6666666666666666,1.0,evidence_integration_failure,
controlled_000113,llama3.1:8b,no_evidence,No Evidence,diagnostic_baseline,question_only_lower_bound,True,controlled,comparison,entity,4000,middle,medium,low,Model Alpha 00112,BERT,p0001;p0002,,True,0.0,0.0,0.0,0.0,0.0,0.0,0.0,0.0,0.0,0.0,evidence_localization_failure,
controlled_000113,llama3.1:8b,direct,Full Context,diagnostic_condition,full_context_condition,True,controlled,comparison,entity,4000,middle,medium,low,Model Alpha 00112,Model Alpha,p0001;p0002,p0001,True,0.0,0.8,1.0,1.0,0.0,0.8,1.0,0.5,0.6666666666666666,1.0,evidence_integration_failure,
controlled_000113,llama3.1:8b,retrieve_then_read,Retrieved Evidence,diagnostic_condition,evidence_narrowed_condition,True,controlled,comparison,entity,4000,middle,medium,low,Model Alpha 00112,Model Alpha 00112,p0001;p0002,p0001,True,1.0,1.0,1.0,1.0,1.0,1.0,1.0,0.5,0.6666666666666666,1.0,success,
controlled_000113,llama3.1:8b,oracle,Oracle Evidence,diagnostic_baseline,oracle_evidence_upper_reference,True,controlled,comparison,entity,4000,middle,medium,low,Model Alpha 00112,Model Alpha 00112,p0001;p0002,p0001,True,1.0,1.0,1.0,1.0,1.0,1.0,1.0,0.5,0.6666666666666666,1.0,success,
controlled_000157,llama3.1:8b,no_evidence,No Evidence,diagnostic_baseline,question_only_lower_bound,True,controlled,arithmetic,number,4000,middle,medium,conflicting,396,1000,p0001;p0002,,True,0.0,0.0,0.0,0.0,0.0,0.0,0.0,0.0,0.0,0.0,evidence_localization_failure,
controlled_000157,llama3.1:8b,direct,Full Context,diagnostic_condition,full_context_condition,True,controlled,arithmetic,number,4000,middle,medium,conflicting,396,396,p0001;p0002,p0001,True,1.0,1.0,1.0,1.0,1.0,1.0,1.0,0.5,0.6666666666666666,1.0,success,
controlled_000157,llama3.1:8b,retrieve_then_read,Retrieved Evidence,diagnostic_condition,evidence_narrowed_condition,True,controlled,arithmetic,number,4000,middle,medium,conflicting,396,396,p0001;p0002,p0001,True,1.0,1.0,1.0,1.0,1.0,1.0,1.0,0.5,0.6666666666666666,1.0,success,
controlled_000157,llama3.1:8b,oracle,Oracle Evidence,diagnostic_baseline,oracle_evidence_upper_reference,True,controlled,arithmetic,number,4000,middle,medium,conflicting,396,396,p0001;p0002,p0001;p0002,True,1.0,1.0,1.0,1.0,1.0,1.0,1.0,1.0,1.0,1.0,success,
controlled_000643,llama3.1:8b,no_evidence,No Evidence,diagnostic_baseline,question_only_lower_bound,True,controlled,single_hop,entity,16000,front,low,none,Arcturus Systems 00642,Google,p0001,,True,0.0,0.0,0.0,0.0,0.0,0.0,0.0,0.0,0.0,0.0,evidence_localization_failure,
controlled_000643,llama3.1:8b,direct,Full Context,diagnostic_condition,full_context_condition,True,controlled,single_hop,entity,16000,front,low,none,Arcturus Systems 00642,Google,p0001,,True,0.0,0.0,0.0,0.0,0.0,0.0,0.0,0.0,0.0,0.0,evidence_localization_failure,
controlled_000643,llama3.1:8b,retrieve_then_read,Retrieved Evidence,diagnostic_condition,evidence_narrowed_condition,True,controlled,single_hop,entity,16000,front,low,none,Arcturus Systems 00642,Arcturus Systems,p0001,p0001,True,0.0,0.8,1.0,1.0,0.0,0.8,1.0,1.0,1.0,1.0,answer_conversion_failure,
controlled_000643,llama3.1:8b,oracle,Oracle Evidence,diagnostic_baseline,oracle_evidence_upper_reference,True,controlled,single_hop,entity,16000,front,low,none,Arcturus Systems 00642,Arcturus Systems,p0001,p0001,True,0.0,0.8,1.0,1.0,0.0,0.8,1.0,1.0,1.0,1.0,answer_conversion_failure,
controlled_000919,llama3.1:8b,no_evidence,No Evidence,diagnostic_baseline,question_only_lower_bound,True,controlled,arithmetic,number,16000,scattered,medium,low,669,1000,p0001;p0002,,True,0.0,0.0,0.0,0.0,0.0,0.0,0.0,0.0,0.0,0.0,evidence_localization_failure,
controlled_000919,llama3.1:8b,direct,Full Context,diagnostic_condition,full_context_condition,True,controlled,arithmetic,number,16000,scattered,medium,low,669,1000,p0001;p0002,p0002;p0003,True,0.0,0.0,0.0,0.0,0.0,0.0,0.5,0.5,0.5,1.0,evidence_integration_failure,
controlled_000919,llama3.1:8b,retrieve_then_read,Retrieved Evidence,diagnostic_condition,evidence_narrowed_condition,True,controlled,arithmetic,number,16000,scattered,medium,low,669,669,p0001;p0002,p0001,True,1.0,1.0,1.0,1.0,1.0,1.0,1.0,0.5,0.6666666666666666,1.0,success,
controlled_000919,llama3.1:8b,oracle,Oracle Evidence,diagnostic_baseline,oracle_evidence_upper_reference,True,controlled,arithmetic,number,16000,scattered,medium,low,669,669,p0001;p0002,p0001;p0002,True,1.0,1.0,1.0,1.0,1.0,1.0,1.0,1.0,1.0,1.0,success,
controlled_000697,llama3.1:8b,no_evidence,No Evidence,diagnostic_baseline,question_only_lower_bound,True,controlled,arithmetic,number,16000,front,medium,high,474,1000,p0001;p0002,,True,0.0,0.0,0.0,0.0,0.0,0.0,0.0,0.0,0.0,0.0,evidence_localization_failure,
controlled_000697,llama3.1:8b,direct,Full Context,diagnostic_condition,full_context_condition,True,controlled,arithmetic,number,16000,front,medium,high,474,1000,p0001;p0002,p0003,True,0.0,0.0,0.0,0.0,0.0,0.0,0.0,0.0,0.0,0.0,evidence_selection_failure,
controlled_000697,llama3.1:8b,retrieve_then_read,Retrieved Evidence,diagnostic_condition,evidence_narrowed_condition,True,controlled,arithmetic,number,16000,front,medium,high,474,474,p0001;p0002,p0001;p0002,True,1.0,1.0,1.0,1.0,1.0,1.0,1.0,1.0,1.0,1.0,success,
controlled_000697,llama3.1:8b,oracle,Oracle Evidence,diagnostic_baseline,oracle_evidence_upper_reference,True,controlled,arithmetic,number,16000,front,medium,high,474,474,p0001;p0002,p0001;p0002,True,1.0,1.0,1.0,1.0,1.0,1.0,1.0,1.0,1.0,1.0,success,
controlled_000917,llama3.1:8b,no_evidence,No Evidence,diagnostic_baseline,question_only_lower_bound,True,controlled,arithmetic,number,16000,scattered,medium,low,607,1000,p0001;p0002,,True,0.0,0.0,0.0,0.0,0.0,0.0,0.0,0.0,0.0,0.0,evidence_localization_failure,
controlled_000917,llama3.1:8b,direct,Full Context,diagnostic_condition,full_context_condition,True,controlled,arithmetic,number,16000,scattered,medium,low,607,1000,p0001;p0002,p0001,True,0.0,0.0,0.0,0.0,0.0,0.0,1.0,0.5,0.6666666666666666,1.0,evidence_integration_failure,
controlled_000917,llama3.1:8b,retrieve_then_read,Retrieved Evidence,diagnostic_condition,evidence_narrowed_condition,True,controlled,arithmetic,number,16000,scattered,medium,low,607,607,p0001;p0002,p0001,True,1.0,1.0,1.0,1.0,1.0,1.0,1.0,0.5,0.6666666666666666,1.0,success,
controlled_000917,llama3.1:8b,oracle,Oracle Evidence,diagnostic_baseline,oracle_evidence_upper_reference,True,controlled,arithmetic,number,16000,scattered,medium,low,607,607,p0001;p0002,p0001;p0002,True,1.0,1.0,1.0,1.0,1.0,1.0,1.0,1.0,1.0,1.0,success,
controlled_000611,llama3.1:8b,no_evidence,No Evidence,diagnostic_baseline,question_only_lower_bound,True,controlled,comparison,entity,8000,scattered,medium,high,Model Alpha 00610,BERT,p0001;p0002,,True,0.0,0.0,0.0,0.0,0.0,0.0,0.0,0.0,0.0,0.0,evidence_localization_failure,
controlled_000611,llama3.1:8b,direct,Full Context,diagnostic_condition,full_context_condition,True,controlled,comparison,entity,8000,scattered,medium,high,Model Alpha 00610,Model Beta,p0001;p0002,p0002;p0003,True,0.0,0.4,0.0,0.5,0.0,0.4,0.5,0.5,0.5,1.0,evidence_integration_failure,
controlled_000611,llama3.1:8b,retrieve_then_read,Retrieved Evidence,diagnostic_condition,evidence_narrowed_condition,True,controlled,comparison,entity,8000,scattered,medium,high,Model Alpha 00610,Model Beta 00610,p0001;p0002,p0003;p0002,True,0.0,0.6666666666666666,0.0,0.5,0.0,0.6666666666666666,0.5,0.5,0.5,1.0,evidence_integration_failure,
controlled_000611,llama3.1:8b,oracle,Oracle Evidence,diagnostic_baseline,oracle_evidence_upper_reference,True,controlled,comparison,entity,8000,scattered,medium,high,Model Alpha 00610,Model Alpha 00610,p0001;p0002,p0001;p0002,True,1.0,1.0,1.0,1.0,1.0,1.0,1.0,1.0,1.0,1.0,success,
controlled_000066,llama3.1:8b,no_evidence,No Evidence,diagnostic_baseline,question_only_lower_bound,True,controlled,multi_hop,entity,4000,front,medium,conflicting,Zurich-00065,London,p0001;p0002,,True,0.0,0.0,0.0,0.0,0.0,0.0,0.0,0.0,0.0,0.0,evidence_localization_failure,
controlled_000066,llama3.1:8b,direct,Full Context,diagnostic_condition,full_context_condition,True,controlled,multi_hop,entity,4000,front,medium,conflicting,Zurich-00065,Zurich,p0001;p0002,p0002,True,0.0,0.0,1.0,1.0,0.0,0.0,1.0,0.5,0.6666666666666666,1.0,evidence_integration_failure,
controlled_000066,llama3.1:8b,retrieve_then_read,Retrieved Evidence,diagnostic_condition,evidence_narrowed_condition,True,controlled,multi_hop,entity,4000,front,medium,conflicting,Zurich-00065,Zurich,p0001;p0002,p0002,True,0.0,0.0,1.0,1.0,0.0,0.0,1.0,0.5,0.6666666666666666,1.0,evidence_integration_failure,
controlled_000066,llama3.1:8b,oracle,Oracle Evidence,diagnostic_baseline,oracle_evidence_upper_reference,True,controlled,multi_hop,entity,4000,front,medium,conflicting,Zurich-00065,Zurich,p0001;p0002,p0002,True,0.0,0.0,1.0,1.0,0.0,0.0,1.0,0.5,0.6666666666666666,1.0,evidence_integration_failure,
controlled_000395,llama3.1:8b,no_evidence,No Evidence,diagnostic_baseline,question_only_lower_bound,True,controlled,comparison,entity,8000,front,medium,conflicting,Model Alpha 00394,BERT,p0001;p0002,,True,0.0,0.0,0.0,0.0,0.0,0.0,0.0,0.0,0.0,0.0,evidence_localization_failure,
controlled_000395,llama3.1:8b,direct,Full Context,diagnostic_condition,full_context_condition,True,controlled,comparison,entity,8000,front,medium,conflicting,Model Alpha 00394,Model Beta,p0001;p0002,p0003,True,0.0,0.4,0.0,0.5,0.0,0.4,0.0,0.0,0.0,0.0,evidence_selection_failure,
controlled_000395,llama3.1:8b,retrieve_then_read,Retrieved Evidence,diagnostic_condition,evidence_narrowed_condition,True,controlled,comparison,entity,8000,front,medium,conflicting,Model Alpha 00394,Model Beta,p0001;p0002,p0002;p0003,True,0.0,0.4,0.0,0.5,0.0,0.4,0.5,0.5,0.5,1.0,evidence_integration_failure,
controlled_000395,llama3.1:8b,oracle,Oracle Evidence,diagnostic_baseline,oracle_evidence_upper_reference,True,controlled,comparison,entity,8000,front,medium,conflicting,Model Alpha 00394,Model Alpha 00394,p0001;p0002,p0001;p0002,True,1.0,1.0,1.0,1.0,1.0,1.0,1.0,1.0,1.0,1.0,success,
controlled_000391,llama3.1:8b,no_evidence,No Evidence,diagnostic_baseline,question_only_lower_bound,True,controlled,comparison,entity,8000,front,medium,conflicting,Model Alpha 00390,BERT,p0001;p0002,,True,0.0,0.0,0.0,0.0,0.0,0.0,0.0,0.0,0.0,0.0,evidence_localization_failure,
controlled_000391,llama3.1:8b,direct,Full Context,diagnostic_condition,full_context_condition,True,controlled,comparison,entity,8000,front,medium,conflicting,Model Alpha 00390,Model Beta,p0001;p0002,p0003,True,0.0,0.4,0.0,0.5,0.0,0.4,0.0,0.0,0.0,0.0,evidence_selection_failure,
controlled_000391,llama3.1:8b,retrieve_then_read,Retrieved Evidence,diagnostic_condition,evidence_narrowed_condition,True,controlled,comparison,entity,8000,front,medium,conflicting,Model Alpha 00390,Model Beta 00390,p0001;p0002,p0002;p0003,True,0.0,0.6666666666666666,0.0,0.5,0.0,0.6666666666666666,0.5,0.5,0.5,1.0,evidence_integration_failure,
controlled_000391,llama3.1:8b,oracle,Oracle Evidence,diagnostic_baseline,oracle_evidence_upper_reference,True,controlled,comparison,entity,8000,front,medium,conflicting,Model Alpha 00390,Model Alpha 00390,p0001;p0002,p0001;p0002,True,1.0,1.0,1.0,1.0,1.0,1.0,1.0,1.0,1.0,1.0,success,
controlled_000794,llama3.1:8b,no_evidence,No Evidence,diagnostic_baseline,question_only_lower_bound,True,controlled,comparison,entity,16000,middle,medium,conflicting,Model Alpha 00793,BERT,p0001;p0002,,True,0.0,0.0,0.0,0.0,0.0,0.0,0.0,0.0,0.0,0.0,evidence_localization_failure,
controlled_000794,llama3.1:8b,direct,Full Context,diagnostic_condition,full_context_condition,True,controlled,comparison,entity,16000,middle,medium,conflicting,Model Alpha 00793,Model B,p0001;p0002,p0001,True,0.0,0.4,0.0,0.5,0.0,0.4,1.0,0.5,0.6666666666666666,1.0,evidence_integration_failure,
controlled_000794,llama3.1:8b,retrieve_then_read,Retrieved Evidence,diagnostic_condition,evidence_narrowed_condition,True,controlled,comparison,entity,16000,middle,medium,conflicting,Model Alpha 00793,Model Beta,p0001;p0002,p0003,True,0.0,0.4,0.0,0.5,0.0,0.4,0.0,0.0,0.0,0.0,evidence_selection_failure,
controlled_000794,llama3.1:8b,oracle,Oracle Evidence,diagnostic_baseline,oracle_evidence_upper_reference,True,controlled,comparison,entity,16000,middle,medium,conflicting,Model Alpha 00793,Model Alpha 00793,p0001;p0002,p0001,True,1.0,1.0,1.0,1.0,1.0,1.0,1.0,0.5,0.6666666666666666,1.0,success,
controlled_000480,llama3.1:8b,no_evidence,No Evidence,diagnostic_baseline,question_only_lower_bound,True,controlled,arithmetic,number,8000,middle,medium,conflicting,549,1000,p0001;p0002,,True,0.0,0.0,0.0,0.0,0.0,0.0,0.0,0.0,0.0,0.0,evidence_localization_failure,
controlled_000480,llama3.1:8b,direct,Full Context,diagnostic_condition,full_context_condition,True,controlled,arithmetic,number,8000,middle,medium,conflicting,549,549,p0001;p0002,p0001;p0002,True,1.0,1.0,1.0,1.0,1.0,1.0,1.0,1.0,1.0,1.0,success,
controlled_000480,llama3.1:8b,retrieve_then_read,Retrieved Evidence,diagnostic_condition,evidence_narrowed_condition,True,controlled,arithmetic,number,8000,middle,medium,conflicting,549,549,p0001;p0002,p0002;p0003,True,1.0,1.0,1.0,1.0,1.0,1.0,0.5,0.5,0.5,1.0,success,
controlled_000480,llama3.1:8b,oracle,Oracle Evidence,diagnostic_baseline,oracle_evidence_upper_reference,True,controlled,arithmetic,number,8000,middle,medium,conflicting,549,549,p0001;p0002,p0001;p0002,True,1.0,1.0,1.0,1.0,1.0,1.0,1.0,1.0,1.0,1.0,success,
controlled_000542,llama3.1:8b,no_evidence,No Evidence,diagnostic_baseline,question_only_lower_bound,True,controlled,single_hop,entity,8000,end,low,conflicting,Arcturus Systems 00541,Google,p0001,,True,0.0,0.0,0.0,0.0,0.0,0.0,0.0,0.0,0.0,0.0,evidence_localization_failure,
controlled_000542,llama3.1:8b,direct,Full Context,diagnostic_condition,full_context_condition,True,controlled,single_hop,entity,8000,end,low,conflicting,Arcturus Systems 00541,Arcturus Systems,p0001,p0001,True,0.0,0.8,1.0,1.0,0.0,0.8,1.0,1.0,1.0,1.0,answer_conversion_failure,
controlled_000542,llama3.1:8b,retrieve_then_read,Retrieved Evidence,diagnostic_condition,evidence_narrowed_condition,True,controlled,single_hop,entity,8000,end,low,conflicting,Arcturus Systems 00541,Arcturus Systems,p0001,p0001,True,0.0,0.8,1.0,1.0,0.0,0.8,1.0,1.0,1.0,1.0,answer_conversion_failure,
controlled_000542,llama3.1:8b,oracle,Oracle Evidence,diagnostic_baseline,oracle_evidence_upper_reference,True,controlled,single_hop,entity,8000,end,low,conflicting,Arcturus Systems 00541,Arcturus Systems,p0001,p0001,True,0.0,0.8,1.0,1.0,0.0,0.8,1.0,1.0,1.0,1.0,answer_conversion_failure,
controlled_000258,llama3.1:8b,no_evidence,No Evidence,diagnostic_baseline,question_only_lower_bound,True,controlled,arithmetic,number,4000,scattered,medium,none,341,1000,p0001;p0002,,True,0.0,0.0,0.0,0.0,0.0,0.0,0.0,0.0,0.0,0.0,evidence_localization_failure,
controlled_000258,llama3.1:8b,direct,Full Context,diagnostic_condition,full_context_condition,True,controlled,arithmetic,number,4000,scattered,medium,none,341,341,p0001;p0002,p0001,True,1.0,1.0,1.0,1.0,1.0,1.0,1.0,0.5,0.6666666666666666,1.0,success,
controlled_000258,llama3.1:8b,retrieve_then_read,Retrieved Evidence,diagnostic_condition,evidence_narrowed_condition,True,controlled,arithmetic,number,4000,scattered,medium,none,341,341,p0001;p0002,p0001,True,1.0,1.0,1.0,1.0,1.0,1.0,1.0,0.5,0.6666666666666666,1.0,success,
controlled_000258,llama3.1:8b,oracle,Oracle Evidence,diagnostic_baseline,oracle_evidence_upper_reference,True,controlled,arithmetic,number,4000,scattered,medium,none,341,341,p0001;p0002,p0001;p0002,True,1.0,1.0,1.0,1.0,1.0,1.0,1.0,1.0,1.0,1.0,success,
controlled_000567,llama3.1:8b,no_evidence,No Evidence,diagnostic_baseline,question_only_lower_bound,True,controlled,multi_hop,entity,8000,scattered,medium,none,Zurich-00566,London,p0001;p0002,,True,0.0,0.0,0.0,0.0,0.0,0.0,0.0,0.0,0.0,0.0,evidence_localization_failure,
controlled_000567,llama3.1:8b,direct,Full Context,diagnostic_condition,full_context_condition,True,controlled,multi_hop,entity,8000,scattered,medium,none,Zurich-00566,Zurich,p0001;p0002,p0002,True,0.0,0.0,1.0,1.0,0.0,0.0,1.0,0.5,0.6666666666666666,1.0,evidence_integration_failure,
controlled_000567,llama3.1:8b,retrieve_then_read,Retrieved Evidence,diagnostic_condition,evidence_narrowed_condition,True,controlled,multi_hop,entity,8000,scattered,medium,none,Zurich-00566,Zurich,p0001;p0002,p0002,True,0.0,0.0,1.0,1.0,0.0,0.0,1.0,0.5,0.6666666666666666,1.0,evidence_integration_failure,
controlled_000567,llama3.1:8b,oracle,Oracle Evidence,diagnostic_baseline,oracle_evidence_upper_reference,True,controlled,multi_hop,entity,8000,scattered,medium,none,Zurich-00566,Zurich-00566,p0001;p0002,p0002,True,1.0,1.0,1.0,1.0,1.0,1.0,1.0,0.5,0.6666666666666666,1.0,success,
controlled_000012,llama3.1:8b,no_evidence,No Evidence,diagnostic_baseline,question_only_lower_bound,True,controlled,comparison,entity,4000,front,medium,none,Model Alpha 00011,BERT,p0001;p0002,,True,0.0,0.0,0.0,0.0,0.0,0.0,0.0,0.0,0.0,0.0,evidence_localization_failure,
controlled_000012,llama3.1:8b,direct,Full Context,diagnostic_condition,full_context_condition,True,controlled,comparison,entity,4000,front,medium,none,Model Alpha 00011,Model Alpha,p0001;p0002,p0001,True,0.0,0.8,1.0,1.0,0.0,0.8,1.0,0.5,0.6666666666666666,1.0,evidence_integration_failure,
controlled_000012,llama3.1:8b,retrieve_then_read,Retrieved Evidence,diagnostic_condition,evidence_narrowed_condition,True,controlled,comparison,entity,4000,front,medium,none,Model Alpha 00011,Model Alpha,p0001;p0002,p0001,True,0.0,0.8,1.0,1.0,0.0,0.8,1.0,0.5,0.6666666666666666,1.0,evidence_integration_failure,
controlled_000012,llama3.1:8b,oracle,Oracle Evidence,diagnostic_baseline,oracle_evidence_upper_reference,True,controlled,comparison,entity,4000,front,medium,none,Model Alpha 00011,Model Alpha 00011,p0001;p0002,p0001,True,1.0,1.0,1.0,1.0,1.0,1.0,1.0,0.5,0.6666666666666666,1.0,success,
controlled_000796,llama3.1:8b,no_evidence,No Evidence,diagnostic_baseline,question_only_lower_bound,True,controlled,arithmetic,number,16000,middle,medium,conflicting,404,100,p0001;p0002,,True,0.0,0.0,0.0,0.0,0.0,0.0,0.0,0.0,0.0,0.0,evidence_localization_failure,
controlled_000796,llama3.1:8b,direct,Full Context,diagnostic_condition,full_context_condition,True,controlled,arithmetic,number,16000,middle,medium,conflicting,404,1000,p0001;p0002,p0001,True,0.0,0.0,0.0,0.0,0.0,0.0,1.0,0.5,0.6666666666666666,1.0,evidence_integration_failure,
controlled_000796,llama3.1:8b,retrieve_then_read,Retrieved Evidence,diagnostic_condition,evidence_narrowed_condition,True,controlled,arithmetic,number,16000,middle,medium,conflicting,404,404,p0001;p0002,p0001;p0002,True,1.0,1.0,1.0,1.0,1.0,1.0,1.0,1.0,1.0,1.0,success,
controlled_000796,llama3.1:8b,oracle,Oracle Evidence,diagnostic_baseline,oracle_evidence_upper_reference,True,controlled,arithmetic,number,16000,middle,medium,conflicting,404,404,p0001;p0002,p0001;p0002,True,1.0,1.0,1.0,1.0,1.0,1.0,1.0,1.0,1.0,1.0,success,
controlled_000739,llama3.1:8b,no_evidence,No Evidence,diagnostic_baseline,question_only_lower_bound,True,controlled,arithmetic,number,16000,middle,medium,none,597,1000,p0001;p0002,,True,0.0,0.0,0.0,0.0,0.0,0.0,0.0,0.0,0.0,0.0,evidence_localization_failure,
controlled_000739,llama3.1:8b,direct,Full Context,diagnostic_condition,full_context_condition,True,controlled,arithmetic,number,16000,middle,medium,none,597,1000,p0001;p0002,p0001,True,0.0,0.0,0.0,0.0,0.0,0.0,1.0,0.5,0.6666666666666666,1.0,evidence_integration_failure,
controlled_000739,llama3.1:8b,retrieve_then_read,Retrieved Evidence,diagnostic_condition,evidence_narrowed_condition,True,controlled,arithmetic,number,16000,middle,medium,none,597,597,p0001;p0002,p0001;p0002,True,1.0,1.0,1.0,1.0,1.0,1.0,1.0,1.0,1.0,1.0,success,
controlled_000739,llama3.1:8b,oracle,Oracle Evidence,diagnostic_baseline,oracle_evidence_upper_reference,True,controlled,arithmetic,number,16000,middle,medium,none,597,597,p0001;p0002,p0001;p0002,True,1.0,1.0,1.0,1.0,1.0,1.0,1.0,1.0,1.0,1.0,success,
controlled_000118,llama3.1:8b,no_evidence,No Evidence,diagnostic_baseline,question_only_lower_bound,True,controlled,arithmetic,number,4000,middle,medium,low,600,1000,p0001;p0002,,True,0.0,0.0,0.0,0.0,0.0,0.0,0.0,0.0,0.0,0.0,evidence_localization_failure,
controlled_000118,llama3.1:8b,direct,Full Context,diagnostic_condition,full_context_condition,True,controlled,arithmetic,number,4000,middle,medium,low,600,600,p0001;p0002,p0001,True,1.0,1.0,1.0,1.0,1.0,1.0,1.0,0.5,0.6666666666666666,1.0,success,
controlled_000118,llama3.1:8b,retrieve_then_read,Retrieved Evidence,diagnostic_condition,evidence_narrowed_condition,True,controlled,arithmetic,number,4000,middle,medium,low,600,600,p0001;p0002,p0001;p0002,True,1.0,1.0,1.0,1.0,1.0,1.0,1.0,1.0,1.0,1.0,success,
controlled_000118,llama3.1:8b,oracle,Oracle Evidence,diagnostic_baseline,oracle_evidence_upper_reference,True,controlled,arithmetic,number,4000,middle,medium,low,600,600,p0001;p0002,p0001;p0002,True,1.0,1.0,1.0,1.0,1.0,1.0,1.0,1.0,1.0,1.0,success,
controlled_000699,llama3.1:8b,no_evidence,No Evidence,diagnostic_baseline,question_only_lower_bound,True,controlled,arithmetic,number,16000,front,medium,high,468,1000,p0001;p0002,,True,0.0,0.0,0.0,0.0,0.0,0.0,0.0,0.0,0.0,0.0,evidence_localization_failure,
controlled_000699,llama3.1:8b,direct,Full Context,diagnostic_condition,full_context_condition,True,controlled,arithmetic,number,16000,front,medium,high,468,1000,p0001;p0002,p0003,True,0.0,0.0,0.0,0.0,0.0,0.0,0.0,0.0,0.0,0.0,evidence_selection_failure,
controlled_000699,llama3.1:8b,retrieve_then_read,Retrieved Evidence,diagnostic_condition,evidence_narrowed_condition,True,controlled,arithmetic,number,16000,front,medium,high,468,468,p0001;p0002,p0001;p0002,True,1.0,1.0,1.0,1.0,1.0,1.0,1.0,1.0,1.0,1.0,success,
controlled_000699,llama3.1:8b,oracle,Oracle Evidence,diagnostic_baseline,oracle_evidence_upper_reference,True,controlled,arithmetic,number,16000,front,medium,high,468,468,p0001;p0002,p0001;p0002,True,1.0,1.0,1.0,1.0,1.0,1.0,1.0,1.0,1.0,1.0,success,
controlled_000897,llama3.1:8b,no_evidence,No Evidence,diagnostic_baseline,question_only_lower_bound,True,controlled,arithmetic,number,16000,scattered,medium,none,583,1000,p0001;p0002,,True,0.0,0.0,0.0,0.0,0.0,0.0,0.0,0.0,0.0,0.0,evidence_localization_failure,
controlled_000897,llama3.1:8b,direct,Full Context,diagnostic_condition,full_context_condition,True,controlled,arithmetic,number,16000,scattered,medium,none,583,2000,p0001;p0002,p0001,True,0.0,0.0,0.0,0.0,0.0,0.0,1.0,0.5,0.6666666666666666,1.0,evidence_integration_failure,
controlled_000897,llama3.1:8b,retrieve_then_read,Retrieved Evidence,diagnostic_condition,evidence_narrowed_condition,True,controlled,arithmetic,number,16000,scattered,medium,none,583,583,p0001;p0002,p0001,True,1.0,1.0,1.0,1.0,1.0,1.0,1.0,0.5,0.6666666666666666,1.0,success,
controlled_000897,llama3.1:8b,oracle,Oracle Evidence,diagnostic_baseline,oracle_evidence_upper_reference,True,controlled,arithmetic,number,16000,scattered,medium,none,583,583,p0001;p0002,p0001;p0002,True,1.0,1.0,1.0,1.0,1.0,1.0,1.0,1.0,1.0,1.0,success,
controlled_000769,llama3.1:8b,no_evidence,No Evidence,diagnostic_baseline,question_only_lower_bound,True,controlled,multi_hop,entity,16000,middle,medium,high,Zurich-00768,London,p0001;p0002,,True,0.0,0.0,0.0,0.0,0.0,0.0,0.0,0.0,0.0,0.0,evidence_localization_failure,
controlled_000769,llama3.1:8b,direct,Full Context,diagnostic_condition,full_context_condition,True,controlled,multi_hop,entity,16000,middle,medium,high,Zurich-00768,Zurich,p0001;p0002,p0001,True,0.0,0.0,1.0,1.0,0.0,0.0,1.0,0.5,0.6666666666666666,1.0,evidence_integration_failure,
controlled_000769,llama3.1:8b,retrieve_then_read,Retrieved Evidence,diagnostic_condition,evidence_narrowed_condition,True,controlled,multi_hop,entity,16000,middle,medium,high,Zurich-00768,Zurich,p0001;p0002,p0002,True,0.0,0.0,1.0,1.0,0.0,0.0,1.0,0.5,0.6666666666666666,1.0,evidence_integration_failure,
controlled_000769,llama3.1:8b,oracle,Oracle Evidence,diagnostic_baseline,oracle_evidence_upper_reference,True,controlled,multi_hop,entity,16000,middle,medium,high,Zurich-00768,Zurich,p0001;p0002,p0002,True,0.0,0.0,1.0,1.0,0.0,0.0,1.0,0.5,0.6666666666666666,1.0,evidence_integration_failure,
controlled_000862,llama3.1:8b,no_evidence,No Evidence,diagnostic_baseline,question_only_lower_bound,True,controlled,single_hop,entity,16000,end,low,conflicting,Arcturus Systems 00861,Google,p0001,,True,0.0,0.0,0.0,0.0,0.0,0.0,0.0,0.0,0.0,0.0,evidence_localization_failure,
controlled_000862,llama3.1:8b,direct,Full Context,diagnostic_condition,full_context_condition,True,controlled,single_hop,entity,16000,end,low,conflicting,Arcturus Systems 00861,Arcturus Systems,p0001,p0001,True,0.0,0.8,1.0,1.0,0.0,0.8,1.0,1.0,1.0,1.0,answer_conversion_failure,
controlled_000862,llama3.1:8b,retrieve_then_read,Retrieved Evidence,diagnostic_condition,evidence_narrowed_condition,True,controlled,single_hop,entity,16000,end,low,conflicting,Arcturus Systems 00861,Arcturus Systems,p0001,p0001,True,0.0,0.8,1.0,1.0,0.0,0.8,1.0,1.0,1.0,1.0,answer_conversion_failure,
controlled_000862,llama3.1:8b,oracle,Oracle Evidence,diagnostic_baseline,oracle_evidence_upper_reference,True,controlled,single_hop,entity,16000,end,low,conflicting,Arcturus Systems 00861,Arcturus Systems,p0001,p0001,True,0.0,0.8,1.0,1.0,0.0,0.8,1.0,1.0,1.0,1.0,answer_conversion_failure,
controlled_000657,llama3.1:8b,no_evidence,No Evidence,diagnostic_baseline,question_only_lower_bound,True,controlled,arithmetic,number,16000,front,medium,none,437,1000,p0001;p0002,,True,0.0,0.0,0.0,0.0,0.0,0.0,0.0,0.0,0.0,0.0,evidence_localization_failure,
controlled_000657,llama3.1:8b,direct,Full Context,diagnostic_condition,full_context_condition,True,controlled,arithmetic,number,16000,front,medium,none,437,1000,p0001;p0002,p0001;p0002,True,0.0,0.0,0.0,0.0,0.0,0.0,1.0,1.0,1.0,1.0,answer_conversion_failure,
controlled_000657,llama3.1:8b,retrieve_then_read,Retrieved Evidence,diagnostic_condition,evidence_narrowed_condition,True,controlled,arithmetic,number,16000,front,medium,none,437,437,p0001;p0002,p0001;p0002,True,1.0,1.0,1.0,1.0,1.0,1.0,1.0,1.0,1.0,1.0,success,
controlled_000657,llama3.1:8b,oracle,Oracle Evidence,diagnostic_baseline,oracle_evidence_upper_reference,True,controlled,arithmetic,number,16000,front,medium,none,437,437,p0001;p0002,p0001;p0002,True,1.0,1.0,1.0,1.0,1.0,1.0,1.0,1.0,1.0,1.0,success,
controlled_000916,llama3.1:8b,no_evidence,No Evidence,diagnostic_baseline,question_only_lower_bound,True,controlled,arithmetic,number,16000,scattered,medium,low,398,1000,p0001;p0002,,True,0.0,0.0,0.0,0.0,0.0,0.0,0.0,0.0,0.0,0.0,evidence_localization_failure,
controlled_000916,llama3.1:8b,direct,Full Context,diagnostic_condition,full_context_condition,True,controlled,arithmetic,number,16000,scattered,medium,low,398,1000,p0001;p0002,p0001,True,0.0,0.0,0.0,0.0,0.0,0.0,1.0,0.5,0.6666666666666666,1.0,evidence_integration_failure,
controlled_000916,llama3.1:8b,retrieve_then_read,Retrieved Evidence,diagnostic_condition,evidence_narrowed_condition,True,controlled,arithmetic,number,16000,scattered,medium,low,398,398,p0001;p0002,p0001,True,1.0,1.0,1.0,1.0,1.0,1.0,1.0,0.5,0.6666666666666666,1.0,success,
controlled_000916,llama3.1:8b,oracle,Oracle Evidence,diagnostic_baseline,oracle_evidence_upper_reference,True,controlled,arithmetic,number,16000,scattered,medium,low,398,398,p0001;p0002,p0001;p0002,True,1.0,1.0,1.0,1.0,1.0,1.0,1.0,1.0,1.0,1.0,success,
controlled_000959,llama3.1:8b,no_evidence,No Evidence,diagnostic_baseline,question_only_lower_bound,True,controlled,arithmetic,number,16000,scattered,medium,conflicting,432,1000,p0001;p0002,,True,0.0,0.0,0.0,0.0,0.0,0.0,0.0,0.0,0.0,0.0,evidence_localization_failure,
controlled_000959,llama3.1:8b,direct,Full Context,diagnostic_condition,full_context_condition,True,controlled,arithmetic,number,16000,scattered,medium,conflicting,432,1000,p0001;p0002,p0001,True,0.0,0.0,0.0,0.0,0.0,0.0,1.0,0.5,0.6666666666666666,1.0,evidence_integration_failure,
controlled_000959,llama3.1:8b,retrieve_then_read,Retrieved Evidence,diagnostic_condition,evidence_narrowed_condition,True,controlled,arithmetic,number,16000,scattered,medium,conflicting,432,432,p0001;p0002,p0001;p0002,True,1.0,1.0,1.0,1.0,1.0,1.0,1.0,1.0,1.0,1.0,success,
controlled_000959,llama3.1:8b,oracle,Oracle Evidence,diagnostic_baseline,oracle_evidence_upper_reference,True,controlled,arithmetic,number,16000,scattered,medium,conflicting,432,432,p0001;p0002,p0001;p0002,True,1.0,1.0,1.0,1.0,1.0,1.0,1.0,1.0,1.0,1.0,success,
controlled_000892,llama3.1:8b,no_evidence,No Evidence,diagnostic_baseline,question_only_lower_bound,True,controlled,comparison,entity,16000,scattered,medium,none,Model Alpha 00891,BERT,p0001;p0002,,True,0.0,0.0,0.0,0.0,0.0,0.0,0.0,0.0,0.0,0.0,evidence_localization_failure,
controlled_000892,llama3.1:8b,direct,Full Context,diagnostic_condition,full_context_condition,True,controlled,comparison,entity,16000,scattered,medium,none,Model Alpha 00891,archive,p0001;p0002,p0002,True,0.0,0.0,0.0,0.0,0.0,0.0,1.0,0.5,0.6666666666666666,1.0,evidence_integration_failure,
controlled_000892,llama3.1:8b,retrieve_then_read,Retrieved Evidence,diagnostic_condition,evidence_narrowed_condition,True,controlled,comparison,entity,16000,scattered,medium,none,Model Alpha 00891,Model Alpha,p0001;p0002,p0001,True,0.0,0.8,1.0,1.0,0.0,0.8,1.0,0.5,0.6666666666666666,1.0,evidence_integration_failure,
controlled_000892,llama3.1:8b,oracle,Oracle Evidence,diagnostic_baseline,oracle_evidence_upper_reference,True,controlled,comparison,entity,16000,scattered,medium,none,Model Alpha 00891,Model Alpha 00891,p0001;p0002,p0001;p0002,True,1.0,1.0,1.0,1.0,1.0,1.0,1.0,1.0,1.0,1.0,success,
controlled_000446,llama3.1:8b,no_evidence,No Evidence,diagnostic_baseline,question_only_lower_bound,True,controlled,multi_hop,entity,8000,middle,medium,high,Zurich-00445,London,p0001;p0002,,True,0.0,0.0,0.0,0.0,0.0,0.0,0.0,0.0,0.0,0.0,evidence_localization_failure,
controlled_000446,llama3.1:8b,direct,Full Context,diagnostic_condition,full_context_condition,True,controlled,multi_hop,entity,8000,middle,medium,high,Zurich-00445,Zurich-00445,p0001;p0002,p0002,True,1.0,1.0,1.0,1.0,1.0,1.0,1.0,0.5,0.6666666666666666,1.0,success,
controlled_000446,llama3.1:8b,retrieve_then_read,Retrieved Evidence,diagnostic_condition,evidence_narrowed_condition,True,controlled,multi_hop,entity,8000,middle,medium,high,Zurich-00445,Zurich,p0001;p0002,p0002,True,0.0,0.0,1.0,1.0,0.0,0.0,1.0,0.5,0.6666666666666666,1.0,evidence_integration_failure,
controlled_000446,llama3.1:8b,oracle,Oracle Evidence,diagnostic_baseline,oracle_evidence_upper_reference,True,controlled,multi_hop,entity,8000,middle,medium,high,Zurich-00445,Zurich-00445,p0001;p0002,p0002,True,1.0,1.0,1.0,1.0,1.0,1.0,1.0,0.5,0.6666666666666666,1.0,success,
controlled_000162,llama3.1:8b,no_evidence,No Evidence,diagnostic_baseline,question_only_lower_bound,True,controlled,single_hop,entity,4000,end,low,none,Arcturus Systems 00161,Google,p0001,,True,0.0,0.0,0.0,0.0,0.0,0.0,0.0,0.0,0.0,0.0,evidence_localization_failure,
controlled_000162,llama3.1:8b,direct,Full Context,diagnostic_condition,full_context_condition,True,controlled,single_hop,entity,4000,end,low,none,Arcturus Systems 00161,Arcturus Systems,p0001,p0001,True,0.0,0.8,1.0,1.0,0.0,0.8,1.0,1.0,1.0,1.0,answer_conversion_failure,
controlled_000162,llama3.1:8b,retrieve_then_read,Retrieved Evidence,diagnostic_condition,evidence_narrowed_condition,True,controlled,single_hop,entity,4000,end,low,none,Arcturus Systems 00161,Arcturus Systems,p0001,p0001,True,0.0,0.8,1.0,1.0,0.0,0.8,1.0,1.0,1.0,1.0,answer_conversion_failure,
controlled_000162,llama3.1:8b,oracle,Oracle Evidence,diagnostic_baseline,oracle_evidence_upper_reference,True,controlled,single_hop,entity,4000,end,low,none,Arcturus Systems 00161,Arcturus Systems 00161,p0001,p0001,True,1.0,1.0,1.0,1.0,1.0,1.0,1.0,1.0,1.0,1.0,success,
controlled_000871,llama3.1:8b,no_evidence,No Evidence,diagnostic_baseline,question_only_lower_bound,True,controlled,comparison,entity,16000,end,medium,conflicting,Model Alpha 00870,BERT,p0001;p0002,,True,0.0,0.0,0.0,0.0,0.0,0.0,0.0,0.0,0.0,0.0,evidence_localization_failure,
controlled_000871,llama3.1:8b,direct,Full Context,diagnostic_condition,full_context_condition,True,controlled,comparison,entity,16000,end,medium,conflicting,Model Alpha 00870,Model Alpha 00870,p0001;p0002,p0002;p0001,True,1.0,1.0,1.0,1.0,1.0,1.0,1.0,1.0,1.0,1.0,success,
controlled_000871,llama3.1:8b,retrieve_then_read,Retrieved Evidence,diagnostic_condition,evidence_narrowed_condition,True,controlled,comparison,entity,16000,end,medium,conflicting,Model Alpha 00870,Model Beta 00870,p0001;p0002,p0002;p0003,True,0.0,0.6666666666666666,0.0,0.5,0.0,0.6666666666666666,0.5,0.5,0.5,1.0,evidence_integration_failure,
controlled_000871,llama3.1:8b,oracle,Oracle Evidence,diagnostic_baseline,oracle_evidence_upper_reference,True,controlled,comparison,entity,16000,end,medium,conflicting,Model Alpha 00870,Model Alpha 00870,p0001;p0002,p0001;p0002,True,1.0,1.0,1.0,1.0,1.0,1.0,1.0,1.0,1.0,1.0,success,
controlled_000004,llama3.1:8b,no_evidence,No Evidence,diagnostic_baseline,question_only_lower_bound,True,controlled,single_hop,entity,4000,front,low,none,Arcturus Systems 00003,Google,p0001,,True,0.0,0.0,0.0,0.0,0.0,0.0,0.0,0.0,0.0,0.0,evidence_localization_failure,
controlled_000004,llama3.1:8b,direct,Full Context,diagnostic_condition,full_context_condition,True,controlled,single_hop,entity,4000,front,low,none,Arcturus Systems 00003,Arcturus Systems,p0001,p0001,True,0.0,0.8,1.0,1.0,0.0,0.8,1.0,1.0,1.0,1.0,answer_conversion_failure,
controlled_000004,llama3.1:8b,retrieve_then_read,Retrieved Evidence,diagnostic_condition,evidence_narrowed_condition,True,controlled,single_hop,entity,4000,front,low,none,Arcturus Systems 00003,Arcturus Systems,p0001,p0001,True,0.0,0.8,1.0,1.0,0.0,0.8,1.0,1.0,1.0,1.0,answer_conversion_failure,
controlled_000004,llama3.1:8b,oracle,Oracle Evidence,diagnostic_baseline,oracle_evidence_upper_reference,True,controlled,single_hop,entity,4000,front,low,none,Arcturus Systems 00003,Arcturus Systems,p0001,p0001,True,0.0,0.8,1.0,1.0,0.0,0.8,1.0,1.0,1.0,1.0,answer_conversion_failure,
controlled_000740,llama3.1:8b,no_evidence,No Evidence,diagnostic_baseline,question_only_lower_bound,True,controlled,arithmetic,number,16000,middle,medium,none,486,1000,p0001;p0002,,True,0.0,0.0,0.0,0.0,0.0,0.0,0.0,0.0,0.0,0.0,evidence_localization_failure,
controlled_000740,llama3.1:8b,direct,Full Context,diagnostic_condition,full_context_condition,True,controlled,arithmetic,number,16000,middle,medium,none,486,1000,p0001;p0002,p0001,True,0.0,0.0,0.0,0.0,0.0,0.0,1.0,0.5,0.6666666666666666,1.0,evidence_integration_failure,
controlled_000740,llama3.1:8b,retrieve_then_read,Retrieved Evidence,diagnostic_condition,evidence_narrowed_condition,True,controlled,arithmetic,number,16000,middle,medium,none,486,486,p0001;p0002,p0001;p0002,True,1.0,1.0,1.0,1.0,1.0,1.0,1.0,1.0,1.0,1.0,success,
controlled_000740,llama3.1:8b,oracle,Oracle Evidence,diagnostic_baseline,oracle_evidence_upper_reference,True,controlled,arithmetic,number,16000,middle,medium,none,486,486,p0001;p0002,p0001;p0002,True,1.0,1.0,1.0,1.0,1.0,1.0,1.0,1.0,1.0,1.0,success,
controlled_000737,llama3.1:8b,no_evidence,No Evidence,diagnostic_baseline,question_only_lower_bound,True,controlled,arithmetic,number,16000,middle,medium,none,609,1000,p0001;p0002,,True,0.0,0.0,0.0,0.0,0.0,0.0,0.0,0.0,0.0,0.0,evidence_localization_failure,
controlled_000737,llama3.1:8b,direct,Full Context,diagnostic_condition,full_context_condition,True,controlled,arithmetic,number,16000,middle,medium,none,609,414,p0001;p0002,p0001,True,0.0,0.0,0.0,0.0,0.0,0.0,1.0,0.5,0.6666666666666666,1.0,evidence_integration_failure,
controlled_000737,llama3.1:8b,retrieve_then_read,Retrieved Evidence,diagnostic_condition,evidence_narrowed_condition,True,controlled,arithmetic,number,16000,middle,medium,none,609,609,p0001;p0002,p0001;p0002,True,1.0,1.0,1.0,1.0,1.0,1.0,1.0,1.0,1.0,1.0,success,
controlled_000737,llama3.1:8b,oracle,Oracle Evidence,diagnostic_baseline,oracle_evidence_upper_reference,True,controlled,arithmetic,number,16000,middle,medium,none,609,609,p0001;p0002,p0001;p0002,True,1.0,1.0,1.0,1.0,1.0,1.0,1.0,1.0,1.0,1.0,success,
controlled_000814,llama3.1:8b,no_evidence,No Evidence,diagnostic_baseline,question_only_lower_bound,True,controlled,comparison,entity,16000,end,medium,none,Model Alpha 00813,BERT,p0001;p0002,,True,0.0,0.0,0.0,0.0,0.0,0.0,0.0,0.0,0.0,0.0,evidence_localization_failure,
controlled_000814,llama3.1:8b,direct,Full Context,diagnostic_condition,full_context_condition,True,controlled,comparison,entity,16000,end,medium,none,Model Alpha 00813,Model Alpha 00813,p0001;p0002,p0001,True,1.0,1.0,1.0,1.0,1.0,1.0,1.0,0.5,0.6666666666666666,1.0,success,
controlled_000814,llama3.1:8b,retrieve_then_read,Retrieved Evidence,diagnostic_condition,evidence_narrowed_condition,True,controlled,comparison,entity,16000,end,medium,none,Model Alpha 00813,Model Alpha 00813,p0001;p0002,p0001,True,1.0,1.0,1.0,1.0,1.0,1.0,1.0,0.5,0.6666666666666666,1.0,success,
controlled_000814,llama3.1:8b,oracle,Oracle Evidence,diagnostic_baseline,oracle_evidence_upper_reference,True,controlled,comparison,entity,16000,end,medium,none,Model Alpha 00813,Model Alpha 00813,p0001;p0002,p0001,True,1.0,1.0,1.0,1.0,1.0,1.0,1.0,0.5,0.6666666666666666,1.0,success,
controlled_000513,llama3.1:8b,no_evidence,No Evidence,diagnostic_baseline,question_only_lower_bound,True,controlled,comparison,entity,8000,end,medium,low,Model Alpha 00512,BERT,p0001;p0002,,True,0.0,0.0,0.0,0.0,0.0,0.0,0.0,0.0,0.0,0.0,evidence_localization_failure,
controlled_000513,llama3.1:8b,direct,Full Context,diagnostic_condition,full_context_condition,True,controlled,comparison,entity,8000,end,medium,low,Model Alpha 00512,Model Alpha,p0001;p0002,p0001,True,0.0,0.8,1.0,1.0,0.0,0.8,1.0,0.5,0.6666666666666666,1.0,evidence_integration_failure,
controlled_000513,llama3.1:8b,retrieve_then_read,Retrieved Evidence,diagnostic_condition,evidence_narrowed_condition,True,controlled,comparison,entity,8000,end,medium,low,Model Alpha 00512,Model Alpha 00512,p0001;p0002,p0001,True,1.0,1.0,1.0,1.0,1.0,1.0,1.0,0.5,0.6666666666666666,1.0,success,
controlled_000513,llama3.1:8b,oracle,Oracle Evidence,diagnostic_baseline,oracle_evidence_upper_reference,True,controlled,comparison,entity,8000,end,medium,low,Model Alpha 00512,Model Alpha 00512,p0001;p0002,p0001;p0002,True,1.0,1.0,1.0,1.0,1.0,1.0,1.0,1.0,1.0,1.0,success,
controlled_000183,llama3.1:8b,no_evidence,No Evidence,diagnostic_baseline,question_only_lower_bound,True,controlled,single_hop,entity,4000,end,low,low,Arcturus Systems 00182,Google,p0001,,True,0.0,0.0,0.0,0.0,0.0,0.0,0.0,0.0,0.0,0.0,evidence_localization_failure,
controlled_000183,llama3.1:8b,direct,Full Context,diagnostic_condition,full_context_condition,True,controlled,single_hop,entity,4000,end,low,low,Arcturus Systems 00182,Arcturus Systems,p0001,p0001,True,0.0,0.8,1.0,1.0,0.0,0.8,1.0,1.0,1.0,1.0,answer_conversion_failure,
controlled_000183,llama3.1:8b,retrieve_then_read,Retrieved Evidence,diagnostic_condition,evidence_narrowed_condition,True,controlled,single_hop,entity,4000,end,low,low,Arcturus Systems 00182,Arcturus Systems,p0001,p0001,True,0.0,0.8,1.0,1.0,0.0,0.8,1.0,1.0,1.0,1.0,answer_conversion_failure,
controlled_000183,llama3.1:8b,oracle,Oracle Evidence,diagnostic_baseline,oracle_evidence_upper_reference,True,controlled,single_hop,entity,4000,end,low,low,Arcturus Systems 00182,Arcturus Systems 00182,p0001,p0001,True,1.0,1.0,1.0,1.0,1.0,1.0,1.0,1.0,1.0,1.0,success,
controlled_000520,llama3.1:8b,no_evidence,No Evidence,diagnostic_baseline,question_only_lower_bound,True,controlled,arithmetic,number,8000,end,medium,low,644,1000,p0001;p0002,,True,0.0,0.0,0.0,0.0,0.0,0.0,0.0,0.0,0.0,0.0,evidence_localization_failure,
controlled_000520,llama3.1:8b,direct,Full Context,diagnostic_condition,full_context_condition,True,controlled,arithmetic,number,8000,end,medium,low,644,644,p0001;p0002,p0001;p0002,True,1.0,1.0,1.0,1.0,1.0,1.0,1.0,1.0,1.0,1.0,success,
controlled_000520,llama3.1:8b,retrieve_then_read,Retrieved Evidence,diagnostic_condition,evidence_narrowed_condition,True,controlled,arithmetic,number,8000,end,medium,low,644,644,p0001;p0002,p0001;p0002,True,1.0,1.0,1.0,1.0,1.0,1.0,1.0,1.0,1.0,1.0,success,
controlled_000520,llama3.1:8b,oracle,Oracle Evidence,diagnostic_baseline,oracle_evidence_upper_reference,True,controlled,arithmetic,number,8000,end,medium,low,644,644,p0001;p0002,p0001;p0002,True,1.0,1.0,1.0,1.0,1.0,1.0,1.0,1.0,1.0,1.0,success,
controlled_000109,llama3.1:8b,no_evidence,No Evidence,diagnostic_baseline,question_only_lower_bound,True,controlled,multi_hop,entity,4000,middle,medium,low,Zurich-00108,London,p0001;p0002,,True,0.0,0.0,0.0,0.0,0.0,0.0,0.0,0.0,0.0,0.0,evidence_localization_failure,
controlled_000109,llama3.1:8b,direct,Full Context,diagnostic_condition,full_context_condition,True,controlled,multi_hop,entity,4000,middle,medium,low,Zurich-00108,Zurich,p0001;p0002,p0002,True,0.0,0.0,1.0,1.0,0.0,0.0,1.0,0.5,0.6666666666666666,1.0,evidence_integration_failure,
controlled_000109,llama3.1:8b,retrieve_then_read,Retrieved Evidence,diagnostic_condition,evidence_narrowed_condition,True,controlled,multi_hop,entity,4000,middle,medium,low,Zurich-00108,Zurich-00108,p0001;p0002,p0002,True,1.0,1.0,1.0,1.0,1.0,1.0,1.0,0.5,0.6666666666666666,1.0,success,
controlled_000109,llama3.1:8b,oracle,Oracle Evidence,diagnostic_baseline,oracle_evidence_upper_reference,True,controlled,multi_hop,entity,4000,middle,medium,low,Zurich-00108,Zurich-00108,p0001;p0002,p0002,True,1.0,1.0,1.0,1.0,1.0,1.0,1.0,0.5,0.6666666666666666,1.0,success,
controlled_000641,llama3.1:8b,no_evidence,No Evidence,diagnostic_baseline,question_only_lower_bound,True,controlled,single_hop,entity,16000,front,low,none,Arcturus Systems 00640,Google,p0001,,True,0.0,0.0,0.0,0.0,0.0,0.0,0.0,0.0,0.0,0.0,evidence_localization_failure,
controlled_000641,llama3.1:8b,direct,Full Context,diagnostic_condition,full_context_condition,True,controlled,single_hop,entity,16000,front,low,none,Arcturus Systems 00640,archive,p0001,,True,0.0,0.0,0.0,0.0,0.0,0.0,0.0,0.0,0.0,0.0,evidence_localization_failure,
controlled_000641,llama3.1:8b,retrieve_then_read,Retrieved Evidence,diagnostic_condition,evidence_narrowed_condition,True,controlled,single_hop,entity,16000,front,low,none,Arcturus Systems 00640,Arcturus Systems,p0001,p0001,True,0.0,0.8,1.0,1.0,0.0,0.8,1.0,1.0,1.0,1.0,answer_conversion_failure,
controlled_000641,llama3.1:8b,oracle,Oracle Evidence,diagnostic_baseline,oracle_evidence_upper_reference,True,controlled,single_hop,entity,16000,front,low,none,Arcturus Systems 00640,Arcturus Systems 00640,p0001,p0001,True,1.0,1.0,1.0,1.0,1.0,1.0,1.0,1.0,1.0,1.0,success,
controlled_000306,llama3.1:8b,no_evidence,No Evidence,diagnostic_baseline,question_only_lower_bound,True,controlled,multi_hop,entity,4000,scattered,medium,conflicting,Zurich-00305,London,p0001;p0002,,True,0.0,0.0,0.0,0.0,0.0,0.0,0.0,0.0,0.0,0.0,evidence_localization_failure,
controlled_000306,llama3.1:8b,direct,Full Context,diagnostic_condition,full_context_condition,True,controlled,multi_hop,entity,4000,scattered,medium,conflicting,Zurich-00305,Zurich,p0001;p0002,p0002,True,0.0,0.0,1.0,1.0,0.0,0.0,1.0,0.5,0.6666666666666666,1.0,evidence_integration_failure,
controlled_000306,llama3.1:8b,retrieve_then_read,Retrieved Evidence,diagnostic_condition,evidence_narrowed_condition,True,controlled,multi_hop,entity,4000,scattered,medium,conflicting,Zurich-00305,Zurich,p0001;p0002,p0002,True,0.0,0.0,1.0,1.0,0.0,0.0,1.0,0.5,0.6666666666666666,1.0,evidence_integration_failure,
controlled_000306,llama3.1:8b,oracle,Oracle Evidence,diagnostic_baseline,oracle_evidence_upper_reference,True,controlled,multi_hop,entity,4000,scattered,medium,conflicting,Zurich-00305,Zurich-00305,p0001;p0002,p0002,True,1.0,1.0,1.0,1.0,1.0,1.0,1.0,0.5,0.6666666666666666,1.0,success,
