sample_id,source,dataset_name,retriever,top_k,chunk_size,overlap,reasoning_type,context_length,evidence_position,evidence_density,distractor_similarity,gold_evidence_ids,retrieved_evidence_ids,retrieved_chunk_indices,retrieved_passage_count,gold_passage_count,oracle_hit_rate,full_chain_coverage,retrieval_precision,retrieval_recall,retrieval_f1,distractor_id_rate
hotpotqa_5adbf0a255429947ff17385a,hotpotqa,hotpotqa_oncu_200,lexical,3,220,40,comparison,4000,front,low,unknown,p0001;p0002,p0001;p0002,0;1;21,2.0,2.0,1.0,1.0,1.0,1.0,1.0,0.0
hotpotqa_5adbf0a255429947ff17385a,hotpotqa,hotpotqa_oncu_200,lexical,5,220,40,comparison,4000,front,low,unknown,p0001;p0002,p0001;p0002,0;1;21;10;4,2.0,2.0,1.0,1.0,1.0,1.0,1.0,0.0
hotpotqa_5adbf0a255429947ff17385a,hotpotqa,hotpotqa_oncu_200,lexical,8,220,40,comparison,4000,front,low,unknown,p0001;p0002,p0001;p0002;p0009;p0010;p0011,0;1;21;10;4;18;12;8,5.0,2.0,1.0,1.0,0.4,1.0,0.5714285714285715,0.6
hotpotqa_5adbf0a255429947ff17385a,hotpotqa,hotpotqa_oncu_200,lexical,16,220,40,comparison,4000,front,low,unknown,p0001;p0002,p0001;p0002;p0009;p0010;p0011;p0007;p0008,0;1;21;10;4;18;12;8;15;13;7;2;16;20;9;17,7.0,2.0,1.0,1.0,0.2857142857142857,1.0,0.4444444444444445,0.7142857142857143
hotpotqa_5adbf0a255429947ff17385a,hotpotqa,hotpotqa_oncu_200,dense,3,220,40,comparison,4000,front,low,unknown,p0001;p0002,p0002;p0007;p0008;p0009,1;7;13,4.0,2.0,1.0,0.0,0.25,0.5,0.3333333333333333,0.75
hotpotqa_5adbf0a255429947ff17385a,hotpotqa,hotpotqa_oncu_200,dense,5,220,40,comparison,4000,front,low,unknown,p0001;p0002,p0002;p0007;p0008;p0009;p0001,1;7;13;0;10,5.0,2.0,1.0,1.0,0.4,1.0,0.5714285714285715,0.6
hotpotqa_5adbf0a255429947ff17385a,hotpotqa,hotpotqa_oncu_200,dense,8,220,40,comparison,4000,front,low,unknown,p0001;p0002,p0002;p0007;p0008;p0009;p0001;p0010;p0011,1;7;13;0;10;12;8;18,7.0,2.0,1.0,1.0,0.2857142857142857,1.0,0.4444444444444445,0.7142857142857143
hotpotqa_5adbf0a255429947ff17385a,hotpotqa,hotpotqa_oncu_200,dense,16,220,40,comparison,4000,front,low,unknown,p0001;p0002,p0002;p0007;p0008;p0009;p0001;p0010;p0011,1;7;13;0;10;12;8;18;2;20;4;21;17;16;15;19,7.0,2.0,1.0,1.0,0.2857142857142857,1.0,0.4444444444444445,0.7142857142857143
hotpotqa_5adbf0a255429947ff17385a,hotpotqa,hotpotqa_oncu_200,hybrid,3,220,40,comparison,4000,front,low,unknown,p0001;p0002,p0002;p0001,1;0;10,2.0,2.0,1.0,1.0,1.0,1.0,1.0,0.0
hotpotqa_5adbf0a255429947ff17385a,hotpotqa,hotpotqa_oncu_200,hybrid,5,220,40,comparison,4000,front,low,unknown,p0001;p0002,p0002;p0001;p0007;p0008;p0009,1;0;10;7;13,5.0,2.0,1.0,1.0,0.4,1.0,0.5714285714285715,0.6
hotpotqa_5adbf0a255429947ff17385a,hotpotqa,hotpotqa_oncu_200,hybrid,8,220,40,comparison,4000,front,low,unknown,p0001;p0002,p0002;p0001;p0007;p0008;p0009,1;0;10;7;13;12;18;21,5.0,2.0,1.0,1.0,0.4,1.0,0.5714285714285715,0.6
hotpotqa_5adbf0a255429947ff17385a,hotpotqa,hotpotqa_oncu_200,hybrid,16,220,40,comparison,4000,front,low,unknown,p0001;p0002,p0002;p0001;p0007;p0008;p0009;p0010;p0011,1;0;10;7;13;12;18;21;8;4;2;15;20;16;17;9,7.0,2.0,1.0,1.0,0.2857142857142857,1.0,0.4444444444444445,0.7142857142857143
hotpotqa_5adbf0a255429947ff17385a,hotpotqa,hotpotqa_oncu_200,iterative,3,220,40,comparison,4000,front,low,unknown,p0001;p0002,p0001;p0002,0;10;1,2.0,2.0,1.0,1.0,1.0,1.0,1.0,0.0
hotpotqa_5adbf0a255429947ff17385a,hotpotqa,hotpotqa_oncu_200,iterative,5,220,40,comparison,4000,front,low,unknown,p0001;p0002,p0001;p0002,0;10;1;12;3,2.0,2.0,1.0,1.0,1.0,1.0,1.0,0.0
hotpotqa_5adbf0a255429947ff17385a,hotpotqa,hotpotqa_oncu_200,iterative,8,220,40,comparison,4000,front,low,unknown,p0001;p0002,p0001;p0002;p0003;p0004;p0006;p0007,0;10;1;12;3;6;17;21,6.0,2.0,1.0,1.0,0.3333333333333333,1.0,0.5,0.6666666666666666
hotpotqa_5adbf0a255429947ff17385a,hotpotqa,hotpotqa_oncu_200,iterative,16,220,40,comparison,4000,front,low,unknown,p0001;p0002,p0001;p0002;p0003;p0004;p0006;p0007;p0008;p0009;p0010;p0011,0;10;1;12;3;6;17;21;11;20;14;7;4;8;16;13,10.0,2.0,1.0,1.0,0.2,1.0,0.33333333333333337,0.8
hotpotqa_5adbf0a255429947ff17385a,hotpotqa,hotpotqa_oncu_200,oracle,3,220,40,comparison,4000,front,low,unknown,p0001;p0002,p0001;p0002,0;1,2.0,2.0,1.0,1.0,1.0,1.0,1.0,0.0
hotpotqa_5adbf0a255429947ff17385a,hotpotqa,hotpotqa_oncu_200,oracle,5,220,40,comparison,4000,front,low,unknown,p0001;p0002,p0001;p0002,0;1,2.0,2.0,1.0,1.0,1.0,1.0,1.0,0.0
hotpotqa_5adbf0a255429947ff17385a,hotpotqa,hotpotqa_oncu_200,oracle,8,220,40,comparison,4000,front,low,unknown,p0001;p0002,p0001;p0002,0;1,2.0,2.0,1.0,1.0,1.0,1.0,1.0,0.0
hotpotqa_5adbf0a255429947ff17385a,hotpotqa,hotpotqa_oncu_200,oracle,16,220,40,comparison,4000,front,low,unknown,p0001;p0002,p0001;p0002,0;1,2.0,2.0,1.0,1.0,1.0,1.0,1.0,0.0
hotpotqa_5ab56e32554299637185c594,hotpotqa,hotpotqa_oncu_200,lexical,3,220,40,comparison,8000,middle,low,unknown,p0001;p0002,,40;29;7,0.0,2.0,0.0,0.0,0.0,0.0,0.0,0.0
hotpotqa_5ab56e32554299637185c594,hotpotqa,hotpotqa_oncu_200,lexical,5,220,40,comparison,8000,middle,low,unknown,p0001;p0002,p0006;p0008;p0010;p0011,40;29;7;18;20,4.0,2.0,0.0,0.0,0.0,0.0,0.0,1.0
hotpotqa_5ab56e32554299637185c594,hotpotqa,hotpotqa_oncu_200,lexical,8,220,40,comparison,8000,middle,low,unknown,p0001;p0002,p0006;p0008;p0010;p0011;p0012;p0001,40;29;7;18;20;21;31;42,6.0,2.0,1.0,0.0,0.16666666666666666,0.5,0.25,0.8333333333333334
hotpotqa_5ab56e32554299637185c594,hotpotqa,hotpotqa_oncu_200,lexical,16,220,40,comparison,8000,middle,low,unknown,p0001;p0002,p0006;p0008;p0010;p0011;p0012;p0001;p0009;p0003;p0002,40;29;7;18;20;21;31;42;32;30;19;43;9;10;41;22,9.0,2.0,1.0,1.0,0.2222222222222222,1.0,0.3636363636363636,0.7777777777777778
hotpotqa_5ab56e32554299637185c594,hotpotqa,hotpotqa_oncu_200,dense,3,220,40,comparison,8000,middle,low,unknown,p0001;p0002,p0001;p0002;p0012,22;21;32,3.0,2.0,1.0,1.0,0.6666666666666666,1.0,0.8,0.3333333333333333
hotpotqa_5ab56e32554299637185c594,hotpotqa,hotpotqa_oncu_200,dense,5,220,40,comparison,8000,middle,low,unknown,p0001;p0002,p0001;p0002;p0012,22;21;32;7;29,3.0,2.0,1.0,1.0,0.6666666666666666,1.0,0.8,0.3333333333333333
hotpotqa_5ab56e32554299637185c594,hotpotqa,hotpotqa_oncu_200,dense,8,220,40,comparison,8000,middle,low,unknown,p0001;p0002,p0001;p0002;p0012;p0006;p0008,22;21;32;7;29;40;18;43,5.0,2.0,1.0,1.0,0.4,1.0,0.5714285714285715,0.6
hotpotqa_5ab56e32554299637185c594,hotpotqa,hotpotqa_oncu_200,dense,16,220,40,comparison,8000,middle,low,unknown,p0001;p0002,p0001;p0002;p0012;p0006;p0008;p0010;p0011;p0003;p0009;p0004,22;21;32;7;29;40;18;43;20;10;9;19;11;31;33;0,10.0,2.0,1.0,1.0,0.2,1.0,0.33333333333333337,0.8
hotpotqa_5ab56e32554299637185c594,hotpotqa,hotpotqa_oncu_200,hybrid,3,220,40,comparison,8000,middle,low,unknown,p0001;p0002,,40;29;7,0.0,2.0,0.0,0.0,0.0,0.0,0.0,0.0
hotpotqa_5ab56e32554299637185c594,hotpotqa,hotpotqa_oncu_200,hybrid,5,220,40,comparison,8000,middle,low,unknown,p0001;p0002,p0012;p0001;p0006;p0008,40;29;7;21;18,4.0,2.0,1.0,0.0,0.25,0.5,0.3333333333333333,0.75
hotpotqa_5ab56e32554299637185c594,hotpotqa,hotpotqa_oncu_200,hybrid,8,220,40,comparison,8000,middle,low,unknown,p0001;p0002,p0012;p0001;p0006;p0008;p0010;p0011;p0002,40;29;7;21;18;32;20;22,7.0,2.0,1.0,1.0,0.2857142857142857,1.0,0.4444444444444445,0.7142857142857143
hotpotqa_5ab56e32554299637185c594,hotpotqa,hotpotqa_oncu_200,hybrid,16,220,40,comparison,8000,middle,low,unknown,p0001;p0002,p0012;p0001;p0006;p0008;p0010;p0011;p0002;p0009;p0003;p0004,40;29;7;21;18;32;20;22;43;31;19;10;9;42;11;41,10.0,2.0,1.0,1.0,0.2,1.0,0.33333333333333337,0.8
hotpotqa_5ab56e32554299637185c594,hotpotqa,hotpotqa_oncu_200,iterative,3,220,40,comparison,8000,middle,low,unknown,p0001;p0002,,29;40;7,0.0,2.0,0.0,0.0,0.0,0.0,0.0,0.0
hotpotqa_5ab56e32554299637185c594,hotpotqa,hotpotqa_oncu_200,iterative,5,220,40,comparison,8000,middle,low,unknown,p0001;p0002,p0006;p0008;p0012;p0001,29;40;7;18;21,4.0,2.0,1.0,0.0,0.25,0.5,0.3333333333333333,0.75
hotpotqa_5ab56e32554299637185c594,hotpotqa,hotpotqa_oncu_200,iterative,8,220,40,comparison,8000,middle,low,unknown,p0001;p0002,p0006;p0008;p0012;p0001,29;40;7;18;21;32;5;39,4.0,2.0,1.0,0.0,0.25,0.5,0.3333333333333333,0.75
hotpotqa_5ab56e32554299637185c594,hotpotqa,hotpotqa_oncu_200,iterative,16,220,40,comparison,8000,middle,low,unknown,p0001;p0002,p0006;p0008;p0012;p0001;p0010;p0011,29;40;7;18;21;32;5;39;43;17;6;9;42;20;28;31,6.0,2.0,1.0,0.0,0.16666666666666666,0.5,0.25,0.8333333333333334
hotpotqa_5ab56e32554299637185c594,hotpotqa,hotpotqa_oncu_200,oracle,3,220,40,comparison,8000,middle,low,unknown,p0001;p0002,p0001;p0002,0;1,2.0,2.0,1.0,1.0,1.0,1.0,1.0,0.0
hotpotqa_5ab56e32554299637185c594,hotpotqa,hotpotqa_oncu_200,oracle,5,220,40,comparison,8000,middle,low,unknown,p0001;p0002,p0001;p0002,0;1,2.0,2.0,1.0,1.0,1.0,1.0,1.0,0.0
hotpotqa_5ab56e32554299637185c594,hotpotqa,hotpotqa_oncu_200,oracle,8,220,40,comparison,8000,middle,low,unknown,p0001;p0002,p0001;p0002,0;1,2.0,2.0,1.0,1.0,1.0,1.0,1.0,0.0
hotpotqa_5ab56e32554299637185c594,hotpotqa,hotpotqa_oncu_200,oracle,16,220,40,comparison,8000,middle,low,unknown,p0001;p0002,p0001;p0002,0;1,2.0,2.0,1.0,1.0,1.0,1.0,1.0,0.0
hotpotqa_5ab6d09255429954757d337d,hotpotqa,hotpotqa_oncu_200,lexical,3,220,40,multi_hop,16000,end,medium,unknown,p0001;p0002;p0003,,21;35;74,0.0,3.0,0.0,0.0,0.0,0.0,0.0,0.0
hotpotqa_5ab6d09255429954757d337d,hotpotqa,hotpotqa_oncu_200,lexical,5,220,40,multi_hop,16000,end,medium,unknown,p0001;p0002;p0003,,21;35;74;63;80,0.0,3.0,0.0,0.0,0.0,0.0,0.0,0.0
hotpotqa_5ab6d09255429954757d337d,hotpotqa,hotpotqa_oncu_200,lexical,8,220,40,multi_hop,16000,end,medium,unknown,p0001;p0002;p0003,,21;35;74;63;80;7;83;60,0.0,3.0,0.0,0.0,0.0,0.0,0.0,0.0
hotpotqa_5ab6d09255429954757d337d,hotpotqa,hotpotqa_oncu_200,lexical,16,220,40,multi_hop,16000,end,medium,unknown,p0001;p0002;p0003,,21;35;74;63;80;7;83;60;10;49;27;55;41;86;38;66,0.0,3.0,0.0,0.0,0.0,0.0,0.0,0.0
hotpotqa_5ab6d09255429954757d337d,hotpotqa,hotpotqa_oncu_200,dense,3,220,40,multi_hop,16000,end,medium,unknown,p0001;p0002;p0003,,36;50;22,0.0,3.0,0.0,0.0,0.0,0.0,0.0,0.0
hotpotqa_5ab6d09255429954757d337d,hotpotqa,hotpotqa_oncu_200,dense,5,220,40,multi_hop,16000,end,medium,unknown,p0001;p0002;p0003,,36;50;22;39;75,0.0,3.0,0.0,0.0,0.0,0.0,0.0,0.0
hotpotqa_5ab6d09255429954757d337d,hotpotqa,hotpotqa_oncu_200,dense,8,220,40,multi_hop,16000,end,medium,unknown,p0001;p0002;p0003,,36;50;22;39;75;25;61;84,0.0,3.0,0.0,0.0,0.0,0.0,0.0,0.0
hotpotqa_5ab6d09255429954757d337d,hotpotqa,hotpotqa_oncu_200,dense,16,220,40,multi_hop,16000,end,medium,unknown,p0001;p0002;p0003,,36;50;22;39;75;25;61;84;53;64;8;11;47;87;81;67,0.0,3.0,0.0,0.0,0.0,0.0,0.0,0.0
hotpotqa_5ab6d09255429954757d337d,hotpotqa,hotpotqa_oncu_200,hybrid,3,220,40,multi_hop,16000,end,medium,unknown,p0001;p0002;p0003,,35;36;22,0.0,3.0,0.0,0.0,0.0,0.0,0.0,0.0
hotpotqa_5ab6d09255429954757d337d,hotpotqa,hotpotqa_oncu_200,hybrid,5,220,40,multi_hop,16000,end,medium,unknown,p0001;p0002;p0003,,35;36;22;21;50,0.0,3.0,0.0,0.0,0.0,0.0,0.0,0.0
hotpotqa_5ab6d09255429954757d337d,hotpotqa,hotpotqa_oncu_200,hybrid,8,220,40,multi_hop,16000,end,medium,unknown,p0001;p0002;p0003,,35;36;22;21;50;60;80;61,0.0,3.0,0.0,0.0,0.0,0.0,0.0,0.0
hotpotqa_5ab6d09255429954757d337d,hotpotqa,hotpotqa_oncu_200,hybrid,16,220,40,multi_hop,16000,end,medium,unknown,p0001;p0002;p0003,,35;36;22;21;50;60;80;61;74;7;75;10;63;8;49;39,0.0,3.0,0.0,0.0,0.0,0.0,0.0,0.0
hotpotqa_5ab6d09255429954757d337d,hotpotqa,hotpotqa_oncu_200,iterative,3,220,40,multi_hop,16000,end,medium,unknown,p0001;p0002;p0003,,21;80;74,0.0,3.0,0.0,0.0,0.0,0.0,0.0,0.0
hotpotqa_5ab6d09255429954757d337d,hotpotqa,hotpotqa_oncu_200,iterative,5,220,40,multi_hop,16000,end,medium,unknown,p0001;p0002;p0003,,21;80;74;35;60,0.0,3.0,0.0,0.0,0.0,0.0,0.0,0.0
hotpotqa_5ab6d09255429954757d337d,hotpotqa,hotpotqa_oncu_200,iterative,8,220,40,multi_hop,16000,end,medium,unknown,p0001;p0002;p0003,,21;80;74;35;60;7;49;83,0.0,3.0,0.0,0.0,0.0,0.0,0.0,0.0
hotpotqa_5ab6d09255429954757d337d,hotpotqa,hotpotqa_oncu_200,iterative,16,220,40,multi_hop,16000,end,medium,unknown,p0001;p0002;p0003,,21;80;74;35;60;7;49;83;63;46;32;18;4;71;10;43,0.0,3.0,0.0,0.0,0.0,0.0,0.0,0.0
hotpotqa_5ab6d09255429954757d337d,hotpotqa,hotpotqa_oncu_200,oracle,3,220,40,multi_hop,16000,end,medium,unknown,p0001;p0002;p0003,p0001;p0002;p0003,0;1;2,3.0,3.0,1.0,1.0,1.0,1.0,1.0,0.0
hotpotqa_5ab6d09255429954757d337d,hotpotqa,hotpotqa_oncu_200,oracle,5,220,40,multi_hop,16000,end,medium,unknown,p0001;p0002;p0003,p0001;p0002;p0003,0;1;2,3.0,3.0,1.0,1.0,1.0,1.0,1.0,0.0
hotpotqa_5ab6d09255429954757d337d,hotpotqa,hotpotqa_oncu_200,oracle,8,220,40,multi_hop,16000,end,medium,unknown,p0001;p0002;p0003,p0001;p0002;p0003,0;1;2,3.0,3.0,1.0,1.0,1.0,1.0,1.0,0.0
hotpotqa_5ab6d09255429954757d337d,hotpotqa,hotpotqa_oncu_200,oracle,16,220,40,multi_hop,16000,end,medium,unknown,p0001;p0002;p0003,p0001;p0002;p0003,0;1;2,3.0,3.0,1.0,1.0,1.0,1.0,1.0,0.0
hotpotqa_5adddccd5542997dc7907069,hotpotqa,hotpotqa_oncu_200,lexical,3,220,40,multi_hop,4000,scattered,medium,unknown,p0001;p0002;p0003;p0004,,12;21;18,0.0,4.0,0.0,0.0,0.0,0.0,0.0,0.0
hotpotqa_5adddccd5542997dc7907069,hotpotqa,hotpotqa_oncu_200,lexical,5,220,40,multi_hop,4000,scattered,medium,unknown,p0001;p0002;p0003;p0004,p0002;p0014,12;21;18;9;0,2.0,4.0,1.0,0.0,0.5,0.25,0.3333333333333333,0.5
hotpotqa_5adddccd5542997dc7907069,hotpotqa,hotpotqa_oncu_200,lexical,8,220,40,multi_hop,4000,scattered,medium,unknown,p0001;p0002;p0003;p0004,p0002;p0014;p0005;p0007,12;21;18;9;0;2;3;5,4.0,4.0,1.0,0.0,0.25,0.25,0.25,0.75
hotpotqa_5adddccd5542997dc7907069,hotpotqa,hotpotqa_oncu_200,lexical,16,220,40,multi_hop,4000,scattered,medium,unknown,p0001;p0002;p0003;p0004,p0002;p0014;p0005;p0007;p0001;p0004;p0010;p0011;p0012;p0013;p0008,12;21;18;9;0;2;3;5;1;7;15;8;20;4;14;6,11.0,4.0,1.0,0.0,0.2727272727272727,0.75,0.39999999999999997,0.7272727272727273
hotpotqa_5adddccd5542997dc7907069,hotpotqa,hotpotqa_oncu_200,dense,3,220,40,multi_hop,4000,scattered,medium,unknown,p0001;p0002;p0003;p0004,p0001;p0004;p0005;p0007,1;18;5,4.0,4.0,1.0,0.0,0.5,0.5,0.5,0.5
hotpotqa_5adddccd5542997dc7907069,hotpotqa,hotpotqa_oncu_200,dense,5,220,40,multi_hop,4000,scattered,medium,unknown,p0001;p0002;p0003;p0004,p0001;p0004;p0005;p0007;p0010;p0011;p0012,1;18;5;14;7,7.0,4.0,1.0,0.0,0.2857142857142857,0.5,0.36363636363636365,0.7142857142857143
hotpotqa_5adddccd5542997dc7907069,hotpotqa,hotpotqa_oncu_200,dense,8,220,40,multi_hop,4000,scattered,medium,unknown,p0001;p0002;p0003;p0004,p0001;p0004;p0005;p0007;p0010;p0011;p0012,1;18;5;14;7;2;12;21,7.0,4.0,1.0,0.0,0.2857142857142857,0.5,0.36363636363636365,0.7142857142857143
hotpotqa_5adddccd5542997dc7907069,hotpotqa,hotpotqa_oncu_200,dense,16,220,40,multi_hop,4000,scattered,medium,unknown,p0001;p0002;p0003;p0004,p0001;p0004;p0005;p0007;p0010;p0011;p0012;p0008;p0013;p0003,1;18;5;14;7;2;12;21;0;15;6;3;20;8;19;13,10.0,4.0,1.0,0.0,0.3,0.75,0.4285714285714285,0.7
hotpotqa_5adddccd5542997dc7907069,hotpotqa,hotpotqa_oncu_200,hybrid,3,220,40,multi_hop,4000,scattered,medium,unknown,p0001;p0002;p0003;p0004,p0001;p0004,18;12;1,2.0,4.0,1.0,0.0,1.0,0.5,0.6666666666666666,0.0
hotpotqa_5adddccd5542997dc7907069,hotpotqa,hotpotqa_oncu_200,hybrid,5,220,40,multi_hop,4000,scattered,medium,unknown,p0001;p0002;p0003;p0004,p0001;p0004;p0005;p0007,18;12;1;21;5,4.0,4.0,1.0,0.0,0.5,0.5,0.5,0.5
hotpotqa_5adddccd5542997dc7907069,hotpotqa,hotpotqa_oncu_200,hybrid,8,220,40,multi_hop,4000,scattered,medium,unknown,p0001;p0002;p0003;p0004,p0001;p0004;p0005;p0007;p0010;p0011;p0012,18;12;1;21;5;2;0;7,7.0,4.0,1.0,0.0,0.2857142857142857,0.5,0.36363636363636365,0.7142857142857143
hotpotqa_5adddccd5542997dc7907069,hotpotqa,hotpotqa_oncu_200,hybrid,16,220,40,multi_hop,4000,scattered,medium,unknown,p0001;p0002;p0003;p0004,p0001;p0004;p0005;p0007;p0010;p0011;p0012;p0002;p0014;p0013;p0008,18;12;1;21;5;2;0;7;14;3;9;15;8;20;6;4,11.0,4.0,1.0,0.0,0.2727272727272727,0.75,0.39999999999999997,0.7272727272727273
hotpotqa_5adddccd5542997dc7907069,hotpotqa,hotpotqa_oncu_200,iterative,3,220,40,multi_hop,4000,scattered,medium,unknown,p0001;p0002;p0003;p0004,p0001;p0004,12;18;1,2.0,4.0,1.0,0.0,1.0,0.5,0.6666666666666666,0.0
hotpotqa_5adddccd5542997dc7907069,hotpotqa,hotpotqa_oncu_200,iterative,5,220,40,multi_hop,4000,scattered,medium,unknown,p0001;p0002;p0003;p0004,p0001;p0004,12;18;1;2;0,2.0,4.0,1.0,0.0,1.0,0.5,0.6666666666666666,0.0
hotpotqa_5adddccd5542997dc7907069,hotpotqa,hotpotqa_oncu_200,iterative,8,220,40,multi_hop,4000,scattered,medium,unknown,p0001;p0002;p0003;p0004,p0001;p0004;p0005;p0007;p0002;p0014,12;18;1;2;0;21;5;9,6.0,4.0,1.0,0.0,0.5,0.75,0.6,0.5
hotpotqa_5adddccd5542997dc7907069,hotpotqa,hotpotqa_oncu_200,iterative,16,220,40,multi_hop,4000,scattered,medium,unknown,p0001;p0002;p0003;p0004,p0001;p0004;p0005;p0007;p0002;p0014;p0010;p0011;p0012;p0008,12;18;1;2;0;21;5;9;20;11;7;10;4;17;3;6,10.0,4.0,1.0,0.0,0.3,0.75,0.4285714285714285,0.7
hotpotqa_5adddccd5542997dc7907069,hotpotqa,hotpotqa_oncu_200,oracle,3,220,40,multi_hop,4000,scattered,medium,unknown,p0001;p0002;p0003;p0004,p0001;p0002;p0003,0;1;2,3.0,4.0,1.0,0.0,1.0,0.75,0.8571428571428571,0.0
hotpotqa_5adddccd5542997dc7907069,hotpotqa,hotpotqa_oncu_200,oracle,5,220,40,multi_hop,4000,scattered,medium,unknown,p0001;p0002;p0003;p0004,p0001;p0002;p0003;p0004,0;1;2;3,4.0,4.0,1.0,1.0,1.0,1.0,1.0,0.0
hotpotqa_5adddccd5542997dc7907069,hotpotqa,hotpotqa_oncu_200,oracle,8,220,40,multi_hop,4000,scattered,medium,unknown,p0001;p0002;p0003;p0004,p0001;p0002;p0003;p0004,0;1;2;3,4.0,4.0,1.0,1.0,1.0,1.0,1.0,0.0
hotpotqa_5adddccd5542997dc7907069,hotpotqa,hotpotqa_oncu_200,oracle,16,220,40,multi_hop,4000,scattered,medium,unknown,p0001;p0002;p0003;p0004,p0001;p0002;p0003;p0004,0;1;2;3,4.0,4.0,1.0,1.0,1.0,1.0,1.0,0.0
hotpotqa_5ae22b8d554299234fd0440f,hotpotqa,hotpotqa_oncu_200,lexical,3,220,40,multi_hop,8000,front,medium,unknown,p0001;p0002;p0003,p0001;p0002;p0003,1;41;12,3.0,3.0,1.0,1.0,1.0,1.0,1.0,0.0
hotpotqa_5ae22b8d554299234fd0440f,hotpotqa,hotpotqa_oncu_200,lexical,5,220,40,multi_hop,8000,front,medium,unknown,p0001;p0002;p0003,p0001;p0002;p0003,1;41;12;19;27,3.0,3.0,1.0,1.0,1.0,1.0,1.0,0.0
hotpotqa_5ae22b8d554299234fd0440f,hotpotqa,hotpotqa_oncu_200,lexical,8,220,40,multi_hop,8000,front,medium,unknown,p0001;p0002;p0003,p0001;p0002;p0003,1;41;12;19;27;30;38;4,3.0,3.0,1.0,1.0,1.0,1.0,1.0,0.0
hotpotqa_5ae22b8d554299234fd0440f,hotpotqa,hotpotqa_oncu_200,lexical,16,220,40,multi_hop,8000,front,medium,unknown,p0001;p0002;p0003,p0001;p0002;p0003;p0005;p0006,1;41;12;19;27;30;38;4;8;34;0;14;23;2;26;5,5.0,3.0,1.0,1.0,0.6,1.0,0.7499999999999999,0.4
hotpotqa_5ae22b8d554299234fd0440f,hotpotqa,hotpotqa_oncu_200,dense,3,220,40,multi_hop,8000,front,medium,unknown,p0001;p0002;p0003,p0003;p0001;p0002,2;1;24,3.0,3.0,1.0,1.0,1.0,1.0,1.0,0.0
hotpotqa_5ae22b8d554299234fd0440f,hotpotqa,hotpotqa_oncu_200,dense,5,220,40,multi_hop,8000,front,medium,unknown,p0001;p0002;p0003,p0003;p0001;p0002,2;1;24;28;35,3.0,3.0,1.0,1.0,1.0,1.0,1.0,0.0
hotpotqa_5ae22b8d554299234fd0440f,hotpotqa,hotpotqa_oncu_200,dense,8,220,40,multi_hop,8000,front,medium,unknown,p0001;p0002;p0003,p0003;p0001;p0002;p0004,2;1;24;28;35;39;13;20,4.0,3.0,1.0,1.0,0.75,1.0,0.8571428571428571,0.25
hotpotqa_5ae22b8d554299234fd0440f,hotpotqa,hotpotqa_oncu_200,dense,16,220,40,multi_hop,8000,front,medium,unknown,p0001;p0002;p0003,p0003;p0001;p0002;p0004;p0007;p0008;p0009,2;1;24;28;35;39;13;20;9;44;15;31;3;29;40;27,7.0,3.0,1.0,1.0,0.42857142857142855,1.0,0.6,0.5714285714285714
hotpotqa_5ae22b8d554299234fd0440f,hotpotqa,hotpotqa_oncu_200,hybrid,3,220,40,multi_hop,8000,front,medium,unknown,p0001;p0002;p0003,p0001;p0002;p0003,1;2;27,3.0,3.0,1.0,1.0,1.0,1.0,1.0,0.0
hotpotqa_5ae22b8d554299234fd0440f,hotpotqa,hotpotqa_oncu_200,hybrid,5,220,40,multi_hop,8000,front,medium,unknown,p0001;p0002;p0003,p0001;p0002;p0003,1;2;27;38;20,3.0,3.0,1.0,1.0,1.0,1.0,1.0,0.0
hotpotqa_5ae22b8d554299234fd0440f,hotpotqa,hotpotqa_oncu_200,hybrid,8,220,40,multi_hop,8000,front,medium,unknown,p0001;p0002;p0003,p0001;p0002;p0003;p0004,1;2;27;38;20;13;12;9,4.0,3.0,1.0,1.0,0.75,1.0,0.8571428571428571,0.25
hotpotqa_5ae22b8d554299234fd0440f,hotpotqa,hotpotqa_oncu_200,hybrid,16,220,40,multi_hop,8000,front,medium,unknown,p0001;p0002;p0003,p0001;p0002;p0003;p0004,1;2;27;38;20;13;12;9;19;35;24;39;41;28;31;29,4.0,3.0,1.0,1.0,0.75,1.0,0.8571428571428571,0.25
hotpotqa_5ae22b8d554299234fd0440f,hotpotqa,hotpotqa_oncu_200,iterative,3,220,40,multi_hop,8000,front,medium,unknown,p0001;p0002;p0003,,12;27;38,0.0,3.0,0.0,0.0,0.0,0.0,0.0,0.0
hotpotqa_5ae22b8d554299234fd0440f,hotpotqa,hotpotqa_oncu_200,iterative,5,220,40,multi_hop,8000,front,medium,unknown,p0001;p0002;p0003,p0001;p0002;p0003,12;27;38;1;23,3.0,3.0,1.0,1.0,1.0,1.0,1.0,0.0
hotpotqa_5ae22b8d554299234fd0440f,hotpotqa,hotpotqa_oncu_200,iterative,8,220,40,multi_hop,8000,front,medium,unknown,p0001;p0002;p0003,p0001;p0002;p0003,12;27;38;1;23;5;19;34,3.0,3.0,1.0,1.0,1.0,1.0,1.0,0.0
hotpotqa_5ae22b8d554299234fd0440f,hotpotqa,hotpotqa_oncu_200,iterative,16,220,40,multi_hop,8000,front,medium,unknown,p0001;p0002;p0003,p0001;p0002;p0003;p0005;p0006,12;27;38;1;23;5;19;34;41;8;30;14;20;42;0;4,5.0,3.0,1.0,1.0,0.6,1.0,0.7499999999999999,0.4
hotpotqa_5ae22b8d554299234fd0440f,hotpotqa,hotpotqa_oncu_200,oracle,3,220,40,multi_hop,8000,front,medium,unknown,p0001;p0002;p0003,p0001;p0002;p0003,0;1;2,3.0,3.0,1.0,1.0,1.0,1.0,1.0,0.0
hotpotqa_5ae22b8d554299234fd0440f,hotpotqa,hotpotqa_oncu_200,oracle,5,220,40,multi_hop,8000,front,medium,unknown,p0001;p0002;p0003,p0001;p0002;p0003,0;1;2,3.0,3.0,1.0,1.0,1.0,1.0,1.0,0.0
hotpotqa_5ae22b8d554299234fd0440f,hotpotqa,hotpotqa_oncu_200,oracle,8,220,40,multi_hop,8000,front,medium,unknown,p0001;p0002;p0003,p0001;p0002;p0003,0;1;2,3.0,3.0,1.0,1.0,1.0,1.0,1.0,0.0
hotpotqa_5ae22b8d554299234fd0440f,hotpotqa,hotpotqa_oncu_200,oracle,16,220,40,multi_hop,8000,front,medium,unknown,p0001;p0002;p0003,p0001;p0002;p0003,0;1;2,3.0,3.0,1.0,1.0,1.0,1.0,1.0,0.0
hotpotqa_5a828c8355429966c78a6a50,hotpotqa,hotpotqa_oncu_200,lexical,3,220,40,multi_hop,16000,middle,medium,unknown,p0001;p0002;p0003,,48;10;51,0.0,3.0,0.0,0.0,0.0,0.0,0.0,0.0
hotpotqa_5a828c8355429966c78a6a50,hotpotqa,hotpotqa_oncu_200,lexical,5,220,40,multi_hop,16000,middle,medium,unknown,p0001;p0002;p0003,,48;10;51;32;73,0.0,3.0,0.0,0.0,0.0,0.0,0.0,0.0
hotpotqa_5a828c8355429966c78a6a50,hotpotqa,hotpotqa_oncu_200,lexical,8,220,40,multi_hop,16000,middle,medium,unknown,p0001;p0002;p0003,,48;10;51;32;73;35;45;13,0.0,3.0,0.0,0.0,0.0,0.0,0.0,0.0
hotpotqa_5a828c8355429966c78a6a50,hotpotqa,hotpotqa_oncu_200,lexical,16,220,40,multi_hop,16000,middle,medium,unknown,p0001;p0002;p0003,p0001;p0002;p0003,48;10;51;32;73;35;45;13;70;76;44;7;38;16;64;4,3.0,3.0,1.0,1.0,1.0,1.0,1.0,0.0
hotpotqa_5a828c8355429966c78a6a50,hotpotqa,hotpotqa_oncu_200,dense,3,220,40,multi_hop,16000,middle,medium,unknown,p0001;p0002;p0003,p0006;p0007;p0008;p0010,29;10;35,4.0,3.0,0.0,0.0,0.0,0.0,0.0,1.0
hotpotqa_5a828c8355429966c78a6a50,hotpotqa,hotpotqa_oncu_200,dense,5,220,40,multi_hop,16000,middle,medium,unknown,p0001;p0002;p0003,p0006;p0007;p0008;p0010;p0001;p0002;p0003,29;10;35;1;44,7.0,3.0,1.0,1.0,0.42857142857142855,1.0,0.6,0.5714285714285714
hotpotqa_5a828c8355429966c78a6a50,hotpotqa,hotpotqa_oncu_200,dense,8,220,40,multi_hop,16000,middle,medium,unknown,p0001;p0002;p0003,p0006;p0007;p0008;p0010;p0001;p0002;p0003,29;10;35;1;44;13;86;7,7.0,3.0,1.0,1.0,0.42857142857142855,1.0,0.6,0.5714285714285714
hotpotqa_5a828c8355429966c78a6a50,hotpotqa,hotpotqa_oncu_200,dense,16,220,40,multi_hop,16000,middle,medium,unknown,p0001;p0002;p0003,p0006;p0007;p0008;p0010;p0001;p0002;p0003,29;10;35;1;44;13;86;7;32;48;45;51;26;4;73;88,7.0,3.0,1.0,1.0,0.42857142857142855,1.0,0.6,0.5714285714285714
hotpotqa_5a828c8355429966c78a6a50,hotpotqa,hotpotqa_oncu_200,hybrid,3,220,40,multi_hop,16000,middle,medium,unknown,p0001;p0002;p0003,,10;35;48,0.0,3.0,0.0,0.0,0.0,0.0,0.0,0.0
hotpotqa_5a828c8355429966c78a6a50,hotpotqa,hotpotqa_oncu_200,hybrid,5,220,40,multi_hop,16000,middle,medium,unknown,p0001;p0002;p0003,,10;35;48;32;13,0.0,3.0,0.0,0.0,0.0,0.0,0.0,0.0
hotpotqa_5a828c8355429966c78a6a50,hotpotqa,hotpotqa_oncu_200,hybrid,8,220,40,multi_hop,16000,middle,medium,unknown,p0001;p0002;p0003,p0001;p0002;p0003,10;35;48;32;13;51;44;45,3.0,3.0,1.0,1.0,1.0,1.0,1.0,0.0
hotpotqa_5a828c8355429966c78a6a50,hotpotqa,hotpotqa_oncu_200,hybrid,16,220,40,multi_hop,16000,middle,medium,unknown,p0001;p0002;p0003,p0001;p0002;p0003;p0006;p0007;p0008;p0010,10;35;48;32;13;51;44;45;29;73;7;1;70;86;26;4,7.0,3.0,1.0,1.0,0.42857142857142855,1.0,0.6,0.5714285714285714
hotpotqa_5a828c8355429966c78a6a50,hotpotqa,hotpotqa_oncu_200,iterative,3,220,40,multi_hop,16000,middle,medium,unknown,p0001;p0002;p0003,,48;51;35,0.0,3.0,0.0,0.0,0.0,0.0,0.0,0.0
hotpotqa_5a828c8355429966c78a6a50,hotpotqa,hotpotqa_oncu_200,iterative,5,220,40,multi_hop,16000,middle,medium,unknown,p0001;p0002;p0003,,48;51;35;13;73,0.0,3.0,0.0,0.0,0.0,0.0,0.0,0.0
hotpotqa_5a828c8355429966c78a6a50,hotpotqa,hotpotqa_oncu_200,iterative,8,220,40,multi_hop,16000,middle,medium,unknown,p0001;p0002;p0003,,48;51;35;13;73;10;76;32,0.0,3.0,0.0,0.0,0.0,0.0,0.0,0.0
hotpotqa_5a828c8355429966c78a6a50,hotpotqa,hotpotqa_oncu_200,iterative,16,220,40,multi_hop,16000,middle,medium,unknown,p0001;p0002;p0003,,48;51;35;13;73;10;76;32;38;16;54;45;79;70;41;7,0.0,3.0,0.0,0.0,0.0,0.0,0.0,0.0
hotpotqa_5a828c8355429966c78a6a50,hotpotqa,hotpotqa_oncu_200,oracle,3,220,40,multi_hop,16000,middle,medium,unknown,p0001;p0002;p0003,p0001;p0002;p0003,0;1;2,3.0,3.0,1.0,1.0,1.0,1.0,1.0,0.0
hotpotqa_5a828c8355429966c78a6a50,hotpotqa,hotpotqa_oncu_200,oracle,5,220,40,multi_hop,16000,middle,medium,unknown,p0001;p0002;p0003,p0001;p0002;p0003,0;1;2,3.0,3.0,1.0,1.0,1.0,1.0,1.0,0.0
hotpotqa_5a828c8355429966c78a6a50,hotpotqa,hotpotqa_oncu_200,oracle,8,220,40,multi_hop,16000,middle,medium,unknown,p0001;p0002;p0003,p0001;p0002;p0003,0;1;2,3.0,3.0,1.0,1.0,1.0,1.0,1.0,0.0
hotpotqa_5a828c8355429966c78a6a50,hotpotqa,hotpotqa_oncu_200,oracle,16,220,40,multi_hop,16000,middle,medium,unknown,p0001;p0002;p0003,p0001;p0002;p0003,0;1;2,3.0,3.0,1.0,1.0,1.0,1.0,1.0,0.0
hotpotqa_5ae0361155429925eb1afc2c,hotpotqa,hotpotqa_oncu_200,lexical,3,220,40,multi_hop,4000,end,low,unknown,p0001;p0002,p0001;p0002,19;5;12,2.0,2.0,1.0,1.0,1.0,1.0,1.0,0.0
hotpotqa_5ae0361155429925eb1afc2c,hotpotqa,hotpotqa_oncu_200,lexical,5,220,40,multi_hop,4000,end,low,unknown,p0001;p0002,p0001;p0002;p0010;p0011;p0012,19;5;12;8;16,5.0,2.0,1.0,1.0,0.4,1.0,0.5714285714285715,0.6
hotpotqa_5ae0361155429925eb1afc2c,hotpotqa,hotpotqa_oncu_200,lexical,8,220,40,multi_hop,4000,end,low,unknown,p0001;p0002,p0001;p0002;p0010;p0011;p0012;p0003;p0004;p0005;p0006,19;5;12;8;16;6;11;18,9.0,2.0,1.0,1.0,0.2222222222222222,1.0,0.3636363636363636,0.7777777777777778
hotpotqa_5ae0361155429925eb1afc2c,hotpotqa,hotpotqa_oncu_200,lexical,16,220,40,multi_hop,4000,end,low,unknown,p0001;p0002,p0001;p0002;p0010;p0011;p0012;p0003;p0004;p0005;p0006;p0007,19;5;12;8;16;6;11;18;4;2;1;20;7;15;0;14,10.0,2.0,1.0,1.0,0.2,1.0,0.33333333333333337,0.8
hotpotqa_5ae0361155429925eb1afc2c,hotpotqa,hotpotqa_oncu_200,dense,3,220,40,multi_hop,4000,end,low,unknown,p0001;p0002,p0010;p0011;p0012,14;8;16,3.0,2.0,0.0,0.0,0.0,0.0,0.0,1.0
hotpotqa_5ae0361155429925eb1afc2c,hotpotqa,hotpotqa_oncu_200,dense,5,220,40,multi_hop,4000,end,low,unknown,p0001;p0002,p0010;p0011;p0012,14;8;16;0;20,3.0,2.0,0.0,0.0,0.0,0.0,0.0,1.0
hotpotqa_5ae0361155429925eb1afc2c,hotpotqa,hotpotqa_oncu_200,dense,8,220,40,multi_hop,4000,end,low,unknown,p0001;p0002,p0010;p0011;p0012;p0003;p0004;p0005;p0006,14;8;16;0;20;2;12;6,7.0,2.0,0.0,0.0,0.0,0.0,0.0,1.0
hotpotqa_5ae0361155429925eb1afc2c,hotpotqa,hotpotqa_oncu_200,dense,16,220,40,multi_hop,4000,end,low,unknown,p0001;p0002,p0010;p0011;p0012;p0003;p0004;p0005;p0006;p0001;p0002;p0007,14;8;16;0;20;2;12;6;19;11;18;5;4;7;1;15,10.0,2.0,1.0,1.0,0.2,1.0,0.33333333333333337,0.8
hotpotqa_5ae0361155429925eb1afc2c,hotpotqa,hotpotqa_oncu_200,hybrid,3,220,40,multi_hop,4000,end,low,unknown,p0001;p0002,p0010;p0011;p0012;p0001;p0002,8;16;19,5.0,2.0,1.0,1.0,0.4,1.0,0.5714285714285715,0.6
hotpotqa_5ae0361155429925eb1afc2c,hotpotqa,hotpotqa_oncu_200,hybrid,5,220,40,multi_hop,4000,end,low,unknown,p0001;p0002,p0010;p0011;p0012;p0001;p0002,8;16;19;12;5,5.0,2.0,1.0,1.0,0.4,1.0,0.5714285714285715,0.6
hotpotqa_5ae0361155429925eb1afc2c,hotpotqa,hotpotqa_oncu_200,hybrid,8,220,40,multi_hop,4000,end,low,unknown,p0001;p0002,p0010;p0011;p0012;p0001;p0002;p0003;p0004;p0005;p0006,8;16;19;12;5;6;14;2,9.0,2.0,1.0,1.0,0.2222222222222222,1.0,0.3636363636363636,0.7777777777777778
hotpotqa_5ae0361155429925eb1afc2c,hotpotqa,hotpotqa_oncu_200,hybrid,16,220,40,multi_hop,4000,end,low,unknown,p0001;p0002,p0010;p0011;p0012;p0001;p0002;p0003;p0004;p0005;p0006;p0007,8;16;19;12;5;6;14;2;20;11;0;18;4;1;7;15,10.0,2.0,1.0,1.0,0.2,1.0,0.33333333333333337,0.8
hotpotqa_5ae0361155429925eb1afc2c,hotpotqa,hotpotqa_oncu_200,iterative,3,220,40,multi_hop,4000,end,low,unknown,p0001;p0002,p0001;p0002,19;12;5,2.0,2.0,1.0,1.0,1.0,1.0,1.0,0.0
hotpotqa_5ae0361155429925eb1afc2c,hotpotqa,hotpotqa_oncu_200,iterative,5,220,40,multi_hop,4000,end,low,unknown,p0001;p0002,p0001;p0002,19;12;5;18;4,2.0,2.0,1.0,1.0,1.0,1.0,1.0,0.0
hotpotqa_5ae0361155429925eb1afc2c,hotpotqa,hotpotqa_oncu_200,iterative,8,220,40,multi_hop,4000,end,low,unknown,p0001;p0002,p0001;p0002;p0010;p0011;p0012;p0003;p0004;p0005;p0006,19;12;5;18;4;11;8;6,9.0,2.0,1.0,1.0,0.2222222222222222,1.0,0.3636363636363636,0.7777777777777778
hotpotqa_5ae0361155429925eb1afc2c,hotpotqa,hotpotqa_oncu_200,iterative,16,220,40,multi_hop,4000,end,low,unknown,p0001;p0002,p0001;p0002;p0010;p0011;p0012;p0003;p0004;p0005;p0006;p0007,19;12;5;18;4;11;8;6;16;7;1;15;2;0;20;14,10.0,2.0,1.0,1.0,0.2,1.0,0.33333333333333337,0.8
hotpotqa_5ae0361155429925eb1afc2c,hotpotqa,hotpotqa_oncu_200,oracle,3,220,40,multi_hop,4000,end,low,unknown,p0001;p0002,p0001;p0002,0;1,2.0,2.0,1.0,1.0,1.0,1.0,1.0,0.0
hotpotqa_5ae0361155429925eb1afc2c,hotpotqa,hotpotqa_oncu_200,oracle,5,220,40,multi_hop,4000,end,low,unknown,p0001;p0002,p0001;p0002,0;1,2.0,2.0,1.0,1.0,1.0,1.0,1.0,0.0
hotpotqa_5ae0361155429925eb1afc2c,hotpotqa,hotpotqa_oncu_200,oracle,8,220,40,multi_hop,4000,end,low,unknown,p0001;p0002,p0001;p0002,0;1,2.0,2.0,1.0,1.0,1.0,1.0,1.0,0.0
hotpotqa_5ae0361155429925eb1afc2c,hotpotqa,hotpotqa_oncu_200,oracle,16,220,40,multi_hop,4000,end,low,unknown,p0001;p0002,p0001;p0002,0;1,2.0,2.0,1.0,1.0,1.0,1.0,1.0,0.0
hotpotqa_5abc0a5d5542993f40c73c64,hotpotqa,hotpotqa_oncu_200,lexical,3,220,40,comparison,8000,scattered,low,unknown,p0001;p0002,p0003;p0004,32;0;13,2.0,2.0,0.0,0.0,0.0,0.0,0.0,1.0
hotpotqa_5abc0a5d5542993f40c73c64,hotpotqa,hotpotqa_oncu_200,lexical,5,220,40,comparison,8000,scattered,low,unknown,p0001;p0002,p0003;p0004;p0002,32;0;13;21;27,3.0,2.0,1.0,0.0,0.3333333333333333,0.5,0.4,0.6666666666666666
hotpotqa_5abc0a5d5542993f40c73c64,hotpotqa,hotpotqa_oncu_200,lexical,8,220,40,comparison,8000,scattered,low,unknown,p0001;p0002,p0003;p0004;p0002,32;0;13;21;27;11;37;22,3.0,2.0,1.0,0.0,0.3333333333333333,0.5,0.4,0.6666666666666666
hotpotqa_5abc0a5d5542993f40c73c64,hotpotqa,hotpotqa_oncu_200,lexical,16,220,40,comparison,8000,scattered,low,unknown,p0001;p0002,p0003;p0004;p0002;p0005;p0006,32;0;13;21;27;11;37;22;43;33;5;1;14;6;42;38,5.0,2.0,1.0,0.0,0.2,0.5,0.28571428571428575,0.8
hotpotqa_5abc0a5d5542993f40c73c64,hotpotqa,hotpotqa_oncu_200,dense,3,220,40,comparison,8000,scattered,low,unknown,p0001;p0002,p0001;p0009;p0010,3;30;16,3.0,2.0,1.0,0.0,0.3333333333333333,0.5,0.4,0.6666666666666666
hotpotqa_5abc0a5d5542993f40c73c64,hotpotqa,hotpotqa_oncu_200,dense,5,220,40,comparison,8000,scattered,low,unknown,p0001;p0002,p0001;p0009;p0010,3;30;16;40;19,3.0,2.0,1.0,0.0,0.3333333333333333,0.5,0.4,0.6666666666666666
hotpotqa_5abc0a5d5542993f40c73c64,hotpotqa,hotpotqa_oncu_200,dense,8,220,40,comparison,8000,scattered,low,unknown,p0001;p0002,p0001;p0009;p0010,3;30;16;40;19;35;8;24,3.0,2.0,1.0,0.0,0.3333333333333333,0.5,0.4,0.6666666666666666
hotpotqa_5abc0a5d5542993f40c73c64,hotpotqa,hotpotqa_oncu_200,dense,16,220,40,comparison,8000,scattered,low,unknown,p0001;p0002,p0001;p0009;p0010;p0002,3;30;16;40;19;35;8;24;22;4;25;11;27;38;39;43,4.0,2.0,1.0,1.0,0.5,1.0,0.6666666666666666,0.5
hotpotqa_5abc0a5d5542993f40c73c64,hotpotqa,hotpotqa_oncu_200,hybrid,3,220,40,comparison,8000,scattered,low,unknown,p0001;p0002,p0002,22;27;11,1.0,2.0,1.0,0.0,1.0,0.5,0.6666666666666666,0.0
hotpotqa_5abc0a5d5542993f40c73c64,hotpotqa,hotpotqa_oncu_200,hybrid,5,220,40,comparison,8000,scattered,low,unknown,p0001;p0002,p0002,22;27;11;0;32,1.0,2.0,1.0,0.0,1.0,0.5,0.6666666666666666,0.0
hotpotqa_5abc0a5d5542993f40c73c64,hotpotqa,hotpotqa_oncu_200,hybrid,8,220,40,comparison,8000,scattered,low,unknown,p0001;p0002,p0002;p0001;p0003;p0004,22;27;11;0;32;3;43;13,4.0,2.0,1.0,1.0,0.5,1.0,0.6666666666666666,0.5
hotpotqa_5abc0a5d5542993f40c73c64,hotpotqa,hotpotqa_oncu_200,hybrid,16,220,40,comparison,8000,scattered,low,unknown,p0001;p0002,p0002;p0001;p0003;p0004,22;27;11;0;32;3;43;13;37;38;33;30;1;21;6;4,4.0,2.0,1.0,1.0,0.5,1.0,0.6666666666666666,0.5
hotpotqa_5abc0a5d5542993f40c73c64,hotpotqa,hotpotqa_oncu_200,iterative,3,220,40,comparison,8000,scattered,low,unknown,p0001;p0002,p0002,32;21;37,1.0,2.0,1.0,0.0,1.0,0.5,0.6666666666666666,0.0
hotpotqa_5abc0a5d5542993f40c73c64,hotpotqa,hotpotqa_oncu_200,iterative,5,220,40,comparison,8000,scattered,low,unknown,p0001;p0002,p0002;p0003;p0004,32;21;37;0;13,3.0,2.0,1.0,0.0,0.3333333333333333,0.5,0.4,0.6666666666666666
hotpotqa_5abc0a5d5542993f40c73c64,hotpotqa,hotpotqa_oncu_200,iterative,8,220,40,comparison,8000,scattered,low,unknown,p0001;p0002,p0002;p0003;p0004,32;21;37;0;13;5;27;11,3.0,2.0,1.0,0.0,0.3333333333333333,0.5,0.4,0.6666666666666666
hotpotqa_5abc0a5d5542993f40c73c64,hotpotqa,hotpotqa_oncu_200,iterative,16,220,40,comparison,8000,scattered,low,unknown,p0001;p0002,p0002;p0003;p0004,32;21;37;0;13;5;27;11;42;43;26;1;10;33;12;22,3.0,2.0,1.0,0.0,0.3333333333333333,0.5,0.4,0.6666666666666666
hotpotqa_5abc0a5d5542993f40c73c64,hotpotqa,hotpotqa_oncu_200,oracle,3,220,40,comparison,8000,scattered,low,unknown,p0001;p0002,p0001;p0002,0;1,2.0,2.0,1.0,1.0,1.0,1.0,1.0,0.0
hotpotqa_5abc0a5d5542993f40c73c64,hotpotqa,hotpotqa_oncu_200,oracle,5,220,40,comparison,8000,scattered,low,unknown,p0001;p0002,p0001;p0002,0;1,2.0,2.0,1.0,1.0,1.0,1.0,1.0,0.0
hotpotqa_5abc0a5d5542993f40c73c64,hotpotqa,hotpotqa_oncu_200,oracle,8,220,40,comparison,8000,scattered,low,unknown,p0001;p0002,p0001;p0002,0;1,2.0,2.0,1.0,1.0,1.0,1.0,1.0,0.0
hotpotqa_5abc0a5d5542993f40c73c64,hotpotqa,hotpotqa_oncu_200,oracle,16,220,40,comparison,8000,scattered,low,unknown,p0001;p0002,p0001;p0002,0;1,2.0,2.0,1.0,1.0,1.0,1.0,1.0,0.0
hotpotqa_5abf63f15542997ec76fd3ea,hotpotqa,hotpotqa_oncu_200,lexical,3,220,40,multi_hop,16000,front,low,unknown,p0001;p0002,p0001;p0002,3;4;69,2.0,2.0,1.0,1.0,1.0,1.0,1.0,0.0
hotpotqa_5abf63f15542997ec76fd3ea,hotpotqa,hotpotqa_oncu_200,lexical,5,220,40,multi_hop,16000,front,low,unknown,p0001;p0002,p0001;p0002,3;4;69;87;78,2.0,2.0,1.0,1.0,1.0,1.0,1.0,0.0
hotpotqa_5abf63f15542997ec76fd3ea,hotpotqa,hotpotqa_oncu_200,lexical,8,220,40,multi_hop,16000,front,low,unknown,p0001;p0002,p0001;p0002,3;4;69;87;78;60;51;38,2.0,2.0,1.0,1.0,1.0,1.0,1.0,0.0
hotpotqa_5abf63f15542997ec76fd3ea,hotpotqa,hotpotqa_oncu_200,lexical,16,220,40,multi_hop,16000,front,low,unknown,p0001;p0002,p0001;p0002,3;4;69;87;78;60;51;38;10;74;47;56;83;24;19;65,2.0,2.0,1.0,1.0,1.0,1.0,1.0,0.0
hotpotqa_5abf63f15542997ec76fd3ea,hotpotqa,hotpotqa_oncu_200,dense,3,220,40,multi_hop,16000,front,low,unknown,p0001;p0002,,81;56;65,0.0,2.0,0.0,0.0,0.0,0.0,0.0,0.0
hotpotqa_5abf63f15542997ec76fd3ea,hotpotqa,hotpotqa_oncu_200,dense,5,220,40,multi_hop,16000,front,low,unknown,p0001;p0002,,81;56;65;22;74,0.0,2.0,0.0,0.0,0.0,0.0,0.0,0.0
hotpotqa_5abf63f15542997ec76fd3ea,hotpotqa,hotpotqa_oncu_200,dense,8,220,40,multi_hop,16000,front,low,unknown,p0001;p0002,,81;56;65;22;74;47;13;63,0.0,2.0,0.0,0.0,0.0,0.0,0.0,0.0
hotpotqa_5abf63f15542997ec76fd3ea,hotpotqa,hotpotqa_oncu_200,dense,16,220,40,multi_hop,16000,front,low,unknown,p0001;p0002,p0006;p0008;p0009;p0001;p0002,81;56;65;22;74;47;13;63;83;72;38;30;27;54;45;4,5.0,2.0,1.0,1.0,0.4,1.0,0.5714285714285715,0.6
hotpotqa_5abf63f15542997ec76fd3ea,hotpotqa,hotpotqa_oncu_200,hybrid,3,220,40,multi_hop,16000,front,low,unknown,p0001;p0002,p0001;p0002,56;74;4,2.0,2.0,1.0,1.0,1.0,1.0,1.0,0.0
hotpotqa_5abf63f15542997ec76fd3ea,hotpotqa,hotpotqa_oncu_200,hybrid,5,220,40,multi_hop,16000,front,low,unknown,p0001;p0002,p0001;p0002,56;74;4;47;65,2.0,2.0,1.0,1.0,1.0,1.0,1.0,0.0
hotpotqa_5abf63f15542997ec76fd3ea,hotpotqa,hotpotqa_oncu_200,hybrid,8,220,40,multi_hop,16000,front,low,unknown,p0001;p0002,p0001;p0002,56;74;4;47;65;38;83;22,2.0,2.0,1.0,1.0,1.0,1.0,1.0,0.0
hotpotqa_5abf63f15542997ec76fd3ea,hotpotqa,hotpotqa_oncu_200,hybrid,16,220,40,multi_hop,16000,front,low,unknown,p0001;p0002,p0001;p0002,56;74;4;47;65;38;83;22;3;13;87;69;51;78;81;60,2.0,2.0,1.0,1.0,1.0,1.0,1.0,0.0
hotpotqa_5abf63f15542997ec76fd3ea,hotpotqa,hotpotqa_oncu_200,iterative,3,220,40,multi_hop,16000,front,low,unknown,p0001;p0002,p0001;p0002,3;4;35,2.0,2.0,1.0,1.0,1.0,1.0,1.0,0.0
hotpotqa_5abf63f15542997ec76fd3ea,hotpotqa,hotpotqa_oncu_200,iterative,5,220,40,multi_hop,16000,front,low,unknown,p0001;p0002,p0001;p0002,3;4;35;10;44,2.0,2.0,1.0,1.0,1.0,1.0,1.0,0.0
hotpotqa_5abf63f15542997ec76fd3ea,hotpotqa,hotpotqa_oncu_200,iterative,8,220,40,multi_hop,16000,front,low,unknown,p0001;p0002,p0001;p0002,3;4;35;10;44;85;87;38,2.0,2.0,1.0,1.0,1.0,1.0,1.0,0.0
hotpotqa_5abf63f15542997ec76fd3ea,hotpotqa,hotpotqa_oncu_200,iterative,16,220,40,multi_hop,16000,front,low,unknown,p0001;p0002,p0001;p0002,3;4;35;10;44;85;87;38;69;53;78;62;80;47;74;49,2.0,2.0,1.0,1.0,1.0,1.0,1.0,0.0
hotpotqa_5abf63f15542997ec76fd3ea,hotpotqa,hotpotqa_oncu_200,oracle,3,220,40,multi_hop,16000,front,low,unknown,p0001;p0002,p0001;p0002,0;1,2.0,2.0,1.0,1.0,1.0,1.0,1.0,0.0
hotpotqa_5abf63f15542997ec76fd3ea,hotpotqa,hotpotqa_oncu_200,oracle,5,220,40,multi_hop,16000,front,low,unknown,p0001;p0002,p0001;p0002,0;1,2.0,2.0,1.0,1.0,1.0,1.0,1.0,0.0
hotpotqa_5abf63f15542997ec76fd3ea,hotpotqa,hotpotqa_oncu_200,oracle,8,220,40,multi_hop,16000,front,low,unknown,p0001;p0002,p0001;p0002,0;1,2.0,2.0,1.0,1.0,1.0,1.0,1.0,0.0
hotpotqa_5abf63f15542997ec76fd3ea,hotpotqa,hotpotqa_oncu_200,oracle,16,220,40,multi_hop,16000,front,low,unknown,p0001;p0002,p0001;p0002,0;1,2.0,2.0,1.0,1.0,1.0,1.0,1.0,0.0
hotpotqa_5ab51dae5542991779162d82,hotpotqa,hotpotqa_oncu_200,lexical,3,220,40,comparison,4000,middle,low,unknown,p0001;p0002,p0001;p0002,10;11;20,2.0,2.0,1.0,1.0,1.0,1.0,1.0,0.0
hotpotqa_5ab51dae5542991779162d82,hotpotqa,hotpotqa_oncu_200,lexical,5,220,40,comparison,4000,middle,low,unknown,p0001;p0002,p0001;p0002;p0007;p0008,10;11;20;7;15,4.0,2.0,1.0,1.0,0.5,1.0,0.6666666666666666,0.5
hotpotqa_5ab51dae5542991779162d82,hotpotqa,hotpotqa_oncu_200,lexical,8,220,40,comparison,4000,middle,low,unknown,p0001;p0002,p0001;p0002;p0007;p0008,10;11;20;7;15;13;18;1,4.0,2.0,1.0,1.0,0.5,1.0,0.6666666666666666,0.5
hotpotqa_5ab51dae5542991779162d82,hotpotqa,hotpotqa_oncu_200,lexical,16,220,40,comparison,4000,middle,low,unknown,p0001;p0002,p0001;p0002;p0007;p0008;p0010;p0012;p0003;p0004,10;11;20;7;15;13;18;1;14;4;16;17;3;9;0;5,8.0,2.0,1.0,1.0,0.25,1.0,0.4,0.75
hotpotqa_5ab51dae5542991779162d82,hotpotqa,hotpotqa_oncu_200,dense,3,220,40,comparison,4000,middle,low,unknown,p0001;p0002,p0002,11;20;18,1.0,2.0,1.0,0.0,1.0,0.5,0.6666666666666666,0.0
hotpotqa_5ab51dae5542991779162d82,hotpotqa,hotpotqa_oncu_200,dense,5,220,40,comparison,4000,middle,low,unknown,p0001;p0002,p0002;p0003;p0004;p0007;p0008,11;20;18;5;7,5.0,2.0,1.0,0.0,0.2,0.5,0.28571428571428575,0.8
hotpotqa_5ab51dae5542991779162d82,hotpotqa,hotpotqa_oncu_200,dense,8,220,40,comparison,4000,middle,low,unknown,p0001;p0002,p0002;p0003;p0004;p0007;p0008,11;20;18;5;7;4;2;17,5.0,2.0,1.0,0.0,0.2,0.5,0.28571428571428575,0.8
hotpotqa_5ab51dae5542991779162d82,hotpotqa,hotpotqa_oncu_200,dense,16,220,40,comparison,4000,middle,low,unknown,p0001;p0002,p0002;p0003;p0004;p0007;p0008;p0009;p0010;p0012;p0001,11;20;18;5;7;4;2;17;14;16;8;3;9;0;10;13,9.0,2.0,1.0,1.0,0.2222222222222222,1.0,0.3636363636363636,0.7777777777777778
hotpotqa_5ab51dae5542991779162d82,hotpotqa,hotpotqa_oncu_200,hybrid,3,220,40,comparison,4000,middle,low,unknown,p0001;p0002,p0002;p0007;p0008,11;20;7,3.0,2.0,1.0,0.0,0.3333333333333333,0.5,0.4,0.6666666666666666
hotpotqa_5ab51dae5542991779162d82,hotpotqa,hotpotqa_oncu_200,hybrid,5,220,40,comparison,4000,middle,low,unknown,p0001;p0002,p0002;p0007;p0008;p0001,11;20;7;18;10,4.0,2.0,1.0,1.0,0.5,1.0,0.6666666666666666,0.5
hotpotqa_5ab51dae5542991779162d82,hotpotqa,hotpotqa_oncu_200,hybrid,8,220,40,comparison,4000,middle,low,unknown,p0001;p0002,p0002;p0007;p0008;p0001;p0003;p0004,11;20;7;18;10;4;14;5,6.0,2.0,1.0,1.0,0.3333333333333333,1.0,0.5,0.6666666666666666
hotpotqa_5ab51dae5542991779162d82,hotpotqa,hotpotqa_oncu_200,hybrid,16,220,40,comparison,4000,middle,low,unknown,p0001;p0002,p0002;p0007;p0008;p0001;p0003;p0004;p0010;p0012,11;20;7;18;10;4;14;5;17;16;13;2;15;3;9;1,8.0,2.0,1.0,1.0,0.25,1.0,0.4,0.75
hotpotqa_5ab51dae5542991779162d82,hotpotqa,hotpotqa_oncu_200,iterative,3,220,40,comparison,4000,middle,low,unknown,p0001;p0002,p0001;p0002,10;18;13,2.0,2.0,1.0,1.0,1.0,1.0,1.0,0.0
hotpotqa_5ab51dae5542991779162d82,hotpotqa,hotpotqa_oncu_200,iterative,5,220,40,comparison,4000,middle,low,unknown,p0001;p0002,p0001;p0002,10;18;13;4;14,2.0,2.0,1.0,1.0,1.0,1.0,1.0,0.0
hotpotqa_5ab51dae5542991779162d82,hotpotqa,hotpotqa_oncu_200,iterative,8,220,40,comparison,4000,middle,low,unknown,p0001;p0002,p0001;p0002;p0010;p0012;p0007;p0008,10;18;13;4;14;9;7;11,6.0,2.0,1.0,1.0,0.3333333333333333,1.0,0.5,0.6666666666666666
hotpotqa_5ab51dae5542991779162d82,hotpotqa,hotpotqa_oncu_200,iterative,16,220,40,comparison,4000,middle,low,unknown,p0001;p0002,p0001;p0002;p0010;p0012;p0007;p0008,10;18;13;4;14;9;7;11;3;17;20;15;0;19;16;1,6.0,2.0,1.0,1.0,0.3333333333333333,1.0,0.5,0.6666666666666666
hotpotqa_5ab51dae5542991779162d82,hotpotqa,hotpotqa_oncu_200,oracle,3,220,40,comparison,4000,middle,low,unknown,p0001;p0002,p0001;p0002,0;1,2.0,2.0,1.0,1.0,1.0,1.0,1.0,0.0
hotpotqa_5ab51dae5542991779162d82,hotpotqa,hotpotqa_oncu_200,oracle,5,220,40,comparison,4000,middle,low,unknown,p0001;p0002,p0001;p0002,0;1,2.0,2.0,1.0,1.0,1.0,1.0,1.0,0.0
hotpotqa_5ab51dae5542991779162d82,hotpotqa,hotpotqa_oncu_200,oracle,8,220,40,comparison,4000,middle,low,unknown,p0001;p0002,p0001;p0002,0;1,2.0,2.0,1.0,1.0,1.0,1.0,1.0,0.0
hotpotqa_5ab51dae5542991779162d82,hotpotqa,hotpotqa_oncu_200,oracle,16,220,40,comparison,4000,middle,low,unknown,p0001;p0002,p0001;p0002,0;1,2.0,2.0,1.0,1.0,1.0,1.0,1.0,0.0
hotpotqa_5ab2d3df554299194fa9352c,hotpotqa,hotpotqa_oncu_200,lexical,3,220,40,multi_hop,8000,end,low,unknown,p0001;p0002,p0001;p0002,3;38;28,2.0,2.0,1.0,1.0,1.0,1.0,1.0,0.0
hotpotqa_5ab2d3df554299194fa9352c,hotpotqa,hotpotqa_oncu_200,lexical,5,220,40,multi_hop,8000,end,low,unknown,p0001;p0002,p0001;p0002,3;38;28;22;9,2.0,2.0,1.0,1.0,1.0,1.0,1.0,0.0
hotpotqa_5ab2d3df554299194fa9352c,hotpotqa,hotpotqa_oncu_200,lexical,8,220,40,multi_hop,8000,end,low,unknown,p0001;p0002,p0001;p0002,3;38;28;22;9;41;35;34,2.0,2.0,1.0,1.0,1.0,1.0,1.0,0.0
hotpotqa_5ab2d3df554299194fa9352c,hotpotqa,hotpotqa_oncu_200,lexical,16,220,40,multi_hop,8000,end,low,unknown,p0001;p0002,p0001;p0002;p0003;p0007;p0008;p0009,3;38;28;22;9;41;35;34;10;42;39;12;16;29;31;4,6.0,2.0,1.0,1.0,0.3333333333333333,1.0,0.5,0.6666666666666666
hotpotqa_5ab2d3df554299194fa9352c,hotpotqa,hotpotqa_oncu_200,dense,3,220,40,multi_hop,8000,end,low,unknown,p0001;p0002,,22;41;35,0.0,2.0,0.0,0.0,0.0,0.0,0.0,0.0
hotpotqa_5ab2d3df554299194fa9352c,hotpotqa,hotpotqa_oncu_200,dense,5,220,40,multi_hop,8000,end,low,unknown,p0001;p0002,p0009,22;41;35;11;17,1.0,2.0,0.0,0.0,0.0,0.0,0.0,1.0
hotpotqa_5ab2d3df554299194fa9352c,hotpotqa,hotpotqa_oncu_200,dense,8,220,40,multi_hop,8000,end,low,unknown,p0001;p0002,p0009,22;41;35;11;17;3;36;5,1.0,2.0,0.0,0.0,0.0,0.0,0.0,1.0
hotpotqa_5ab2d3df554299194fa9352c,hotpotqa,hotpotqa_oncu_200,dense,16,220,40,multi_hop,8000,end,low,unknown,p0001;p0002,p0009;p0004;p0007;p0008;p0001;p0002,22;41;35;11;17;3;36;5;10;30;13;43;24;16;38;9,6.0,2.0,1.0,1.0,0.3333333333333333,1.0,0.5,0.6666666666666666
hotpotqa_5ab2d3df554299194fa9352c,hotpotqa,hotpotqa_oncu_200,hybrid,3,220,40,multi_hop,8000,end,low,unknown,p0001;p0002,,22;3;41,0.0,2.0,0.0,0.0,0.0,0.0,0.0,0.0
hotpotqa_5ab2d3df554299194fa9352c,hotpotqa,hotpotqa_oncu_200,hybrid,5,220,40,multi_hop,8000,end,low,unknown,p0001;p0002,p0001;p0002,22;3;41;35;38,2.0,2.0,1.0,1.0,1.0,1.0,1.0,0.0
hotpotqa_5ab2d3df554299194fa9352c,hotpotqa,hotpotqa_oncu_200,hybrid,8,220,40,multi_hop,8000,end,low,unknown,p0001;p0002,p0001;p0002,22;3;41;35;38;10;28;9,2.0,2.0,1.0,1.0,1.0,1.0,1.0,0.0
hotpotqa_5ab2d3df554299194fa9352c,hotpotqa,hotpotqa_oncu_200,hybrid,16,220,40,multi_hop,8000,end,low,unknown,p0001;p0002,p0001;p0002;p0007;p0008;p0009,22;3;41;35;38;10;28;9;16;42;34;29;17;11;5;24,5.0,2.0,1.0,1.0,0.4,1.0,0.5714285714285715,0.6
hotpotqa_5ab2d3df554299194fa9352c,hotpotqa,hotpotqa_oncu_200,iterative,3,220,40,multi_hop,8000,end,low,unknown,p0001;p0002,,3;9;28,0.0,2.0,0.0,0.0,0.0,0.0,0.0,0.0
hotpotqa_5ab2d3df554299194fa9352c,hotpotqa,hotpotqa_oncu_200,iterative,5,220,40,multi_hop,8000,end,low,unknown,p0001;p0002,,3;9;28;34;22,0.0,2.0,0.0,0.0,0.0,0.0,0.0,0.0
hotpotqa_5ab2d3df554299194fa9352c,hotpotqa,hotpotqa_oncu_200,iterative,8,220,40,multi_hop,8000,end,low,unknown,p0001;p0002,p0001;p0002,3;9;28;34;22;41;38;21,2.0,2.0,1.0,1.0,1.0,1.0,1.0,0.0
hotpotqa_5ab2d3df554299194fa9352c,hotpotqa,hotpotqa_oncu_200,iterative,16,220,40,multi_hop,8000,end,low,unknown,p0001;p0002,p0001;p0002;p0005;p0006;p0003,3;9;28;34;22;41;38;21;15;40;12;31;6;10;35;2,5.0,2.0,1.0,1.0,0.4,1.0,0.5714285714285715,0.6
hotpotqa_5ab2d3df554299194fa9352c,hotpotqa,hotpotqa_oncu_200,oracle,3,220,40,multi_hop,8000,end,low,unknown,p0001;p0002,p0001;p0002,0;1,2.0,2.0,1.0,1.0,1.0,1.0,1.0,0.0
hotpotqa_5ab2d3df554299194fa9352c,hotpotqa,hotpotqa_oncu_200,oracle,5,220,40,multi_hop,8000,end,low,unknown,p0001;p0002,p0001;p0002,0;1,2.0,2.0,1.0,1.0,1.0,1.0,1.0,0.0
hotpotqa_5ab2d3df554299194fa9352c,hotpotqa,hotpotqa_oncu_200,oracle,8,220,40,multi_hop,8000,end,low,unknown,p0001;p0002,p0001;p0002,0;1,2.0,2.0,1.0,1.0,1.0,1.0,1.0,0.0
hotpotqa_5ab2d3df554299194fa9352c,hotpotqa,hotpotqa_oncu_200,oracle,16,220,40,multi_hop,8000,end,low,unknown,p0001;p0002,p0001;p0002,0;1,2.0,2.0,1.0,1.0,1.0,1.0,1.0,0.0
hotpotqa_5a7d54165542995f4f402256,hotpotqa,hotpotqa_oncu_200,lexical,3,220,40,multi_hop,16000,scattered,medium,unknown,p0001;p0002;p0003;p0004,p0001;p0004;p0005;p0006,8;28;7,4.0,4.0,1.0,0.0,0.5,0.5,0.5,0.5
hotpotqa_5a7d54165542995f4f402256,hotpotqa,hotpotqa_oncu_200,lexical,5,220,40,multi_hop,16000,scattered,medium,unknown,p0001;p0002;p0003;p0004,p0001;p0004;p0005;p0006,8;28;7;61;88,4.0,4.0,1.0,0.0,0.5,0.5,0.5,0.5
hotpotqa_5a7d54165542995f4f402256,hotpotqa,hotpotqa_oncu_200,lexical,8,220,40,multi_hop,16000,scattered,medium,unknown,p0001;p0002;p0003;p0004,p0001;p0004;p0005;p0006,8;28;7;61;88;70;64;67,4.0,4.0,1.0,0.0,0.5,0.5,0.5,0.5
hotpotqa_5a7d54165542995f4f402256,hotpotqa,hotpotqa_oncu_200,lexical,16,220,40,multi_hop,16000,scattered,medium,unknown,p0001;p0002;p0003;p0004,p0001;p0004;p0005;p0006,8;28;7;61;88;70;64;67;1;55;40;52;4;58;85;10,4.0,4.0,1.0,0.0,0.5,0.5,0.5,0.5
hotpotqa_5a7d54165542995f4f402256,hotpotqa,hotpotqa_oncu_200,dense,3,220,40,multi_hop,16000,scattered,medium,unknown,p0001;p0002;p0003;p0004,p0005;p0006,28;10;13,2.0,4.0,0.0,0.0,0.0,0.0,0.0,1.0
hotpotqa_5a7d54165542995f4f402256,hotpotqa,hotpotqa_oncu_200,dense,5,220,40,multi_hop,16000,scattered,medium,unknown,p0001;p0002;p0003;p0004,p0005;p0006,28;10;13;88;7,2.0,4.0,0.0,0.0,0.0,0.0,0.0,1.0
hotpotqa_5a7d54165542995f4f402256,hotpotqa,hotpotqa_oncu_200,dense,8,220,40,multi_hop,16000,scattered,medium,unknown,p0001;p0002;p0003;p0004,p0005;p0006,28;10;13;88;7;61;4;58,2.0,4.0,0.0,0.0,0.0,0.0,0.0,1.0
hotpotqa_5a7d54165542995f4f402256,hotpotqa,hotpotqa_oncu_200,dense,16,220,40,multi_hop,16000,scattered,medium,unknown,p0001;p0002;p0003;p0004,p0005;p0006;p0002,28;10;13;88;7;61;4;58;16;19;79;1;43;55;64;22,3.0,4.0,1.0,0.0,0.3333333333333333,0.25,0.28571428571428575,0.6666666666666666
hotpotqa_5a7d54165542995f4f402256,hotpotqa,hotpotqa_oncu_200,hybrid,3,220,40,multi_hop,16000,scattered,medium,unknown,p0001;p0002;p0003;p0004,p0005;p0006,28;7;88,2.0,4.0,0.0,0.0,0.0,0.0,0.0,1.0
hotpotqa_5a7d54165542995f4f402256,hotpotqa,hotpotqa_oncu_200,hybrid,5,220,40,multi_hop,16000,scattered,medium,unknown,p0001;p0002;p0003;p0004,p0005;p0006,28;7;88;61;10,2.0,4.0,0.0,0.0,0.0,0.0,0.0,1.0
hotpotqa_5a7d54165542995f4f402256,hotpotqa,hotpotqa_oncu_200,hybrid,8,220,40,multi_hop,16000,scattered,medium,unknown,p0001;p0002;p0003;p0004,p0005;p0006,28;7;88;61;10;4;1;64,2.0,4.0,0.0,0.0,0.0,0.0,0.0,1.0
hotpotqa_5a7d54165542995f4f402256,hotpotqa,hotpotqa_oncu_200,hybrid,16,220,40,multi_hop,16000,scattered,medium,unknown,p0001;p0002;p0003;p0004,p0005;p0006;p0001;p0004,28;7;88;61;10;4;1;64;58;8;55;13;67;40;19;70,4.0,4.0,1.0,0.0,0.5,0.5,0.5,0.5
hotpotqa_5a7d54165542995f4f402256,hotpotqa,hotpotqa_oncu_200,iterative,3,220,40,multi_hop,16000,scattered,medium,unknown,p0001;p0002;p0003;p0004,p0001;p0004,8;7;70,2.0,4.0,1.0,0.0,1.0,0.5,0.6666666666666666,0.0
hotpotqa_5a7d54165542995f4f402256,hotpotqa,hotpotqa_oncu_200,iterative,5,220,40,multi_hop,16000,scattered,medium,unknown,p0001;p0002;p0003;p0004,p0001;p0004,8;7;70;61;64,2.0,4.0,1.0,0.0,1.0,0.5,0.6666666666666666,0.0
hotpotqa_5a7d54165542995f4f402256,hotpotqa,hotpotqa_oncu_200,iterative,8,220,40,multi_hop,16000,scattered,medium,unknown,p0001;p0002;p0003;p0004,p0001;p0004;p0005;p0006,8;7;70;61;64;67;28;1,4.0,4.0,1.0,0.0,0.5,0.5,0.5,0.5
hotpotqa_5a7d54165542995f4f402256,hotpotqa,hotpotqa_oncu_200,iterative,16,220,40,multi_hop,16000,scattered,medium,unknown,p0001;p0002;p0003;p0004,p0001;p0004;p0005;p0006,8;7;70;61;64;67;28;1;55;73;4;41;40;88;58;52,4.0,4.0,1.0,0.0,0.5,0.5,0.5,0.5
hotpotqa_5a7d54165542995f4f402256,hotpotqa,hotpotqa_oncu_200,oracle,3,220,40,multi_hop,16000,scattered,medium,unknown,p0001;p0002;p0003;p0004,p0001;p0002;p0003,0;1;2,3.0,4.0,1.0,0.0,1.0,0.75,0.8571428571428571,0.0
hotpotqa_5a7d54165542995f4f402256,hotpotqa,hotpotqa_oncu_200,oracle,5,220,40,multi_hop,16000,scattered,medium,unknown,p0001;p0002;p0003;p0004,p0001;p0002;p0003;p0004,0;1;2;3,4.0,4.0,1.0,1.0,1.0,1.0,1.0,0.0
hotpotqa_5a7d54165542995f4f402256,hotpotqa,hotpotqa_oncu_200,oracle,8,220,40,multi_hop,16000,scattered,medium,unknown,p0001;p0002;p0003;p0004,p0001;p0002;p0003;p0004,0;1;2;3,4.0,4.0,1.0,1.0,1.0,1.0,1.0,0.0
hotpotqa_5a7d54165542995f4f402256,hotpotqa,hotpotqa_oncu_200,oracle,16,220,40,multi_hop,16000,scattered,medium,unknown,p0001;p0002;p0003;p0004,p0001;p0002;p0003;p0004,0;1;2;3,4.0,4.0,1.0,1.0,1.0,1.0,1.0,0.0
hotpotqa_5abbf698554299114383a0b5,hotpotqa,hotpotqa_oncu_200,lexical,3,220,40,multi_hop,4000,front,low,unknown,p0001;p0002,p0001;p0002,0;1;13,2.0,2.0,1.0,1.0,1.0,1.0,1.0,0.0
hotpotqa_5abbf698554299114383a0b5,hotpotqa,hotpotqa_oncu_200,lexical,5,220,40,multi_hop,4000,front,low,unknown,p0001;p0002,p0001;p0002;p0003;p0004;p0005,0;1;13;6;21,5.0,2.0,1.0,1.0,0.4,1.0,0.5714285714285715,0.6
hotpotqa_5abbf698554299114383a0b5,hotpotqa,hotpotqa_oncu_200,lexical,8,220,40,multi_hop,4000,front,low,unknown,p0001;p0002,p0001;p0002;p0003;p0004;p0005,0;1;13;6;21;5;4;17,5.0,2.0,1.0,1.0,0.4,1.0,0.5714285714285715,0.6
hotpotqa_5abbf698554299114383a0b5,hotpotqa,hotpotqa_oncu_200,lexical,16,220,40,multi_hop,4000,front,low,unknown,p0001;p0002,p0001;p0002;p0003;p0004;p0005;p0006;p0007,0;1;13;6;21;5;4;17;18;7;14;20;16;3;12;10,7.0,2.0,1.0,1.0,0.2857142857142857,1.0,0.4444444444444445,0.7142857142857143
hotpotqa_5abbf698554299114383a0b5,hotpotqa,hotpotqa_oncu_200,dense,3,220,40,multi_hop,4000,front,low,unknown,p0001;p0002,p0009;p0010,12;9;16,2.0,2.0,0.0,0.0,0.0,0.0,0.0,1.0
hotpotqa_5abbf698554299114383a0b5,hotpotqa,hotpotqa_oncu_200,dense,5,220,40,multi_hop,4000,front,low,unknown,p0001;p0002,p0009;p0010;p0002,12;9;16;1;20,3.0,2.0,1.0,0.0,0.3333333333333333,0.5,0.4,0.6666666666666666
hotpotqa_5abbf698554299114383a0b5,hotpotqa,hotpotqa_oncu_200,dense,8,220,40,multi_hop,4000,front,low,unknown,p0001;p0002,p0009;p0010;p0002,12;9;16;1;20;4;3;21,3.0,2.0,1.0,0.0,0.3333333333333333,0.5,0.4,0.6666666666666666
hotpotqa_5abbf698554299114383a0b5,hotpotqa,hotpotqa_oncu_200,dense,16,220,40,multi_hop,4000,front,low,unknown,p0001;p0002,p0009;p0010;p0002;p0005;p0006;p0007;p0003;p0004;p0001,12;9;16;1;20;4;3;21;7;13;5;18;17;6;11;0,9.0,2.0,1.0,1.0,0.2222222222222222,1.0,0.3636363636363636,0.7777777777777778
hotpotqa_5abbf698554299114383a0b5,hotpotqa,hotpotqa_oncu_200,hybrid,3,220,40,multi_hop,4000,front,low,unknown,p0001;p0002,p0002,1;13;21,1.0,2.0,1.0,0.0,1.0,0.5,0.6666666666666666,0.0
hotpotqa_5abbf698554299114383a0b5,hotpotqa,hotpotqa_oncu_200,hybrid,5,220,40,multi_hop,4000,front,low,unknown,p0001;p0002,p0002,1;13;21;4;12,1.0,2.0,1.0,0.0,1.0,0.5,0.6666666666666666,0.0
hotpotqa_5abbf698554299114383a0b5,hotpotqa,hotpotqa_oncu_200,hybrid,8,220,40,multi_hop,4000,front,low,unknown,p0001;p0002,p0002;p0001,1;13;21;4;12;16;0;20,2.0,2.0,1.0,1.0,1.0,1.0,1.0,0.0
hotpotqa_5abbf698554299114383a0b5,hotpotqa,hotpotqa_oncu_200,hybrid,16,220,40,multi_hop,4000,front,low,unknown,p0001;p0002,p0002;p0001;p0003;p0004;p0005;p0009;p0010;p0006;p0007,1;13;21;4;12;16;0;20;5;6;9;7;3;17;18;14,9.0,2.0,1.0,1.0,0.2222222222222222,1.0,0.3636363636363636,0.7777777777777778
hotpotqa_5abbf698554299114383a0b5,hotpotqa,hotpotqa_oncu_200,iterative,3,220,40,multi_hop,4000,front,low,unknown,p0001;p0002,p0001;p0002,0;13;21,2.0,2.0,1.0,1.0,1.0,1.0,1.0,0.0
hotpotqa_5abbf698554299114383a0b5,hotpotqa,hotpotqa_oncu_200,iterative,5,220,40,multi_hop,4000,front,low,unknown,p0001;p0002,p0001;p0002;p0003;p0004;p0005,0;13;21;6;1,5.0,2.0,1.0,1.0,0.4,1.0,0.5714285714285715,0.6
hotpotqa_5abbf698554299114383a0b5,hotpotqa,hotpotqa_oncu_200,iterative,8,220,40,multi_hop,4000,front,low,unknown,p0001;p0002,p0001;p0002;p0003;p0004;p0005,0;13;21;6;1;17;4;5,5.0,2.0,1.0,1.0,0.4,1.0,0.5714285714285715,0.6
hotpotqa_5abbf698554299114383a0b5,hotpotqa,hotpotqa_oncu_200,iterative,16,220,40,multi_hop,4000,front,low,unknown,p0001;p0002,p0001;p0002;p0003;p0004;p0005;p0006;p0007;p0009;p0010,0;13;21;6;1;17;4;5;18;12;16;20;7;14;3;9,9.0,2.0,1.0,1.0,0.2222222222222222,1.0,0.3636363636363636,0.7777777777777778
hotpotqa_5abbf698554299114383a0b5,hotpotqa,hotpotqa_oncu_200,oracle,3,220,40,multi_hop,4000,front,low,unknown,p0001;p0002,p0001;p0002,0;1,2.0,2.0,1.0,1.0,1.0,1.0,1.0,0.0
hotpotqa_5abbf698554299114383a0b5,hotpotqa,hotpotqa_oncu_200,oracle,5,220,40,multi_hop,4000,front,low,unknown,p0001;p0002,p0001;p0002,0;1,2.0,2.0,1.0,1.0,1.0,1.0,1.0,0.0
hotpotqa_5abbf698554299114383a0b5,hotpotqa,hotpotqa_oncu_200,oracle,8,220,40,multi_hop,4000,front,low,unknown,p0001;p0002,p0001;p0002,0;1,2.0,2.0,1.0,1.0,1.0,1.0,1.0,0.0
hotpotqa_5abbf698554299114383a0b5,hotpotqa,hotpotqa_oncu_200,oracle,16,220,40,multi_hop,4000,front,low,unknown,p0001;p0002,p0001;p0002,0;1,2.0,2.0,1.0,1.0,1.0,1.0,1.0,0.0
hotpotqa_5ab84bf555429916710eb01f,hotpotqa,hotpotqa_oncu_200,lexical,3,220,40,multi_hop,8000,middle,low,unknown,p0001;p0002,p0001;p0002,7;20;22,2.0,2.0,1.0,1.0,1.0,1.0,1.0,0.0
hotpotqa_5ab84bf555429916710eb01f,hotpotqa,hotpotqa_oncu_200,lexical,5,220,40,multi_hop,8000,middle,low,unknown,p0001;p0002,p0001;p0002,7;20;22;33;11,2.0,2.0,1.0,1.0,1.0,1.0,1.0,0.0
hotpotqa_5ab84bf555429916710eb01f,hotpotqa,hotpotqa_oncu_200,lexical,8,220,40,multi_hop,8000,middle,low,unknown,p0001;p0002,p0001;p0002,7;20;22;33;11;37;29;3,2.0,2.0,1.0,1.0,1.0,1.0,1.0,0.0
hotpotqa_5ab84bf555429916710eb01f,hotpotqa,hotpotqa_oncu_200,lexical,16,220,40,multi_hop,8000,middle,low,unknown,p0001;p0002,p0001;p0002;p0007;p0008;p0010;p0012,7;20;22;33;11;37;29;3;24;42;25;41;16;2;32;17,6.0,2.0,1.0,1.0,0.3333333333333333,1.0,0.5,0.6666666666666666
hotpotqa_5ab84bf555429916710eb01f,hotpotqa,hotpotqa_oncu_200,dense,3,220,40,multi_hop,8000,middle,low,unknown,p0001;p0002,p0004;p0005;p0006;p0001;p0002,14;22;5,5.0,2.0,1.0,1.0,0.4,1.0,0.5714285714285715,0.6
hotpotqa_5ab84bf555429916710eb01f,hotpotqa,hotpotqa_oncu_200,dense,5,220,40,multi_hop,8000,middle,low,unknown,p0001;p0002,p0004;p0005;p0006;p0001;p0002,14;22;5;35;39,5.0,2.0,1.0,1.0,0.4,1.0,0.5714285714285715,0.6
hotpotqa_5ab84bf555429916710eb01f,hotpotqa,hotpotqa_oncu_200,dense,8,220,40,multi_hop,8000,middle,low,unknown,p0001;p0002,p0004;p0005;p0006;p0001;p0002;p0012,14;22;5;35;39;9;44;17,6.0,2.0,1.0,1.0,0.3333333333333333,1.0,0.5,0.6666666666666666
hotpotqa_5ab84bf555429916710eb01f,hotpotqa,hotpotqa_oncu_200,dense,16,220,40,multi_hop,8000,middle,low,unknown,p0001;p0002,p0004;p0005;p0006;p0001;p0002;p0012,14;22;5;35;39;9;44;17;3;20;37;7;18;43;41;33,6.0,2.0,1.0,1.0,0.3333333333333333,1.0,0.5,0.6666666666666666
hotpotqa_5ab84bf555429916710eb01f,hotpotqa,hotpotqa_oncu_200,hybrid,3,220,40,multi_hop,8000,middle,low,unknown,p0001;p0002,p0001;p0002,22;20;7,2.0,2.0,1.0,1.0,1.0,1.0,1.0,0.0
hotpotqa_5ab84bf555429916710eb01f,hotpotqa,hotpotqa_oncu_200,hybrid,5,220,40,multi_hop,8000,middle,low,unknown,p0001;p0002,p0001;p0002,22;20;7;37;3,2.0,2.0,1.0,1.0,1.0,1.0,1.0,0.0
hotpotqa_5ab84bf555429916710eb01f,hotpotqa,hotpotqa_oncu_200,hybrid,8,220,40,multi_hop,8000,middle,low,unknown,p0001;p0002,p0001;p0002;p0012,22;20;7;37;3;33;9;17,3.0,2.0,1.0,1.0,0.6666666666666666,1.0,0.8,0.3333333333333333
hotpotqa_5ab84bf555429916710eb01f,hotpotqa,hotpotqa_oncu_200,hybrid,16,220,40,multi_hop,8000,middle,low,unknown,p0001;p0002,p0001;p0002;p0012;p0004;p0005;p0006,22;20;7;37;3;33;9;17;39;14;41;24;11;35;5;29,6.0,2.0,1.0,1.0,0.3333333333333333,1.0,0.5,0.6666666666666666
hotpotqa_5ab84bf555429916710eb01f,hotpotqa,hotpotqa_oncu_200,iterative,3,220,40,multi_hop,8000,middle,low,unknown,p0001;p0002,,7;11;37,0.0,2.0,0.0,0.0,0.0,0.0,0.0,0.0
hotpotqa_5ab84bf555429916710eb01f,hotpotqa,hotpotqa_oncu_200,iterative,5,220,40,multi_hop,8000,middle,low,unknown,p0001;p0002,,7;11;37;20;24,0.0,2.0,0.0,0.0,0.0,0.0,0.0,0.0
hotpotqa_5ab84bf555429916710eb01f,hotpotqa,hotpotqa_oncu_200,iterative,8,220,40,multi_hop,8000,middle,low,unknown,p0001;p0002,p0007;p0008;p0010;p0012,7;11;37;20;24;33;41;16,4.0,2.0,0.0,0.0,0.0,0.0,0.0,1.0
hotpotqa_5ab84bf555429916710eb01f,hotpotqa,hotpotqa_oncu_200,iterative,16,220,40,multi_hop,8000,middle,low,unknown,p0001;p0002,p0007;p0008;p0010;p0012;p0001;p0002,7;11;37;20;24;33;41;16;3;29;22;2;28;32;19;42,6.0,2.0,1.0,1.0,0.3333333333333333,1.0,0.5,0.6666666666666666
hotpotqa_5ab84bf555429916710eb01f,hotpotqa,hotpotqa_oncu_200,oracle,3,220,40,multi_hop,8000,middle,low,unknown,p0001;p0002,p0001;p0002,0;1,2.0,2.0,1.0,1.0,1.0,1.0,1.0,0.0
hotpotqa_5ab84bf555429916710eb01f,hotpotqa,hotpotqa_oncu_200,oracle,5,220,40,multi_hop,8000,middle,low,unknown,p0001;p0002,p0001;p0002,0;1,2.0,2.0,1.0,1.0,1.0,1.0,1.0,0.0
hotpotqa_5ab84bf555429916710eb01f,hotpotqa,hotpotqa_oncu_200,oracle,8,220,40,multi_hop,8000,middle,low,unknown,p0001;p0002,p0001;p0002,0;1,2.0,2.0,1.0,1.0,1.0,1.0,1.0,0.0
hotpotqa_5ab84bf555429916710eb01f,hotpotqa,hotpotqa_oncu_200,oracle,16,220,40,multi_hop,8000,middle,low,unknown,p0001;p0002,p0001;p0002,0;1,2.0,2.0,1.0,1.0,1.0,1.0,1.0,0.0
hotpotqa_5ab96ab755429970cfb8eacd,hotpotqa,hotpotqa_oncu_200,lexical,3,220,40,multi_hop,16000,end,medium,unknown,p0001;p0002;p0003;p0004,,59;52;16,0.0,4.0,0.0,0.0,0.0,0.0,0.0,0.0
hotpotqa_5ab96ab755429970cfb8eacd,hotpotqa,hotpotqa_oncu_200,lexical,5,220,40,multi_hop,16000,end,medium,unknown,p0001;p0002;p0003;p0004,p0001;p0002;p0003,59;52;16;77;81,3.0,4.0,1.0,0.0,1.0,0.75,0.8571428571428571,0.0
hotpotqa_5ab96ab755429970cfb8eacd,hotpotqa,hotpotqa_oncu_200,lexical,8,220,40,multi_hop,16000,end,medium,unknown,p0001;p0002;p0003;p0004,p0001;p0002;p0003,59;52;16;77;81;1;84;10,3.0,4.0,1.0,0.0,1.0,0.75,0.8571428571428571,0.0
hotpotqa_5ab96ab755429970cfb8eacd,hotpotqa,hotpotqa_oncu_200,lexical,16,220,40,multi_hop,16000,end,medium,unknown,p0001;p0002;p0003;p0004,p0001;p0002;p0003,59;52;16;77;81;1;84;10;34;26;41;46;62;23;64;88,3.0,4.0,1.0,0.0,1.0,0.75,0.8571428571428571,0.0
hotpotqa_5ab96ab755429970cfb8eacd,hotpotqa,hotpotqa_oncu_200,dense,3,220,40,multi_hop,16000,end,medium,unknown,p0001;p0002;p0003;p0004,,75;79;57,0.0,4.0,0.0,0.0,0.0,0.0,0.0,0.0
hotpotqa_5ab96ab755429970cfb8eacd,hotpotqa,hotpotqa_oncu_200,dense,5,220,40,multi_hop,16000,end,medium,unknown,p0001;p0002;p0003;p0004,,75;79;57;21;46,0.0,4.0,0.0,0.0,0.0,0.0,0.0,0.0
hotpotqa_5ab96ab755429970cfb8eacd,hotpotqa,hotpotqa_oncu_200,dense,8,220,40,multi_hop,16000,end,medium,unknown,p0001;p0002;p0003;p0004,,75;79;57;21;46;64;39;86,0.0,4.0,0.0,0.0,0.0,0.0,0.0,0.0
hotpotqa_5ab96ab755429970cfb8eacd,hotpotqa,hotpotqa_oncu_200,dense,16,220,40,multi_hop,16000,end,medium,unknown,p0001;p0002;p0003;p0004,p0001;p0002;p0003;p0014,75;79;57;21;46;64;39;86;3;50;10;32;16;77;31;14,4.0,4.0,1.0,0.0,0.75,0.75,0.75,0.25
hotpotqa_5ab96ab755429970cfb8eacd,hotpotqa,hotpotqa_oncu_200,hybrid,3,220,40,multi_hop,16000,end,medium,unknown,p0001;p0002;p0003;p0004,p0001;p0002;p0003,16;46;77,3.0,4.0,1.0,0.0,1.0,0.75,0.8571428571428571,0.0
hotpotqa_5ab96ab755429970cfb8eacd,hotpotqa,hotpotqa_oncu_200,hybrid,5,220,40,multi_hop,16000,end,medium,unknown,p0001;p0002;p0003;p0004,p0001;p0002;p0003,16;46;77;52;10,3.0,4.0,1.0,0.0,1.0,0.75,0.8571428571428571,0.0
hotpotqa_5ab96ab755429970cfb8eacd,hotpotqa,hotpotqa_oncu_200,hybrid,8,220,40,multi_hop,16000,end,medium,unknown,p0001;p0002;p0003;p0004,p0001;p0002;p0003,16;46;77;52;10;64;57;79,3.0,4.0,1.0,0.0,1.0,0.75,0.8571428571428571,0.0
hotpotqa_5ab96ab755429970cfb8eacd,hotpotqa,hotpotqa_oncu_200,hybrid,16,220,40,multi_hop,16000,end,medium,unknown,p0001;p0002;p0003;p0004,p0001;p0002;p0003,16;46;77;52;10;64;57;79;75;34;81;59;21;86;41;39,3.0,4.0,1.0,0.0,1.0,0.75,0.8571428571428571,0.0
hotpotqa_5ab96ab755429970cfb8eacd,hotpotqa,hotpotqa_oncu_200,iterative,3,220,40,multi_hop,16000,end,medium,unknown,p0001;p0002;p0003;p0004,,59;84;62,0.0,4.0,0.0,0.0,0.0,0.0,0.0,0.0
hotpotqa_5ab96ab755429970cfb8eacd,hotpotqa,hotpotqa_oncu_200,iterative,5,220,40,multi_hop,16000,end,medium,unknown,p0001;p0002;p0003;p0004,,59;84;62;26;1,0.0,4.0,0.0,0.0,0.0,0.0,0.0,0.0
hotpotqa_5ab96ab755429970cfb8eacd,hotpotqa,hotpotqa_oncu_200,iterative,8,220,40,multi_hop,16000,end,medium,unknown,p0001;p0002;p0003;p0004,,59;84;62;26;1;81;88;41,0.0,4.0,0.0,0.0,0.0,0.0,0.0,0.0
hotpotqa_5ab96ab755429970cfb8eacd,hotpotqa,hotpotqa_oncu_200,iterative,16,220,40,multi_hop,16000,end,medium,unknown,p0001;p0002;p0003;p0004,p0001;p0002;p0003,59;84;62;26;1;81;88;41;23;52;16;66;77;5;34;73,3.0,4.0,1.0,0.0,1.0,0.75,0.8571428571428571,0.0
hotpotqa_5ab96ab755429970cfb8eacd,hotpotqa,hotpotqa_oncu_200,oracle,3,220,40,multi_hop,16000,end,medium,unknown,p0001;p0002;p0003;p0004,p0001;p0002;p0003,0;1;2,3.0,4.0,1.0,0.0,1.0,0.75,0.8571428571428571,0.0
hotpotqa_5ab96ab755429970cfb8eacd,hotpotqa,hotpotqa_oncu_200,oracle,5,220,40,multi_hop,16000,end,medium,unknown,p0001;p0002;p0003;p0004,p0001;p0002;p0003;p0004,0;1;2;3,4.0,4.0,1.0,1.0,1.0,1.0,1.0,0.0
hotpotqa_5ab96ab755429970cfb8eacd,hotpotqa,hotpotqa_oncu_200,oracle,8,220,40,multi_hop,16000,end,medium,unknown,p0001;p0002;p0003;p0004,p0001;p0002;p0003;p0004,0;1;2;3,4.0,4.0,1.0,1.0,1.0,1.0,1.0,0.0
hotpotqa_5ab96ab755429970cfb8eacd,hotpotqa,hotpotqa_oncu_200,oracle,16,220,40,multi_hop,16000,end,medium,unknown,p0001;p0002;p0003;p0004,p0001;p0002;p0003;p0004,0;1;2;3,4.0,4.0,1.0,1.0,1.0,1.0,1.0,0.0
hotpotqa_5ae5aba0554299546bf82f17,hotpotqa,hotpotqa_oncu_200,lexical,3,220,40,multi_hop,4000,scattered,low,unknown,p0001;p0002,p0007;p0008;p0009,20;8;11,3.0,2.0,0.0,0.0,0.0,0.0,0.0,1.0
hotpotqa_5ae5aba0554299546bf82f17,hotpotqa,hotpotqa_oncu_200,lexical,5,220,40,multi_hop,4000,scattered,low,unknown,p0001;p0002,p0007;p0008;p0009,20;8;11;17;2,3.0,2.0,0.0,0.0,0.0,0.0,0.0,1.0
hotpotqa_5ae5aba0554299546bf82f17,hotpotqa,hotpotqa_oncu_200,lexical,8,220,40,multi_hop,4000,scattered,low,unknown,p0001;p0002,p0007;p0008;p0009,20;8;11;17;2;21;15;16,3.0,2.0,0.0,0.0,0.0,0.0,0.0,1.0
hotpotqa_5ae5aba0554299546bf82f17,hotpotqa,hotpotqa_oncu_200,lexical,16,220,40,multi_hop,4000,scattered,low,unknown,p0001;p0002,p0007;p0008;p0009;p0010;p0011;p0006;p0001;p0002,20;8;11;17;2;21;15;16;9;12;3;19;4;7;1;10,8.0,2.0,1.0,1.0,0.25,1.0,0.4,0.75
hotpotqa_5ae5aba0554299546bf82f17,hotpotqa,hotpotqa_oncu_200,dense,3,220,40,multi_hop,4000,scattered,low,unknown,p0001;p0002,p0001;p0003,14;1;5,2.0,2.0,1.0,0.0,0.5,0.5,0.5,0.5
hotpotqa_5ae5aba0554299546bf82f17,hotpotqa,hotpotqa_oncu_200,dense,5,220,40,multi_hop,4000,scattered,low,unknown,p0001;p0002,p0001;p0003,14;1;5;11;20,2.0,2.0,1.0,0.0,0.5,0.5,0.5,0.5
hotpotqa_5ae5aba0554299546bf82f17,hotpotqa,hotpotqa_oncu_200,dense,8,220,40,multi_hop,4000,scattered,low,unknown,p0001;p0002,p0001;p0003;p0007;p0008;p0009,14;1;5;11;20;16;2;8,5.0,2.0,1.0,0.0,0.2,0.5,0.28571428571428575,0.8
hotpotqa_5ae5aba0554299546bf82f17,hotpotqa,hotpotqa_oncu_200,dense,16,220,40,multi_hop,4000,scattered,low,unknown,p0001;p0002,p0001;p0003;p0007;p0008;p0009;p0010;p0011;p0006,14;1;5;11;20;16;2;8;19;9;21;12;3;7;15;18,8.0,2.0,1.0,0.0,0.125,0.5,0.2,0.875
hotpotqa_5ae5aba0554299546bf82f17,hotpotqa,hotpotqa_oncu_200,hybrid,3,220,40,multi_hop,4000,scattered,low,unknown,p0001;p0002,p0007;p0008;p0009,20;11;8,3.0,2.0,0.0,0.0,0.0,0.0,0.0,1.0
hotpotqa_5ae5aba0554299546bf82f17,hotpotqa,hotpotqa_oncu_200,hybrid,5,220,40,multi_hop,4000,scattered,low,unknown,p0001;p0002,p0007;p0008;p0009,20;11;8;2;16,3.0,2.0,0.0,0.0,0.0,0.0,0.0,1.0
hotpotqa_5ae5aba0554299546bf82f17,hotpotqa,hotpotqa_oncu_200,hybrid,8,220,40,multi_hop,4000,scattered,low,unknown,p0001;p0002,p0007;p0008;p0009;p0001,20;11;8;2;16;1;14;21,4.0,2.0,1.0,0.0,0.25,0.5,0.3333333333333333,0.75
hotpotqa_5ae5aba0554299546bf82f17,hotpotqa,hotpotqa_oncu_200,hybrid,16,220,40,multi_hop,4000,scattered,low,unknown,p0001;p0002,p0007;p0008;p0009;p0001;p0010;p0011;p0003;p0006,20;11;8;2;16;1;14;21;9;5;19;15;12;17;3;7,8.0,2.0,1.0,0.0,0.125,0.5,0.2,0.875
hotpotqa_5ae5aba0554299546bf82f17,hotpotqa,hotpotqa_oncu_200,iterative,3,220,40,multi_hop,4000,scattered,low,unknown,p0001;p0002,,20;11;2,0.0,2.0,0.0,0.0,0.0,0.0,0.0,0.0
hotpotqa_5ae5aba0554299546bf82f17,hotpotqa,hotpotqa_oncu_200,iterative,5,220,40,multi_hop,4000,scattered,low,unknown,p0001;p0002,p0007;p0008;p0009,20;11;2;8;15,3.0,2.0,0.0,0.0,0.0,0.0,0.0,1.0
hotpotqa_5ae5aba0554299546bf82f17,hotpotqa,hotpotqa_oncu_200,iterative,8,220,40,multi_hop,4000,scattered,low,unknown,p0001;p0002,p0007;p0008;p0009,20;11;2;8;15;17;21;19,3.0,2.0,0.0,0.0,0.0,0.0,0.0,1.0
hotpotqa_5ae5aba0554299546bf82f17,hotpotqa,hotpotqa_oncu_200,iterative,16,220,40,multi_hop,4000,scattered,low,unknown,p0001;p0002,p0007;p0008;p0009;p0011;p0002;p0010;p0006;p0001,20;11;2;8;15;17;21;19;10;9;16;7;4;12;1;3,8.0,2.0,1.0,1.0,0.25,1.0,0.4,0.75
hotpotqa_5ae5aba0554299546bf82f17,hotpotqa,hotpotqa_oncu_200,oracle,3,220,40,multi_hop,4000,scattered,low,unknown,p0001;p0002,p0001;p0002,0;1,2.0,2.0,1.0,1.0,1.0,1.0,1.0,0.0
hotpotqa_5ae5aba0554299546bf82f17,hotpotqa,hotpotqa_oncu_200,oracle,5,220,40,multi_hop,4000,scattered,low,unknown,p0001;p0002,p0001;p0002,0;1,2.0,2.0,1.0,1.0,1.0,1.0,1.0,0.0
hotpotqa_5ae5aba0554299546bf82f17,hotpotqa,hotpotqa_oncu_200,oracle,8,220,40,multi_hop,4000,scattered,low,unknown,p0001;p0002,p0001;p0002,0;1,2.0,2.0,1.0,1.0,1.0,1.0,1.0,0.0
hotpotqa_5ae5aba0554299546bf82f17,hotpotqa,hotpotqa_oncu_200,oracle,16,220,40,multi_hop,4000,scattered,low,unknown,p0001;p0002,p0001;p0002,0;1,2.0,2.0,1.0,1.0,1.0,1.0,1.0,0.0
hotpotqa_5ae7e1fc55429952e35ea9cc,hotpotqa,hotpotqa_oncu_200,lexical,3,220,40,multi_hop,8000,front,low,unknown,p0001;p0002,p0001;p0002,1;19;38,2.0,2.0,1.0,1.0,1.0,1.0,1.0,0.0
hotpotqa_5ae7e1fc55429952e35ea9cc,hotpotqa,hotpotqa_oncu_200,lexical,5,220,40,multi_hop,8000,front,low,unknown,p0001;p0002,p0001;p0002;p0004;p0005,1;19;38;33;13,4.0,2.0,1.0,1.0,0.5,1.0,0.6666666666666666,0.5
hotpotqa_5ae7e1fc55429952e35ea9cc,hotpotqa,hotpotqa_oncu_200,lexical,8,220,40,multi_hop,8000,front,low,unknown,p0001;p0002,p0001;p0002;p0004;p0005;p0011;p0012,1;19;38;33;13;17;9;28,6.0,2.0,1.0,1.0,0.3333333333333333,1.0,0.5,0.6666666666666666
hotpotqa_5ae7e1fc55429952e35ea9cc,hotpotqa,hotpotqa_oncu_200,lexical,16,220,40,multi_hop,8000,front,low,unknown,p0001;p0002,p0001;p0002;p0004;p0005;p0011;p0012,1;19;38;33;13;17;9;28;2;20;34;5;24;11;30;39,6.0,2.0,1.0,1.0,0.3333333333333333,1.0,0.5,0.6666666666666666
hotpotqa_5ae7e1fc55429952e35ea9cc,hotpotqa,hotpotqa_oncu_200,dense,3,220,40,multi_hop,8000,front,low,unknown,p0001;p0002,p0001;p0002;p0006;p0007,1;20;14,4.0,2.0,1.0,1.0,0.5,1.0,0.6666666666666666,0.5
hotpotqa_5ae7e1fc55429952e35ea9cc,hotpotqa,hotpotqa_oncu_200,dense,5,220,40,multi_hop,8000,front,low,unknown,p0001;p0002,p0001;p0002;p0006;p0007,1;20;14;6;25,4.0,2.0,1.0,1.0,0.5,1.0,0.6666666666666666,0.5
hotpotqa_5ae7e1fc55429952e35ea9cc,hotpotqa,hotpotqa_oncu_200,dense,8,220,40,multi_hop,8000,front,low,unknown,p0001;p0002,p0001;p0002;p0006;p0007,1;20;14;6;25;2;39;41,4.0,2.0,1.0,1.0,0.5,1.0,0.6666666666666666,0.5
hotpotqa_5ae7e1fc55429952e35ea9cc,hotpotqa,hotpotqa_oncu_200,dense,16,220,40,multi_hop,8000,front,low,unknown,p0001;p0002,p0001;p0002;p0006;p0007;p0011;p0012,1;20;14;6;25;2;39;41;34;9;28;33;19;17;38;10,6.0,2.0,1.0,1.0,0.3333333333333333,1.0,0.5,0.6666666666666666
hotpotqa_5ae7e1fc55429952e35ea9cc,hotpotqa,hotpotqa_oncu_200,hybrid,3,220,40,multi_hop,8000,front,low,unknown,p0001;p0002,p0001;p0002,1;20;19,2.0,2.0,1.0,1.0,1.0,1.0,1.0,0.0
hotpotqa_5ae7e1fc55429952e35ea9cc,hotpotqa,hotpotqa_oncu_200,hybrid,5,220,40,multi_hop,8000,front,low,unknown,p0001;p0002,p0001;p0002,1;20;19;2;33,2.0,2.0,1.0,1.0,1.0,1.0,1.0,0.0
hotpotqa_5ae7e1fc55429952e35ea9cc,hotpotqa,hotpotqa_oncu_200,hybrid,8,220,40,multi_hop,8000,front,low,unknown,p0001;p0002,p0001;p0002,1;20;19;2;33;9;38;28,2.0,2.0,1.0,1.0,1.0,1.0,1.0,0.0
hotpotqa_5ae7e1fc55429952e35ea9cc,hotpotqa,hotpotqa_oncu_200,hybrid,16,220,40,multi_hop,8000,front,low,unknown,p0001;p0002,p0001;p0002;p0011;p0012;p0006;p0007;p0004;p0005,1;20;19;2;33;9;38;28;17;34;6;39;14;25;13;41,8.0,2.0,1.0,1.0,0.25,1.0,0.4,0.75
hotpotqa_5ae7e1fc55429952e35ea9cc,hotpotqa,hotpotqa_oncu_200,iterative,3,220,40,multi_hop,8000,front,low,unknown,p0001;p0002,p0001;p0002,1;20;34,2.0,2.0,1.0,1.0,1.0,1.0,1.0,0.0
hotpotqa_5ae7e1fc55429952e35ea9cc,hotpotqa,hotpotqa_oncu_200,iterative,5,220,40,multi_hop,8000,front,low,unknown,p0001;p0002,p0001;p0002,1;20;34;39;38,2.0,2.0,1.0,1.0,1.0,1.0,1.0,0.0
hotpotqa_5ae7e1fc55429952e35ea9cc,hotpotqa,hotpotqa_oncu_200,iterative,8,220,40,multi_hop,8000,front,low,unknown,p0001;p0002,p0001;p0002;p0004;p0005,1;20;34;39;38;19;13;33,4.0,2.0,1.0,1.0,0.5,1.0,0.6666666666666666,0.5
hotpotqa_5ae7e1fc55429952e35ea9cc,hotpotqa,hotpotqa_oncu_200,iterative,16,220,40,multi_hop,8000,front,low,unknown,p0001;p0002,p0001;p0002;p0004;p0005;p0006;p0007;p0011;p0012,1;20;34;39;38;19;13;33;11;6;30;14;25;5;24;17,8.0,2.0,1.0,1.0,0.25,1.0,0.4,0.75
hotpotqa_5ae7e1fc55429952e35ea9cc,hotpotqa,hotpotqa_oncu_200,oracle,3,220,40,multi_hop,8000,front,low,unknown,p0001;p0002,p0001;p0002,0;1,2.0,2.0,1.0,1.0,1.0,1.0,1.0,0.0
hotpotqa_5ae7e1fc55429952e35ea9cc,hotpotqa,hotpotqa_oncu_200,oracle,5,220,40,multi_hop,8000,front,low,unknown,p0001;p0002,p0001;p0002,0;1,2.0,2.0,1.0,1.0,1.0,1.0,1.0,0.0
hotpotqa_5ae7e1fc55429952e35ea9cc,hotpotqa,hotpotqa_oncu_200,oracle,8,220,40,multi_hop,8000,front,low,unknown,p0001;p0002,p0001;p0002,0;1,2.0,2.0,1.0,1.0,1.0,1.0,1.0,0.0
hotpotqa_5ae7e1fc55429952e35ea9cc,hotpotqa,hotpotqa_oncu_200,oracle,16,220,40,multi_hop,8000,front,low,unknown,p0001;p0002,p0001;p0002,0;1,2.0,2.0,1.0,1.0,1.0,1.0,1.0,0.0
hotpotqa_5ae37c765542992f92d822d4,hotpotqa,hotpotqa_oncu_200,lexical,3,220,40,multi_hop,16000,middle,low,unknown,p0001;p0002,,45;68;40,0.0,2.0,0.0,0.0,0.0,0.0,0.0,0.0
hotpotqa_5ae37c765542992f92d822d4,hotpotqa,hotpotqa_oncu_200,lexical,5,220,40,multi_hop,16000,middle,low,unknown,p0001;p0002,,45;68;40;17;3,0.0,2.0,0.0,0.0,0.0,0.0,0.0,0.0
hotpotqa_5ae37c765542992f92d822d4,hotpotqa,hotpotqa_oncu_200,lexical,8,220,40,multi_hop,16000,middle,low,unknown,p0001;p0002,,45;68;40;17;3;26;54;77,0.0,2.0,0.0,0.0,0.0,0.0,0.0,0.0
hotpotqa_5ae37c765542992f92d822d4,hotpotqa,hotpotqa_oncu_200,lexical,16,220,40,multi_hop,16000,middle,low,unknown,p0001;p0002,p0009;p0010;p0011,45;68;40;17;3;26;54;77;35;31;12;63;86;39;67;16,3.0,2.0,0.0,0.0,0.0,0.0,0.0,1.0
hotpotqa_5ae37c765542992f92d822d4,hotpotqa,hotpotqa_oncu_200,dense,3,220,40,multi_hop,16000,middle,low,unknown,p0001;p0002,,17;40;45,0.0,2.0,0.0,0.0,0.0,0.0,0.0,0.0
hotpotqa_5ae37c765542992f92d822d4,hotpotqa,hotpotqa_oncu_200,dense,5,220,40,multi_hop,16000,middle,low,unknown,p0001;p0002,,17;40;45;68;54,0.0,2.0,0.0,0.0,0.0,0.0,0.0,0.0
hotpotqa_5ae37c765542992f92d822d4,hotpotqa,hotpotqa_oncu_200,dense,8,220,40,multi_hop,16000,middle,low,unknown,p0001;p0002,,17;40;45;68;54;77;3;26,0.0,2.0,0.0,0.0,0.0,0.0,0.0,0.0
hotpotqa_5ae37c765542992f92d822d4,hotpotqa,hotpotqa_oncu_200,dense,16,220,40,multi_hop,16000,middle,low,unknown,p0001;p0002,p0001;p0002,17;40;45;68;54;77;3;26;44;22;50;73;36;13;64;87,2.0,2.0,1.0,1.0,1.0,1.0,1.0,0.0
hotpotqa_5ae37c765542992f92d822d4,hotpotqa,hotpotqa_oncu_200,hybrid,3,220,40,multi_hop,16000,middle,low,unknown,p0001;p0002,,45;17;40,0.0,2.0,0.0,0.0,0.0,0.0,0.0,0.0
hotpotqa_5ae37c765542992f92d822d4,hotpotqa,hotpotqa_oncu_200,hybrid,5,220,40,multi_hop,16000,middle,low,unknown,p0001;p0002,,45;17;40;68;3,0.0,2.0,0.0,0.0,0.0,0.0,0.0,0.0
hotpotqa_5ae37c765542992f92d822d4,hotpotqa,hotpotqa_oncu_200,hybrid,8,220,40,multi_hop,16000,middle,low,unknown,p0001;p0002,,45;17;40;68;3;54;26;77,0.0,2.0,0.0,0.0,0.0,0.0,0.0,0.0
hotpotqa_5ae37c765542992f92d822d4,hotpotqa,hotpotqa_oncu_200,hybrid,16,220,40,multi_hop,16000,middle,low,unknown,p0001;p0002,p0001;p0002;p0009;p0010;p0011,45;17;40;68;3;54;26;77;44;36;12;31;50;16;67;22,5.0,2.0,1.0,1.0,0.4,1.0,0.5714285714285715,0.6
hotpotqa_5ae37c765542992f92d822d4,hotpotqa,hotpotqa_oncu_200,iterative,3,220,40,multi_hop,16000,middle,low,unknown,p0001;p0002,,45;40;68,0.0,2.0,0.0,0.0,0.0,0.0,0.0,0.0
hotpotqa_5ae37c765542992f92d822d4,hotpotqa,hotpotqa_oncu_200,iterative,5,220,40,multi_hop,16000,middle,low,unknown,p0001;p0002,,45;40;68;3;26,0.0,2.0,0.0,0.0,0.0,0.0,0.0,0.0
hotpotqa_5ae37c765542992f92d822d4,hotpotqa,hotpotqa_oncu_200,iterative,8,220,40,multi_hop,16000,middle,low,unknown,p0001;p0002,,45;40;68;3;26;54;17;77,0.0,2.0,0.0,0.0,0.0,0.0,0.0,0.0
hotpotqa_5ae37c765542992f92d822d4,hotpotqa,hotpotqa_oncu_200,iterative,16,220,40,multi_hop,16000,middle,low,unknown,p0001;p0002,p0009;p0010;p0011,45;40;68;3;26;54;17;77;63;35;86;12;31;49;21;72,3.0,2.0,0.0,0.0,0.0,0.0,0.0,1.0
hotpotqa_5ae37c765542992f92d822d4,hotpotqa,hotpotqa_oncu_200,oracle,3,220,40,multi_hop,16000,middle,low,unknown,p0001;p0002,p0001;p0002,0;1,2.0,2.0,1.0,1.0,1.0,1.0,1.0,0.0
hotpotqa_5ae37c765542992f92d822d4,hotpotqa,hotpotqa_oncu_200,oracle,5,220,40,multi_hop,16000,middle,low,unknown,p0001;p0002,p0001;p0002,0;1,2.0,2.0,1.0,1.0,1.0,1.0,1.0,0.0
hotpotqa_5ae37c765542992f92d822d4,hotpotqa,hotpotqa_oncu_200,oracle,8,220,40,multi_hop,16000,middle,low,unknown,p0001;p0002,p0001;p0002,0;1,2.0,2.0,1.0,1.0,1.0,1.0,1.0,0.0
hotpotqa_5ae37c765542992f92d822d4,hotpotqa,hotpotqa_oncu_200,oracle,16,220,40,multi_hop,16000,middle,low,unknown,p0001;p0002,p0001;p0002,0;1,2.0,2.0,1.0,1.0,1.0,1.0,1.0,0.0
hotpotqa_5abdf12255429976d4830a2f,hotpotqa,hotpotqa_oncu_200,lexical,3,220,40,multi_hop,4000,end,low,unknown,p0001;p0002,p0001;p0002,19;18;10,2.0,2.0,1.0,1.0,1.0,1.0,1.0,0.0
hotpotqa_5abdf12255429976d4830a2f,hotpotqa,hotpotqa_oncu_200,lexical,5,220,40,multi_hop,4000,end,low,unknown,p0001;p0002,p0001;p0002,19;18;10;14;3,2.0,2.0,1.0,1.0,1.0,1.0,1.0,0.0
hotpotqa_5abdf12255429976d4830a2f,hotpotqa,hotpotqa_oncu_200,lexical,8,220,40,multi_hop,4000,end,low,unknown,p0001;p0002,p0001;p0002,19;18;10;14;3;15;11;0,2.0,2.0,1.0,1.0,1.0,1.0,1.0,0.0
hotpotqa_5abdf12255429976d4830a2f,hotpotqa,hotpotqa_oncu_200,lexical,16,220,40,multi_hop,4000,end,low,unknown,p0001;p0002,p0001;p0002;p0008;p0010,19;18;10;14;3;15;11;0;4;21;1;2;20;12;16;8,4.0,2.0,1.0,1.0,0.5,1.0,0.6666666666666666,0.5
hotpotqa_5abdf12255429976d4830a2f,hotpotqa,hotpotqa_oncu_200,dense,3,220,40,multi_hop,4000,end,low,unknown,p0001;p0002,p0001;p0002,19;1;17,2.0,2.0,1.0,1.0,1.0,1.0,1.0,0.0
hotpotqa_5abdf12255429976d4830a2f,hotpotqa,hotpotqa_oncu_200,dense,5,220,40,multi_hop,4000,end,low,unknown,p0001;p0002,p0001;p0002;p0003;p0004,19;1;17;13;5,4.0,2.0,1.0,1.0,0.5,1.0,0.6666666666666666,0.5
hotpotqa_5abdf12255429976d4830a2f,hotpotqa,hotpotqa_oncu_200,dense,8,220,40,multi_hop,4000,end,low,unknown,p0001;p0002,p0001;p0002;p0003;p0004;p0006;p0007,19;1;17;13;5;21;7;10,6.0,2.0,1.0,1.0,0.3333333333333333,1.0,0.5,0.6666666666666666
hotpotqa_5abdf12255429976d4830a2f,hotpotqa,hotpotqa_oncu_200,dense,16,220,40,multi_hop,4000,end,low,unknown,p0001;p0002,p0001;p0002;p0003;p0004;p0006;p0007;p0008;p0010;p0005;p0011,19;1;17;13;5;21;7;10;14;18;8;2;6;9;20;15,10.0,2.0,1.0,1.0,0.2,1.0,0.33333333333333337,0.8
hotpotqa_5abdf12255429976d4830a2f,hotpotqa,hotpotqa_oncu_200,hybrid,3,220,40,multi_hop,4000,end,low,unknown,p0001;p0002,p0001;p0002,19;10;18,2.0,2.0,1.0,1.0,1.0,1.0,1.0,0.0
hotpotqa_5abdf12255429976d4830a2f,hotpotqa,hotpotqa_oncu_200,hybrid,5,220,40,multi_hop,4000,end,low,unknown,p0001;p0002,p0001;p0002,19;10;18;1;14,2.0,2.0,1.0,1.0,1.0,1.0,1.0,0.0
hotpotqa_5abdf12255429976d4830a2f,hotpotqa,hotpotqa_oncu_200,hybrid,8,220,40,multi_hop,4000,end,low,unknown,p0001;p0002,p0001;p0002,19;10;18;1;14;21;17;15,2.0,2.0,1.0,1.0,1.0,1.0,1.0,0.0
hotpotqa_5abdf12255429976d4830a2f,hotpotqa,hotpotqa_oncu_200,hybrid,16,220,40,multi_hop,4000,end,low,unknown,p0001;p0002,p0001;p0002;p0003;p0004;p0008;p0010;p0006;p0007,19;10;18;1;14;21;17;15;13;5;2;3;11;8;7;20,8.0,2.0,1.0,1.0,0.25,1.0,0.4,0.75
hotpotqa_5abdf12255429976d4830a2f,hotpotqa,hotpotqa_oncu_200,iterative,3,220,40,multi_hop,4000,end,low,unknown,p0001;p0002,p0001;p0002,19;18;10,2.0,2.0,1.0,1.0,1.0,1.0,1.0,0.0
hotpotqa_5abdf12255429976d4830a2f,hotpotqa,hotpotqa_oncu_200,iterative,5,220,40,multi_hop,4000,end,low,unknown,p0001;p0002,p0001;p0002,19;18;10;14;15,2.0,2.0,1.0,1.0,1.0,1.0,1.0,0.0
hotpotqa_5abdf12255429976d4830a2f,hotpotqa,hotpotqa_oncu_200,iterative,8,220,40,multi_hop,4000,end,low,unknown,p0001;p0002,p0001;p0002,19;18;10;14;15;3;11;2,2.0,2.0,1.0,1.0,1.0,1.0,1.0,0.0
hotpotqa_5abdf12255429976d4830a2f,hotpotqa,hotpotqa_oncu_200,iterative,16,220,40,multi_hop,4000,end,low,unknown,p0001;p0002,p0001;p0002;p0008;p0010;p0011,19;18;10;14;15;3;11;2;8;1;21;0;4;13;17;9,5.0,2.0,1.0,1.0,0.4,1.0,0.5714285714285715,0.6
hotpotqa_5abdf12255429976d4830a2f,hotpotqa,hotpotqa_oncu_200,oracle,3,220,40,multi_hop,4000,end,low,unknown,p0001;p0002,p0001;p0002,0;1,2.0,2.0,1.0,1.0,1.0,1.0,1.0,0.0
hotpotqa_5abdf12255429976d4830a2f,hotpotqa,hotpotqa_oncu_200,oracle,5,220,40,multi_hop,4000,end,low,unknown,p0001;p0002,p0001;p0002,0;1,2.0,2.0,1.0,1.0,1.0,1.0,1.0,0.0
hotpotqa_5abdf12255429976d4830a2f,hotpotqa,hotpotqa_oncu_200,oracle,8,220,40,multi_hop,4000,end,low,unknown,p0001;p0002,p0001;p0002,0;1,2.0,2.0,1.0,1.0,1.0,1.0,1.0,0.0
hotpotqa_5abdf12255429976d4830a2f,hotpotqa,hotpotqa_oncu_200,oracle,16,220,40,multi_hop,4000,end,low,unknown,p0001;p0002,p0001;p0002,0;1,2.0,2.0,1.0,1.0,1.0,1.0,1.0,0.0
hotpotqa_5a88658955429938390d3f47,hotpotqa,hotpotqa_oncu_200,lexical,3,220,40,multi_hop,8000,scattered,medium,unknown,p0001;p0002;p0003,p0001;p0007;p0008,4;3;14,3.0,3.0,1.0,0.0,0.3333333333333333,0.3333333333333333,0.3333333333333333,0.6666666666666666
hotpotqa_5a88658955429938390d3f47,hotpotqa,hotpotqa_oncu_200,lexical,5,220,40,multi_hop,8000,scattered,medium,unknown,p0001;p0002;p0003,p0001;p0007;p0008,4;3;14;27;43,3.0,3.0,1.0,0.0,0.3333333333333333,0.3333333333333333,0.3333333333333333,0.6666666666666666
hotpotqa_5a88658955429938390d3f47,hotpotqa,hotpotqa_oncu_200,lexical,8,220,40,multi_hop,8000,scattered,medium,unknown,p0001;p0002;p0003,p0001;p0007;p0008;p0003,4;3;14;27;43;24;38;5,4.0,3.0,1.0,0.0,0.5,0.6666666666666666,0.5714285714285715,0.5
hotpotqa_5a88658955429938390d3f47,hotpotqa,hotpotqa_oncu_200,lexical,16,220,40,multi_hop,8000,scattered,medium,unknown,p0001;p0002;p0003,p0001;p0007;p0008;p0003;p0010;p0013;p0004;p0005,4;3;14;27;43;24;38;5;31;11;33;37;8;25;17;12,8.0,3.0,1.0,0.0,0.25,0.6666666666666666,0.36363636363636365,0.75
hotpotqa_5a88658955429938390d3f47,hotpotqa,hotpotqa_oncu_200,dense,3,220,40,multi_hop,8000,scattered,medium,unknown,p0001;p0002;p0003,p0001,4;3;35,1.0,3.0,1.0,0.0,1.0,0.3333333333333333,0.5,0.0
hotpotqa_5a88658955429938390d3f47,hotpotqa,hotpotqa_oncu_200,dense,5,220,40,multi_hop,8000,scattered,medium,unknown,p0001;p0002;p0003,p0001;p0002,4;3;35;7;22,2.0,3.0,1.0,0.0,1.0,0.6666666666666666,0.8,0.0
hotpotqa_5a88658955429938390d3f47,hotpotqa,hotpotqa_oncu_200,dense,8,220,40,multi_hop,8000,scattered,medium,unknown,p0001;p0002;p0003,p0001;p0002;p0009;p0005;p0006,4;3;35;7;22;9;16;13,5.0,3.0,1.0,0.0,0.4,0.6666666666666666,0.5,0.6
hotpotqa_5a88658955429938390d3f47,hotpotqa,hotpotqa_oncu_200,dense,16,220,40,multi_hop,8000,scattered,medium,unknown,p0001;p0002;p0003,p0001;p0002;p0009;p0005;p0006,4;3;35;7;22;9;16;13;41;39;26;21;34;10;44;28,5.0,3.0,1.0,0.0,0.4,0.6666666666666666,0.5,0.6
hotpotqa_5a88658955429938390d3f47,hotpotqa,hotpotqa_oncu_200,hybrid,3,220,40,multi_hop,8000,scattered,medium,unknown,p0001;p0002;p0003,p0001,4;3;35,1.0,3.0,1.0,0.0,1.0,0.3333333333333333,0.5,0.0
hotpotqa_5a88658955429938390d3f47,hotpotqa,hotpotqa_oncu_200,hybrid,5,220,40,multi_hop,8000,scattered,medium,unknown,p0001;p0002;p0003,p0001;p0007;p0008,4;3;35;7;14,3.0,3.0,1.0,0.0,0.3333333333333333,0.3333333333333333,0.3333333333333333,0.6666666666666666
hotpotqa_5a88658955429938390d3f47,hotpotqa,hotpotqa_oncu_200,hybrid,8,220,40,multi_hop,8000,scattered,medium,unknown,p0001;p0002;p0003,p0001;p0007;p0008,4;3;35;7;14;24;43;42,3.0,3.0,1.0,0.0,0.3333333333333333,0.3333333333333333,0.3333333333333333,0.6666666666666666
hotpotqa_5a88658955429938390d3f47,hotpotqa,hotpotqa_oncu_200,hybrid,16,220,40,multi_hop,8000,scattered,medium,unknown,p0001;p0002;p0003,p0001;p0007;p0008;p0003;p0009;p0002,4;3;35;7;14;24;43;42;27;38;11;16;34;21;22;39,6.0,3.0,1.0,1.0,0.5,1.0,0.6666666666666666,0.5
hotpotqa_5a88658955429938390d3f47,hotpotqa,hotpotqa_oncu_200,iterative,3,220,40,multi_hop,8000,scattered,medium,unknown,p0001;p0002;p0003,p0001,4;3;43,1.0,3.0,1.0,0.0,1.0,0.3333333333333333,0.5,0.0
hotpotqa_5a88658955429938390d3f47,hotpotqa,hotpotqa_oncu_200,iterative,5,220,40,multi_hop,8000,scattered,medium,unknown,p0001;p0002;p0003,p0001,4;3;43;24;42,1.0,3.0,1.0,0.0,1.0,0.3333333333333333,0.5,0.0
hotpotqa_5a88658955429938390d3f47,hotpotqa,hotpotqa_oncu_200,iterative,8,220,40,multi_hop,8000,scattered,medium,unknown,p0001;p0002;p0003,p0001,4;3;43;24;42;23;5;31,1.0,3.0,1.0,0.0,1.0,0.3333333333333333,0.5,0.0
hotpotqa_5a88658955429938390d3f47,hotpotqa,hotpotqa_oncu_200,iterative,16,220,40,multi_hop,8000,scattered,medium,unknown,p0001;p0002;p0003,p0001;p0010;p0013;p0003;p0007;p0008,4;3;43;24;42;23;5;31;11;17;38;37;14;27;36;10,6.0,3.0,1.0,0.0,0.3333333333333333,0.6666666666666666,0.4444444444444444,0.6666666666666666
hotpotqa_5a88658955429938390d3f47,hotpotqa,hotpotqa_oncu_200,oracle,3,220,40,multi_hop,8000,scattered,medium,unknown,p0001;p0002;p0003,p0001;p0002;p0003,0;1;2,3.0,3.0,1.0,1.0,1.0,1.0,1.0,0.0
hotpotqa_5a88658955429938390d3f47,hotpotqa,hotpotqa_oncu_200,oracle,5,220,40,multi_hop,8000,scattered,medium,unknown,p0001;p0002;p0003,p0001;p0002;p0003,0;1;2,3.0,3.0,1.0,1.0,1.0,1.0,1.0,0.0
hotpotqa_5a88658955429938390d3f47,hotpotqa,hotpotqa_oncu_200,oracle,8,220,40,multi_hop,8000,scattered,medium,unknown,p0001;p0002;p0003,p0001;p0002;p0003,0;1;2,3.0,3.0,1.0,1.0,1.0,1.0,1.0,0.0
hotpotqa_5a88658955429938390d3f47,hotpotqa,hotpotqa_oncu_200,oracle,16,220,40,multi_hop,8000,scattered,medium,unknown,p0001;p0002;p0003,p0001;p0002;p0003,0;1;2,3.0,3.0,1.0,1.0,1.0,1.0,1.0,0.0
hotpotqa_5a86ebac55429960ec39b6d6,hotpotqa,hotpotqa_oncu_200,lexical,3,220,40,multi_hop,16000,front,low,unknown,p0001;p0002,p0001;p0002,3;4;39,2.0,2.0,1.0,1.0,1.0,1.0,1.0,0.0
hotpotqa_5a86ebac55429960ec39b6d6,hotpotqa,hotpotqa_oncu_200,lexical,5,220,40,multi_hop,16000,front,low,unknown,p0001;p0002,p0001;p0002,3;4;39;61;50,2.0,2.0,1.0,1.0,1.0,1.0,1.0,0.0
hotpotqa_5a86ebac55429960ec39b6d6,hotpotqa,hotpotqa_oncu_200,lexical,8,220,40,multi_hop,16000,front,low,unknown,p0001;p0002,p0001;p0002,3;4;39;61;50;32;13;87,2.0,2.0,1.0,1.0,1.0,1.0,1.0,0.0
hotpotqa_5a86ebac55429960ec39b6d6,hotpotqa,hotpotqa_oncu_200,lexical,16,220,40,multi_hop,16000,front,low,unknown,p0001;p0002,p0001;p0002,3;4;39;61;50;32;13;87;43;84;72;83;36;25;24;54,2.0,2.0,1.0,1.0,1.0,1.0,1.0,0.0
hotpotqa_5a86ebac55429960ec39b6d6,hotpotqa,hotpotqa_oncu_200,dense,3,220,40,multi_hop,16000,front,low,unknown,p0001;p0002,p0001;p0002;p0011;p0012,4;31;69,4.0,2.0,1.0,1.0,0.5,1.0,0.6666666666666666,0.5
hotpotqa_5a86ebac55429960ec39b6d6,hotpotqa,hotpotqa_oncu_200,dense,5,220,40,multi_hop,16000,front,low,unknown,p0001;p0002,p0001;p0002;p0011;p0012,4;31;69;47;14,4.0,2.0,1.0,1.0,0.5,1.0,0.6666666666666666,0.5
hotpotqa_5a86ebac55429960ec39b6d6,hotpotqa,hotpotqa_oncu_200,dense,8,220,40,multi_hop,16000,front,low,unknown,p0001;p0002,p0001;p0002;p0011;p0012,4;31;69;47;14;21;62;58,4.0,2.0,1.0,1.0,0.5,1.0,0.6666666666666666,0.5
hotpotqa_5a86ebac55429960ec39b6d6,hotpotqa,hotpotqa_oncu_200,dense,16,220,40,multi_hop,16000,front,low,unknown,p0001;p0002,p0001;p0002;p0011;p0012,4;31;69;47;14;21;62;58;80;36;77;10;73;54;25;3,4.0,2.0,1.0,1.0,0.5,1.0,0.6666666666666666,0.5
hotpotqa_5a86ebac55429960ec39b6d6,hotpotqa,hotpotqa_oncu_200,hybrid,3,220,40,multi_hop,16000,front,low,unknown,p0001;p0002,p0001;p0002,4;3;36,2.0,2.0,1.0,1.0,1.0,1.0,1.0,0.0
hotpotqa_5a86ebac55429960ec39b6d6,hotpotqa,hotpotqa_oncu_200,hybrid,5,220,40,multi_hop,16000,front,low,unknown,p0001;p0002,p0001;p0002,4;3;36;69;21,2.0,2.0,1.0,1.0,1.0,1.0,1.0,0.0
hotpotqa_5a86ebac55429960ec39b6d6,hotpotqa,hotpotqa_oncu_200,hybrid,8,220,40,multi_hop,16000,front,low,unknown,p0001;p0002,p0001;p0002;p0011;p0012,4;3;36;69;21;31;43;14,4.0,2.0,1.0,1.0,0.5,1.0,0.6666666666666666,0.5
hotpotqa_5a86ebac55429960ec39b6d6,hotpotqa,hotpotqa_oncu_200,hybrid,16,220,40,multi_hop,16000,front,low,unknown,p0001;p0002,p0001;p0002;p0011;p0012,4;3;36;69;21;31;43;14;25;80;54;13;47;50;61;62,4.0,2.0,1.0,1.0,0.5,1.0,0.6666666666666666,0.5
hotpotqa_5a86ebac55429960ec39b6d6,hotpotqa,hotpotqa_oncu_200,iterative,3,220,40,multi_hop,16000,front,low,unknown,p0001;p0002,p0001;p0002,3;84;25,2.0,2.0,1.0,1.0,1.0,1.0,1.0,0.0
hotpotqa_5a86ebac55429960ec39b6d6,hotpotqa,hotpotqa_oncu_200,iterative,5,220,40,multi_hop,16000,front,low,unknown,p0001;p0002,p0001;p0002,3;84;25;36;21,2.0,2.0,1.0,1.0,1.0,1.0,1.0,0.0
hotpotqa_5a86ebac55429960ec39b6d6,hotpotqa,hotpotqa_oncu_200,iterative,8,220,40,multi_hop,16000,front,low,unknown,p0001;p0002,p0001;p0002,3;84;25;36;21;32;73;80,2.0,2.0,1.0,1.0,1.0,1.0,1.0,0.0
hotpotqa_5a86ebac55429960ec39b6d6,hotpotqa,hotpotqa_oncu_200,iterative,16,220,40,multi_hop,16000,front,low,unknown,p0001;p0002,p0001;p0002,3;84;25;36;21;32;73;80;43;39;14;4;88;69;50;87,2.0,2.0,1.0,1.0,1.0,1.0,1.0,0.0
hotpotqa_5a86ebac55429960ec39b6d6,hotpotqa,hotpotqa_oncu_200,oracle,3,220,40,multi_hop,16000,front,low,unknown,p0001;p0002,p0001;p0002,0;1,2.0,2.0,1.0,1.0,1.0,1.0,1.0,0.0
hotpotqa_5a86ebac55429960ec39b6d6,hotpotqa,hotpotqa_oncu_200,oracle,5,220,40,multi_hop,16000,front,low,unknown,p0001;p0002,p0001;p0002,0;1,2.0,2.0,1.0,1.0,1.0,1.0,1.0,0.0
hotpotqa_5a86ebac55429960ec39b6d6,hotpotqa,hotpotqa_oncu_200,oracle,8,220,40,multi_hop,16000,front,low,unknown,p0001;p0002,p0001;p0002,0;1,2.0,2.0,1.0,1.0,1.0,1.0,1.0,0.0
hotpotqa_5a86ebac55429960ec39b6d6,hotpotqa,hotpotqa_oncu_200,oracle,16,220,40,multi_hop,16000,front,low,unknown,p0001;p0002,p0001;p0002,0;1,2.0,2.0,1.0,1.0,1.0,1.0,1.0,0.0
hotpotqa_5aba5d2e55429901930fa799,hotpotqa,hotpotqa_oncu_200,lexical,3,220,40,multi_hop,4000,middle,medium,unknown,p0001;p0002;p0003,p0008;p0009,21;15;8,2.0,3.0,0.0,0.0,0.0,0.0,0.0,1.0
hotpotqa_5aba5d2e55429901930fa799,hotpotqa,hotpotqa_oncu_200,lexical,5,220,40,multi_hop,4000,middle,medium,unknown,p0001;p0002;p0003,p0008;p0009;p0001;p0002;p0003;p0012,21;15;8;10;2,6.0,3.0,1.0,1.0,0.5,1.0,0.6666666666666666,0.5
hotpotqa_5aba5d2e55429901930fa799,hotpotqa,hotpotqa_oncu_200,lexical,8,220,40,multi_hop,4000,middle,medium,unknown,p0001;p0002;p0003,p0008;p0009;p0001;p0002;p0003;p0012;p0004;p0005,21;15;8;10;2;19;18;5,8.0,3.0,1.0,1.0,0.375,1.0,0.5454545454545454,0.625
hotpotqa_5aba5d2e55429901930fa799,hotpotqa,hotpotqa_oncu_200,lexical,16,220,40,multi_hop,4000,middle,medium,unknown,p0001;p0002;p0003,p0008;p0009;p0001;p0002;p0003;p0012;p0004;p0005,21;15;8;10;2;19;18;5;13;12;6;3;0;20;17;14,8.0,3.0,1.0,1.0,0.375,1.0,0.5454545454545454,0.625
hotpotqa_5aba5d2e55429901930fa799,hotpotqa,hotpotqa_oncu_200,dense,3,220,40,multi_hop,4000,middle,medium,unknown,p0001;p0002;p0003,p0001;p0002;p0003;p0012,10;18;12,4.0,3.0,1.0,1.0,0.75,1.0,0.8571428571428571,0.25
hotpotqa_5aba5d2e55429901930fa799,hotpotqa,hotpotqa_oncu_200,dense,5,220,40,multi_hop,4000,middle,medium,unknown,p0001;p0002;p0003,p0001;p0002;p0003;p0012;p0004;p0005,10;18;12;5;2,6.0,3.0,1.0,1.0,0.5,1.0,0.6666666666666666,0.5
hotpotqa_5aba5d2e55429901930fa799,hotpotqa,hotpotqa_oncu_200,dense,8,220,40,multi_hop,4000,middle,medium,unknown,p0001;p0002;p0003,p0001;p0002;p0003;p0012;p0004;p0005;p0006;p0008,10;18;12;5;2;17;7;20,8.0,3.0,1.0,1.0,0.375,1.0,0.5454545454545454,0.625
hotpotqa_5aba5d2e55429901930fa799,hotpotqa,hotpotqa_oncu_200,dense,16,220,40,multi_hop,4000,middle,medium,unknown,p0001;p0002;p0003,p0001;p0002;p0003;p0012;p0004;p0005;p0006;p0008;p0009;p0013,10;18;12;5;2;17;7;20;3;0;8;4;14;11;21;15,10.0,3.0,1.0,1.0,0.3,1.0,0.4615384615384615,0.7
hotpotqa_5aba5d2e55429901930fa799,hotpotqa,hotpotqa_oncu_200,hybrid,3,220,40,multi_hop,4000,middle,medium,unknown,p0001;p0002;p0003,p0001;p0002;p0003;p0012,10;18;2,4.0,3.0,1.0,1.0,0.75,1.0,0.8571428571428571,0.25
hotpotqa_5aba5d2e55429901930fa799,hotpotqa,hotpotqa_oncu_200,hybrid,5,220,40,multi_hop,4000,middle,medium,unknown,p0001;p0002;p0003,p0001;p0002;p0003;p0012;p0004;p0005,10;18;2;5;12,6.0,3.0,1.0,1.0,0.5,1.0,0.6666666666666666,0.5
hotpotqa_5aba5d2e55429901930fa799,hotpotqa,hotpotqa_oncu_200,hybrid,8,220,40,multi_hop,4000,middle,medium,unknown,p0001;p0002;p0003,p0001;p0002;p0003;p0012;p0004;p0005;p0008;p0009,10;18;2;5;12;8;21;15,8.0,3.0,1.0,1.0,0.375,1.0,0.5454545454545454,0.625
hotpotqa_5aba5d2e55429901930fa799,hotpotqa,hotpotqa_oncu_200,hybrid,16,220,40,multi_hop,4000,middle,medium,unknown,p0001;p0002;p0003,p0001;p0002;p0003;p0012;p0004;p0005;p0008;p0009;p0006,10;18;2;5;12;8;21;15;17;3;20;0;7;19;14;6,9.0,3.0,1.0,1.0,0.3333333333333333,1.0,0.5,0.6666666666666666
hotpotqa_5aba5d2e55429901930fa799,hotpotqa,hotpotqa_oncu_200,iterative,3,220,40,multi_hop,4000,middle,medium,unknown,p0001;p0002;p0003,p0008;p0009,21;15;8,2.0,3.0,0.0,0.0,0.0,0.0,0.0,1.0
hotpotqa_5aba5d2e55429901930fa799,hotpotqa,hotpotqa_oncu_200,iterative,5,220,40,multi_hop,4000,middle,medium,unknown,p0001;p0002;p0003,p0008;p0009;p0004;p0005,21;15;8;2;5,4.0,3.0,0.0,0.0,0.0,0.0,0.0,1.0
hotpotqa_5aba5d2e55429901930fa799,hotpotqa,hotpotqa_oncu_200,iterative,8,220,40,multi_hop,4000,middle,medium,unknown,p0001;p0002;p0003,p0008;p0009;p0004;p0005;p0001;p0002;p0003;p0012,21;15;8;2;5;18;10;19,8.0,3.0,1.0,1.0,0.375,1.0,0.5454545454545454,0.625
hotpotqa_5aba5d2e55429901930fa799,hotpotqa,hotpotqa_oncu_200,iterative,16,220,40,multi_hop,4000,middle,medium,unknown,p0001;p0002;p0003,p0008;p0009;p0004;p0005;p0001;p0002;p0003;p0012;p0006,21;15;8;2;5;18;10;19;20;3;7;12;14;0;13;6,9.0,3.0,1.0,1.0,0.3333333333333333,1.0,0.5,0.6666666666666666
hotpotqa_5aba5d2e55429901930fa799,hotpotqa,hotpotqa_oncu_200,oracle,3,220,40,multi_hop,4000,middle,medium,unknown,p0001;p0002;p0003,p0001;p0002;p0003,0;1;2,3.0,3.0,1.0,1.0,1.0,1.0,1.0,0.0
hotpotqa_5aba5d2e55429901930fa799,hotpotqa,hotpotqa_oncu_200,oracle,5,220,40,multi_hop,4000,middle,medium,unknown,p0001;p0002;p0003,p0001;p0002;p0003,0;1;2,3.0,3.0,1.0,1.0,1.0,1.0,1.0,0.0
hotpotqa_5aba5d2e55429901930fa799,hotpotqa,hotpotqa_oncu_200,oracle,8,220,40,multi_hop,4000,middle,medium,unknown,p0001;p0002;p0003,p0001;p0002;p0003,0;1;2,3.0,3.0,1.0,1.0,1.0,1.0,1.0,0.0
hotpotqa_5aba5d2e55429901930fa799,hotpotqa,hotpotqa_oncu_200,oracle,16,220,40,multi_hop,4000,middle,medium,unknown,p0001;p0002;p0003,p0001;p0002;p0003,0;1;2,3.0,3.0,1.0,1.0,1.0,1.0,1.0,0.0
hotpotqa_5a7759fc5542993569682d60,hotpotqa,hotpotqa_oncu_200,lexical,3,220,40,comparison,8000,end,low,unknown,p0001;p0002,p0001;p0002,38;3;6,2.0,2.0,1.0,1.0,1.0,1.0,1.0,0.0
hotpotqa_5a7759fc5542993569682d60,hotpotqa,hotpotqa_oncu_200,lexical,5,220,40,comparison,8000,end,low,unknown,p0001;p0002,p0001;p0002,38;3;6;26;30,2.0,2.0,1.0,1.0,1.0,1.0,1.0,0.0
hotpotqa_5a7759fc5542993569682d60,hotpotqa,hotpotqa_oncu_200,lexical,8,220,40,comparison,8000,end,low,unknown,p0001;p0002,p0001;p0002;p0009;p0010,38;3;6;26;30;15;7;17,4.0,2.0,1.0,1.0,0.5,1.0,0.6666666666666666,0.5
hotpotqa_5a7759fc5542993569682d60,hotpotqa,hotpotqa_oncu_200,lexical,16,220,40,comparison,8000,end,low,unknown,p0001;p0002,p0001;p0002;p0009;p0010,38;3;6;26;30;15;7;17;36;9;29;40;2;32;22;44,4.0,2.0,1.0,1.0,0.5,1.0,0.6666666666666666,0.5
hotpotqa_5a7759fc5542993569682d60,hotpotqa,hotpotqa_oncu_200,dense,3,220,40,comparison,8000,end,low,unknown,p0001;p0002,p0001;p0002,38;39;18,2.0,2.0,1.0,1.0,1.0,1.0,1.0,0.0
hotpotqa_5a7759fc5542993569682d60,hotpotqa,hotpotqa_oncu_200,dense,5,220,40,comparison,8000,end,low,unknown,p0001;p0002,p0001;p0002;p0011;p0012,38;39;18;22;16,4.0,2.0,1.0,1.0,0.5,1.0,0.6666666666666666,0.5
hotpotqa_5a7759fc5542993569682d60,hotpotqa,hotpotqa_oncu_200,dense,8,220,40,comparison,8000,end,low,unknown,p0001;p0002,p0001;p0002;p0011;p0012;p0004;p0005;p0006,38;39;18;22;16;13;41;6,7.0,2.0,1.0,1.0,0.2857142857142857,1.0,0.4444444444444445,0.7142857142857143
hotpotqa_5a7759fc5542993569682d60,hotpotqa,hotpotqa_oncu_200,dense,16,220,40,comparison,8000,end,low,unknown,p0001;p0002,p0001;p0002;p0011;p0012;p0004;p0005;p0006,38;39;18;22;16;13;41;6;23;34;26;10;19;0;37;3,7.0,2.0,1.0,1.0,0.2857142857142857,1.0,0.4444444444444445,0.7142857142857143
hotpotqa_5a7759fc5542993569682d60,hotpotqa,hotpotqa_oncu_200,hybrid,3,220,40,comparison,8000,end,low,unknown,p0001;p0002,p0001;p0002,38;6;26,2.0,2.0,1.0,1.0,1.0,1.0,1.0,0.0
hotpotqa_5a7759fc5542993569682d60,hotpotqa,hotpotqa_oncu_200,hybrid,5,220,40,comparison,8000,end,low,unknown,p0001;p0002,p0001;p0002,38;6;26;3;22,2.0,2.0,1.0,1.0,1.0,1.0,1.0,0.0
hotpotqa_5a7759fc5542993569682d60,hotpotqa,hotpotqa_oncu_200,hybrid,8,220,40,comparison,8000,end,low,unknown,p0001;p0002,p0001;p0002,38;6;26;3;22;18;39;7,2.0,2.0,1.0,1.0,1.0,1.0,1.0,0.0
hotpotqa_5a7759fc5542993569682d60,hotpotqa,hotpotqa_oncu_200,hybrid,16,220,40,comparison,8000,end,low,unknown,p0001;p0002,p0001;p0002;p0011;p0012;p0004;p0005;p0006,38;6;26;3;22;18;39;7;16;30;41;37;29;13;36;23,7.0,2.0,1.0,1.0,0.2857142857142857,1.0,0.4444444444444445,0.7142857142857143
hotpotqa_5a7759fc5542993569682d60,hotpotqa,hotpotqa_oncu_200,iterative,3,220,40,comparison,8000,end,low,unknown,p0001;p0002,,3;30;26,0.0,2.0,0.0,0.0,0.0,0.0,0.0,0.0
hotpotqa_5a7759fc5542993569682d60,hotpotqa,hotpotqa_oncu_200,iterative,5,220,40,comparison,8000,end,low,unknown,p0001;p0002,p0001;p0002,3;30;26;7;38,2.0,2.0,1.0,1.0,1.0,1.0,1.0,0.0
hotpotqa_5a7759fc5542993569682d60,hotpotqa,hotpotqa_oncu_200,iterative,8,220,40,comparison,8000,end,low,unknown,p0001;p0002,p0001;p0002,3;30;26;7;38;17;6;22,2.0,2.0,1.0,1.0,1.0,1.0,1.0,0.0
hotpotqa_5a7759fc5542993569682d60,hotpotqa,hotpotqa_oncu_200,iterative,16,220,40,comparison,8000,end,low,unknown,p0001;p0002,p0001;p0002;p0009;p0010,3;30;26;7;38;17;6;22;18;37;15;34;29;9;11;42,4.0,2.0,1.0,1.0,0.5,1.0,0.6666666666666666,0.5
hotpotqa_5a7759fc5542993569682d60,hotpotqa,hotpotqa_oncu_200,oracle,3,220,40,comparison,8000,end,low,unknown,p0001;p0002,p0001;p0002,0;1,2.0,2.0,1.0,1.0,1.0,1.0,1.0,0.0
hotpotqa_5a7759fc5542993569682d60,hotpotqa,hotpotqa_oncu_200,oracle,5,220,40,comparison,8000,end,low,unknown,p0001;p0002,p0001;p0002,0;1,2.0,2.0,1.0,1.0,1.0,1.0,1.0,0.0
hotpotqa_5a7759fc5542993569682d60,hotpotqa,hotpotqa_oncu_200,oracle,8,220,40,comparison,8000,end,low,unknown,p0001;p0002,p0001;p0002,0;1,2.0,2.0,1.0,1.0,1.0,1.0,1.0,0.0
hotpotqa_5a7759fc5542993569682d60,hotpotqa,hotpotqa_oncu_200,oracle,16,220,40,comparison,8000,end,low,unknown,p0001;p0002,p0001;p0002,0;1,2.0,2.0,1.0,1.0,1.0,1.0,1.0,0.0
hotpotqa_5abfb3425542990832d3a1c0,hotpotqa,hotpotqa_oncu_200,lexical,3,220,40,multi_hop,16000,scattered,low,unknown,p0001;p0002,p0001,8;12;50,1.0,2.0,1.0,0.0,1.0,0.5,0.6666666666666666,0.0
hotpotqa_5abfb3425542990832d3a1c0,hotpotqa,hotpotqa_oncu_200,lexical,5,220,40,multi_hop,16000,scattered,low,unknown,p0001;p0002,p0001,8;12;50;81;87,1.0,2.0,1.0,0.0,1.0,0.5,0.6666666666666666,0.0
hotpotqa_5abfb3425542990832d3a1c0,hotpotqa,hotpotqa_oncu_200,lexical,8,220,40,multi_hop,16000,scattered,low,unknown,p0001;p0002,p0001,8;12;50;81;87;63;25;80,1.0,2.0,1.0,0.0,1.0,0.5,0.6666666666666666,0.0
hotpotqa_5abfb3425542990832d3a1c0,hotpotqa,hotpotqa_oncu_200,lexical,16,220,40,multi_hop,16000,scattered,low,unknown,p0001;p0002,p0001,8;12;50;81;87;63;25;80;49;11;57;42;66;35;5;74,1.0,2.0,1.0,0.0,1.0,0.5,0.6666666666666666,0.0
hotpotqa_5abfb3425542990832d3a1c0,hotpotqa,hotpotqa_oncu_200,dense,3,220,40,multi_hop,16000,scattered,low,unknown,p0001;p0002,p0001,8;26;33,1.0,2.0,1.0,0.0,1.0,0.5,0.6666666666666666,0.0
hotpotqa_5abfb3425542990832d3a1c0,hotpotqa,hotpotqa_oncu_200,dense,5,220,40,multi_hop,16000,scattered,low,unknown,p0001;p0002,p0001,8;26;33;64;70,1.0,2.0,1.0,0.0,1.0,0.5,0.6666666666666666,0.0
hotpotqa_5abfb3425542990832d3a1c0,hotpotqa,hotpotqa_oncu_200,dense,8,220,40,multi_hop,16000,scattered,low,unknown,p0001;p0002,p0001,8;26;33;64;70;71;74;39,1.0,2.0,1.0,0.0,1.0,0.5,0.6666666666666666,0.0
hotpotqa_5abfb3425542990832d3a1c0,hotpotqa,hotpotqa_oncu_200,dense,16,220,40,multi_hop,16000,scattered,low,unknown,p0001;p0002,p0001;p0006;p0008;p0010,8;26;33;64;70;71;74;39;1;32;9;30;53;84;77;15,4.0,2.0,1.0,0.0,0.25,0.5,0.3333333333333333,0.75
hotpotqa_5abfb3425542990832d3a1c0,hotpotqa,hotpotqa_oncu_200,hybrid,3,220,40,multi_hop,16000,scattered,low,unknown,p0001;p0002,p0001,8;74;25,1.0,2.0,1.0,0.0,1.0,0.5,0.6666666666666666,0.0
hotpotqa_5abfb3425542990832d3a1c0,hotpotqa,hotpotqa_oncu_200,hybrid,5,220,40,multi_hop,16000,scattered,low,unknown,p0001;p0002,p0001,8;74;25;71;87,1.0,2.0,1.0,0.0,1.0,0.5,0.6666666666666666,0.0
hotpotqa_5abfb3425542990832d3a1c0,hotpotqa,hotpotqa_oncu_200,hybrid,8,220,40,multi_hop,16000,scattered,low,unknown,p0001;p0002,p0001,8;74;25;71;87;26;70;33,1.0,2.0,1.0,0.0,1.0,0.5,0.6666666666666666,0.0
hotpotqa_5abfb3425542990832d3a1c0,hotpotqa,hotpotqa_oncu_200,hybrid,16,220,40,multi_hop,16000,scattered,low,unknown,p0001;p0002,p0001,8;74;25;71;87;26;70;33;63;39;50;81;64;12;77;57,1.0,2.0,1.0,0.0,1.0,0.5,0.6666666666666666,0.0
hotpotqa_5abfb3425542990832d3a1c0,hotpotqa,hotpotqa_oncu_200,iterative,3,220,40,multi_hop,16000,scattered,low,unknown,p0001;p0002,p0001,8;87;49,1.0,2.0,1.0,0.0,1.0,0.5,0.6666666666666666,0.0
hotpotqa_5abfb3425542990832d3a1c0,hotpotqa,hotpotqa_oncu_200,iterative,5,220,40,multi_hop,16000,scattered,low,unknown,p0001;p0002,p0001,8;87;49;80;63,1.0,2.0,1.0,0.0,1.0,0.5,0.6666666666666666,0.0
hotpotqa_5abfb3425542990832d3a1c0,hotpotqa,hotpotqa_oncu_200,iterative,8,220,40,multi_hop,16000,scattered,low,unknown,p0001;p0002,p0001,8;87;49;80;63;11;25;42,1.0,2.0,1.0,0.0,1.0,0.5,0.6666666666666666,0.0
hotpotqa_5abfb3425542990832d3a1c0,hotpotqa,hotpotqa_oncu_200,iterative,16,220,40,multi_hop,16000,scattered,low,unknown,p0001;p0002,p0001,8;87;49;80;63;11;25;42;73;35;50;12;77;81;66;18,1.0,2.0,1.0,0.0,1.0,0.5,0.6666666666666666,0.0
hotpotqa_5abfb3425542990832d3a1c0,hotpotqa,hotpotqa_oncu_200,oracle,3,220,40,multi_hop,16000,scattered,low,unknown,p0001;p0002,p0001;p0002,0;1,2.0,2.0,1.0,1.0,1.0,1.0,1.0,0.0
hotpotqa_5abfb3425542990832d3a1c0,hotpotqa,hotpotqa_oncu_200,oracle,5,220,40,multi_hop,16000,scattered,low,unknown,p0001;p0002,p0001;p0002,0;1,2.0,2.0,1.0,1.0,1.0,1.0,1.0,0.0
hotpotqa_5abfb3425542990832d3a1c0,hotpotqa,hotpotqa_oncu_200,oracle,8,220,40,multi_hop,16000,scattered,low,unknown,p0001;p0002,p0001;p0002,0;1,2.0,2.0,1.0,1.0,1.0,1.0,1.0,0.0
hotpotqa_5abfb3425542990832d3a1c0,hotpotqa,hotpotqa_oncu_200,oracle,16,220,40,multi_hop,16000,scattered,low,unknown,p0001;p0002,p0001;p0002,0;1,2.0,2.0,1.0,1.0,1.0,1.0,1.0,0.0
hotpotqa_5ae2b770554299495565db0f,hotpotqa,hotpotqa_oncu_200,lexical,3,220,40,multi_hop,4000,front,medium,unknown,p0001;p0002;p0003;p0004,p0002;p0003;p0004;p0001,1;0;12,4.0,4.0,1.0,1.0,1.0,1.0,1.0,0.0
hotpotqa_5ae2b770554299495565db0f,hotpotqa,hotpotqa_oncu_200,lexical,5,220,40,multi_hop,4000,front,medium,unknown,p0001;p0002;p0003;p0004,p0002;p0003;p0004;p0001,1;0;12;19;2,4.0,4.0,1.0,1.0,1.0,1.0,1.0,0.0
hotpotqa_5ae2b770554299495565db0f,hotpotqa,hotpotqa_oncu_200,lexical,8,220,40,multi_hop,4000,front,medium,unknown,p0001;p0002;p0003;p0004,p0002;p0003;p0004;p0001,1;0;12;19;2;16;5;20,4.0,4.0,1.0,1.0,1.0,1.0,1.0,0.0
hotpotqa_5ae2b770554299495565db0f,hotpotqa,hotpotqa_oncu_200,lexical,16,220,40,multi_hop,4000,front,medium,unknown,p0001;p0002;p0003;p0004,p0002;p0003;p0004;p0001;p0007;p0008;p0010;p0011;p0005,1;0;12;19;2;16;5;20;8;13;17;6;18;21;3;14,9.0,4.0,1.0,1.0,0.4444444444444444,1.0,0.6153846153846153,0.5555555555555556
hotpotqa_5ae2b770554299495565db0f,hotpotqa,hotpotqa_oncu_200,dense,3,220,40,multi_hop,4000,front,medium,unknown,p0001;p0002;p0003;p0004,,13;3;12,0.0,4.0,0.0,0.0,0.0,0.0,0.0,0.0
hotpotqa_5ae2b770554299495565db0f,hotpotqa,hotpotqa_oncu_200,dense,5,220,40,multi_hop,4000,front,medium,unknown,p0001;p0002;p0003;p0004,p0007;p0008;p0010;p0011,13;3;12;20;8,4.0,4.0,0.0,0.0,0.0,0.0,0.0,1.0
hotpotqa_5ae2b770554299495565db0f,hotpotqa,hotpotqa_oncu_200,dense,8,220,40,multi_hop,4000,front,medium,unknown,p0001;p0002;p0003;p0004,p0007;p0008;p0010;p0011,13;3;12;20;8;5;16;21,4.0,4.0,0.0,0.0,0.0,0.0,0.0,1.0
hotpotqa_5ae2b770554299495565db0f,hotpotqa,hotpotqa_oncu_200,dense,16,220,40,multi_hop,4000,front,medium,unknown,p0001;p0002;p0003;p0004,p0007;p0008;p0010;p0011;p0001;p0002;p0003;p0004;p0013;p0014,13;3;12;20;8;5;16;21;0;19;14;2;17;10;18;9,10.0,4.0,1.0,1.0,0.4,1.0,0.5714285714285715,0.6
hotpotqa_5ae2b770554299495565db0f,hotpotqa,hotpotqa_oncu_200,hybrid,3,220,40,multi_hop,4000,front,medium,unknown,p0001;p0002;p0003;p0004,p0001;p0002;p0003;p0004,12;13;0,4.0,4.0,1.0,1.0,1.0,1.0,1.0,0.0
hotpotqa_5ae2b770554299495565db0f,hotpotqa,hotpotqa_oncu_200,hybrid,5,220,40,multi_hop,4000,front,medium,unknown,p0001;p0002;p0003;p0004,p0001;p0002;p0003;p0004,12;13;0;20;5,4.0,4.0,1.0,1.0,1.0,1.0,1.0,0.0
hotpotqa_5ae2b770554299495565db0f,hotpotqa,hotpotqa_oncu_200,hybrid,8,220,40,multi_hop,4000,front,medium,unknown,p0001;p0002;p0003;p0004,p0001;p0002;p0003;p0004;p0007;p0008;p0010;p0011,12;13;0;20;5;16;19;8,8.0,4.0,1.0,1.0,0.5,1.0,0.6666666666666666,0.5
hotpotqa_5ae2b770554299495565db0f,hotpotqa,hotpotqa_oncu_200,hybrid,16,220,40,multi_hop,4000,front,medium,unknown,p0001;p0002;p0003;p0004,p0001;p0002;p0003;p0004;p0007;p0008;p0010;p0011;p0005,12;13;0;20;5;16;19;8;3;2;1;21;17;14;18;6,9.0,4.0,1.0,1.0,0.4444444444444444,1.0,0.6153846153846153,0.5555555555555556
hotpotqa_5ae2b770554299495565db0f,hotpotqa,hotpotqa_oncu_200,iterative,3,220,40,multi_hop,4000,front,medium,unknown,p0001;p0002;p0003;p0004,p0002;p0003;p0004;p0001,1;0;12,4.0,4.0,1.0,1.0,1.0,1.0,1.0,0.0
hotpotqa_5ae2b770554299495565db0f,hotpotqa,hotpotqa_oncu_200,iterative,5,220,40,multi_hop,4000,front,medium,unknown,p0001;p0002;p0003;p0004,p0002;p0003;p0004;p0001,1;0;12;19;5,4.0,4.0,1.0,1.0,1.0,1.0,1.0,0.0
hotpotqa_5ae2b770554299495565db0f,hotpotqa,hotpotqa_oncu_200,iterative,8,220,40,multi_hop,4000,front,medium,unknown,p0001;p0002;p0003;p0004,p0002;p0003;p0004;p0001;p0006,1;0;12;19;5;4;20;7,5.0,4.0,1.0,1.0,0.8,1.0,0.888888888888889,0.2
hotpotqa_5ae2b770554299495565db0f,hotpotqa,hotpotqa_oncu_200,iterative,16,220,40,multi_hop,4000,front,medium,unknown,p0001;p0002;p0003;p0004,p0002;p0003;p0004;p0001;p0006;p0007;p0008;p0010;p0011,1;0;12;19;5;4;20;7;18;15;17;8;2;16;11;13,9.0,4.0,1.0,1.0,0.4444444444444444,1.0,0.6153846153846153,0.5555555555555556
hotpotqa_5ae2b770554299495565db0f,hotpotqa,hotpotqa_oncu_200,oracle,3,220,40,multi_hop,4000,front,medium,unknown,p0001;p0002;p0003;p0004,p0001;p0002;p0003,0;1;2,3.0,4.0,1.0,0.0,1.0,0.75,0.8571428571428571,0.0
hotpotqa_5ae2b770554299495565db0f,hotpotqa,hotpotqa_oncu_200,oracle,5,220,40,multi_hop,4000,front,medium,unknown,p0001;p0002;p0003;p0004,p0001;p0002;p0003;p0004,0;1;2;3,4.0,4.0,1.0,1.0,1.0,1.0,1.0,0.0
hotpotqa_5ae2b770554299495565db0f,hotpotqa,hotpotqa_oncu_200,oracle,8,220,40,multi_hop,4000,front,medium,unknown,p0001;p0002;p0003;p0004,p0001;p0002;p0003;p0004,0;1;2;3,4.0,4.0,1.0,1.0,1.0,1.0,1.0,0.0
hotpotqa_5ae2b770554299495565db0f,hotpotqa,hotpotqa_oncu_200,oracle,16,220,40,multi_hop,4000,front,medium,unknown,p0001;p0002;p0003;p0004,p0001;p0002;p0003;p0004,0;1;2;3,4.0,4.0,1.0,1.0,1.0,1.0,1.0,0.0
hotpotqa_5a80b3a9554299485f5986cc,hotpotqa,hotpotqa_oncu_200,lexical,3,220,40,multi_hop,8000,middle,low,unknown,p0001;p0002,,1;28;25,0.0,2.0,0.0,0.0,0.0,0.0,0.0,0.0
hotpotqa_5a80b3a9554299485f5986cc,hotpotqa,hotpotqa_oncu_200,lexical,5,220,40,multi_hop,8000,middle,low,unknown,p0001;p0002,,1;28;25;11;8,0.0,2.0,0.0,0.0,0.0,0.0,0.0,0.0
hotpotqa_5a80b3a9554299485f5986cc,hotpotqa,hotpotqa_oncu_200,lexical,8,220,40,multi_hop,8000,middle,low,unknown,p0001;p0002,,1;28;25;11;8;29;12;35,0.0,2.0,0.0,0.0,0.0,0.0,0.0,0.0
hotpotqa_5a80b3a9554299485f5986cc,hotpotqa,hotpotqa_oncu_200,lexical,16,220,40,multi_hop,8000,middle,low,unknown,p0001;p0002,p0001;p0002,1;28;25;11;8;29;12;35;38;39;22;2;18;21;42;19,2.0,2.0,1.0,1.0,1.0,1.0,1.0,0.0
hotpotqa_5a80b3a9554299485f5986cc,hotpotqa,hotpotqa_oncu_200,dense,3,220,40,multi_hop,8000,middle,low,unknown,p0001;p0002,p0001;p0002,28;21;11,2.0,2.0,1.0,1.0,1.0,1.0,1.0,0.0
hotpotqa_5a80b3a9554299485f5986cc,hotpotqa,hotpotqa_oncu_200,dense,5,220,40,multi_hop,8000,middle,low,unknown,p0001;p0002,p0001;p0002,28;21;11;38;1,2.0,2.0,1.0,1.0,1.0,1.0,1.0,0.0
hotpotqa_5a80b3a9554299485f5986cc,hotpotqa,hotpotqa_oncu_200,dense,8,220,40,multi_hop,8000,middle,low,unknown,p0001;p0002,p0001;p0002,28;21;11;38;1;4;31;41,2.0,2.0,1.0,1.0,1.0,1.0,1.0,0.0
hotpotqa_5a80b3a9554299485f5986cc,hotpotqa,hotpotqa_oncu_200,dense,16,220,40,multi_hop,8000,middle,low,unknown,p0001;p0002,p0001;p0002;p0006;p0007,28;21;11;38;1;4;31;41;5;12;29;22;32;42;14;25,4.0,2.0,1.0,1.0,0.5,1.0,0.6666666666666666,0.5
hotpotqa_5a80b3a9554299485f5986cc,hotpotqa,hotpotqa_oncu_200,hybrid,3,220,40,multi_hop,8000,middle,low,unknown,p0001;p0002,,28;1;11,0.0,2.0,0.0,0.0,0.0,0.0,0.0,0.0
hotpotqa_5a80b3a9554299485f5986cc,hotpotqa,hotpotqa_oncu_200,hybrid,5,220,40,multi_hop,8000,middle,low,unknown,p0001;p0002,p0001;p0002,28;1;11;38;21,2.0,2.0,1.0,1.0,1.0,1.0,1.0,0.0
hotpotqa_5a80b3a9554299485f5986cc,hotpotqa,hotpotqa_oncu_200,hybrid,8,220,40,multi_hop,8000,middle,low,unknown,p0001;p0002,p0001;p0002,28;1;11;38;21;29;12;25,2.0,2.0,1.0,1.0,1.0,1.0,1.0,0.0
hotpotqa_5a80b3a9554299485f5986cc,hotpotqa,hotpotqa_oncu_200,hybrid,16,220,40,multi_hop,8000,middle,low,unknown,p0001;p0002,p0001;p0002,28;1;11;38;21;29;12;25;22;8;4;31;5;39;35;42,2.0,2.0,1.0,1.0,1.0,1.0,1.0,0.0
hotpotqa_5a80b3a9554299485f5986cc,hotpotqa,hotpotqa_oncu_200,iterative,3,220,40,multi_hop,8000,middle,low,unknown,p0001;p0002,,1;28;11,0.0,2.0,0.0,0.0,0.0,0.0,0.0,0.0
hotpotqa_5a80b3a9554299485f5986cc,hotpotqa,hotpotqa_oncu_200,iterative,5,220,40,multi_hop,8000,middle,low,unknown,p0001;p0002,,1;28;11;38;25,0.0,2.0,0.0,0.0,0.0,0.0,0.0,0.0
hotpotqa_5a80b3a9554299485f5986cc,hotpotqa,hotpotqa_oncu_200,iterative,8,220,40,multi_hop,8000,middle,low,unknown,p0001;p0002,p0001;p0002,1;28;11;38;25;21;8;35,2.0,2.0,1.0,1.0,1.0,1.0,1.0,0.0
hotpotqa_5a80b3a9554299485f5986cc,hotpotqa,hotpotqa_oncu_200,iterative,16,220,40,multi_hop,8000,middle,low,unknown,p0001;p0002,p0001;p0002;p0006;p0007,1;28;11;38;25;21;8;35;4;31;18;29;41;12;14;22,4.0,2.0,1.0,1.0,0.5,1.0,0.6666666666666666,0.5
hotpotqa_5a80b3a9554299485f5986cc,hotpotqa,hotpotqa_oncu_200,oracle,3,220,40,multi_hop,8000,middle,low,unknown,p0001;p0002,p0001;p0002,0;1,2.0,2.0,1.0,1.0,1.0,1.0,1.0,0.0
hotpotqa_5a80b3a9554299485f5986cc,hotpotqa,hotpotqa_oncu_200,oracle,5,220,40,multi_hop,8000,middle,low,unknown,p0001;p0002,p0001;p0002,0;1,2.0,2.0,1.0,1.0,1.0,1.0,1.0,0.0
hotpotqa_5a80b3a9554299485f5986cc,hotpotqa,hotpotqa_oncu_200,oracle,8,220,40,multi_hop,8000,middle,low,unknown,p0001;p0002,p0001;p0002,0;1,2.0,2.0,1.0,1.0,1.0,1.0,1.0,0.0
hotpotqa_5a80b3a9554299485f5986cc,hotpotqa,hotpotqa_oncu_200,oracle,16,220,40,multi_hop,8000,middle,low,unknown,p0001;p0002,p0001;p0002,0;1,2.0,2.0,1.0,1.0,1.0,1.0,1.0,0.0
hotpotqa_5a818387554299260e20a291,hotpotqa,hotpotqa_oncu_200,lexical,3,220,40,multi_hop,16000,end,low,unknown,p0001;p0002,p0001;p0002,78;81;14,2.0,2.0,1.0,1.0,1.0,1.0,1.0,0.0
hotpotqa_5a818387554299260e20a291,hotpotqa,hotpotqa_oncu_200,lexical,5,220,40,multi_hop,16000,end,low,unknown,p0001;p0002,p0001;p0002,78;81;14;76;19,2.0,2.0,1.0,1.0,1.0,1.0,1.0,0.0
hotpotqa_5a818387554299260e20a291,hotpotqa,hotpotqa_oncu_200,lexical,8,220,40,multi_hop,16000,end,low,unknown,p0001;p0002,p0001;p0002,78;81;14;76;19;66;57;47,2.0,2.0,1.0,1.0,1.0,1.0,1.0,0.0
hotpotqa_5a818387554299260e20a291,hotpotqa,hotpotqa_oncu_200,lexical,16,220,40,multi_hop,16000,end,low,unknown,p0001;p0002,p0001;p0002,78;81;14;76;19;66;57;47;86;0;4;38;33;71;23;62,2.0,2.0,1.0,1.0,1.0,1.0,1.0,0.0
hotpotqa_5a818387554299260e20a291,hotpotqa,hotpotqa_oncu_200,dense,3,220,40,multi_hop,16000,end,low,unknown,p0001;p0002,,33;22;9,0.0,2.0,0.0,0.0,0.0,0.0,0.0,0.0
hotpotqa_5a818387554299260e20a291,hotpotqa,hotpotqa_oncu_200,dense,5,220,40,multi_hop,16000,end,low,unknown,p0001;p0002,,33;22;9;52;84,0.0,2.0,0.0,0.0,0.0,0.0,0.0,0.0
hotpotqa_5a818387554299260e20a291,hotpotqa,hotpotqa_oncu_200,dense,8,220,40,multi_hop,16000,end,low,unknown,p0001;p0002,,33;22;9;52;84;76;60;14,0.0,2.0,0.0,0.0,0.0,0.0,0.0,0.0
hotpotqa_5a818387554299260e20a291,hotpotqa,hotpotqa_oncu_200,dense,16,220,40,multi_hop,16000,end,low,unknown,p0001;p0002,,33;22;9;52;84;76;60;14;17;19;55;81;36;38;57;70,0.0,2.0,0.0,0.0,0.0,0.0,0.0,0.0
hotpotqa_5a818387554299260e20a291,hotpotqa,hotpotqa_oncu_200,hybrid,3,220,40,multi_hop,16000,end,low,unknown,p0001;p0002,,76;14;33,0.0,2.0,0.0,0.0,0.0,0.0,0.0,0.0
hotpotqa_5a818387554299260e20a291,hotpotqa,hotpotqa_oncu_200,hybrid,5,220,40,multi_hop,16000,end,low,unknown,p0001;p0002,,76;14;33;81;19,0.0,2.0,0.0,0.0,0.0,0.0,0.0,0.0
hotpotqa_5a818387554299260e20a291,hotpotqa,hotpotqa_oncu_200,hybrid,8,220,40,multi_hop,16000,end,low,unknown,p0001;p0002,p0001;p0002,76;14;33;81;19;78;9;57,2.0,2.0,1.0,1.0,1.0,1.0,1.0,0.0
hotpotqa_5a818387554299260e20a291,hotpotqa,hotpotqa_oncu_200,hybrid,16,220,40,multi_hop,16000,end,low,unknown,p0001;p0002,p0001;p0002;p0003,76;14;33;81;19;78;9;57;52;38;86;55;71;22;27;84,3.0,2.0,1.0,1.0,0.6666666666666666,1.0,0.8,0.3333333333333333
hotpotqa_5a818387554299260e20a291,hotpotqa,hotpotqa_oncu_200,iterative,3,220,40,multi_hop,16000,end,low,unknown,p0001;p0002,p0001;p0002,78;66;47,2.0,2.0,1.0,1.0,1.0,1.0,1.0,0.0
hotpotqa_5a818387554299260e20a291,hotpotqa,hotpotqa_oncu_200,iterative,5,220,40,multi_hop,16000,end,low,unknown,p0001;p0002,p0001;p0002,78;66;47;4;23,2.0,2.0,1.0,1.0,1.0,1.0,1.0,0.0
hotpotqa_5a818387554299260e20a291,hotpotqa,hotpotqa_oncu_200,iterative,8,220,40,multi_hop,16000,end,low,unknown,p0001;p0002,p0001;p0002;p0003,78;66;47;4;23;27;83;16,3.0,2.0,1.0,1.0,0.6666666666666666,1.0,0.8,0.3333333333333333
hotpotqa_5a818387554299260e20a291,hotpotqa,hotpotqa_oncu_200,iterative,16,220,40,multi_hop,16000,end,low,unknown,p0001;p0002,p0001;p0002;p0003,78;66;47;4;23;27;83;16;81;14;37;42;76;73;35;39,3.0,2.0,1.0,1.0,0.6666666666666666,1.0,0.8,0.3333333333333333
hotpotqa_5a818387554299260e20a291,hotpotqa,hotpotqa_oncu_200,oracle,3,220,40,multi_hop,16000,end,low,unknown,p0001;p0002,p0001;p0002,0;1,2.0,2.0,1.0,1.0,1.0,1.0,1.0,0.0
hotpotqa_5a818387554299260e20a291,hotpotqa,hotpotqa_oncu_200,oracle,5,220,40,multi_hop,16000,end,low,unknown,p0001;p0002,p0001;p0002,0;1,2.0,2.0,1.0,1.0,1.0,1.0,1.0,0.0
hotpotqa_5a818387554299260e20a291,hotpotqa,hotpotqa_oncu_200,oracle,8,220,40,multi_hop,16000,end,low,unknown,p0001;p0002,p0001;p0002,0;1,2.0,2.0,1.0,1.0,1.0,1.0,1.0,0.0
hotpotqa_5a818387554299260e20a291,hotpotqa,hotpotqa_oncu_200,oracle,16,220,40,multi_hop,16000,end,low,unknown,p0001;p0002,p0001;p0002,0;1,2.0,2.0,1.0,1.0,1.0,1.0,1.0,0.0
hotpotqa_5a89f5815542993b751ca9c5,hotpotqa,hotpotqa_oncu_200,lexical,3,220,40,multi_hop,4000,scattered,low,unknown,p0001;p0002,p0001;p0002,1;10;16,2.0,2.0,1.0,1.0,1.0,1.0,1.0,0.0
hotpotqa_5a89f5815542993b751ca9c5,hotpotqa,hotpotqa_oncu_200,lexical,5,220,40,multi_hop,4000,scattered,low,unknown,p0001;p0002,p0001;p0002,1;10;16;3;0,2.0,2.0,1.0,1.0,1.0,1.0,1.0,0.0
hotpotqa_5a89f5815542993b751ca9c5,hotpotqa,hotpotqa_oncu_200,lexical,8,220,40,multi_hop,4000,scattered,low,unknown,p0001;p0002,p0001;p0002,1;10;16;3;0;21;11;18,2.0,2.0,1.0,1.0,1.0,1.0,1.0,0.0
hotpotqa_5a89f5815542993b751ca9c5,hotpotqa,hotpotqa_oncu_200,lexical,16,220,40,multi_hop,4000,scattered,low,unknown,p0001;p0002,p0001;p0002;p0003;p0004;p0010;p0011;p0012,1;10;16;3;0;21;11;18;5;6;8;14;12;13;19;9,7.0,2.0,1.0,1.0,0.2857142857142857,1.0,0.4444444444444445,0.7142857142857143
hotpotqa_5a89f5815542993b751ca9c5,hotpotqa,hotpotqa_oncu_200,dense,3,220,40,multi_hop,4000,scattered,low,unknown,p0001;p0002,p0004;p0006;p0007;p0008;p0010,16;7;11,5.0,2.0,0.0,0.0,0.0,0.0,0.0,1.0
hotpotqa_5a89f5815542993b751ca9c5,hotpotqa,hotpotqa_oncu_200,dense,5,220,40,multi_hop,4000,scattered,low,unknown,p0001;p0002,p0004;p0006;p0007;p0008;p0010,16;7;11;3;19,5.0,2.0,0.0,0.0,0.0,0.0,0.0,1.0
hotpotqa_5a89f5815542993b751ca9c5,hotpotqa,hotpotqa_oncu_200,dense,8,220,40,multi_hop,4000,scattered,low,unknown,p0001;p0002,p0004;p0006;p0007;p0008;p0010;p0001,16;7;11;3;19;21;1;0,6.0,2.0,1.0,0.0,0.16666666666666666,0.5,0.25,0.8333333333333334
hotpotqa_5a89f5815542993b751ca9c5,hotpotqa,hotpotqa_oncu_200,dense,16,220,40,multi_hop,4000,scattered,low,unknown,p0001;p0002,p0004;p0006;p0007;p0008;p0010;p0001;p0003,16;7;11;3;19;21;1;0;14;4;6;13;18;9;12;17,7.0,2.0,1.0,0.0,0.14285714285714285,0.5,0.22222222222222224,0.8571428571428571
hotpotqa_5a89f5815542993b751ca9c5,hotpotqa,hotpotqa_oncu_200,hybrid,3,220,40,multi_hop,4000,scattered,low,unknown,p0001;p0002,p0001,16;1;3,1.0,2.0,1.0,0.0,1.0,0.5,0.6666666666666666,0.0
hotpotqa_5a89f5815542993b751ca9c5,hotpotqa,hotpotqa_oncu_200,hybrid,5,220,40,multi_hop,4000,scattered,low,unknown,p0001;p0002,p0001,16;1;3;11;21,1.0,2.0,1.0,0.0,1.0,0.5,0.6666666666666666,0.0
hotpotqa_5a89f5815542993b751ca9c5,hotpotqa,hotpotqa_oncu_200,hybrid,8,220,40,multi_hop,4000,scattered,low,unknown,p0001;p0002,p0001;p0004;p0006;p0007;p0008;p0010;p0002,16;1;3;11;21;0;7;10,7.0,2.0,1.0,1.0,0.2857142857142857,1.0,0.4444444444444445,0.7142857142857143
hotpotqa_5a89f5815542993b751ca9c5,hotpotqa,hotpotqa_oncu_200,hybrid,16,220,40,multi_hop,4000,scattered,low,unknown,p0001;p0002,p0001;p0004;p0006;p0007;p0008;p0010;p0002;p0003,16;1;3;11;21;0;7;10;19;18;14;6;13;5;12;4,8.0,2.0,1.0,1.0,0.25,1.0,0.4,0.75
hotpotqa_5a89f5815542993b751ca9c5,hotpotqa,hotpotqa_oncu_200,iterative,3,220,40,multi_hop,4000,scattered,low,unknown,p0001;p0002,p0001,1;16;11,1.0,2.0,1.0,0.0,1.0,0.5,0.6666666666666666,0.0
hotpotqa_5a89f5815542993b751ca9c5,hotpotqa,hotpotqa_oncu_200,iterative,5,220,40,multi_hop,4000,scattered,low,unknown,p0001;p0002,p0001,1;16;11;3;14,1.0,2.0,1.0,0.0,1.0,0.5,0.6666666666666666,0.0
hotpotqa_5a89f5815542993b751ca9c5,hotpotqa,hotpotqa_oncu_200,iterative,8,220,40,multi_hop,4000,scattered,low,unknown,p0001;p0002,p0001;p0002,1;16;11;3;14;21;19;10,2.0,2.0,1.0,1.0,1.0,1.0,1.0,0.0
hotpotqa_5a89f5815542993b751ca9c5,hotpotqa,hotpotqa_oncu_200,iterative,16,220,40,multi_hop,4000,scattered,low,unknown,p0001;p0002,p0001;p0002;p0004;p0006;p0007;p0008;p0010;p0011;p0012;p0003,1;16;11;3;14;21;19;10;0;7;9;8;18;6;12;4,10.0,2.0,1.0,1.0,0.2,1.0,0.33333333333333337,0.8
hotpotqa_5a89f5815542993b751ca9c5,hotpotqa,hotpotqa_oncu_200,oracle,3,220,40,multi_hop,4000,scattered,low,unknown,p0001;p0002,p0001;p0002,0;1,2.0,2.0,1.0,1.0,1.0,1.0,1.0,0.0
hotpotqa_5a89f5815542993b751ca9c5,hotpotqa,hotpotqa_oncu_200,oracle,5,220,40,multi_hop,4000,scattered,low,unknown,p0001;p0002,p0001;p0002,0;1,2.0,2.0,1.0,1.0,1.0,1.0,1.0,0.0
hotpotqa_5a89f5815542993b751ca9c5,hotpotqa,hotpotqa_oncu_200,oracle,8,220,40,multi_hop,4000,scattered,low,unknown,p0001;p0002,p0001;p0002,0;1,2.0,2.0,1.0,1.0,1.0,1.0,1.0,0.0
hotpotqa_5a89f5815542993b751ca9c5,hotpotqa,hotpotqa_oncu_200,oracle,16,220,40,multi_hop,4000,scattered,low,unknown,p0001;p0002,p0001;p0002,0;1,2.0,2.0,1.0,1.0,1.0,1.0,1.0,0.0
hotpotqa_5ac120c55542992a796dedfc,hotpotqa,hotpotqa_oncu_200,lexical,3,220,40,multi_hop,8000,front,medium,unknown,p0001;p0002;p0003,p0001;p0002;p0003,1;34;44,3.0,3.0,1.0,1.0,1.0,1.0,1.0,0.0
hotpotqa_5ac120c55542992a796dedfc,hotpotqa,hotpotqa_oncu_200,lexical,5,220,40,multi_hop,8000,front,medium,unknown,p0001;p0002;p0003,p0001;p0002;p0003,1;34;44;25;27,3.0,3.0,1.0,1.0,1.0,1.0,1.0,0.0
hotpotqa_5ac120c55542992a796dedfc,hotpotqa,hotpotqa_oncu_200,lexical,8,220,40,multi_hop,8000,front,medium,unknown,p0001;p0002;p0003,p0001;p0002;p0003;p0006;p0007,1;34;44;25;27;37;14;12,5.0,3.0,1.0,1.0,0.6,1.0,0.7499999999999999,0.4
hotpotqa_5ac120c55542992a796dedfc,hotpotqa,hotpotqa_oncu_200,lexical,16,220,40,multi_hop,8000,front,medium,unknown,p0001;p0002;p0003,p0001;p0002;p0003;p0006;p0007,1;34;44;25;27;37;14;12;23;5;2;36;32;26;39;30,5.0,3.0,1.0,1.0,0.6,1.0,0.7499999999999999,0.4
hotpotqa_5ac120c55542992a796dedfc,hotpotqa,hotpotqa_oncu_200,dense,3,220,40,multi_hop,8000,front,medium,unknown,p0001;p0002;p0003,,40;11;22,0.0,3.0,0.0,0.0,0.0,0.0,0.0,0.0
hotpotqa_5ac120c55542992a796dedfc,hotpotqa,hotpotqa_oncu_200,dense,5,220,40,multi_hop,8000,front,medium,unknown,p0001;p0002;p0003,,40;11;22;18;29,0.0,3.0,0.0,0.0,0.0,0.0,0.0,0.0
hotpotqa_5ac120c55542992a796dedfc,hotpotqa,hotpotqa_oncu_200,dense,8,220,40,multi_hop,8000,front,medium,unknown,p0001;p0002;p0003,p0001;p0002;p0003,40;11;22;18;29;36;1;7,3.0,3.0,1.0,1.0,1.0,1.0,1.0,0.0
hotpotqa_5ac120c55542992a796dedfc,hotpotqa,hotpotqa_oncu_200,dense,16,220,40,multi_hop,8000,front,medium,unknown,p0001;p0002;p0003,p0001;p0002;p0003;p0004;p0005;p0010;p0012;p0013,40;11;22;18;29;36;1;7;17;25;13;32;3;33;28;16,8.0,3.0,1.0,1.0,0.375,1.0,0.5454545454545454,0.625
hotpotqa_5ac120c55542992a796dedfc,hotpotqa,hotpotqa_oncu_200,hybrid,3,220,40,multi_hop,8000,front,medium,unknown,p0001;p0002;p0003,p0001;p0002;p0003,1;25;36,3.0,3.0,1.0,1.0,1.0,1.0,1.0,0.0
hotpotqa_5ac120c55542992a796dedfc,hotpotqa,hotpotqa_oncu_200,hybrid,5,220,40,multi_hop,8000,front,medium,unknown,p0001;p0002;p0003,p0001;p0002;p0003,1;25;36;32;44,3.0,3.0,1.0,1.0,1.0,1.0,1.0,0.0
hotpotqa_5ac120c55542992a796dedfc,hotpotqa,hotpotqa_oncu_200,hybrid,8,220,40,multi_hop,8000,front,medium,unknown,p0001;p0002;p0003,p0001;p0002;p0003,1;25;36;32;44;34;18;40,3.0,3.0,1.0,1.0,1.0,1.0,1.0,0.0
hotpotqa_5ac120c55542992a796dedfc,hotpotqa,hotpotqa_oncu_200,hybrid,16,220,40,multi_hop,8000,front,medium,unknown,p0001;p0002;p0003,p0001;p0002;p0003,1;25;36;32;44;34;18;40;2;27;39;11;6;7;22;21,3.0,3.0,1.0,1.0,1.0,1.0,1.0,0.0
hotpotqa_5ac120c55542992a796dedfc,hotpotqa,hotpotqa_oncu_200,iterative,3,220,40,multi_hop,8000,front,medium,unknown,p0001;p0002;p0003,p0001;p0002;p0003,34;1;23,3.0,3.0,1.0,1.0,1.0,1.0,1.0,0.0
hotpotqa_5ac120c55542992a796dedfc,hotpotqa,hotpotqa_oncu_200,iterative,5,220,40,multi_hop,8000,front,medium,unknown,p0001;p0002;p0003,p0001;p0002;p0003,34;1;23;12;27,3.0,3.0,1.0,1.0,1.0,1.0,1.0,0.0
hotpotqa_5ac120c55542992a796dedfc,hotpotqa,hotpotqa_oncu_200,iterative,8,220,40,multi_hop,8000,front,medium,unknown,p0001;p0002;p0003,p0001;p0002;p0003;p0006;p0007,34;1;23;12;27;37;5;14,5.0,3.0,1.0,1.0,0.6,1.0,0.7499999999999999,0.4
hotpotqa_5ac120c55542992a796dedfc,hotpotqa,hotpotqa_oncu_200,iterative,16,220,40,multi_hop,8000,front,medium,unknown,p0001;p0002;p0003,p0001;p0002;p0003;p0006;p0007,34;1;23;12;27;37;5;14;30;41;26;25;32;38;44;9,5.0,3.0,1.0,1.0,0.6,1.0,0.7499999999999999,0.4
hotpotqa_5ac120c55542992a796dedfc,hotpotqa,hotpotqa_oncu_200,oracle,3,220,40,multi_hop,8000,front,medium,unknown,p0001;p0002;p0003,p0001;p0002;p0003,0;1;2,3.0,3.0,1.0,1.0,1.0,1.0,1.0,0.0
hotpotqa_5ac120c55542992a796dedfc,hotpotqa,hotpotqa_oncu_200,oracle,5,220,40,multi_hop,8000,front,medium,unknown,p0001;p0002;p0003,p0001;p0002;p0003,0;1;2,3.0,3.0,1.0,1.0,1.0,1.0,1.0,0.0
hotpotqa_5ac120c55542992a796dedfc,hotpotqa,hotpotqa_oncu_200,oracle,8,220,40,multi_hop,8000,front,medium,unknown,p0001;p0002;p0003,p0001;p0002;p0003,0;1;2,3.0,3.0,1.0,1.0,1.0,1.0,1.0,0.0
hotpotqa_5ac120c55542992a796dedfc,hotpotqa,hotpotqa_oncu_200,oracle,16,220,40,multi_hop,8000,front,medium,unknown,p0001;p0002;p0003,p0001;p0002;p0003,0;1;2,3.0,3.0,1.0,1.0,1.0,1.0,1.0,0.0
hotpotqa_5ab7c1a955429928e1fe38c8,hotpotqa,hotpotqa_oncu_200,lexical,3,220,40,multi_hop,16000,middle,medium,unknown,p0001;p0002;p0003,,74;67;38,0.0,3.0,0.0,0.0,0.0,0.0,0.0,0.0
hotpotqa_5ab7c1a955429928e1fe38c8,hotpotqa,hotpotqa_oncu_200,lexical,5,220,40,multi_hop,16000,middle,medium,unknown,p0001;p0002;p0003,,74;67;38;6;49,0.0,3.0,0.0,0.0,0.0,0.0,0.0,0.0
hotpotqa_5ab7c1a955429928e1fe38c8,hotpotqa,hotpotqa_oncu_200,lexical,8,220,40,multi_hop,16000,middle,medium,unknown,p0001;p0002;p0003,p0001;p0002;p0003,74;67;38;6;49;13;81;44,3.0,3.0,1.0,1.0,1.0,1.0,1.0,0.0
hotpotqa_5ab7c1a955429928e1fe38c8,hotpotqa,hotpotqa_oncu_200,lexical,16,220,40,multi_hop,16000,middle,medium,unknown,p0001;p0002;p0003,p0001;p0002;p0003,74;67;38;6;49;13;81;44;24;84;41;45;9;60;66;70,3.0,3.0,1.0,1.0,1.0,1.0,1.0,0.0
hotpotqa_5ab7c1a955429928e1fe38c8,hotpotqa,hotpotqa_oncu_200,dense,3,220,40,multi_hop,16000,middle,medium,unknown,p0001;p0002;p0003,,20;56;63,0.0,3.0,0.0,0.0,0.0,0.0,0.0,0.0
hotpotqa_5ab7c1a955429928e1fe38c8,hotpotqa,hotpotqa_oncu_200,dense,5,220,40,multi_hop,16000,middle,medium,unknown,p0001;p0002;p0003,p0004,20;56;63;27;77,1.0,3.0,0.0,0.0,0.0,0.0,0.0,1.0
hotpotqa_5ab7c1a955429928e1fe38c8,hotpotqa,hotpotqa_oncu_200,dense,8,220,40,multi_hop,16000,middle,medium,unknown,p0001;p0002;p0003,p0004,20;56;63;27;77;13;70;34,1.0,3.0,0.0,0.0,0.0,0.0,0.0,1.0
hotpotqa_5ab7c1a955429928e1fe38c8,hotpotqa,hotpotqa_oncu_200,dense,16,220,40,multi_hop,16000,middle,medium,unknown,p0001;p0002;p0003,p0004,20;56;63;27;77;13;70;34;81;6;38;2;49;88;41;84,1.0,3.0,0.0,0.0,0.0,0.0,0.0,1.0
hotpotqa_5ab7c1a955429928e1fe38c8,hotpotqa,hotpotqa_oncu_200,hybrid,3,220,40,multi_hop,16000,middle,medium,unknown,p0001;p0002;p0003,,13;38;6,0.0,3.0,0.0,0.0,0.0,0.0,0.0,0.0
hotpotqa_5ab7c1a955429928e1fe38c8,hotpotqa,hotpotqa_oncu_200,hybrid,5,220,40,multi_hop,16000,middle,medium,unknown,p0001;p0002;p0003,,13;38;6;81;56,0.0,3.0,0.0,0.0,0.0,0.0,0.0,0.0
hotpotqa_5ab7c1a955429928e1fe38c8,hotpotqa,hotpotqa_oncu_200,hybrid,8,220,40,multi_hop,16000,middle,medium,unknown,p0001;p0002;p0003,,13;38;6;81;56;49;20;74,0.0,3.0,0.0,0.0,0.0,0.0,0.0,0.0
hotpotqa_5ab7c1a955429928e1fe38c8,hotpotqa,hotpotqa_oncu_200,hybrid,16,220,40,multi_hop,16000,middle,medium,unknown,p0001;p0002;p0003,,13;38;6;81;56;49;20;74;70;84;77;41;67;63;45;24,0.0,3.0,0.0,0.0,0.0,0.0,0.0,0.0
hotpotqa_5ab7c1a955429928e1fe38c8,hotpotqa,hotpotqa_oncu_200,iterative,3,220,40,multi_hop,16000,middle,medium,unknown,p0001;p0002;p0003,,74;38;6,0.0,3.0,0.0,0.0,0.0,0.0,0.0,0.0
hotpotqa_5ab7c1a955429928e1fe38c8,hotpotqa,hotpotqa_oncu_200,iterative,5,220,40,multi_hop,16000,middle,medium,unknown,p0001;p0002;p0003,,74;38;6;49;81,0.0,3.0,0.0,0.0,0.0,0.0,0.0,0.0
hotpotqa_5ab7c1a955429928e1fe38c8,hotpotqa,hotpotqa_oncu_200,iterative,8,220,40,multi_hop,16000,middle,medium,unknown,p0001;p0002;p0003,,74;38;6;49;81;13;84;67,0.0,3.0,0.0,0.0,0.0,0.0,0.0,0.0
hotpotqa_5ab7c1a955429928e1fe38c8,hotpotqa,hotpotqa_oncu_200,iterative,16,220,40,multi_hop,16000,middle,medium,unknown,p0001;p0002;p0003,,74;38;6;49;81;13;84;67;70;41;56;45;9;88;77;20,0.0,3.0,0.0,0.0,0.0,0.0,0.0,0.0
hotpotqa_5ab7c1a955429928e1fe38c8,hotpotqa,hotpotqa_oncu_200,oracle,3,220,40,multi_hop,16000,middle,medium,unknown,p0001;p0002;p0003,p0001;p0002;p0003,0;1;2,3.0,3.0,1.0,1.0,1.0,1.0,1.0,0.0
hotpotqa_5ab7c1a955429928e1fe38c8,hotpotqa,hotpotqa_oncu_200,oracle,5,220,40,multi_hop,16000,middle,medium,unknown,p0001;p0002;p0003,p0001;p0002;p0003,0;1;2,3.0,3.0,1.0,1.0,1.0,1.0,1.0,0.0
hotpotqa_5ab7c1a955429928e1fe38c8,hotpotqa,hotpotqa_oncu_200,oracle,8,220,40,multi_hop,16000,middle,medium,unknown,p0001;p0002;p0003,p0001;p0002;p0003,0;1;2,3.0,3.0,1.0,1.0,1.0,1.0,1.0,0.0
hotpotqa_5ab7c1a955429928e1fe38c8,hotpotqa,hotpotqa_oncu_200,oracle,16,220,40,multi_hop,16000,middle,medium,unknown,p0001;p0002;p0003,p0001;p0002;p0003,0;1;2,3.0,3.0,1.0,1.0,1.0,1.0,1.0,0.0
hotpotqa_5abd01205542992ac4f3819b,hotpotqa,hotpotqa_oncu_200,lexical,3,220,40,multi_hop,4000,end,low,unknown,p0001;p0002,p0001;p0002,19;18;13,2.0,2.0,1.0,1.0,1.0,1.0,1.0,0.0
hotpotqa_5abd01205542992ac4f3819b,hotpotqa,hotpotqa_oncu_200,lexical,5,220,40,multi_hop,4000,end,low,unknown,p0001;p0002,p0001;p0002,19;18;13;16;5,2.0,2.0,1.0,1.0,1.0,1.0,1.0,0.0
hotpotqa_5abd01205542992ac4f3819b,hotpotqa,hotpotqa_oncu_200,lexical,8,220,40,multi_hop,4000,end,low,unknown,p0001;p0002,p0001;p0002;p0011;p0012,19;18;13;16;5;0;8;3,4.0,2.0,1.0,1.0,0.5,1.0,0.6666666666666666,0.5
hotpotqa_5abd01205542992ac4f3819b,hotpotqa,hotpotqa_oncu_200,lexical,16,220,40,multi_hop,4000,end,low,unknown,p0001;p0002,p0001;p0002;p0011;p0012;p0004;p0005;p0006;p0007;p0008;p0010,19;18;13;16;5;0;8;3;11;10;6;2;14;7;21;4,10.0,2.0,1.0,1.0,0.2,1.0,0.33333333333333337,0.8
hotpotqa_5abd01205542992ac4f3819b,hotpotqa,hotpotqa_oncu_200,dense,3,220,40,multi_hop,4000,end,low,unknown,p0001;p0002,p0001;p0002;p0004;p0005;p0006;p0007,19;6;3,6.0,2.0,1.0,1.0,0.3333333333333333,1.0,0.5,0.6666666666666666
hotpotqa_5abd01205542992ac4f3819b,hotpotqa,hotpotqa_oncu_200,dense,5,220,40,multi_hop,4000,end,low,unknown,p0001;p0002,p0001;p0002;p0004;p0005;p0006;p0007,19;6;3;16;13,6.0,2.0,1.0,1.0,0.3333333333333333,1.0,0.5,0.6666666666666666
hotpotqa_5abd01205542992ac4f3819b,hotpotqa,hotpotqa_oncu_200,dense,8,220,40,multi_hop,4000,end,low,unknown,p0001;p0002,p0001;p0002;p0004;p0005;p0006;p0007,19;6;3;16;13;17;11;5,6.0,2.0,1.0,1.0,0.3333333333333333,1.0,0.5,0.6666666666666666
hotpotqa_5abd01205542992ac4f3819b,hotpotqa,hotpotqa_oncu_200,dense,16,220,40,multi_hop,4000,end,low,unknown,p0001;p0002,p0001;p0002;p0004;p0005;p0006;p0007;p0008;p0010;p0011;p0012,19;6;3;16;13;17;11;5;7;0;21;1;8;20;9;10,10.0,2.0,1.0,1.0,0.2,1.0,0.33333333333333337,0.8
hotpotqa_5abd01205542992ac4f3819b,hotpotqa,hotpotqa_oncu_200,hybrid,3,220,40,multi_hop,4000,end,low,unknown,p0001;p0002,p0001;p0002,19;13;16,2.0,2.0,1.0,1.0,1.0,1.0,1.0,0.0
hotpotqa_5abd01205542992ac4f3819b,hotpotqa,hotpotqa_oncu_200,hybrid,5,220,40,multi_hop,4000,end,low,unknown,p0001;p0002,p0001;p0002;p0004;p0005;p0006;p0007,19;13;16;3;6,6.0,2.0,1.0,1.0,0.3333333333333333,1.0,0.5,0.6666666666666666
hotpotqa_5abd01205542992ac4f3819b,hotpotqa,hotpotqa_oncu_200,hybrid,8,220,40,multi_hop,4000,end,low,unknown,p0001;p0002,p0001;p0002;p0004;p0005;p0006;p0007,19;13;16;3;6;5;0;11,6.0,2.0,1.0,1.0,0.3333333333333333,1.0,0.5,0.6666666666666666
hotpotqa_5abd01205542992ac4f3819b,hotpotqa,hotpotqa_oncu_200,hybrid,16,220,40,multi_hop,4000,end,low,unknown,p0001;p0002,p0001;p0002;p0004;p0005;p0006;p0007;p0011;p0012;p0008;p0010,19;13;16;3;6;5;0;11;18;8;7;17;10;21;2;1,10.0,2.0,1.0,1.0,0.2,1.0,0.33333333333333337,0.8
hotpotqa_5abd01205542992ac4f3819b,hotpotqa,hotpotqa_oncu_200,iterative,3,220,40,multi_hop,4000,end,low,unknown,p0001;p0002,p0001;p0002,19;13;18,2.0,2.0,1.0,1.0,1.0,1.0,1.0,0.0
hotpotqa_5abd01205542992ac4f3819b,hotpotqa,hotpotqa_oncu_200,iterative,5,220,40,multi_hop,4000,end,low,unknown,p0001;p0002,p0001;p0002,19;13;18;5;16,2.0,2.0,1.0,1.0,1.0,1.0,1.0,0.0
hotpotqa_5abd01205542992ac4f3819b,hotpotqa,hotpotqa_oncu_200,iterative,8,220,40,multi_hop,4000,end,low,unknown,p0001;p0002,p0001;p0002;p0004;p0005;p0006;p0007,19;13;18;5;16;0;2;6,6.0,2.0,1.0,1.0,0.3333333333333333,1.0,0.5,0.6666666666666666
hotpotqa_5abd01205542992ac4f3819b,hotpotqa,hotpotqa_oncu_200,iterative,16,220,40,multi_hop,4000,end,low,unknown,p0001;p0002,p0001;p0002;p0004;p0005;p0006;p0007;p0011;p0012;p0008;p0010,19;13;18;5;16;0;2;6;8;3;11;10;21;7;4;14,10.0,2.0,1.0,1.0,0.2,1.0,0.33333333333333337,0.8
hotpotqa_5abd01205542992ac4f3819b,hotpotqa,hotpotqa_oncu_200,oracle,3,220,40,multi_hop,4000,end,low,unknown,p0001;p0002,p0001;p0002,0;1,2.0,2.0,1.0,1.0,1.0,1.0,1.0,0.0
hotpotqa_5abd01205542992ac4f3819b,hotpotqa,hotpotqa_oncu_200,oracle,5,220,40,multi_hop,4000,end,low,unknown,p0001;p0002,p0001;p0002,0;1,2.0,2.0,1.0,1.0,1.0,1.0,1.0,0.0
hotpotqa_5abd01205542992ac4f3819b,hotpotqa,hotpotqa_oncu_200,oracle,8,220,40,multi_hop,4000,end,low,unknown,p0001;p0002,p0001;p0002,0;1,2.0,2.0,1.0,1.0,1.0,1.0,1.0,0.0
hotpotqa_5abd01205542992ac4f3819b,hotpotqa,hotpotqa_oncu_200,oracle,16,220,40,multi_hop,4000,end,low,unknown,p0001;p0002,p0001;p0002,0;1,2.0,2.0,1.0,1.0,1.0,1.0,1.0,0.0
hotpotqa_5a8574945542997b5ce3fffb,hotpotqa,hotpotqa_oncu_200,lexical,3,220,40,comparison,8000,scattered,medium,unknown,p0001;p0002;p0003,p0001;p0002,4;3;21,2.0,3.0,1.0,0.0,1.0,0.6666666666666666,0.8,0.0
hotpotqa_5a8574945542997b5ce3fffb,hotpotqa,hotpotqa_oncu_200,lexical,5,220,40,comparison,8000,scattered,medium,unknown,p0001;p0002;p0003,p0001;p0002,4;3;21;35;7,2.0,3.0,1.0,0.0,1.0,0.6666666666666666,0.8,0.0
hotpotqa_5a8574945542997b5ce3fffb,hotpotqa,hotpotqa_oncu_200,lexical,8,220,40,comparison,8000,scattered,medium,unknown,p0001;p0002;p0003,p0001;p0002;p0003,4;3;21;35;7;38;29;12,3.0,3.0,1.0,1.0,1.0,1.0,1.0,0.0
hotpotqa_5a8574945542997b5ce3fffb,hotpotqa,hotpotqa_oncu_200,lexical,16,220,40,comparison,8000,scattered,medium,unknown,p0001;p0002;p0003,p0001;p0002;p0003,4;3;21;35;7;38;29;12;24;43;26;32;22;1;18;27,3.0,3.0,1.0,1.0,1.0,1.0,1.0,0.0
hotpotqa_5a8574945542997b5ce3fffb,hotpotqa,hotpotqa_oncu_200,dense,3,220,40,comparison,8000,scattered,medium,unknown,p0001;p0002;p0003,p0001,4;32;1,1.0,3.0,1.0,0.0,1.0,0.3333333333333333,0.5,0.0
hotpotqa_5a8574945542997b5ce3fffb,hotpotqa,hotpotqa_oncu_200,dense,5,220,40,comparison,8000,scattered,medium,unknown,p0001;p0002;p0003,p0001;p0008;p0009;p0010;p0011,4;32;1;15;29,5.0,3.0,1.0,0.0,0.2,0.3333333333333333,0.25,0.8
hotpotqa_5a8574945542997b5ce3fffb,hotpotqa,hotpotqa_oncu_200,dense,8,220,40,comparison,8000,scattered,medium,unknown,p0001;p0002;p0003,p0001;p0008;p0009;p0010;p0011,4;32;1;15;29;3;26;12,5.0,3.0,1.0,0.0,0.2,0.3333333333333333,0.25,0.8
hotpotqa_5a8574945542997b5ce3fffb,hotpotqa,hotpotqa_oncu_200,dense,16,220,40,comparison,8000,scattered,medium,unknown,p0001;p0002;p0003,p0001;p0008;p0009;p0010;p0011;p0002,4;32;1;15;29;3;26;12;9;18;43;40;37;19;22;5,6.0,3.0,1.0,0.0,0.3333333333333333,0.6666666666666666,0.4444444444444444,0.6666666666666666
hotpotqa_5a8574945542997b5ce3fffb,hotpotqa,hotpotqa_oncu_200,hybrid,3,220,40,comparison,8000,scattered,medium,unknown,p0001;p0002;p0003,p0001,4;3;29,1.0,3.0,1.0,0.0,1.0,0.3333333333333333,0.5,0.0
hotpotqa_5a8574945542997b5ce3fffb,hotpotqa,hotpotqa_oncu_200,hybrid,5,220,40,comparison,8000,scattered,medium,unknown,p0001;p0002;p0003,p0001,4;3;29;32;12,1.0,3.0,1.0,0.0,1.0,0.3333333333333333,0.5,0.0
hotpotqa_5a8574945542997b5ce3fffb,hotpotqa,hotpotqa_oncu_200,hybrid,8,220,40,comparison,8000,scattered,medium,unknown,p0001;p0002;p0003,p0001,4;3;29;32;12;1;26;43,1.0,3.0,1.0,0.0,1.0,0.3333333333333333,0.5,0.0
hotpotqa_5a8574945542997b5ce3fffb,hotpotqa,hotpotqa_oncu_200,hybrid,16,220,40,comparison,8000,scattered,medium,unknown,p0001;p0002;p0003,p0001;p0002;p0008;p0009;p0010;p0011,4;3;29;32;12;1;26;43;35;21;7;18;22;9;15;40,6.0,3.0,1.0,0.0,0.3333333333333333,0.6666666666666666,0.4444444444444444,0.6666666666666666
hotpotqa_5a8574945542997b5ce3fffb,hotpotqa,hotpotqa_oncu_200,iterative,3,220,40,comparison,8000,scattered,medium,unknown,p0001;p0002;p0003,p0001;p0002,4;3;21,2.0,3.0,1.0,0.0,1.0,0.6666666666666666,0.8,0.0
hotpotqa_5a8574945542997b5ce3fffb,hotpotqa,hotpotqa_oncu_200,iterative,5,220,40,comparison,8000,scattered,medium,unknown,p0001;p0002;p0003,p0001;p0002,4;3;21;35;29,2.0,3.0,1.0,0.0,1.0,0.6666666666666666,0.8,0.0
hotpotqa_5a8574945542997b5ce3fffb,hotpotqa,hotpotqa_oncu_200,iterative,8,220,40,comparison,8000,scattered,medium,unknown,p0001;p0002;p0003,p0001;p0002,4;3;21;35;29;12;32;7,2.0,3.0,1.0,0.0,1.0,0.6666666666666666,0.8,0.0
hotpotqa_5a8574945542997b5ce3fffb,hotpotqa,hotpotqa_oncu_200,iterative,16,220,40,comparison,8000,scattered,medium,unknown,p0001;p0002;p0003,p0001;p0002;p0003,4;3;21;35;29;12;32;7;43;1;26;38;18;24;9;40,3.0,3.0,1.0,1.0,1.0,1.0,1.0,0.0
hotpotqa_5a8574945542997b5ce3fffb,hotpotqa,hotpotqa_oncu_200,oracle,3,220,40,comparison,8000,scattered,medium,unknown,p0001;p0002;p0003,p0001;p0002;p0003,0;1;2,3.0,3.0,1.0,1.0,1.0,1.0,1.0,0.0
hotpotqa_5a8574945542997b5ce3fffb,hotpotqa,hotpotqa_oncu_200,oracle,5,220,40,comparison,8000,scattered,medium,unknown,p0001;p0002;p0003,p0001;p0002;p0003,0;1;2,3.0,3.0,1.0,1.0,1.0,1.0,1.0,0.0
hotpotqa_5a8574945542997b5ce3fffb,hotpotqa,hotpotqa_oncu_200,oracle,8,220,40,comparison,8000,scattered,medium,unknown,p0001;p0002;p0003,p0001;p0002;p0003,0;1;2,3.0,3.0,1.0,1.0,1.0,1.0,1.0,0.0
hotpotqa_5a8574945542997b5ce3fffb,hotpotqa,hotpotqa_oncu_200,oracle,16,220,40,comparison,8000,scattered,medium,unknown,p0001;p0002;p0003,p0001;p0002;p0003,0;1;2,3.0,3.0,1.0,1.0,1.0,1.0,1.0,0.0
hotpotqa_5a87d8215542994775f60800,hotpotqa,hotpotqa_oncu_200,lexical,3,220,40,multi_hop,16000,front,medium,unknown,p0001;p0002;p0003;p0004,p0001;p0002;p0003;p0004,4;55;56,4.0,4.0,1.0,1.0,1.0,1.0,1.0,0.0
hotpotqa_5a87d8215542994775f60800,hotpotqa,hotpotqa_oncu_200,lexical,5,220,40,multi_hop,16000,front,medium,unknown,p0001;p0002;p0003;p0004,p0001;p0002;p0003;p0004,4;55;56;24;80,4.0,4.0,1.0,1.0,1.0,1.0,1.0,0.0
hotpotqa_5a87d8215542994775f60800,hotpotqa,hotpotqa_oncu_200,lexical,8,220,40,multi_hop,16000,front,medium,unknown,p0001;p0002;p0003;p0004,p0001;p0002;p0003;p0004,4;55;56;24;80;52;23;79,4.0,4.0,1.0,1.0,1.0,1.0,1.0,0.0
hotpotqa_5a87d8215542994775f60800,hotpotqa,hotpotqa_oncu_200,lexical,16,220,40,multi_hop,16000,front,medium,unknown,p0001;p0002;p0003;p0004,p0001;p0002;p0003;p0004,4;55;56;24;80;52;23;79;46;33;22;78;85;3;57;16,4.0,4.0,1.0,1.0,1.0,1.0,1.0,0.0
hotpotqa_5a87d8215542994775f60800,hotpotqa,hotpotqa_oncu_200,dense,3,220,40,multi_hop,16000,front,medium,unknown,p0001;p0002;p0003;p0004,,26;82;49,0.0,4.0,0.0,0.0,0.0,0.0,0.0,0.0
hotpotqa_5a87d8215542994775f60800,hotpotqa,hotpotqa_oncu_200,dense,5,220,40,multi_hop,16000,front,medium,unknown,p0001;p0002;p0003;p0004,,26;82;49;16;72,0.0,4.0,0.0,0.0,0.0,0.0,0.0,0.0
hotpotqa_5a87d8215542994775f60800,hotpotqa,hotpotqa_oncu_200,dense,8,220,40,multi_hop,16000,front,medium,unknown,p0001;p0002;p0003;p0004,,26;82;49;16;72;59;36;39,0.0,4.0,0.0,0.0,0.0,0.0,0.0,0.0
hotpotqa_5a87d8215542994775f60800,hotpotqa,hotpotqa_oncu_200,dense,16,220,40,multi_hop,16000,front,medium,unknown,p0001;p0002;p0003;p0004,p0005,26;82;49;16;72;59;36;39;13;69;46;23;79;6;62;28,1.0,4.0,0.0,0.0,0.0,0.0,0.0,1.0
hotpotqa_5a87d8215542994775f60800,hotpotqa,hotpotqa_oncu_200,hybrid,3,220,40,multi_hop,16000,front,medium,unknown,p0001;p0002;p0003;p0004,,23;16;49,0.0,4.0,0.0,0.0,0.0,0.0,0.0,0.0
hotpotqa_5a87d8215542994775f60800,hotpotqa,hotpotqa_oncu_200,hybrid,5,220,40,multi_hop,16000,front,medium,unknown,p0001;p0002;p0003;p0004,,23;16;49;26;46,0.0,4.0,0.0,0.0,0.0,0.0,0.0,0.0
hotpotqa_5a87d8215542994775f60800,hotpotqa,hotpotqa_oncu_200,hybrid,8,220,40,multi_hop,16000,front,medium,unknown,p0001;p0002;p0003;p0004,,23;16;49;26;46;79;72;82,0.0,4.0,0.0,0.0,0.0,0.0,0.0,0.0
hotpotqa_5a87d8215542994775f60800,hotpotqa,hotpotqa_oncu_200,hybrid,16,220,40,multi_hop,16000,front,medium,unknown,p0001;p0002;p0003;p0004,p0001;p0002,23;16;49;26;46;79;72;82;52;39;56;13;85;69;6;3,2.0,4.0,1.0,0.0,1.0,0.5,0.6666666666666666,0.0
hotpotqa_5a87d8215542994775f60800,hotpotqa,hotpotqa_oncu_200,iterative,3,220,40,multi_hop,16000,front,medium,unknown,p0001;p0002;p0003;p0004,p0001;p0002;p0003;p0004,4;24;80,4.0,4.0,1.0,1.0,1.0,1.0,1.0,0.0
hotpotqa_5a87d8215542994775f60800,hotpotqa,hotpotqa_oncu_200,iterative,5,220,40,multi_hop,16000,front,medium,unknown,p0001;p0002;p0003;p0004,p0001;p0002;p0003;p0004,4;24;80;56;3,4.0,4.0,1.0,1.0,1.0,1.0,1.0,0.0
hotpotqa_5a87d8215542994775f60800,hotpotqa,hotpotqa_oncu_200,iterative,8,220,40,multi_hop,16000,front,medium,unknown,p0001;p0002;p0003;p0004,p0001;p0002;p0003;p0004,4;24;80;56;3;23;57;33,4.0,4.0,1.0,1.0,1.0,1.0,1.0,0.0
hotpotqa_5a87d8215542994775f60800,hotpotqa,hotpotqa_oncu_200,iterative,16,220,40,multi_hop,16000,front,medium,unknown,p0001;p0002;p0003;p0004,p0001;p0002;p0003;p0004;p0013;p0014;p0010;p0012,4;24;80;56;3;23;57;33;79;52;46;85;34;31;30;16,8.0,4.0,1.0,1.0,0.5,1.0,0.6666666666666666,0.5
hotpotqa_5a87d8215542994775f60800,hotpotqa,hotpotqa_oncu_200,oracle,3,220,40,multi_hop,16000,front,medium,unknown,p0001;p0002;p0003;p0004,p0001;p0002;p0003,0;1;2,3.0,4.0,1.0,0.0,1.0,0.75,0.8571428571428571,0.0
hotpotqa_5a87d8215542994775f60800,hotpotqa,hotpotqa_oncu_200,oracle,5,220,40,multi_hop,16000,front,medium,unknown,p0001;p0002;p0003;p0004,p0001;p0002;p0003;p0004,0;1;2;3,4.0,4.0,1.0,1.0,1.0,1.0,1.0,0.0
hotpotqa_5a87d8215542994775f60800,hotpotqa,hotpotqa_oncu_200,oracle,8,220,40,multi_hop,16000,front,medium,unknown,p0001;p0002;p0003;p0004,p0001;p0002;p0003;p0004,0;1;2;3,4.0,4.0,1.0,1.0,1.0,1.0,1.0,0.0
hotpotqa_5a87d8215542994775f60800,hotpotqa,hotpotqa_oncu_200,oracle,16,220,40,multi_hop,16000,front,medium,unknown,p0001;p0002;p0003;p0004,p0001;p0002;p0003;p0004,0;1;2;3,4.0,4.0,1.0,1.0,1.0,1.0,1.0,0.0
hotpotqa_5ac2d1d755429921a00ab053,hotpotqa,hotpotqa_oncu_200,lexical,3,220,40,comparison,4000,middle,medium,unknown,p0001;p0002;p0003,p0001;p0002;p0003,10;0;3,3.0,3.0,1.0,1.0,1.0,1.0,1.0,0.0
hotpotqa_5ac2d1d755429921a00ab053,hotpotqa,hotpotqa_oncu_200,lexical,5,220,40,comparison,4000,middle,medium,unknown,p0001;p0002;p0003,p0001;p0002;p0003,10;0;3;11;14,3.0,3.0,1.0,1.0,1.0,1.0,1.0,0.0
hotpotqa_5ac2d1d755429921a00ab053,hotpotqa,hotpotqa_oncu_200,lexical,8,220,40,comparison,4000,middle,medium,unknown,p0001;p0002;p0003,p0001;p0002;p0003,10;0;3;11;14;21;9;19,3.0,3.0,1.0,1.0,1.0,1.0,1.0,0.0
hotpotqa_5ac2d1d755429921a00ab053,hotpotqa,hotpotqa_oncu_200,lexical,16,220,40,comparison,4000,middle,medium,unknown,p0001;p0002;p0003,p0001;p0002;p0003;p0008;p0010;p0011,10;0;3;11;14;21;9;19;16;5;15;13;1;7;2;17,6.0,3.0,1.0,1.0,0.5,1.0,0.6666666666666666,0.5
hotpotqa_5ac2d1d755429921a00ab053,hotpotqa,hotpotqa_oncu_200,dense,3,220,40,comparison,4000,middle,medium,unknown,p0001;p0002;p0003,p0004;p0005;p0006;p0007,19;6;11,4.0,3.0,0.0,0.0,0.0,0.0,0.0,1.0
hotpotqa_5ac2d1d755429921a00ab053,hotpotqa,hotpotqa_oncu_200,dense,5,220,40,comparison,4000,middle,medium,unknown,p0001;p0002;p0003,p0004;p0005;p0006;p0007,19;6;11;3;16,4.0,3.0,0.0,0.0,0.0,0.0,0.0,1.0
hotpotqa_5ac2d1d755429921a00ab053,hotpotqa,hotpotqa_oncu_200,dense,8,220,40,comparison,4000,middle,medium,unknown,p0001;p0002;p0003,p0004;p0005;p0006;p0007,19;6;11;3;16;0;14;5,4.0,3.0,0.0,0.0,0.0,0.0,0.0,1.0
hotpotqa_5ac2d1d755429921a00ab053,hotpotqa,hotpotqa_oncu_200,dense,16,220,40,comparison,4000,middle,medium,unknown,p0001;p0002;p0003,p0004;p0005;p0006;p0007;p0008;p0010;p0011;p0001;p0002;p0003,19;6;11;3;16;0;14;5;21;13;4;7;15;2;10;20,10.0,3.0,1.0,1.0,0.3,1.0,0.4615384615384615,0.7
hotpotqa_5ac2d1d755429921a00ab053,hotpotqa,hotpotqa_oncu_200,hybrid,3,220,40,comparison,4000,middle,medium,unknown,p0001;p0002;p0003,,3;11;0,0.0,3.0,0.0,0.0,0.0,0.0,0.0,0.0
hotpotqa_5ac2d1d755429921a00ab053,hotpotqa,hotpotqa_oncu_200,hybrid,5,220,40,comparison,4000,middle,medium,unknown,p0001;p0002;p0003,,3;11;0;19;14,0.0,3.0,0.0,0.0,0.0,0.0,0.0,0.0
hotpotqa_5ac2d1d755429921a00ab053,hotpotqa,hotpotqa_oncu_200,hybrid,8,220,40,comparison,4000,middle,medium,unknown,p0001;p0002;p0003,p0001;p0002;p0003,3;11;0;19;14;16;10;21,3.0,3.0,1.0,1.0,1.0,1.0,1.0,0.0
hotpotqa_5ac2d1d755429921a00ab053,hotpotqa,hotpotqa_oncu_200,hybrid,16,220,40,comparison,4000,middle,medium,unknown,p0001;p0002;p0003,p0001;p0002;p0003;p0004;p0005;p0006;p0007;p0008;p0010;p0011,3;11;0;19;14;16;10;21;5;6;13;15;7;9;2;4,10.0,3.0,1.0,1.0,0.3,1.0,0.4615384615384615,0.7
hotpotqa_5ac2d1d755429921a00ab053,hotpotqa,hotpotqa_oncu_200,iterative,3,220,40,comparison,4000,middle,medium,unknown,p0001;p0002;p0003,p0001;p0002;p0003,10;15;21,3.0,3.0,1.0,1.0,1.0,1.0,1.0,0.0
hotpotqa_5ac2d1d755429921a00ab053,hotpotqa,hotpotqa_oncu_200,iterative,5,220,40,comparison,4000,middle,medium,unknown,p0001;p0002;p0003,p0001;p0002;p0003,10;15;21;2;0,3.0,3.0,1.0,1.0,1.0,1.0,1.0,0.0
hotpotqa_5ac2d1d755429921a00ab053,hotpotqa,hotpotqa_oncu_200,iterative,8,220,40,comparison,4000,middle,medium,unknown,p0001;p0002;p0003,p0001;p0002;p0003,10;15;21;2;0;13;11;18,3.0,3.0,1.0,1.0,1.0,1.0,1.0,0.0
hotpotqa_5ac2d1d755429921a00ab053,hotpotqa,hotpotqa_oncu_200,iterative,16,220,40,comparison,4000,middle,medium,unknown,p0001;p0002;p0003,p0001;p0002;p0003;p0011;p0012,10;15;21;2;0;13;11;18;9;3;8;5;4;16;14;19,5.0,3.0,1.0,1.0,0.6,1.0,0.7499999999999999,0.4
hotpotqa_5ac2d1d755429921a00ab053,hotpotqa,hotpotqa_oncu_200,oracle,3,220,40,comparison,4000,middle,medium,unknown,p0001;p0002;p0003,p0001;p0002;p0003,0;1;2,3.0,3.0,1.0,1.0,1.0,1.0,1.0,0.0
hotpotqa_5ac2d1d755429921a00ab053,hotpotqa,hotpotqa_oncu_200,oracle,5,220,40,comparison,4000,middle,medium,unknown,p0001;p0002;p0003,p0001;p0002;p0003,0;1;2,3.0,3.0,1.0,1.0,1.0,1.0,1.0,0.0
hotpotqa_5ac2d1d755429921a00ab053,hotpotqa,hotpotqa_oncu_200,oracle,8,220,40,comparison,4000,middle,medium,unknown,p0001;p0002;p0003,p0001;p0002;p0003,0;1;2,3.0,3.0,1.0,1.0,1.0,1.0,1.0,0.0
hotpotqa_5ac2d1d755429921a00ab053,hotpotqa,hotpotqa_oncu_200,oracle,16,220,40,comparison,4000,middle,medium,unknown,p0001;p0002;p0003,p0001;p0002;p0003,0;1;2,3.0,3.0,1.0,1.0,1.0,1.0,1.0,0.0
hotpotqa_5a738d27554299623ed4abf3,hotpotqa,hotpotqa_oncu_200,lexical,3,220,40,multi_hop,8000,end,low,unknown,p0001;p0002,p0001;p0002,38;2;34,2.0,2.0,1.0,1.0,1.0,1.0,1.0,0.0
hotpotqa_5a738d27554299623ed4abf3,hotpotqa,hotpotqa_oncu_200,lexical,5,220,40,multi_hop,8000,end,low,unknown,p0001;p0002,p0001;p0002,38;2;34;42;10,2.0,2.0,1.0,1.0,1.0,1.0,1.0,0.0
hotpotqa_5a738d27554299623ed4abf3,hotpotqa,hotpotqa_oncu_200,lexical,8,220,40,multi_hop,8000,end,low,unknown,p0001;p0002,p0001;p0002,38;2;34;42;10;6;18;22,2.0,2.0,1.0,1.0,1.0,1.0,1.0,0.0
hotpotqa_5a738d27554299623ed4abf3,hotpotqa,hotpotqa_oncu_200,lexical,16,220,40,multi_hop,8000,end,low,unknown,p0001;p0002,p0001;p0002;p0004;p0005;p0006;p0007;p0008;p0009,38;2;34;42;10;6;18;22;26;30;41;14;15;9;5;37,8.0,2.0,1.0,1.0,0.25,1.0,0.4,0.75
hotpotqa_5a738d27554299623ed4abf3,hotpotqa,hotpotqa_oncu_200,dense,3,220,40,multi_hop,8000,end,low,unknown,p0001;p0002,p0001;p0002;p0009;p0010,38;39;16,4.0,2.0,1.0,1.0,0.5,1.0,0.6666666666666666,0.5
hotpotqa_5a738d27554299623ed4abf3,hotpotqa,hotpotqa_oncu_200,dense,5,220,40,multi_hop,8000,end,low,unknown,p0001;p0002,p0001;p0002;p0009;p0010,38;39;16;43;6,4.0,2.0,1.0,1.0,0.5,1.0,0.6666666666666666,0.5
hotpotqa_5a738d27554299623ed4abf3,hotpotqa,hotpotqa_oncu_200,dense,8,220,40,multi_hop,8000,end,low,unknown,p0001;p0002,p0001;p0002;p0009;p0010,38;39;16;43;6;10;30;2,4.0,2.0,1.0,1.0,0.5,1.0,0.6666666666666666,0.5
hotpotqa_5a738d27554299623ed4abf3,hotpotqa,hotpotqa_oncu_200,dense,16,220,40,multi_hop,8000,end,low,unknown,p0001;p0002,p0001;p0002;p0009;p0010,38;39;16;43;6;10;30;2;34;26;41;22;18;19;23;7,4.0,2.0,1.0,1.0,0.5,1.0,0.6666666666666666,0.5
hotpotqa_5a738d27554299623ed4abf3,hotpotqa,hotpotqa_oncu_200,hybrid,3,220,40,multi_hop,8000,end,low,unknown,p0001;p0002,p0001;p0002,38;2;6,2.0,2.0,1.0,1.0,1.0,1.0,1.0,0.0
hotpotqa_5a738d27554299623ed4abf3,hotpotqa,hotpotqa_oncu_200,hybrid,5,220,40,multi_hop,8000,end,low,unknown,p0001;p0002,p0001;p0002,38;2;6;10;34,2.0,2.0,1.0,1.0,1.0,1.0,1.0,0.0
hotpotqa_5a738d27554299623ed4abf3,hotpotqa,hotpotqa_oncu_200,hybrid,8,220,40,multi_hop,8000,end,low,unknown,p0001;p0002,p0001;p0002;p0009;p0010,38;2;6;10;34;30;16;26,4.0,2.0,1.0,1.0,0.5,1.0,0.6666666666666666,0.5
hotpotqa_5a738d27554299623ed4abf3,hotpotqa,hotpotqa_oncu_200,hybrid,16,220,40,multi_hop,8000,end,low,unknown,p0001;p0002,p0001;p0002;p0009;p0010,38;2;6;10;34;30;16;26;18;22;39;41;43;42;5;37,4.0,2.0,1.0,1.0,0.5,1.0,0.6666666666666666,0.5
hotpotqa_5a738d27554299623ed4abf3,hotpotqa,hotpotqa_oncu_200,iterative,3,220,40,multi_hop,8000,end,low,unknown,p0001;p0002,p0001;p0002,38;42;2,2.0,2.0,1.0,1.0,1.0,1.0,1.0,0.0
hotpotqa_5a738d27554299623ed4abf3,hotpotqa,hotpotqa_oncu_200,iterative,5,220,40,multi_hop,8000,end,low,unknown,p0001;p0002,p0001;p0002,38;42;2;18;6,2.0,2.0,1.0,1.0,1.0,1.0,1.0,0.0
hotpotqa_5a738d27554299623ed4abf3,hotpotqa,hotpotqa_oncu_200,iterative,8,220,40,multi_hop,8000,end,low,unknown,p0001;p0002,p0001;p0002,38;42;2;18;6;34;26;22,2.0,2.0,1.0,1.0,1.0,1.0,1.0,0.0
hotpotqa_5a738d27554299623ed4abf3,hotpotqa,hotpotqa_oncu_200,iterative,16,220,40,multi_hop,8000,end,low,unknown,p0001;p0002,p0001;p0002;p0007;p0008;p0009,38;42;2;18;6;34;26;22;10;30;15;9;5;37;41;1,5.0,2.0,1.0,1.0,0.4,1.0,0.5714285714285715,0.6
hotpotqa_5a738d27554299623ed4abf3,hotpotqa,hotpotqa_oncu_200,oracle,3,220,40,multi_hop,8000,end,low,unknown,p0001;p0002,p0001;p0002,0;1,2.0,2.0,1.0,1.0,1.0,1.0,1.0,0.0
hotpotqa_5a738d27554299623ed4abf3,hotpotqa,hotpotqa_oncu_200,oracle,5,220,40,multi_hop,8000,end,low,unknown,p0001;p0002,p0001;p0002,0;1,2.0,2.0,1.0,1.0,1.0,1.0,1.0,0.0
hotpotqa_5a738d27554299623ed4abf3,hotpotqa,hotpotqa_oncu_200,oracle,8,220,40,multi_hop,8000,end,low,unknown,p0001;p0002,p0001;p0002,0;1,2.0,2.0,1.0,1.0,1.0,1.0,1.0,0.0
hotpotqa_5a738d27554299623ed4abf3,hotpotqa,hotpotqa_oncu_200,oracle,16,220,40,multi_hop,8000,end,low,unknown,p0001;p0002,p0001;p0002,0;1,2.0,2.0,1.0,1.0,1.0,1.0,1.0,0.0
hotpotqa_5ab2a186554299295394677b,hotpotqa,hotpotqa_oncu_200,lexical,3,220,40,multi_hop,16000,scattered,low,unknown,p0001;p0002,p0002;p0001,44;8;40,2.0,2.0,1.0,1.0,1.0,1.0,1.0,0.0
hotpotqa_5ab2a186554299295394677b,hotpotqa,hotpotqa_oncu_200,lexical,5,220,40,multi_hop,16000,scattered,low,unknown,p0001;p0002,p0002;p0001,44;8;40;34;22,2.0,2.0,1.0,1.0,1.0,1.0,1.0,0.0
hotpotqa_5ab2a186554299295394677b,hotpotqa,hotpotqa_oncu_200,lexical,8,220,40,multi_hop,16000,scattered,low,unknown,p0001;p0002,p0002;p0001,44;8;40;34;22;16;52;46,2.0,2.0,1.0,1.0,1.0,1.0,1.0,0.0
hotpotqa_5ab2a186554299295394677b,hotpotqa,hotpotqa_oncu_200,lexical,16,220,40,multi_hop,16000,scattered,low,unknown,p0001;p0002,p0002;p0001,44;8;40;34;22;16;52;46;43;58;26;38;20;14;76;2,2.0,2.0,1.0,1.0,1.0,1.0,1.0,0.0
hotpotqa_5ab2a186554299295394677b,hotpotqa,hotpotqa_oncu_200,dense,3,220,40,multi_hop,16000,scattered,low,unknown,p0001;p0002,,22;40;82,0.0,2.0,0.0,0.0,0.0,0.0,0.0,0.0
hotpotqa_5ab2a186554299295394677b,hotpotqa,hotpotqa_oncu_200,dense,5,220,40,multi_hop,16000,scattered,low,unknown,p0001;p0002,,22;40;82;34;52,0.0,2.0,0.0,0.0,0.0,0.0,0.0,0.0
hotpotqa_5ab2a186554299295394677b,hotpotqa,hotpotqa_oncu_200,dense,8,220,40,multi_hop,16000,scattered,low,unknown,p0001;p0002,,22;40;82;34;52;16;76;70,0.0,2.0,0.0,0.0,0.0,0.0,0.0,0.0
hotpotqa_5ab2a186554299295394677b,hotpotqa,hotpotqa_oncu_200,dense,16,220,40,multi_hop,16000,scattered,low,unknown,p0001;p0002,,22;40;82;34;52;16;76;70;58;10;64;4;46;42;25;84,0.0,2.0,0.0,0.0,0.0,0.0,0.0,0.0
hotpotqa_5ab2a186554299295394677b,hotpotqa,hotpotqa_oncu_200,hybrid,3,220,40,multi_hop,16000,scattered,low,unknown,p0001;p0002,,40;22;34,0.0,2.0,0.0,0.0,0.0,0.0,0.0,0.0
hotpotqa_5ab2a186554299295394677b,hotpotqa,hotpotqa_oncu_200,hybrid,5,220,40,multi_hop,16000,scattered,low,unknown,p0001;p0002,,40;22;34;52;16,0.0,2.0,0.0,0.0,0.0,0.0,0.0,0.0
hotpotqa_5ab2a186554299295394677b,hotpotqa,hotpotqa_oncu_200,hybrid,8,220,40,multi_hop,16000,scattered,low,unknown,p0001;p0002,,40;22;34;52;16;58;82;46,0.0,2.0,0.0,0.0,0.0,0.0,0.0,0.0
hotpotqa_5ab2a186554299295394677b,hotpotqa,hotpotqa_oncu_200,hybrid,16,220,40,multi_hop,16000,scattered,low,unknown,p0001;p0002,p0002;p0001,40;22;34;52;16;58;82;46;76;70;64;44;10;4;43;8,2.0,2.0,1.0,1.0,1.0,1.0,1.0,0.0
hotpotqa_5ab2a186554299295394677b,hotpotqa,hotpotqa_oncu_200,iterative,3,220,40,multi_hop,16000,scattered,low,unknown,p0001;p0002,p0002,44;80;43,1.0,2.0,1.0,0.0,1.0,0.5,0.6666666666666666,0.0
hotpotqa_5ab2a186554299295394677b,hotpotqa,hotpotqa_oncu_200,iterative,5,220,40,multi_hop,16000,scattered,low,unknown,p0001;p0002,p0002,44;80;43;38;22,1.0,2.0,1.0,0.0,1.0,0.5,0.6666666666666666,0.0
hotpotqa_5ab2a186554299295394677b,hotpotqa,hotpotqa_oncu_200,iterative,8,220,40,multi_hop,16000,scattered,low,unknown,p0001;p0002,p0002;p0001,44;80;43;38;22;40;16;8,2.0,2.0,1.0,1.0,1.0,1.0,1.0,0.0
hotpotqa_5ab2a186554299295394677b,hotpotqa,hotpotqa_oncu_200,iterative,16,220,40,multi_hop,16000,scattered,low,unknown,p0001;p0002,p0002;p0001,44;80;43;38;22;40;16;8;74;26;56;34;86;68;20;52,2.0,2.0,1.0,1.0,1.0,1.0,1.0,0.0
hotpotqa_5ab2a186554299295394677b,hotpotqa,hotpotqa_oncu_200,oracle,3,220,40,multi_hop,16000,scattered,low,unknown,p0001;p0002,p0001;p0002,0;1,2.0,2.0,1.0,1.0,1.0,1.0,1.0,0.0
hotpotqa_5ab2a186554299295394677b,hotpotqa,hotpotqa_oncu_200,oracle,5,220,40,multi_hop,16000,scattered,low,unknown,p0001;p0002,p0001;p0002,0;1,2.0,2.0,1.0,1.0,1.0,1.0,1.0,0.0
hotpotqa_5ab2a186554299295394677b,hotpotqa,hotpotqa_oncu_200,oracle,8,220,40,multi_hop,16000,scattered,low,unknown,p0001;p0002,p0001;p0002,0;1,2.0,2.0,1.0,1.0,1.0,1.0,1.0,0.0
hotpotqa_5ab2a186554299295394677b,hotpotqa,hotpotqa_oncu_200,oracle,16,220,40,multi_hop,16000,scattered,low,unknown,p0001;p0002,p0001;p0002,0;1,2.0,2.0,1.0,1.0,1.0,1.0,1.0,0.0
hotpotqa_5a8704f8554299211dda2ba4,hotpotqa,hotpotqa_oncu_200,lexical,3,220,40,multi_hop,4000,front,medium,unknown,p0001;p0002;p0003,p0001;p0002;p0003,14;18;0,3.0,3.0,1.0,1.0,1.0,1.0,1.0,0.0
hotpotqa_5a8704f8554299211dda2ba4,hotpotqa,hotpotqa_oncu_200,lexical,5,220,40,multi_hop,4000,front,medium,unknown,p0001;p0002;p0003,p0001;p0002;p0003;p0010;p0011,14;18;0;8;10,5.0,3.0,1.0,1.0,0.6,1.0,0.7499999999999999,0.4
hotpotqa_5a8704f8554299211dda2ba4,hotpotqa,hotpotqa_oncu_200,lexical,8,220,40,multi_hop,4000,front,medium,unknown,p0001;p0002;p0003,p0001;p0002;p0003;p0010;p0011,14;18;0;8;10;2;21;20,5.0,3.0,1.0,1.0,0.6,1.0,0.7499999999999999,0.4
hotpotqa_5a8704f8554299211dda2ba4,hotpotqa,hotpotqa_oncu_200,lexical,16,220,40,multi_hop,4000,front,medium,unknown,p0001;p0002;p0003,p0001;p0002;p0003;p0010;p0011;p0004;p0005;p0006,14;18;0;8;10;2;21;20;1;16;6;4;5;12;13;17,8.0,3.0,1.0,1.0,0.375,1.0,0.5454545454545454,0.625
hotpotqa_5a8704f8554299211dda2ba4,hotpotqa,hotpotqa_oncu_200,dense,3,220,40,multi_hop,4000,front,medium,unknown,p0001;p0002;p0003,p0006;p0007,10;21;7,2.0,3.0,0.0,0.0,0.0,0.0,0.0,1.0
hotpotqa_5a8704f8554299211dda2ba4,hotpotqa,hotpotqa_oncu_200,dense,5,220,40,multi_hop,4000,front,medium,unknown,p0001;p0002;p0003,p0006;p0007,10;21;7;2;18,2.0,3.0,0.0,0.0,0.0,0.0,0.0,1.0
hotpotqa_5a8704f8554299211dda2ba4,hotpotqa,hotpotqa_oncu_200,dense,8,220,40,multi_hop,4000,front,medium,unknown,p0001;p0002;p0003,p0006;p0007;p0002;p0003;p0010;p0011,10;21;7;2;18;1;8;14,6.0,3.0,1.0,0.0,0.3333333333333333,0.6666666666666666,0.4444444444444444,0.6666666666666666
hotpotqa_5a8704f8554299211dda2ba4,hotpotqa,hotpotqa_oncu_200,dense,16,220,40,multi_hop,4000,front,medium,unknown,p0001;p0002;p0003,p0006;p0007;p0002;p0003;p0010;p0011;p0004;p0012;p0013;p0001,10;21;7;2;18;1;8;14;17;13;5;19;9;11;15;0,10.0,3.0,1.0,1.0,0.3,1.0,0.4615384615384615,0.7
hotpotqa_5a8704f8554299211dda2ba4,hotpotqa,hotpotqa_oncu_200,hybrid,3,220,40,multi_hop,4000,front,medium,unknown,p0001;p0002;p0003,,10;18;14,0.0,3.0,0.0,0.0,0.0,0.0,0.0,0.0
hotpotqa_5a8704f8554299211dda2ba4,hotpotqa,hotpotqa_oncu_200,hybrid,5,220,40,multi_hop,4000,front,medium,unknown,p0001;p0002;p0003,,10;18;14;21;2,0.0,3.0,0.0,0.0,0.0,0.0,0.0,0.0
hotpotqa_5a8704f8554299211dda2ba4,hotpotqa,hotpotqa_oncu_200,hybrid,8,220,40,multi_hop,4000,front,medium,unknown,p0001;p0002;p0003,p0010;p0011;p0002;p0003;p0001,10;18;14;21;2;8;1;0,5.0,3.0,1.0,1.0,0.6,1.0,0.7499999999999999,0.4
hotpotqa_5a8704f8554299211dda2ba4,hotpotqa,hotpotqa_oncu_200,hybrid,16,220,40,multi_hop,4000,front,medium,unknown,p0001;p0002;p0003,p0010;p0011;p0002;p0003;p0001;p0006;p0007;p0004;p0005,10;18;14;21;2;8;1;0;7;5;17;13;20;6;16;4,9.0,3.0,1.0,1.0,0.3333333333333333,1.0,0.5,0.6666666666666666
hotpotqa_5a8704f8554299211dda2ba4,hotpotqa,hotpotqa_oncu_200,iterative,3,220,40,multi_hop,4000,front,medium,unknown,p0001;p0002;p0003,p0010;p0011,14;18;8,2.0,3.0,0.0,0.0,0.0,0.0,0.0,1.0
hotpotqa_5a8704f8554299211dda2ba4,hotpotqa,hotpotqa_oncu_200,iterative,5,220,40,multi_hop,4000,front,medium,unknown,p0001;p0002;p0003,p0010;p0011,14;18;8;2;10,2.0,3.0,0.0,0.0,0.0,0.0,0.0,1.0
hotpotqa_5a8704f8554299211dda2ba4,hotpotqa,hotpotqa_oncu_200,iterative,8,220,40,multi_hop,4000,front,medium,unknown,p0001;p0002;p0003,p0010;p0011;p0001;p0002;p0003,14;18;8;2;10;21;0;1,5.0,3.0,1.0,1.0,0.6,1.0,0.7499999999999999,0.4
hotpotqa_5a8704f8554299211dda2ba4,hotpotqa,hotpotqa_oncu_200,iterative,16,220,40,multi_hop,4000,front,medium,unknown,p0001;p0002;p0003,p0010;p0011;p0001;p0002;p0003;p0004;p0005;p0006;p0007,14;18;8;2;10;21;0;1;17;13;6;20;5;16;7;4,9.0,3.0,1.0,1.0,0.3333333333333333,1.0,0.5,0.6666666666666666
hotpotqa_5a8704f8554299211dda2ba4,hotpotqa,hotpotqa_oncu_200,oracle,3,220,40,multi_hop,4000,front,medium,unknown,p0001;p0002;p0003,p0001;p0002;p0003,0;1;2,3.0,3.0,1.0,1.0,1.0,1.0,1.0,0.0
hotpotqa_5a8704f8554299211dda2ba4,hotpotqa,hotpotqa_oncu_200,oracle,5,220,40,multi_hop,4000,front,medium,unknown,p0001;p0002;p0003,p0001;p0002;p0003,0;1;2,3.0,3.0,1.0,1.0,1.0,1.0,1.0,0.0
hotpotqa_5a8704f8554299211dda2ba4,hotpotqa,hotpotqa_oncu_200,oracle,8,220,40,multi_hop,4000,front,medium,unknown,p0001;p0002;p0003,p0001;p0002;p0003,0;1;2,3.0,3.0,1.0,1.0,1.0,1.0,1.0,0.0
hotpotqa_5a8704f8554299211dda2ba4,hotpotqa,hotpotqa_oncu_200,oracle,16,220,40,multi_hop,4000,front,medium,unknown,p0001;p0002;p0003,p0001;p0002;p0003,0;1;2,3.0,3.0,1.0,1.0,1.0,1.0,1.0,0.0
hotpotqa_5ab5ed505542997d4ad1f255,hotpotqa,hotpotqa_oncu_200,lexical,3,220,40,multi_hop,8000,middle,low,unknown,p0001;p0002,p0002;p0001,22;21;2,2.0,2.0,1.0,1.0,1.0,1.0,1.0,0.0
hotpotqa_5ab5ed505542997d4ad1f255,hotpotqa,hotpotqa_oncu_200,lexical,5,220,40,multi_hop,8000,middle,low,unknown,p0001;p0002,p0002;p0001,22;21;2;39;28,2.0,2.0,1.0,1.0,1.0,1.0,1.0,0.0
hotpotqa_5ab5ed505542997d4ad1f255,hotpotqa,hotpotqa_oncu_200,lexical,8,220,40,multi_hop,8000,middle,low,unknown,p0001;p0002,p0002;p0001,22;21;2;39;28;32;17;43,2.0,2.0,1.0,1.0,1.0,1.0,1.0,0.0
hotpotqa_5ab5ed505542997d4ad1f255,hotpotqa,hotpotqa_oncu_200,lexical,16,220,40,multi_hop,8000,middle,low,unknown,p0001;p0002,p0002;p0001;p0003;p0004;p0005,22;21;2;39;28;32;17;43;33;6;7;10;25;13;18;36,5.0,2.0,1.0,1.0,0.4,1.0,0.5714285714285715,0.6
hotpotqa_5ab5ed505542997d4ad1f255,hotpotqa,hotpotqa_oncu_200,dense,3,220,40,multi_hop,8000,middle,low,unknown,p0001;p0002,,31;5;42,0.0,2.0,0.0,0.0,0.0,0.0,0.0,0.0
hotpotqa_5ab5ed505542997d4ad1f255,hotpotqa,hotpotqa_oncu_200,dense,5,220,40,multi_hop,8000,middle,low,unknown,p0001;p0002,,31;5;42;12;1,0.0,2.0,0.0,0.0,0.0,0.0,0.0,0.0
hotpotqa_5ab5ed505542997d4ad1f255,hotpotqa,hotpotqa_oncu_200,dense,8,220,40,multi_hop,8000,middle,low,unknown,p0001;p0002,p0001;p0002,31;5;42;12;1;27;21;38,2.0,2.0,1.0,1.0,1.0,1.0,1.0,0.0
hotpotqa_5ab5ed505542997d4ad1f255,hotpotqa,hotpotqa_oncu_200,dense,16,220,40,multi_hop,8000,middle,low,unknown,p0001;p0002,p0001;p0002;p0008;p0009,31;5;42;12;1;27;21;38;20;9;15;44;29;24;6;40,4.0,2.0,1.0,1.0,0.5,1.0,0.6666666666666666,0.5
hotpotqa_5ab5ed505542997d4ad1f255,hotpotqa,hotpotqa_oncu_200,hybrid,3,220,40,multi_hop,8000,middle,low,unknown,p0001;p0002,p0001;p0002,21;31;6,2.0,2.0,1.0,1.0,1.0,1.0,1.0,0.0
hotpotqa_5ab5ed505542997d4ad1f255,hotpotqa,hotpotqa_oncu_200,hybrid,5,220,40,multi_hop,8000,middle,low,unknown,p0001;p0002,p0001;p0002,21;31;6;22;5,2.0,2.0,1.0,1.0,1.0,1.0,1.0,0.0
hotpotqa_5ab5ed505542997d4ad1f255,hotpotqa,hotpotqa_oncu_200,hybrid,8,220,40,multi_hop,8000,middle,low,unknown,p0001;p0002,p0001;p0002,21;31;6;22;5;32;42;33,2.0,2.0,1.0,1.0,1.0,1.0,1.0,0.0
hotpotqa_5ab5ed505542997d4ad1f255,hotpotqa,hotpotqa_oncu_200,hybrid,16,220,40,multi_hop,8000,middle,low,unknown,p0001;p0002,p0001;p0002,21;31;6;22;5;32;42;33;9;43;17;7;2;39;10;18,2.0,2.0,1.0,1.0,1.0,1.0,1.0,0.0
hotpotqa_5ab5ed505542997d4ad1f255,hotpotqa,hotpotqa_oncu_200,iterative,3,220,40,multi_hop,8000,middle,low,unknown,p0001;p0002,p0002;p0001,22;21;10,2.0,2.0,1.0,1.0,1.0,1.0,1.0,0.0
hotpotqa_5ab5ed505542997d4ad1f255,hotpotqa,hotpotqa_oncu_200,iterative,5,220,40,multi_hop,8000,middle,low,unknown,p0001;p0002,p0002;p0001,22;21;10;33;25,2.0,2.0,1.0,1.0,1.0,1.0,1.0,0.0
hotpotqa_5ab5ed505542997d4ad1f255,hotpotqa,hotpotqa_oncu_200,iterative,8,220,40,multi_hop,8000,middle,low,unknown,p0001;p0002,p0002;p0001,22;21;10;33;25;7;36;17,2.0,2.0,1.0,1.0,1.0,1.0,1.0,0.0
hotpotqa_5ab5ed505542997d4ad1f255,hotpotqa,hotpotqa_oncu_200,iterative,16,220,40,multi_hop,8000,middle,low,unknown,p0001;p0002,p0002;p0001;p0003;p0004;p0005,22;21;10;33;25;7;36;17;2;39;32;18;28;13;3;43,5.0,2.0,1.0,1.0,0.4,1.0,0.5714285714285715,0.6
hotpotqa_5ab5ed505542997d4ad1f255,hotpotqa,hotpotqa_oncu_200,oracle,3,220,40,multi_hop,8000,middle,low,unknown,p0001;p0002,p0001;p0002,0;1,2.0,2.0,1.0,1.0,1.0,1.0,1.0,0.0
hotpotqa_5ab5ed505542997d4ad1f255,hotpotqa,hotpotqa_oncu_200,oracle,5,220,40,multi_hop,8000,middle,low,unknown,p0001;p0002,p0001;p0002,0;1,2.0,2.0,1.0,1.0,1.0,1.0,1.0,0.0
hotpotqa_5ab5ed505542997d4ad1f255,hotpotqa,hotpotqa_oncu_200,oracle,8,220,40,multi_hop,8000,middle,low,unknown,p0001;p0002,p0001;p0002,0;1,2.0,2.0,1.0,1.0,1.0,1.0,1.0,0.0
hotpotqa_5ab5ed505542997d4ad1f255,hotpotqa,hotpotqa_oncu_200,oracle,16,220,40,multi_hop,8000,middle,low,unknown,p0001;p0002,p0001;p0002,0;1,2.0,2.0,1.0,1.0,1.0,1.0,1.0,0.0
hotpotqa_5ae748d1554299572ea547b0,hotpotqa,hotpotqa_oncu_200,lexical,3,220,40,multi_hop,16000,end,medium,unknown,p0001;p0002;p0003,p0001;p0002;p0003,78;9;22,3.0,3.0,1.0,1.0,1.0,1.0,1.0,0.0
hotpotqa_5ae748d1554299572ea547b0,hotpotqa,hotpotqa_oncu_200,lexical,5,220,40,multi_hop,16000,end,medium,unknown,p0001;p0002;p0003,p0001;p0002;p0003,78;9;22;88;77,3.0,3.0,1.0,1.0,1.0,1.0,1.0,0.0
hotpotqa_5ae748d1554299572ea547b0,hotpotqa,hotpotqa_oncu_200,lexical,8,220,40,multi_hop,16000,end,medium,unknown,p0001;p0002;p0003,p0001;p0002;p0003,78;9;22;88;77;35;48;61,3.0,3.0,1.0,1.0,1.0,1.0,1.0,0.0
hotpotqa_5ae748d1554299572ea547b0,hotpotqa,hotpotqa_oncu_200,lexical,16,220,40,multi_hop,16000,end,medium,unknown,p0001;p0002;p0003,p0001;p0002;p0003;p0010;p0011,78;9;22;88;77;35;48;61;74;81;42;55;68;30;83;37,5.0,3.0,1.0,1.0,0.6,1.0,0.7499999999999999,0.4
hotpotqa_5ae748d1554299572ea547b0,hotpotqa,hotpotqa_oncu_200,dense,3,220,40,multi_hop,16000,end,medium,unknown,p0001;p0002;p0003,p0001;p0002;p0003,78;6;19,3.0,3.0,1.0,1.0,1.0,1.0,1.0,0.0
hotpotqa_5ae748d1554299572ea547b0,hotpotqa,hotpotqa_oncu_200,dense,5,220,40,multi_hop,16000,end,medium,unknown,p0001;p0002;p0003,p0001;p0002;p0003,78;6;19;45;58,3.0,3.0,1.0,1.0,1.0,1.0,1.0,0.0
hotpotqa_5ae748d1554299572ea547b0,hotpotqa,hotpotqa_oncu_200,dense,8,220,40,multi_hop,16000,end,medium,unknown,p0001;p0002;p0003,p0001;p0002;p0003,78;6;19;45;58;71;39;52,3.0,3.0,1.0,1.0,1.0,1.0,1.0,0.0
hotpotqa_5ae748d1554299572ea547b0,hotpotqa,hotpotqa_oncu_200,dense,16,220,40,multi_hop,16000,end,medium,unknown,p0001;p0002;p0003,p0001;p0002;p0003;p0004,78;6;19;45;58;71;39;52;65;85;27;0;13;26;12;25,4.0,3.0,1.0,1.0,0.75,1.0,0.8571428571428571,0.25
hotpotqa_5ae748d1554299572ea547b0,hotpotqa,hotpotqa_oncu_200,hybrid,3,220,40,multi_hop,16000,end,medium,unknown,p0001;p0002;p0003,p0001;p0002;p0003,78;77;35,3.0,3.0,1.0,1.0,1.0,1.0,1.0,0.0
hotpotqa_5ae748d1554299572ea547b0,hotpotqa,hotpotqa_oncu_200,hybrid,5,220,40,multi_hop,16000,end,medium,unknown,p0001;p0002;p0003,p0001;p0002;p0003,78;77;35;48;61,3.0,3.0,1.0,1.0,1.0,1.0,1.0,0.0
hotpotqa_5ae748d1554299572ea547b0,hotpotqa,hotpotqa_oncu_200,hybrid,8,220,40,multi_hop,16000,end,medium,unknown,p0001;p0002;p0003,p0001;p0002;p0003,78;77;35;48;61;74;6;19,3.0,3.0,1.0,1.0,1.0,1.0,1.0,0.0
hotpotqa_5ae748d1554299572ea547b0,hotpotqa,hotpotqa_oncu_200,hybrid,16,220,40,multi_hop,16000,end,medium,unknown,p0001;p0002;p0003,p0001;p0002;p0003;p0010;p0011,78;77;35;48;61;74;6;19;9;30;22;88;45;81;58;0,5.0,3.0,1.0,1.0,0.6,1.0,0.7499999999999999,0.4
hotpotqa_5ae748d1554299572ea547b0,hotpotqa,hotpotqa_oncu_200,iterative,3,220,40,multi_hop,16000,end,medium,unknown,p0001;p0002;p0003,p0001;p0002;p0003,78;9;77,3.0,3.0,1.0,1.0,1.0,1.0,1.0,0.0
hotpotqa_5ae748d1554299572ea547b0,hotpotqa,hotpotqa_oncu_200,iterative,5,220,40,multi_hop,16000,end,medium,unknown,p0001;p0002;p0003,p0001;p0002;p0003,78;9;77;22;35,3.0,3.0,1.0,1.0,1.0,1.0,1.0,0.0
hotpotqa_5ae748d1554299572ea547b0,hotpotqa,hotpotqa_oncu_200,iterative,8,220,40,multi_hop,16000,end,medium,unknown,p0001;p0002;p0003,p0001;p0002;p0003,78;9;77;22;35;88;48;61,3.0,3.0,1.0,1.0,1.0,1.0,1.0,0.0
hotpotqa_5ae748d1554299572ea547b0,hotpotqa,hotpotqa_oncu_200,iterative,16,220,40,multi_hop,16000,end,medium,unknown,p0001;p0002;p0003,p0001;p0002;p0003;p0010;p0011;p0012;p0013,78;9;77;22;35;88;48;61;30;74;81;42;55;68;32;83,7.0,3.0,1.0,1.0,0.42857142857142855,1.0,0.6,0.5714285714285714
hotpotqa_5ae748d1554299572ea547b0,hotpotqa,hotpotqa_oncu_200,oracle,3,220,40,multi_hop,16000,end,medium,unknown,p0001;p0002;p0003,p0001;p0002;p0003,0;1;2,3.0,3.0,1.0,1.0,1.0,1.0,1.0,0.0
hotpotqa_5ae748d1554299572ea547b0,hotpotqa,hotpotqa_oncu_200,oracle,5,220,40,multi_hop,16000,end,medium,unknown,p0001;p0002;p0003,p0001;p0002;p0003,0;1;2,3.0,3.0,1.0,1.0,1.0,1.0,1.0,0.0
hotpotqa_5ae748d1554299572ea547b0,hotpotqa,hotpotqa_oncu_200,oracle,8,220,40,multi_hop,16000,end,medium,unknown,p0001;p0002;p0003,p0001;p0002;p0003,0;1;2,3.0,3.0,1.0,1.0,1.0,1.0,1.0,0.0
hotpotqa_5ae748d1554299572ea547b0,hotpotqa,hotpotqa_oncu_200,oracle,16,220,40,multi_hop,16000,end,medium,unknown,p0001;p0002;p0003,p0001;p0002;p0003,0;1;2,3.0,3.0,1.0,1.0,1.0,1.0,1.0,0.0
hotpotqa_5a7a8a9c554299042af8f666,hotpotqa,hotpotqa_oncu_200,lexical,3,220,40,multi_hop,4000,scattered,low,unknown,p0001;p0002,p0002;p0001,11;10;1,2.0,2.0,1.0,1.0,1.0,1.0,1.0,0.0
hotpotqa_5a7a8a9c554299042af8f666,hotpotqa,hotpotqa_oncu_200,lexical,5,220,40,multi_hop,4000,scattered,low,unknown,p0001;p0002,p0002;p0001,11;10;1;18;0,2.0,2.0,1.0,1.0,1.0,1.0,1.0,0.0
hotpotqa_5a7a8a9c554299042af8f666,hotpotqa,hotpotqa_oncu_200,lexical,8,220,40,multi_hop,4000,scattered,low,unknown,p0001;p0002,p0002;p0001,11;10;1;18;0;14;15;17,2.0,2.0,1.0,1.0,1.0,1.0,1.0,0.0
hotpotqa_5a7a8a9c554299042af8f666,hotpotqa,hotpotqa_oncu_200,lexical,16,220,40,multi_hop,4000,scattered,low,unknown,p0001;p0002,p0002;p0001;p0006;p0007;p0009;p0010;p0011,11;10;1;18;0;14;15;17;21;5;12;7;8;2;19;4,7.0,2.0,1.0,1.0,0.2857142857142857,1.0,0.4444444444444445,0.7142857142857143
hotpotqa_5a7a8a9c554299042af8f666,hotpotqa,hotpotqa_oncu_200,dense,3,220,40,multi_hop,4000,scattered,low,unknown,p0001;p0002,p0003;p0004;p0006,6;16;20,3.0,2.0,0.0,0.0,0.0,0.0,0.0,1.0
hotpotqa_5a7a8a9c554299042af8f666,hotpotqa,hotpotqa_oncu_200,dense,5,220,40,multi_hop,4000,scattered,low,unknown,p0001;p0002,p0003;p0004;p0006;p0002,6;16;20;11;14,4.0,2.0,1.0,0.0,0.25,0.5,0.3333333333333333,0.75
hotpotqa_5a7a8a9c554299042af8f666,hotpotqa,hotpotqa_oncu_200,dense,8,220,40,multi_hop,4000,scattered,low,unknown,p0001;p0002,p0003;p0004;p0006;p0002;p0010;p0011;p0012,6;16;20;11;14;2;8;9,7.0,2.0,1.0,0.0,0.14285714285714285,0.5,0.22222222222222224,0.8571428571428571
hotpotqa_5a7a8a9c554299042af8f666,hotpotqa,hotpotqa_oncu_200,dense,16,220,40,multi_hop,4000,scattered,low,unknown,p0001;p0002,p0003;p0004;p0006;p0002;p0010;p0011;p0012;p0001;p0007;p0009,6;16;20;11;14;2;8;9;5;19;3;13;0;1;12;7,10.0,2.0,1.0,1.0,0.2,1.0,0.33333333333333337,0.8
hotpotqa_5a7a8a9c554299042af8f666,hotpotqa,hotpotqa_oncu_200,hybrid,3,220,40,multi_hop,4000,scattered,low,unknown,p0001;p0002,p0002;p0001,11;14;1,2.0,2.0,1.0,1.0,1.0,1.0,1.0,0.0
hotpotqa_5a7a8a9c554299042af8f666,hotpotqa,hotpotqa_oncu_200,hybrid,5,220,40,multi_hop,4000,scattered,low,unknown,p0001;p0002,p0002;p0001;p0003;p0004;p0006,11;14;1;6;10,5.0,2.0,1.0,1.0,0.4,1.0,0.5714285714285715,0.6
hotpotqa_5a7a8a9c554299042af8f666,hotpotqa,hotpotqa_oncu_200,hybrid,8,220,40,multi_hop,4000,scattered,low,unknown,p0001;p0002,p0002;p0001;p0003;p0004;p0006,11;14;1;6;10;0;5;20,5.0,2.0,1.0,1.0,0.4,1.0,0.5714285714285715,0.6
hotpotqa_5a7a8a9c554299042af8f666,hotpotqa,hotpotqa_oncu_200,hybrid,16,220,40,multi_hop,4000,scattered,low,unknown,p0001;p0002,p0002;p0001;p0003;p0004;p0006;p0010;p0011,11;14;1;6;10;0;5;20;2;8;16;18;19;15;12;17,7.0,2.0,1.0,1.0,0.2857142857142857,1.0,0.4444444444444445,0.7142857142857143
hotpotqa_5a7a8a9c554299042af8f666,hotpotqa,hotpotqa_oncu_200,iterative,3,220,40,multi_hop,4000,scattered,low,unknown,p0001;p0002,p0002;p0001,11;18;1,2.0,2.0,1.0,1.0,1.0,1.0,1.0,0.0
hotpotqa_5a7a8a9c554299042af8f666,hotpotqa,hotpotqa_oncu_200,iterative,5,220,40,multi_hop,4000,scattered,low,unknown,p0001;p0002,p0002;p0001,11;18;1;14;10,2.0,2.0,1.0,1.0,1.0,1.0,1.0,0.0
hotpotqa_5a7a8a9c554299042af8f666,hotpotqa,hotpotqa_oncu_200,iterative,8,220,40,multi_hop,4000,scattered,low,unknown,p0001;p0002,p0002;p0001;p0006;p0007;p0009;p0010,11;18;1;14;10;21;0;7,6.0,2.0,1.0,1.0,0.3333333333333333,1.0,0.5,0.6666666666666666
hotpotqa_5a7a8a9c554299042af8f666,hotpotqa,hotpotqa_oncu_200,iterative,16,220,40,multi_hop,4000,scattered,low,unknown,p0001;p0002,p0002;p0001;p0006;p0007;p0009;p0010;p0011;p0003;p0004,11;18;1;14;10;21;0;7;17;15;4;5;12;8;6;2,9.0,2.0,1.0,1.0,0.2222222222222222,1.0,0.3636363636363636,0.7777777777777778
hotpotqa_5a7a8a9c554299042af8f666,hotpotqa,hotpotqa_oncu_200,oracle,3,220,40,multi_hop,4000,scattered,low,unknown,p0001;p0002,p0001;p0002,0;1,2.0,2.0,1.0,1.0,1.0,1.0,1.0,0.0
hotpotqa_5a7a8a9c554299042af8f666,hotpotqa,hotpotqa_oncu_200,oracle,5,220,40,multi_hop,4000,scattered,low,unknown,p0001;p0002,p0001;p0002,0;1,2.0,2.0,1.0,1.0,1.0,1.0,1.0,0.0
hotpotqa_5a7a8a9c554299042af8f666,hotpotqa,hotpotqa_oncu_200,oracle,8,220,40,multi_hop,4000,scattered,low,unknown,p0001;p0002,p0001;p0002,0;1,2.0,2.0,1.0,1.0,1.0,1.0,1.0,0.0
hotpotqa_5a7a8a9c554299042af8f666,hotpotqa,hotpotqa_oncu_200,oracle,16,220,40,multi_hop,4000,scattered,low,unknown,p0001;p0002,p0001;p0002,0;1,2.0,2.0,1.0,1.0,1.0,1.0,1.0,0.0
hotpotqa_5a8325b35542990548d0b18f,hotpotqa,hotpotqa_oncu_200,lexical,3,220,40,multi_hop,8000,front,low,unknown,p0001;p0002,p0002,2;28;12,1.0,2.0,1.0,0.0,1.0,0.5,0.6666666666666666,0.0
hotpotqa_5a8325b35542990548d0b18f,hotpotqa,hotpotqa_oncu_200,lexical,5,220,40,multi_hop,8000,front,low,unknown,p0001;p0002,p0002,2;28;12;34;31,1.0,2.0,1.0,0.0,1.0,0.5,0.6666666666666666,0.0
hotpotqa_5a8325b35542990548d0b18f,hotpotqa,hotpotqa_oncu_200,lexical,8,220,40,multi_hop,8000,front,low,unknown,p0001;p0002,p0002;p0010;p0012,2;28;12;34;31;16;25;9,3.0,2.0,1.0,0.0,0.3333333333333333,0.5,0.4,0.6666666666666666
hotpotqa_5a8325b35542990548d0b18f,hotpotqa,hotpotqa_oncu_200,lexical,16,220,40,multi_hop,8000,front,low,unknown,p0001;p0002,p0002;p0010;p0012,2;28;12;34;31;16;25;9;40;8;18;41;24;43;21;23,3.0,2.0,1.0,0.0,0.3333333333333333,0.5,0.4,0.6666666666666666
hotpotqa_5a8325b35542990548d0b18f,hotpotqa,hotpotqa_oncu_200,dense,3,220,40,multi_hop,8000,front,low,unknown,p0001;p0002,p0010;p0012,16;6;22,2.0,2.0,0.0,0.0,0.0,0.0,0.0,1.0
hotpotqa_5a8325b35542990548d0b18f,hotpotqa,hotpotqa_oncu_200,dense,5,220,40,multi_hop,8000,front,low,unknown,p0001;p0002,p0010;p0012,16;6;22;44;41,2.0,2.0,0.0,0.0,0.0,0.0,0.0,1.0
hotpotqa_5a8325b35542990548d0b18f,hotpotqa,hotpotqa_oncu_200,dense,8,220,40,multi_hop,8000,front,low,unknown,p0001;p0002,p0010;p0012;p0002,16;6;22;44;41;2;28;9,3.0,2.0,1.0,0.0,0.3333333333333333,0.5,0.4,0.6666666666666666
hotpotqa_5a8325b35542990548d0b18f,hotpotqa,hotpotqa_oncu_200,dense,16,220,40,multi_hop,8000,front,low,unknown,p0001;p0002,p0010;p0012;p0002;p0001,16;6;22;44;41;2;28;9;25;12;1;19;31;5;35;21,4.0,2.0,1.0,1.0,0.5,1.0,0.6666666666666666,0.5
hotpotqa_5a8325b35542990548d0b18f,hotpotqa,hotpotqa_oncu_200,hybrid,3,220,40,multi_hop,8000,front,low,unknown,p0001;p0002,p0002;p0010;p0012,2;16;28,3.0,2.0,1.0,0.0,0.3333333333333333,0.5,0.4,0.6666666666666666
hotpotqa_5a8325b35542990548d0b18f,hotpotqa,hotpotqa_oncu_200,hybrid,5,220,40,multi_hop,8000,front,low,unknown,p0001;p0002,p0002;p0010;p0012,2;16;28;12;25,3.0,2.0,1.0,0.0,0.3333333333333333,0.5,0.4,0.6666666666666666
hotpotqa_5a8325b35542990548d0b18f,hotpotqa,hotpotqa_oncu_200,hybrid,8,220,40,multi_hop,8000,front,low,unknown,p0001;p0002,p0002;p0010;p0012,2;16;28;12;25;9;41;31,3.0,2.0,1.0,0.0,0.3333333333333333,0.5,0.4,0.6666666666666666
hotpotqa_5a8325b35542990548d0b18f,hotpotqa,hotpotqa_oncu_200,hybrid,16,220,40,multi_hop,8000,front,low,unknown,p0001;p0002,p0002;p0010;p0012,2;16;28;12;25;9;41;31;6;34;44;22;18;40;5;21,3.0,2.0,1.0,0.0,0.3333333333333333,0.5,0.4,0.6666666666666666
hotpotqa_5a8325b35542990548d0b18f,hotpotqa,hotpotqa_oncu_200,iterative,3,220,40,multi_hop,8000,front,low,unknown,p0001;p0002,p0002,2;34;8,1.0,2.0,1.0,0.0,1.0,0.5,0.6666666666666666,0.0
hotpotqa_5a8325b35542990548d0b18f,hotpotqa,hotpotqa_oncu_200,iterative,5,220,40,multi_hop,8000,front,low,unknown,p0001;p0002,p0002,2;34;8;31;18,1.0,2.0,1.0,0.0,1.0,0.5,0.6666666666666666,0.0
hotpotqa_5a8325b35542990548d0b18f,hotpotqa,hotpotqa_oncu_200,iterative,8,220,40,multi_hop,8000,front,low,unknown,p0001;p0002,p0002,2;34;8;31;18;43;28;24,1.0,2.0,1.0,0.0,1.0,0.5,0.6666666666666666,0.0
hotpotqa_5a8325b35542990548d0b18f,hotpotqa,hotpotqa_oncu_200,iterative,16,220,40,multi_hop,8000,front,low,unknown,p0001;p0002,p0002;p0010;p0012,2;34;8;31;18;43;28;24;12;40;16;25;21;9;5;11,3.0,2.0,1.0,0.0,0.3333333333333333,0.5,0.4,0.6666666666666666
hotpotqa_5a8325b35542990548d0b18f,hotpotqa,hotpotqa_oncu_200,oracle,3,220,40,multi_hop,8000,front,low,unknown,p0001;p0002,p0001;p0002,0;1,2.0,2.0,1.0,1.0,1.0,1.0,1.0,0.0
hotpotqa_5a8325b35542990548d0b18f,hotpotqa,hotpotqa_oncu_200,oracle,5,220,40,multi_hop,8000,front,low,unknown,p0001;p0002,p0001;p0002,0;1,2.0,2.0,1.0,1.0,1.0,1.0,1.0,0.0
hotpotqa_5a8325b35542990548d0b18f,hotpotqa,hotpotqa_oncu_200,oracle,8,220,40,multi_hop,8000,front,low,unknown,p0001;p0002,p0001;p0002,0;1,2.0,2.0,1.0,1.0,1.0,1.0,1.0,0.0
hotpotqa_5a8325b35542990548d0b18f,hotpotqa,hotpotqa_oncu_200,oracle,16,220,40,multi_hop,8000,front,low,unknown,p0001;p0002,p0001;p0002,0;1,2.0,2.0,1.0,1.0,1.0,1.0,1.0,0.0
hotpotqa_5a7ddc5a5542995f4f4022da,hotpotqa,hotpotqa_oncu_200,lexical,3,220,40,multi_hop,16000,middle,medium,unknown,p0001;p0002;p0003,p0001;p0002;p0003,44;43;16,3.0,3.0,1.0,1.0,1.0,1.0,1.0,0.0
hotpotqa_5a7ddc5a5542995f4f4022da,hotpotqa,hotpotqa_oncu_200,lexical,5,220,40,multi_hop,16000,middle,medium,unknown,p0001;p0002;p0003,p0001;p0002;p0003,44;43;16;79;23,3.0,3.0,1.0,1.0,1.0,1.0,1.0,0.0
hotpotqa_5a7ddc5a5542995f4f4022da,hotpotqa,hotpotqa_oncu_200,lexical,8,220,40,multi_hop,16000,middle,medium,unknown,p0001;p0002;p0003,p0001;p0002;p0003,44;43;16;79;23;86;37;9,3.0,3.0,1.0,1.0,1.0,1.0,1.0,0.0
hotpotqa_5a7ddc5a5542995f4f4022da,hotpotqa,hotpotqa_oncu_200,lexical,16,220,40,multi_hop,16000,middle,medium,unknown,p0001;p0002;p0003,p0001;p0002;p0003,44;43;16;79;23;86;37;9;72;0;63;18;81;25;7;70,3.0,3.0,1.0,1.0,1.0,1.0,1.0,0.0
hotpotqa_5a7ddc5a5542995f4f4022da,hotpotqa,hotpotqa_oncu_200,dense,3,220,40,multi_hop,16000,middle,medium,unknown,p0001;p0002;p0003,p0001;p0002;p0003;p0008;p0009,44;30;43,5.0,3.0,1.0,1.0,0.6,1.0,0.7499999999999999,0.4
hotpotqa_5a7ddc5a5542995f4f4022da,hotpotqa,hotpotqa_oncu_200,dense,5,220,40,multi_hop,16000,middle,medium,unknown,p0001;p0002;p0003,p0001;p0002;p0003;p0008;p0009,44;30;43;47;54,5.0,3.0,1.0,1.0,0.6,1.0,0.7499999999999999,0.4
hotpotqa_5a7ddc5a5542995f4f4022da,hotpotqa,hotpotqa_oncu_200,dense,8,220,40,multi_hop,16000,middle,medium,unknown,p0001;p0002;p0003,p0001;p0002;p0003;p0008;p0009,44;30;43;47;54;19;82;12,5.0,3.0,1.0,1.0,0.6,1.0,0.7499999999999999,0.4
hotpotqa_5a7ddc5a5542995f4f4022da,hotpotqa,hotpotqa_oncu_200,dense,16,220,40,multi_hop,16000,middle,medium,unknown,p0001;p0002;p0003,p0001;p0002;p0003;p0008;p0009,44;30;43;47;54;19;82;12;75;61;5;68;33;22;85;26,5.0,3.0,1.0,1.0,0.6,1.0,0.7499999999999999,0.4
hotpotqa_5a7ddc5a5542995f4f4022da,hotpotqa,hotpotqa_oncu_200,hybrid,3,220,40,multi_hop,16000,middle,medium,unknown,p0001;p0002;p0003,p0001;p0002;p0003,44;43;12,3.0,3.0,1.0,1.0,1.0,1.0,1.0,0.0
hotpotqa_5a7ddc5a5542995f4f4022da,hotpotqa,hotpotqa_oncu_200,hybrid,5,220,40,multi_hop,16000,middle,medium,unknown,p0001;p0002;p0003,p0001;p0002;p0003,44;43;12;16;75,3.0,3.0,1.0,1.0,1.0,1.0,1.0,0.0
hotpotqa_5a7ddc5a5542995f4f4022da,hotpotqa,hotpotqa_oncu_200,hybrid,8,220,40,multi_hop,16000,middle,medium,unknown,p0001;p0002;p0003,p0001;p0002;p0003,44;43;12;16;75;79;23;0,3.0,3.0,1.0,1.0,1.0,1.0,1.0,0.0
hotpotqa_5a7ddc5a5542995f4f4022da,hotpotqa,hotpotqa_oncu_200,hybrid,16,220,40,multi_hop,16000,middle,medium,unknown,p0001;p0002;p0003,p0001;p0002;p0003,44;43;12;16;75;79;23;0;86;63;26;9;37;72;61;19,3.0,3.0,1.0,1.0,1.0,1.0,1.0,0.0
hotpotqa_5a7ddc5a5542995f4f4022da,hotpotqa,hotpotqa_oncu_200,iterative,3,220,40,multi_hop,16000,middle,medium,unknown,p0001;p0002;p0003,p0001;p0002;p0003,44;43;16,3.0,3.0,1.0,1.0,1.0,1.0,1.0,0.0
hotpotqa_5a7ddc5a5542995f4f4022da,hotpotqa,hotpotqa_oncu_200,iterative,5,220,40,multi_hop,16000,middle,medium,unknown,p0001;p0002;p0003,p0001;p0002;p0003,44;43;16;9;79,3.0,3.0,1.0,1.0,1.0,1.0,1.0,0.0
hotpotqa_5a7ddc5a5542995f4f4022da,hotpotqa,hotpotqa_oncu_200,iterative,8,220,40,multi_hop,16000,middle,medium,unknown,p0001;p0002;p0003,p0001;p0002;p0003,44;43;16;9;79;72;23;86,3.0,3.0,1.0,1.0,1.0,1.0,1.0,0.0
hotpotqa_5a7ddc5a5542995f4f4022da,hotpotqa,hotpotqa_oncu_200,iterative,16,220,40,multi_hop,16000,middle,medium,unknown,p0001;p0002;p0003,p0001;p0002;p0003,44;43;16;9;79;72;23;86;37;2;65;26;0;63;12;7,3.0,3.0,1.0,1.0,1.0,1.0,1.0,0.0
hotpotqa_5a7ddc5a5542995f4f4022da,hotpotqa,hotpotqa_oncu_200,oracle,3,220,40,multi_hop,16000,middle,medium,unknown,p0001;p0002;p0003,p0001;p0002;p0003,0;1;2,3.0,3.0,1.0,1.0,1.0,1.0,1.0,0.0
hotpotqa_5a7ddc5a5542995f4f4022da,hotpotqa,hotpotqa_oncu_200,oracle,5,220,40,multi_hop,16000,middle,medium,unknown,p0001;p0002;p0003,p0001;p0002;p0003,0;1;2,3.0,3.0,1.0,1.0,1.0,1.0,1.0,0.0
hotpotqa_5a7ddc5a5542995f4f4022da,hotpotqa,hotpotqa_oncu_200,oracle,8,220,40,multi_hop,16000,middle,medium,unknown,p0001;p0002;p0003,p0001;p0002;p0003,0;1;2,3.0,3.0,1.0,1.0,1.0,1.0,1.0,0.0
hotpotqa_5a7ddc5a5542995f4f4022da,hotpotqa,hotpotqa_oncu_200,oracle,16,220,40,multi_hop,16000,middle,medium,unknown,p0001;p0002;p0003,p0001;p0002;p0003,0;1;2,3.0,3.0,1.0,1.0,1.0,1.0,1.0,0.0
hotpotqa_5a7a1cd85542990783324e65,hotpotqa,hotpotqa_oncu_200,lexical,3,220,40,multi_hop,4000,end,low,unknown,p0001;p0002,p0001;p0002;p0006;p0007;p0008,19;15;7,5.0,2.0,1.0,1.0,0.4,1.0,0.5714285714285715,0.6
hotpotqa_5a7a1cd85542990783324e65,hotpotqa,hotpotqa_oncu_200,lexical,5,220,40,multi_hop,4000,end,low,unknown,p0001;p0002,p0001;p0002;p0006;p0007;p0008,19;15;7;2;20,5.0,2.0,1.0,1.0,0.4,1.0,0.5714285714285715,0.6
hotpotqa_5a7a1cd85542990783324e65,hotpotqa,hotpotqa_oncu_200,lexical,8,220,40,multi_hop,4000,end,low,unknown,p0001;p0002,p0001;p0002;p0006;p0007;p0008,19;15;7;2;20;17;11;3,5.0,2.0,1.0,1.0,0.4,1.0,0.5714285714285715,0.6
hotpotqa_5a7a1cd85542990783324e65,hotpotqa,hotpotqa_oncu_200,lexical,16,220,40,multi_hop,4000,end,low,unknown,p0001;p0002,p0001;p0002;p0006;p0007;p0008;p0009;p0010;p0012,19;15;7;2;20;17;11;3;21;1;12;16;18;8;9;13,8.0,2.0,1.0,1.0,0.25,1.0,0.4,0.75
hotpotqa_5a7a1cd85542990783324e65,hotpotqa,hotpotqa_oncu_200,dense,3,220,40,multi_hop,4000,end,low,unknown,p0001;p0002,p0001;p0002,19;14;1,2.0,2.0,1.0,1.0,1.0,1.0,1.0,0.0
hotpotqa_5a7a1cd85542990783324e65,hotpotqa,hotpotqa_oncu_200,dense,5,220,40,multi_hop,4000,end,low,unknown,p0001;p0002,p0001;p0002,19;14;1;13;17,2.0,2.0,1.0,1.0,1.0,1.0,1.0,0.0
hotpotqa_5a7a1cd85542990783324e65,hotpotqa,hotpotqa_oncu_200,dense,8,220,40,multi_hop,4000,end,low,unknown,p0001;p0002,p0001;p0002;p0006;p0007;p0008,19;14;1;13;17;16;7;21,5.0,2.0,1.0,1.0,0.4,1.0,0.5714285714285715,0.6
hotpotqa_5a7a1cd85542990783324e65,hotpotqa,hotpotqa_oncu_200,dense,16,220,40,multi_hop,4000,end,low,unknown,p0001;p0002,p0001;p0002;p0006;p0007;p0008;p0005;p0009,19;14;1;13;17;16;7;21;10;6;3;4;2;18;8;15,7.0,2.0,1.0,1.0,0.2857142857142857,1.0,0.4444444444444445,0.7142857142857143
hotpotqa_5a7a1cd85542990783324e65,hotpotqa,hotpotqa_oncu_200,hybrid,3,220,40,multi_hop,4000,end,low,unknown,p0001;p0002,p0001;p0002;p0006;p0007;p0008,19;7;17,5.0,2.0,1.0,1.0,0.4,1.0,0.5714285714285715,0.6
hotpotqa_5a7a1cd85542990783324e65,hotpotqa,hotpotqa_oncu_200,hybrid,5,220,40,multi_hop,4000,end,low,unknown,p0001;p0002,p0001;p0002;p0006;p0007;p0008,19;7;17;1;2,5.0,2.0,1.0,1.0,0.4,1.0,0.5714285714285715,0.6
hotpotqa_5a7a1cd85542990783324e65,hotpotqa,hotpotqa_oncu_200,hybrid,8,220,40,multi_hop,4000,end,low,unknown,p0001;p0002,p0001;p0002;p0006;p0007;p0008,19;7;17;1;2;15;21;16,5.0,2.0,1.0,1.0,0.4,1.0,0.5714285714285715,0.6
hotpotqa_5a7a1cd85542990783324e65,hotpotqa,hotpotqa_oncu_200,hybrid,16,220,40,multi_hop,4000,end,low,unknown,p0001;p0002,p0001;p0002;p0006;p0007;p0008,19;7;17;1;2;15;21;16;3;14;13;20;11;10;18;12,5.0,2.0,1.0,1.0,0.4,1.0,0.5714285714285715,0.6
hotpotqa_5a7a1cd85542990783324e65,hotpotqa,hotpotqa_oncu_200,iterative,3,220,40,multi_hop,4000,end,low,unknown,p0001;p0002,p0001;p0002;p0006;p0007;p0008,19;7;17,5.0,2.0,1.0,1.0,0.4,1.0,0.5714285714285715,0.6
hotpotqa_5a7a1cd85542990783324e65,hotpotqa,hotpotqa_oncu_200,iterative,5,220,40,multi_hop,4000,end,low,unknown,p0001;p0002,p0001;p0002;p0006;p0007;p0008,19;7;17;15;18,5.0,2.0,1.0,1.0,0.4,1.0,0.5714285714285715,0.6
hotpotqa_5a7a1cd85542990783324e65,hotpotqa,hotpotqa_oncu_200,iterative,8,220,40,multi_hop,4000,end,low,unknown,p0001;p0002,p0001;p0002;p0006;p0007;p0008,19;7;17;15;18;1;3;21,5.0,2.0,1.0,1.0,0.4,1.0,0.5714285714285715,0.6
hotpotqa_5a7a1cd85542990783324e65,hotpotqa,hotpotqa_oncu_200,iterative,16,220,40,multi_hop,4000,end,low,unknown,p0001;p0002,p0001;p0002;p0006;p0007;p0008;p0010;p0012,19;7;17;15;18;1;3;21;9;12;2;11;20;14;4;13,7.0,2.0,1.0,1.0,0.2857142857142857,1.0,0.4444444444444445,0.7142857142857143
hotpotqa_5a7a1cd85542990783324e65,hotpotqa,hotpotqa_oncu_200,oracle,3,220,40,multi_hop,4000,end,low,unknown,p0001;p0002,p0001;p0002,0;1,2.0,2.0,1.0,1.0,1.0,1.0,1.0,0.0
hotpotqa_5a7a1cd85542990783324e65,hotpotqa,hotpotqa_oncu_200,oracle,5,220,40,multi_hop,4000,end,low,unknown,p0001;p0002,p0001;p0002,0;1,2.0,2.0,1.0,1.0,1.0,1.0,1.0,0.0
hotpotqa_5a7a1cd85542990783324e65,hotpotqa,hotpotqa_oncu_200,oracle,8,220,40,multi_hop,4000,end,low,unknown,p0001;p0002,p0001;p0002,0;1,2.0,2.0,1.0,1.0,1.0,1.0,1.0,0.0
hotpotqa_5a7a1cd85542990783324e65,hotpotqa,hotpotqa_oncu_200,oracle,16,220,40,multi_hop,4000,end,low,unknown,p0001;p0002,p0001;p0002,0;1,2.0,2.0,1.0,1.0,1.0,1.0,1.0,0.0
hotpotqa_5ae67dba55429908198fa5f0,hotpotqa,hotpotqa_oncu_200,lexical,3,220,40,multi_hop,8000,scattered,medium,unknown,p0001;p0002;p0003;p0004,p0001;p0004,19;3;42,2.0,4.0,1.0,0.0,1.0,0.5,0.6666666666666666,0.0
hotpotqa_5ae67dba55429908198fa5f0,hotpotqa,hotpotqa_oncu_200,lexical,5,220,40,multi_hop,8000,scattered,medium,unknown,p0001;p0002;p0003;p0004,p0001;p0004,19;3;42;22;23,2.0,4.0,1.0,0.0,1.0,0.5,0.6666666666666666,0.0
hotpotqa_5ae67dba55429908198fa5f0,hotpotqa,hotpotqa_oncu_200,lexical,8,220,40,multi_hop,8000,scattered,medium,unknown,p0001;p0002;p0003;p0004,p0001;p0004;p0002;p0003,19;3;42;22;23;11;21;38,4.0,4.0,1.0,1.0,1.0,1.0,1.0,0.0
hotpotqa_5ae67dba55429908198fa5f0,hotpotqa,hotpotqa_oncu_200,lexical,16,220,40,multi_hop,8000,scattered,medium,unknown,p0001;p0002;p0003;p0004,p0001;p0004;p0002;p0003,19;3;42;22;23;11;21;38;34;7;4;27;26;17;35;30,4.0,4.0,1.0,1.0,1.0,1.0,1.0,0.0
hotpotqa_5ae67dba55429908198fa5f0,hotpotqa,hotpotqa_oncu_200,dense,3,220,40,multi_hop,8000,scattered,medium,unknown,p0001;p0002;p0003;p0004,p0001;p0004;p0002,4;21;2,3.0,4.0,1.0,0.0,1.0,0.75,0.8571428571428571,0.0
hotpotqa_5ae67dba55429908198fa5f0,hotpotqa,hotpotqa_oncu_200,dense,5,220,40,multi_hop,8000,scattered,medium,unknown,p0001;p0002;p0003;p0004,p0001;p0004;p0002,4;21;2;6;33,3.0,4.0,1.0,0.0,1.0,0.75,0.8571428571428571,0.0
hotpotqa_5ae67dba55429908198fa5f0,hotpotqa,hotpotqa_oncu_200,dense,8,220,40,multi_hop,8000,scattered,medium,unknown,p0001;p0002;p0003;p0004,p0001;p0004;p0002,4;21;2;6;33;29;25;10,3.0,4.0,1.0,0.0,1.0,0.75,0.8571428571428571,0.0
hotpotqa_5ae67dba55429908198fa5f0,hotpotqa,hotpotqa_oncu_200,dense,16,220,40,multi_hop,8000,scattered,medium,unknown,p0001;p0002;p0003;p0004,p0001;p0004;p0002;p0010;p0011,4;21;2;6;33;29;25;10;15;37;19;27;31;23;3;35,5.0,4.0,1.0,0.0,0.6,0.75,0.6666666666666665,0.4
hotpotqa_5ae67dba55429908198fa5f0,hotpotqa,hotpotqa_oncu_200,hybrid,3,220,40,multi_hop,8000,scattered,medium,unknown,p0001;p0002;p0003;p0004,p0002;p0001;p0004,21;4;19,3.0,4.0,1.0,0.0,1.0,0.75,0.8571428571428571,0.0
hotpotqa_5ae67dba55429908198fa5f0,hotpotqa,hotpotqa_oncu_200,hybrid,5,220,40,multi_hop,8000,scattered,medium,unknown,p0001;p0002;p0003;p0004,p0002;p0001;p0004,21;4;19;3;23,3.0,4.0,1.0,0.0,1.0,0.75,0.8571428571428571,0.0
hotpotqa_5ae67dba55429908198fa5f0,hotpotqa,hotpotqa_oncu_200,hybrid,8,220,40,multi_hop,8000,scattered,medium,unknown,p0001;p0002;p0003;p0004,p0002;p0001;p0004,21;4;19;3;23;42;2;27,3.0,4.0,1.0,0.0,1.0,0.75,0.8571428571428571,0.0
hotpotqa_5ae67dba55429908198fa5f0,hotpotqa,hotpotqa_oncu_200,hybrid,16,220,40,multi_hop,8000,scattered,medium,unknown,p0001;p0002;p0003;p0004,p0002;p0001;p0004;p0003;p0005;p0007,21;4;19;3;23;42;2;27;25;38;35;22;31;17;13;29,6.0,4.0,1.0,1.0,0.6666666666666666,1.0,0.8,0.3333333333333333
hotpotqa_5ae67dba55429908198fa5f0,hotpotqa,hotpotqa_oncu_200,iterative,3,220,40,multi_hop,8000,scattered,medium,unknown,p0001;p0002;p0003;p0004,,19;42;11,0.0,4.0,0.0,0.0,0.0,0.0,0.0,0.0
hotpotqa_5ae67dba55429908198fa5f0,hotpotqa,hotpotqa_oncu_200,iterative,5,220,40,multi_hop,8000,scattered,medium,unknown,p0001;p0002;p0003;p0004,p0001;p0004,19;42;11;34;3,2.0,4.0,1.0,0.0,1.0,0.5,0.6666666666666666,0.0
hotpotqa_5ae67dba55429908198fa5f0,hotpotqa,hotpotqa_oncu_200,iterative,8,220,40,multi_hop,8000,scattered,medium,unknown,p0001;p0002;p0003;p0004,p0001;p0004;p0003,19;42;11;34;3;7;23;38,3.0,4.0,1.0,0.0,1.0,0.75,0.8571428571428571,0.0
hotpotqa_5ae67dba55429908198fa5f0,hotpotqa,hotpotqa_oncu_200,iterative,16,220,40,multi_hop,8000,scattered,medium,unknown,p0001;p0002;p0003;p0004,p0001;p0004;p0003;p0002,19;42;11;34;3;7;23;38;22;30;26;27;17;21;35;31,4.0,4.0,1.0,1.0,1.0,1.0,1.0,0.0
hotpotqa_5ae67dba55429908198fa5f0,hotpotqa,hotpotqa_oncu_200,oracle,3,220,40,multi_hop,8000,scattered,medium,unknown,p0001;p0002;p0003;p0004,p0001;p0002;p0003,0;1;2,3.0,4.0,1.0,0.0,1.0,0.75,0.8571428571428571,0.0
hotpotqa_5ae67dba55429908198fa5f0,hotpotqa,hotpotqa_oncu_200,oracle,5,220,40,multi_hop,8000,scattered,medium,unknown,p0001;p0002;p0003;p0004,p0001;p0002;p0003;p0004,0;1;2;3,4.0,4.0,1.0,1.0,1.0,1.0,1.0,0.0
hotpotqa_5ae67dba55429908198fa5f0,hotpotqa,hotpotqa_oncu_200,oracle,8,220,40,multi_hop,8000,scattered,medium,unknown,p0001;p0002;p0003;p0004,p0001;p0002;p0003;p0004,0;1;2;3,4.0,4.0,1.0,1.0,1.0,1.0,1.0,0.0
hotpotqa_5ae67dba55429908198fa5f0,hotpotqa,hotpotqa_oncu_200,oracle,16,220,40,multi_hop,8000,scattered,medium,unknown,p0001;p0002;p0003;p0004,p0001;p0002;p0003;p0004,0;1;2;3,4.0,4.0,1.0,1.0,1.0,1.0,1.0,0.0
hotpotqa_5a7b3f4d5542992d025e67bb,hotpotqa,hotpotqa_oncu_200,lexical,3,220,40,multi_hop,16000,front,medium,unknown,p0001;p0002;p0003;p0004,p0001;p0002;p0003;p0004,4;3;25,4.0,4.0,1.0,1.0,1.0,1.0,1.0,0.0
hotpotqa_5a7b3f4d5542992d025e67bb,hotpotqa,hotpotqa_oncu_200,lexical,5,220,40,multi_hop,16000,front,medium,unknown,p0001;p0002;p0003;p0004,p0001;p0002;p0003;p0004,4;3;25;78;76,4.0,4.0,1.0,1.0,1.0,1.0,1.0,0.0
hotpotqa_5a7b3f4d5542992d025e67bb,hotpotqa,hotpotqa_oncu_200,lexical,8,220,40,multi_hop,16000,front,medium,unknown,p0001;p0002;p0003;p0004,p0001;p0002;p0003;p0004,4;3;25;78;76;23;37;32,4.0,4.0,1.0,1.0,1.0,1.0,1.0,0.0
hotpotqa_5a7b3f4d5542992d025e67bb,hotpotqa,hotpotqa_oncu_200,lexical,16,220,40,multi_hop,16000,front,medium,unknown,p0001;p0002;p0003;p0004,p0001;p0002;p0003;p0004,4;3;25;78;76;23;37;32;69;16;71;83;1;12;65;62,4.0,4.0,1.0,1.0,1.0,1.0,1.0,0.0
hotpotqa_5a7b3f4d5542992d025e67bb,hotpotqa,hotpotqa_oncu_200,dense,3,220,40,multi_hop,16000,front,medium,unknown,p0001;p0002;p0003;p0004,p0001;p0002;p0003;p0004;p0009;p0010,4;45;29,6.0,4.0,1.0,1.0,0.6666666666666666,1.0,0.8,0.3333333333333333
hotpotqa_5a7b3f4d5542992d025e67bb,hotpotqa,hotpotqa_oncu_200,dense,5,220,40,multi_hop,16000,front,medium,unknown,p0001;p0002;p0003;p0004,p0001;p0002;p0003;p0004;p0009;p0010,4;45;29;2;6,6.0,4.0,1.0,1.0,0.6666666666666666,1.0,0.8,0.3333333333333333
hotpotqa_5a7b3f4d5542992d025e67bb,hotpotqa,hotpotqa_oncu_200,dense,8,220,40,multi_hop,16000,front,medium,unknown,p0001;p0002;p0003;p0004,p0001;p0002;p0003;p0004;p0009;p0010,4;45;29;2;6;38;59;52,6.0,4.0,1.0,1.0,0.6666666666666666,1.0,0.8,0.3333333333333333
hotpotqa_5a7b3f4d5542992d025e67bb,hotpotqa,hotpotqa_oncu_200,dense,16,220,40,multi_hop,16000,front,medium,unknown,p0001;p0002;p0003;p0004,p0001;p0002;p0003;p0004;p0009;p0010;p0011;p0012;p0013,4;45;29;2;6;38;59;52;16;30;22;13;69;61;43;66,9.0,4.0,1.0,1.0,0.4444444444444444,1.0,0.6153846153846153,0.5555555555555556
hotpotqa_5a7b3f4d5542992d025e67bb,hotpotqa,hotpotqa_oncu_200,hybrid,3,220,40,multi_hop,16000,front,medium,unknown,p0001;p0002;p0003;p0004,p0001;p0002;p0003;p0004,4;16;69,4.0,4.0,1.0,1.0,1.0,1.0,1.0,0.0
hotpotqa_5a7b3f4d5542992d025e67bb,hotpotqa,hotpotqa_oncu_200,hybrid,5,220,40,multi_hop,16000,front,medium,unknown,p0001;p0002;p0003;p0004,p0001;p0002;p0003;p0004,4;16;69;76;23,4.0,4.0,1.0,1.0,1.0,1.0,1.0,0.0
hotpotqa_5a7b3f4d5542992d025e67bb,hotpotqa,hotpotqa_oncu_200,hybrid,8,220,40,multi_hop,16000,front,medium,unknown,p0001;p0002;p0003;p0004,p0001;p0002;p0003;p0004;p0011;p0012;p0013,4;16;69;76;23;62;6;30,7.0,4.0,1.0,1.0,0.5714285714285714,1.0,0.7272727272727273,0.42857142857142855
hotpotqa_5a7b3f4d5542992d025e67bb,hotpotqa,hotpotqa_oncu_200,hybrid,16,220,40,multi_hop,16000,front,medium,unknown,p0001;p0002;p0003;p0004,p0001;p0002;p0003;p0004;p0011;p0012;p0013;p0009;p0010,4;16;69;76;23;62;6;30;59;3;83;9;25;29;78;22,9.0,4.0,1.0,1.0,0.4444444444444444,1.0,0.6153846153846153,0.5555555555555556
hotpotqa_5a7b3f4d5542992d025e67bb,hotpotqa,hotpotqa_oncu_200,iterative,3,220,40,multi_hop,16000,front,medium,unknown,p0001;p0002;p0003;p0004,p0001;p0002;p0003;p0004,4;3;25,4.0,4.0,1.0,1.0,1.0,1.0,1.0,0.0
hotpotqa_5a7b3f4d5542992d025e67bb,hotpotqa,hotpotqa_oncu_200,iterative,5,220,40,multi_hop,16000,front,medium,unknown,p0001;p0002;p0003;p0004,p0001;p0002;p0003;p0004,4;3;25;78;71,4.0,4.0,1.0,1.0,1.0,1.0,1.0,0.0
hotpotqa_5a7b3f4d5542992d025e67bb,hotpotqa,hotpotqa_oncu_200,iterative,8,220,40,multi_hop,16000,front,medium,unknown,p0001;p0002;p0003;p0004,p0001;p0002;p0003;p0004,4;3;25;78;71;65;12;79,4.0,4.0,1.0,1.0,1.0,1.0,1.0,0.0
hotpotqa_5a7b3f4d5542992d025e67bb,hotpotqa,hotpotqa_oncu_200,iterative,16,220,40,multi_hop,16000,front,medium,unknown,p0001;p0002;p0003;p0004,p0001;p0002;p0003;p0004;p0011;p0012;p0013,4;3;25;78;71;65;12;79;19;37;23;76;18;26;58;30,7.0,4.0,1.0,1.0,0.5714285714285714,1.0,0.7272727272727273,0.42857142857142855
hotpotqa_5a7b3f4d5542992d025e67bb,hotpotqa,hotpotqa_oncu_200,oracle,3,220,40,multi_hop,16000,front,medium,unknown,p0001;p0002;p0003;p0004,p0001;p0002;p0003,0;1;2,3.0,4.0,1.0,0.0,1.0,0.75,0.8571428571428571,0.0
hotpotqa_5a7b3f4d5542992d025e67bb,hotpotqa,hotpotqa_oncu_200,oracle,5,220,40,multi_hop,16000,front,medium,unknown,p0001;p0002;p0003;p0004,p0001;p0002;p0003;p0004,0;1;2;3,4.0,4.0,1.0,1.0,1.0,1.0,1.0,0.0
hotpotqa_5a7b3f4d5542992d025e67bb,hotpotqa,hotpotqa_oncu_200,oracle,8,220,40,multi_hop,16000,front,medium,unknown,p0001;p0002;p0003;p0004,p0001;p0002;p0003;p0004,0;1;2;3,4.0,4.0,1.0,1.0,1.0,1.0,1.0,0.0
hotpotqa_5a7b3f4d5542992d025e67bb,hotpotqa,hotpotqa_oncu_200,oracle,16,220,40,multi_hop,16000,front,medium,unknown,p0001;p0002;p0003;p0004,p0001;p0002;p0003;p0004,0;1;2;3,4.0,4.0,1.0,1.0,1.0,1.0,1.0,0.0
hotpotqa_5ab8854555429934fafe6e0c,hotpotqa,hotpotqa_oncu_200,lexical,3,220,40,multi_hop,4000,middle,medium,unknown,p0001;p0002;p0003;p0004,p0001;p0002;p0003;p0004,10;11;1,4.0,4.0,1.0,1.0,1.0,1.0,1.0,0.0
hotpotqa_5ab8854555429934fafe6e0c,hotpotqa,hotpotqa_oncu_200,lexical,5,220,40,multi_hop,4000,middle,medium,unknown,p0001;p0002;p0003;p0004,p0001;p0002;p0003;p0004,10;11;1;3;15,4.0,4.0,1.0,1.0,1.0,1.0,1.0,0.0
hotpotqa_5ab8854555429934fafe6e0c,hotpotqa,hotpotqa_oncu_200,lexical,8,220,40,multi_hop,4000,middle,medium,unknown,p0001;p0002;p0003;p0004,p0001;p0002;p0003;p0004,10;11;1;3;15;12;21;9,4.0,4.0,1.0,1.0,1.0,1.0,1.0,0.0
hotpotqa_5ab8854555429934fafe6e0c,hotpotqa,hotpotqa_oncu_200,lexical,16,220,40,multi_hop,4000,middle,medium,unknown,p0001;p0002;p0003;p0004,p0001;p0002;p0003;p0004;p0008;p0010;p0012;p0013;p0005;p0006;p0007,10;11;1;3;15;12;21;9;4;13;20;7;0;18;17;6,11.0,4.0,1.0,1.0,0.36363636363636365,1.0,0.5333333333333333,0.6363636363636364
hotpotqa_5ab8854555429934fafe6e0c,hotpotqa,hotpotqa_oncu_200,dense,3,220,40,multi_hop,4000,middle,medium,unknown,p0001;p0002;p0003;p0004,p0003;p0004;p0001;p0002,11;10;20,4.0,4.0,1.0,1.0,1.0,1.0,1.0,0.0
hotpotqa_5ab8854555429934fafe6e0c,hotpotqa,hotpotqa_oncu_200,dense,5,220,40,multi_hop,4000,middle,medium,unknown,p0001;p0002;p0003;p0004,p0003;p0004;p0001;p0002,11;10;20;16;0,4.0,4.0,1.0,1.0,1.0,1.0,1.0,0.0
hotpotqa_5ab8854555429934fafe6e0c,hotpotqa,hotpotqa_oncu_200,dense,8,220,40,multi_hop,4000,middle,medium,unknown,p0001;p0002;p0003;p0004,p0003;p0004;p0001;p0002,11;10;20;16;0;4;1;17,4.0,4.0,1.0,1.0,1.0,1.0,1.0,0.0
hotpotqa_5ab8854555429934fafe6e0c,hotpotqa,hotpotqa_oncu_200,dense,16,220,40,multi_hop,4000,middle,medium,unknown,p0001;p0002;p0003;p0004,p0003;p0004;p0001;p0002;p0008;p0010;p0012;p0013;p0014,11;10;20;16;0;4;1;17;9;18;13;3;14;7;8;12,9.0,4.0,1.0,1.0,0.4444444444444444,1.0,0.6153846153846153,0.5555555555555556
hotpotqa_5ab8854555429934fafe6e0c,hotpotqa,hotpotqa_oncu_200,hybrid,3,220,40,multi_hop,4000,middle,medium,unknown,p0001;p0002;p0003;p0004,p0001;p0002;p0003;p0004,10;11;1,4.0,4.0,1.0,1.0,1.0,1.0,1.0,0.0
hotpotqa_5ab8854555429934fafe6e0c,hotpotqa,hotpotqa_oncu_200,hybrid,5,220,40,multi_hop,4000,middle,medium,unknown,p0001;p0002;p0003;p0004,p0001;p0002;p0003;p0004,10;11;1;20;4,4.0,4.0,1.0,1.0,1.0,1.0,1.0,0.0
hotpotqa_5ab8854555429934fafe6e0c,hotpotqa,hotpotqa_oncu_200,hybrid,8,220,40,multi_hop,4000,middle,medium,unknown,p0001;p0002;p0003;p0004,p0001;p0002;p0003;p0004,10;11;1;20;4;3;9;0,4.0,4.0,1.0,1.0,1.0,1.0,1.0,0.0
hotpotqa_5ab8854555429934fafe6e0c,hotpotqa,hotpotqa_oncu_200,hybrid,16,220,40,multi_hop,4000,middle,medium,unknown,p0001;p0002;p0003;p0004,p0001;p0002;p0003;p0004;p0008;p0010;p0012;p0013,10;11;1;20;4;3;9;0;13;12;16;17;15;18;7;21,8.0,4.0,1.0,1.0,0.5,1.0,0.6666666666666666,0.5
hotpotqa_5ab8854555429934fafe6e0c,hotpotqa,hotpotqa_oncu_200,iterative,3,220,40,multi_hop,4000,middle,medium,unknown,p0001;p0002;p0003;p0004,p0001;p0002;p0003,10;1;4,3.0,4.0,1.0,0.0,1.0,0.75,0.8571428571428571,0.0
hotpotqa_5ab8854555429934fafe6e0c,hotpotqa,hotpotqa_oncu_200,iterative,5,220,40,multi_hop,4000,middle,medium,unknown,p0001;p0002;p0003;p0004,p0001;p0002;p0003,10;1;4;13;21,3.0,4.0,1.0,0.0,1.0,0.75,0.8571428571428571,0.0
hotpotqa_5ab8854555429934fafe6e0c,hotpotqa,hotpotqa_oncu_200,iterative,8,220,40,multi_hop,4000,middle,medium,unknown,p0001;p0002;p0003;p0004,p0001;p0002;p0003;p0004,10;1;4;13;21;11;3;15,4.0,4.0,1.0,1.0,1.0,1.0,1.0,0.0
hotpotqa_5ab8854555429934fafe6e0c,hotpotqa,hotpotqa_oncu_200,iterative,16,220,40,multi_hop,4000,middle,medium,unknown,p0001;p0002;p0003;p0004,p0001;p0002;p0003;p0004;p0008;p0010;p0012;p0013;p0014,10;1;4;13;21;11;3;15;9;12;7;16;18;8;19;20,9.0,4.0,1.0,1.0,0.4444444444444444,1.0,0.6153846153846153,0.5555555555555556
hotpotqa_5ab8854555429934fafe6e0c,hotpotqa,hotpotqa_oncu_200,oracle,3,220,40,multi_hop,4000,middle,medium,unknown,p0001;p0002;p0003;p0004,p0001;p0002;p0003,0;1;2,3.0,4.0,1.0,0.0,1.0,0.75,0.8571428571428571,0.0
hotpotqa_5ab8854555429934fafe6e0c,hotpotqa,hotpotqa_oncu_200,oracle,5,220,40,multi_hop,4000,middle,medium,unknown,p0001;p0002;p0003;p0004,p0001;p0002;p0003;p0004,0;1;2;3,4.0,4.0,1.0,1.0,1.0,1.0,1.0,0.0
hotpotqa_5ab8854555429934fafe6e0c,hotpotqa,hotpotqa_oncu_200,oracle,8,220,40,multi_hop,4000,middle,medium,unknown,p0001;p0002;p0003;p0004,p0001;p0002;p0003;p0004,0;1;2;3,4.0,4.0,1.0,1.0,1.0,1.0,1.0,0.0
hotpotqa_5ab8854555429934fafe6e0c,hotpotqa,hotpotqa_oncu_200,oracle,16,220,40,multi_hop,4000,middle,medium,unknown,p0001;p0002;p0003;p0004,p0001;p0002;p0003;p0004,0;1;2;3,4.0,4.0,1.0,1.0,1.0,1.0,1.0,0.0
hotpotqa_5a88dcf9554299206df2b383,hotpotqa,hotpotqa_oncu_200,lexical,3,220,40,multi_hop,8000,end,low,unknown,p0001;p0002,p0001;p0002,38;9;37,2.0,2.0,1.0,1.0,1.0,1.0,1.0,0.0
hotpotqa_5a88dcf9554299206df2b383,hotpotqa,hotpotqa_oncu_200,lexical,5,220,40,multi_hop,8000,end,low,unknown,p0001;p0002,p0001;p0002,38;9;37;42;21,2.0,2.0,1.0,1.0,1.0,1.0,1.0,0.0
hotpotqa_5a88dcf9554299206df2b383,hotpotqa,hotpotqa_oncu_200,lexical,8,220,40,multi_hop,8000,end,low,unknown,p0001;p0002,p0001;p0002,38;9;37;42;21;29;18;25,2.0,2.0,1.0,1.0,1.0,1.0,1.0,0.0
hotpotqa_5a88dcf9554299206df2b383,hotpotqa,hotpotqa_oncu_200,lexical,16,220,40,multi_hop,8000,end,low,unknown,p0001;p0002,p0001;p0002;p0005;p0006;p0008,38;9;37;42;21;29;18;25;33;43;10;5;14;6;1;17,5.0,2.0,1.0,1.0,0.4,1.0,0.5714285714285715,0.6
hotpotqa_5a88dcf9554299206df2b383,hotpotqa,hotpotqa_oncu_200,dense,3,220,40,multi_hop,8000,end,low,unknown,p0001;p0002,p0001;p0002,38;37;21,2.0,2.0,1.0,1.0,1.0,1.0,1.0,0.0
hotpotqa_5a88dcf9554299206df2b383,hotpotqa,hotpotqa_oncu_200,dense,5,220,40,multi_hop,8000,end,low,unknown,p0001;p0002,p0001;p0002,38;37;21;9;29,2.0,2.0,1.0,1.0,1.0,1.0,1.0,0.0
hotpotqa_5a88dcf9554299206df2b383,hotpotqa,hotpotqa_oncu_200,dense,8,220,40,multi_hop,8000,end,low,unknown,p0001;p0002,p0001;p0002,38;37;21;9;29;25;33;42,2.0,2.0,1.0,1.0,1.0,1.0,1.0,0.0
hotpotqa_5a88dcf9554299206df2b383,hotpotqa,hotpotqa_oncu_200,dense,16,220,40,multi_hop,8000,end,low,unknown,p0001;p0002,p0001;p0002;p0005;p0006;p0008,38;37;21;9;29;25;33;42;34;14;6;30;43;10;26;22,5.0,2.0,1.0,1.0,0.4,1.0,0.5714285714285715,0.6
hotpotqa_5a88dcf9554299206df2b383,hotpotqa,hotpotqa_oncu_200,hybrid,3,220,40,multi_hop,8000,end,low,unknown,p0001;p0002,p0001;p0002,38;37;9,2.0,2.0,1.0,1.0,1.0,1.0,1.0,0.0
hotpotqa_5a88dcf9554299206df2b383,hotpotqa,hotpotqa_oncu_200,hybrid,5,220,40,multi_hop,8000,end,low,unknown,p0001;p0002,p0001;p0002,38;37;9;21;29,2.0,2.0,1.0,1.0,1.0,1.0,1.0,0.0
hotpotqa_5a88dcf9554299206df2b383,hotpotqa,hotpotqa_oncu_200,hybrid,8,220,40,multi_hop,8000,end,low,unknown,p0001;p0002,p0001;p0002,38;37;9;21;29;42;25;33,2.0,2.0,1.0,1.0,1.0,1.0,1.0,0.0
hotpotqa_5a88dcf9554299206df2b383,hotpotqa,hotpotqa_oncu_200,hybrid,16,220,40,multi_hop,8000,end,low,unknown,p0001;p0002,p0001;p0002;p0005;p0006;p0008,38;37;9;21;29;42;25;33;14;43;18;6;10;34;30;22,5.0,2.0,1.0,1.0,0.4,1.0,0.5714285714285715,0.6
hotpotqa_5a88dcf9554299206df2b383,hotpotqa,hotpotqa_oncu_200,iterative,3,220,40,multi_hop,8000,end,low,unknown,p0001;p0002,p0001;p0002,9;42;38,2.0,2.0,1.0,1.0,1.0,1.0,1.0,0.0
hotpotqa_5a88dcf9554299206df2b383,hotpotqa,hotpotqa_oncu_200,iterative,5,220,40,multi_hop,8000,end,low,unknown,p0001;p0002,p0001;p0002,9;42;38;5;21,2.0,2.0,1.0,1.0,1.0,1.0,1.0,0.0
hotpotqa_5a88dcf9554299206df2b383,hotpotqa,hotpotqa_oncu_200,iterative,8,220,40,multi_hop,8000,end,low,unknown,p0001;p0002,p0001;p0002,9;42;38;5;21;1;37;29,2.0,2.0,1.0,1.0,1.0,1.0,1.0,0.0
hotpotqa_5a88dcf9554299206df2b383,hotpotqa,hotpotqa_oncu_200,iterative,16,220,40,multi_hop,8000,end,low,unknown,p0001;p0002,p0001;p0002,9;42;38;5;21;1;37;29;25;34;18;33;30;17;26;10,2.0,2.0,1.0,1.0,1.0,1.0,1.0,0.0
hotpotqa_5a88dcf9554299206df2b383,hotpotqa,hotpotqa_oncu_200,oracle,3,220,40,multi_hop,8000,end,low,unknown,p0001;p0002,p0001;p0002,0;1,2.0,2.0,1.0,1.0,1.0,1.0,1.0,0.0
hotpotqa_5a88dcf9554299206df2b383,hotpotqa,hotpotqa_oncu_200,oracle,5,220,40,multi_hop,8000,end,low,unknown,p0001;p0002,p0001;p0002,0;1,2.0,2.0,1.0,1.0,1.0,1.0,1.0,0.0
hotpotqa_5a88dcf9554299206df2b383,hotpotqa,hotpotqa_oncu_200,oracle,8,220,40,multi_hop,8000,end,low,unknown,p0001;p0002,p0001;p0002,0;1,2.0,2.0,1.0,1.0,1.0,1.0,1.0,0.0
hotpotqa_5a88dcf9554299206df2b383,hotpotqa,hotpotqa_oncu_200,oracle,16,220,40,multi_hop,8000,end,low,unknown,p0001;p0002,p0001;p0002,0;1,2.0,2.0,1.0,1.0,1.0,1.0,1.0,0.0
hotpotqa_5a8ee6915542990e94052bad,hotpotqa,hotpotqa_oncu_200,lexical,3,220,40,multi_hop,16000,scattered,medium,unknown,p0001;p0002;p0003;p0004,p0002,44;75;87,1.0,4.0,1.0,0.0,1.0,0.25,0.4,0.0
hotpotqa_5a8ee6915542990e94052bad,hotpotqa,hotpotqa_oncu_200,lexical,5,220,40,multi_hop,16000,scattered,medium,unknown,p0001;p0002;p0003;p0004,p0002,44;75;87;36;83,1.0,4.0,1.0,0.0,1.0,0.25,0.4,0.0
hotpotqa_5a8ee6915542990e94052bad,hotpotqa,hotpotqa_oncu_200,lexical,8,220,40,multi_hop,16000,scattered,medium,unknown,p0001;p0002;p0003;p0004,p0002,44;75;87;36;83;24;79;40,1.0,4.0,1.0,0.0,1.0,0.25,0.4,0.0
hotpotqa_5a8ee6915542990e94052bad,hotpotqa,hotpotqa_oncu_200,lexical,16,220,40,multi_hop,16000,scattered,medium,unknown,p0001;p0002;p0003;p0004,p0002,44;75;87;36;83;24;79;40;48;4;9;56;16;60;52;12,1.0,4.0,1.0,0.0,1.0,0.25,0.4,0.0
hotpotqa_5a8ee6915542990e94052bad,hotpotqa,hotpotqa_oncu_200,dense,3,220,40,multi_hop,16000,scattered,medium,unknown,p0001;p0002;p0003;p0004,,46;34;38,0.0,4.0,0.0,0.0,0.0,0.0,0.0,0.0
hotpotqa_5a8ee6915542990e94052bad,hotpotqa,hotpotqa_oncu_200,dense,5,220,40,multi_hop,16000,scattered,medium,unknown,p0001;p0002;p0003;p0004,p0013;p0014,46;34;38;85;31,2.0,4.0,0.0,0.0,0.0,0.0,0.0,1.0
hotpotqa_5a8ee6915542990e94052bad,hotpotqa,hotpotqa_oncu_200,dense,8,220,40,multi_hop,16000,scattered,medium,unknown,p0001;p0002;p0003;p0004,p0013;p0014;p0003,46;34;38;85;31;77;20;26,3.0,4.0,1.0,0.0,0.3333333333333333,0.25,0.28571428571428575,0.6666666666666666
hotpotqa_5a8ee6915542990e94052bad,hotpotqa,hotpotqa_oncu_200,dense,16,220,40,multi_hop,16000,scattered,medium,unknown,p0001;p0002;p0003;p0004,p0013;p0014;p0003,46;34;38;85;31;77;20;26;81;73;50;6;42;22;16;69,3.0,4.0,1.0,0.0,0.3333333333333333,0.25,0.28571428571428575,0.6666666666666666
hotpotqa_5a8ee6915542990e94052bad,hotpotqa,hotpotqa_oncu_200,hybrid,3,220,40,multi_hop,16000,scattered,medium,unknown,p0001;p0002;p0003;p0004,p0002,44;83;34,1.0,4.0,1.0,0.0,1.0,0.25,0.4,0.0
hotpotqa_5a8ee6915542990e94052bad,hotpotqa,hotpotqa_oncu_200,hybrid,5,220,40,multi_hop,16000,scattered,medium,unknown,p0001;p0002;p0003;p0004,p0002,44;83;34;87;85,1.0,4.0,1.0,0.0,1.0,0.25,0.4,0.0
hotpotqa_5a8ee6915542990e94052bad,hotpotqa,hotpotqa_oncu_200,hybrid,8,220,40,multi_hop,16000,scattered,medium,unknown,p0001;p0002;p0003;p0004,p0002,44;83;34;87;85;4;16;40,1.0,4.0,1.0,0.0,1.0,0.25,0.4,0.0
hotpotqa_5a8ee6915542990e94052bad,hotpotqa,hotpotqa_oncu_200,hybrid,16,220,40,multi_hop,16000,scattered,medium,unknown,p0001;p0002;p0003;p0004,p0002,44;83;34;87;85;4;16;40;75;6;20;24;36;79;56;67,1.0,4.0,1.0,0.0,1.0,0.25,0.4,0.0
hotpotqa_5a8ee6915542990e94052bad,hotpotqa,hotpotqa_oncu_200,iterative,3,220,40,multi_hop,16000,scattered,medium,unknown,p0001;p0002;p0003;p0004,p0002,44;75;87,1.0,4.0,1.0,0.0,1.0,0.25,0.4,0.0
hotpotqa_5a8ee6915542990e94052bad,hotpotqa,hotpotqa_oncu_200,iterative,5,220,40,multi_hop,16000,scattered,medium,unknown,p0001;p0002;p0003;p0004,p0002,44;75;87;83;36,1.0,4.0,1.0,0.0,1.0,0.25,0.4,0.0
hotpotqa_5a8ee6915542990e94052bad,hotpotqa,hotpotqa_oncu_200,iterative,8,220,40,multi_hop,16000,scattered,medium,unknown,p0001;p0002;p0003;p0004,p0002,44;75;87;83;36;24;40;79,1.0,4.0,1.0,0.0,1.0,0.25,0.4,0.0
hotpotqa_5a8ee6915542990e94052bad,hotpotqa,hotpotqa_oncu_200,iterative,16,220,40,multi_hop,16000,scattered,medium,unknown,p0001;p0002;p0003;p0004,p0002,44;75;87;83;36;24;40;79;48;4;12;16;0;67;52;56,1.0,4.0,1.0,0.0,1.0,0.25,0.4,0.0
hotpotqa_5a8ee6915542990e94052bad,hotpotqa,hotpotqa_oncu_200,oracle,3,220,40,multi_hop,16000,scattered,medium,unknown,p0001;p0002;p0003;p0004,p0001;p0002;p0003,0;1;2,3.0,4.0,1.0,0.0,1.0,0.75,0.8571428571428571,0.0
hotpotqa_5a8ee6915542990e94052bad,hotpotqa,hotpotqa_oncu_200,oracle,5,220,40,multi_hop,16000,scattered,medium,unknown,p0001;p0002;p0003;p0004,p0001;p0002;p0003;p0004,0;1;2;3,4.0,4.0,1.0,1.0,1.0,1.0,1.0,0.0
hotpotqa_5a8ee6915542990e94052bad,hotpotqa,hotpotqa_oncu_200,oracle,8,220,40,multi_hop,16000,scattered,medium,unknown,p0001;p0002;p0003;p0004,p0001;p0002;p0003;p0004,0;1;2;3,4.0,4.0,1.0,1.0,1.0,1.0,1.0,0.0
hotpotqa_5a8ee6915542990e94052bad,hotpotqa,hotpotqa_oncu_200,oracle,16,220,40,multi_hop,16000,scattered,medium,unknown,p0001;p0002;p0003;p0004,p0001;p0002;p0003;p0004,0;1;2;3,4.0,4.0,1.0,1.0,1.0,1.0,1.0,0.0
hotpotqa_5ab271fe554299449642c8a6,hotpotqa,hotpotqa_oncu_200,lexical,3,220,40,comparison,4000,front,low,unknown,p0001;p0002,p0001;p0002,0;1;4,2.0,2.0,1.0,1.0,1.0,1.0,1.0,0.0
hotpotqa_5ab271fe554299449642c8a6,hotpotqa,hotpotqa_oncu_200,lexical,5,220,40,comparison,4000,front,low,unknown,p0001;p0002,p0001;p0002,0;1;4;14;16,2.0,2.0,1.0,1.0,1.0,1.0,1.0,0.0
hotpotqa_5ab271fe554299449642c8a6,hotpotqa,hotpotqa_oncu_200,lexical,8,220,40,comparison,4000,front,low,unknown,p0001;p0002,p0001;p0002,0;1;4;14;16;9;11;19,2.0,2.0,1.0,1.0,1.0,1.0,1.0,0.0
hotpotqa_5ab271fe554299449642c8a6,hotpotqa,hotpotqa_oncu_200,lexical,16,220,40,comparison,4000,front,low,unknown,p0001;p0002,p0001;p0002;p0009;p0010;p0012;p0006;p0007;p0008,0;1;4;14;16;9;11;19;21;18;8;7;3;13;2;12,8.0,2.0,1.0,1.0,0.25,1.0,0.4,0.75
hotpotqa_5ab271fe554299449642c8a6,hotpotqa,hotpotqa_oncu_200,dense,3,220,40,comparison,4000,front,low,unknown,p0001;p0002,p0002;p0003;p0004;p0006,1;6;21,4.0,2.0,1.0,0.0,0.25,0.5,0.3333333333333333,0.75
hotpotqa_5ab271fe554299449642c8a6,hotpotqa,hotpotqa_oncu_200,dense,5,220,40,comparison,4000,front,low,unknown,p0001;p0002,p0002;p0003;p0004;p0006,1;6;21;16;4,4.0,2.0,1.0,0.0,0.25,0.5,0.3333333333333333,0.75
hotpotqa_5ab271fe554299449642c8a6,hotpotqa,hotpotqa_oncu_200,dense,8,220,40,comparison,4000,front,low,unknown,p0001;p0002,p0002;p0003;p0004;p0006;p0009;p0010;p0012,1;6;21;16;4;14;8;9,7.0,2.0,1.0,0.0,0.14285714285714285,0.5,0.22222222222222224,0.8571428571428571
hotpotqa_5ab271fe554299449642c8a6,hotpotqa,hotpotqa_oncu_200,dense,16,220,40,comparison,4000,front,low,unknown,p0001;p0002,p0002;p0003;p0004;p0006;p0009;p0010;p0012;p0001,1;6;21;16;4;14;8;9;11;17;19;2;12;10;20;0,8.0,2.0,1.0,1.0,0.25,1.0,0.4,0.75
hotpotqa_5ab271fe554299449642c8a6,hotpotqa,hotpotqa_oncu_200,hybrid,3,220,40,comparison,4000,front,low,unknown,p0001;p0002,p0002,1;4;16,1.0,2.0,1.0,0.0,1.0,0.5,0.6666666666666666,0.0
hotpotqa_5ab271fe554299449642c8a6,hotpotqa,hotpotqa_oncu_200,hybrid,5,220,40,comparison,4000,front,low,unknown,p0001;p0002,p0002,1;4;16;14;21,1.0,2.0,1.0,0.0,1.0,0.5,0.6666666666666666,0.0
hotpotqa_5ab271fe554299449642c8a6,hotpotqa,hotpotqa_oncu_200,hybrid,8,220,40,comparison,4000,front,low,unknown,p0001;p0002,p0002;p0001,1;4;16;14;21;9;0;11,2.0,2.0,1.0,1.0,1.0,1.0,1.0,0.0
hotpotqa_5ab271fe554299449642c8a6,hotpotqa,hotpotqa_oncu_200,hybrid,16,220,40,comparison,4000,front,low,unknown,p0001;p0002,p0002;p0001;p0003;p0004;p0006;p0009;p0010;p0012;p0007;p0008,1;4;16;14;21;9;0;11;6;8;19;2;17;12;18;7,10.0,2.0,1.0,1.0,0.2,1.0,0.33333333333333337,0.8
hotpotqa_5ab271fe554299449642c8a6,hotpotqa,hotpotqa_oncu_200,iterative,3,220,40,comparison,4000,front,low,unknown,p0001;p0002,p0001;p0002,0;1;4,2.0,2.0,1.0,1.0,1.0,1.0,1.0,0.0
hotpotqa_5ab271fe554299449642c8a6,hotpotqa,hotpotqa_oncu_200,iterative,5,220,40,comparison,4000,front,low,unknown,p0001;p0002,p0001;p0002,0;1;4;14;10,2.0,2.0,1.0,1.0,1.0,1.0,1.0,0.0
hotpotqa_5ab271fe554299449642c8a6,hotpotqa,hotpotqa_oncu_200,iterative,8,220,40,comparison,4000,front,low,unknown,p0001;p0002,p0001;p0002;p0003;p0004;p0006,0;1;4;14;10;5;6;20,5.0,2.0,1.0,1.0,0.4,1.0,0.5714285714285715,0.6
hotpotqa_5ab271fe554299449642c8a6,hotpotqa,hotpotqa_oncu_200,iterative,16,220,40,comparison,4000,front,low,unknown,p0001;p0002,p0001;p0002;p0003;p0004;p0006,0;1;4;14;10;5;6;20;18;15;16;2;3;17;19;9,5.0,2.0,1.0,1.0,0.4,1.0,0.5714285714285715,0.6
hotpotqa_5ab271fe554299449642c8a6,hotpotqa,hotpotqa_oncu_200,oracle,3,220,40,comparison,4000,front,low,unknown,p0001;p0002,p0001;p0002,0;1,2.0,2.0,1.0,1.0,1.0,1.0,1.0,0.0
hotpotqa_5ab271fe554299449642c8a6,hotpotqa,hotpotqa_oncu_200,oracle,5,220,40,comparison,4000,front,low,unknown,p0001;p0002,p0001;p0002,0;1,2.0,2.0,1.0,1.0,1.0,1.0,1.0,0.0
hotpotqa_5ab271fe554299449642c8a6,hotpotqa,hotpotqa_oncu_200,oracle,8,220,40,comparison,4000,front,low,unknown,p0001;p0002,p0001;p0002,0;1,2.0,2.0,1.0,1.0,1.0,1.0,1.0,0.0
hotpotqa_5ab271fe554299449642c8a6,hotpotqa,hotpotqa_oncu_200,oracle,16,220,40,comparison,4000,front,low,unknown,p0001;p0002,p0001;p0002,0;1,2.0,2.0,1.0,1.0,1.0,1.0,1.0,0.0
hotpotqa_5ae819ac55429952e35eaa16,hotpotqa,hotpotqa_oncu_200,lexical,3,220,40,multi_hop,8000,middle,low,unknown,p0001;p0002,p0001;p0002,24;30;21,2.0,2.0,1.0,1.0,1.0,1.0,1.0,0.0
hotpotqa_5ae819ac55429952e35eaa16,hotpotqa,hotpotqa_oncu_200,lexical,5,220,40,multi_hop,8000,middle,low,unknown,p0001;p0002,p0001;p0002,24;30;21;37;3,2.0,2.0,1.0,1.0,1.0,1.0,1.0,0.0
hotpotqa_5ae819ac55429952e35eaa16,hotpotqa,hotpotqa_oncu_200,lexical,8,220,40,multi_hop,8000,middle,low,unknown,p0001;p0002,p0001;p0002,24;30;21;37;3;31;17;38,2.0,2.0,1.0,1.0,1.0,1.0,1.0,0.0
hotpotqa_5ae819ac55429952e35eaa16,hotpotqa,hotpotqa_oncu_200,lexical,16,220,40,multi_hop,8000,middle,low,unknown,p0001;p0002,p0001;p0002,24;30;21;37;3;31;17;38;9;10;2;42;7;23;28;35,2.0,2.0,1.0,1.0,1.0,1.0,1.0,0.0
hotpotqa_5ae819ac55429952e35eaa16,hotpotqa,hotpotqa_oncu_200,dense,3,220,40,multi_hop,8000,middle,low,unknown,p0001;p0002,,12;5;23,0.0,2.0,0.0,0.0,0.0,0.0,0.0,0.0
hotpotqa_5ae819ac55429952e35eaa16,hotpotqa,hotpotqa_oncu_200,dense,5,220,40,multi_hop,8000,middle,low,unknown,p0001;p0002,p0009;p0011,12;5;23;25;15,2.0,2.0,0.0,0.0,0.0,0.0,0.0,1.0
hotpotqa_5ae819ac55429952e35eaa16,hotpotqa,hotpotqa_oncu_200,dense,8,220,40,multi_hop,8000,middle,low,unknown,p0001;p0002,p0009;p0011,12;5;23;25;15;11;18;4,2.0,2.0,0.0,0.0,0.0,0.0,0.0,1.0
hotpotqa_5ae819ac55429952e35eaa16,hotpotqa,hotpotqa_oncu_200,dense,16,220,40,multi_hop,8000,middle,low,unknown,p0001;p0002,p0009;p0011,12;5;23;25;15;11;18;4;19;44;32;37;39;30;7;0,2.0,2.0,0.0,0.0,0.0,0.0,0.0,1.0
hotpotqa_5ae819ac55429952e35eaa16,hotpotqa,hotpotqa_oncu_200,hybrid,3,220,40,multi_hop,8000,middle,low,unknown,p0001;p0002,,30;37;23,0.0,2.0,0.0,0.0,0.0,0.0,0.0,0.0
hotpotqa_5ae819ac55429952e35eaa16,hotpotqa,hotpotqa_oncu_200,hybrid,5,220,40,multi_hop,8000,middle,low,unknown,p0001;p0002,,30;37;23;12;25,0.0,2.0,0.0,0.0,0.0,0.0,0.0,0.0
hotpotqa_5ae819ac55429952e35eaa16,hotpotqa,hotpotqa_oncu_200,hybrid,8,220,40,multi_hop,8000,middle,low,unknown,p0001;p0002,,30;37;23;12;25;7;5;44,0.0,2.0,0.0,0.0,0.0,0.0,0.0,0.0
hotpotqa_5ae819ac55429952e35eaa16,hotpotqa,hotpotqa_oncu_200,hybrid,16,220,40,multi_hop,8000,middle,low,unknown,p0001;p0002,p0001;p0002;p0009;p0011,30;37;23;12;25;7;5;44;21;2;24;9;3;0;15;42,4.0,2.0,1.0,1.0,0.5,1.0,0.6666666666666666,0.5
hotpotqa_5ae819ac55429952e35eaa16,hotpotqa,hotpotqa_oncu_200,iterative,3,220,40,multi_hop,8000,middle,low,unknown,p0001;p0002,,24;31;38,0.0,2.0,0.0,0.0,0.0,0.0,0.0,0.0
hotpotqa_5ae819ac55429952e35eaa16,hotpotqa,hotpotqa_oncu_200,iterative,5,220,40,multi_hop,8000,middle,low,unknown,p0001;p0002,,24;31;38;30;3,0.0,2.0,0.0,0.0,0.0,0.0,0.0,0.0
hotpotqa_5ae819ac55429952e35eaa16,hotpotqa,hotpotqa_oncu_200,iterative,8,220,40,multi_hop,8000,middle,low,unknown,p0001;p0002,,24;31;38;30;3;17;37;9,0.0,2.0,0.0,0.0,0.0,0.0,0.0,0.0
hotpotqa_5ae819ac55429952e35eaa16,hotpotqa,hotpotqa_oncu_200,iterative,16,220,40,multi_hop,8000,middle,low,unknown,p0001;p0002,p0001;p0002;p0011;p0012,24;31;38;30;3;17;37;9;21;6;20;10;2;16;41;23,4.0,2.0,1.0,1.0,0.5,1.0,0.6666666666666666,0.5
hotpotqa_5ae819ac55429952e35eaa16,hotpotqa,hotpotqa_oncu_200,oracle,3,220,40,multi_hop,8000,middle,low,unknown,p0001;p0002,p0001;p0002,0;1,2.0,2.0,1.0,1.0,1.0,1.0,1.0,0.0
hotpotqa_5ae819ac55429952e35eaa16,hotpotqa,hotpotqa_oncu_200,oracle,5,220,40,multi_hop,8000,middle,low,unknown,p0001;p0002,p0001;p0002,0;1,2.0,2.0,1.0,1.0,1.0,1.0,1.0,0.0
hotpotqa_5ae819ac55429952e35eaa16,hotpotqa,hotpotqa_oncu_200,oracle,8,220,40,multi_hop,8000,middle,low,unknown,p0001;p0002,p0001;p0002,0;1,2.0,2.0,1.0,1.0,1.0,1.0,1.0,0.0
hotpotqa_5ae819ac55429952e35eaa16,hotpotqa,hotpotqa_oncu_200,oracle,16,220,40,multi_hop,8000,middle,low,unknown,p0001;p0002,p0001;p0002,0;1,2.0,2.0,1.0,1.0,1.0,1.0,1.0,0.0
hotpotqa_5a87bada5542994846c1cddc,hotpotqa,hotpotqa_oncu_200,lexical,3,220,40,multi_hop,16000,end,medium,unknown,p0001;p0002;p0003,,46;17;79,0.0,3.0,0.0,0.0,0.0,0.0,0.0,0.0
hotpotqa_5a87bada5542994846c1cddc,hotpotqa,hotpotqa_oncu_200,lexical,5,220,40,multi_hop,16000,end,medium,unknown,p0001;p0002;p0003,,46;17;79;75;35,0.0,3.0,0.0,0.0,0.0,0.0,0.0,0.0
hotpotqa_5a87bada5542994846c1cddc,hotpotqa,hotpotqa_oncu_200,lexical,8,220,40,multi_hop,16000,end,medium,unknown,p0001;p0002;p0003,,46;17;79;75;35;39;64;57,0.0,3.0,0.0,0.0,0.0,0.0,0.0,0.0
hotpotqa_5a87bada5542994846c1cddc,hotpotqa,hotpotqa_oncu_200,lexical,16,220,40,multi_hop,16000,end,medium,unknown,p0001;p0002;p0003,p0013,46;17;79;75;35;39;64;57;6;10;24;86;53;68;71;31,1.0,3.0,0.0,0.0,0.0,0.0,0.0,1.0
hotpotqa_5a87bada5542994846c1cddc,hotpotqa,hotpotqa_oncu_200,dense,3,220,40,multi_hop,16000,end,medium,unknown,p0001;p0002;p0003,p0001;p0002;p0003,77;15;19,3.0,3.0,1.0,1.0,1.0,1.0,1.0,0.0
hotpotqa_5a87bada5542994846c1cddc,hotpotqa,hotpotqa_oncu_200,dense,5,220,40,multi_hop,16000,end,medium,unknown,p0001;p0002;p0003,p0001;p0002;p0003,77;15;19;81;34,3.0,3.0,1.0,1.0,1.0,1.0,1.0,0.0
hotpotqa_5a87bada5542994846c1cddc,hotpotqa,hotpotqa_oncu_200,dense,8,220,40,multi_hop,16000,end,medium,unknown,p0001;p0002;p0003,p0001;p0002;p0003,77;15;19;81;34;5;18;80,3.0,3.0,1.0,1.0,1.0,1.0,1.0,0.0
hotpotqa_5a87bada5542994846c1cddc,hotpotqa,hotpotqa_oncu_200,dense,16,220,40,multi_hop,16000,end,medium,unknown,p0001;p0002;p0003,p0001;p0002;p0003;p0007;p0008;p0009,77;15;19;81;34;5;18;80;1;8;48;73;29;37;66;54,6.0,3.0,1.0,1.0,0.5,1.0,0.6666666666666666,0.5
hotpotqa_5a87bada5542994846c1cddc,hotpotqa,hotpotqa_oncu_200,hybrid,3,220,40,multi_hop,16000,end,medium,unknown,p0001;p0002;p0003,,19;81;1,0.0,3.0,0.0,0.0,0.0,0.0,0.0,0.0
hotpotqa_5a87bada5542994846c1cddc,hotpotqa,hotpotqa_oncu_200,hybrid,5,220,40,multi_hop,16000,end,medium,unknown,p0001;p0002;p0003,,19;81;1;54;46,0.0,3.0,0.0,0.0,0.0,0.0,0.0,0.0
hotpotqa_5a87bada5542994846c1cddc,hotpotqa,hotpotqa_oncu_200,hybrid,8,220,40,multi_hop,16000,end,medium,unknown,p0001;p0002;p0003,,19;81;1;54;46;5;48;34,0.0,3.0,0.0,0.0,0.0,0.0,0.0,0.0
hotpotqa_5a87bada5542994846c1cddc,hotpotqa,hotpotqa_oncu_200,hybrid,16,220,40,multi_hop,16000,end,medium,unknown,p0001;p0002;p0003,p0001;p0002;p0003,19;81;1;54;46;5;48;34;8;75;15;17;35;79;77;57,3.0,3.0,1.0,1.0,1.0,1.0,1.0,0.0
hotpotqa_5a87bada5542994846c1cddc,hotpotqa,hotpotqa_oncu_200,iterative,3,220,40,multi_hop,16000,end,medium,unknown,p0001;p0002;p0003,,46;35;24,0.0,3.0,0.0,0.0,0.0,0.0,0.0,0.0
hotpotqa_5a87bada5542994846c1cddc,hotpotqa,hotpotqa_oncu_200,iterative,5,220,40,multi_hop,16000,end,medium,unknown,p0001;p0002;p0003,,46;35;24;17;86,0.0,3.0,0.0,0.0,0.0,0.0,0.0,0.0
hotpotqa_5a87bada5542994846c1cddc,hotpotqa,hotpotqa_oncu_200,iterative,8,220,40,multi_hop,16000,end,medium,unknown,p0001;p0002;p0003,,46;35;24;17;86;6;79;64,0.0,3.0,0.0,0.0,0.0,0.0,0.0,0.0
hotpotqa_5a87bada5542994846c1cddc,hotpotqa,hotpotqa_oncu_200,iterative,16,220,40,multi_hop,16000,end,medium,unknown,p0001;p0002;p0003,,46;35;24;17;86;6;79;64;53;75;71;39;57;13;10;42,0.0,3.0,0.0,0.0,0.0,0.0,0.0,0.0
hotpotqa_5a87bada5542994846c1cddc,hotpotqa,hotpotqa_oncu_200,oracle,3,220,40,multi_hop,16000,end,medium,unknown,p0001;p0002;p0003,p0001;p0002;p0003,0;1;2,3.0,3.0,1.0,1.0,1.0,1.0,1.0,0.0
hotpotqa_5a87bada5542994846c1cddc,hotpotqa,hotpotqa_oncu_200,oracle,5,220,40,multi_hop,16000,end,medium,unknown,p0001;p0002;p0003,p0001;p0002;p0003,0;1;2,3.0,3.0,1.0,1.0,1.0,1.0,1.0,0.0
hotpotqa_5a87bada5542994846c1cddc,hotpotqa,hotpotqa_oncu_200,oracle,8,220,40,multi_hop,16000,end,medium,unknown,p0001;p0002;p0003,p0001;p0002;p0003,0;1;2,3.0,3.0,1.0,1.0,1.0,1.0,1.0,0.0
hotpotqa_5a87bada5542994846c1cddc,hotpotqa,hotpotqa_oncu_200,oracle,16,220,40,multi_hop,16000,end,medium,unknown,p0001;p0002;p0003,p0001;p0002;p0003,0;1;2,3.0,3.0,1.0,1.0,1.0,1.0,1.0,0.0
hotpotqa_5adf65555542992d7e9f9334,hotpotqa,hotpotqa_oncu_200,lexical,3,220,40,multi_hop,4000,scattered,low,unknown,p0001;p0002,p0002;p0006;p0007;p0009,10;8;2,4.0,2.0,1.0,0.0,0.25,0.5,0.3333333333333333,0.75
hotpotqa_5adf65555542992d7e9f9334,hotpotqa,hotpotqa_oncu_200,lexical,5,220,40,multi_hop,4000,scattered,low,unknown,p0001;p0002,p0002;p0006;p0007;p0009,10;8;2;11;14,4.0,2.0,1.0,0.0,0.25,0.5,0.3333333333333333,0.75
hotpotqa_5adf65555542992d7e9f9334,hotpotqa,hotpotqa_oncu_200,lexical,8,220,40,multi_hop,4000,scattered,low,unknown,p0001;p0002,p0002;p0006;p0007;p0009;p0005,10;8;2;11;14;18;19;7,5.0,2.0,1.0,0.0,0.2,0.5,0.28571428571428575,0.8
hotpotqa_5adf65555542992d7e9f9334,hotpotqa,hotpotqa_oncu_200,lexical,16,220,40,multi_hop,4000,scattered,low,unknown,p0001;p0002,p0002;p0006;p0007;p0009;p0005;p0010;p0011;p0003,10;8;2;11;14;18;19;7;15;3;9;5;13;17;16;21,8.0,2.0,1.0,0.0,0.125,0.5,0.2,0.875
hotpotqa_5adf65555542992d7e9f9334,hotpotqa,hotpotqa_oncu_200,dense,3,220,40,multi_hop,4000,scattered,low,unknown,p0001;p0002,,4;16;20,0.0,2.0,0.0,0.0,0.0,0.0,0.0,0.0
hotpotqa_5adf65555542992d7e9f9334,hotpotqa,hotpotqa_oncu_200,dense,5,220,40,multi_hop,4000,scattered,low,unknown,p0001;p0002,p0002,4;16;20;10;12,1.0,2.0,1.0,0.0,1.0,0.5,0.6666666666666666,0.0
hotpotqa_5adf65555542992d7e9f9334,hotpotqa,hotpotqa_oncu_200,dense,8,220,40,multi_hop,4000,scattered,low,unknown,p0001;p0002,p0002;p0006;p0007;p0009,4;16;20;10;12;11;15;8,4.0,2.0,1.0,0.0,0.25,0.5,0.3333333333333333,0.75
hotpotqa_5adf65555542992d7e9f9334,hotpotqa,hotpotqa_oncu_200,dense,16,220,40,multi_hop,4000,scattered,low,unknown,p0001;p0002,p0002;p0006;p0007;p0009;p0010;p0011;p0003;p0004;p0001,4;16;20;10;12;11;15;8;2;19;9;6;0;3;1;14,9.0,2.0,1.0,1.0,0.2222222222222222,1.0,0.3636363636363636,0.7777777777777778
hotpotqa_5adf65555542992d7e9f9334,hotpotqa,hotpotqa_oncu_200,hybrid,3,220,40,multi_hop,4000,scattered,low,unknown,p0001;p0002,p0002;p0006;p0007;p0009,10;8;11,4.0,2.0,1.0,0.0,0.25,0.5,0.3333333333333333,0.75
hotpotqa_5adf65555542992d7e9f9334,hotpotqa,hotpotqa_oncu_200,hybrid,5,220,40,multi_hop,4000,scattered,low,unknown,p0001;p0002,p0002;p0006;p0007;p0009,10;8;11;2;16,4.0,2.0,1.0,0.0,0.25,0.5,0.3333333333333333,0.75
hotpotqa_5adf65555542992d7e9f9334,hotpotqa,hotpotqa_oncu_200,hybrid,8,220,40,multi_hop,4000,scattered,low,unknown,p0001;p0002,p0002;p0006;p0007;p0009,10;8;11;2;16;15;19;4,4.0,2.0,1.0,0.0,0.25,0.5,0.3333333333333333,0.75
hotpotqa_5adf65555542992d7e9f9334,hotpotqa,hotpotqa_oncu_200,hybrid,16,220,40,multi_hop,4000,scattered,low,unknown,p0001;p0002,p0002;p0006;p0007;p0009;p0010;p0011;p0005,10;8;11;2;16;15;19;4;14;20;12;9;18;3;7;0,7.0,2.0,1.0,0.0,0.14285714285714285,0.5,0.22222222222222224,0.8571428571428571
hotpotqa_5adf65555542992d7e9f9334,hotpotqa,hotpotqa_oncu_200,iterative,3,220,40,multi_hop,4000,scattered,low,unknown,p0001;p0002,p0002,10;14;2,1.0,2.0,1.0,0.0,1.0,0.5,0.6666666666666666,0.0
hotpotqa_5adf65555542992d7e9f9334,hotpotqa,hotpotqa_oncu_200,iterative,5,220,40,multi_hop,4000,scattered,low,unknown,p0001;p0002,p0002;p0006;p0007;p0009,10;14;2;8;18,4.0,2.0,1.0,0.0,0.25,0.5,0.3333333333333333,0.75
hotpotqa_5adf65555542992d7e9f9334,hotpotqa,hotpotqa_oncu_200,iterative,8,220,40,multi_hop,4000,scattered,low,unknown,p0001;p0002,p0002;p0006;p0007;p0009;p0005;p0010;p0011,10;14;2;8;18;7;11;9,7.0,2.0,1.0,0.0,0.14285714285714285,0.5,0.22222222222222224,0.8571428571428571
hotpotqa_5adf65555542992d7e9f9334,hotpotqa,hotpotqa_oncu_200,iterative,16,220,40,multi_hop,4000,scattered,low,unknown,p0001;p0002,p0002;p0006;p0007;p0009;p0005;p0010;p0011;p0003,10;14;2;8;18;7;11;9;17;13;21;3;5;19;15;16,8.0,2.0,1.0,0.0,0.125,0.5,0.2,0.875
hotpotqa_5adf65555542992d7e9f9334,hotpotqa,hotpotqa_oncu_200,oracle,3,220,40,multi_hop,4000,scattered,low,unknown,p0001;p0002,p0001;p0002,0;1,2.0,2.0,1.0,1.0,1.0,1.0,1.0,0.0
hotpotqa_5adf65555542992d7e9f9334,hotpotqa,hotpotqa_oncu_200,oracle,5,220,40,multi_hop,4000,scattered,low,unknown,p0001;p0002,p0001;p0002,0;1,2.0,2.0,1.0,1.0,1.0,1.0,1.0,0.0
hotpotqa_5adf65555542992d7e9f9334,hotpotqa,hotpotqa_oncu_200,oracle,8,220,40,multi_hop,4000,scattered,low,unknown,p0001;p0002,p0001;p0002,0;1,2.0,2.0,1.0,1.0,1.0,1.0,1.0,0.0
hotpotqa_5adf65555542992d7e9f9334,hotpotqa,hotpotqa_oncu_200,oracle,16,220,40,multi_hop,4000,scattered,low,unknown,p0001;p0002,p0001;p0002,0;1,2.0,2.0,1.0,1.0,1.0,1.0,1.0,0.0
hotpotqa_5ade69e455429975fa854ec5,hotpotqa,hotpotqa_oncu_200,lexical,3,220,40,multi_hop,8000,front,medium,unknown,p0001;p0002;p0003;p0004;p0005,p0004;p0005;p0014;p0015,2;16;28,4.0,5.0,1.0,0.0,0.5,0.4,0.4444444444444445,0.5
hotpotqa_5ade69e455429975fa854ec5,hotpotqa,hotpotqa_oncu_200,lexical,5,220,40,multi_hop,8000,front,medium,unknown,p0001;p0002;p0003;p0004;p0005,p0004;p0005;p0014;p0015,2;16;28;22;25,4.0,5.0,1.0,0.0,0.5,0.4,0.4444444444444445,0.5
hotpotqa_5ade69e455429975fa854ec5,hotpotqa,hotpotqa_oncu_200,lexical,8,220,40,multi_hop,8000,front,medium,unknown,p0001;p0002;p0003;p0004;p0005,p0004;p0005;p0014;p0015,2;16;28;22;25;37;43;20,4.0,5.0,1.0,0.0,0.5,0.4,0.4444444444444445,0.5
hotpotqa_5ade69e455429975fa854ec5,hotpotqa,hotpotqa_oncu_200,lexical,16,220,40,multi_hop,8000,front,medium,unknown,p0001;p0002;p0003;p0004;p0005,p0004;p0005;p0014;p0015,2;16;28;22;25;37;43;20;8;17;11;19;40;34;5;31,4.0,5.0,1.0,0.0,0.5,0.4,0.4444444444444445,0.5
hotpotqa_5ade69e455429975fa854ec5,hotpotqa,hotpotqa_oncu_200,dense,3,220,40,multi_hop,8000,front,medium,unknown,p0001;p0002;p0003;p0004;p0005,p0004;p0005,2;27;33,2.0,5.0,1.0,0.0,1.0,0.4,0.5714285714285715,0.0
hotpotqa_5ade69e455429975fa854ec5,hotpotqa,hotpotqa_oncu_200,dense,5,220,40,multi_hop,8000,front,medium,unknown,p0001;p0002;p0003;p0004;p0005,p0004;p0005,2;27;33;8;7,2.0,5.0,1.0,0.0,1.0,0.4,0.5714285714285715,0.0
hotpotqa_5ade69e455429975fa854ec5,hotpotqa,hotpotqa_oncu_200,dense,8,220,40,multi_hop,8000,front,medium,unknown,p0001;p0002;p0003;p0004;p0005,p0004;p0005,2;27;33;8;7;30;43;37,2.0,5.0,1.0,0.0,1.0,0.4,0.5714285714285715,0.0
hotpotqa_5ade69e455429975fa854ec5,hotpotqa,hotpotqa_oncu_200,dense,16,220,40,multi_hop,8000,front,medium,unknown,p0001;p0002;p0003;p0004;p0005,p0004;p0005,2;27;33;8;7;30;43;37;21;24;39;36;42;11;41;10,2.0,5.0,1.0,0.0,1.0,0.4,0.5714285714285715,0.0
hotpotqa_5ade69e455429975fa854ec5,hotpotqa,hotpotqa_oncu_200,hybrid,3,220,40,multi_hop,8000,front,medium,unknown,p0001;p0002;p0003;p0004;p0005,p0004;p0005,2;8;37,2.0,5.0,1.0,0.0,1.0,0.4,0.5714285714285715,0.0
hotpotqa_5ade69e455429975fa854ec5,hotpotqa,hotpotqa_oncu_200,hybrid,5,220,40,multi_hop,8000,front,medium,unknown,p0001;p0002;p0003;p0004;p0005,p0004;p0005;p0014;p0015,2;8;37;43;16,4.0,5.0,1.0,0.0,0.5,0.4,0.4444444444444445,0.5
hotpotqa_5ade69e455429975fa854ec5,hotpotqa,hotpotqa_oncu_200,hybrid,8,220,40,multi_hop,8000,front,medium,unknown,p0001;p0002;p0003;p0004;p0005,p0004;p0005;p0014;p0015,2;8;37;43;16;11;28;27,4.0,5.0,1.0,0.0,0.5,0.4,0.4444444444444445,0.5
hotpotqa_5ade69e455429975fa854ec5,hotpotqa,hotpotqa_oncu_200,hybrid,16,220,40,multi_hop,8000,front,medium,unknown,p0001;p0002;p0003;p0004;p0005,p0004;p0005;p0014;p0015,2;8;37;43;16;11;28;27;33;7;40;39;22;25;30;42,4.0,5.0,1.0,0.0,0.5,0.4,0.4444444444444445,0.5
hotpotqa_5ade69e455429975fa854ec5,hotpotqa,hotpotqa_oncu_200,iterative,3,220,40,multi_hop,8000,front,medium,unknown,p0001;p0002;p0003;p0004;p0005,p0004;p0005;p0014;p0015,2;28;16,4.0,5.0,1.0,0.0,0.5,0.4,0.4444444444444445,0.5
hotpotqa_5ade69e455429975fa854ec5,hotpotqa,hotpotqa_oncu_200,iterative,5,220,40,multi_hop,8000,front,medium,unknown,p0001;p0002;p0003;p0004;p0005,p0004;p0005;p0014;p0015,2;28;16;25;22,4.0,5.0,1.0,0.0,0.5,0.4,0.4444444444444445,0.5
hotpotqa_5ade69e455429975fa854ec5,hotpotqa,hotpotqa_oncu_200,iterative,8,220,40,multi_hop,8000,front,medium,unknown,p0001;p0002;p0003;p0004;p0005,p0004;p0005;p0014;p0015;p0011;p0012;p0013,2;28;16;25;22;37;43;15,7.0,5.0,1.0,0.0,0.2857142857142857,0.4,0.3333333333333333,0.7142857142857143
hotpotqa_5ade69e455429975fa854ec5,hotpotqa,hotpotqa_oncu_200,iterative,16,220,40,multi_hop,8000,front,medium,unknown,p0001;p0002;p0003;p0004;p0005,p0004;p0005;p0014;p0015;p0011;p0012;p0013,2;28;16;25;22;37;43;15;19;34;11;8;17;31;5;40,7.0,5.0,1.0,0.0,0.2857142857142857,0.4,0.3333333333333333,0.7142857142857143
hotpotqa_5ade69e455429975fa854ec5,hotpotqa,hotpotqa_oncu_200,oracle,3,220,40,multi_hop,8000,front,medium,unknown,p0001;p0002;p0003;p0004;p0005,p0001;p0002;p0003,0;1;2,3.0,5.0,1.0,0.0,1.0,0.6,0.7499999999999999,0.0
hotpotqa_5ade69e455429975fa854ec5,hotpotqa,hotpotqa_oncu_200,oracle,5,220,40,multi_hop,8000,front,medium,unknown,p0001;p0002;p0003;p0004;p0005,p0001;p0002;p0003;p0004;p0005,0;1;2;3;4,5.0,5.0,1.0,1.0,1.0,1.0,1.0,0.0
hotpotqa_5ade69e455429975fa854ec5,hotpotqa,hotpotqa_oncu_200,oracle,8,220,40,multi_hop,8000,front,medium,unknown,p0001;p0002;p0003;p0004;p0005,p0001;p0002;p0003;p0004;p0005,0;1;2;3;4,5.0,5.0,1.0,1.0,1.0,1.0,1.0,0.0
hotpotqa_5ade69e455429975fa854ec5,hotpotqa,hotpotqa_oncu_200,oracle,16,220,40,multi_hop,8000,front,medium,unknown,p0001;p0002;p0003;p0004;p0005,p0001;p0002;p0003;p0004;p0005,0;1;2;3;4,5.0,5.0,1.0,1.0,1.0,1.0,1.0,0.0
hotpotqa_5a7ed2c655429930675135e5,hotpotqa,hotpotqa_oncu_200,lexical,3,220,40,multi_hop,16000,middle,low,unknown,p0001;p0002,p0001;p0002,44;43;11,2.0,2.0,1.0,1.0,1.0,1.0,1.0,0.0
hotpotqa_5a7ed2c655429930675135e5,hotpotqa,hotpotqa_oncu_200,lexical,5,220,40,multi_hop,16000,middle,low,unknown,p0001;p0002,p0001;p0002,44;43;11;69;51,2.0,2.0,1.0,1.0,1.0,1.0,1.0,0.0
hotpotqa_5a7ed2c655429930675135e5,hotpotqa,hotpotqa_oncu_200,lexical,8,220,40,multi_hop,16000,middle,low,unknown,p0001;p0002,p0001;p0002,44;43;11;69;51;87;79;21,2.0,2.0,1.0,1.0,1.0,1.0,1.0,0.0
hotpotqa_5a7ed2c655429930675135e5,hotpotqa,hotpotqa_oncu_200,lexical,16,220,40,multi_hop,16000,middle,low,unknown,p0001;p0002,p0001;p0002;p0012,44;43;11;69;51;87;79;21;72;40;3;61;32;14;54;25,3.0,2.0,1.0,1.0,0.6666666666666666,1.0,0.8,0.3333333333333333
hotpotqa_5a7ed2c655429930675135e5,hotpotqa,hotpotqa_oncu_200,dense,3,220,40,multi_hop,16000,middle,low,unknown,p0001;p0002,p0001;p0002,44;88;1,2.0,2.0,1.0,1.0,1.0,1.0,1.0,0.0
hotpotqa_5a7ed2c655429930675135e5,hotpotqa,hotpotqa_oncu_200,dense,5,220,40,multi_hop,16000,middle,low,unknown,p0001;p0002,p0001;p0002,44;88;1;37;77,2.0,2.0,1.0,1.0,1.0,1.0,1.0,0.0
hotpotqa_5a7ed2c655429930675135e5,hotpotqa,hotpotqa_oncu_200,dense,8,220,40,multi_hop,16000,middle,low,unknown,p0001;p0002,p0001;p0002,44;88;1;37;77;59;19;72,2.0,2.0,1.0,1.0,1.0,1.0,1.0,0.0
hotpotqa_5a7ed2c655429930675135e5,hotpotqa,hotpotqa_oncu_200,dense,16,220,40,multi_hop,16000,middle,low,unknown,p0001;p0002,p0001;p0002;p0012,44;88;1;37;77;59;19;72;84;8;32;14;54;83;48;70,3.0,2.0,1.0,1.0,0.6666666666666666,1.0,0.8,0.3333333333333333
hotpotqa_5a7ed2c655429930675135e5,hotpotqa,hotpotqa_oncu_200,hybrid,3,220,40,multi_hop,16000,middle,low,unknown,p0001;p0002,p0001;p0002,44;72;43,2.0,2.0,1.0,1.0,1.0,1.0,1.0,0.0
hotpotqa_5a7ed2c655429930675135e5,hotpotqa,hotpotqa_oncu_200,hybrid,5,220,40,multi_hop,16000,middle,low,unknown,p0001;p0002,p0001;p0002;p0012,44;72;43;32;14,3.0,2.0,1.0,1.0,0.6666666666666666,1.0,0.8,0.3333333333333333
hotpotqa_5a7ed2c655429930675135e5,hotpotqa,hotpotqa_oncu_200,hybrid,8,220,40,multi_hop,16000,middle,low,unknown,p0001;p0002,p0001;p0002;p0012,44;72;43;32;14;1;54;21,3.0,2.0,1.0,1.0,0.6666666666666666,1.0,0.8,0.3333333333333333
hotpotqa_5a7ed2c655429930675135e5,hotpotqa,hotpotqa_oncu_200,hybrid,16,220,40,multi_hop,16000,middle,low,unknown,p0001;p0002,p0001;p0002;p0012,44;72;43;32;14;1;54;21;88;3;79;77;83;59;61;19,3.0,2.0,1.0,1.0,0.6666666666666666,1.0,0.8,0.3333333333333333
hotpotqa_5a7ed2c655429930675135e5,hotpotqa,hotpotqa_oncu_200,iterative,3,220,40,multi_hop,16000,middle,low,unknown,p0001;p0002,p0001;p0002,44;43;11,2.0,2.0,1.0,1.0,1.0,1.0,1.0,0.0
hotpotqa_5a7ed2c655429930675135e5,hotpotqa,hotpotqa_oncu_200,iterative,5,220,40,multi_hop,16000,middle,low,unknown,p0001;p0002,p0001;p0002,44;43;11;51;69,2.0,2.0,1.0,1.0,1.0,1.0,1.0,0.0
hotpotqa_5a7ed2c655429930675135e5,hotpotqa,hotpotqa_oncu_200,iterative,8,220,40,multi_hop,16000,middle,low,unknown,p0001;p0002,p0001;p0002,44;43;11;51;69;87;40;80,2.0,2.0,1.0,1.0,1.0,1.0,1.0,0.0
hotpotqa_5a7ed2c655429930675135e5,hotpotqa,hotpotqa_oncu_200,iterative,16,220,40,multi_hop,16000,middle,low,unknown,p0001;p0002,p0001;p0002,44;43;11;51;69;87;40;80;25;36;7;72;62;65;83;47,2.0,2.0,1.0,1.0,1.0,1.0,1.0,0.0
hotpotqa_5a7ed2c655429930675135e5,hotpotqa,hotpotqa_oncu_200,oracle,3,220,40,multi_hop,16000,middle,low,unknown,p0001;p0002,p0001;p0002,0;1,2.0,2.0,1.0,1.0,1.0,1.0,1.0,0.0
hotpotqa_5a7ed2c655429930675135e5,hotpotqa,hotpotqa_oncu_200,oracle,5,220,40,multi_hop,16000,middle,low,unknown,p0001;p0002,p0001;p0002,0;1,2.0,2.0,1.0,1.0,1.0,1.0,1.0,0.0
hotpotqa_5a7ed2c655429930675135e5,hotpotqa,hotpotqa_oncu_200,oracle,8,220,40,multi_hop,16000,middle,low,unknown,p0001;p0002,p0001;p0002,0;1,2.0,2.0,1.0,1.0,1.0,1.0,1.0,0.0
hotpotqa_5a7ed2c655429930675135e5,hotpotqa,hotpotqa_oncu_200,oracle,16,220,40,multi_hop,16000,middle,low,unknown,p0001;p0002,p0001;p0002,0;1,2.0,2.0,1.0,1.0,1.0,1.0,1.0,0.0
hotpotqa_5a7a276d5542996c55b2dd27,hotpotqa,hotpotqa_oncu_200,lexical,3,220,40,multi_hop,4000,end,medium,unknown,p0001;p0002;p0003,p0001;p0002;p0003,18;19;11,3.0,3.0,1.0,1.0,1.0,1.0,1.0,0.0
hotpotqa_5a7a276d5542996c55b2dd27,hotpotqa,hotpotqa_oncu_200,lexical,5,220,40,multi_hop,4000,end,medium,unknown,p0001;p0002;p0003,p0001;p0002;p0003,18;19;11;4;14,3.0,3.0,1.0,1.0,1.0,1.0,1.0,0.0
hotpotqa_5a7a276d5542996c55b2dd27,hotpotqa,hotpotqa_oncu_200,lexical,8,220,40,multi_hop,4000,end,medium,unknown,p0001;p0002;p0003,p0001;p0002;p0003;p0005;p0006,18;19;11;4;14;6;0;1,5.0,3.0,1.0,1.0,0.6,1.0,0.7499999999999999,0.4
hotpotqa_5a7a276d5542996c55b2dd27,hotpotqa,hotpotqa_oncu_200,lexical,16,220,40,multi_hop,4000,end,medium,unknown,p0001;p0002;p0003,p0001;p0002;p0003;p0005;p0006;p0009;p0011;p0012;p0004,18;19;11;4;14;6;0;1;20;16;12;2;8;17;13;5,9.0,3.0,1.0,1.0,0.3333333333333333,1.0,0.5,0.6666666666666666
hotpotqa_5a7a276d5542996c55b2dd27,hotpotqa,hotpotqa_oncu_200,dense,3,220,40,multi_hop,4000,end,medium,unknown,p0001;p0002;p0003,p0005;p0006,6;14;20,2.0,3.0,0.0,0.0,0.0,0.0,0.0,1.0
hotpotqa_5a7a276d5542996c55b2dd27,hotpotqa,hotpotqa_oncu_200,dense,5,220,40,multi_hop,4000,end,medium,unknown,p0001;p0002;p0003,p0005;p0006,6;14;20;16;0,2.0,3.0,0.0,0.0,0.0,0.0,0.0,1.0
hotpotqa_5a7a276d5542996c55b2dd27,hotpotqa,hotpotqa_oncu_200,dense,8,220,40,multi_hop,4000,end,medium,unknown,p0001;p0002;p0003,p0005;p0006,6;14;20;16;0;11;10;4,2.0,3.0,0.0,0.0,0.0,0.0,0.0,1.0
hotpotqa_5a7a276d5542996c55b2dd27,hotpotqa,hotpotqa_oncu_200,dense,16,220,40,multi_hop,4000,end,medium,unknown,p0001;p0002;p0003,p0005;p0006;p0001;p0002;p0003;p0009;p0011;p0012,6;14;20;16;0;11;10;4;3;21;17;13;19;18;8;9,8.0,3.0,1.0,1.0,0.375,1.0,0.5454545454545454,0.625
hotpotqa_5a7a276d5542996c55b2dd27,hotpotqa,hotpotqa_oncu_200,hybrid,3,220,40,multi_hop,4000,end,medium,unknown,p0001;p0002;p0003,p0005;p0006,6;14;11,2.0,3.0,0.0,0.0,0.0,0.0,0.0,1.0
hotpotqa_5a7a276d5542996c55b2dd27,hotpotqa,hotpotqa_oncu_200,hybrid,5,220,40,multi_hop,4000,end,medium,unknown,p0001;p0002;p0003,p0005;p0006,6;14;11;20;4,2.0,3.0,0.0,0.0,0.0,0.0,0.0,1.0
hotpotqa_5a7a276d5542996c55b2dd27,hotpotqa,hotpotqa_oncu_200,hybrid,8,220,40,multi_hop,4000,end,medium,unknown,p0001;p0002;p0003,p0005;p0006,6;14;11;20;4;0;16;18,2.0,3.0,0.0,0.0,0.0,0.0,0.0,1.0
hotpotqa_5a7a276d5542996c55b2dd27,hotpotqa,hotpotqa_oncu_200,hybrid,16,220,40,multi_hop,4000,end,medium,unknown,p0001;p0002;p0003,p0005;p0006;p0001;p0002;p0003;p0009;p0011;p0012,6;14;11;20;4;0;16;18;19;17;1;21;10;13;8;3,8.0,3.0,1.0,1.0,0.375,1.0,0.5454545454545454,0.625
hotpotqa_5a7a276d5542996c55b2dd27,hotpotqa,hotpotqa_oncu_200,iterative,3,220,40,multi_hop,4000,end,medium,unknown,p0001;p0002;p0003,,14;18;11,0.0,3.0,0.0,0.0,0.0,0.0,0.0,0.0
hotpotqa_5a7a276d5542996c55b2dd27,hotpotqa,hotpotqa_oncu_200,iterative,5,220,40,multi_hop,4000,end,medium,unknown,p0001;p0002;p0003,p0005;p0006,14;18;11;0;6,2.0,3.0,0.0,0.0,0.0,0.0,0.0,1.0
hotpotqa_5a7a276d5542996c55b2dd27,hotpotqa,hotpotqa_oncu_200,iterative,8,220,40,multi_hop,4000,end,medium,unknown,p0001;p0002;p0003,p0005;p0006;p0001;p0002;p0003,14;18;11;0;6;4;19;1,5.0,3.0,1.0,1.0,0.6,1.0,0.7499999999999999,0.4
hotpotqa_5a7a276d5542996c55b2dd27,hotpotqa,hotpotqa_oncu_200,iterative,16,220,40,multi_hop,4000,end,medium,unknown,p0001;p0002;p0003,p0005;p0006;p0001;p0002;p0003,14;18;11;0;6;4;19;1;17;20;21;16;12;13;10;3,5.0,3.0,1.0,1.0,0.6,1.0,0.7499999999999999,0.4
hotpotqa_5a7a276d5542996c55b2dd27,hotpotqa,hotpotqa_oncu_200,oracle,3,220,40,multi_hop,4000,end,medium,unknown,p0001;p0002;p0003,p0001;p0002;p0003,0;1;2,3.0,3.0,1.0,1.0,1.0,1.0,1.0,0.0
hotpotqa_5a7a276d5542996c55b2dd27,hotpotqa,hotpotqa_oncu_200,oracle,5,220,40,multi_hop,4000,end,medium,unknown,p0001;p0002;p0003,p0001;p0002;p0003,0;1;2,3.0,3.0,1.0,1.0,1.0,1.0,1.0,0.0
hotpotqa_5a7a276d5542996c55b2dd27,hotpotqa,hotpotqa_oncu_200,oracle,8,220,40,multi_hop,4000,end,medium,unknown,p0001;p0002;p0003,p0001;p0002;p0003,0;1;2,3.0,3.0,1.0,1.0,1.0,1.0,1.0,0.0
hotpotqa_5a7a276d5542996c55b2dd27,hotpotqa,hotpotqa_oncu_200,oracle,16,220,40,multi_hop,4000,end,medium,unknown,p0001;p0002;p0003,p0001;p0002;p0003,0;1;2,3.0,3.0,1.0,1.0,1.0,1.0,1.0,0.0
hotpotqa_5ab7e4dc5542995dae37e9df,hotpotqa,hotpotqa_oncu_200,lexical,3,220,40,multi_hop,8000,scattered,low,unknown,p0001;p0002,p0002;p0011;p0012,22;17;34,3.0,2.0,1.0,0.0,0.3333333333333333,0.5,0.4,0.6666666666666666
hotpotqa_5ab7e4dc5542995dae37e9df,hotpotqa,hotpotqa_oncu_200,lexical,5,220,40,multi_hop,8000,scattered,low,unknown,p0001;p0002,p0002;p0011;p0012,22;17;34;18;39,3.0,2.0,1.0,0.0,0.3333333333333333,0.5,0.4,0.6666666666666666
hotpotqa_5ab7e4dc5542995dae37e9df,hotpotqa,hotpotqa_oncu_200,lexical,8,220,40,multi_hop,8000,scattered,low,unknown,p0001;p0002,p0002;p0011;p0012;p0001,22;17;34;18;39;3;4;9,4.0,2.0,1.0,1.0,0.5,1.0,0.6666666666666666,0.5
hotpotqa_5ab7e4dc5542995dae37e9df,hotpotqa,hotpotqa_oncu_200,lexical,16,220,40,multi_hop,8000,scattered,low,unknown,p0001;p0002,p0002;p0011;p0012;p0001,22;17;34;18;39;3;4;9;19;23;7;28;8;29;40;33,4.0,2.0,1.0,1.0,0.5,1.0,0.6666666666666666,0.5
hotpotqa_5ab7e4dc5542995dae37e9df,hotpotqa,hotpotqa_oncu_200,dense,3,220,40,multi_hop,8000,scattered,low,unknown,p0001;p0002,p0002,27;32;22,1.0,2.0,1.0,0.0,1.0,0.5,0.6666666666666666,0.0
hotpotqa_5ab7e4dc5542995dae37e9df,hotpotqa,hotpotqa_oncu_200,dense,5,220,40,multi_hop,8000,scattered,low,unknown,p0001;p0002,p0002;p0003,27;32;22;12;37,2.0,2.0,1.0,0.0,0.5,0.5,0.5,0.5
hotpotqa_5ab7e4dc5542995dae37e9df,hotpotqa,hotpotqa_oncu_200,dense,8,220,40,multi_hop,8000,scattered,low,unknown,p0001;p0002,p0002;p0003,27;32;22;12;37;7;42;2,2.0,2.0,1.0,0.0,0.5,0.5,0.5,0.5
hotpotqa_5ab7e4dc5542995dae37e9df,hotpotqa,hotpotqa_oncu_200,dense,16,220,40,multi_hop,8000,scattered,low,unknown,p0001;p0002,p0002;p0003;p0007;p0009;p0005;p0006;p0001,27;32;22;12;37;7;42;2;15;14;3;6;28;43;24;11,7.0,2.0,1.0,1.0,0.2857142857142857,1.0,0.4444444444444445,0.7142857142857143
hotpotqa_5ab7e4dc5542995dae37e9df,hotpotqa,hotpotqa_oncu_200,hybrid,3,220,40,multi_hop,8000,scattered,low,unknown,p0001;p0002,p0002;p0001,22;3;7,2.0,2.0,1.0,1.0,1.0,1.0,1.0,0.0
hotpotqa_5ab7e4dc5542995dae37e9df,hotpotqa,hotpotqa_oncu_200,hybrid,5,220,40,multi_hop,8000,scattered,low,unknown,p0001;p0002,p0002;p0001,22;3;7;34;27,2.0,2.0,1.0,1.0,1.0,1.0,1.0,0.0
hotpotqa_5ab7e4dc5542995dae37e9df,hotpotqa,hotpotqa_oncu_200,hybrid,8,220,40,multi_hop,8000,scattered,low,unknown,p0001;p0002,p0002;p0001;p0003,22;3;7;34;27;28;12;18,3.0,2.0,1.0,1.0,0.6666666666666666,1.0,0.8,0.3333333333333333
hotpotqa_5ab7e4dc5542995dae37e9df,hotpotqa,hotpotqa_oncu_200,hybrid,16,220,40,multi_hop,8000,scattered,low,unknown,p0001;p0002,p0002;p0001;p0003;p0011;p0012,22;3;7;34;27;28;12;18;39;32;17;2;43;37;29;4,5.0,2.0,1.0,1.0,0.4,1.0,0.5714285714285715,0.6
hotpotqa_5ab7e4dc5542995dae37e9df,hotpotqa,hotpotqa_oncu_200,iterative,3,220,40,multi_hop,8000,scattered,low,unknown,p0001;p0002,p0002;p0011;p0012,22;17;34,3.0,2.0,1.0,0.0,0.3333333333333333,0.5,0.4,0.6666666666666666
hotpotqa_5ab7e4dc5542995dae37e9df,hotpotqa,hotpotqa_oncu_200,iterative,5,220,40,multi_hop,8000,scattered,low,unknown,p0001;p0002,p0002;p0011;p0012,22;17;34;7;28,3.0,2.0,1.0,0.0,0.3333333333333333,0.5,0.4,0.6666666666666666
hotpotqa_5ab7e4dc5542995dae37e9df,hotpotqa,hotpotqa_oncu_200,iterative,8,220,40,multi_hop,8000,scattered,low,unknown,p0001;p0002,p0002;p0011;p0012,22;17;34;7;28;23;27;39,3.0,2.0,1.0,0.0,0.3333333333333333,0.5,0.4,0.6666666666666666
hotpotqa_5ab7e4dc5542995dae37e9df,hotpotqa,hotpotqa_oncu_200,iterative,16,220,40,multi_hop,8000,scattered,low,unknown,p0001;p0002,p0002;p0011;p0012;p0001,22;17;34;7;28;23;27;39;4;9;18;11;19;33;32;3,4.0,2.0,1.0,1.0,0.5,1.0,0.6666666666666666,0.5
hotpotqa_5ab7e4dc5542995dae37e9df,hotpotqa,hotpotqa_oncu_200,oracle,3,220,40,multi_hop,8000,scattered,low,unknown,p0001;p0002,p0001;p0002,0;1,2.0,2.0,1.0,1.0,1.0,1.0,1.0,0.0
hotpotqa_5ab7e4dc5542995dae37e9df,hotpotqa,hotpotqa_oncu_200,oracle,5,220,40,multi_hop,8000,scattered,low,unknown,p0001;p0002,p0001;p0002,0;1,2.0,2.0,1.0,1.0,1.0,1.0,1.0,0.0
hotpotqa_5ab7e4dc5542995dae37e9df,hotpotqa,hotpotqa_oncu_200,oracle,8,220,40,multi_hop,8000,scattered,low,unknown,p0001;p0002,p0001;p0002,0;1,2.0,2.0,1.0,1.0,1.0,1.0,1.0,0.0
hotpotqa_5ab7e4dc5542995dae37e9df,hotpotqa,hotpotqa_oncu_200,oracle,16,220,40,multi_hop,8000,scattered,low,unknown,p0001;p0002,p0001;p0002,0;1,2.0,2.0,1.0,1.0,1.0,1.0,1.0,0.0
hotpotqa_5a834ed95542990548d0b1ca,hotpotqa,hotpotqa_oncu_200,lexical,3,220,40,comparison,16000,front,low,unknown,p0001;p0002,,85;41;63,0.0,2.0,0.0,0.0,0.0,0.0,0.0,0.0
hotpotqa_5a834ed95542990548d0b1ca,hotpotqa,hotpotqa_oncu_200,lexical,5,220,40,comparison,16000,front,low,unknown,p0001;p0002,,85;41;63;1;19,0.0,2.0,0.0,0.0,0.0,0.0,0.0,0.0
hotpotqa_5a834ed95542990548d0b1ca,hotpotqa,hotpotqa_oncu_200,lexical,8,220,40,comparison,16000,front,low,unknown,p0001;p0002,p0001;p0002,85;41;63;1;19;3;50;72,2.0,2.0,1.0,1.0,1.0,1.0,1.0,0.0
hotpotqa_5a834ed95542990548d0b1ca,hotpotqa,hotpotqa_oncu_200,lexical,16,220,40,comparison,16000,front,low,unknown,p0001;p0002,p0001;p0002,85;41;63;1;19;3;50;72;6;76;10;4;54;49;5;71,2.0,2.0,1.0,1.0,1.0,1.0,1.0,0.0
hotpotqa_5a834ed95542990548d0b1ca,hotpotqa,hotpotqa_oncu_200,dense,3,220,40,comparison,16000,front,low,unknown,p0001;p0002,p0001;p0002,4;6;85,2.0,2.0,1.0,1.0,1.0,1.0,1.0,0.0
hotpotqa_5a834ed95542990548d0b1ca,hotpotqa,hotpotqa_oncu_200,dense,5,220,40,comparison,16000,front,low,unknown,p0001;p0002,p0001;p0002,4;6;85;88;72,2.0,2.0,1.0,1.0,1.0,1.0,1.0,0.0
hotpotqa_5a834ed95542990548d0b1ca,hotpotqa,hotpotqa_oncu_200,dense,8,220,40,comparison,16000,front,low,unknown,p0001;p0002,p0001;p0002,4;6;85;88;72;50;41;19,2.0,2.0,1.0,1.0,1.0,1.0,1.0,0.0
hotpotqa_5a834ed95542990548d0b1ca,hotpotqa,hotpotqa_oncu_200,dense,16,220,40,comparison,16000,front,low,unknown,p0001;p0002,p0001;p0002;p0003;p0004;p0006,4;6;85;88;72;50;41;19;63;1;28;15;37;81;54;10,5.0,2.0,1.0,1.0,0.4,1.0,0.5714285714285715,0.6
hotpotqa_5a834ed95542990548d0b1ca,hotpotqa,hotpotqa_oncu_200,hybrid,3,220,40,comparison,16000,front,low,unknown,p0001;p0002,,85;41;6,0.0,2.0,0.0,0.0,0.0,0.0,0.0,0.0
hotpotqa_5a834ed95542990548d0b1ca,hotpotqa,hotpotqa_oncu_200,hybrid,5,220,40,comparison,16000,front,low,unknown,p0001;p0002,p0001;p0002,85;41;6;63;4,2.0,2.0,1.0,1.0,1.0,1.0,1.0,0.0
hotpotqa_5a834ed95542990548d0b1ca,hotpotqa,hotpotqa_oncu_200,hybrid,8,220,40,comparison,16000,front,low,unknown,p0001;p0002,p0001;p0002,85;41;6;63;4;19;72;50,2.0,2.0,1.0,1.0,1.0,1.0,1.0,0.0
hotpotqa_5a834ed95542990548d0b1ca,hotpotqa,hotpotqa_oncu_200,hybrid,16,220,40,comparison,16000,front,low,unknown,p0001;p0002,p0001;p0002,85;41;6;63;4;19;72;50;1;10;76;54;3;15;37;81,2.0,2.0,1.0,1.0,1.0,1.0,1.0,0.0
hotpotqa_5a834ed95542990548d0b1ca,hotpotqa,hotpotqa_oncu_200,iterative,3,220,40,comparison,16000,front,low,unknown,p0001;p0002,,85;63;19,0.0,2.0,0.0,0.0,0.0,0.0,0.0,0.0
hotpotqa_5a834ed95542990548d0b1ca,hotpotqa,hotpotqa_oncu_200,iterative,5,220,40,comparison,16000,front,low,unknown,p0001;p0002,,85;63;19;41;1,0.0,2.0,0.0,0.0,0.0,0.0,0.0,0.0
hotpotqa_5a834ed95542990548d0b1ca,hotpotqa,hotpotqa_oncu_200,iterative,8,220,40,comparison,16000,front,low,unknown,p0001;p0002,,85;63;19;41;1;10;76;54,0.0,2.0,0.0,0.0,0.0,0.0,0.0,0.0
hotpotqa_5a834ed95542990548d0b1ca,hotpotqa,hotpotqa_oncu_200,iterative,16,220,40,comparison,16000,front,low,unknown,p0001;p0002,p0001;p0002,85;63;19;41;1;10;76;54;50;72;23;6;5;49;71;3,2.0,2.0,1.0,1.0,1.0,1.0,1.0,0.0
hotpotqa_5a834ed95542990548d0b1ca,hotpotqa,hotpotqa_oncu_200,oracle,3,220,40,comparison,16000,front,low,unknown,p0001;p0002,p0001;p0002,0;1,2.0,2.0,1.0,1.0,1.0,1.0,1.0,0.0
hotpotqa_5a834ed95542990548d0b1ca,hotpotqa,hotpotqa_oncu_200,oracle,5,220,40,comparison,16000,front,low,unknown,p0001;p0002,p0001;p0002,0;1,2.0,2.0,1.0,1.0,1.0,1.0,1.0,0.0
hotpotqa_5a834ed95542990548d0b1ca,hotpotqa,hotpotqa_oncu_200,oracle,8,220,40,comparison,16000,front,low,unknown,p0001;p0002,p0001;p0002,0;1,2.0,2.0,1.0,1.0,1.0,1.0,1.0,0.0
hotpotqa_5a834ed95542990548d0b1ca,hotpotqa,hotpotqa_oncu_200,oracle,16,220,40,comparison,16000,front,low,unknown,p0001;p0002,p0001;p0002,0;1,2.0,2.0,1.0,1.0,1.0,1.0,1.0,0.0
hotpotqa_5abaf3195542996cc5e49f2c,hotpotqa,hotpotqa_oncu_200,lexical,3,220,40,multi_hop,4000,middle,low,unknown,p0001;p0002,,11;3;18,0.0,2.0,0.0,0.0,0.0,0.0,0.0,0.0
hotpotqa_5abaf3195542996cc5e49f2c,hotpotqa,hotpotqa_oncu_200,lexical,5,220,40,multi_hop,4000,middle,low,unknown,p0001;p0002,,11;3;18;0;14,0.0,2.0,0.0,0.0,0.0,0.0,0.0,0.0
hotpotqa_5abaf3195542996cc5e49f2c,hotpotqa,hotpotqa_oncu_200,lexical,8,220,40,multi_hop,4000,middle,low,unknown,p0001;p0002,,11;3;18;0;14;15;21;4,0.0,2.0,0.0,0.0,0.0,0.0,0.0,0.0
hotpotqa_5abaf3195542996cc5e49f2c,hotpotqa,hotpotqa_oncu_200,lexical,16,220,40,multi_hop,4000,middle,low,unknown,p0001;p0002,p0001;p0002;p0003;p0005;p0006;p0007;p0008,11;3;18;0;14;15;21;4;1;10;12;16;6;19;7;5,7.0,2.0,1.0,1.0,0.2857142857142857,1.0,0.4444444444444445,0.7142857142857143
hotpotqa_5abaf3195542996cc5e49f2c,hotpotqa,hotpotqa_oncu_200,dense,3,220,40,multi_hop,4000,middle,low,unknown,p0001;p0002,,4;15;11,0.0,2.0,0.0,0.0,0.0,0.0,0.0,0.0
hotpotqa_5abaf3195542996cc5e49f2c,hotpotqa,hotpotqa_oncu_200,dense,5,220,40,multi_hop,4000,middle,low,unknown,p0001;p0002,,4;15;11;18;0,0.0,2.0,0.0,0.0,0.0,0.0,0.0,0.0
hotpotqa_5abaf3195542996cc5e49f2c,hotpotqa,hotpotqa_oncu_200,dense,8,220,40,multi_hop,4000,middle,low,unknown,p0001;p0002,p0007;p0008;p0003;p0005;p0006,4;15;11;18;0;7;19;6,5.0,2.0,0.0,0.0,0.0,0.0,0.0,1.0
hotpotqa_5abaf3195542996cc5e49f2c,hotpotqa,hotpotqa_oncu_200,dense,16,220,40,multi_hop,4000,middle,low,unknown,p0001;p0002,p0007;p0008;p0003;p0005;p0006;p0009;p0011,4;15;11;18;0;7;19;6;14;21;3;12;8;1;17;16,7.0,2.0,0.0,0.0,0.0,0.0,0.0,1.0
hotpotqa_5abaf3195542996cc5e49f2c,hotpotqa,hotpotqa_oncu_200,hybrid,3,220,40,multi_hop,4000,middle,low,unknown,p0001;p0002,,11;18;15,0.0,2.0,0.0,0.0,0.0,0.0,0.0,0.0
hotpotqa_5abaf3195542996cc5e49f2c,hotpotqa,hotpotqa_oncu_200,hybrid,5,220,40,multi_hop,4000,middle,low,unknown,p0001;p0002,,11;18;15;4;0,0.0,2.0,0.0,0.0,0.0,0.0,0.0,0.0
hotpotqa_5abaf3195542996cc5e49f2c,hotpotqa,hotpotqa_oncu_200,hybrid,8,220,40,multi_hop,4000,middle,low,unknown,p0001;p0002,,11;18;15;4;0;3;14;21,0.0,2.0,0.0,0.0,0.0,0.0,0.0,0.0
hotpotqa_5abaf3195542996cc5e49f2c,hotpotqa,hotpotqa_oncu_200,hybrid,16,220,40,multi_hop,4000,middle,low,unknown,p0001;p0002,p0007;p0008;p0003;p0005;p0006;p0001;p0002;p0009;p0011,11;18;15;4;0;3;14;21;7;19;6;1;12;10;16;8,9.0,2.0,1.0,1.0,0.2222222222222222,1.0,0.3636363636363636,0.7777777777777778
hotpotqa_5abaf3195542996cc5e49f2c,hotpotqa,hotpotqa_oncu_200,iterative,3,220,40,multi_hop,4000,middle,low,unknown,p0001;p0002,,11;3;18,0.0,2.0,0.0,0.0,0.0,0.0,0.0,0.0
hotpotqa_5abaf3195542996cc5e49f2c,hotpotqa,hotpotqa_oncu_200,iterative,5,220,40,multi_hop,4000,middle,low,unknown,p0001;p0002,,11;3;18;14;0,0.0,2.0,0.0,0.0,0.0,0.0,0.0,0.0
hotpotqa_5abaf3195542996cc5e49f2c,hotpotqa,hotpotqa_oncu_200,iterative,8,220,40,multi_hop,4000,middle,low,unknown,p0001;p0002,,11;3;18;14;0;21;15;4,0.0,2.0,0.0,0.0,0.0,0.0,0.0,0.0
hotpotqa_5abaf3195542996cc5e49f2c,hotpotqa,hotpotqa_oncu_200,iterative,16,220,40,multi_hop,4000,middle,low,unknown,p0001;p0002,p0003;p0005;p0006;p0001;p0002;p0007;p0008,11;3;18;14;0;21;15;4;6;12;1;16;10;19;5;7,7.0,2.0,1.0,1.0,0.2857142857142857,1.0,0.4444444444444445,0.7142857142857143
hotpotqa_5abaf3195542996cc5e49f2c,hotpotqa,hotpotqa_oncu_200,oracle,3,220,40,multi_hop,4000,middle,low,unknown,p0001;p0002,p0001;p0002,0;1,2.0,2.0,1.0,1.0,1.0,1.0,1.0,0.0
hotpotqa_5abaf3195542996cc5e49f2c,hotpotqa,hotpotqa_oncu_200,oracle,5,220,40,multi_hop,4000,middle,low,unknown,p0001;p0002,p0001;p0002,0;1,2.0,2.0,1.0,1.0,1.0,1.0,1.0,0.0
hotpotqa_5abaf3195542996cc5e49f2c,hotpotqa,hotpotqa_oncu_200,oracle,8,220,40,multi_hop,4000,middle,low,unknown,p0001;p0002,p0001;p0002,0;1,2.0,2.0,1.0,1.0,1.0,1.0,1.0,0.0
hotpotqa_5abaf3195542996cc5e49f2c,hotpotqa,hotpotqa_oncu_200,oracle,16,220,40,multi_hop,4000,middle,low,unknown,p0001;p0002,p0001;p0002,0;1,2.0,2.0,1.0,1.0,1.0,1.0,1.0,0.0
hotpotqa_5a87ab9b5542996e4f3088c2,hotpotqa,hotpotqa_oncu_200,lexical,3,220,40,multi_hop,8000,end,low,unknown,p0001;p0002,p0001;p0002;p0004;p0005,39;13;10,4.0,2.0,1.0,1.0,0.5,1.0,0.6666666666666666,0.5
hotpotqa_5a87ab9b5542996e4f3088c2,hotpotqa,hotpotqa_oncu_200,lexical,5,220,40,multi_hop,8000,end,low,unknown,p0001;p0002,p0001;p0002;p0004;p0005,39;13;10;19;29,4.0,2.0,1.0,1.0,0.5,1.0,0.6666666666666666,0.5
hotpotqa_5a87ab9b5542996e4f3088c2,hotpotqa,hotpotqa_oncu_200,lexical,8,220,40,multi_hop,8000,end,low,unknown,p0001;p0002,p0001;p0002;p0004;p0005,39;13;10;19;29;0;38;24,4.0,2.0,1.0,1.0,0.5,1.0,0.6666666666666666,0.5
hotpotqa_5a87ab9b5542996e4f3088c2,hotpotqa,hotpotqa_oncu_200,lexical,16,220,40,multi_hop,8000,end,low,unknown,p0001;p0002,p0001;p0002;p0004;p0005,39;13;10;19;29;0;38;24;5;34;43;20;9;33;28;1,4.0,2.0,1.0,1.0,0.5,1.0,0.6666666666666666,0.5
hotpotqa_5a87ab9b5542996e4f3088c2,hotpotqa,hotpotqa_oncu_200,dense,3,220,40,multi_hop,8000,end,low,unknown,p0001;p0002,p0001;p0002;p0006;p0008,39;20;14,4.0,2.0,1.0,1.0,0.5,1.0,0.6666666666666666,0.5
hotpotqa_5a87ab9b5542996e4f3088c2,hotpotqa,hotpotqa_oncu_200,dense,5,220,40,multi_hop,8000,end,low,unknown,p0001;p0002,p0001;p0002;p0006;p0008,39;20;14;6;42,4.0,2.0,1.0,1.0,0.5,1.0,0.6666666666666666,0.5
hotpotqa_5a87ab9b5542996e4f3088c2,hotpotqa,hotpotqa_oncu_200,dense,8,220,40,multi_hop,8000,end,low,unknown,p0001;p0002,p0001;p0002;p0006;p0008;p0012,39;20;14;6;42;1;25;17,5.0,2.0,1.0,1.0,0.4,1.0,0.5714285714285715,0.6
hotpotqa_5a87ab9b5542996e4f3088c2,hotpotqa,hotpotqa_oncu_200,dense,16,220,40,multi_hop,8000,end,low,unknown,p0001;p0002,p0001;p0002;p0006;p0008;p0012,39;20;14;6;42;1;25;17;32;27;37;23;8;4;10;18,5.0,2.0,1.0,1.0,0.4,1.0,0.5714285714285715,0.6
hotpotqa_5a87ab9b5542996e4f3088c2,hotpotqa,hotpotqa_oncu_200,hybrid,3,220,40,multi_hop,8000,end,low,unknown,p0001;p0002,p0001;p0002,39;20;10,2.0,2.0,1.0,1.0,1.0,1.0,1.0,0.0
hotpotqa_5a87ab9b5542996e4f3088c2,hotpotqa,hotpotqa_oncu_200,hybrid,5,220,40,multi_hop,8000,end,low,unknown,p0001;p0002,p0001;p0002;p0004;p0005,39;20;10;13;6,4.0,2.0,1.0,1.0,0.5,1.0,0.6666666666666666,0.5
hotpotqa_5a87ab9b5542996e4f3088c2,hotpotqa,hotpotqa_oncu_200,hybrid,8,220,40,multi_hop,8000,end,low,unknown,p0001;p0002,p0001;p0002;p0004;p0005;p0006;p0008,39;20;10;13;6;29;1;14,6.0,2.0,1.0,1.0,0.3333333333333333,1.0,0.5,0.6666666666666666
hotpotqa_5a87ab9b5542996e4f3088c2,hotpotqa,hotpotqa_oncu_200,hybrid,16,220,40,multi_hop,8000,end,low,unknown,p0001;p0002,p0001;p0002;p0004;p0005;p0006;p0008,39;20;10;13;6;29;1;14;25;24;34;5;0;23;19;27,6.0,2.0,1.0,1.0,0.3333333333333333,1.0,0.5,0.6666666666666666
hotpotqa_5a87ab9b5542996e4f3088c2,hotpotqa,hotpotqa_oncu_200,iterative,3,220,40,multi_hop,8000,end,low,unknown,p0001;p0002,p0001;p0002,39;10;29,2.0,2.0,1.0,1.0,1.0,1.0,1.0,0.0
hotpotqa_5a87ab9b5542996e4f3088c2,hotpotqa,hotpotqa_oncu_200,iterative,5,220,40,multi_hop,8000,end,low,unknown,p0001;p0002,p0001;p0002;p0004;p0005,39;10;29;13;38,4.0,2.0,1.0,1.0,0.5,1.0,0.6666666666666666,0.5
hotpotqa_5a87ab9b5542996e4f3088c2,hotpotqa,hotpotqa_oncu_200,iterative,8,220,40,multi_hop,8000,end,low,unknown,p0001;p0002,p0001;p0002;p0004;p0005,39;10;29;13;38;34;19;20,4.0,2.0,1.0,1.0,0.5,1.0,0.6666666666666666,0.5
hotpotqa_5a87ab9b5542996e4f3088c2,hotpotqa,hotpotqa_oncu_200,iterative,16,220,40,multi_hop,8000,end,low,unknown,p0001;p0002,p0001;p0002;p0004;p0005;p0006;p0008,39;10;29;13;38;34;19;20;5;24;0;1;43;25;14;6,6.0,2.0,1.0,1.0,0.3333333333333333,1.0,0.5,0.6666666666666666
hotpotqa_5a87ab9b5542996e4f3088c2,hotpotqa,hotpotqa_oncu_200,oracle,3,220,40,multi_hop,8000,end,low,unknown,p0001;p0002,p0001;p0002,0;1,2.0,2.0,1.0,1.0,1.0,1.0,1.0,0.0
hotpotqa_5a87ab9b5542996e4f3088c2,hotpotqa,hotpotqa_oncu_200,oracle,5,220,40,multi_hop,8000,end,low,unknown,p0001;p0002,p0001;p0002,0;1,2.0,2.0,1.0,1.0,1.0,1.0,1.0,0.0
hotpotqa_5a87ab9b5542996e4f3088c2,hotpotqa,hotpotqa_oncu_200,oracle,8,220,40,multi_hop,8000,end,low,unknown,p0001;p0002,p0001;p0002,0;1,2.0,2.0,1.0,1.0,1.0,1.0,1.0,0.0
hotpotqa_5a87ab9b5542996e4f3088c2,hotpotqa,hotpotqa_oncu_200,oracle,16,220,40,multi_hop,8000,end,low,unknown,p0001;p0002,p0001;p0002,0;1,2.0,2.0,1.0,1.0,1.0,1.0,1.0,0.0
hotpotqa_5a738fe855429908901be2fb,hotpotqa,hotpotqa_oncu_200,lexical,3,220,40,multi_hop,16000,scattered,low,unknown,p0001;p0002,,5;20;35,0.0,2.0,0.0,0.0,0.0,0.0,0.0,0.0
hotpotqa_5a738fe855429908901be2fb,hotpotqa,hotpotqa_oncu_200,lexical,5,220,40,multi_hop,16000,scattered,low,unknown,p0001;p0002,p0002,5;20;35;23;44,1.0,2.0,1.0,0.0,1.0,0.5,0.6666666666666666,0.0
hotpotqa_5a738fe855429908901be2fb,hotpotqa,hotpotqa_oncu_200,lexical,8,220,40,multi_hop,16000,scattered,low,unknown,p0001;p0002,p0002,5;20;35;23;44;50;41;26,1.0,2.0,1.0,0.0,1.0,0.5,0.6666666666666666,0.0
hotpotqa_5a738fe855429908901be2fb,hotpotqa,hotpotqa_oncu_200,lexical,16,220,40,multi_hop,16000,scattered,low,unknown,p0001;p0002,p0002,5;20;35;23;44;50;41;26;32;38;47;53;56;17;2;59,1.0,2.0,1.0,0.0,1.0,0.5,0.6666666666666666,0.0
hotpotqa_5a738fe855429908901be2fb,hotpotqa,hotpotqa_oncu_200,dense,3,220,40,multi_hop,16000,scattered,low,unknown,p0001;p0002,,56;47;53,0.0,2.0,0.0,0.0,0.0,0.0,0.0,0.0
hotpotqa_5a738fe855429908901be2fb,hotpotqa,hotpotqa_oncu_200,dense,5,220,40,multi_hop,16000,scattered,low,unknown,p0001;p0002,,56;47;53;50;41,0.0,2.0,0.0,0.0,0.0,0.0,0.0,0.0
hotpotqa_5a738fe855429908901be2fb,hotpotqa,hotpotqa_oncu_200,dense,8,220,40,multi_hop,16000,scattered,low,unknown,p0001;p0002,p0002,56;47;53;50;41;44;32;23,1.0,2.0,1.0,0.0,1.0,0.5,0.6666666666666666,0.0
hotpotqa_5a738fe855429908901be2fb,hotpotqa,hotpotqa_oncu_200,dense,16,220,40,multi_hop,16000,scattered,low,unknown,p0001;p0002,p0002,56;47;53;50;41;44;32;23;26;71;38;83;62;80;77;74,1.0,2.0,1.0,0.0,1.0,0.5,0.6666666666666666,0.0
hotpotqa_5a738fe855429908901be2fb,hotpotqa,hotpotqa_oncu_200,hybrid,3,220,40,multi_hop,16000,scattered,low,unknown,p0001;p0002,p0002,50;44;23,1.0,2.0,1.0,0.0,1.0,0.5,0.6666666666666666,0.0
hotpotqa_5a738fe855429908901be2fb,hotpotqa,hotpotqa_oncu_200,hybrid,5,220,40,multi_hop,16000,scattered,low,unknown,p0001;p0002,p0002,50;44;23;41;47,1.0,2.0,1.0,0.0,1.0,0.5,0.6666666666666666,0.0
hotpotqa_5a738fe855429908901be2fb,hotpotqa,hotpotqa_oncu_200,hybrid,8,220,40,multi_hop,16000,scattered,low,unknown,p0001;p0002,p0002,50;44;23;41;47;56;53;32,1.0,2.0,1.0,0.0,1.0,0.5,0.6666666666666666,0.0
hotpotqa_5a738fe855429908901be2fb,hotpotqa,hotpotqa_oncu_200,hybrid,16,220,40,multi_hop,16000,scattered,low,unknown,p0001;p0002,p0002,50;44;23;41;47;56;53;32;26;35;38;20;5;62;71;65,1.0,2.0,1.0,0.0,1.0,0.5,0.6666666666666666,0.0
hotpotqa_5a738fe855429908901be2fb,hotpotqa,hotpotqa_oncu_200,iterative,3,220,40,multi_hop,16000,scattered,low,unknown,p0001;p0002,,5;20;23,0.0,2.0,0.0,0.0,0.0,0.0,0.0,0.0
hotpotqa_5a738fe855429908901be2fb,hotpotqa,hotpotqa_oncu_200,iterative,5,220,40,multi_hop,16000,scattered,low,unknown,p0001;p0002,,5;20;23;17;2,0.0,2.0,0.0,0.0,0.0,0.0,0.0,0.0
hotpotqa_5a738fe855429908901be2fb,hotpotqa,hotpotqa_oncu_200,iterative,8,220,40,multi_hop,16000,scattered,low,unknown,p0001;p0002,,5;20;23;17;2;11;35;14,0.0,2.0,0.0,0.0,0.0,0.0,0.0,0.0
hotpotqa_5a738fe855429908901be2fb,hotpotqa,hotpotqa_oncu_200,iterative,16,220,40,multi_hop,16000,scattered,low,unknown,p0001;p0002,p0002,5;20;23;17;2;11;35;14;32;26;41;38;44;50;88;47,1.0,2.0,1.0,0.0,1.0,0.5,0.6666666666666666,0.0
hotpotqa_5a738fe855429908901be2fb,hotpotqa,hotpotqa_oncu_200,oracle,3,220,40,multi_hop,16000,scattered,low,unknown,p0001;p0002,p0001;p0002,0;1,2.0,2.0,1.0,1.0,1.0,1.0,1.0,0.0
hotpotqa_5a738fe855429908901be2fb,hotpotqa,hotpotqa_oncu_200,oracle,5,220,40,multi_hop,16000,scattered,low,unknown,p0001;p0002,p0001;p0002,0;1,2.0,2.0,1.0,1.0,1.0,1.0,1.0,0.0
hotpotqa_5a738fe855429908901be2fb,hotpotqa,hotpotqa_oncu_200,oracle,8,220,40,multi_hop,16000,scattered,low,unknown,p0001;p0002,p0001;p0002,0;1,2.0,2.0,1.0,1.0,1.0,1.0,1.0,0.0
hotpotqa_5a738fe855429908901be2fb,hotpotqa,hotpotqa_oncu_200,oracle,16,220,40,multi_hop,16000,scattered,low,unknown,p0001;p0002,p0001;p0002,0;1,2.0,2.0,1.0,1.0,1.0,1.0,1.0,0.0
hotpotqa_5adf3e355542993a75d26440,hotpotqa,hotpotqa_oncu_200,lexical,3,220,40,multi_hop,4000,front,medium,unknown,p0001;p0002;p0003,p0001;p0002;p0004;p0006,0;6;18,4.0,3.0,1.0,0.0,0.5,0.6666666666666666,0.5714285714285715,0.5
hotpotqa_5adf3e355542993a75d26440,hotpotqa,hotpotqa_oncu_200,lexical,5,220,40,multi_hop,4000,front,medium,unknown,p0001;p0002;p0003,p0001;p0002;p0004;p0006;p0009;p0011;p0012,0;6;18;8;14,7.0,3.0,1.0,0.0,0.2857142857142857,0.6666666666666666,0.4,0.7142857142857143
hotpotqa_5adf3e355542993a75d26440,hotpotqa,hotpotqa_oncu_200,lexical,8,220,40,multi_hop,4000,front,medium,unknown,p0001;p0002;p0003,p0001;p0002;p0004;p0006;p0009;p0011;p0012,0;6;18;8;14;20;10;16,7.0,3.0,1.0,0.0,0.2857142857142857,0.6666666666666666,0.4,0.7142857142857143
hotpotqa_5adf3e355542993a75d26440,hotpotqa,hotpotqa_oncu_200,lexical,16,220,40,multi_hop,4000,front,medium,unknown,p0001;p0002;p0003,p0001;p0002;p0004;p0006;p0009;p0011;p0012;p0007;p0008,0;6;18;8;14;20;10;16;2;17;12;21;7;19;15;4,9.0,3.0,1.0,0.0,0.2222222222222222,0.6666666666666666,0.3333333333333333,0.7777777777777778
hotpotqa_5adf3e355542993a75d26440,hotpotqa,hotpotqa_oncu_200,dense,3,220,40,multi_hop,4000,front,medium,unknown,p0001;p0002;p0003,p0009;p0011;p0012,10;8;2,3.0,3.0,0.0,0.0,0.0,0.0,0.0,1.0
hotpotqa_5adf3e355542993a75d26440,hotpotqa,hotpotqa_oncu_200,dense,5,220,40,multi_hop,4000,front,medium,unknown,p0001;p0002;p0003,p0009;p0011;p0012,10;8;2;14;18,3.0,3.0,0.0,0.0,0.0,0.0,0.0,1.0
hotpotqa_5adf3e355542993a75d26440,hotpotqa,hotpotqa_oncu_200,dense,8,220,40,multi_hop,4000,front,medium,unknown,p0001;p0002;p0003,p0009;p0011;p0012;p0002;p0003;p0013,10;8;2;14;18;1;9;11,6.0,3.0,1.0,0.0,0.3333333333333333,0.6666666666666666,0.4444444444444444,0.6666666666666666
hotpotqa_5adf3e355542993a75d26440,hotpotqa,hotpotqa_oncu_200,dense,16,220,40,multi_hop,4000,front,medium,unknown,p0001;p0002;p0003,p0009;p0011;p0012;p0002;p0003;p0013;p0004;p0006;p0007;p0008,10;8;2;14;18;1;9;11;6;15;19;17;21;13;7;3,10.0,3.0,1.0,0.0,0.2,0.6666666666666666,0.30769230769230765,0.8
hotpotqa_5adf3e355542993a75d26440,hotpotqa,hotpotqa_oncu_200,hybrid,3,220,40,multi_hop,4000,front,medium,unknown,p0001;p0002;p0003,p0009;p0011;p0012,8;10;18,3.0,3.0,0.0,0.0,0.0,0.0,0.0,1.0
hotpotqa_5adf3e355542993a75d26440,hotpotqa,hotpotqa_oncu_200,hybrid,5,220,40,multi_hop,4000,front,medium,unknown,p0001;p0002;p0003,p0009;p0011;p0012;p0004;p0006,8;10;18;14;6,5.0,3.0,0.0,0.0,0.0,0.0,0.0,1.0
hotpotqa_5adf3e355542993a75d26440,hotpotqa,hotpotqa_oncu_200,hybrid,8,220,40,multi_hop,4000,front,medium,unknown,p0001;p0002;p0003,p0009;p0011;p0012;p0004;p0006;p0001;p0002,8;10;18;14;6;2;0;17,7.0,3.0,1.0,0.0,0.2857142857142857,0.6666666666666666,0.4,0.7142857142857143
hotpotqa_5adf3e355542993a75d26440,hotpotqa,hotpotqa_oncu_200,hybrid,16,220,40,multi_hop,4000,front,medium,unknown,p0001;p0002;p0003,p0009;p0011;p0012;p0004;p0006;p0001;p0002;p0013;p0003,8;10;18;14;6;2;0;17;20;15;19;21;9;1;11;16,9.0,3.0,1.0,1.0,0.3333333333333333,1.0,0.5,0.6666666666666666
hotpotqa_5adf3e355542993a75d26440,hotpotqa,hotpotqa_oncu_200,iterative,3,220,40,multi_hop,4000,front,medium,unknown,p0001;p0002;p0003,p0004;p0006;p0001;p0002,6;0;20,4.0,3.0,1.0,0.0,0.5,0.6666666666666666,0.5714285714285715,0.5
hotpotqa_5adf3e355542993a75d26440,hotpotqa,hotpotqa_oncu_200,iterative,5,220,40,multi_hop,4000,front,medium,unknown,p0001;p0002;p0003,p0004;p0006;p0001;p0002,6;0;20;16;12,4.0,3.0,1.0,0.0,0.5,0.6666666666666666,0.5714285714285715,0.5
hotpotqa_5adf3e355542993a75d26440,hotpotqa,hotpotqa_oncu_200,iterative,8,220,40,multi_hop,4000,front,medium,unknown,p0001;p0002;p0003,p0004;p0006;p0001;p0002,6;0;20;16;12;17;4;18,4.0,3.0,1.0,0.0,0.5,0.6666666666666666,0.5714285714285715,0.5
hotpotqa_5adf3e355542993a75d26440,hotpotqa,hotpotqa_oncu_200,iterative,16,220,40,multi_hop,4000,front,medium,unknown,p0001;p0002;p0003,p0004;p0006;p0001;p0002;p0009;p0011;p0012,6;0;20;16;12;17;4;18;21;10;5;8;14;19;13;15,7.0,3.0,1.0,0.0,0.2857142857142857,0.6666666666666666,0.4,0.7142857142857143
hotpotqa_5adf3e355542993a75d26440,hotpotqa,hotpotqa_oncu_200,oracle,3,220,40,multi_hop,4000,front,medium,unknown,p0001;p0002;p0003,p0001;p0002;p0003,0;1;2,3.0,3.0,1.0,1.0,1.0,1.0,1.0,0.0
hotpotqa_5adf3e355542993a75d26440,hotpotqa,hotpotqa_oncu_200,oracle,5,220,40,multi_hop,4000,front,medium,unknown,p0001;p0002;p0003,p0001;p0002;p0003,0;1;2,3.0,3.0,1.0,1.0,1.0,1.0,1.0,0.0
hotpotqa_5adf3e355542993a75d26440,hotpotqa,hotpotqa_oncu_200,oracle,8,220,40,multi_hop,4000,front,medium,unknown,p0001;p0002;p0003,p0001;p0002;p0003,0;1;2,3.0,3.0,1.0,1.0,1.0,1.0,1.0,0.0
hotpotqa_5adf3e355542993a75d26440,hotpotqa,hotpotqa_oncu_200,oracle,16,220,40,multi_hop,4000,front,medium,unknown,p0001;p0002;p0003,p0001;p0002;p0003,0;1;2,3.0,3.0,1.0,1.0,1.0,1.0,1.0,0.0
hotpotqa_5ae82ae555429952e35eaa71,hotpotqa,hotpotqa_oncu_200,lexical,3,220,40,multi_hop,8000,middle,medium,unknown,p0001;p0002;p0003;p0004,p0001;p0002,21;42;43,2.0,4.0,1.0,0.0,1.0,0.5,0.6666666666666666,0.0
hotpotqa_5ae82ae555429952e35eaa71,hotpotqa,hotpotqa_oncu_200,lexical,5,220,40,multi_hop,8000,middle,medium,unknown,p0001;p0002;p0003;p0004,p0001;p0002;p0003;p0004,21;42;43;19;22,4.0,4.0,1.0,1.0,1.0,1.0,1.0,0.0
hotpotqa_5ae82ae555429952e35eaa71,hotpotqa,hotpotqa_oncu_200,lexical,8,220,40,multi_hop,8000,middle,medium,unknown,p0001;p0002;p0003;p0004,p0001;p0002;p0003;p0004,21;42;43;19;22;28;29;6,4.0,4.0,1.0,1.0,1.0,1.0,1.0,0.0
hotpotqa_5ae82ae555429952e35eaa71,hotpotqa,hotpotqa_oncu_200,lexical,16,220,40,multi_hop,8000,middle,medium,unknown,p0001;p0002;p0003;p0004,p0001;p0002;p0003;p0004;p0012;p0014;p0011,21;42;43;19;22;28;29;6;36;27;20;18;35;5;7;17,7.0,4.0,1.0,1.0,0.5714285714285714,1.0,0.7272727272727273,0.42857142857142855
hotpotqa_5ae82ae555429952e35eaa71,hotpotqa,hotpotqa_oncu_200,dense,3,220,40,multi_hop,8000,middle,medium,unknown,p0001;p0002;p0003;p0004,p0010;p0002;p0003;p0004,15;3;22,4.0,4.0,1.0,0.0,0.75,0.75,0.75,0.25
hotpotqa_5ae82ae555429952e35eaa71,hotpotqa,hotpotqa_oncu_200,dense,5,220,40,multi_hop,8000,middle,medium,unknown,p0001;p0002;p0003;p0004,p0010;p0002;p0003;p0004,15;3;22;10;41,4.0,4.0,1.0,0.0,0.75,0.75,0.75,0.25
hotpotqa_5ae82ae555429952e35eaa71,hotpotqa,hotpotqa_oncu_200,dense,8,220,40,multi_hop,8000,middle,medium,unknown,p0001;p0002;p0003;p0004,p0010;p0002;p0003;p0004,15;3;22;10;41;37;0;27,4.0,4.0,1.0,0.0,0.75,0.75,0.75,0.25
hotpotqa_5ae82ae555429952e35eaa71,hotpotqa,hotpotqa_oncu_200,dense,16,220,40,multi_hop,8000,middle,medium,unknown,p0001;p0002;p0003;p0004,p0010;p0002;p0003;p0004;p0006;p0007;p0008,15;3;22;10;41;37;0;27;7;33;12;34;40;5;16;19,7.0,4.0,1.0,0.0,0.42857142857142855,0.75,0.5454545454545454,0.5714285714285714
hotpotqa_5ae82ae555429952e35eaa71,hotpotqa,hotpotqa_oncu_200,hybrid,3,220,40,multi_hop,8000,middle,medium,unknown,p0001;p0002;p0003;p0004,p0002;p0003;p0004,22;27;19,3.0,4.0,1.0,0.0,1.0,0.75,0.8571428571428571,0.0
hotpotqa_5ae82ae555429952e35eaa71,hotpotqa,hotpotqa_oncu_200,hybrid,5,220,40,multi_hop,8000,middle,medium,unknown,p0001;p0002;p0003;p0004,p0002;p0003;p0004;p0010,22;27;19;3;15,4.0,4.0,1.0,0.0,0.75,0.75,0.75,0.25
hotpotqa_5ae82ae555429952e35eaa71,hotpotqa,hotpotqa_oncu_200,hybrid,8,220,40,multi_hop,8000,middle,medium,unknown,p0001;p0002;p0003;p0004,p0002;p0003;p0004;p0010;p0001,22;27;19;3;15;0;42;21,5.0,4.0,1.0,1.0,0.8,1.0,0.888888888888889,0.2
hotpotqa_5ae82ae555429952e35eaa71,hotpotqa,hotpotqa_oncu_200,hybrid,16,220,40,multi_hop,8000,middle,medium,unknown,p0001;p0002;p0003;p0004,p0002;p0003;p0004;p0010;p0001;p0006;p0007;p0008,22;27;19;3;15;0;42;21;7;37;41;5;10;12;28;35,8.0,4.0,1.0,1.0,0.5,1.0,0.6666666666666666,0.5
hotpotqa_5ae82ae555429952e35eaa71,hotpotqa,hotpotqa_oncu_200,iterative,3,220,40,multi_hop,8000,middle,medium,unknown,p0001;p0002;p0003;p0004,p0001;p0002,21;43;6,2.0,4.0,1.0,0.0,1.0,0.5,0.6666666666666666,0.0
hotpotqa_5ae82ae555429952e35eaa71,hotpotqa,hotpotqa_oncu_200,iterative,5,220,40,multi_hop,8000,middle,medium,unknown,p0001;p0002;p0003;p0004,p0001;p0002,21;43;6;19;36,2.0,4.0,1.0,0.0,1.0,0.5,0.6666666666666666,0.0
hotpotqa_5ae82ae555429952e35eaa71,hotpotqa,hotpotqa_oncu_200,iterative,8,220,40,multi_hop,8000,middle,medium,unknown,p0001;p0002;p0003;p0004,p0001;p0002;p0012;p0014,21;43;6;19;36;28;29;18,4.0,4.0,1.0,0.0,0.5,0.5,0.5,0.5
hotpotqa_5ae82ae555429952e35eaa71,hotpotqa,hotpotqa_oncu_200,iterative,16,220,40,multi_hop,8000,middle,medium,unknown,p0001;p0002;p0003;p0004,p0001;p0002;p0012;p0014;p0003;p0004;p0011,21;43;6;19;36;28;29;18;42;20;27;35;7;22;5;17,7.0,4.0,1.0,1.0,0.5714285714285714,1.0,0.7272727272727273,0.42857142857142855
hotpotqa_5ae82ae555429952e35eaa71,hotpotqa,hotpotqa_oncu_200,oracle,3,220,40,multi_hop,8000,middle,medium,unknown,p0001;p0002;p0003;p0004,p0001;p0002;p0003,0;1;2,3.0,4.0,1.0,0.0,1.0,0.75,0.8571428571428571,0.0
hotpotqa_5ae82ae555429952e35eaa71,hotpotqa,hotpotqa_oncu_200,oracle,5,220,40,multi_hop,8000,middle,medium,unknown,p0001;p0002;p0003;p0004,p0001;p0002;p0003;p0004,0;1;2;3,4.0,4.0,1.0,1.0,1.0,1.0,1.0,0.0
hotpotqa_5ae82ae555429952e35eaa71,hotpotqa,hotpotqa_oncu_200,oracle,8,220,40,multi_hop,8000,middle,medium,unknown,p0001;p0002;p0003;p0004,p0001;p0002;p0003;p0004,0;1;2;3,4.0,4.0,1.0,1.0,1.0,1.0,1.0,0.0
hotpotqa_5ae82ae555429952e35eaa71,hotpotqa,hotpotqa_oncu_200,oracle,16,220,40,multi_hop,8000,middle,medium,unknown,p0001;p0002;p0003;p0004,p0001;p0002;p0003;p0004,0;1;2;3,4.0,4.0,1.0,1.0,1.0,1.0,1.0,0.0
hotpotqa_5ab8688b55429934fafe6daa,hotpotqa,hotpotqa_oncu_200,lexical,3,220,40,multi_hop,16000,end,medium,unknown,p0001;p0002;p0003,p0001;p0002;p0003,77;78;20,3.0,3.0,1.0,1.0,1.0,1.0,1.0,0.0
hotpotqa_5ab8688b55429934fafe6daa,hotpotqa,hotpotqa_oncu_200,lexical,5,220,40,multi_hop,16000,end,medium,unknown,p0001;p0002;p0003,p0001;p0002;p0003,77;78;20;38;63,3.0,3.0,1.0,1.0,1.0,1.0,1.0,0.0
hotpotqa_5ab8688b55429934fafe6daa,hotpotqa,hotpotqa_oncu_200,lexical,8,220,40,multi_hop,16000,end,medium,unknown,p0001;p0002;p0003,p0001;p0002;p0003,77;78;20;38;63;56;2;17,3.0,3.0,1.0,1.0,1.0,1.0,1.0,0.0
hotpotqa_5ab8688b55429934fafe6daa,hotpotqa,hotpotqa_oncu_200,lexical,16,220,40,multi_hop,16000,end,medium,unknown,p0001;p0002;p0003,p0001;p0002;p0003,77;78;20;38;63;56;2;17;35;70;45;9;81;27;49;6,3.0,3.0,1.0,1.0,1.0,1.0,1.0,0.0
hotpotqa_5ab8688b55429934fafe6daa,hotpotqa,hotpotqa_oncu_200,dense,3,220,40,multi_hop,16000,end,medium,unknown,p0001;p0002;p0003,p0008;p0009,30;48;5,2.0,3.0,0.0,0.0,0.0,0.0,0.0,1.0
hotpotqa_5ab8688b55429934fafe6daa,hotpotqa,hotpotqa_oncu_200,dense,5,220,40,multi_hop,16000,end,medium,unknown,p0001;p0002;p0003,p0008;p0009,30;48;5;66;12,2.0,3.0,0.0,0.0,0.0,0.0,0.0,1.0
hotpotqa_5ab8688b55429934fafe6daa,hotpotqa,hotpotqa_oncu_200,dense,8,220,40,multi_hop,16000,end,medium,unknown,p0001;p0002;p0003,p0008;p0009;p0001;p0002;p0003,30;48;5;66;12;77;73;84,5.0,3.0,1.0,1.0,0.6,1.0,0.7499999999999999,0.4
hotpotqa_5ab8688b55429934fafe6daa,hotpotqa,hotpotqa_oncu_200,dense,16,220,40,multi_hop,16000,end,medium,unknown,p0001;p0002;p0003,p0008;p0009;p0001;p0002;p0003,30;48;5;66;12;77;73;84;41;23;37;59;55;19;1;62,5.0,3.0,1.0,1.0,0.6,1.0,0.7499999999999999,0.4
hotpotqa_5ab8688b55429934fafe6daa,hotpotqa,hotpotqa_oncu_200,hybrid,3,220,40,multi_hop,16000,end,medium,unknown,p0001;p0002;p0003,p0001;p0002;p0003,77;70;38,3.0,3.0,1.0,1.0,1.0,1.0,1.0,0.0
hotpotqa_5ab8688b55429934fafe6daa,hotpotqa,hotpotqa_oncu_200,hybrid,5,220,40,multi_hop,16000,end,medium,unknown,p0001;p0002;p0003,p0001;p0002;p0003,77;70;38;81;45,3.0,3.0,1.0,1.0,1.0,1.0,1.0,0.0
hotpotqa_5ab8688b55429934fafe6daa,hotpotqa,hotpotqa_oncu_200,hybrid,8,220,40,multi_hop,16000,end,medium,unknown,p0001;p0002;p0003,p0001;p0002;p0003;p0008;p0009,77;70;38;81;45;30;59;27,5.0,3.0,1.0,1.0,0.6,1.0,0.7499999999999999,0.4
hotpotqa_5ab8688b55429934fafe6daa,hotpotqa,hotpotqa_oncu_200,hybrid,16,220,40,multi_hop,16000,end,medium,unknown,p0001;p0002;p0003,p0001;p0002;p0003;p0008;p0009,77;70;38;81;45;30;59;27;20;78;63;5;9;48;2;66,5.0,3.0,1.0,1.0,0.6,1.0,0.7499999999999999,0.4
hotpotqa_5ab8688b55429934fafe6daa,hotpotqa,hotpotqa_oncu_200,iterative,3,220,40,multi_hop,16000,end,medium,unknown,p0001;p0002;p0003,p0001;p0002;p0003,77;70;63,3.0,3.0,1.0,1.0,1.0,1.0,1.0,0.0
hotpotqa_5ab8688b55429934fafe6daa,hotpotqa,hotpotqa_oncu_200,iterative,5,220,40,multi_hop,16000,end,medium,unknown,p0001;p0002;p0003,p0001;p0002;p0003,77;70;63;20;38,3.0,3.0,1.0,1.0,1.0,1.0,1.0,0.0
hotpotqa_5ab8688b55429934fafe6daa,hotpotqa,hotpotqa_oncu_200,iterative,8,220,40,multi_hop,16000,end,medium,unknown,p0001;p0002;p0003,p0001;p0002;p0003,77;70;63;20;38;9;2;45,3.0,3.0,1.0,1.0,1.0,1.0,1.0,0.0
hotpotqa_5ab8688b55429934fafe6daa,hotpotqa,hotpotqa_oncu_200,iterative,16,220,40,multi_hop,16000,end,medium,unknown,p0001;p0002;p0003,p0001;p0002;p0003,77;70;63;20;38;9;2;45;81;34;16;52;27;84;59;12,3.0,3.0,1.0,1.0,1.0,1.0,1.0,0.0
hotpotqa_5ab8688b55429934fafe6daa,hotpotqa,hotpotqa_oncu_200,oracle,3,220,40,multi_hop,16000,end,medium,unknown,p0001;p0002;p0003,p0001;p0002;p0003,0;1;2,3.0,3.0,1.0,1.0,1.0,1.0,1.0,0.0
hotpotqa_5ab8688b55429934fafe6daa,hotpotqa,hotpotqa_oncu_200,oracle,5,220,40,multi_hop,16000,end,medium,unknown,p0001;p0002;p0003,p0001;p0002;p0003,0;1;2,3.0,3.0,1.0,1.0,1.0,1.0,1.0,0.0
hotpotqa_5ab8688b55429934fafe6daa,hotpotqa,hotpotqa_oncu_200,oracle,8,220,40,multi_hop,16000,end,medium,unknown,p0001;p0002;p0003,p0001;p0002;p0003,0;1;2,3.0,3.0,1.0,1.0,1.0,1.0,1.0,0.0
hotpotqa_5ab8688b55429934fafe6daa,hotpotqa,hotpotqa_oncu_200,oracle,16,220,40,multi_hop,16000,end,medium,unknown,p0001;p0002;p0003,p0001;p0002;p0003,0;1;2,3.0,3.0,1.0,1.0,1.0,1.0,1.0,0.0
hotpotqa_5ab9b29c554299743d22ebae,hotpotqa,hotpotqa_oncu_200,lexical,3,220,40,comparison,4000,scattered,low,unknown,p0001;p0002,p0002;p0001,10;1;11,2.0,2.0,1.0,1.0,1.0,1.0,1.0,0.0
hotpotqa_5ab9b29c554299743d22ebae,hotpotqa,hotpotqa_oncu_200,lexical,5,220,40,comparison,4000,scattered,low,unknown,p0001;p0002,p0002;p0001,10;1;11;16;12,2.0,2.0,1.0,1.0,1.0,1.0,1.0,0.0
hotpotqa_5ab9b29c554299743d22ebae,hotpotqa,hotpotqa_oncu_200,lexical,8,220,40,comparison,4000,scattered,low,unknown,p0001;p0002,p0002;p0001;p0011;p0012,10;1;11;16;12;21;9;3,4.0,2.0,1.0,1.0,0.5,1.0,0.6666666666666666,0.5
hotpotqa_5ab9b29c554299743d22ebae,hotpotqa,hotpotqa_oncu_200,lexical,16,220,40,comparison,4000,scattered,low,unknown,p0001;p0002,p0002;p0001;p0011;p0012;p0003;p0009;p0010,10;1;11;16;12;21;9;3;4;13;0;17;5;2;18;8,7.0,2.0,1.0,1.0,0.2857142857142857,1.0,0.4444444444444445,0.7142857142857143
hotpotqa_5ab9b29c554299743d22ebae,hotpotqa,hotpotqa_oncu_200,dense,3,220,40,comparison,4000,scattered,low,unknown,p0001;p0002,,21;3;12,0.0,2.0,0.0,0.0,0.0,0.0,0.0,0.0
hotpotqa_5ab9b29c554299743d22ebae,hotpotqa,hotpotqa_oncu_200,dense,5,220,40,comparison,4000,scattered,low,unknown,p0001;p0002,p0011;p0012,21;3;12;9;17,2.0,2.0,0.0,0.0,0.0,0.0,0.0,1.0
hotpotqa_5ab9b29c554299743d22ebae,hotpotqa,hotpotqa_oncu_200,dense,8,220,40,comparison,4000,scattered,low,unknown,p0001;p0002,p0011;p0012;p0001,21;3;12;9;17;16;1;13,3.0,2.0,1.0,0.0,0.3333333333333333,0.5,0.4,0.6666666666666666
hotpotqa_5ab9b29c554299743d22ebae,hotpotqa,hotpotqa_oncu_200,dense,16,220,40,comparison,4000,scattered,low,unknown,p0001;p0002,p0011;p0012;p0001;p0005;p0006;p0009;p0002;p0003;p0004,21;3;12;9;17;16;1;13;7;4;10;11;19;0;18;6,9.0,2.0,1.0,1.0,0.2222222222222222,1.0,0.3636363636363636,0.7777777777777778
hotpotqa_5ab9b29c554299743d22ebae,hotpotqa,hotpotqa_oncu_200,hybrid,3,220,40,comparison,4000,scattered,low,unknown,p0001;p0002,p0001,21;12;1,1.0,2.0,1.0,0.0,1.0,0.5,0.6666666666666666,0.0
hotpotqa_5ab9b29c554299743d22ebae,hotpotqa,hotpotqa_oncu_200,hybrid,5,220,40,comparison,4000,scattered,low,unknown,p0001;p0002,p0001,21;12;1;3;16,1.0,2.0,1.0,0.0,1.0,0.5,0.6666666666666666,0.0
hotpotqa_5ab9b29c554299743d22ebae,hotpotqa,hotpotqa_oncu_200,hybrid,8,220,40,comparison,4000,scattered,low,unknown,p0001;p0002,p0001;p0011;p0012;p0002,21;12;1;3;16;9;10;11,4.0,2.0,1.0,1.0,0.5,1.0,0.6666666666666666,0.5
hotpotqa_5ab9b29c554299743d22ebae,hotpotqa,hotpotqa_oncu_200,hybrid,16,220,40,comparison,4000,scattered,low,unknown,p0001;p0002,p0001;p0011;p0012;p0002;p0005;p0006;p0009;p0003,21;12;1;3;16;9;10;11;17;13;4;0;7;18;5;2,8.0,2.0,1.0,1.0,0.25,1.0,0.4,0.75
hotpotqa_5ab9b29c554299743d22ebae,hotpotqa,hotpotqa_oncu_200,iterative,3,220,40,comparison,4000,scattered,low,unknown,p0001;p0002,p0002,10;4;21,1.0,2.0,1.0,0.0,1.0,0.5,0.6666666666666666,0.0
hotpotqa_5ab9b29c554299743d22ebae,hotpotqa,hotpotqa_oncu_200,iterative,5,220,40,comparison,4000,scattered,low,unknown,p0001;p0002,p0002;p0001,10;4;21;13;1,2.0,2.0,1.0,1.0,1.0,1.0,1.0,0.0
hotpotqa_5ab9b29c554299743d22ebae,hotpotqa,hotpotqa_oncu_200,iterative,8,220,40,comparison,4000,scattered,low,unknown,p0001;p0002,p0002;p0001;p0011;p0012,10;4;21;13;1;9;17;3,4.0,2.0,1.0,1.0,0.5,1.0,0.6666666666666666,0.5
hotpotqa_5ab9b29c554299743d22ebae,hotpotqa,hotpotqa_oncu_200,iterative,16,220,40,comparison,4000,scattered,low,unknown,p0001;p0002,p0002;p0001;p0011;p0012;p0003;p0004;p0005,10;4;21;13;1;9;17;3;12;11;16;0;18;5;6;14,7.0,2.0,1.0,1.0,0.2857142857142857,1.0,0.4444444444444445,0.7142857142857143
hotpotqa_5ab9b29c554299743d22ebae,hotpotqa,hotpotqa_oncu_200,oracle,3,220,40,comparison,4000,scattered,low,unknown,p0001;p0002,p0001;p0002,0;1,2.0,2.0,1.0,1.0,1.0,1.0,1.0,0.0
hotpotqa_5ab9b29c554299743d22ebae,hotpotqa,hotpotqa_oncu_200,oracle,5,220,40,comparison,4000,scattered,low,unknown,p0001;p0002,p0001;p0002,0;1,2.0,2.0,1.0,1.0,1.0,1.0,1.0,0.0
hotpotqa_5ab9b29c554299743d22ebae,hotpotqa,hotpotqa_oncu_200,oracle,8,220,40,comparison,4000,scattered,low,unknown,p0001;p0002,p0001;p0002,0;1,2.0,2.0,1.0,1.0,1.0,1.0,1.0,0.0
hotpotqa_5ab9b29c554299743d22ebae,hotpotqa,hotpotqa_oncu_200,oracle,16,220,40,comparison,4000,scattered,low,unknown,p0001;p0002,p0001;p0002,0;1,2.0,2.0,1.0,1.0,1.0,1.0,1.0,0.0
hotpotqa_5ade51b45542997c77adedf4,hotpotqa,hotpotqa_oncu_200,lexical,3,220,40,multi_hop,8000,front,medium,unknown,p0001;p0002;p0003,,44;12;40,0.0,3.0,0.0,0.0,0.0,0.0,0.0,0.0
hotpotqa_5ade51b45542997c77adedf4,hotpotqa,hotpotqa_oncu_200,lexical,5,220,40,multi_hop,8000,front,medium,unknown,p0001;p0002;p0003,,44;12;40;37;22,0.0,3.0,0.0,0.0,0.0,0.0,0.0,0.0
hotpotqa_5ade51b45542997c77adedf4,hotpotqa,hotpotqa_oncu_200,lexical,8,220,40,multi_hop,8000,front,medium,unknown,p0001;p0002;p0003,,44;12;40;37;22;19;25;9,0.0,3.0,0.0,0.0,0.0,0.0,0.0,0.0
hotpotqa_5ade51b45542997c77adedf4,hotpotqa,hotpotqa_oncu_200,lexical,16,220,40,multi_hop,8000,front,medium,unknown,p0001;p0002;p0003,p0004;p0005,44;12;40;37;22;19;25;9;28;43;34;13;6;3;31;26,2.0,3.0,0.0,0.0,0.0,0.0,0.0,1.0
hotpotqa_5ade51b45542997c77adedf4,hotpotqa,hotpotqa_oncu_200,dense,3,220,40,multi_hop,8000,front,medium,unknown,p0001;p0002;p0003,,44;19;22,0.0,3.0,0.0,0.0,0.0,0.0,0.0,0.0
hotpotqa_5ade51b45542997c77adedf4,hotpotqa,hotpotqa_oncu_200,dense,5,220,40,multi_hop,8000,front,medium,unknown,p0001;p0002;p0003,,44;19;22;26;10,0.0,3.0,0.0,0.0,0.0,0.0,0.0,0.0
hotpotqa_5ade51b45542997c77adedf4,hotpotqa,hotpotqa_oncu_200,dense,8,220,40,multi_hop,8000,front,medium,unknown,p0001;p0002;p0003,,44;19;22;26;10;7;0;41,0.0,3.0,0.0,0.0,0.0,0.0,0.0,0.0
hotpotqa_5ade51b45542997c77adedf4,hotpotqa,hotpotqa_oncu_200,dense,16,220,40,multi_hop,8000,front,medium,unknown,p0001;p0002;p0003,p0004;p0005,44;19;22;26;10;7;0;41;29;13;20;32;35;23;37;38,2.0,3.0,0.0,0.0,0.0,0.0,0.0,1.0
hotpotqa_5ade51b45542997c77adedf4,hotpotqa,hotpotqa_oncu_200,hybrid,3,220,40,multi_hop,8000,front,medium,unknown,p0001;p0002;p0003,,44;19;22,0.0,3.0,0.0,0.0,0.0,0.0,0.0,0.0
hotpotqa_5ade51b45542997c77adedf4,hotpotqa,hotpotqa_oncu_200,hybrid,5,220,40,multi_hop,8000,front,medium,unknown,p0001;p0002;p0003,,44;19;22;37;26,0.0,3.0,0.0,0.0,0.0,0.0,0.0,0.0
hotpotqa_5ade51b45542997c77adedf4,hotpotqa,hotpotqa_oncu_200,hybrid,8,220,40,multi_hop,8000,front,medium,unknown,p0001;p0002;p0003,p0004;p0005,44;19;22;37;26;12;40;13,2.0,3.0,0.0,0.0,0.0,0.0,0.0,1.0
hotpotqa_5ade51b45542997c77adedf4,hotpotqa,hotpotqa_oncu_200,hybrid,16,220,40,multi_hop,8000,front,medium,unknown,p0001;p0002;p0003,p0004;p0005,44;19;22;37;26;12;40;13;25;0;29;41;28;9;10;7,2.0,3.0,0.0,0.0,0.0,0.0,0.0,1.0
hotpotqa_5ade51b45542997c77adedf4,hotpotqa,hotpotqa_oncu_200,iterative,3,220,40,multi_hop,8000,front,medium,unknown,p0001;p0002;p0003,,44;12;40,0.0,3.0,0.0,0.0,0.0,0.0,0.0,0.0
hotpotqa_5ade51b45542997c77adedf4,hotpotqa,hotpotqa_oncu_200,iterative,5,220,40,multi_hop,8000,front,medium,unknown,p0001;p0002;p0003,,44;12;40;37;22,0.0,3.0,0.0,0.0,0.0,0.0,0.0,0.0
hotpotqa_5ade51b45542997c77adedf4,hotpotqa,hotpotqa_oncu_200,iterative,8,220,40,multi_hop,8000,front,medium,unknown,p0001;p0002;p0003,,44;12;40;37;22;9;25;19,0.0,3.0,0.0,0.0,0.0,0.0,0.0,0.0
hotpotqa_5ade51b45542997c77adedf4,hotpotqa,hotpotqa_oncu_200,iterative,16,220,40,multi_hop,8000,front,medium,unknown,p0001;p0002;p0003,p0004;p0005;p0012;p0013,44;12;40;37;22;9;25;19;34;28;6;43;13;3;31;16,4.0,3.0,0.0,0.0,0.0,0.0,0.0,1.0
hotpotqa_5ade51b45542997c77adedf4,hotpotqa,hotpotqa_oncu_200,oracle,3,220,40,multi_hop,8000,front,medium,unknown,p0001;p0002;p0003,p0001;p0002;p0003,0;1;2,3.0,3.0,1.0,1.0,1.0,1.0,1.0,0.0
hotpotqa_5ade51b45542997c77adedf4,hotpotqa,hotpotqa_oncu_200,oracle,5,220,40,multi_hop,8000,front,medium,unknown,p0001;p0002;p0003,p0001;p0002;p0003,0;1;2,3.0,3.0,1.0,1.0,1.0,1.0,1.0,0.0
hotpotqa_5ade51b45542997c77adedf4,hotpotqa,hotpotqa_oncu_200,oracle,8,220,40,multi_hop,8000,front,medium,unknown,p0001;p0002;p0003,p0001;p0002;p0003,0;1;2,3.0,3.0,1.0,1.0,1.0,1.0,1.0,0.0
hotpotqa_5ade51b45542997c77adedf4,hotpotqa,hotpotqa_oncu_200,oracle,16,220,40,multi_hop,8000,front,medium,unknown,p0001;p0002;p0003,p0001;p0002;p0003,0;1;2,3.0,3.0,1.0,1.0,1.0,1.0,1.0,0.0
hotpotqa_5a7d3470554299452d57bb56,hotpotqa,hotpotqa_oncu_200,lexical,3,220,40,multi_hop,16000,middle,medium,unknown,p0001;p0002;p0003;p0004,p0001;p0002;p0003;p0004,44;51;72,4.0,4.0,1.0,1.0,1.0,1.0,1.0,0.0
hotpotqa_5a7d3470554299452d57bb56,hotpotqa,hotpotqa_oncu_200,lexical,5,220,40,multi_hop,16000,middle,medium,unknown,p0001;p0002;p0003;p0004,p0001;p0002;p0003;p0004,44;51;72;8;88,4.0,4.0,1.0,1.0,1.0,1.0,1.0,0.0
hotpotqa_5a7d3470554299452d57bb56,hotpotqa,hotpotqa_oncu_200,lexical,8,220,40,multi_hop,16000,middle,medium,unknown,p0001;p0002;p0003;p0004,p0001;p0002;p0003;p0004,44;51;72;8;88;13;60;1,4.0,4.0,1.0,1.0,1.0,1.0,1.0,0.0
hotpotqa_5a7d3470554299452d57bb56,hotpotqa,hotpotqa_oncu_200,lexical,16,220,40,multi_hop,16000,middle,medium,unknown,p0001;p0002;p0003;p0004,p0001;p0002;p0003;p0004;p0010;p0011,44;51;72;8;88;13;60;1;17;30;56;3;76;33;62;46,6.0,4.0,1.0,1.0,0.6666666666666666,1.0,0.8,0.3333333333333333
hotpotqa_5a7d3470554299452d57bb56,hotpotqa,hotpotqa_oncu_200,dense,3,220,40,multi_hop,16000,middle,medium,unknown,p0001;p0002;p0003;p0004,p0001;p0002;p0003;p0004;p0014,44;32;59,5.0,4.0,1.0,1.0,0.8,1.0,0.888888888888889,0.2
hotpotqa_5a7d3470554299452d57bb56,hotpotqa,hotpotqa_oncu_200,dense,5,220,40,multi_hop,16000,middle,medium,unknown,p0001;p0002;p0003;p0004,p0001;p0002;p0003;p0004;p0014,44;32;59;15;53,5.0,4.0,1.0,1.0,0.8,1.0,0.888888888888889,0.2
hotpotqa_5a7d3470554299452d57bb56,hotpotqa,hotpotqa_oncu_200,dense,8,220,40,multi_hop,16000,middle,medium,unknown,p0001;p0002;p0003;p0004,p0001;p0002;p0003;p0004;p0014,44;32;59;15;53;74;36;58,5.0,4.0,1.0,1.0,0.8,1.0,0.888888888888889,0.2
hotpotqa_5a7d3470554299452d57bb56,hotpotqa,hotpotqa_oncu_200,dense,16,220,40,multi_hop,16000,middle,medium,unknown,p0001;p0002;p0003;p0004,p0001;p0002;p0003;p0004;p0014;p0006,44;32;59;15;53;74;36;58;75;46;28;0;79;21;43;54,6.0,4.0,1.0,1.0,0.6666666666666666,1.0,0.8,0.3333333333333333
hotpotqa_5a7d3470554299452d57bb56,hotpotqa,hotpotqa_oncu_200,hybrid,3,220,40,multi_hop,16000,middle,medium,unknown,p0001;p0002;p0003;p0004,p0001;p0002;p0003;p0004,44;51;46,4.0,4.0,1.0,1.0,1.0,1.0,1.0,0.0
hotpotqa_5a7d3470554299452d57bb56,hotpotqa,hotpotqa_oncu_200,hybrid,5,220,40,multi_hop,16000,middle,medium,unknown,p0001;p0002;p0003;p0004,p0001;p0002;p0003;p0004,44;51;46;3;8,4.0,4.0,1.0,1.0,1.0,1.0,1.0,0.0
hotpotqa_5a7d3470554299452d57bb56,hotpotqa,hotpotqa_oncu_200,hybrid,8,220,40,multi_hop,16000,middle,medium,unknown,p0001;p0002;p0003;p0004,p0001;p0002;p0003;p0004,44;51;46;3;8;72;18;54,4.0,4.0,1.0,1.0,1.0,1.0,1.0,0.0
hotpotqa_5a7d3470554299452d57bb56,hotpotqa,hotpotqa_oncu_200,hybrid,16,220,40,multi_hop,16000,middle,medium,unknown,p0001;p0002;p0003;p0004,p0001;p0002;p0003;p0004;p0006,44;51;46;3;8;72;18;54;59;15;28;13;83;88;74;2,5.0,4.0,1.0,1.0,0.8,1.0,0.888888888888889,0.2
hotpotqa_5a7d3470554299452d57bb56,hotpotqa,hotpotqa_oncu_200,iterative,3,220,40,multi_hop,16000,middle,medium,unknown,p0001;p0002;p0003;p0004,p0001;p0002;p0003;p0004,44;60;1,4.0,4.0,1.0,1.0,1.0,1.0,1.0,0.0
hotpotqa_5a7d3470554299452d57bb56,hotpotqa,hotpotqa_oncu_200,iterative,5,220,40,multi_hop,16000,middle,medium,unknown,p0001;p0002;p0003;p0004,p0001;p0002;p0003;p0004;p0010;p0011,44;60;1;17;30,6.0,4.0,1.0,1.0,0.6666666666666666,1.0,0.8,0.3333333333333333
hotpotqa_5a7d3470554299452d57bb56,hotpotqa,hotpotqa_oncu_200,iterative,8,220,40,multi_hop,16000,middle,medium,unknown,p0001;p0002;p0003;p0004,p0001;p0002;p0003;p0004;p0010;p0011,44;60;1;17;30;51;8;72,6.0,4.0,1.0,1.0,0.6666666666666666,1.0,0.8,0.3333333333333333
hotpotqa_5a7d3470554299452d57bb56,hotpotqa,hotpotqa_oncu_200,iterative,16,220,40,multi_hop,16000,middle,medium,unknown,p0001;p0002;p0003;p0004,p0001;p0002;p0003;p0004;p0010;p0011;p0007;p0009,44;60;1;17;30;51;8;72;88;76;33;81;38;29;13;22,8.0,4.0,1.0,1.0,0.5,1.0,0.6666666666666666,0.5
hotpotqa_5a7d3470554299452d57bb56,hotpotqa,hotpotqa_oncu_200,oracle,3,220,40,multi_hop,16000,middle,medium,unknown,p0001;p0002;p0003;p0004,p0001;p0002;p0003,0;1;2,3.0,4.0,1.0,0.0,1.0,0.75,0.8571428571428571,0.0
hotpotqa_5a7d3470554299452d57bb56,hotpotqa,hotpotqa_oncu_200,oracle,5,220,40,multi_hop,16000,middle,medium,unknown,p0001;p0002;p0003;p0004,p0001;p0002;p0003;p0004,0;1;2;3,4.0,4.0,1.0,1.0,1.0,1.0,1.0,0.0
hotpotqa_5a7d3470554299452d57bb56,hotpotqa,hotpotqa_oncu_200,oracle,8,220,40,multi_hop,16000,middle,medium,unknown,p0001;p0002;p0003;p0004,p0001;p0002;p0003;p0004,0;1;2;3,4.0,4.0,1.0,1.0,1.0,1.0,1.0,0.0
hotpotqa_5a7d3470554299452d57bb56,hotpotqa,hotpotqa_oncu_200,oracle,16,220,40,multi_hop,16000,middle,medium,unknown,p0001;p0002;p0003;p0004,p0001;p0002;p0003;p0004,0;1;2;3,4.0,4.0,1.0,1.0,1.0,1.0,1.0,0.0
hotpotqa_5ab1d7ac554299449642c7e6,hotpotqa,hotpotqa_oncu_200,lexical,3,220,40,comparison,4000,end,medium,unknown,p0001;p0002;p0003,p0001;p0002;p0003,19;18;0,3.0,3.0,1.0,1.0,1.0,1.0,1.0,0.0
hotpotqa_5ab1d7ac554299449642c7e6,hotpotqa,hotpotqa_oncu_200,lexical,5,220,40,comparison,4000,end,medium,unknown,p0001;p0002;p0003,p0001;p0002;p0003,19;18;0;1;2,3.0,3.0,1.0,1.0,1.0,1.0,1.0,0.0
hotpotqa_5ab1d7ac554299449642c7e6,hotpotqa,hotpotqa_oncu_200,lexical,8,220,40,comparison,4000,end,medium,unknown,p0001;p0002;p0003,p0001;p0002;p0003,19;18;0;1;2;3;4;5,3.0,3.0,1.0,1.0,1.0,1.0,1.0,0.0
hotpotqa_5ab1d7ac554299449642c7e6,hotpotqa,hotpotqa_oncu_200,lexical,16,220,40,comparison,4000,end,medium,unknown,p0001;p0002;p0003,p0001;p0002;p0003,19;18;0;1;2;3;4;5;6;7;8;9;10;11;12;13,3.0,3.0,1.0,1.0,1.0,1.0,1.0,0.0
hotpotqa_5ab1d7ac554299449642c7e6,hotpotqa,hotpotqa_oncu_200,dense,3,220,40,comparison,4000,end,medium,unknown,p0001;p0002;p0003,p0001;p0002;p0003,19;2;13,3.0,3.0,1.0,1.0,1.0,1.0,1.0,0.0
hotpotqa_5ab1d7ac554299449642c7e6,hotpotqa,hotpotqa_oncu_200,dense,5,220,40,comparison,4000,end,medium,unknown,p0001;p0002;p0003,p0001;p0002;p0003,19;2;13;14;8,3.0,3.0,1.0,1.0,1.0,1.0,1.0,0.0
hotpotqa_5ab1d7ac554299449642c7e6,hotpotqa,hotpotqa_oncu_200,dense,8,220,40,comparison,4000,end,medium,unknown,p0001;p0002;p0003,p0001;p0002;p0003,19;2;13;14;8;7;17;18,3.0,3.0,1.0,1.0,1.0,1.0,1.0,0.0
hotpotqa_5ab1d7ac554299449642c7e6,hotpotqa,hotpotqa_oncu_200,dense,16,220,40,comparison,4000,end,medium,unknown,p0001;p0002;p0003,p0001;p0002;p0003,19;2;13;14;8;7;17;18;20;3;6;11;5;0;16;1,3.0,3.0,1.0,1.0,1.0,1.0,1.0,0.0
hotpotqa_5ab1d7ac554299449642c7e6,hotpotqa,hotpotqa_oncu_200,hybrid,3,220,40,comparison,4000,end,medium,unknown,p0001;p0002;p0003,p0001;p0002;p0003,19;2;18,3.0,3.0,1.0,1.0,1.0,1.0,1.0,0.0
hotpotqa_5ab1d7ac554299449642c7e6,hotpotqa,hotpotqa_oncu_200,hybrid,5,220,40,comparison,4000,end,medium,unknown,p0001;p0002;p0003,p0001;p0002;p0003,19;2;18;8;3,3.0,3.0,1.0,1.0,1.0,1.0,1.0,0.0
hotpotqa_5ab1d7ac554299449642c7e6,hotpotqa,hotpotqa_oncu_200,hybrid,8,220,40,comparison,4000,end,medium,unknown,p0001;p0002;p0003,p0001;p0002;p0003,19;2;18;8;3;7;0;13,3.0,3.0,1.0,1.0,1.0,1.0,1.0,0.0
hotpotqa_5ab1d7ac554299449642c7e6,hotpotqa,hotpotqa_oncu_200,hybrid,16,220,40,comparison,4000,end,medium,unknown,p0001;p0002;p0003,p0001;p0002;p0003,19;2;18;8;3;7;0;13;1;14;6;5;4;17;11;20,3.0,3.0,1.0,1.0,1.0,1.0,1.0,0.0
hotpotqa_5ab1d7ac554299449642c7e6,hotpotqa,hotpotqa_oncu_200,iterative,3,220,40,comparison,4000,end,medium,unknown,p0001;p0002;p0003,p0001;p0002;p0003,19;18;0,3.0,3.0,1.0,1.0,1.0,1.0,1.0,0.0
hotpotqa_5ab1d7ac554299449642c7e6,hotpotqa,hotpotqa_oncu_200,iterative,5,220,40,comparison,4000,end,medium,unknown,p0001;p0002;p0003,p0001;p0002;p0003,19;18;0;1;2,3.0,3.0,1.0,1.0,1.0,1.0,1.0,0.0
hotpotqa_5ab1d7ac554299449642c7e6,hotpotqa,hotpotqa_oncu_200,iterative,8,220,40,comparison,4000,end,medium,unknown,p0001;p0002;p0003,p0001;p0002;p0003,19;18;0;1;2;3;4;5,3.0,3.0,1.0,1.0,1.0,1.0,1.0,0.0
hotpotqa_5ab1d7ac554299449642c7e6,hotpotqa,hotpotqa_oncu_200,iterative,16,220,40,comparison,4000,end,medium,unknown,p0001;p0002;p0003,p0001;p0002;p0003,19;18;0;1;2;3;4;5;6;7;8;9;10;11;12;13,3.0,3.0,1.0,1.0,1.0,1.0,1.0,0.0
hotpotqa_5ab1d7ac554299449642c7e6,hotpotqa,hotpotqa_oncu_200,oracle,3,220,40,comparison,4000,end,medium,unknown,p0001;p0002;p0003,p0001;p0002;p0003,0;1;2,3.0,3.0,1.0,1.0,1.0,1.0,1.0,0.0
hotpotqa_5ab1d7ac554299449642c7e6,hotpotqa,hotpotqa_oncu_200,oracle,5,220,40,comparison,4000,end,medium,unknown,p0001;p0002;p0003,p0001;p0002;p0003,0;1;2,3.0,3.0,1.0,1.0,1.0,1.0,1.0,0.0
hotpotqa_5ab1d7ac554299449642c7e6,hotpotqa,hotpotqa_oncu_200,oracle,8,220,40,comparison,4000,end,medium,unknown,p0001;p0002;p0003,p0001;p0002;p0003,0;1;2,3.0,3.0,1.0,1.0,1.0,1.0,1.0,0.0
hotpotqa_5ab1d7ac554299449642c7e6,hotpotqa,hotpotqa_oncu_200,oracle,16,220,40,comparison,4000,end,medium,unknown,p0001;p0002;p0003,p0001;p0002;p0003,0;1;2,3.0,3.0,1.0,1.0,1.0,1.0,1.0,0.0
hotpotqa_5a73a7c755429978a71e9068,hotpotqa,hotpotqa_oncu_200,lexical,3,220,40,multi_hop,8000,scattered,low,unknown,p0001;p0002,,24;11;7,0.0,2.0,0.0,0.0,0.0,0.0,0.0,0.0
hotpotqa_5a73a7c755429978a71e9068,hotpotqa,hotpotqa_oncu_200,lexical,5,220,40,multi_hop,8000,scattered,low,unknown,p0001;p0002,p0009,24;11;7;34;16,1.0,2.0,0.0,0.0,0.0,0.0,0.0,1.0
hotpotqa_5a73a7c755429978a71e9068,hotpotqa,hotpotqa_oncu_200,lexical,8,220,40,multi_hop,8000,scattered,low,unknown,p0001;p0002,p0009,24;11;7;34;16;5;30;0,1.0,2.0,0.0,0.0,0.0,0.0,0.0,1.0
hotpotqa_5a73a7c755429978a71e9068,hotpotqa,hotpotqa_oncu_200,lexical,16,220,40,multi_hop,8000,scattered,low,unknown,p0001;p0002,p0009,24;11;7;34;16;5;30;0;41;12;28;38;33;9;32;20,1.0,2.0,0.0,0.0,0.0,0.0,0.0,1.0
hotpotqa_5a73a7c755429978a71e9068,hotpotqa,hotpotqa_oncu_200,dense,3,220,40,multi_hop,8000,scattered,low,unknown,p0001;p0002,,20;8;29,0.0,2.0,0.0,0.0,0.0,0.0,0.0,0.0
hotpotqa_5a73a7c755429978a71e9068,hotpotqa,hotpotqa_oncu_200,dense,5,220,40,multi_hop,8000,scattered,low,unknown,p0001;p0002,p0001,20;8;29;33;3,1.0,2.0,1.0,0.0,1.0,0.5,0.6666666666666666,0.0
hotpotqa_5a73a7c755429978a71e9068,hotpotqa,hotpotqa_oncu_200,dense,8,220,40,multi_hop,8000,scattered,low,unknown,p0001;p0002,p0001,20;8;29;33;3;11;32;41,1.0,2.0,1.0,0.0,1.0,0.5,0.6666666666666666,0.0
hotpotqa_5a73a7c755429978a71e9068,hotpotqa,hotpotqa_oncu_200,dense,16,220,40,multi_hop,8000,scattered,low,unknown,p0001;p0002,p0001;p0009;p0002,20;8;29;33;3;11;32;41;25;12;37;16;36;2;21;40,3.0,2.0,1.0,1.0,0.6666666666666666,1.0,0.8,0.3333333333333333
hotpotqa_5a73a7c755429978a71e9068,hotpotqa,hotpotqa_oncu_200,hybrid,3,220,40,multi_hop,8000,scattered,low,unknown,p0001;p0002,,11;20;33,0.0,2.0,0.0,0.0,0.0,0.0,0.0,0.0
hotpotqa_5a73a7c755429978a71e9068,hotpotqa,hotpotqa_oncu_200,hybrid,5,220,40,multi_hop,8000,scattered,low,unknown,p0001;p0002,p0009,11;20;33;16;41,1.0,2.0,0.0,0.0,0.0,0.0,0.0,1.0
hotpotqa_5a73a7c755429978a71e9068,hotpotqa,hotpotqa_oncu_200,hybrid,8,220,40,multi_hop,8000,scattered,low,unknown,p0001;p0002,p0009,11;20;33;16;41;12;32;7,1.0,2.0,0.0,0.0,0.0,0.0,0.0,1.0
hotpotqa_5a73a7c755429978a71e9068,hotpotqa,hotpotqa_oncu_200,hybrid,16,220,40,multi_hop,8000,scattered,low,unknown,p0001;p0002,p0009;p0001,11;20;33;16;41;12;32;7;29;8;3;30;34;24;5;9,2.0,2.0,1.0,0.0,0.5,0.5,0.5,0.5
hotpotqa_5a73a7c755429978a71e9068,hotpotqa,hotpotqa_oncu_200,iterative,3,220,40,multi_hop,8000,scattered,low,unknown,p0001;p0002,,24;7;11,0.0,2.0,0.0,0.0,0.0,0.0,0.0,0.0
hotpotqa_5a73a7c755429978a71e9068,hotpotqa,hotpotqa_oncu_200,iterative,5,220,40,multi_hop,8000,scattered,low,unknown,p0001;p0002,p0009,24;7;11;16;28,1.0,2.0,0.0,0.0,0.0,0.0,0.0,1.0
hotpotqa_5a73a7c755429978a71e9068,hotpotqa,hotpotqa_oncu_200,iterative,8,220,40,multi_hop,8000,scattered,low,unknown,p0001;p0002,p0009,24;7;11;16;28;41;5;34,1.0,2.0,0.0,0.0,0.0,0.0,0.0,1.0
hotpotqa_5a73a7c755429978a71e9068,hotpotqa,hotpotqa_oncu_200,iterative,16,220,40,multi_hop,8000,scattered,low,unknown,p0001;p0002,p0009;p0001,24;7;11;16;28;41;5;34;32;30;0;20;19;3;33;22,2.0,2.0,1.0,0.0,0.5,0.5,0.5,0.5
hotpotqa_5a73a7c755429978a71e9068,hotpotqa,hotpotqa_oncu_200,oracle,3,220,40,multi_hop,8000,scattered,low,unknown,p0001;p0002,p0001;p0002,0;1,2.0,2.0,1.0,1.0,1.0,1.0,1.0,0.0
hotpotqa_5a73a7c755429978a71e9068,hotpotqa,hotpotqa_oncu_200,oracle,5,220,40,multi_hop,8000,scattered,low,unknown,p0001;p0002,p0001;p0002,0;1,2.0,2.0,1.0,1.0,1.0,1.0,1.0,0.0
hotpotqa_5a73a7c755429978a71e9068,hotpotqa,hotpotqa_oncu_200,oracle,8,220,40,multi_hop,8000,scattered,low,unknown,p0001;p0002,p0001;p0002,0;1,2.0,2.0,1.0,1.0,1.0,1.0,1.0,0.0
hotpotqa_5a73a7c755429978a71e9068,hotpotqa,hotpotqa_oncu_200,oracle,16,220,40,multi_hop,8000,scattered,low,unknown,p0001;p0002,p0001;p0002,0;1,2.0,2.0,1.0,1.0,1.0,1.0,1.0,0.0
hotpotqa_5ae4d3c95542990ba0bbb165,hotpotqa,hotpotqa_oncu_200,lexical,3,220,40,comparison,16000,front,low,unknown,p0001;p0002,p0001;p0002,3;6;43,2.0,2.0,1.0,1.0,1.0,1.0,1.0,0.0
hotpotqa_5ae4d3c95542990ba0bbb165,hotpotqa,hotpotqa_oncu_200,lexical,5,220,40,comparison,16000,front,low,unknown,p0001;p0002,p0001;p0002,3;6;43;84;10,2.0,2.0,1.0,1.0,1.0,1.0,1.0,0.0
hotpotqa_5ae4d3c95542990ba0bbb165,hotpotqa,hotpotqa_oncu_200,lexical,8,220,40,comparison,16000,front,low,unknown,p0001;p0002,p0001;p0002,3;6;43;84;10;47;56;23,2.0,2.0,1.0,1.0,1.0,1.0,1.0,0.0
hotpotqa_5ae4d3c95542990ba0bbb165,hotpotqa,hotpotqa_oncu_200,lexical,16,220,40,comparison,16000,front,low,unknown,p0001;p0002,p0001;p0002,3;6;43;84;10;47;56;23;19;55;60;51;18;7;15;14,2.0,2.0,1.0,1.0,1.0,1.0,1.0,0.0
hotpotqa_5ae4d3c95542990ba0bbb165,hotpotqa,hotpotqa_oncu_200,dense,3,220,40,comparison,16000,front,low,unknown,p0001;p0002,,20;50;13,0.0,2.0,0.0,0.0,0.0,0.0,0.0,0.0
hotpotqa_5ae4d3c95542990ba0bbb165,hotpotqa,hotpotqa_oncu_200,dense,5,220,40,comparison,16000,front,low,unknown,p0001;p0002,,20;50;13;57;42,0.0,2.0,0.0,0.0,0.0,0.0,0.0,0.0
hotpotqa_5ae4d3c95542990ba0bbb165,hotpotqa,hotpotqa_oncu_200,dense,8,220,40,comparison,16000,front,low,unknown,p0001;p0002,,20;50;13;57;42;83;17;54,0.0,2.0,0.0,0.0,0.0,0.0,0.0,0.0
hotpotqa_5ae4d3c95542990ba0bbb165,hotpotqa,hotpotqa_oncu_200,dense,16,220,40,comparison,16000,front,low,unknown,p0001;p0002,p0001;p0002,20;50;13;57;42;83;17;54;4;21;5;61;58;24;38;79,2.0,2.0,1.0,1.0,1.0,1.0,1.0,0.0
hotpotqa_5ae4d3c95542990ba0bbb165,hotpotqa,hotpotqa_oncu_200,hybrid,3,220,40,comparison,16000,front,low,unknown,p0001;p0002,p0001;p0002,3;61;24,2.0,2.0,1.0,1.0,1.0,1.0,1.0,0.0
hotpotqa_5ae4d3c95542990ba0bbb165,hotpotqa,hotpotqa_oncu_200,hybrid,5,220,40,comparison,16000,front,low,unknown,p0001;p0002,p0001;p0002,3;61;24;4;42,2.0,2.0,1.0,1.0,1.0,1.0,1.0,0.0
hotpotqa_5ae4d3c95542990ba0bbb165,hotpotqa,hotpotqa_oncu_200,hybrid,8,220,40,comparison,16000,front,low,unknown,p0001;p0002,p0001;p0002,3;61;24;4;42;83;6;43,2.0,2.0,1.0,1.0,1.0,1.0,1.0,0.0
hotpotqa_5ae4d3c95542990ba0bbb165,hotpotqa,hotpotqa_oncu_200,hybrid,16,220,40,comparison,16000,front,low,unknown,p0001;p0002,p0001;p0002,3;61;24;4;42;83;6;43;47;57;20;84;55;10;18;67,2.0,2.0,1.0,1.0,1.0,1.0,1.0,0.0
hotpotqa_5ae4d3c95542990ba0bbb165,hotpotqa,hotpotqa_oncu_200,iterative,3,220,40,comparison,16000,front,low,unknown,p0001;p0002,,56;7;19,0.0,2.0,0.0,0.0,0.0,0.0,0.0,0.0
hotpotqa_5ae4d3c95542990ba0bbb165,hotpotqa,hotpotqa_oncu_200,iterative,5,220,40,comparison,16000,front,low,unknown,p0001;p0002,p0001;p0002,56;7;19;3;15,2.0,2.0,1.0,1.0,1.0,1.0,1.0,0.0
hotpotqa_5ae4d3c95542990ba0bbb165,hotpotqa,hotpotqa_oncu_200,iterative,8,220,40,comparison,16000,front,low,unknown,p0001;p0002,p0001;p0002,56;7;19;3;15;44;85;52,2.0,2.0,1.0,1.0,1.0,1.0,1.0,0.0
hotpotqa_5ae4d3c95542990ba0bbb165,hotpotqa,hotpotqa_oncu_200,iterative,16,220,40,comparison,16000,front,low,unknown,p0001;p0002,p0001;p0002,56;7;19;3;15;44;85;52;23;60;6;48;11;43;10;84,2.0,2.0,1.0,1.0,1.0,1.0,1.0,0.0
hotpotqa_5ae4d3c95542990ba0bbb165,hotpotqa,hotpotqa_oncu_200,oracle,3,220,40,comparison,16000,front,low,unknown,p0001;p0002,p0001;p0002,0;1,2.0,2.0,1.0,1.0,1.0,1.0,1.0,0.0
hotpotqa_5ae4d3c95542990ba0bbb165,hotpotqa,hotpotqa_oncu_200,oracle,5,220,40,comparison,16000,front,low,unknown,p0001;p0002,p0001;p0002,0;1,2.0,2.0,1.0,1.0,1.0,1.0,1.0,0.0
hotpotqa_5ae4d3c95542990ba0bbb165,hotpotqa,hotpotqa_oncu_200,oracle,8,220,40,comparison,16000,front,low,unknown,p0001;p0002,p0001;p0002,0;1,2.0,2.0,1.0,1.0,1.0,1.0,1.0,0.0
hotpotqa_5ae4d3c95542990ba0bbb165,hotpotqa,hotpotqa_oncu_200,oracle,16,220,40,comparison,16000,front,low,unknown,p0001;p0002,p0001;p0002,0;1,2.0,2.0,1.0,1.0,1.0,1.0,1.0,0.0
hotpotqa_5ab7f97a5542991d322237ef,hotpotqa,hotpotqa_oncu_200,lexical,3,220,40,multi_hop,4000,middle,low,unknown,p0001;p0002,p0006;p0001;p0002;p0007;p0003;p0010;p0012,5;2;14,7.0,2.0,1.0,1.0,0.2857142857142857,1.0,0.4444444444444445,0.7142857142857143
hotpotqa_5ab7f97a5542991d322237ef,hotpotqa,hotpotqa_oncu_200,lexical,5,220,40,multi_hop,4000,middle,low,unknown,p0001;p0002,p0006;p0001;p0002;p0007;p0003;p0010;p0012,5;2;14;6;0,7.0,2.0,1.0,1.0,0.2857142857142857,1.0,0.4444444444444445,0.7142857142857143
hotpotqa_5ab7f97a5542991d322237ef,hotpotqa,hotpotqa_oncu_200,lexical,8,220,40,multi_hop,4000,middle,low,unknown,p0001;p0002,p0006;p0001;p0002;p0007;p0003;p0010;p0012;p0004;p0005;p0008,5;2;14;6;0;3;15;13,10.0,2.0,1.0,1.0,0.2,1.0,0.33333333333333337,0.8
hotpotqa_5ab7f97a5542991d322237ef,hotpotqa,hotpotqa_oncu_200,lexical,16,220,40,multi_hop,4000,middle,low,unknown,p0001;p0002,p0006;p0001;p0002;p0007;p0003;p0010;p0012;p0004;p0005;p0008,5;2;14;6;0;3;15;13;1;4;9;18;12;17;8;21,10.0,2.0,1.0,1.0,0.2,1.0,0.33333333333333337,0.8
hotpotqa_5ab7f97a5542991d322237ef,hotpotqa,hotpotqa_oncu_200,dense,3,220,40,multi_hop,4000,middle,low,unknown,p0001;p0002,p0012,15;9;18,1.0,2.0,0.0,0.0,0.0,0.0,0.0,1.0
hotpotqa_5ab7f97a5542991d322237ef,hotpotqa,hotpotqa_oncu_200,dense,5,220,40,multi_hop,4000,middle,low,unknown,p0001;p0002,p0012;p0007,15;9;18;6;0,2.0,2.0,0.0,0.0,0.0,0.0,0.0,1.0
hotpotqa_5ab7f97a5542991d322237ef,hotpotqa,hotpotqa_oncu_200,dense,8,220,40,multi_hop,4000,middle,low,unknown,p0001;p0002,p0012;p0007;p0003;p0004;p0005,15;9;18;6;0;12;3;2,5.0,2.0,0.0,0.0,0.0,0.0,0.0,1.0
hotpotqa_5ab7f97a5542991d322237ef,hotpotqa,hotpotqa_oncu_200,dense,16,220,40,multi_hop,4000,middle,low,unknown,p0001;p0002,p0012;p0007;p0003;p0004;p0005;p0006;p0001;p0002;p0010,15;9;18;6;0;12;3;2;5;8;19;20;17;11;14;10,9.0,2.0,1.0,1.0,0.2222222222222222,1.0,0.3636363636363636,0.7777777777777778
hotpotqa_5ab7f97a5542991d322237ef,hotpotqa,hotpotqa_oncu_200,hybrid,3,220,40,multi_hop,4000,middle,low,unknown,p0001;p0002,p0012;p0007;p0006;p0001;p0002,15;6;5,5.0,2.0,1.0,1.0,0.4,1.0,0.5714285714285715,0.6
hotpotqa_5ab7f97a5542991d322237ef,hotpotqa,hotpotqa_oncu_200,hybrid,5,220,40,multi_hop,4000,middle,low,unknown,p0001;p0002,p0012;p0007;p0006;p0001;p0002;p0003,15;6;5;2;0,6.0,2.0,1.0,1.0,0.3333333333333333,1.0,0.5,0.6666666666666666
hotpotqa_5ab7f97a5542991d322237ef,hotpotqa,hotpotqa_oncu_200,hybrid,8,220,40,multi_hop,4000,middle,low,unknown,p0001;p0002,p0012;p0007;p0006;p0001;p0002;p0003;p0004;p0005,15;6;5;2;0;9;3;18,8.0,2.0,1.0,1.0,0.25,1.0,0.4,0.75
hotpotqa_5ab7f97a5542991d322237ef,hotpotqa,hotpotqa_oncu_200,hybrid,16,220,40,multi_hop,4000,middle,low,unknown,p0001;p0002,p0012;p0007;p0006;p0001;p0002;p0003;p0004;p0005;p0010;p0008,15;6;5;2;0;9;3;18;14;12;8;13;17;4;20;1,10.0,2.0,1.0,1.0,0.2,1.0,0.33333333333333337,0.8
hotpotqa_5ab7f97a5542991d322237ef,hotpotqa,hotpotqa_oncu_200,iterative,3,220,40,multi_hop,4000,middle,low,unknown,p0001;p0002,p0006;p0001;p0002;p0007;p0003;p0010;p0012,5;2;14,7.0,2.0,1.0,1.0,0.2857142857142857,1.0,0.4444444444444445,0.7142857142857143
hotpotqa_5ab7f97a5542991d322237ef,hotpotqa,hotpotqa_oncu_200,iterative,5,220,40,multi_hop,4000,middle,low,unknown,p0001;p0002,p0006;p0001;p0002;p0007;p0003;p0010;p0012,5;2;14;1;0,7.0,2.0,1.0,1.0,0.2857142857142857,1.0,0.4444444444444445,0.7142857142857143
hotpotqa_5ab7f97a5542991d322237ef,hotpotqa,hotpotqa_oncu_200,iterative,8,220,40,multi_hop,4000,middle,low,unknown,p0001;p0002,p0006;p0001;p0002;p0007;p0003;p0010;p0012;p0004;p0005,5;2;14;1;0;3;6;4,9.0,2.0,1.0,1.0,0.2222222222222222,1.0,0.3636363636363636,0.7777777777777778
hotpotqa_5ab7f97a5542991d322237ef,hotpotqa,hotpotqa_oncu_200,iterative,16,220,40,multi_hop,4000,middle,low,unknown,p0001;p0002,p0006;p0001;p0002;p0007;p0003;p0010;p0012;p0004;p0005;p0008,5;2;14;1;0;3;6;4;13;15;9;17;8;18;12;21,10.0,2.0,1.0,1.0,0.2,1.0,0.33333333333333337,0.8
hotpotqa_5ab7f97a5542991d322237ef,hotpotqa,hotpotqa_oncu_200,oracle,3,220,40,multi_hop,4000,middle,low,unknown,p0001;p0002,p0001;p0002,0;1,2.0,2.0,1.0,1.0,1.0,1.0,1.0,0.0
hotpotqa_5ab7f97a5542991d322237ef,hotpotqa,hotpotqa_oncu_200,oracle,5,220,40,multi_hop,4000,middle,low,unknown,p0001;p0002,p0001;p0002,0;1,2.0,2.0,1.0,1.0,1.0,1.0,1.0,0.0
hotpotqa_5ab7f97a5542991d322237ef,hotpotqa,hotpotqa_oncu_200,oracle,8,220,40,multi_hop,4000,middle,low,unknown,p0001;p0002,p0001;p0002,0;1,2.0,2.0,1.0,1.0,1.0,1.0,1.0,0.0
hotpotqa_5ab7f97a5542991d322237ef,hotpotqa,hotpotqa_oncu_200,oracle,16,220,40,multi_hop,4000,middle,low,unknown,p0001;p0002,p0001;p0002,0;1,2.0,2.0,1.0,1.0,1.0,1.0,1.0,0.0
hotpotqa_5ae4563e5542996836b02c7f,hotpotqa,hotpotqa_oncu_200,lexical,3,220,40,multi_hop,8000,end,low,unknown,p0001;p0002,p0001;p0002;p0004;p0005,39;27;14,4.0,2.0,1.0,1.0,0.5,1.0,0.6666666666666666,0.5
hotpotqa_5ae4563e5542996836b02c7f,hotpotqa,hotpotqa_oncu_200,lexical,5,220,40,multi_hop,8000,end,low,unknown,p0001;p0002,p0001;p0002;p0004;p0005;p0003,39;27;14;2;11,5.0,2.0,1.0,1.0,0.4,1.0,0.5714285714285715,0.6
hotpotqa_5ae4563e5542996836b02c7f,hotpotqa,hotpotqa_oncu_200,lexical,8,220,40,multi_hop,8000,end,low,unknown,p0001;p0002,p0001;p0002;p0004;p0005;p0003,39;27;14;2;11;36;10;38,5.0,2.0,1.0,1.0,0.4,1.0,0.5714285714285715,0.6
hotpotqa_5ae4563e5542996836b02c7f,hotpotqa,hotpotqa_oncu_200,lexical,16,220,40,multi_hop,8000,end,low,unknown,p0001;p0002,p0001;p0002;p0004;p0005;p0003;p0007;p0010;p0012,39;27;14;2;11;36;10;38;35;3;15;18;28;6;29;5,8.0,2.0,1.0,1.0,0.25,1.0,0.4,0.75
hotpotqa_5ae4563e5542996836b02c7f,hotpotqa,hotpotqa_oncu_200,dense,3,220,40,multi_hop,8000,end,low,unknown,p0001;p0002,p0004;p0005;p0003,27;14;11,3.0,2.0,0.0,0.0,0.0,0.0,0.0,1.0
hotpotqa_5ae4563e5542996836b02c7f,hotpotqa,hotpotqa_oncu_200,dense,5,220,40,multi_hop,8000,end,low,unknown,p0001;p0002,p0004;p0005;p0003;p0007,27;14;11;36;15,4.0,2.0,0.0,0.0,0.0,0.0,0.0,1.0
hotpotqa_5ae4563e5542996836b02c7f,hotpotqa,hotpotqa_oncu_200,dense,8,220,40,multi_hop,8000,end,low,unknown,p0001;p0002,p0004;p0005;p0003;p0007,27;14;11;36;15;2;3;35,4.0,2.0,0.0,0.0,0.0,0.0,0.0,1.0
hotpotqa_5ae4563e5542996836b02c7f,hotpotqa,hotpotqa_oncu_200,dense,16,220,40,multi_hop,8000,end,low,unknown,p0001;p0002,p0004;p0005;p0003;p0007;p0001;p0002;p0009,27;14;11;36;15;2;3;35;28;38;10;43;5;34;44;17,7.0,2.0,1.0,1.0,0.2857142857142857,1.0,0.4444444444444445,0.7142857142857143
hotpotqa_5ae4563e5542996836b02c7f,hotpotqa,hotpotqa_oncu_200,hybrid,3,220,40,multi_hop,8000,end,low,unknown,p0001;p0002,p0004;p0005;p0003,27;14;11,3.0,2.0,0.0,0.0,0.0,0.0,0.0,1.0
hotpotqa_5ae4563e5542996836b02c7f,hotpotqa,hotpotqa_oncu_200,hybrid,5,220,40,multi_hop,8000,end,low,unknown,p0001;p0002,p0004;p0005;p0003,27;14;11;2;36,3.0,2.0,0.0,0.0,0.0,0.0,0.0,1.0
hotpotqa_5ae4563e5542996836b02c7f,hotpotqa,hotpotqa_oncu_200,hybrid,8,220,40,multi_hop,8000,end,low,unknown,p0001;p0002,p0004;p0005;p0003;p0007;p0001;p0002,27;14;11;2;36;15;39;3,6.0,2.0,1.0,1.0,0.3333333333333333,1.0,0.5,0.6666666666666666
hotpotqa_5ae4563e5542996836b02c7f,hotpotqa,hotpotqa_oncu_200,hybrid,16,220,40,multi_hop,8000,end,low,unknown,p0001;p0002,p0004;p0005;p0003;p0007;p0001;p0002;p0009,27;14;11;2;36;15;39;3;35;10;38;28;5;44;17;43,7.0,2.0,1.0,1.0,0.2857142857142857,1.0,0.4444444444444445,0.7142857142857143
hotpotqa_5ae4563e5542996836b02c7f,hotpotqa,hotpotqa_oncu_200,iterative,3,220,40,multi_hop,8000,end,low,unknown,p0001;p0002,p0001;p0002,39;38;27,2.0,2.0,1.0,1.0,1.0,1.0,1.0,0.0
hotpotqa_5ae4563e5542996836b02c7f,hotpotqa,hotpotqa_oncu_200,iterative,5,220,40,multi_hop,8000,end,low,unknown,p0001;p0002,p0001;p0002;p0004;p0005,39;38;27;14;2,4.0,2.0,1.0,1.0,0.5,1.0,0.6666666666666666,0.5
hotpotqa_5ae4563e5542996836b02c7f,hotpotqa,hotpotqa_oncu_200,iterative,8,220,40,multi_hop,8000,end,low,unknown,p0001;p0002,p0001;p0002;p0004;p0005;p0003;p0010;p0012,39;38;27;14;2;11;36;18,7.0,2.0,1.0,1.0,0.2857142857142857,1.0,0.4444444444444445,0.7142857142857143
hotpotqa_5ae4563e5542996836b02c7f,hotpotqa,hotpotqa_oncu_200,iterative,16,220,40,multi_hop,8000,end,low,unknown,p0001;p0002,p0001;p0002;p0004;p0005;p0003;p0010;p0012;p0009;p0007,39;38;27;14;2;11;36;18;5;30;17;10;35;6;15;22,9.0,2.0,1.0,1.0,0.2222222222222222,1.0,0.3636363636363636,0.7777777777777778
hotpotqa_5ae4563e5542996836b02c7f,hotpotqa,hotpotqa_oncu_200,oracle,3,220,40,multi_hop,8000,end,low,unknown,p0001;p0002,p0001;p0002,0;1,2.0,2.0,1.0,1.0,1.0,1.0,1.0,0.0
hotpotqa_5ae4563e5542996836b02c7f,hotpotqa,hotpotqa_oncu_200,oracle,5,220,40,multi_hop,8000,end,low,unknown,p0001;p0002,p0001;p0002,0;1,2.0,2.0,1.0,1.0,1.0,1.0,1.0,0.0
hotpotqa_5ae4563e5542996836b02c7f,hotpotqa,hotpotqa_oncu_200,oracle,8,220,40,multi_hop,8000,end,low,unknown,p0001;p0002,p0001;p0002,0;1,2.0,2.0,1.0,1.0,1.0,1.0,1.0,0.0
hotpotqa_5ae4563e5542996836b02c7f,hotpotqa,hotpotqa_oncu_200,oracle,16,220,40,multi_hop,8000,end,low,unknown,p0001;p0002,p0001;p0002,0;1,2.0,2.0,1.0,1.0,1.0,1.0,1.0,0.0
hotpotqa_5ab6ff3a5542991d3222372a,hotpotqa,hotpotqa_oncu_200,lexical,3,220,40,multi_hop,16000,scattered,medium,unknown,p0001;p0002;p0003,p0001,8;60;11,1.0,3.0,1.0,0.0,1.0,0.3333333333333333,0.5,0.0
hotpotqa_5ab6ff3a5542991d3222372a,hotpotqa,hotpotqa_oncu_200,lexical,5,220,40,multi_hop,16000,scattered,medium,unknown,p0001;p0002;p0003,p0001;p0003,8;60;11;0;77,2.0,3.0,1.0,0.0,1.0,0.6666666666666666,0.8,0.0
hotpotqa_5ab6ff3a5542991d3222372a,hotpotqa,hotpotqa_oncu_200,lexical,8,220,40,multi_hop,16000,scattered,medium,unknown,p0001;p0002;p0003,p0001;p0003,8;60;11;0;77;65;16;49,2.0,3.0,1.0,0.0,1.0,0.6666666666666666,0.8,0.0
hotpotqa_5ab6ff3a5542991d3222372a,hotpotqa,hotpotqa_oncu_200,lexical,16,220,40,multi_hop,16000,scattered,medium,unknown,p0001;p0002;p0003,p0001;p0003;p0002,8;60;11;0;77;65;16;49;5;87;38;44;55;76;33;54,3.0,3.0,1.0,1.0,1.0,1.0,1.0,0.0
hotpotqa_5ab6ff3a5542991d3222372a,hotpotqa,hotpotqa_oncu_200,dense,3,220,40,multi_hop,16000,scattered,medium,unknown,p0001;p0002;p0003,p0003;p0002,78;44;11,2.0,3.0,1.0,0.0,1.0,0.6666666666666666,0.8,0.0
hotpotqa_5ab6ff3a5542991d3222372a,hotpotqa,hotpotqa_oncu_200,dense,5,220,40,multi_hop,16000,scattered,medium,unknown,p0001;p0002;p0003,p0003;p0002,78;44;11;71;22,2.0,3.0,1.0,0.0,1.0,0.6666666666666666,0.8,0.0
hotpotqa_5ab6ff3a5542991d3222372a,hotpotqa,hotpotqa_oncu_200,dense,8,220,40,multi_hop,16000,scattered,medium,unknown,p0001;p0002;p0003,p0003;p0002,78;44;11;71;22;82;60;55,2.0,3.0,1.0,0.0,1.0,0.6666666666666666,0.8,0.0
hotpotqa_5ab6ff3a5542991d3222372a,hotpotqa,hotpotqa_oncu_200,dense,16,220,40,multi_hop,16000,scattered,medium,unknown,p0001;p0002;p0003,p0003;p0002;p0008;p0005;p0007,78;44;11;71;22;82;60;55;29;33;28;18;67;38;7;65,5.0,3.0,1.0,0.0,0.4,0.6666666666666666,0.5,0.6
hotpotqa_5ab6ff3a5542991d3222372a,hotpotqa,hotpotqa_oncu_200,hybrid,3,220,40,multi_hop,16000,scattered,medium,unknown,p0001;p0002;p0003,p0002,11;60;44,1.0,3.0,1.0,0.0,1.0,0.3333333333333333,0.5,0.0
hotpotqa_5ab6ff3a5542991d3222372a,hotpotqa,hotpotqa_oncu_200,hybrid,5,220,40,multi_hop,16000,scattered,medium,unknown,p0001;p0002;p0003,p0002;p0003,11;60;44;78;55,2.0,3.0,1.0,0.0,1.0,0.6666666666666666,0.8,0.0
hotpotqa_5ab6ff3a5542991d3222372a,hotpotqa,hotpotqa_oncu_200,hybrid,8,220,40,multi_hop,16000,scattered,medium,unknown,p0001;p0002;p0003,p0002;p0003,11;60;44;78;55;65;82;0,2.0,3.0,1.0,0.0,1.0,0.6666666666666666,0.8,0.0
hotpotqa_5ab6ff3a5542991d3222372a,hotpotqa,hotpotqa_oncu_200,hybrid,16,220,40,multi_hop,16000,scattered,medium,unknown,p0001;p0002;p0003,p0002;p0003,11;60;44;78;55;65;82;0;71;22;33;38;49;5;16;77,2.0,3.0,1.0,0.0,1.0,0.6666666666666666,0.8,0.0
hotpotqa_5ab6ff3a5542991d3222372a,hotpotqa,hotpotqa_oncu_200,iterative,3,220,40,multi_hop,16000,scattered,medium,unknown,p0001;p0002;p0003,p0001,8;46;60,1.0,3.0,1.0,0.0,1.0,0.3333333333333333,0.5,0.0
hotpotqa_5ab6ff3a5542991d3222372a,hotpotqa,hotpotqa_oncu_200,iterative,5,220,40,multi_hop,16000,scattered,medium,unknown,p0001;p0002;p0003,p0001,8;46;60;0;11,1.0,3.0,1.0,0.0,1.0,0.3333333333333333,0.5,0.0
hotpotqa_5ab6ff3a5542991d3222372a,hotpotqa,hotpotqa_oncu_200,iterative,8,220,40,multi_hop,16000,scattered,medium,unknown,p0001;p0002;p0003,p0001;p0009;p0011,8;46;60;0;11;30;84;35,3.0,3.0,1.0,0.0,0.3333333333333333,0.3333333333333333,0.3333333333333333,0.6666666666666666
hotpotqa_5ab6ff3a5542991d3222372a,hotpotqa,hotpotqa_oncu_200,iterative,16,220,40,multi_hop,16000,scattered,medium,unknown,p0001;p0002;p0003,p0001;p0009;p0011,8;46;60;0;11;30;84;35;49;24;57;38;73;16;87;65,3.0,3.0,1.0,0.0,0.3333333333333333,0.3333333333333333,0.3333333333333333,0.6666666666666666
hotpotqa_5ab6ff3a5542991d3222372a,hotpotqa,hotpotqa_oncu_200,oracle,3,220,40,multi_hop,16000,scattered,medium,unknown,p0001;p0002;p0003,p0001;p0002;p0003,0;1;2,3.0,3.0,1.0,1.0,1.0,1.0,1.0,0.0
hotpotqa_5ab6ff3a5542991d3222372a,hotpotqa,hotpotqa_oncu_200,oracle,5,220,40,multi_hop,16000,scattered,medium,unknown,p0001;p0002;p0003,p0001;p0002;p0003,0;1;2,3.0,3.0,1.0,1.0,1.0,1.0,1.0,0.0
hotpotqa_5ab6ff3a5542991d3222372a,hotpotqa,hotpotqa_oncu_200,oracle,8,220,40,multi_hop,16000,scattered,medium,unknown,p0001;p0002;p0003,p0001;p0002;p0003,0;1;2,3.0,3.0,1.0,1.0,1.0,1.0,1.0,0.0
hotpotqa_5ab6ff3a5542991d3222372a,hotpotqa,hotpotqa_oncu_200,oracle,16,220,40,multi_hop,16000,scattered,medium,unknown,p0001;p0002;p0003,p0001;p0002;p0003,0;1;2,3.0,3.0,1.0,1.0,1.0,1.0,1.0,0.0
hotpotqa_5ac1795f5542994ab5c67d5f,hotpotqa,hotpotqa_oncu_200,lexical,3,220,40,multi_hop,4000,front,low,unknown,p0001;p0002,p0001;p0002,0;4;14,2.0,2.0,1.0,1.0,1.0,1.0,1.0,0.0
hotpotqa_5ac1795f5542994ab5c67d5f,hotpotqa,hotpotqa_oncu_200,lexical,5,220,40,multi_hop,4000,front,low,unknown,p0001;p0002,p0001;p0002,0;4;14;1;18,2.0,2.0,1.0,1.0,1.0,1.0,1.0,0.0
hotpotqa_5ac1795f5542994ab5c67d5f,hotpotqa,hotpotqa_oncu_200,lexical,8,220,40,multi_hop,4000,front,low,unknown,p0001;p0002,p0001;p0002,0;4;14;1;18;19;5;16,2.0,2.0,1.0,1.0,1.0,1.0,1.0,0.0
hotpotqa_5ac1795f5542994ab5c67d5f,hotpotqa,hotpotqa_oncu_200,lexical,16,220,40,multi_hop,4000,front,low,unknown,p0001;p0002,p0001;p0002;p0003;p0004;p0012;p0007;p0008,0;4;14;1;18;19;5;16;2;6;21;10;13;8;3;12,7.0,2.0,1.0,1.0,0.2857142857142857,1.0,0.4444444444444445,0.7142857142857143
hotpotqa_5ac1795f5542994ab5c67d5f,hotpotqa,hotpotqa_oncu_200,dense,3,220,40,multi_hop,4000,front,low,unknown,p0001;p0002,,14;19;5,0.0,2.0,0.0,0.0,0.0,0.0,0.0,0.0
hotpotqa_5ac1795f5542994ab5c67d5f,hotpotqa,hotpotqa_oncu_200,dense,5,220,40,multi_hop,4000,front,low,unknown,p0001;p0002,p0003;p0004;p0001;p0002,14;19;5;6;0,4.0,2.0,1.0,1.0,0.5,1.0,0.6666666666666666,0.5
hotpotqa_5ac1795f5542994ab5c67d5f,hotpotqa,hotpotqa_oncu_200,dense,8,220,40,multi_hop,4000,front,low,unknown,p0001;p0002,p0003;p0004;p0001;p0002;p0012,14;19;5;6;0;10;4;15,5.0,2.0,1.0,1.0,0.4,1.0,0.5714285714285715,0.6
hotpotqa_5ac1795f5542994ab5c67d5f,hotpotqa,hotpotqa_oncu_200,dense,16,220,40,multi_hop,4000,front,low,unknown,p0001;p0002,p0003;p0004;p0001;p0002;p0012;p0006,14;19;5;6;0;10;4;15;1;13;18;16;11;7;2;20,6.0,2.0,1.0,1.0,0.3333333333333333,1.0,0.5,0.6666666666666666
hotpotqa_5ac1795f5542994ab5c67d5f,hotpotqa,hotpotqa_oncu_200,hybrid,3,220,40,multi_hop,4000,front,low,unknown,p0001;p0002,p0001;p0002,14;0;19,2.0,2.0,1.0,1.0,1.0,1.0,1.0,0.0
hotpotqa_5ac1795f5542994ab5c67d5f,hotpotqa,hotpotqa_oncu_200,hybrid,5,220,40,multi_hop,4000,front,low,unknown,p0001;p0002,p0001;p0002,14;0;19;4;5,2.0,2.0,1.0,1.0,1.0,1.0,1.0,0.0
hotpotqa_5ac1795f5542994ab5c67d5f,hotpotqa,hotpotqa_oncu_200,hybrid,8,220,40,multi_hop,4000,front,low,unknown,p0001;p0002,p0001;p0002;p0003;p0004,14;0;19;4;5;1;6;18,4.0,2.0,1.0,1.0,0.5,1.0,0.6666666666666666,0.5
hotpotqa_5ac1795f5542994ab5c67d5f,hotpotqa,hotpotqa_oncu_200,hybrid,16,220,40,multi_hop,4000,front,low,unknown,p0001;p0002,p0001;p0002;p0003;p0004;p0012;p0007;p0008,14;0;19;4;5;1;6;18;10;16;13;2;15;21;8;11,7.0,2.0,1.0,1.0,0.2857142857142857,1.0,0.4444444444444445,0.7142857142857143
hotpotqa_5ac1795f5542994ab5c67d5f,hotpotqa,hotpotqa_oncu_200,iterative,3,220,40,multi_hop,4000,front,low,unknown,p0001;p0002,p0001;p0002,0;14;19,2.0,2.0,1.0,1.0,1.0,1.0,1.0,0.0
hotpotqa_5ac1795f5542994ab5c67d5f,hotpotqa,hotpotqa_oncu_200,iterative,5,220,40,multi_hop,4000,front,low,unknown,p0001;p0002,p0001;p0002,0;14;19;4;5,2.0,2.0,1.0,1.0,1.0,1.0,1.0,0.0
hotpotqa_5ac1795f5542994ab5c67d5f,hotpotqa,hotpotqa_oncu_200,iterative,8,220,40,multi_hop,4000,front,low,unknown,p0001;p0002,p0001;p0002;p0003;p0004,0;14;19;4;5;1;18;6,4.0,2.0,1.0,1.0,0.5,1.0,0.6666666666666666,0.5
hotpotqa_5ac1795f5542994ab5c67d5f,hotpotqa,hotpotqa_oncu_200,iterative,16,220,40,multi_hop,4000,front,low,unknown,p0001;p0002,p0001;p0002;p0003;p0004;p0012,0;14;19;4;5;1;18;6;16;2;10;21;15;20;13;12,5.0,2.0,1.0,1.0,0.4,1.0,0.5714285714285715,0.6
hotpotqa_5ac1795f5542994ab5c67d5f,hotpotqa,hotpotqa_oncu_200,oracle,3,220,40,multi_hop,4000,front,low,unknown,p0001;p0002,p0001;p0002,0;1,2.0,2.0,1.0,1.0,1.0,1.0,1.0,0.0
hotpotqa_5ac1795f5542994ab5c67d5f,hotpotqa,hotpotqa_oncu_200,oracle,5,220,40,multi_hop,4000,front,low,unknown,p0001;p0002,p0001;p0002,0;1,2.0,2.0,1.0,1.0,1.0,1.0,1.0,0.0
hotpotqa_5ac1795f5542994ab5c67d5f,hotpotqa,hotpotqa_oncu_200,oracle,8,220,40,multi_hop,4000,front,low,unknown,p0001;p0002,p0001;p0002,0;1,2.0,2.0,1.0,1.0,1.0,1.0,1.0,0.0
hotpotqa_5ac1795f5542994ab5c67d5f,hotpotqa,hotpotqa_oncu_200,oracle,16,220,40,multi_hop,4000,front,low,unknown,p0001;p0002,p0001;p0002,0;1,2.0,2.0,1.0,1.0,1.0,1.0,1.0,0.0
hotpotqa_5ae6f2a7554299572ea5464a,hotpotqa,hotpotqa_oncu_200,lexical,3,220,40,multi_hop,8000,middle,medium,unknown,p0001;p0002;p0003;p0004,,7;30;41,0.0,4.0,0.0,0.0,0.0,0.0,0.0,0.0
hotpotqa_5ae6f2a7554299572ea5464a,hotpotqa,hotpotqa_oncu_200,lexical,5,220,40,multi_hop,8000,middle,medium,unknown,p0001;p0002;p0003;p0004,p0009;p0010;p0011,7;30;41;14;1,3.0,4.0,0.0,0.0,0.0,0.0,0.0,1.0
hotpotqa_5ae6f2a7554299572ea5464a,hotpotqa,hotpotqa_oncu_200,lexical,8,220,40,multi_hop,8000,middle,medium,unknown,p0001;p0002;p0003;p0004,p0009;p0010;p0011,7;30;41;14;1;24;36;18,3.0,4.0,0.0,0.0,0.0,0.0,0.0,1.0
hotpotqa_5ae6f2a7554299572ea5464a,hotpotqa,hotpotqa_oncu_200,lexical,16,220,40,multi_hop,8000,middle,medium,unknown,p0001;p0002;p0003;p0004,p0009;p0010;p0011;p0001;p0002;p0003;p0004;p0012,7;30;41;14;1;24;36;18;22;35;19;2;25;15;21;6,8.0,4.0,1.0,1.0,0.5,1.0,0.6666666666666666,0.5
hotpotqa_5ae6f2a7554299572ea5464a,hotpotqa,hotpotqa_oncu_200,dense,3,220,40,multi_hop,8000,middle,medium,unknown,p0001;p0002;p0003;p0004,p0001;p0002;p0003;p0004,22;7;30,4.0,4.0,1.0,1.0,1.0,1.0,1.0,0.0
hotpotqa_5ae6f2a7554299572ea5464a,hotpotqa,hotpotqa_oncu_200,dense,5,220,40,multi_hop,8000,middle,medium,unknown,p0001;p0002;p0003;p0004,p0001;p0002;p0003;p0004,22;7;30;36;19,4.0,4.0,1.0,1.0,1.0,1.0,1.0,0.0
hotpotqa_5ae6f2a7554299572ea5464a,hotpotqa,hotpotqa_oncu_200,dense,8,220,40,multi_hop,8000,middle,medium,unknown,p0001;p0002;p0003;p0004,p0001;p0002;p0003;p0004;p0014,22;7;30;36;19;17;42;2,5.0,4.0,1.0,1.0,0.8,1.0,0.888888888888889,0.2
hotpotqa_5ae6f2a7554299572ea5464a,hotpotqa,hotpotqa_oncu_200,dense,16,220,40,multi_hop,8000,middle,medium,unknown,p0001;p0002;p0003;p0004,p0001;p0002;p0003;p0004;p0014;p0009;p0010;p0011;p0012,22;7;30;36;19;17;42;2;25;14;8;31;37;41;15;4,9.0,4.0,1.0,1.0,0.4444444444444444,1.0,0.6153846153846153,0.5555555555555556
hotpotqa_5ae6f2a7554299572ea5464a,hotpotqa,hotpotqa_oncu_200,hybrid,3,220,40,multi_hop,8000,middle,medium,unknown,p0001;p0002;p0003;p0004,p0001;p0002;p0003;p0004,7;30;22,4.0,4.0,1.0,1.0,1.0,1.0,1.0,0.0
hotpotqa_5ae6f2a7554299572ea5464a,hotpotqa,hotpotqa_oncu_200,hybrid,5,220,40,multi_hop,8000,middle,medium,unknown,p0001;p0002;p0003;p0004,p0001;p0002;p0003;p0004;p0009;p0010;p0011,7;30;22;36;14,7.0,4.0,1.0,1.0,0.5714285714285714,1.0,0.7272727272727273,0.42857142857142855
hotpotqa_5ae6f2a7554299572ea5464a,hotpotqa,hotpotqa_oncu_200,hybrid,8,220,40,multi_hop,8000,middle,medium,unknown,p0001;p0002;p0003;p0004,p0001;p0002;p0003;p0004;p0009;p0010;p0011,7;30;22;36;14;19;41;2,7.0,4.0,1.0,1.0,0.5714285714285714,1.0,0.7272727272727273,0.42857142857142855
hotpotqa_5ae6f2a7554299572ea5464a,hotpotqa,hotpotqa_oncu_200,hybrid,16,220,40,multi_hop,8000,middle,medium,unknown,p0001;p0002;p0003;p0004,p0001;p0002;p0003;p0004;p0009;p0010;p0011;p0012,7;30;22;36;14;19;41;2;25;18;1;42;24;8;15;31,8.0,4.0,1.0,1.0,0.5,1.0,0.6666666666666666,0.5
hotpotqa_5ae6f2a7554299572ea5464a,hotpotqa,hotpotqa_oncu_200,iterative,3,220,40,multi_hop,8000,middle,medium,unknown,p0001;p0002;p0003;p0004,,41;7;1,0.0,4.0,0.0,0.0,0.0,0.0,0.0,0.0
hotpotqa_5ae6f2a7554299572ea5464a,hotpotqa,hotpotqa_oncu_200,iterative,5,220,40,multi_hop,8000,middle,medium,unknown,p0001;p0002;p0003;p0004,,41;7;1;30;24,0.0,4.0,0.0,0.0,0.0,0.0,0.0,0.0
hotpotqa_5ae6f2a7554299572ea5464a,hotpotqa,hotpotqa_oncu_200,iterative,8,220,40,multi_hop,8000,middle,medium,unknown,p0001;p0002;p0003;p0004,p0009;p0010;p0011,41;7;1;30;24;14;36;18,3.0,4.0,0.0,0.0,0.0,0.0,0.0,1.0
hotpotqa_5ae6f2a7554299572ea5464a,hotpotqa,hotpotqa_oncu_200,iterative,16,220,40,multi_hop,8000,middle,medium,unknown,p0001;p0002;p0003;p0004,p0009;p0010;p0011;p0001;p0002;p0003;p0004;p0012,41;7;1;30;24;14;36;18;35;22;2;6;19;25;29;15,8.0,4.0,1.0,1.0,0.5,1.0,0.6666666666666666,0.5
hotpotqa_5ae6f2a7554299572ea5464a,hotpotqa,hotpotqa_oncu_200,oracle,3,220,40,multi_hop,8000,middle,medium,unknown,p0001;p0002;p0003;p0004,p0001;p0002;p0003,0;1;2,3.0,4.0,1.0,0.0,1.0,0.75,0.8571428571428571,0.0
hotpotqa_5ae6f2a7554299572ea5464a,hotpotqa,hotpotqa_oncu_200,oracle,5,220,40,multi_hop,8000,middle,medium,unknown,p0001;p0002;p0003;p0004,p0001;p0002;p0003;p0004,0;1;2;3,4.0,4.0,1.0,1.0,1.0,1.0,1.0,0.0
hotpotqa_5ae6f2a7554299572ea5464a,hotpotqa,hotpotqa_oncu_200,oracle,8,220,40,multi_hop,8000,middle,medium,unknown,p0001;p0002;p0003;p0004,p0001;p0002;p0003;p0004,0;1;2;3,4.0,4.0,1.0,1.0,1.0,1.0,1.0,0.0
hotpotqa_5ae6f2a7554299572ea5464a,hotpotqa,hotpotqa_oncu_200,oracle,16,220,40,multi_hop,8000,middle,medium,unknown,p0001;p0002;p0003;p0004,p0001;p0002;p0003;p0004,0;1;2;3,4.0,4.0,1.0,1.0,1.0,1.0,1.0,0.0
hotpotqa_5ae3ff575542995dadf242aa,hotpotqa,hotpotqa_oncu_200,lexical,3,220,40,multi_hop,16000,end,low,unknown,p0001;p0002,,40;70;84,0.0,2.0,0.0,0.0,0.0,0.0,0.0,0.0
hotpotqa_5ae3ff575542995dadf242aa,hotpotqa,hotpotqa_oncu_200,lexical,5,220,40,multi_hop,16000,end,low,unknown,p0001;p0002,,40;70;84;59;18,0.0,2.0,0.0,0.0,0.0,0.0,0.0,0.0
hotpotqa_5ae3ff575542995dadf242aa,hotpotqa,hotpotqa_oncu_200,lexical,8,220,40,multi_hop,16000,end,low,unknown,p0001;p0002,,40;70;84;59;18;51;10;81,0.0,2.0,0.0,0.0,0.0,0.0,0.0,0.0
hotpotqa_5ae3ff575542995dadf242aa,hotpotqa,hotpotqa_oncu_200,lexical,16,220,40,multi_hop,16000,end,low,unknown,p0001;p0002,,40;70;84;59;18;51;10;81;7;48;16;62;21;32;26;37,0.0,2.0,0.0,0.0,0.0,0.0,0.0,0.0
hotpotqa_5ae3ff575542995dadf242aa,hotpotqa,hotpotqa_oncu_200,dense,3,220,40,multi_hop,16000,end,low,unknown,p0001;p0002,,84;51;40,0.0,2.0,0.0,0.0,0.0,0.0,0.0,0.0
hotpotqa_5ae3ff575542995dadf242aa,hotpotqa,hotpotqa_oncu_200,dense,5,220,40,multi_hop,16000,end,low,unknown,p0001;p0002,,84;51;40;70;10,0.0,2.0,0.0,0.0,0.0,0.0,0.0,0.0
hotpotqa_5ae3ff575542995dadf242aa,hotpotqa,hotpotqa_oncu_200,dense,8,220,40,multi_hop,16000,end,low,unknown,p0001;p0002,p0011,84;51;40;70;10;31;82;54,1.0,2.0,0.0,0.0,0.0,0.0,0.0,1.0
hotpotqa_5ae3ff575542995dadf242aa,hotpotqa,hotpotqa_oncu_200,dense,16,220,40,multi_hop,16000,end,low,unknown,p0001;p0002,p0011;p0001;p0002,84;51;40;70;10;31;82;54;13;18;8;49;77;73;60;59,3.0,2.0,1.0,1.0,0.6666666666666666,1.0,0.8,0.3333333333333333
hotpotqa_5ae3ff575542995dadf242aa,hotpotqa,hotpotqa_oncu_200,hybrid,3,220,40,multi_hop,16000,end,low,unknown,p0001;p0002,,40;84;70,0.0,2.0,0.0,0.0,0.0,0.0,0.0,0.0
hotpotqa_5ae3ff575542995dadf242aa,hotpotqa,hotpotqa_oncu_200,hybrid,5,220,40,multi_hop,16000,end,low,unknown,p0001;p0002,,40;84;70;51;10,0.0,2.0,0.0,0.0,0.0,0.0,0.0,0.0
hotpotqa_5ae3ff575542995dadf242aa,hotpotqa,hotpotqa_oncu_200,hybrid,8,220,40,multi_hop,16000,end,low,unknown,p0001;p0002,p0011,40;84;70;51;10;18;59;31,1.0,2.0,0.0,0.0,0.0,0.0,0.0,1.0
hotpotqa_5ae3ff575542995dadf242aa,hotpotqa,hotpotqa_oncu_200,hybrid,16,220,40,multi_hop,16000,end,low,unknown,p0001;p0002,p0011;p0002,40;84;70;51;10;18;59;31;62;21;32;82;54;78;13;8,2.0,2.0,1.0,0.0,0.5,0.5,0.5,0.5
hotpotqa_5ae3ff575542995dadf242aa,hotpotqa,hotpotqa_oncu_200,iterative,3,220,40,multi_hop,16000,end,low,unknown,p0001;p0002,,59;18;40,0.0,2.0,0.0,0.0,0.0,0.0,0.0,0.0
hotpotqa_5ae3ff575542995dadf242aa,hotpotqa,hotpotqa_oncu_200,iterative,5,220,40,multi_hop,16000,end,low,unknown,p0001;p0002,,59;18;40;70;26,0.0,2.0,0.0,0.0,0.0,0.0,0.0,0.0
hotpotqa_5ae3ff575542995dadf242aa,hotpotqa,hotpotqa_oncu_200,iterative,8,220,40,multi_hop,16000,end,low,unknown,p0001;p0002,,59;18;40;70;26;81;67;37,0.0,2.0,0.0,0.0,0.0,0.0,0.0,0.0
hotpotqa_5ae3ff575542995dadf242aa,hotpotqa,hotpotqa_oncu_200,iterative,16,220,40,multi_hop,16000,end,low,unknown,p0001;p0002,p0002,59;18;40;70;26;81;67;37;7;48;84;51;56;10;15;78,1.0,2.0,1.0,0.0,1.0,0.5,0.6666666666666666,0.0
hotpotqa_5ae3ff575542995dadf242aa,hotpotqa,hotpotqa_oncu_200,oracle,3,220,40,multi_hop,16000,end,low,unknown,p0001;p0002,p0001;p0002,0;1,2.0,2.0,1.0,1.0,1.0,1.0,1.0,0.0
hotpotqa_5ae3ff575542995dadf242aa,hotpotqa,hotpotqa_oncu_200,oracle,5,220,40,multi_hop,16000,end,low,unknown,p0001;p0002,p0001;p0002,0;1,2.0,2.0,1.0,1.0,1.0,1.0,1.0,0.0
hotpotqa_5ae3ff575542995dadf242aa,hotpotqa,hotpotqa_oncu_200,oracle,8,220,40,multi_hop,16000,end,low,unknown,p0001;p0002,p0001;p0002,0;1,2.0,2.0,1.0,1.0,1.0,1.0,1.0,0.0
hotpotqa_5ae3ff575542995dadf242aa,hotpotqa,hotpotqa_oncu_200,oracle,16,220,40,multi_hop,16000,end,low,unknown,p0001;p0002,p0001;p0002,0;1,2.0,2.0,1.0,1.0,1.0,1.0,1.0,0.0
hotpotqa_5a89fb525542993b751ca9d6,hotpotqa,hotpotqa_oncu_200,lexical,3,220,40,multi_hop,4000,scattered,medium,unknown,p0001;p0002;p0003,p0001,1;3;20,1.0,3.0,1.0,0.0,1.0,0.3333333333333333,0.5,0.0
hotpotqa_5a89fb525542993b751ca9d6,hotpotqa,hotpotqa_oncu_200,lexical,5,220,40,multi_hop,4000,scattered,medium,unknown,p0001;p0002;p0003,p0001;p0005;p0006;p0007,1;3;20;6;12,4.0,3.0,1.0,0.0,0.25,0.3333333333333333,0.28571428571428575,0.75
hotpotqa_5a89fb525542993b751ca9d6,hotpotqa,hotpotqa_oncu_200,lexical,8,220,40,multi_hop,4000,scattered,medium,unknown,p0001;p0002;p0003,p0001;p0005;p0006;p0007;p0003,1;3;20;6;12;14;19;17,5.0,3.0,1.0,0.0,0.4,0.6666666666666666,0.5,0.6
hotpotqa_5a89fb525542993b751ca9d6,hotpotqa,hotpotqa_oncu_200,lexical,16,220,40,multi_hop,4000,scattered,medium,unknown,p0001;p0002;p0003,p0001;p0005;p0006;p0007;p0003;p0002;p0008;p0009;p0010,1;3;20;6;12;14;19;17;9;0;11;10;13;5;7;2,9.0,3.0,1.0,1.0,0.3333333333333333,1.0,0.5,0.6666666666666666
hotpotqa_5a89fb525542993b751ca9d6,hotpotqa,hotpotqa_oncu_200,dense,3,220,40,multi_hop,4000,scattered,medium,unknown,p0001;p0002;p0003,p0001;p0003,1;19;2,2.0,3.0,1.0,0.0,1.0,0.6666666666666666,0.8,0.0
hotpotqa_5a89fb525542993b751ca9d6,hotpotqa,hotpotqa_oncu_200,dense,5,220,40,multi_hop,4000,scattered,medium,unknown,p0001;p0002;p0003,p0001;p0003,1;19;2;5;16,2.0,3.0,1.0,0.0,1.0,0.6666666666666666,0.8,0.0
hotpotqa_5a89fb525542993b751ca9d6,hotpotqa,hotpotqa_oncu_200,dense,8,220,40,multi_hop,4000,scattered,medium,unknown,p0001;p0002;p0003,p0001;p0003;p0002,1;19;2;5;16;11;14;10,3.0,3.0,1.0,1.0,1.0,1.0,1.0,0.0
hotpotqa_5a89fb525542993b751ca9d6,hotpotqa,hotpotqa_oncu_200,dense,16,220,40,multi_hop,4000,scattered,medium,unknown,p0001;p0002;p0003,p0001;p0003;p0002;p0010;p0011;p0012;p0005;p0006;p0007,1;19;2;5;16;11;14;10;8;13;21;0;6;17;4;15,9.0,3.0,1.0,1.0,0.3333333333333333,1.0,0.5,0.6666666666666666
hotpotqa_5a89fb525542993b751ca9d6,hotpotqa,hotpotqa_oncu_200,hybrid,3,220,40,multi_hop,4000,scattered,medium,unknown,p0001;p0002;p0003,p0001;p0003,1;19;14,2.0,3.0,1.0,0.0,1.0,0.6666666666666666,0.8,0.0
hotpotqa_5a89fb525542993b751ca9d6,hotpotqa,hotpotqa_oncu_200,hybrid,5,220,40,multi_hop,4000,scattered,medium,unknown,p0001;p0002;p0003,p0001;p0003;p0005;p0006;p0007,1;19;14;6;11,5.0,3.0,1.0,0.0,0.4,0.6666666666666666,0.5,0.6
hotpotqa_5a89fb525542993b751ca9d6,hotpotqa,hotpotqa_oncu_200,hybrid,8,220,40,multi_hop,4000,scattered,medium,unknown,p0001;p0002;p0003,p0001;p0003;p0005;p0006;p0007,1;19;14;6;11;5;2;3,5.0,3.0,1.0,0.0,0.4,0.6666666666666666,0.5,0.6
hotpotqa_5a89fb525542993b751ca9d6,hotpotqa,hotpotqa_oncu_200,hybrid,16,220,40,multi_hop,4000,scattered,medium,unknown,p0001;p0002;p0003,p0001;p0003;p0005;p0006;p0007;p0002;p0010;p0011;p0012,1;19;14;6;11;5;2;3;10;20;17;0;13;16;12;8,9.0,3.0,1.0,1.0,0.3333333333333333,1.0,0.5,0.6666666666666666
hotpotqa_5a89fb525542993b751ca9d6,hotpotqa,hotpotqa_oncu_200,iterative,3,220,40,multi_hop,4000,scattered,medium,unknown,p0001;p0002;p0003,p0001,1;12;3,1.0,3.0,1.0,0.0,1.0,0.3333333333333333,0.5,0.0
hotpotqa_5a89fb525542993b751ca9d6,hotpotqa,hotpotqa_oncu_200,iterative,5,220,40,multi_hop,4000,scattered,medium,unknown,p0001;p0002;p0003,p0001,1;12;3;20;9,1.0,3.0,1.0,0.0,1.0,0.3333333333333333,0.5,0.0
hotpotqa_5a89fb525542993b751ca9d6,hotpotqa,hotpotqa_oncu_200,iterative,8,220,40,multi_hop,4000,scattered,medium,unknown,p0001;p0002;p0003,p0001;p0005;p0006;p0007,1;12;3;20;9;17;6;14,4.0,3.0,1.0,0.0,0.25,0.3333333333333333,0.28571428571428575,0.75
hotpotqa_5a89fb525542993b751ca9d6,hotpotqa,hotpotqa_oncu_200,iterative,16,220,40,multi_hop,4000,scattered,medium,unknown,p0001;p0002;p0003,p0001;p0005;p0006;p0007;p0008;p0009;p0010;p0003;p0002,1;12;3;20;9;17;6;14;15;0;7;11;18;19;10;13,9.0,3.0,1.0,1.0,0.3333333333333333,1.0,0.5,0.6666666666666666
hotpotqa_5a89fb525542993b751ca9d6,hotpotqa,hotpotqa_oncu_200,oracle,3,220,40,multi_hop,4000,scattered,medium,unknown,p0001;p0002;p0003,p0001;p0002;p0003,0;1;2,3.0,3.0,1.0,1.0,1.0,1.0,1.0,0.0
hotpotqa_5a89fb525542993b751ca9d6,hotpotqa,hotpotqa_oncu_200,oracle,5,220,40,multi_hop,4000,scattered,medium,unknown,p0001;p0002;p0003,p0001;p0002;p0003,0;1;2,3.0,3.0,1.0,1.0,1.0,1.0,1.0,0.0
hotpotqa_5a89fb525542993b751ca9d6,hotpotqa,hotpotqa_oncu_200,oracle,8,220,40,multi_hop,4000,scattered,medium,unknown,p0001;p0002;p0003,p0001;p0002;p0003,0;1;2,3.0,3.0,1.0,1.0,1.0,1.0,1.0,0.0
hotpotqa_5a89fb525542993b751ca9d6,hotpotqa,hotpotqa_oncu_200,oracle,16,220,40,multi_hop,4000,scattered,medium,unknown,p0001;p0002;p0003,p0001;p0002;p0003,0;1;2,3.0,3.0,1.0,1.0,1.0,1.0,1.0,0.0
hotpotqa_5adf9dc3554299025d62a2e6,hotpotqa,hotpotqa_oncu_200,lexical,3,220,40,multi_hop,8000,front,medium,unknown,p0001;p0002;p0003,,26;31;0,0.0,3.0,0.0,0.0,0.0,0.0,0.0,0.0
hotpotqa_5adf9dc3554299025d62a2e6,hotpotqa,hotpotqa_oncu_200,lexical,5,220,40,multi_hop,8000,front,medium,unknown,p0001;p0002;p0003,,26;31;0;9;36,0.0,3.0,0.0,0.0,0.0,0.0,0.0,0.0
hotpotqa_5adf9dc3554299025d62a2e6,hotpotqa,hotpotqa_oncu_200,lexical,8,220,40,multi_hop,8000,front,medium,unknown,p0001;p0002;p0003,,26;31;0;9;36;40;41;21,0.0,3.0,0.0,0.0,0.0,0.0,0.0,0.0
hotpotqa_5adf9dc3554299025d62a2e6,hotpotqa,hotpotqa_oncu_200,lexical,16,220,40,multi_hop,8000,front,medium,unknown,p0001;p0002;p0003,,26;31;0;9;36;40;41;21;19;11;24;6;29;30;4;10,0.0,3.0,0.0,0.0,0.0,0.0,0.0,0.0
hotpotqa_5adf9dc3554299025d62a2e6,hotpotqa,hotpotqa_oncu_200,dense,3,220,40,multi_hop,8000,front,medium,unknown,p0001;p0002;p0003,p0001;p0002;p0003,1;2;3,3.0,3.0,1.0,1.0,1.0,1.0,1.0,0.0
hotpotqa_5adf9dc3554299025d62a2e6,hotpotqa,hotpotqa_oncu_200,dense,5,220,40,multi_hop,8000,front,medium,unknown,p0001;p0002;p0003,p0001;p0002;p0003;p0009;p0010,1;2;3;16;39,5.0,3.0,1.0,1.0,0.6,1.0,0.7499999999999999,0.4
hotpotqa_5adf9dc3554299025d62a2e6,hotpotqa,hotpotqa_oncu_200,dense,8,220,40,multi_hop,8000,front,medium,unknown,p0001;p0002;p0003,p0001;p0002;p0003;p0009;p0010,1;2;3;16;39;7;8;18,5.0,3.0,1.0,1.0,0.6,1.0,0.7499999999999999,0.4
hotpotqa_5adf9dc3554299025d62a2e6,hotpotqa,hotpotqa_oncu_200,dense,16,220,40,multi_hop,8000,front,medium,unknown,p0001;p0002;p0003,p0001;p0002;p0003;p0009;p0010,1;2;3;16;39;7;8;18;34;11;29;0;6;33;37;28,5.0,3.0,1.0,1.0,0.6,1.0,0.7499999999999999,0.4
hotpotqa_5adf9dc3554299025d62a2e6,hotpotqa,hotpotqa_oncu_200,hybrid,3,220,40,multi_hop,8000,front,medium,unknown,p0001;p0002;p0003,,0;26;11,0.0,3.0,0.0,0.0,0.0,0.0,0.0,0.0
hotpotqa_5adf9dc3554299025d62a2e6,hotpotqa,hotpotqa_oncu_200,hybrid,5,220,40,multi_hop,8000,front,medium,unknown,p0001;p0002;p0003,,0;26;11;3;29,0.0,3.0,0.0,0.0,0.0,0.0,0.0,0.0
hotpotqa_5adf9dc3554299025d62a2e6,hotpotqa,hotpotqa_oncu_200,hybrid,8,220,40,multi_hop,8000,front,medium,unknown,p0001;p0002;p0003,,0;26;11;3;29;31;6;21,0.0,3.0,0.0,0.0,0.0,0.0,0.0,0.0
hotpotqa_5adf9dc3554299025d62a2e6,hotpotqa,hotpotqa_oncu_200,hybrid,16,220,40,multi_hop,8000,front,medium,unknown,p0001;p0002;p0003,p0003;p0009;p0010;p0001;p0002,0;26;11;3;29;31;6;21;19;2;8;16;40;39;1;18,5.0,3.0,1.0,1.0,0.6,1.0,0.7499999999999999,0.4
hotpotqa_5adf9dc3554299025d62a2e6,hotpotqa,hotpotqa_oncu_200,iterative,3,220,40,multi_hop,8000,front,medium,unknown,p0001;p0002;p0003,,26;31;36,0.0,3.0,0.0,0.0,0.0,0.0,0.0,0.0
hotpotqa_5adf9dc3554299025d62a2e6,hotpotqa,hotpotqa_oncu_200,iterative,5,220,40,multi_hop,8000,front,medium,unknown,p0001;p0002;p0003,,26;31;36;0;41,0.0,3.0,0.0,0.0,0.0,0.0,0.0,0.0
hotpotqa_5adf9dc3554299025d62a2e6,hotpotqa,hotpotqa_oncu_200,iterative,8,220,40,multi_hop,8000,front,medium,unknown,p0001;p0002;p0003,,26;31;36;0;41;21;9;11,0.0,3.0,0.0,0.0,0.0,0.0,0.0,0.0
hotpotqa_5adf9dc3554299025d62a2e6,hotpotqa,hotpotqa_oncu_200,iterative,16,220,40,multi_hop,8000,front,medium,unknown,p0001;p0002;p0003,p0004;p0005,26;31;36;0;41;21;9;11;10;40;5;6;13;19;24;30,2.0,3.0,0.0,0.0,0.0,0.0,0.0,1.0
hotpotqa_5adf9dc3554299025d62a2e6,hotpotqa,hotpotqa_oncu_200,oracle,3,220,40,multi_hop,8000,front,medium,unknown,p0001;p0002;p0003,p0001;p0002;p0003,0;1;2,3.0,3.0,1.0,1.0,1.0,1.0,1.0,0.0
hotpotqa_5adf9dc3554299025d62a2e6,hotpotqa,hotpotqa_oncu_200,oracle,5,220,40,multi_hop,8000,front,medium,unknown,p0001;p0002;p0003,p0001;p0002;p0003,0;1;2,3.0,3.0,1.0,1.0,1.0,1.0,1.0,0.0
hotpotqa_5adf9dc3554299025d62a2e6,hotpotqa,hotpotqa_oncu_200,oracle,8,220,40,multi_hop,8000,front,medium,unknown,p0001;p0002;p0003,p0001;p0002;p0003,0;1;2,3.0,3.0,1.0,1.0,1.0,1.0,1.0,0.0
hotpotqa_5adf9dc3554299025d62a2e6,hotpotqa,hotpotqa_oncu_200,oracle,16,220,40,multi_hop,8000,front,medium,unknown,p0001;p0002;p0003,p0001;p0002;p0003,0;1;2,3.0,3.0,1.0,1.0,1.0,1.0,1.0,0.0
hotpotqa_5ab6369655429953192ad2a1,hotpotqa,hotpotqa_oncu_200,lexical,3,220,40,comparison,16000,middle,medium,unknown,p0001;p0002;p0003;p0004,p0001;p0002;p0003;p0004,44;43;0,4.0,4.0,1.0,1.0,1.0,1.0,1.0,0.0
hotpotqa_5ab6369655429953192ad2a1,hotpotqa,hotpotqa_oncu_200,lexical,5,220,40,comparison,16000,middle,medium,unknown,p0001;p0002;p0003;p0004,p0001;p0002;p0003;p0004,44;43;0;1;2,4.0,4.0,1.0,1.0,1.0,1.0,1.0,0.0
hotpotqa_5ab6369655429953192ad2a1,hotpotqa,hotpotqa_oncu_200,lexical,8,220,40,comparison,16000,middle,medium,unknown,p0001;p0002;p0003;p0004,p0001;p0002;p0003;p0004,44;43;0;1;2;3;4;5,4.0,4.0,1.0,1.0,1.0,1.0,1.0,0.0
hotpotqa_5ab6369655429953192ad2a1,hotpotqa,hotpotqa_oncu_200,lexical,16,220,40,comparison,16000,middle,medium,unknown,p0001;p0002;p0003;p0004,p0001;p0002;p0003;p0004,44;43;0;1;2;3;4;5;6;7;8;9;10;11;12;13,4.0,4.0,1.0,1.0,1.0,1.0,1.0,0.0
hotpotqa_5ab6369655429953192ad2a1,hotpotqa,hotpotqa_oncu_200,dense,3,220,40,comparison,16000,middle,medium,unknown,p0001;p0002;p0003;p0004,p0001;p0002;p0003;p0004,44;61;72,4.0,4.0,1.0,1.0,1.0,1.0,1.0,0.0
hotpotqa_5ab6369655429953192ad2a1,hotpotqa,hotpotqa_oncu_200,dense,5,220,40,comparison,16000,middle,medium,unknown,p0001;p0002;p0003;p0004,p0001;p0002;p0003;p0004,44;61;72;17;62,4.0,4.0,1.0,1.0,1.0,1.0,1.0,0.0
hotpotqa_5ab6369655429953192ad2a1,hotpotqa,hotpotqa_oncu_200,dense,8,220,40,comparison,16000,middle,medium,unknown,p0001;p0002;p0003;p0004,p0001;p0002;p0003;p0004,44;61;72;17;62;50;6;33,4.0,4.0,1.0,1.0,1.0,1.0,1.0,0.0
hotpotqa_5ab6369655429953192ad2a1,hotpotqa,hotpotqa_oncu_200,dense,16,220,40,comparison,16000,middle,medium,unknown,p0001;p0002;p0003;p0004,p0001;p0002;p0003;p0004,44;61;72;17;62;50;6;33;5;1;27;29;34;79;43;12,4.0,4.0,1.0,1.0,1.0,1.0,1.0,0.0
hotpotqa_5ab6369655429953192ad2a1,hotpotqa,hotpotqa_oncu_200,hybrid,3,220,40,comparison,16000,middle,medium,unknown,p0001;p0002;p0003;p0004,p0001;p0002;p0003;p0004,44;1;43,4.0,4.0,1.0,1.0,1.0,1.0,1.0,0.0
hotpotqa_5ab6369655429953192ad2a1,hotpotqa,hotpotqa_oncu_200,hybrid,5,220,40,comparison,16000,middle,medium,unknown,p0001;p0002;p0003;p0004,p0001;p0002;p0003;p0004,44;1;43;6;5,4.0,4.0,1.0,1.0,1.0,1.0,1.0,0.0
hotpotqa_5ab6369655429953192ad2a1,hotpotqa,hotpotqa_oncu_200,hybrid,8,220,40,comparison,16000,middle,medium,unknown,p0001;p0002;p0003;p0004,p0001;p0002;p0003;p0004,44;1;43;6;5;17;12;27,4.0,4.0,1.0,1.0,1.0,1.0,1.0,0.0
hotpotqa_5ab6369655429953192ad2a1,hotpotqa,hotpotqa_oncu_200,hybrid,16,220,40,comparison,16000,middle,medium,unknown,p0001;p0002;p0003;p0004,p0001;p0002;p0003;p0004,44;1;43;6;5;17;12;27;33;29;2;4;61;50;34;23,4.0,4.0,1.0,1.0,1.0,1.0,1.0,0.0
hotpotqa_5ab6369655429953192ad2a1,hotpotqa,hotpotqa_oncu_200,iterative,3,220,40,comparison,16000,middle,medium,unknown,p0001;p0002;p0003;p0004,p0001;p0002;p0003;p0004,44;43;0,4.0,4.0,1.0,1.0,1.0,1.0,1.0,0.0
hotpotqa_5ab6369655429953192ad2a1,hotpotqa,hotpotqa_oncu_200,iterative,5,220,40,comparison,16000,middle,medium,unknown,p0001;p0002;p0003;p0004,p0001;p0002;p0003;p0004,44;43;0;1;2,4.0,4.0,1.0,1.0,1.0,1.0,1.0,0.0
hotpotqa_5ab6369655429953192ad2a1,hotpotqa,hotpotqa_oncu_200,iterative,8,220,40,comparison,16000,middle,medium,unknown,p0001;p0002;p0003;p0004,p0001;p0002;p0003;p0004,44;43;0;1;2;3;4;5,4.0,4.0,1.0,1.0,1.0,1.0,1.0,0.0
hotpotqa_5ab6369655429953192ad2a1,hotpotqa,hotpotqa_oncu_200,iterative,16,220,40,comparison,16000,middle,medium,unknown,p0001;p0002;p0003;p0004,p0001;p0002;p0003;p0004,44;43;0;1;2;3;4;5;6;7;8;9;10;11;12;13,4.0,4.0,1.0,1.0,1.0,1.0,1.0,0.0
hotpotqa_5ab6369655429953192ad2a1,hotpotqa,hotpotqa_oncu_200,oracle,3,220,40,comparison,16000,middle,medium,unknown,p0001;p0002;p0003;p0004,p0001;p0002;p0003,0;1;2,3.0,4.0,1.0,0.0,1.0,0.75,0.8571428571428571,0.0
hotpotqa_5ab6369655429953192ad2a1,hotpotqa,hotpotqa_oncu_200,oracle,5,220,40,comparison,16000,middle,medium,unknown,p0001;p0002;p0003;p0004,p0001;p0002;p0003;p0004,0;1;2;3,4.0,4.0,1.0,1.0,1.0,1.0,1.0,0.0
hotpotqa_5ab6369655429953192ad2a1,hotpotqa,hotpotqa_oncu_200,oracle,8,220,40,comparison,16000,middle,medium,unknown,p0001;p0002;p0003;p0004,p0001;p0002;p0003;p0004,0;1;2;3,4.0,4.0,1.0,1.0,1.0,1.0,1.0,0.0
hotpotqa_5ab6369655429953192ad2a1,hotpotqa,hotpotqa_oncu_200,oracle,16,220,40,comparison,16000,middle,medium,unknown,p0001;p0002;p0003;p0004,p0001;p0002;p0003;p0004,0;1;2;3,4.0,4.0,1.0,1.0,1.0,1.0,1.0,0.0
hotpotqa_5adccdd55542992c1e3a2408,hotpotqa,hotpotqa_oncu_200,lexical,3,220,40,multi_hop,4000,end,low,unknown,p0001;p0002,p0001;p0002,19;3;11,2.0,2.0,1.0,1.0,1.0,1.0,1.0,0.0
hotpotqa_5adccdd55542992c1e3a2408,hotpotqa,hotpotqa_oncu_200,lexical,5,220,40,multi_hop,4000,end,low,unknown,p0001;p0002,p0001;p0002;p0011;p0012,19;3;11;9;15,4.0,2.0,1.0,1.0,0.5,1.0,0.6666666666666666,0.5
hotpotqa_5adccdd55542992c1e3a2408,hotpotqa,hotpotqa_oncu_200,lexical,8,220,40,multi_hop,4000,end,low,unknown,p0001;p0002,p0001;p0002;p0011;p0012,19;3;11;9;15;20;12;16,4.0,2.0,1.0,1.0,0.5,1.0,0.6666666666666666,0.5
hotpotqa_5adccdd55542992c1e3a2408,hotpotqa,hotpotqa_oncu_200,lexical,16,220,40,multi_hop,4000,end,low,unknown,p0001;p0002,p0001;p0002;p0011;p0012;p0007;p0009;p0003;p0004;p0005;p0006,19;3;11;9;15;20;12;16;8;2;5;4;7;18;0;10,10.0,2.0,1.0,1.0,0.2,1.0,0.33333333333333337,0.8
hotpotqa_5adccdd55542992c1e3a2408,hotpotqa,hotpotqa_oncu_200,dense,3,220,40,multi_hop,4000,end,low,unknown,p0001;p0002,p0001;p0002;p0011;p0012,19;20;9,4.0,2.0,1.0,1.0,0.5,1.0,0.6666666666666666,0.5
hotpotqa_5adccdd55542992c1e3a2408,hotpotqa,hotpotqa_oncu_200,dense,5,220,40,multi_hop,4000,end,low,unknown,p0001;p0002,p0001;p0002;p0011;p0012,19;20;9;16;12,4.0,2.0,1.0,1.0,0.5,1.0,0.6666666666666666,0.5
hotpotqa_5adccdd55542992c1e3a2408,hotpotqa,hotpotqa_oncu_200,dense,8,220,40,multi_hop,4000,end,low,unknown,p0001;p0002,p0001;p0002;p0011;p0012,19;20;9;16;12;11;15;3,4.0,2.0,1.0,1.0,0.5,1.0,0.6666666666666666,0.5
hotpotqa_5adccdd55542992c1e3a2408,hotpotqa,hotpotqa_oncu_200,dense,16,220,40,multi_hop,4000,end,low,unknown,p0001;p0002,p0001;p0002;p0011;p0012;p0004;p0003;p0005;p0006,19;20;9;16;12;11;15;3;21;4;0;6;13;5;7;17,8.0,2.0,1.0,1.0,0.25,1.0,0.4,0.75
hotpotqa_5adccdd55542992c1e3a2408,hotpotqa,hotpotqa_oncu_200,hybrid,3,220,40,multi_hop,4000,end,low,unknown,p0001;p0002,p0001;p0002;p0011;p0012,19;9;20,4.0,2.0,1.0,1.0,0.5,1.0,0.6666666666666666,0.5
hotpotqa_5adccdd55542992c1e3a2408,hotpotqa,hotpotqa_oncu_200,hybrid,5,220,40,multi_hop,4000,end,low,unknown,p0001;p0002,p0001;p0002;p0011;p0012,19;9;20;11;3,4.0,2.0,1.0,1.0,0.5,1.0,0.6666666666666666,0.5
hotpotqa_5adccdd55542992c1e3a2408,hotpotqa,hotpotqa_oncu_200,hybrid,8,220,40,multi_hop,4000,end,low,unknown,p0001;p0002,p0001;p0002;p0011;p0012,19;9;20;11;3;16;12;15,4.0,2.0,1.0,1.0,0.5,1.0,0.6666666666666666,0.5
hotpotqa_5adccdd55542992c1e3a2408,hotpotqa,hotpotqa_oncu_200,hybrid,16,220,40,multi_hop,4000,end,low,unknown,p0001;p0002,p0001;p0002;p0011;p0012;p0003;p0004;p0007;p0009;p0005;p0006,19;9;20;11;3;16;12;15;4;5;0;8;7;2;21;13,10.0,2.0,1.0,1.0,0.2,1.0,0.33333333333333337,0.8
hotpotqa_5adccdd55542992c1e3a2408,hotpotqa,hotpotqa_oncu_200,iterative,3,220,40,multi_hop,4000,end,low,unknown,p0001;p0002,p0001;p0002,19;11;15,2.0,2.0,1.0,1.0,1.0,1.0,1.0,0.0
hotpotqa_5adccdd55542992c1e3a2408,hotpotqa,hotpotqa_oncu_200,iterative,5,220,40,multi_hop,4000,end,low,unknown,p0001;p0002,p0001;p0002;p0007;p0009,19;11;15;3;8,4.0,2.0,1.0,1.0,0.5,1.0,0.6666666666666666,0.5
hotpotqa_5adccdd55542992c1e3a2408,hotpotqa,hotpotqa_oncu_200,iterative,8,220,40,multi_hop,4000,end,low,unknown,p0001;p0002,p0001;p0002;p0007;p0009;p0011;p0012,19;11;15;3;8;9;2;20,6.0,2.0,1.0,1.0,0.3333333333333333,1.0,0.5,0.6666666666666666
hotpotqa_5adccdd55542992c1e3a2408,hotpotqa,hotpotqa_oncu_200,iterative,16,220,40,multi_hop,4000,end,low,unknown,p0001;p0002,p0001;p0002;p0007;p0009;p0011;p0012;p0003;p0004;p0005;p0006,19;11;15;3;8;9;2;20;12;16;10;18;14;5;7;4,10.0,2.0,1.0,1.0,0.2,1.0,0.33333333333333337,0.8
hotpotqa_5adccdd55542992c1e3a2408,hotpotqa,hotpotqa_oncu_200,oracle,3,220,40,multi_hop,4000,end,low,unknown,p0001;p0002,p0001;p0002,0;1,2.0,2.0,1.0,1.0,1.0,1.0,1.0,0.0
hotpotqa_5adccdd55542992c1e3a2408,hotpotqa,hotpotqa_oncu_200,oracle,5,220,40,multi_hop,4000,end,low,unknown,p0001;p0002,p0001;p0002,0;1,2.0,2.0,1.0,1.0,1.0,1.0,1.0,0.0
hotpotqa_5adccdd55542992c1e3a2408,hotpotqa,hotpotqa_oncu_200,oracle,8,220,40,multi_hop,4000,end,low,unknown,p0001;p0002,p0001;p0002,0;1,2.0,2.0,1.0,1.0,1.0,1.0,1.0,0.0
hotpotqa_5adccdd55542992c1e3a2408,hotpotqa,hotpotqa_oncu_200,oracle,16,220,40,multi_hop,4000,end,low,unknown,p0001;p0002,p0001;p0002,0;1,2.0,2.0,1.0,1.0,1.0,1.0,1.0,0.0
hotpotqa_5ab9debb55429955dce3ed97,hotpotqa,hotpotqa_oncu_200,lexical,3,220,40,multi_hop,8000,scattered,low,unknown,p0001;p0002,,5;1;27,0.0,2.0,0.0,0.0,0.0,0.0,0.0,0.0
hotpotqa_5ab9debb55429955dce3ed97,hotpotqa,hotpotqa_oncu_200,lexical,5,220,40,multi_hop,8000,scattered,low,unknown,p0001;p0002,p0001,5;1;27;3;9,1.0,2.0,1.0,0.0,1.0,0.5,0.6666666666666666,0.0
hotpotqa_5ab9debb55429955dce3ed97,hotpotqa,hotpotqa_oncu_200,lexical,8,220,40,multi_hop,8000,scattered,low,unknown,p0001;p0002,p0001,5;1;27;3;9;12;38;34,1.0,2.0,1.0,0.0,1.0,0.5,0.6666666666666666,0.0
hotpotqa_5ab9debb55429955dce3ed97,hotpotqa,hotpotqa_oncu_200,lexical,16,220,40,multi_hop,8000,scattered,low,unknown,p0001;p0002,p0001;p0007;p0008;p0009;p0003;p0004,5;1;27;3;9;12;38;34;23;15;13;20;2;24;42;35,6.0,2.0,1.0,0.0,0.16666666666666666,0.5,0.25,0.8333333333333334
hotpotqa_5ab9debb55429955dce3ed97,hotpotqa,hotpotqa_oncu_200,dense,3,220,40,multi_hop,8000,scattered,low,unknown,p0001;p0002,p0007;p0008;p0009,27;15;5,3.0,2.0,0.0,0.0,0.0,0.0,0.0,1.0
hotpotqa_5ab9debb55429955dce3ed97,hotpotqa,hotpotqa_oncu_200,dense,5,220,40,multi_hop,8000,scattered,low,unknown,p0001;p0002,p0007;p0008;p0009,27;15;5;38;1,3.0,2.0,0.0,0.0,0.0,0.0,0.0,1.0
hotpotqa_5ab9debb55429955dce3ed97,hotpotqa,hotpotqa_oncu_200,dense,8,220,40,multi_hop,8000,scattered,low,unknown,p0001;p0002,p0007;p0008;p0009;p0001,27;15;5;38;1;41;20;4,4.0,2.0,1.0,0.0,0.25,0.5,0.3333333333333333,0.75
hotpotqa_5ab9debb55429955dce3ed97,hotpotqa,hotpotqa_oncu_200,dense,16,220,40,multi_hop,8000,scattered,low,unknown,p0001;p0002,p0007;p0008;p0009;p0001;p0003;p0004,27;15;5;38;1;41;20;4;13;42;34;12;30;9;31;2,6.0,2.0,1.0,0.0,0.16666666666666666,0.5,0.25,0.8333333333333334
hotpotqa_5ab9debb55429955dce3ed97,hotpotqa,hotpotqa_oncu_200,hybrid,3,220,40,multi_hop,8000,scattered,low,unknown,p0001;p0002,,5;27;1,0.0,2.0,0.0,0.0,0.0,0.0,0.0,0.0
hotpotqa_5ab9debb55429955dce3ed97,hotpotqa,hotpotqa_oncu_200,hybrid,5,220,40,multi_hop,8000,scattered,low,unknown,p0001;p0002,p0007;p0008;p0009,5;27;1;38;15,3.0,2.0,0.0,0.0,0.0,0.0,0.0,1.0
hotpotqa_5ab9debb55429955dce3ed97,hotpotqa,hotpotqa_oncu_200,hybrid,8,220,40,multi_hop,8000,scattered,low,unknown,p0001;p0002,p0007;p0008;p0009,5;27;1;38;15;12;9;20,3.0,2.0,0.0,0.0,0.0,0.0,0.0,1.0
hotpotqa_5ab9debb55429955dce3ed97,hotpotqa,hotpotqa_oncu_200,hybrid,16,220,40,multi_hop,8000,scattered,low,unknown,p0001;p0002,p0007;p0008;p0009;p0003;p0004;p0001,5;27;1;38;15;12;9;20;34;13;41;42;23;4;2;3,6.0,2.0,1.0,0.0,0.16666666666666666,0.5,0.25,0.8333333333333334
hotpotqa_5ab9debb55429955dce3ed97,hotpotqa,hotpotqa_oncu_200,iterative,3,220,40,multi_hop,8000,scattered,low,unknown,p0001;p0002,,5;1;12,0.0,2.0,0.0,0.0,0.0,0.0,0.0,0.0
hotpotqa_5ab9debb55429955dce3ed97,hotpotqa,hotpotqa_oncu_200,iterative,5,220,40,multi_hop,8000,scattered,low,unknown,p0001;p0002,,5;1;12;34;27,0.0,2.0,0.0,0.0,0.0,0.0,0.0,0.0
hotpotqa_5ab9debb55429955dce3ed97,hotpotqa,hotpotqa_oncu_200,iterative,8,220,40,multi_hop,8000,scattered,low,unknown,p0001;p0002,p0001,5;1;12;34;27;23;3;38,1.0,2.0,1.0,0.0,1.0,0.5,0.6666666666666666,0.0
hotpotqa_5ab9debb55429955dce3ed97,hotpotqa,hotpotqa_oncu_200,iterative,16,220,40,multi_hop,8000,scattered,low,unknown,p0001;p0002,p0001;p0007;p0008;p0009;p0003;p0004,5;1;12;34;27;23;3;38;9;41;15;30;13;20;19;8,6.0,2.0,1.0,0.0,0.16666666666666666,0.5,0.25,0.8333333333333334
hotpotqa_5ab9debb55429955dce3ed97,hotpotqa,hotpotqa_oncu_200,oracle,3,220,40,multi_hop,8000,scattered,low,unknown,p0001;p0002,p0001;p0002,0;1,2.0,2.0,1.0,1.0,1.0,1.0,1.0,0.0
hotpotqa_5ab9debb55429955dce3ed97,hotpotqa,hotpotqa_oncu_200,oracle,5,220,40,multi_hop,8000,scattered,low,unknown,p0001;p0002,p0001;p0002,0;1,2.0,2.0,1.0,1.0,1.0,1.0,1.0,0.0
hotpotqa_5ab9debb55429955dce3ed97,hotpotqa,hotpotqa_oncu_200,oracle,8,220,40,multi_hop,8000,scattered,low,unknown,p0001;p0002,p0001;p0002,0;1,2.0,2.0,1.0,1.0,1.0,1.0,1.0,0.0
hotpotqa_5ab9debb55429955dce3ed97,hotpotqa,hotpotqa_oncu_200,oracle,16,220,40,multi_hop,8000,scattered,low,unknown,p0001;p0002,p0001;p0002,0;1,2.0,2.0,1.0,1.0,1.0,1.0,1.0,0.0
hotpotqa_5ae791ef55429952e35ea979,hotpotqa,hotpotqa_oncu_200,lexical,3,220,40,multi_hop,16000,front,low,unknown,p0001;p0002,,78;73;83,0.0,2.0,0.0,0.0,0.0,0.0,0.0,0.0
hotpotqa_5ae791ef55429952e35ea979,hotpotqa,hotpotqa_oncu_200,lexical,5,220,40,multi_hop,16000,front,low,unknown,p0001;p0002,,78;73;83;48;58,0.0,2.0,0.0,0.0,0.0,0.0,0.0,0.0
hotpotqa_5ae791ef55429952e35ea979,hotpotqa,hotpotqa_oncu_200,lexical,8,220,40,multi_hop,16000,front,low,unknown,p0001;p0002,,78;73;83;48;58;8;53;68,0.0,2.0,0.0,0.0,0.0,0.0,0.0,0.0
hotpotqa_5ae791ef55429952e35ea979,hotpotqa,hotpotqa_oncu_200,lexical,16,220,40,multi_hop,16000,front,low,unknown,p0001;p0002,p0010;p0011,78;73;83;48;58;8;53;68;38;31;63;43;23;13;33;18,2.0,2.0,0.0,0.0,0.0,0.0,0.0,1.0
hotpotqa_5ae791ef55429952e35ea979,hotpotqa,hotpotqa_oncu_200,dense,3,220,40,multi_hop,16000,front,low,unknown,p0001;p0002,p0001;p0002,4;49;19,2.0,2.0,1.0,1.0,1.0,1.0,1.0,0.0
hotpotqa_5ae791ef55429952e35ea979,hotpotqa,hotpotqa_oncu_200,dense,5,220,40,multi_hop,16000,front,low,unknown,p0001;p0002,p0001;p0002;p0005,4;49;19;84;28,3.0,2.0,1.0,1.0,0.6666666666666666,1.0,0.8,0.3333333333333333
hotpotqa_5ae791ef55429952e35ea979,hotpotqa,hotpotqa_oncu_200,dense,8,220,40,multi_hop,16000,front,low,unknown,p0001;p0002,p0001;p0002;p0005;p0008;p0009,4;49;19;84;28;30;79;70,5.0,2.0,1.0,1.0,0.4,1.0,0.5714285714285715,0.6
hotpotqa_5ae791ef55429952e35ea979,hotpotqa,hotpotqa_oncu_200,dense,16,220,40,multi_hop,16000,front,low,unknown,p0001;p0002,p0001;p0002;p0005;p0008;p0009,4;49;19;84;28;30;79;70;34;75;40;58;80;0;55;74,5.0,2.0,1.0,1.0,0.4,1.0,0.5714285714285715,0.6
hotpotqa_5ae791ef55429952e35ea979,hotpotqa,hotpotqa_oncu_200,hybrid,3,220,40,multi_hop,16000,front,low,unknown,p0001;p0002,p0001;p0002,58;4;19,2.0,2.0,1.0,1.0,1.0,1.0,1.0,0.0
hotpotqa_5ae791ef55429952e35ea979,hotpotqa,hotpotqa_oncu_200,hybrid,5,220,40,multi_hop,16000,front,low,unknown,p0001;p0002,p0001;p0002,58;4;19;34;40,2.0,2.0,1.0,1.0,1.0,1.0,1.0,0.0
hotpotqa_5ae791ef55429952e35ea979,hotpotqa,hotpotqa_oncu_200,hybrid,8,220,40,multi_hop,16000,front,low,unknown,p0001;p0002,p0001;p0002,58;4;19;34;40;55;78;70,2.0,2.0,1.0,1.0,1.0,1.0,1.0,0.0
hotpotqa_5ae791ef55429952e35ea979,hotpotqa,hotpotqa_oncu_200,hybrid,16,220,40,multi_hop,16000,front,low,unknown,p0001;p0002,p0001;p0002;p0005,58;4;19;34;40;55;78;70;28;18;9;49;48;13;63;83,3.0,2.0,1.0,1.0,0.6666666666666666,1.0,0.8,0.3333333333333333
hotpotqa_5ae791ef55429952e35ea979,hotpotqa,hotpotqa_oncu_200,iterative,3,220,40,multi_hop,16000,front,low,unknown,p0001;p0002,,48;38;53,0.0,2.0,0.0,0.0,0.0,0.0,0.0,0.0
hotpotqa_5ae791ef55429952e35ea979,hotpotqa,hotpotqa_oncu_200,iterative,5,220,40,multi_hop,16000,front,low,unknown,p0001;p0002,,48;38;53;8;78,0.0,2.0,0.0,0.0,0.0,0.0,0.0,0.0
hotpotqa_5ae791ef55429952e35ea979,hotpotqa,hotpotqa_oncu_200,iterative,8,220,40,multi_hop,16000,front,low,unknown,p0001;p0002,,48;38;53;8;78;43;58;73,0.0,2.0,0.0,0.0,0.0,0.0,0.0,0.0
hotpotqa_5ae791ef55429952e35ea979,hotpotqa,hotpotqa_oncu_200,iterative,16,220,40,multi_hop,16000,front,low,unknown,p0001;p0002,p0010;p0011,48;38;53;8;78;43;58;73;83;23;68;33;63;13;18;31,2.0,2.0,0.0,0.0,0.0,0.0,0.0,1.0
hotpotqa_5ae791ef55429952e35ea979,hotpotqa,hotpotqa_oncu_200,oracle,3,220,40,multi_hop,16000,front,low,unknown,p0001;p0002,p0001;p0002,0;1,2.0,2.0,1.0,1.0,1.0,1.0,1.0,0.0
hotpotqa_5ae791ef55429952e35ea979,hotpotqa,hotpotqa_oncu_200,oracle,5,220,40,multi_hop,16000,front,low,unknown,p0001;p0002,p0001;p0002,0;1,2.0,2.0,1.0,1.0,1.0,1.0,1.0,0.0
hotpotqa_5ae791ef55429952e35ea979,hotpotqa,hotpotqa_oncu_200,oracle,8,220,40,multi_hop,16000,front,low,unknown,p0001;p0002,p0001;p0002,0;1,2.0,2.0,1.0,1.0,1.0,1.0,1.0,0.0
hotpotqa_5ae791ef55429952e35ea979,hotpotqa,hotpotqa_oncu_200,oracle,16,220,40,multi_hop,16000,front,low,unknown,p0001;p0002,p0001;p0002,0;1,2.0,2.0,1.0,1.0,1.0,1.0,1.0,0.0
hotpotqa_5ab8f7535542991b5579f0a7,hotpotqa,hotpotqa_oncu_200,lexical,3,220,40,comparison,4000,middle,low,unknown,p0001;p0002,p0001;p0002;p0010,10;8;21,3.0,2.0,1.0,1.0,0.6666666666666666,1.0,0.8,0.3333333333333333
hotpotqa_5ab8f7535542991b5579f0a7,hotpotqa,hotpotqa_oncu_200,lexical,5,220,40,comparison,4000,middle,low,unknown,p0001;p0002,p0001;p0002;p0010,10;8;21;17;11,3.0,2.0,1.0,1.0,0.6666666666666666,1.0,0.8,0.3333333333333333
hotpotqa_5ab8f7535542991b5579f0a7,hotpotqa,hotpotqa_oncu_200,lexical,8,220,40,comparison,4000,middle,low,unknown,p0001;p0002,p0001;p0002;p0010,10;8;21;17;11;2;12;14,3.0,2.0,1.0,1.0,0.6666666666666666,1.0,0.8,0.3333333333333333
hotpotqa_5ab8f7535542991b5579f0a7,hotpotqa,hotpotqa_oncu_200,lexical,16,220,40,comparison,4000,middle,low,unknown,p0001;p0002,p0001;p0002;p0010;p0007;p0009,10;8;21;17;11;2;12;14;7;19;1;16;3;13;4;18,5.0,2.0,1.0,1.0,0.4,1.0,0.5714285714285715,0.6
hotpotqa_5ab8f7535542991b5579f0a7,hotpotqa,hotpotqa_oncu_200,dense,3,220,40,comparison,4000,middle,low,unknown,p0001;p0002,p0001;p0002;p0010,10;8;13,3.0,2.0,1.0,1.0,0.6666666666666666,1.0,0.8,0.3333333333333333
hotpotqa_5ab8f7535542991b5579f0a7,hotpotqa,hotpotqa_oncu_200,dense,5,220,40,comparison,4000,middle,low,unknown,p0001;p0002,p0001;p0002;p0010,10;8;13;3;17,3.0,2.0,1.0,1.0,0.6666666666666666,1.0,0.8,0.3333333333333333
hotpotqa_5ab8f7535542991b5579f0a7,hotpotqa,hotpotqa_oncu_200,dense,8,220,40,comparison,4000,middle,low,unknown,p0001;p0002,p0001;p0002;p0010,10;8;13;3;17;2;12;18,3.0,2.0,1.0,1.0,0.6666666666666666,1.0,0.8,0.3333333333333333
hotpotqa_5ab8f7535542991b5579f0a7,hotpotqa,hotpotqa_oncu_200,dense,16,220,40,comparison,4000,middle,low,unknown,p0001;p0002,p0001;p0002;p0010;p0011;p0012;p0007;p0009;p0005;p0006;p0004,10;8;13;3;17;2;12;18;9;1;16;7;6;21;15;5,10.0,2.0,1.0,1.0,0.2,1.0,0.33333333333333337,0.8
hotpotqa_5ab8f7535542991b5579f0a7,hotpotqa,hotpotqa_oncu_200,hybrid,3,220,40,comparison,4000,middle,low,unknown,p0001;p0002,p0001;p0002;p0010,10;8;17,3.0,2.0,1.0,1.0,0.6666666666666666,1.0,0.8,0.3333333333333333
hotpotqa_5ab8f7535542991b5579f0a7,hotpotqa,hotpotqa_oncu_200,hybrid,5,220,40,comparison,4000,middle,low,unknown,p0001;p0002,p0001;p0002;p0010,10;8;17;2;12,3.0,2.0,1.0,1.0,0.6666666666666666,1.0,0.8,0.3333333333333333
hotpotqa_5ab8f7535542991b5579f0a7,hotpotqa,hotpotqa_oncu_200,hybrid,8,220,40,comparison,4000,middle,low,unknown,p0001;p0002,p0001;p0002;p0010,10;8;17;2;12;13;21;3,3.0,2.0,1.0,1.0,0.6666666666666666,1.0,0.8,0.3333333333333333
hotpotqa_5ab8f7535542991b5579f0a7,hotpotqa,hotpotqa_oncu_200,hybrid,16,220,40,comparison,4000,middle,low,unknown,p0001;p0002,p0001;p0002;p0010;p0007;p0009;p0011;p0012,10;8;17;2;12;13;21;3;7;1;11;16;18;9;14;19,7.0,2.0,1.0,1.0,0.2857142857142857,1.0,0.4444444444444445,0.7142857142857143
hotpotqa_5ab8f7535542991b5579f0a7,hotpotqa,hotpotqa_oncu_200,iterative,3,220,40,comparison,4000,middle,low,unknown,p0001;p0002,p0001;p0002;p0010,10;14;8,3.0,2.0,1.0,1.0,0.6666666666666666,1.0,0.8,0.3333333333333333
hotpotqa_5ab8f7535542991b5579f0a7,hotpotqa,hotpotqa_oncu_200,iterative,5,220,40,comparison,4000,middle,low,unknown,p0001;p0002,p0001;p0002;p0010,10;14;8;19;17,3.0,2.0,1.0,1.0,0.6666666666666666,1.0,0.8,0.3333333333333333
hotpotqa_5ab8f7535542991b5579f0a7,hotpotqa,hotpotqa_oncu_200,iterative,8,220,40,comparison,4000,middle,low,unknown,p0001;p0002,p0001;p0002;p0010,10;14;8;19;17;21;4;12,3.0,2.0,1.0,1.0,0.6666666666666666,1.0,0.8,0.3333333333333333
hotpotqa_5ab8f7535542991b5579f0a7,hotpotqa,hotpotqa_oncu_200,iterative,16,220,40,comparison,4000,middle,low,unknown,p0001;p0002,p0001;p0002;p0010;p0011;p0012;p0007;p0009,10;14;8;19;17;21;4;12;2;3;9;18;13;11;7;16,7.0,2.0,1.0,1.0,0.2857142857142857,1.0,0.4444444444444445,0.7142857142857143
hotpotqa_5ab8f7535542991b5579f0a7,hotpotqa,hotpotqa_oncu_200,oracle,3,220,40,comparison,4000,middle,low,unknown,p0001;p0002,p0001;p0002,0;1,2.0,2.0,1.0,1.0,1.0,1.0,1.0,0.0
hotpotqa_5ab8f7535542991b5579f0a7,hotpotqa,hotpotqa_oncu_200,oracle,5,220,40,comparison,4000,middle,low,unknown,p0001;p0002,p0001;p0002,0;1,2.0,2.0,1.0,1.0,1.0,1.0,1.0,0.0
hotpotqa_5ab8f7535542991b5579f0a7,hotpotqa,hotpotqa_oncu_200,oracle,8,220,40,comparison,4000,middle,low,unknown,p0001;p0002,p0001;p0002,0;1,2.0,2.0,1.0,1.0,1.0,1.0,1.0,0.0
hotpotqa_5ab8f7535542991b5579f0a7,hotpotqa,hotpotqa_oncu_200,oracle,16,220,40,comparison,4000,middle,low,unknown,p0001;p0002,p0001;p0002,0;1,2.0,2.0,1.0,1.0,1.0,1.0,1.0,0.0
hotpotqa_5a8463545542990548d0b2a3,hotpotqa,hotpotqa_oncu_200,lexical,3,220,40,multi_hop,8000,end,low,unknown,p0001;p0002,p0001;p0002,39;38;33,2.0,2.0,1.0,1.0,1.0,1.0,1.0,0.0
hotpotqa_5a8463545542990548d0b2a3,hotpotqa,hotpotqa_oncu_200,lexical,5,220,40,multi_hop,8000,end,low,unknown,p0001;p0002,p0001;p0002,39;38;33;9;17,2.0,2.0,1.0,1.0,1.0,1.0,1.0,0.0
hotpotqa_5a8463545542990548d0b2a3,hotpotqa,hotpotqa_oncu_200,lexical,8,220,40,multi_hop,8000,end,low,unknown,p0001;p0002,p0001;p0002,39;38;33;9;17;1;25;4,2.0,2.0,1.0,1.0,1.0,1.0,1.0,0.0
hotpotqa_5a8463545542990548d0b2a3,hotpotqa,hotpotqa_oncu_200,lexical,16,220,40,multi_hop,8000,end,low,unknown,p0001;p0002,p0001;p0002;p0008;p0009;p0010;p0012,39;38;33;9;17;1;25;4;12;36;20;28;11;27;15;35,6.0,2.0,1.0,1.0,0.3333333333333333,1.0,0.5,0.6666666666666666
hotpotqa_5a8463545542990548d0b2a3,hotpotqa,hotpotqa_oncu_200,dense,3,220,40,multi_hop,8000,end,low,unknown,p0001;p0002,p0008;p0009;p0010;p0012,33;17;15,4.0,2.0,0.0,0.0,0.0,0.0,0.0,1.0
hotpotqa_5a8463545542990548d0b2a3,hotpotqa,hotpotqa_oncu_200,dense,5,220,40,multi_hop,8000,end,low,unknown,p0001;p0002,p0008;p0009;p0010;p0012,33;17;15;39;9,4.0,2.0,0.0,0.0,0.0,0.0,0.0,1.0
hotpotqa_5a8463545542990548d0b2a3,hotpotqa,hotpotqa_oncu_200,dense,8,220,40,multi_hop,8000,end,low,unknown,p0001;p0002,p0008;p0009;p0010;p0012,33;17;15;39;9;1;25;4,4.0,2.0,0.0,0.0,0.0,0.0,0.0,1.0
hotpotqa_5a8463545542990548d0b2a3,hotpotqa,hotpotqa_oncu_200,dense,16,220,40,multi_hop,8000,end,low,unknown,p0001;p0002,p0008;p0009;p0010;p0012;p0001;p0002,33;17;15;39;9;1;25;4;36;44;20;38;12;28;35;22,6.0,2.0,1.0,1.0,0.3333333333333333,1.0,0.5,0.6666666666666666
hotpotqa_5a8463545542990548d0b2a3,hotpotqa,hotpotqa_oncu_200,hybrid,3,220,40,multi_hop,8000,end,low,unknown,p0001;p0002,,33;39;17,0.0,2.0,0.0,0.0,0.0,0.0,0.0,0.0
hotpotqa_5a8463545542990548d0b2a3,hotpotqa,hotpotqa_oncu_200,hybrid,5,220,40,multi_hop,8000,end,low,unknown,p0001;p0002,,33;39;17;9;1,0.0,2.0,0.0,0.0,0.0,0.0,0.0,0.0
hotpotqa_5a8463545542990548d0b2a3,hotpotqa,hotpotqa_oncu_200,hybrid,8,220,40,multi_hop,8000,end,low,unknown,p0001;p0002,p0001;p0002,33;39;17;9;1;38;25;4,2.0,2.0,1.0,1.0,1.0,1.0,1.0,0.0
hotpotqa_5a8463545542990548d0b2a3,hotpotqa,hotpotqa_oncu_200,hybrid,16,220,40,multi_hop,8000,end,low,unknown,p0001;p0002,p0001;p0002;p0008;p0009;p0010;p0012,33;39;17;9;1;38;25;4;15;36;12;20;28;35;11;27,6.0,2.0,1.0,1.0,0.3333333333333333,1.0,0.5,0.6666666666666666
hotpotqa_5a8463545542990548d0b2a3,hotpotqa,hotpotqa_oncu_200,iterative,3,220,40,multi_hop,8000,end,low,unknown,p0001;p0002,p0001;p0002,39;38;33,2.0,2.0,1.0,1.0,1.0,1.0,1.0,0.0
hotpotqa_5a8463545542990548d0b2a3,hotpotqa,hotpotqa_oncu_200,iterative,5,220,40,multi_hop,8000,end,low,unknown,p0001;p0002,p0001;p0002,39;38;33;9;17,2.0,2.0,1.0,1.0,1.0,1.0,1.0,0.0
hotpotqa_5a8463545542990548d0b2a3,hotpotqa,hotpotqa_oncu_200,iterative,8,220,40,multi_hop,8000,end,low,unknown,p0001;p0002,p0001;p0002,39;38;33;9;17;1;25;4,2.0,2.0,1.0,1.0,1.0,1.0,1.0,0.0
hotpotqa_5a8463545542990548d0b2a3,hotpotqa,hotpotqa_oncu_200,iterative,16,220,40,multi_hop,8000,end,low,unknown,p0001;p0002,p0001;p0002;p0008;p0009;p0010;p0012,39;38;33;9;17;1;25;4;12;20;30;36;28;15;11;27,6.0,2.0,1.0,1.0,0.3333333333333333,1.0,0.5,0.6666666666666666
hotpotqa_5a8463545542990548d0b2a3,hotpotqa,hotpotqa_oncu_200,oracle,3,220,40,multi_hop,8000,end,low,unknown,p0001;p0002,p0001;p0002,0;1,2.0,2.0,1.0,1.0,1.0,1.0,1.0,0.0
hotpotqa_5a8463545542990548d0b2a3,hotpotqa,hotpotqa_oncu_200,oracle,5,220,40,multi_hop,8000,end,low,unknown,p0001;p0002,p0001;p0002,0;1,2.0,2.0,1.0,1.0,1.0,1.0,1.0,0.0
hotpotqa_5a8463545542990548d0b2a3,hotpotqa,hotpotqa_oncu_200,oracle,8,220,40,multi_hop,8000,end,low,unknown,p0001;p0002,p0001;p0002,0;1,2.0,2.0,1.0,1.0,1.0,1.0,1.0,0.0
hotpotqa_5a8463545542990548d0b2a3,hotpotqa,hotpotqa_oncu_200,oracle,16,220,40,multi_hop,8000,end,low,unknown,p0001;p0002,p0001;p0002,0;1,2.0,2.0,1.0,1.0,1.0,1.0,1.0,0.0
hotpotqa_5ae7edee554299540e5a56ad,hotpotqa,hotpotqa_oncu_200,lexical,3,220,40,multi_hop,16000,scattered,low,unknown,p0001;p0002,,21;69;54,0.0,2.0,0.0,0.0,0.0,0.0,0.0,0.0
hotpotqa_5ae7edee554299540e5a56ad,hotpotqa,hotpotqa_oncu_200,lexical,5,220,40,multi_hop,16000,scattered,low,unknown,p0001;p0002,,21;69;54;58;10,0.0,2.0,0.0,0.0,0.0,0.0,0.0,0.0
hotpotqa_5ae7edee554299540e5a56ad,hotpotqa,hotpotqa_oncu_200,lexical,8,220,40,multi_hop,16000,scattered,low,unknown,p0001;p0002,,21;69;54;58;10;34;2;17,0.0,2.0,0.0,0.0,0.0,0.0,0.0,0.0
hotpotqa_5ae7edee554299540e5a56ad,hotpotqa,hotpotqa_oncu_200,lexical,16,220,40,multi_hop,16000,scattered,low,unknown,p0001;p0002,,21;69;54;58;10;34;2;17;15;52;32;47;41;65;6;26,0.0,2.0,0.0,0.0,0.0,0.0,0.0,0.0
hotpotqa_5ae7edee554299540e5a56ad,hotpotqa,hotpotqa_oncu_200,dense,3,220,40,multi_hop,16000,scattered,low,unknown,p0001;p0002,p0001,8;21;24,1.0,2.0,1.0,0.0,1.0,0.5,0.6666666666666666,0.0
hotpotqa_5ae7edee554299540e5a56ad,hotpotqa,hotpotqa_oncu_200,dense,5,220,40,multi_hop,16000,scattered,low,unknown,p0001;p0002,p0001,8;21;24;72;69,1.0,2.0,1.0,0.0,1.0,0.5,0.6666666666666666,0.0
hotpotqa_5ae7edee554299540e5a56ad,hotpotqa,hotpotqa_oncu_200,dense,8,220,40,multi_hop,16000,scattered,low,unknown,p0001;p0002,p0001,8;21;24;72;69;47;10;39,1.0,2.0,1.0,0.0,1.0,0.5,0.6666666666666666,0.0
hotpotqa_5ae7edee554299540e5a56ad,hotpotqa,hotpotqa_oncu_200,dense,16,220,40,multi_hop,16000,scattered,low,unknown,p0001;p0002,p0001,8;21;24;72;69;47;10;39;17;83;61;32;54;6;2;80,1.0,2.0,1.0,0.0,1.0,0.5,0.6666666666666666,0.0
hotpotqa_5ae7edee554299540e5a56ad,hotpotqa,hotpotqa_oncu_200,hybrid,3,220,40,multi_hop,16000,scattered,low,unknown,p0001;p0002,,21;69;10,0.0,2.0,0.0,0.0,0.0,0.0,0.0,0.0
hotpotqa_5ae7edee554299540e5a56ad,hotpotqa,hotpotqa_oncu_200,hybrid,5,220,40,multi_hop,16000,scattered,low,unknown,p0001;p0002,,21;69;10;54;17,0.0,2.0,0.0,0.0,0.0,0.0,0.0,0.0
hotpotqa_5ae7edee554299540e5a56ad,hotpotqa,hotpotqa_oncu_200,hybrid,8,220,40,multi_hop,16000,scattered,low,unknown,p0001;p0002,,21;69;10;54;17;47;2;32,0.0,2.0,0.0,0.0,0.0,0.0,0.0,0.0
hotpotqa_5ae7edee554299540e5a56ad,hotpotqa,hotpotqa_oncu_200,hybrid,16,220,40,multi_hop,16000,scattered,low,unknown,p0001;p0002,p0001,21;69;10;54;17;47;2;32;58;24;6;8;65;80;72;34,1.0,2.0,1.0,0.0,1.0,0.5,0.6666666666666666,0.0
hotpotqa_5ae7edee554299540e5a56ad,hotpotqa,hotpotqa_oncu_200,iterative,3,220,40,multi_hop,16000,scattered,low,unknown,p0001;p0002,,54;21;2,0.0,2.0,0.0,0.0,0.0,0.0,0.0,0.0
hotpotqa_5ae7edee554299540e5a56ad,hotpotqa,hotpotqa_oncu_200,iterative,5,220,40,multi_hop,16000,scattered,low,unknown,p0001;p0002,,54;21;2;69;17,0.0,2.0,0.0,0.0,0.0,0.0,0.0,0.0
hotpotqa_5ae7edee554299540e5a56ad,hotpotqa,hotpotqa_oncu_200,iterative,8,220,40,multi_hop,16000,scattered,low,unknown,p0001;p0002,,54;21;2;69;17;58;65;32,0.0,2.0,0.0,0.0,0.0,0.0,0.0,0.0
hotpotqa_5ae7edee554299540e5a56ad,hotpotqa,hotpotqa_oncu_200,iterative,16,220,40,multi_hop,16000,scattered,low,unknown,p0001;p0002,,54;21;2;69;17;58;65;32;10;6;13;24;76;80;47;50,0.0,2.0,0.0,0.0,0.0,0.0,0.0,0.0
hotpotqa_5ae7edee554299540e5a56ad,hotpotqa,hotpotqa_oncu_200,oracle,3,220,40,multi_hop,16000,scattered,low,unknown,p0001;p0002,p0001;p0002,0;1,2.0,2.0,1.0,1.0,1.0,1.0,1.0,0.0
hotpotqa_5ae7edee554299540e5a56ad,hotpotqa,hotpotqa_oncu_200,oracle,5,220,40,multi_hop,16000,scattered,low,unknown,p0001;p0002,p0001;p0002,0;1,2.0,2.0,1.0,1.0,1.0,1.0,1.0,0.0
hotpotqa_5ae7edee554299540e5a56ad,hotpotqa,hotpotqa_oncu_200,oracle,8,220,40,multi_hop,16000,scattered,low,unknown,p0001;p0002,p0001;p0002,0;1,2.0,2.0,1.0,1.0,1.0,1.0,1.0,0.0
hotpotqa_5ae7edee554299540e5a56ad,hotpotqa,hotpotqa_oncu_200,oracle,16,220,40,multi_hop,16000,scattered,low,unknown,p0001;p0002,p0001;p0002,0;1,2.0,2.0,1.0,1.0,1.0,1.0,1.0,0.0
hotpotqa_5a8ee4315542990e94052ba7,hotpotqa,hotpotqa_oncu_200,lexical,3,220,40,multi_hop,4000,front,low,unknown,p0001;p0002,p0001;p0002,0;12;1,2.0,2.0,1.0,1.0,1.0,1.0,1.0,0.0
hotpotqa_5a8ee4315542990e94052ba7,hotpotqa,hotpotqa_oncu_200,lexical,5,220,40,multi_hop,4000,front,low,unknown,p0001;p0002,p0001;p0002;p0004,0;12;1;17;6,3.0,2.0,1.0,1.0,0.6666666666666666,1.0,0.8,0.3333333333333333
hotpotqa_5a8ee4315542990e94052ba7,hotpotqa,hotpotqa_oncu_200,lexical,8,220,40,multi_hop,4000,front,low,unknown,p0001;p0002,p0001;p0002;p0004;p0006;p0007,0;12;1;17;6;18;7;13,5.0,2.0,1.0,1.0,0.4,1.0,0.5714285714285715,0.6
hotpotqa_5a8ee4315542990e94052ba7,hotpotqa,hotpotqa_oncu_200,lexical,16,220,40,multi_hop,4000,front,low,unknown,p0001;p0002,p0001;p0002;p0004;p0006;p0007;p0012;p0008;p0003,0;12;1;17;6;18;7;13;11;2;19;8;14;5;16;3,8.0,2.0,1.0,1.0,0.25,1.0,0.4,0.75
hotpotqa_5a8ee4315542990e94052ba7,hotpotqa,hotpotqa_oncu_200,dense,3,220,40,multi_hop,4000,front,low,unknown,p0001;p0002,p0004;p0002,12;6;1,2.0,2.0,1.0,0.0,0.5,0.5,0.5,0.5
hotpotqa_5a8ee4315542990e94052ba7,hotpotqa,hotpotqa_oncu_200,dense,5,220,40,multi_hop,4000,front,low,unknown,p0001;p0002,p0004;p0002;p0001,12;6;1;18;0,3.0,2.0,1.0,1.0,0.6666666666666666,1.0,0.8,0.3333333333333333
hotpotqa_5a8ee4315542990e94052ba7,hotpotqa,hotpotqa_oncu_200,dense,8,220,40,multi_hop,4000,front,low,unknown,p0001;p0002,p0004;p0002;p0001;p0006;p0007,12;6;1;18;0;7;17;2,5.0,2.0,1.0,1.0,0.4,1.0,0.5714285714285715,0.6
hotpotqa_5a8ee4315542990e94052ba7,hotpotqa,hotpotqa_oncu_200,dense,16,220,40,multi_hop,4000,front,low,unknown,p0001;p0002,p0004;p0002;p0001;p0006;p0007;p0012;p0008;p0003,12;6;1;18;0;7;17;2;13;19;11;8;14;3;20;5,8.0,2.0,1.0,1.0,0.25,1.0,0.4,0.75
hotpotqa_5a8ee4315542990e94052ba7,hotpotqa,hotpotqa_oncu_200,hybrid,3,220,40,multi_hop,4000,front,low,unknown,p0001;p0002,p0001;p0002,12;0;1,2.0,2.0,1.0,1.0,1.0,1.0,1.0,0.0
hotpotqa_5a8ee4315542990e94052ba7,hotpotqa,hotpotqa_oncu_200,hybrid,5,220,40,multi_hop,4000,front,low,unknown,p0001;p0002,p0001;p0002;p0004,12;0;1;6;18,3.0,2.0,1.0,1.0,0.6666666666666666,1.0,0.8,0.3333333333333333
hotpotqa_5a8ee4315542990e94052ba7,hotpotqa,hotpotqa_oncu_200,hybrid,8,220,40,multi_hop,4000,front,low,unknown,p0001;p0002,p0001;p0002;p0004;p0006;p0007,12;0;1;6;18;17;7;13,5.0,2.0,1.0,1.0,0.4,1.0,0.5714285714285715,0.6
hotpotqa_5a8ee4315542990e94052ba7,hotpotqa,hotpotqa_oncu_200,hybrid,16,220,40,multi_hop,4000,front,low,unknown,p0001;p0002,p0001;p0002;p0004;p0006;p0007;p0012;p0008;p0003,12;0;1;6;18;17;7;13;2;11;19;8;14;3;5;20,8.0,2.0,1.0,1.0,0.25,1.0,0.4,0.75
hotpotqa_5a8ee4315542990e94052ba7,hotpotqa,hotpotqa_oncu_200,iterative,3,220,40,multi_hop,4000,front,low,unknown,p0001;p0002,p0001;p0002,0;17;12,2.0,2.0,1.0,1.0,1.0,1.0,1.0,0.0
hotpotqa_5a8ee4315542990e94052ba7,hotpotqa,hotpotqa_oncu_200,iterative,5,220,40,multi_hop,4000,front,low,unknown,p0001;p0002,p0001;p0002;p0004,0;17;12;1;6,3.0,2.0,1.0,1.0,0.6666666666666666,1.0,0.8,0.3333333333333333
hotpotqa_5a8ee4315542990e94052ba7,hotpotqa,hotpotqa_oncu_200,iterative,8,220,40,multi_hop,4000,front,low,unknown,p0001;p0002,p0001;p0002;p0004;p0012;p0006;p0007,0;17;12;1;6;11;18;7,6.0,2.0,1.0,1.0,0.3333333333333333,1.0,0.5,0.6666666666666666
hotpotqa_5a8ee4315542990e94052ba7,hotpotqa,hotpotqa_oncu_200,iterative,16,220,40,multi_hop,4000,front,low,unknown,p0001;p0002,p0001;p0002;p0004;p0012;p0006;p0007;p0003;p0008,0;17;12;1;6;11;18;7;5;13;2;19;8;14;16;3,8.0,2.0,1.0,1.0,0.25,1.0,0.4,0.75
hotpotqa_5a8ee4315542990e94052ba7,hotpotqa,hotpotqa_oncu_200,oracle,3,220,40,multi_hop,4000,front,low,unknown,p0001;p0002,p0001;p0002,0;1,2.0,2.0,1.0,1.0,1.0,1.0,1.0,0.0
hotpotqa_5a8ee4315542990e94052ba7,hotpotqa,hotpotqa_oncu_200,oracle,5,220,40,multi_hop,4000,front,low,unknown,p0001;p0002,p0001;p0002,0;1,2.0,2.0,1.0,1.0,1.0,1.0,1.0,0.0
hotpotqa_5a8ee4315542990e94052ba7,hotpotqa,hotpotqa_oncu_200,oracle,8,220,40,multi_hop,4000,front,low,unknown,p0001;p0002,p0001;p0002,0;1,2.0,2.0,1.0,1.0,1.0,1.0,1.0,0.0
hotpotqa_5a8ee4315542990e94052ba7,hotpotqa,hotpotqa_oncu_200,oracle,16,220,40,multi_hop,4000,front,low,unknown,p0001;p0002,p0001;p0002,0;1,2.0,2.0,1.0,1.0,1.0,1.0,1.0,0.0
hotpotqa_5ae4c39f5542995dadf243fb,hotpotqa,hotpotqa_oncu_200,lexical,3,220,40,multi_hop,8000,middle,low,unknown,p0001;p0002,p0003;p0004;p0006;p0007,3;13;37,4.0,2.0,0.0,0.0,0.0,0.0,0.0,1.0
hotpotqa_5ae4c39f5542995dadf243fb,hotpotqa,hotpotqa_oncu_200,lexical,5,220,40,multi_hop,8000,middle,low,unknown,p0001;p0002,p0003;p0004;p0006;p0007,3;13;37;20;10,4.0,2.0,0.0,0.0,0.0,0.0,0.0,1.0
hotpotqa_5ae4c39f5542995dadf243fb,hotpotqa,hotpotqa_oncu_200,lexical,8,220,40,multi_hop,8000,middle,low,unknown,p0001;p0002,p0003;p0004;p0006;p0007,3;13;37;20;10;0;30;27,4.0,2.0,0.0,0.0,0.0,0.0,0.0,1.0
hotpotqa_5ae4c39f5542995dadf243fb,hotpotqa,hotpotqa_oncu_200,lexical,16,220,40,multi_hop,8000,middle,low,unknown,p0001;p0002,p0003;p0004;p0006;p0007;p0001;p0002,3;13;37;20;10;0;30;27;21;44;40;34;17;24;7;31,6.0,2.0,1.0,1.0,0.3333333333333333,1.0,0.5,0.6666666666666666
hotpotqa_5ae4c39f5542995dadf243fb,hotpotqa,hotpotqa_oncu_200,dense,3,220,40,multi_hop,8000,middle,low,unknown,p0001;p0002,,31;41;7,0.0,2.0,0.0,0.0,0.0,0.0,0.0,0.0
hotpotqa_5ae4c39f5542995dadf243fb,hotpotqa,hotpotqa_oncu_200,dense,5,220,40,multi_hop,8000,middle,low,unknown,p0001;p0002,,31;41;7;34;3,0.0,2.0,0.0,0.0,0.0,0.0,0.0,0.0
hotpotqa_5ae4c39f5542995dadf243fb,hotpotqa,hotpotqa_oncu_200,dense,8,220,40,multi_hop,8000,middle,low,unknown,p0001;p0002,,31;41;7;34;3;24;17;37,0.0,2.0,0.0,0.0,0.0,0.0,0.0,0.0
hotpotqa_5ae4c39f5542995dadf243fb,hotpotqa,hotpotqa_oncu_200,dense,16,220,40,multi_hop,8000,middle,low,unknown,p0001;p0002,p0003;p0004;p0006;p0007;p0009;p0010,31;41;7;34;3;24;17;37;10;27;44;4;13;20;0;14,6.0,2.0,0.0,0.0,0.0,0.0,0.0,1.0
hotpotqa_5ae4c39f5542995dadf243fb,hotpotqa,hotpotqa_oncu_200,hybrid,3,220,40,multi_hop,8000,middle,low,unknown,p0001;p0002,,3;37;10,0.0,2.0,0.0,0.0,0.0,0.0,0.0,0.0
hotpotqa_5ae4c39f5542995dadf243fb,hotpotqa,hotpotqa_oncu_200,hybrid,5,220,40,multi_hop,8000,middle,low,unknown,p0001;p0002,p0003;p0004;p0006;p0007,3;37;10;13;31,4.0,2.0,0.0,0.0,0.0,0.0,0.0,1.0
hotpotqa_5ae4c39f5542995dadf243fb,hotpotqa,hotpotqa_oncu_200,hybrid,8,220,40,multi_hop,8000,middle,low,unknown,p0001;p0002,p0003;p0004;p0006;p0007,3;37;10;13;31;34;7;20,4.0,2.0,0.0,0.0,0.0,0.0,0.0,1.0
hotpotqa_5ae4c39f5542995dadf243fb,hotpotqa,hotpotqa_oncu_200,hybrid,16,220,40,multi_hop,8000,middle,low,unknown,p0001;p0002,p0003;p0004;p0006;p0007;p0001;p0002,3;37;10;13;31;34;7;20;27;41;24;17;0;44;21;30,6.0,2.0,1.0,1.0,0.3333333333333333,1.0,0.5,0.6666666666666666
hotpotqa_5ae4c39f5542995dadf243fb,hotpotqa,hotpotqa_oncu_200,iterative,3,220,40,multi_hop,8000,middle,low,unknown,p0001;p0002,p0003;p0004;p0006;p0007,3;30;13,4.0,2.0,0.0,0.0,0.0,0.0,0.0,1.0
hotpotqa_5ae4c39f5542995dadf243fb,hotpotqa,hotpotqa_oncu_200,iterative,5,220,40,multi_hop,8000,middle,low,unknown,p0001;p0002,p0003;p0004;p0006;p0007,3;30;13;37;20,4.0,2.0,0.0,0.0,0.0,0.0,0.0,1.0
hotpotqa_5ae4c39f5542995dadf243fb,hotpotqa,hotpotqa_oncu_200,iterative,8,220,40,multi_hop,8000,middle,low,unknown,p0001;p0002,p0003;p0004;p0006;p0007,3;30;13;37;20;40;10;9,4.0,2.0,0.0,0.0,0.0,0.0,0.0,1.0
hotpotqa_5ae4c39f5542995dadf243fb,hotpotqa,hotpotqa_oncu_200,iterative,16,220,40,multi_hop,8000,middle,low,unknown,p0001;p0002,p0003;p0004;p0006;p0007;p0012,3;30;13;37;20;40;10;9;6;16;27;0;23;43;34;33,5.0,2.0,0.0,0.0,0.0,0.0,0.0,1.0
hotpotqa_5ae4c39f5542995dadf243fb,hotpotqa,hotpotqa_oncu_200,oracle,3,220,40,multi_hop,8000,middle,low,unknown,p0001;p0002,p0001;p0002,0;1,2.0,2.0,1.0,1.0,1.0,1.0,1.0,0.0
hotpotqa_5ae4c39f5542995dadf243fb,hotpotqa,hotpotqa_oncu_200,oracle,5,220,40,multi_hop,8000,middle,low,unknown,p0001;p0002,p0001;p0002,0;1,2.0,2.0,1.0,1.0,1.0,1.0,1.0,0.0
hotpotqa_5ae4c39f5542995dadf243fb,hotpotqa,hotpotqa_oncu_200,oracle,8,220,40,multi_hop,8000,middle,low,unknown,p0001;p0002,p0001;p0002,0;1,2.0,2.0,1.0,1.0,1.0,1.0,1.0,0.0
hotpotqa_5ae4c39f5542995dadf243fb,hotpotqa,hotpotqa_oncu_200,oracle,16,220,40,multi_hop,8000,middle,low,unknown,p0001;p0002,p0001;p0002,0;1,2.0,2.0,1.0,1.0,1.0,1.0,1.0,0.0
hotpotqa_5a79c6a55542994bb9457091,hotpotqa,hotpotqa_oncu_200,lexical,3,220,40,multi_hop,16000,end,low,unknown,p0001;p0002,p0002;p0001,78;77;14,2.0,2.0,1.0,1.0,1.0,1.0,1.0,0.0
hotpotqa_5a79c6a55542994bb9457091,hotpotqa,hotpotqa_oncu_200,lexical,5,220,40,multi_hop,16000,end,low,unknown,p0001;p0002,p0002;p0001,78;77;14;55;74,2.0,2.0,1.0,1.0,1.0,1.0,1.0,0.0
hotpotqa_5a79c6a55542994bb9457091,hotpotqa,hotpotqa_oncu_200,lexical,8,220,40,multi_hop,16000,end,low,unknown,p0001;p0002,p0002;p0001,78;77;14;55;74;44;11;52,2.0,2.0,1.0,1.0,1.0,1.0,1.0,0.0
hotpotqa_5a79c6a55542994bb9457091,hotpotqa,hotpotqa_oncu_200,lexical,16,220,40,multi_hop,16000,end,low,unknown,p0001;p0002,p0002;p0001,78;77;14;55;74;44;11;52;66;25;36;3;22;33;63;17,2.0,2.0,1.0,1.0,1.0,1.0,1.0,0.0
hotpotqa_5a79c6a55542994bb9457091,hotpotqa,hotpotqa_oncu_200,dense,3,220,40,multi_hop,16000,end,low,unknown,p0001;p0002,p0003;p0004;p0005,28;24;35,3.0,2.0,0.0,0.0,0.0,0.0,0.0,1.0
hotpotqa_5a79c6a55542994bb9457091,hotpotqa,hotpotqa_oncu_200,dense,5,220,40,multi_hop,16000,end,low,unknown,p0001;p0002,p0003;p0004;p0005,28;24;35;65;79,3.0,2.0,0.0,0.0,0.0,0.0,0.0,1.0
hotpotqa_5a79c6a55542994bb9457091,hotpotqa,hotpotqa_oncu_200,dense,8,220,40,multi_hop,16000,end,low,unknown,p0001;p0002,p0003;p0004;p0005,28;24;35;65;79;22;33;63,3.0,2.0,0.0,0.0,0.0,0.0,0.0,1.0
hotpotqa_5a79c6a55542994bb9457091,hotpotqa,hotpotqa_oncu_200,dense,16,220,40,multi_hop,16000,end,low,unknown,p0001;p0002,p0003;p0004;p0005;p0002,28;24;35;65;79;22;33;63;49;8;55;16;88;78;46;57,4.0,2.0,1.0,0.0,0.25,0.5,0.3333333333333333,0.75
hotpotqa_5a79c6a55542994bb9457091,hotpotqa,hotpotqa_oncu_200,hybrid,3,220,40,multi_hop,16000,end,low,unknown,p0001;p0002,p0002,78;55;14,1.0,2.0,1.0,0.0,1.0,0.5,0.6666666666666666,0.0
hotpotqa_5a79c6a55542994bb9457091,hotpotqa,hotpotqa_oncu_200,hybrid,5,220,40,multi_hop,16000,end,low,unknown,p0001;p0002,p0002,78;55;14;22;33,1.0,2.0,1.0,0.0,1.0,0.5,0.6666666666666666,0.0
hotpotqa_5a79c6a55542994bb9457091,hotpotqa,hotpotqa_oncu_200,hybrid,8,220,40,multi_hop,16000,end,low,unknown,p0001;p0002,p0002,78;55;14;22;33;63;44;74,1.0,2.0,1.0,0.0,1.0,0.5,0.6666666666666666,0.0
hotpotqa_5a79c6a55542994bb9457091,hotpotqa,hotpotqa_oncu_200,hybrid,16,220,40,multi_hop,16000,end,low,unknown,p0001;p0002,p0002;p0003;p0004;p0005;p0001,78;55;14;22;33;63;44;74;28;77;11;52;3;24;49;8,5.0,2.0,1.0,1.0,0.4,1.0,0.5714285714285715,0.6
hotpotqa_5a79c6a55542994bb9457091,hotpotqa,hotpotqa_oncu_200,iterative,3,220,40,multi_hop,16000,end,low,unknown,p0001;p0002,p0002;p0001,78;77;58,2.0,2.0,1.0,1.0,1.0,1.0,1.0,0.0
hotpotqa_5a79c6a55542994bb9457091,hotpotqa,hotpotqa_oncu_200,iterative,5,220,40,multi_hop,16000,end,low,unknown,p0001;p0002,p0002;p0001,78;77;58;17;14,2.0,2.0,1.0,1.0,1.0,1.0,1.0,0.0
hotpotqa_5a79c6a55542994bb9457091,hotpotqa,hotpotqa_oncu_200,iterative,8,220,40,multi_hop,16000,end,low,unknown,p0001;p0002,p0002;p0001,78;77;58;17;14;25;66;36,2.0,2.0,1.0,1.0,1.0,1.0,1.0,0.0
hotpotqa_5a79c6a55542994bb9457091,hotpotqa,hotpotqa_oncu_200,iterative,16,220,40,multi_hop,16000,end,low,unknown,p0001;p0002,p0002;p0001,78;77;58;17;14;25;66;36;55;47;6;83;39;80;74;69,2.0,2.0,1.0,1.0,1.0,1.0,1.0,0.0
hotpotqa_5a79c6a55542994bb9457091,hotpotqa,hotpotqa_oncu_200,oracle,3,220,40,multi_hop,16000,end,low,unknown,p0001;p0002,p0001;p0002,0;1,2.0,2.0,1.0,1.0,1.0,1.0,1.0,0.0
hotpotqa_5a79c6a55542994bb9457091,hotpotqa,hotpotqa_oncu_200,oracle,5,220,40,multi_hop,16000,end,low,unknown,p0001;p0002,p0001;p0002,0;1,2.0,2.0,1.0,1.0,1.0,1.0,1.0,0.0
hotpotqa_5a79c6a55542994bb9457091,hotpotqa,hotpotqa_oncu_200,oracle,8,220,40,multi_hop,16000,end,low,unknown,p0001;p0002,p0001;p0002,0;1,2.0,2.0,1.0,1.0,1.0,1.0,1.0,0.0
hotpotqa_5a79c6a55542994bb9457091,hotpotqa,hotpotqa_oncu_200,oracle,16,220,40,multi_hop,16000,end,low,unknown,p0001;p0002,p0001;p0002,0;1,2.0,2.0,1.0,1.0,1.0,1.0,1.0,0.0
hotpotqa_5a7be5bd5542997c3ec972ba,hotpotqa,hotpotqa_oncu_200,lexical,3,220,40,comparison,4000,scattered,low,unknown,p0001;p0002,p0001;p0002,1;10;13,2.0,2.0,1.0,1.0,1.0,1.0,1.0,0.0
hotpotqa_5a7be5bd5542997c3ec972ba,hotpotqa,hotpotqa_oncu_200,lexical,5,220,40,comparison,4000,scattered,low,unknown,p0001;p0002,p0001;p0002;p0004;p0005;p0007,1;10;13;21;7,5.0,2.0,1.0,1.0,0.4,1.0,0.5714285714285715,0.6
hotpotqa_5a7be5bd5542997c3ec972ba,hotpotqa,hotpotqa_oncu_200,lexical,8,220,40,comparison,4000,scattered,low,unknown,p0001;p0002,p0001;p0002;p0004;p0005;p0007;p0003,1;10;13;21;7;5;17;2,6.0,2.0,1.0,1.0,0.3333333333333333,1.0,0.5,0.6666666666666666
hotpotqa_5a7be5bd5542997c3ec972ba,hotpotqa,hotpotqa_oncu_200,lexical,16,220,40,comparison,4000,scattered,low,unknown,p0001;p0002,p0001;p0002;p0004;p0005;p0007;p0003;p0008;p0009;p0010;p0012,1;10;13;21;7;5;17;2;20;16;14;8;18;9;15;6,10.0,2.0,1.0,1.0,0.2,1.0,0.33333333333333337,0.8
hotpotqa_5a7be5bd5542997c3ec972ba,hotpotqa,hotpotqa_oncu_200,dense,3,220,40,comparison,4000,scattered,low,unknown,p0001;p0002,p0008;p0009;p0010;p0002,8;10;14,4.0,2.0,1.0,0.0,0.25,0.5,0.3333333333333333,0.75
hotpotqa_5a7be5bd5542997c3ec972ba,hotpotqa,hotpotqa_oncu_200,dense,5,220,40,comparison,4000,scattered,low,unknown,p0001;p0002,p0008;p0009;p0010;p0002,8;10;14;2;18,4.0,2.0,1.0,0.0,0.25,0.5,0.3333333333333333,0.75
hotpotqa_5a7be5bd5542997c3ec972ba,hotpotqa,hotpotqa_oncu_200,dense,8,220,40,comparison,4000,scattered,low,unknown,p0001;p0002,p0008;p0009;p0010;p0002;p0001;p0012,8;10;14;2;18;1;9;21,6.0,2.0,1.0,1.0,0.3333333333333333,1.0,0.5,0.6666666666666666
hotpotqa_5a7be5bd5542997c3ec972ba,hotpotqa,hotpotqa_oncu_200,dense,16,220,40,comparison,4000,scattered,low,unknown,p0001;p0002,p0008;p0009;p0010;p0002;p0001;p0012;p0003;p0004;p0005;p0007,8;10;14;2;18;1;9;21;17;3;11;19;13;15;5;7,10.0,2.0,1.0,1.0,0.2,1.0,0.33333333333333337,0.8
hotpotqa_5a7be5bd5542997c3ec972ba,hotpotqa,hotpotqa_oncu_200,hybrid,3,220,40,comparison,4000,scattered,low,unknown,p0001;p0002,p0002;p0001,10;1;2,2.0,2.0,1.0,1.0,1.0,1.0,1.0,0.0
hotpotqa_5a7be5bd5542997c3ec972ba,hotpotqa,hotpotqa_oncu_200,hybrid,5,220,40,comparison,4000,scattered,low,unknown,p0001;p0002,p0002;p0001;p0008;p0009;p0010,10;1;2;21;8,5.0,2.0,1.0,1.0,0.4,1.0,0.5714285714285715,0.6
hotpotqa_5a7be5bd5542997c3ec972ba,hotpotqa,hotpotqa_oncu_200,hybrid,8,220,40,comparison,4000,scattered,low,unknown,p0001;p0002,p0002;p0001;p0008;p0009;p0010,10;1;2;21;8;14;13;17,5.0,2.0,1.0,1.0,0.4,1.0,0.5714285714285715,0.6
hotpotqa_5a7be5bd5542997c3ec972ba,hotpotqa,hotpotqa_oncu_200,hybrid,16,220,40,comparison,4000,scattered,low,unknown,p0001;p0002,p0002;p0001;p0008;p0009;p0010;p0004;p0005;p0007;p0003;p0012,10;1;2;21;8;14;13;17;18;7;5;9;20;15;3;16,10.0,2.0,1.0,1.0,0.2,1.0,0.33333333333333337,0.8
hotpotqa_5a7be5bd5542997c3ec972ba,hotpotqa,hotpotqa_oncu_200,iterative,3,220,40,comparison,4000,scattered,low,unknown,p0001;p0002,p0001;p0003,1;13;5,2.0,2.0,1.0,0.0,0.5,0.5,0.5,0.5
hotpotqa_5a7be5bd5542997c3ec972ba,hotpotqa,hotpotqa_oncu_200,iterative,5,220,40,comparison,4000,scattered,low,unknown,p0001;p0002,p0001;p0003;p0004;p0005;p0007,1;13;5;7;20,5.0,2.0,1.0,0.0,0.2,0.5,0.28571428571428575,0.8
hotpotqa_5a7be5bd5542997c3ec972ba,hotpotqa,hotpotqa_oncu_200,iterative,8,220,40,comparison,4000,scattered,low,unknown,p0001;p0002,p0001;p0003;p0004;p0005;p0007;p0002,1;13;5;7;20;21;17;10,6.0,2.0,1.0,1.0,0.3333333333333333,1.0,0.5,0.6666666666666666
hotpotqa_5a7be5bd5542997c3ec972ba,hotpotqa,hotpotqa_oncu_200,iterative,16,220,40,comparison,4000,scattered,low,unknown,p0001;p0002,p0001;p0003;p0004;p0005;p0007;p0002;p0010;p0012,1;13;5;7;20;21;17;10;16;2;6;12;9;14;0;15,8.0,2.0,1.0,1.0,0.25,1.0,0.4,0.75
hotpotqa_5a7be5bd5542997c3ec972ba,hotpotqa,hotpotqa_oncu_200,oracle,3,220,40,comparison,4000,scattered,low,unknown,p0001;p0002,p0001;p0002,0;1,2.0,2.0,1.0,1.0,1.0,1.0,1.0,0.0
hotpotqa_5a7be5bd5542997c3ec972ba,hotpotqa,hotpotqa_oncu_200,oracle,5,220,40,comparison,4000,scattered,low,unknown,p0001;p0002,p0001;p0002,0;1,2.0,2.0,1.0,1.0,1.0,1.0,1.0,0.0
hotpotqa_5a7be5bd5542997c3ec972ba,hotpotqa,hotpotqa_oncu_200,oracle,8,220,40,comparison,4000,scattered,low,unknown,p0001;p0002,p0001;p0002,0;1,2.0,2.0,1.0,1.0,1.0,1.0,1.0,0.0
hotpotqa_5a7be5bd5542997c3ec972ba,hotpotqa,hotpotqa_oncu_200,oracle,16,220,40,comparison,4000,scattered,low,unknown,p0001;p0002,p0001;p0002,0;1,2.0,2.0,1.0,1.0,1.0,1.0,1.0,0.0
hotpotqa_5ab28b12554299449642c8ee,hotpotqa,hotpotqa_oncu_200,lexical,3,220,40,multi_hop,8000,front,medium,unknown,p0001;p0002;p0003,p0001;p0002;p0003,1;5;9,3.0,3.0,1.0,1.0,1.0,1.0,1.0,0.0
hotpotqa_5ab28b12554299449642c8ee,hotpotqa,hotpotqa_oncu_200,lexical,5,220,40,multi_hop,8000,front,medium,unknown,p0001;p0002;p0003,p0001;p0002;p0003,1;5;9;21;25,3.0,3.0,1.0,1.0,1.0,1.0,1.0,0.0
hotpotqa_5ab28b12554299449642c8ee,hotpotqa,hotpotqa_oncu_200,lexical,8,220,40,multi_hop,8000,front,medium,unknown,p0001;p0002;p0003,p0001;p0002;p0003;p0006,1;5;9;21;25;29;33;14,4.0,3.0,1.0,1.0,0.75,1.0,0.8571428571428571,0.25
hotpotqa_5ab28b12554299449642c8ee,hotpotqa,hotpotqa_oncu_200,lexical,16,220,40,multi_hop,8000,front,medium,unknown,p0001;p0002;p0003,p0001;p0002;p0003;p0006;p0012;p0013;p0004,1;5;9;21;25;29;33;14;37;17;41;0;4;13;42;38,7.0,3.0,1.0,1.0,0.42857142857142855,1.0,0.6,0.5714285714285714
hotpotqa_5ab28b12554299449642c8ee,hotpotqa,hotpotqa_oncu_200,dense,3,220,40,multi_hop,8000,front,medium,unknown,p0001;p0002;p0003,p0001;p0002;p0003,1;5;9,3.0,3.0,1.0,1.0,1.0,1.0,1.0,0.0
hotpotqa_5ab28b12554299449642c8ee,hotpotqa,hotpotqa_oncu_200,dense,5,220,40,multi_hop,8000,front,medium,unknown,p0001;p0002;p0003,p0001;p0002;p0003;p0008;p0009,1;5;9;15;21,5.0,3.0,1.0,1.0,0.6,1.0,0.7499999999999999,0.4
hotpotqa_5ab28b12554299449642c8ee,hotpotqa,hotpotqa_oncu_200,dense,8,220,40,multi_hop,8000,front,medium,unknown,p0001;p0002;p0003,p0001;p0002;p0003;p0008;p0009,1;5;9;15;21;25;30;38,5.0,3.0,1.0,1.0,0.6,1.0,0.7499999999999999,0.4
hotpotqa_5ab28b12554299449642c8ee,hotpotqa,hotpotqa_oncu_200,dense,16,220,40,multi_hop,8000,front,medium,unknown,p0001;p0002;p0003,p0001;p0002;p0003;p0008;p0009,1;5;9;15;21;25;30;38;42;29;26;22;34;6;33;18,5.0,3.0,1.0,1.0,0.6,1.0,0.7499999999999999,0.4
hotpotqa_5ab28b12554299449642c8ee,hotpotqa,hotpotqa_oncu_200,hybrid,3,220,40,multi_hop,8000,front,medium,unknown,p0001;p0002;p0003,p0001;p0002;p0003,1;5;9,3.0,3.0,1.0,1.0,1.0,1.0,1.0,0.0
hotpotqa_5ab28b12554299449642c8ee,hotpotqa,hotpotqa_oncu_200,hybrid,5,220,40,multi_hop,8000,front,medium,unknown,p0001;p0002;p0003,p0001;p0002;p0003,1;5;9;21;25,3.0,3.0,1.0,1.0,1.0,1.0,1.0,0.0
hotpotqa_5ab28b12554299449642c8ee,hotpotqa,hotpotqa_oncu_200,hybrid,8,220,40,multi_hop,8000,front,medium,unknown,p0001;p0002;p0003,p0001;p0002;p0003,1;5;9;21;25;29;33;38,3.0,3.0,1.0,1.0,1.0,1.0,1.0,0.0
hotpotqa_5ab28b12554299449642c8ee,hotpotqa,hotpotqa_oncu_200,hybrid,16,220,40,multi_hop,8000,front,medium,unknown,p0001;p0002;p0003,p0001;p0002;p0003;p0006;p0008;p0009;p0012;p0013,1;5;9;21;25;29;33;38;42;14;30;15;22;37;41;17,8.0,3.0,1.0,1.0,0.375,1.0,0.5454545454545454,0.625
hotpotqa_5ab28b12554299449642c8ee,hotpotqa,hotpotqa_oncu_200,iterative,3,220,40,multi_hop,8000,front,medium,unknown,p0001;p0002;p0003,,9;5;21,0.0,3.0,0.0,0.0,0.0,0.0,0.0,0.0
hotpotqa_5ab28b12554299449642c8ee,hotpotqa,hotpotqa_oncu_200,iterative,5,220,40,multi_hop,8000,front,medium,unknown,p0001;p0002;p0003,p0001;p0002;p0003,9;5;21;25;1,3.0,3.0,1.0,1.0,1.0,1.0,1.0,0.0
hotpotqa_5ab28b12554299449642c8ee,hotpotqa,hotpotqa_oncu_200,iterative,8,220,40,multi_hop,8000,front,medium,unknown,p0001;p0002;p0003,p0001;p0002;p0003;p0006,9;5;21;25;1;29;33;14,4.0,3.0,1.0,1.0,0.75,1.0,0.8571428571428571,0.25
hotpotqa_5ab28b12554299449642c8ee,hotpotqa,hotpotqa_oncu_200,iterative,16,220,40,multi_hop,8000,front,medium,unknown,p0001;p0002;p0003,p0001;p0002;p0003;p0006;p0012;p0013;p0004,9;5;21;25;1;29;33;14;37;17;41;0;13;42;38;4,7.0,3.0,1.0,1.0,0.42857142857142855,1.0,0.6,0.5714285714285714
hotpotqa_5ab28b12554299449642c8ee,hotpotqa,hotpotqa_oncu_200,oracle,3,220,40,multi_hop,8000,front,medium,unknown,p0001;p0002;p0003,p0001;p0002;p0003,0;1;2,3.0,3.0,1.0,1.0,1.0,1.0,1.0,0.0
hotpotqa_5ab28b12554299449642c8ee,hotpotqa,hotpotqa_oncu_200,oracle,5,220,40,multi_hop,8000,front,medium,unknown,p0001;p0002;p0003,p0001;p0002;p0003,0;1;2,3.0,3.0,1.0,1.0,1.0,1.0,1.0,0.0
hotpotqa_5ab28b12554299449642c8ee,hotpotqa,hotpotqa_oncu_200,oracle,8,220,40,multi_hop,8000,front,medium,unknown,p0001;p0002;p0003,p0001;p0002;p0003,0;1;2,3.0,3.0,1.0,1.0,1.0,1.0,1.0,0.0
hotpotqa_5ab28b12554299449642c8ee,hotpotqa,hotpotqa_oncu_200,oracle,16,220,40,multi_hop,8000,front,medium,unknown,p0001;p0002;p0003,p0001;p0002;p0003,0;1;2,3.0,3.0,1.0,1.0,1.0,1.0,1.0,0.0
hotpotqa_5a7133565542994082a3e65c,hotpotqa,hotpotqa_oncu_200,lexical,3,220,40,multi_hop,16000,middle,medium,unknown,p0001;p0002;p0003;p0004;p0005,p0001;p0002;p0003;p0004;p0005,44;54;11,5.0,5.0,1.0,1.0,1.0,1.0,1.0,0.0
hotpotqa_5a7133565542994082a3e65c,hotpotqa,hotpotqa_oncu_200,lexical,5,220,40,multi_hop,16000,middle,medium,unknown,p0001;p0002;p0003;p0004;p0005,p0001;p0002;p0003;p0004;p0005,44;54;11;82;68,5.0,5.0,1.0,1.0,1.0,1.0,1.0,0.0
hotpotqa_5a7133565542994082a3e65c,hotpotqa,hotpotqa_oncu_200,lexical,8,220,40,multi_hop,16000,middle,medium,unknown,p0001;p0002;p0003;p0004;p0005,p0001;p0002;p0003;p0004;p0005,44;54;11;82;68;25;49;20,5.0,5.0,1.0,1.0,1.0,1.0,1.0,0.0
hotpotqa_5a7133565542994082a3e65c,hotpotqa,hotpotqa_oncu_200,lexical,16,220,40,multi_hop,16000,middle,medium,unknown,p0001;p0002;p0003;p0004;p0005,p0001;p0002;p0003;p0004;p0005,44;54;11;82;68;25;49;20;48;43;39;63;6;67;53;24,5.0,5.0,1.0,1.0,1.0,1.0,1.0,0.0
hotpotqa_5a7133565542994082a3e65c,hotpotqa,hotpotqa_oncu_200,dense,3,220,40,multi_hop,16000,middle,medium,unknown,p0001;p0002;p0003;p0004;p0005,p0001;p0002;p0003;p0004;p0005;p0006;p0008;p0010,44;28;14,8.0,5.0,1.0,1.0,0.625,1.0,0.7692307692307693,0.375
hotpotqa_5a7133565542994082a3e65c,hotpotqa,hotpotqa_oncu_200,dense,5,220,40,multi_hop,16000,middle,medium,unknown,p0001;p0002;p0003;p0004;p0005,p0001;p0002;p0003;p0004;p0005;p0006;p0008;p0010,44;28;14;85;54,8.0,5.0,1.0,1.0,0.625,1.0,0.7692307692307693,0.375
hotpotqa_5a7133565542994082a3e65c,hotpotqa,hotpotqa_oncu_200,dense,8,220,40,multi_hop,16000,middle,medium,unknown,p0001;p0002;p0003;p0004;p0005,p0001;p0002;p0003;p0004;p0005;p0006;p0008;p0010;p0012;p0013;p0014,44;28;14;85;54;42;52;30,11.0,5.0,1.0,1.0,0.45454545454545453,1.0,0.625,0.5454545454545454
hotpotqa_5a7133565542994082a3e65c,hotpotqa,hotpotqa_oncu_200,dense,16,220,40,multi_hop,16000,middle,medium,unknown,p0001;p0002;p0003;p0004;p0005,p0001;p0002;p0003;p0004;p0005;p0006;p0008;p0010;p0012;p0013;p0014,44;28;14;85;54;42;52;30;66;33;5;68;0;16;11;48,11.0,5.0,1.0,1.0,0.45454545454545453,1.0,0.625,0.5454545454545454
hotpotqa_5a7133565542994082a3e65c,hotpotqa,hotpotqa_oncu_200,hybrid,3,220,40,multi_hop,16000,middle,medium,unknown,p0001;p0002;p0003;p0004;p0005,p0001;p0002;p0003;p0004;p0005,44;54;68,5.0,5.0,1.0,1.0,1.0,1.0,1.0,0.0
hotpotqa_5a7133565542994082a3e65c,hotpotqa,hotpotqa_oncu_200,hybrid,5,220,40,multi_hop,16000,middle,medium,unknown,p0001;p0002;p0003;p0004;p0005,p0001;p0002;p0003;p0004;p0005,44;54;68;11;82,5.0,5.0,1.0,1.0,1.0,1.0,1.0,0.0
hotpotqa_5a7133565542994082a3e65c,hotpotqa,hotpotqa_oncu_200,hybrid,8,220,40,multi_hop,16000,middle,medium,unknown,p0001;p0002;p0003;p0004;p0005,p0001;p0002;p0003;p0004;p0005,44;54;68;11;82;48;85;5,5.0,5.0,1.0,1.0,1.0,1.0,1.0,0.0
hotpotqa_5a7133565542994082a3e65c,hotpotqa,hotpotqa_oncu_200,hybrid,16,220,40,multi_hop,16000,middle,medium,unknown,p0001;p0002;p0003;p0004;p0005,p0001;p0002;p0003;p0004;p0005;p0006;p0008;p0010,44;54;68;11;82;48;85;5;42;14;66;25;33;49;28;16,8.0,5.0,1.0,1.0,0.625,1.0,0.7692307692307693,0.375
hotpotqa_5a7133565542994082a3e65c,hotpotqa,hotpotqa_oncu_200,iterative,3,220,40,multi_hop,16000,middle,medium,unknown,p0001;p0002;p0003;p0004;p0005,p0001;p0002;p0003;p0004;p0005,44;25;82,5.0,5.0,1.0,1.0,1.0,1.0,1.0,0.0
hotpotqa_5a7133565542994082a3e65c,hotpotqa,hotpotqa_oncu_200,iterative,5,220,40,multi_hop,16000,middle,medium,unknown,p0001;p0002;p0003;p0004;p0005,p0001;p0002;p0003;p0004;p0005,44;25;82;11;20,5.0,5.0,1.0,1.0,1.0,1.0,1.0,0.0
hotpotqa_5a7133565542994082a3e65c,hotpotqa,hotpotqa_oncu_200,iterative,8,220,40,multi_hop,16000,middle,medium,unknown,p0001;p0002;p0003;p0004;p0005,p0001;p0002;p0003;p0004;p0005,44;25;82;11;20;49;15;63,5.0,5.0,1.0,1.0,1.0,1.0,1.0,0.0
hotpotqa_5a7133565542994082a3e65c,hotpotqa,hotpotqa_oncu_200,iterative,16,220,40,multi_hop,16000,middle,medium,unknown,p0001;p0002;p0003;p0004;p0005,p0001;p0002;p0003;p0004;p0005;p0010;p0011;p0012,44;25;82;11;20;49;15;63;53;6;54;68;39;43;86;29,8.0,5.0,1.0,1.0,0.625,1.0,0.7692307692307693,0.375
hotpotqa_5a7133565542994082a3e65c,hotpotqa,hotpotqa_oncu_200,oracle,3,220,40,multi_hop,16000,middle,medium,unknown,p0001;p0002;p0003;p0004;p0005,p0001;p0002;p0003,0;1;2,3.0,5.0,1.0,0.0,1.0,0.6,0.7499999999999999,0.0
hotpotqa_5a7133565542994082a3e65c,hotpotqa,hotpotqa_oncu_200,oracle,5,220,40,multi_hop,16000,middle,medium,unknown,p0001;p0002;p0003;p0004;p0005,p0001;p0002;p0003;p0004;p0005,0;1;2;3;4,5.0,5.0,1.0,1.0,1.0,1.0,1.0,0.0
hotpotqa_5a7133565542994082a3e65c,hotpotqa,hotpotqa_oncu_200,oracle,8,220,40,multi_hop,16000,middle,medium,unknown,p0001;p0002;p0003;p0004;p0005,p0001;p0002;p0003;p0004;p0005,0;1;2;3;4,5.0,5.0,1.0,1.0,1.0,1.0,1.0,0.0
hotpotqa_5a7133565542994082a3e65c,hotpotqa,hotpotqa_oncu_200,oracle,16,220,40,multi_hop,16000,middle,medium,unknown,p0001;p0002;p0003;p0004;p0005,p0001;p0002;p0003;p0004;p0005,0;1;2;3;4,5.0,5.0,1.0,1.0,1.0,1.0,1.0,0.0
hotpotqa_5a886886554299206df2b258,hotpotqa,hotpotqa_oncu_200,lexical,3,220,40,multi_hop,4000,end,low,unknown,p0001;p0002,p0001;p0002;p0011,19;18;9,3.0,2.0,1.0,1.0,0.6666666666666666,1.0,0.8,0.3333333333333333
hotpotqa_5a886886554299206df2b258,hotpotqa,hotpotqa_oncu_200,lexical,5,220,40,multi_hop,4000,end,low,unknown,p0001;p0002,p0001;p0002;p0011,19;18;9;13;3,3.0,2.0,1.0,1.0,0.6666666666666666,1.0,0.8,0.3333333333333333
hotpotqa_5a886886554299206df2b258,hotpotqa,hotpotqa_oncu_200,lexical,8,220,40,multi_hop,4000,end,low,unknown,p0001;p0002,p0001;p0002;p0011,19;18;9;13;3;11;21;10,3.0,2.0,1.0,1.0,0.6666666666666666,1.0,0.8,0.3333333333333333
hotpotqa_5a886886554299206df2b258,hotpotqa,hotpotqa_oncu_200,lexical,16,220,40,multi_hop,4000,end,low,unknown,p0001;p0002,p0001;p0002;p0011;p0005;p0007;p0003;p0008;p0009;p0010,19;18;9;13;3;11;21;10;14;15;2;7;5;1;17;8,9.0,2.0,1.0,1.0,0.2222222222222222,1.0,0.3636363636363636,0.7777777777777778
hotpotqa_5a886886554299206df2b258,hotpotqa,hotpotqa_oncu_200,dense,3,220,40,multi_hop,4000,end,low,unknown,p0001;p0002,p0001;p0002;p0007;p0008;p0009;p0010,19;8;1,6.0,2.0,1.0,1.0,0.3333333333333333,1.0,0.5,0.6666666666666666
hotpotqa_5a886886554299206df2b258,hotpotqa,hotpotqa_oncu_200,dense,5,220,40,multi_hop,4000,end,low,unknown,p0001;p0002,p0001;p0002;p0007;p0008;p0009;p0010;p0005,19;8;1;7;2,7.0,2.0,1.0,1.0,0.2857142857142857,1.0,0.4444444444444445,0.7142857142857143
hotpotqa_5a886886554299206df2b258,hotpotqa,hotpotqa_oncu_200,dense,8,220,40,multi_hop,4000,end,low,unknown,p0001;p0002,p0001;p0002;p0007;p0008;p0009;p0010;p0005;p0003,19;8;1;7;2;5;13;10,8.0,2.0,1.0,1.0,0.25,1.0,0.4,0.75
hotpotqa_5a886886554299206df2b258,hotpotqa,hotpotqa_oncu_200,dense,16,220,40,multi_hop,4000,end,low,unknown,p0001;p0002,p0001;p0002;p0007;p0008;p0009;p0010;p0005;p0003;p0004,19;8;1;7;2;5;13;10;21;17;14;16;18;12;6;4,9.0,2.0,1.0,1.0,0.2222222222222222,1.0,0.3636363636363636,0.7777777777777778
hotpotqa_5a886886554299206df2b258,hotpotqa,hotpotqa_oncu_200,hybrid,3,220,40,multi_hop,4000,end,low,unknown,p0001;p0002,p0001;p0002,19;13;18,2.0,2.0,1.0,1.0,1.0,1.0,1.0,0.0
hotpotqa_5a886886554299206df2b258,hotpotqa,hotpotqa_oncu_200,hybrid,5,220,40,multi_hop,4000,end,low,unknown,p0001;p0002,p0001;p0002;p0005;p0007,19;13;18;7;2,4.0,2.0,1.0,1.0,0.5,1.0,0.6666666666666666,0.5
hotpotqa_5a886886554299206df2b258,hotpotqa,hotpotqa_oncu_200,hybrid,8,220,40,multi_hop,4000,end,low,unknown,p0001;p0002,p0001;p0002;p0005;p0007,19;13;18;7;2;21;10;1,4.0,2.0,1.0,1.0,0.5,1.0,0.6666666666666666,0.5
hotpotqa_5a886886554299206df2b258,hotpotqa,hotpotqa_oncu_200,hybrid,16,220,40,multi_hop,4000,end,low,unknown,p0001;p0002,p0001;p0002;p0005;p0007;p0008;p0009;p0010;p0003;p0011,19;13;18;7;2;21;10;1;8;5;14;9;3;11;17;15,9.0,2.0,1.0,1.0,0.2222222222222222,1.0,0.3636363636363636,0.7777777777777778
hotpotqa_5a886886554299206df2b258,hotpotqa,hotpotqa_oncu_200,iterative,3,220,40,multi_hop,4000,end,low,unknown,p0001;p0002,p0001;p0002,19;11;18,2.0,2.0,1.0,1.0,1.0,1.0,1.0,0.0
hotpotqa_5a886886554299206df2b258,hotpotqa,hotpotqa_oncu_200,iterative,5,220,40,multi_hop,4000,end,low,unknown,p0001;p0002,p0001;p0002;p0011,19;11;18;3;9,3.0,2.0,1.0,1.0,0.6666666666666666,1.0,0.8,0.3333333333333333
hotpotqa_5a886886554299206df2b258,hotpotqa,hotpotqa_oncu_200,iterative,8,220,40,multi_hop,4000,end,low,unknown,p0001;p0002,p0001;p0002;p0011,19;11;18;3;9;15;13;14,3.0,2.0,1.0,1.0,0.6666666666666666,1.0,0.8,0.3333333333333333
hotpotqa_5a886886554299206df2b258,hotpotqa,hotpotqa_oncu_200,iterative,16,220,40,multi_hop,4000,end,low,unknown,p0001;p0002,p0001;p0002;p0011;p0003;p0005;p0007,19;11;18;3;9;15;13;14;5;21;20;10;0;1;4;7,6.0,2.0,1.0,1.0,0.3333333333333333,1.0,0.5,0.6666666666666666
hotpotqa_5a886886554299206df2b258,hotpotqa,hotpotqa_oncu_200,oracle,3,220,40,multi_hop,4000,end,low,unknown,p0001;p0002,p0001;p0002,0;1,2.0,2.0,1.0,1.0,1.0,1.0,1.0,0.0
hotpotqa_5a886886554299206df2b258,hotpotqa,hotpotqa_oncu_200,oracle,5,220,40,multi_hop,4000,end,low,unknown,p0001;p0002,p0001;p0002,0;1,2.0,2.0,1.0,1.0,1.0,1.0,1.0,0.0
hotpotqa_5a886886554299206df2b258,hotpotqa,hotpotqa_oncu_200,oracle,8,220,40,multi_hop,4000,end,low,unknown,p0001;p0002,p0001;p0002,0;1,2.0,2.0,1.0,1.0,1.0,1.0,1.0,0.0
hotpotqa_5a886886554299206df2b258,hotpotqa,hotpotqa_oncu_200,oracle,16,220,40,multi_hop,4000,end,low,unknown,p0001;p0002,p0001;p0002,0;1,2.0,2.0,1.0,1.0,1.0,1.0,1.0,0.0
hotpotqa_5a7c6bcc55429935c91b519c,hotpotqa,hotpotqa_oncu_200,lexical,3,220,40,multi_hop,8000,scattered,low,unknown,p0001;p0002,p0001;p0003,29;4;12,2.0,2.0,1.0,0.0,0.5,0.5,0.5,0.5
hotpotqa_5a7c6bcc55429935c91b519c,hotpotqa,hotpotqa_oncu_200,lexical,5,220,40,multi_hop,8000,scattered,low,unknown,p0001;p0002,p0001;p0003,29;4;12;34;10,2.0,2.0,1.0,0.0,0.5,0.5,0.5,0.5
hotpotqa_5a7c6bcc55429935c91b519c,hotpotqa,hotpotqa_oncu_200,lexical,8,220,40,multi_hop,8000,scattered,low,unknown,p0001;p0002,p0001;p0003,29;4;12;34;10;36;41;0,2.0,2.0,1.0,0.0,0.5,0.5,0.5,0.5
hotpotqa_5a7c6bcc55429935c91b519c,hotpotqa,hotpotqa_oncu_200,lexical,16,220,40,multi_hop,8000,scattered,low,unknown,p0001;p0002,p0001;p0003,29;4;12;34;10;36;41;0;39;43;24;5;22;2;19;28,2.0,2.0,1.0,0.0,0.5,0.5,0.5,0.5
hotpotqa_5a7c6bcc55429935c91b519c,hotpotqa,hotpotqa_oncu_200,dense,3,220,40,multi_hop,8000,scattered,low,unknown,p0001;p0002,p0001,4;6;1,1.0,2.0,1.0,0.0,1.0,0.5,0.6666666666666666,0.0
hotpotqa_5a7c6bcc55429935c91b519c,hotpotqa,hotpotqa_oncu_200,dense,5,220,40,multi_hop,8000,scattered,low,unknown,p0001;p0002,p0001;p0005;p0006,4;6;1;30;14,3.0,2.0,1.0,0.0,0.3333333333333333,0.5,0.4,0.6666666666666666
hotpotqa_5a7c6bcc55429935c91b519c,hotpotqa,hotpotqa_oncu_200,dense,8,220,40,multi_hop,8000,scattered,low,unknown,p0001;p0002,p0001;p0005;p0006,4;6;1;30;14;35;11;9,3.0,2.0,1.0,0.0,0.3333333333333333,0.5,0.4,0.6666666666666666
hotpotqa_5a7c6bcc55429935c91b519c,hotpotqa,hotpotqa_oncu_200,dense,16,220,40,multi_hop,8000,scattered,low,unknown,p0001;p0002,p0001;p0005;p0006;p0002,4;6;1;30;14;35;11;9;40;3;33;21;39;10;20;43,4.0,2.0,1.0,1.0,0.5,1.0,0.6666666666666666,0.5
hotpotqa_5a7c6bcc55429935c91b519c,hotpotqa,hotpotqa_oncu_200,hybrid,3,220,40,multi_hop,8000,scattered,low,unknown,p0001;p0002,p0001,4;10;39,1.0,2.0,1.0,0.0,1.0,0.5,0.6666666666666666,0.0
hotpotqa_5a7c6bcc55429935c91b519c,hotpotqa,hotpotqa_oncu_200,hybrid,5,220,40,multi_hop,8000,scattered,low,unknown,p0001;p0002,p0001;p0003,4;10;39;12;43,2.0,2.0,1.0,0.0,0.5,0.5,0.5,0.5
hotpotqa_5a7c6bcc55429935c91b519c,hotpotqa,hotpotqa_oncu_200,hybrid,8,220,40,multi_hop,8000,scattered,low,unknown,p0001;p0002,p0001;p0003,4;10;39;12;43;33;9;19,2.0,2.0,1.0,0.0,0.5,0.5,0.5,0.5
hotpotqa_5a7c6bcc55429935c91b519c,hotpotqa,hotpotqa_oncu_200,hybrid,16,220,40,multi_hop,8000,scattered,low,unknown,p0001;p0002,p0001;p0003,4;10;39;12;43;33;9;19;29;3;6;36;41;1;2;30,2.0,2.0,1.0,0.0,0.5,0.5,0.5,0.5
hotpotqa_5a7c6bcc55429935c91b519c,hotpotqa,hotpotqa_oncu_200,iterative,3,220,40,multi_hop,8000,scattered,low,unknown,p0001;p0002,p0001,29;43;4,1.0,2.0,1.0,0.0,1.0,0.5,0.6666666666666666,0.0
hotpotqa_5a7c6bcc55429935c91b519c,hotpotqa,hotpotqa_oncu_200,iterative,5,220,40,multi_hop,8000,scattered,low,unknown,p0001;p0002,p0001,29;43;4;24;0,1.0,2.0,1.0,0.0,1.0,0.5,0.6666666666666666,0.0
hotpotqa_5a7c6bcc55429935c91b519c,hotpotqa,hotpotqa_oncu_200,iterative,8,220,40,multi_hop,8000,scattered,low,unknown,p0001;p0002,p0001;p0003,29;43;4;24;0;34;12;10,2.0,2.0,1.0,0.0,0.5,0.5,0.5,0.5
hotpotqa_5a7c6bcc55429935c91b519c,hotpotqa,hotpotqa_oncu_200,iterative,16,220,40,multi_hop,8000,scattered,low,unknown,p0001;p0002,p0001;p0003;p0004,29;43;4;24;0;34;12;10;19;5;38;39;41;13;36;33,3.0,2.0,1.0,0.0,0.3333333333333333,0.5,0.4,0.6666666666666666
hotpotqa_5a7c6bcc55429935c91b519c,hotpotqa,hotpotqa_oncu_200,oracle,3,220,40,multi_hop,8000,scattered,low,unknown,p0001;p0002,p0001;p0002,0;1,2.0,2.0,1.0,1.0,1.0,1.0,1.0,0.0
hotpotqa_5a7c6bcc55429935c91b519c,hotpotqa,hotpotqa_oncu_200,oracle,5,220,40,multi_hop,8000,scattered,low,unknown,p0001;p0002,p0001;p0002,0;1,2.0,2.0,1.0,1.0,1.0,1.0,1.0,0.0
hotpotqa_5a7c6bcc55429935c91b519c,hotpotqa,hotpotqa_oncu_200,oracle,8,220,40,multi_hop,8000,scattered,low,unknown,p0001;p0002,p0001;p0002,0;1,2.0,2.0,1.0,1.0,1.0,1.0,1.0,0.0
hotpotqa_5a7c6bcc55429935c91b519c,hotpotqa,hotpotqa_oncu_200,oracle,16,220,40,multi_hop,8000,scattered,low,unknown,p0001;p0002,p0001;p0002,0;1,2.0,2.0,1.0,1.0,1.0,1.0,1.0,0.0
hotpotqa_5a72a0be5542992359bc3143,hotpotqa,hotpotqa_oncu_200,lexical,3,220,40,multi_hop,16000,front,low,unknown,p0001;p0002,p0001;p0002,4;3;54,2.0,2.0,1.0,1.0,1.0,1.0,1.0,0.0
hotpotqa_5a72a0be5542992359bc3143,hotpotqa,hotpotqa_oncu_200,lexical,5,220,40,multi_hop,16000,front,low,unknown,p0001;p0002,p0001;p0002,4;3;54;79;21,2.0,2.0,1.0,1.0,1.0,1.0,1.0,0.0
hotpotqa_5a72a0be5542992359bc3143,hotpotqa,hotpotqa_oncu_200,lexical,8,220,40,multi_hop,16000,front,low,unknown,p0001;p0002,p0001;p0002,4;3;54;79;21;83;71;84,2.0,2.0,1.0,1.0,1.0,1.0,1.0,0.0
hotpotqa_5a72a0be5542992359bc3143,hotpotqa,hotpotqa_oncu_200,lexical,16,220,40,multi_hop,16000,front,low,unknown,p0001;p0002,p0001;p0002,4;3;54;79;21;83;71;84;35;9;59;46;58;75;8;50,2.0,2.0,1.0,1.0,1.0,1.0,1.0,0.0
hotpotqa_5a72a0be5542992359bc3143,hotpotqa,hotpotqa_oncu_200,dense,3,220,40,multi_hop,16000,front,low,unknown,p0001;p0002,p0001;p0002,4;50;69,2.0,2.0,1.0,1.0,1.0,1.0,1.0,0.0
hotpotqa_5a72a0be5542992359bc3143,hotpotqa,hotpotqa_oncu_200,dense,5,220,40,multi_hop,16000,front,low,unknown,p0001;p0002,p0001;p0002,4;50;69;79;83,2.0,2.0,1.0,1.0,1.0,1.0,1.0,0.0
hotpotqa_5a72a0be5542992359bc3143,hotpotqa,hotpotqa_oncu_200,dense,8,220,40,multi_hop,16000,front,low,unknown,p0001;p0002,p0001;p0002,4;50;69;79;83;54;73;71,2.0,2.0,1.0,1.0,1.0,1.0,1.0,0.0
hotpotqa_5a72a0be5542992359bc3143,hotpotqa,hotpotqa_oncu_200,dense,16,220,40,multi_hop,16000,front,low,unknown,p0001;p0002,p0001;p0002,4;50;69;79;83;54;73;71;75;46;8;44;48;21;23;33,2.0,2.0,1.0,1.0,1.0,1.0,1.0,0.0
hotpotqa_5a72a0be5542992359bc3143,hotpotqa,hotpotqa_oncu_200,hybrid,3,220,40,multi_hop,16000,front,low,unknown,p0001;p0002,p0001;p0002,4;79;54,2.0,2.0,1.0,1.0,1.0,1.0,1.0,0.0
hotpotqa_5a72a0be5542992359bc3143,hotpotqa,hotpotqa_oncu_200,hybrid,5,220,40,multi_hop,16000,front,low,unknown,p0001;p0002,p0001;p0002,4;79;54;83;71,2.0,2.0,1.0,1.0,1.0,1.0,1.0,0.0
hotpotqa_5a72a0be5542992359bc3143,hotpotqa,hotpotqa_oncu_200,hybrid,8,220,40,multi_hop,16000,front,low,unknown,p0001;p0002,p0001;p0002,4;79;54;83;71;50;21;46,2.0,2.0,1.0,1.0,1.0,1.0,1.0,0.0
hotpotqa_5a72a0be5542992359bc3143,hotpotqa,hotpotqa_oncu_200,hybrid,16,220,40,multi_hop,16000,front,low,unknown,p0001;p0002,p0001;p0002,4;79;54;83;71;50;21;46;75;8;58;33;34;73;69;3,2.0,2.0,1.0,1.0,1.0,1.0,1.0,0.0
hotpotqa_5a72a0be5542992359bc3143,hotpotqa,hotpotqa_oncu_200,iterative,3,220,40,multi_hop,16000,front,low,unknown,p0001;p0002,p0001;p0002,4;3;21,2.0,2.0,1.0,1.0,1.0,1.0,1.0,0.0
hotpotqa_5a72a0be5542992359bc3143,hotpotqa,hotpotqa_oncu_200,iterative,5,220,40,multi_hop,16000,front,low,unknown,p0001;p0002,p0001;p0002,4;3;21;54;79,2.0,2.0,1.0,1.0,1.0,1.0,1.0,0.0
hotpotqa_5a72a0be5542992359bc3143,hotpotqa,hotpotqa_oncu_200,iterative,8,220,40,multi_hop,16000,front,low,unknown,p0001;p0002,p0001;p0002,4;3;21;54;79;71;83;75,2.0,2.0,1.0,1.0,1.0,1.0,1.0,0.0
hotpotqa_5a72a0be5542992359bc3143,hotpotqa,hotpotqa_oncu_200,iterative,16,220,40,multi_hop,16000,front,low,unknown,p0001;p0002,p0001;p0002;p0004;p0005,4;3;21;54;79;71;83;75;50;46;58;8;33;25;28;84,4.0,2.0,1.0,1.0,0.5,1.0,0.6666666666666666,0.5
hotpotqa_5a72a0be5542992359bc3143,hotpotqa,hotpotqa_oncu_200,oracle,3,220,40,multi_hop,16000,front,low,unknown,p0001;p0002,p0001;p0002,0;1,2.0,2.0,1.0,1.0,1.0,1.0,1.0,0.0
hotpotqa_5a72a0be5542992359bc3143,hotpotqa,hotpotqa_oncu_200,oracle,5,220,40,multi_hop,16000,front,low,unknown,p0001;p0002,p0001;p0002,0;1,2.0,2.0,1.0,1.0,1.0,1.0,1.0,0.0
hotpotqa_5a72a0be5542992359bc3143,hotpotqa,hotpotqa_oncu_200,oracle,8,220,40,multi_hop,16000,front,low,unknown,p0001;p0002,p0001;p0002,0;1,2.0,2.0,1.0,1.0,1.0,1.0,1.0,0.0
hotpotqa_5a72a0be5542992359bc3143,hotpotqa,hotpotqa_oncu_200,oracle,16,220,40,multi_hop,16000,front,low,unknown,p0001;p0002,p0001;p0002,0;1,2.0,2.0,1.0,1.0,1.0,1.0,1.0,0.0
hotpotqa_5ade15f35542997545bbbe47,hotpotqa,hotpotqa_oncu_200,lexical,3,220,40,multi_hop,4000,middle,low,unknown,p0001;p0002,,16;12;5,0.0,2.0,0.0,0.0,0.0,0.0,0.0,0.0
hotpotqa_5ade15f35542997545bbbe47,hotpotqa,hotpotqa_oncu_200,lexical,5,220,40,multi_hop,4000,middle,low,unknown,p0001;p0002,p0001;p0002,16;12;5;10;2,2.0,2.0,1.0,1.0,1.0,1.0,1.0,0.0
hotpotqa_5ade15f35542997545bbbe47,hotpotqa,hotpotqa_oncu_200,lexical,8,220,40,multi_hop,4000,middle,low,unknown,p0001;p0002,p0001;p0002;p0009;p0010;p0011;p0012,16;12;5;10;2;15;3;8,6.0,2.0,1.0,1.0,0.3333333333333333,1.0,0.5,0.6666666666666666
hotpotqa_5ade15f35542997545bbbe47,hotpotqa,hotpotqa_oncu_200,lexical,16,220,40,multi_hop,4000,middle,low,unknown,p0001;p0002,p0001;p0002;p0009;p0010;p0011;p0012;p0003;p0005;p0006,16;12;5;10;2;15;3;8;19;20;6;13;0;17;14;1,9.0,2.0,1.0,1.0,0.2222222222222222,1.0,0.3636363636363636,0.7777777777777778
hotpotqa_5ade15f35542997545bbbe47,hotpotqa,hotpotqa_oncu_200,dense,3,220,40,multi_hop,4000,middle,low,unknown,p0001;p0002,,5;2;19,0.0,2.0,0.0,0.0,0.0,0.0,0.0,0.0
hotpotqa_5ade15f35542997545bbbe47,hotpotqa,hotpotqa_oncu_200,dense,5,220,40,multi_hop,4000,middle,low,unknown,p0001;p0002,p0009;p0010;p0011;p0012,5;2;19;8;12,4.0,2.0,0.0,0.0,0.0,0.0,0.0,1.0
hotpotqa_5ade15f35542997545bbbe47,hotpotqa,hotpotqa_oncu_200,dense,8,220,40,multi_hop,4000,middle,low,unknown,p0001;p0002,p0009;p0010;p0011;p0012,5;2;19;8;12;16;3;20,4.0,2.0,0.0,0.0,0.0,0.0,0.0,1.0
hotpotqa_5ade15f35542997545bbbe47,hotpotqa,hotpotqa_oncu_200,dense,16,220,40,multi_hop,4000,middle,low,unknown,p0001;p0002,p0009;p0010;p0011;p0012;p0001;p0002;p0003;p0005;p0006,5;2;19;8;12;16;3;20;11;10;17;6;0;13;14;15,9.0,2.0,1.0,1.0,0.2222222222222222,1.0,0.3636363636363636,0.7777777777777778
hotpotqa_5ade15f35542997545bbbe47,hotpotqa,hotpotqa_oncu_200,hybrid,3,220,40,multi_hop,4000,middle,low,unknown,p0001;p0002,,5;16;2,0.0,2.0,0.0,0.0,0.0,0.0,0.0,0.0
hotpotqa_5ade15f35542997545bbbe47,hotpotqa,hotpotqa_oncu_200,hybrid,5,220,40,multi_hop,4000,middle,low,unknown,p0001;p0002,,5;16;2;12;19,0.0,2.0,0.0,0.0,0.0,0.0,0.0,0.0
hotpotqa_5ade15f35542997545bbbe47,hotpotqa,hotpotqa_oncu_200,hybrid,8,220,40,multi_hop,4000,middle,low,unknown,p0001;p0002,p0009;p0010;p0011;p0012;p0001;p0002,5;16;2;12;19;8;10;3,6.0,2.0,1.0,1.0,0.3333333333333333,1.0,0.5,0.6666666666666666
hotpotqa_5ade15f35542997545bbbe47,hotpotqa,hotpotqa_oncu_200,hybrid,16,220,40,multi_hop,4000,middle,low,unknown,p0001;p0002,p0009;p0010;p0011;p0012;p0001;p0002;p0003;p0005;p0006,5;16;2;12;19;8;10;3;20;15;6;17;13;0;11;14,9.0,2.0,1.0,1.0,0.2222222222222222,1.0,0.3636363636363636,0.7777777777777778
hotpotqa_5ade15f35542997545bbbe47,hotpotqa,hotpotqa_oncu_200,iterative,3,220,40,multi_hop,4000,middle,low,unknown,p0001;p0002,,16;5;12,0.0,2.0,0.0,0.0,0.0,0.0,0.0,0.0
hotpotqa_5ade15f35542997545bbbe47,hotpotqa,hotpotqa_oncu_200,iterative,5,220,40,multi_hop,4000,middle,low,unknown,p0001;p0002,,16;5;12;2;19,0.0,2.0,0.0,0.0,0.0,0.0,0.0,0.0
hotpotqa_5ade15f35542997545bbbe47,hotpotqa,hotpotqa_oncu_200,iterative,8,220,40,multi_hop,4000,middle,low,unknown,p0001;p0002,p0001;p0002;p0009;p0010;p0011;p0012,16;5;12;2;19;15;10;8,6.0,2.0,1.0,1.0,0.3333333333333333,1.0,0.5,0.6666666666666666
hotpotqa_5ade15f35542997545bbbe47,hotpotqa,hotpotqa_oncu_200,iterative,16,220,40,multi_hop,4000,middle,low,unknown,p0001;p0002,p0001;p0002;p0009;p0010;p0011;p0012;p0003;p0005;p0006,16;5;12;2;19;15;10;8;3;13;6;20;0;17;14;11,9.0,2.0,1.0,1.0,0.2222222222222222,1.0,0.3636363636363636,0.7777777777777778
hotpotqa_5ade15f35542997545bbbe47,hotpotqa,hotpotqa_oncu_200,oracle,3,220,40,multi_hop,4000,middle,low,unknown,p0001;p0002,p0001;p0002,0;1,2.0,2.0,1.0,1.0,1.0,1.0,1.0,0.0
hotpotqa_5ade15f35542997545bbbe47,hotpotqa,hotpotqa_oncu_200,oracle,5,220,40,multi_hop,4000,middle,low,unknown,p0001;p0002,p0001;p0002,0;1,2.0,2.0,1.0,1.0,1.0,1.0,1.0,0.0
hotpotqa_5ade15f35542997545bbbe47,hotpotqa,hotpotqa_oncu_200,oracle,8,220,40,multi_hop,4000,middle,low,unknown,p0001;p0002,p0001;p0002,0;1,2.0,2.0,1.0,1.0,1.0,1.0,1.0,0.0
hotpotqa_5ade15f35542997545bbbe47,hotpotqa,hotpotqa_oncu_200,oracle,16,220,40,multi_hop,4000,middle,low,unknown,p0001;p0002,p0001;p0002,0;1,2.0,2.0,1.0,1.0,1.0,1.0,1.0,0.0
hotpotqa_5a7f5c9f55429969796c1a0f,hotpotqa,hotpotqa_oncu_200,lexical,3,220,40,multi_hop,8000,end,low,unknown,p0001;p0002,,0;19;30,0.0,2.0,0.0,0.0,0.0,0.0,0.0,0.0
hotpotqa_5a7f5c9f55429969796c1a0f,hotpotqa,hotpotqa_oncu_200,lexical,5,220,40,multi_hop,8000,end,low,unknown,p0001;p0002,p0001;p0002,0;19;30;4;38,2.0,2.0,1.0,1.0,1.0,1.0,1.0,0.0
hotpotqa_5a7f5c9f55429969796c1a0f,hotpotqa,hotpotqa_oncu_200,lexical,8,220,40,multi_hop,8000,end,low,unknown,p0001;p0002,p0001;p0002,0;19;30;4;38;34;3;33,2.0,2.0,1.0,1.0,1.0,1.0,1.0,0.0
hotpotqa_5a7f5c9f55429969796c1a0f,hotpotqa,hotpotqa_oncu_200,lexical,16,220,40,multi_hop,8000,end,low,unknown,p0001;p0002,p0001;p0002,0;19;30;4;38;34;3;33;12;27;11;23;18;42;31;8,2.0,2.0,1.0,1.0,1.0,1.0,1.0,0.0
hotpotqa_5a7f5c9f55429969796c1a0f,hotpotqa,hotpotqa_oncu_200,dense,3,220,40,multi_hop,8000,end,low,unknown,p0001;p0002,p0001;p0002,38;4;34,2.0,2.0,1.0,1.0,1.0,1.0,1.0,0.0
hotpotqa_5a7f5c9f55429969796c1a0f,hotpotqa,hotpotqa_oncu_200,dense,5,220,40,multi_hop,8000,end,low,unknown,p0001;p0002,p0001;p0002,38;4;34;19;27,2.0,2.0,1.0,1.0,1.0,1.0,1.0,0.0
hotpotqa_5a7f5c9f55429969796c1a0f,hotpotqa,hotpotqa_oncu_200,dense,8,220,40,multi_hop,8000,end,low,unknown,p0001;p0002,p0001;p0002;p0006;p0007;p0009,38;4;34;19;27;12;23;14,5.0,2.0,1.0,1.0,0.4,1.0,0.5714285714285715,0.6
hotpotqa_5a7f5c9f55429969796c1a0f,hotpotqa,hotpotqa_oncu_200,dense,16,220,40,multi_hop,8000,end,low,unknown,p0001;p0002,p0001;p0002;p0006;p0007;p0009,38;4;34;19;27;12;23;14;8;42;31;1;0;30;20;5,5.0,2.0,1.0,1.0,0.4,1.0,0.5714285714285715,0.6
hotpotqa_5a7f5c9f55429969796c1a0f,hotpotqa,hotpotqa_oncu_200,hybrid,3,220,40,multi_hop,8000,end,low,unknown,p0001;p0002,p0001;p0002,38;4;19,2.0,2.0,1.0,1.0,1.0,1.0,1.0,0.0
hotpotqa_5a7f5c9f55429969796c1a0f,hotpotqa,hotpotqa_oncu_200,hybrid,5,220,40,multi_hop,8000,end,low,unknown,p0001;p0002,p0001;p0002,38;4;19;34;0,2.0,2.0,1.0,1.0,1.0,1.0,1.0,0.0
hotpotqa_5a7f5c9f55429969796c1a0f,hotpotqa,hotpotqa_oncu_200,hybrid,8,220,40,multi_hop,8000,end,low,unknown,p0001;p0002,p0001;p0002,38;4;19;34;0;27;12;30,2.0,2.0,1.0,1.0,1.0,1.0,1.0,0.0
hotpotqa_5a7f5c9f55429969796c1a0f,hotpotqa,hotpotqa_oncu_200,hybrid,16,220,40,multi_hop,8000,end,low,unknown,p0001;p0002,p0001;p0002;p0006;p0007;p0009,38;4;19;34;0;27;12;30;23;42;14;8;31;1;3;7,5.0,2.0,1.0,1.0,0.4,1.0,0.5714285714285715,0.6
hotpotqa_5a7f5c9f55429969796c1a0f,hotpotqa,hotpotqa_oncu_200,iterative,3,220,40,multi_hop,8000,end,low,unknown,p0001;p0002,,0;30;19,0.0,2.0,0.0,0.0,0.0,0.0,0.0,0.0
hotpotqa_5a7f5c9f55429969796c1a0f,hotpotqa,hotpotqa_oncu_200,iterative,5,220,40,multi_hop,8000,end,low,unknown,p0001;p0002,,0;30;19;11;4,0.0,2.0,0.0,0.0,0.0,0.0,0.0,0.0
hotpotqa_5a7f5c9f55429969796c1a0f,hotpotqa,hotpotqa_oncu_200,iterative,8,220,40,multi_hop,8000,end,low,unknown,p0001;p0002,p0001;p0002,0;30;19;11;4;34;3;38,2.0,2.0,1.0,1.0,1.0,1.0,1.0,0.0
hotpotqa_5a7f5c9f55429969796c1a0f,hotpotqa,hotpotqa_oncu_200,iterative,16,220,40,multi_hop,8000,end,low,unknown,p0001;p0002,p0001;p0002,0;30;19;11;4;34;3;38;33;26;7;37;41;23;18;22,2.0,2.0,1.0,1.0,1.0,1.0,1.0,0.0
hotpotqa_5a7f5c9f55429969796c1a0f,hotpotqa,hotpotqa_oncu_200,oracle,3,220,40,multi_hop,8000,end,low,unknown,p0001;p0002,p0001;p0002,0;1,2.0,2.0,1.0,1.0,1.0,1.0,1.0,0.0
hotpotqa_5a7f5c9f55429969796c1a0f,hotpotqa,hotpotqa_oncu_200,oracle,5,220,40,multi_hop,8000,end,low,unknown,p0001;p0002,p0001;p0002,0;1,2.0,2.0,1.0,1.0,1.0,1.0,1.0,0.0
hotpotqa_5a7f5c9f55429969796c1a0f,hotpotqa,hotpotqa_oncu_200,oracle,8,220,40,multi_hop,8000,end,low,unknown,p0001;p0002,p0001;p0002,0;1,2.0,2.0,1.0,1.0,1.0,1.0,1.0,0.0
hotpotqa_5a7f5c9f55429969796c1a0f,hotpotqa,hotpotqa_oncu_200,oracle,16,220,40,multi_hop,8000,end,low,unknown,p0001;p0002,p0001;p0002,0;1,2.0,2.0,1.0,1.0,1.0,1.0,1.0,0.0
hotpotqa_5a8e3dc05542995085b37401,hotpotqa,hotpotqa_oncu_200,lexical,3,220,40,comparison,16000,scattered,medium,unknown,p0001;p0002;p0003,p0001,8;27;39,1.0,3.0,1.0,0.0,1.0,0.3333333333333333,0.5,0.0
hotpotqa_5a8e3dc05542995085b37401,hotpotqa,hotpotqa_oncu_200,lexical,5,220,40,comparison,16000,scattered,medium,unknown,p0001;p0002;p0003,p0001,8;27;39;74;4,1.0,3.0,1.0,0.0,1.0,0.3333333333333333,0.5,0.0
hotpotqa_5a8e3dc05542995085b37401,hotpotqa,hotpotqa_oncu_200,lexical,8,220,40,comparison,16000,scattered,medium,unknown,p0001;p0002;p0003,p0001,8;27;39;74;4;54;33;36,1.0,3.0,1.0,0.0,1.0,0.3333333333333333,0.5,0.0
hotpotqa_5a8e3dc05542995085b37401,hotpotqa,hotpotqa_oncu_200,lexical,16,220,40,comparison,16000,scattered,medium,unknown,p0001;p0002;p0003,p0001,8;27;39;74;4;54;33;36;10;7;57;68;21;71;24;86,1.0,3.0,1.0,0.0,1.0,0.3333333333333333,0.5,0.0
hotpotqa_5a8e3dc05542995085b37401,hotpotqa,hotpotqa_oncu_200,dense,3,220,40,comparison,16000,scattered,medium,unknown,p0001;p0002;p0003,p0001;p0009;p0010;p0012,8;30;78,4.0,3.0,1.0,0.0,0.25,0.3333333333333333,0.28571428571428575,0.75
hotpotqa_5a8e3dc05542995085b37401,hotpotqa,hotpotqa_oncu_200,dense,5,220,40,comparison,16000,scattered,medium,unknown,p0001;p0002;p0003,p0001;p0009;p0010;p0012,8;30;78;16;63,4.0,3.0,1.0,0.0,0.25,0.3333333333333333,0.28571428571428575,0.75
hotpotqa_5a8e3dc05542995085b37401,hotpotqa,hotpotqa_oncu_200,dense,8,220,40,comparison,16000,scattered,medium,unknown,p0001;p0002;p0003,p0001;p0009;p0010;p0012,8;30;78;16;63;81;19;66,4.0,3.0,1.0,0.0,0.25,0.3333333333333333,0.28571428571428575,0.75
hotpotqa_5a8e3dc05542995085b37401,hotpotqa,hotpotqa_oncu_200,dense,16,220,40,comparison,16000,scattered,medium,unknown,p0001;p0002;p0003,p0001;p0009;p0010;p0012,8;30;78;16;63;81;19;66;11;52;55;9;43;46;13;60,4.0,3.0,1.0,0.0,0.25,0.3333333333333333,0.28571428571428575,0.75
hotpotqa_5a8e3dc05542995085b37401,hotpotqa,hotpotqa_oncu_200,hybrid,3,220,40,comparison,16000,scattered,medium,unknown,p0001;p0002;p0003,p0001,8;16;63,1.0,3.0,1.0,0.0,1.0,0.3333333333333333,0.5,0.0
hotpotqa_5a8e3dc05542995085b37401,hotpotqa,hotpotqa_oncu_200,hybrid,5,220,40,comparison,16000,scattered,medium,unknown,p0001;p0002;p0003,p0001,8;16;63;81;27,1.0,3.0,1.0,0.0,1.0,0.3333333333333333,0.5,0.0
hotpotqa_5a8e3dc05542995085b37401,hotpotqa,hotpotqa_oncu_200,hybrid,8,220,40,comparison,16000,scattered,medium,unknown,p0001;p0002;p0003,p0001;p0009;p0010;p0012,8;16;63;81;27;30;78;19,4.0,3.0,1.0,0.0,0.25,0.3333333333333333,0.28571428571428575,0.75
hotpotqa_5a8e3dc05542995085b37401,hotpotqa,hotpotqa_oncu_200,hybrid,16,220,40,comparison,16000,scattered,medium,unknown,p0001;p0002;p0003,p0001;p0009;p0010;p0012,8;16;63;81;27;30;78;19;71;10;66;74;33;13;24;21,4.0,3.0,1.0,0.0,0.25,0.3333333333333333,0.28571428571428575,0.75
hotpotqa_5a8e3dc05542995085b37401,hotpotqa,hotpotqa_oncu_200,iterative,3,220,40,comparison,16000,scattered,medium,unknown,p0001;p0002;p0003,p0001;p0012;p0013,8;87;31,3.0,3.0,1.0,0.0,0.3333333333333333,0.3333333333333333,0.3333333333333333,0.6666666666666666
hotpotqa_5a8e3dc05542995085b37401,hotpotqa,hotpotqa_oncu_200,iterative,5,220,40,comparison,16000,scattered,medium,unknown,p0001;p0002;p0003,p0001;p0012;p0013,8;87;31;34;37,3.0,3.0,1.0,0.0,0.3333333333333333,0.3333333333333333,0.3333333333333333,0.6666666666666666
hotpotqa_5a8e3dc05542995085b37401,hotpotqa,hotpotqa_oncu_200,iterative,8,220,40,comparison,16000,scattered,medium,unknown,p0001;p0002;p0003,p0001;p0012;p0013,8;87;31;34;37;49;4;54,3.0,3.0,1.0,0.0,0.3333333333333333,0.3333333333333333,0.3333333333333333,0.6666666666666666
hotpotqa_5a8e3dc05542995085b37401,hotpotqa,hotpotqa_oncu_200,iterative,16,220,40,comparison,16000,scattered,medium,unknown,p0001;p0002;p0003,p0001;p0012;p0013,8;87;31;34;37;49;4;54;75;10;39;72;43;27;25;7,3.0,3.0,1.0,0.0,0.3333333333333333,0.3333333333333333,0.3333333333333333,0.6666666666666666
hotpotqa_5a8e3dc05542995085b37401,hotpotqa,hotpotqa_oncu_200,oracle,3,220,40,comparison,16000,scattered,medium,unknown,p0001;p0002;p0003,p0001;p0002;p0003,0;1;2,3.0,3.0,1.0,1.0,1.0,1.0,1.0,0.0
hotpotqa_5a8e3dc05542995085b37401,hotpotqa,hotpotqa_oncu_200,oracle,5,220,40,comparison,16000,scattered,medium,unknown,p0001;p0002;p0003,p0001;p0002;p0003,0;1;2,3.0,3.0,1.0,1.0,1.0,1.0,1.0,0.0
hotpotqa_5a8e3dc05542995085b37401,hotpotqa,hotpotqa_oncu_200,oracle,8,220,40,comparison,16000,scattered,medium,unknown,p0001;p0002;p0003,p0001;p0002;p0003,0;1;2,3.0,3.0,1.0,1.0,1.0,1.0,1.0,0.0
hotpotqa_5a8e3dc05542995085b37401,hotpotqa,hotpotqa_oncu_200,oracle,16,220,40,comparison,16000,scattered,medium,unknown,p0001;p0002;p0003,p0001;p0002;p0003,0;1;2,3.0,3.0,1.0,1.0,1.0,1.0,1.0,0.0
hotpotqa_5ab5f854554299637185c64e,hotpotqa,hotpotqa_oncu_200,lexical,3,220,40,multi_hop,4000,front,low,unknown,p0001;p0002,p0006;p0007;p0009,13;17;7,3.0,2.0,0.0,0.0,0.0,0.0,0.0,1.0
hotpotqa_5ab5f854554299637185c64e,hotpotqa,hotpotqa_oncu_200,lexical,5,220,40,multi_hop,4000,front,low,unknown,p0001;p0002,p0006;p0007;p0009;p0003,13;17;7;12;5,4.0,2.0,0.0,0.0,0.0,0.0,0.0,1.0
hotpotqa_5ab5f854554299637185c64e,hotpotqa,hotpotqa_oncu_200,lexical,8,220,40,multi_hop,4000,front,low,unknown,p0001;p0002,p0006;p0007;p0009;p0003;p0001;p0002,13;17;7;12;5;0;19;21,6.0,2.0,1.0,1.0,0.3333333333333333,1.0,0.5,0.6666666666666666
hotpotqa_5ab5f854554299637185c64e,hotpotqa,hotpotqa_oncu_200,lexical,16,220,40,multi_hop,4000,front,low,unknown,p0001;p0002,p0006;p0007;p0009;p0003;p0001;p0002;p0011;p0004;p0005,13;17;7;12;5;0;19;21;1;9;15;11;20;16;4;6,9.0,2.0,1.0,1.0,0.2222222222222222,1.0,0.3636363636363636,0.7777777777777778
hotpotqa_5ab5f854554299637185c64e,hotpotqa,hotpotqa_oncu_200,dense,3,220,40,multi_hop,4000,front,low,unknown,p0001;p0002,p0006;p0007;p0009;p0001;p0002,7;0;1,5.0,2.0,1.0,1.0,0.4,1.0,0.5714285714285715,0.6
hotpotqa_5ab5f854554299637185c64e,hotpotqa,hotpotqa_oncu_200,dense,5,220,40,multi_hop,4000,front,low,unknown,p0001;p0002,p0006;p0007;p0009;p0001;p0002;p0011,7;0;1;20;9,6.0,2.0,1.0,1.0,0.3333333333333333,1.0,0.5,0.6666666666666666
hotpotqa_5ab5f854554299637185c64e,hotpotqa,hotpotqa_oncu_200,dense,8,220,40,multi_hop,4000,front,low,unknown,p0001;p0002,p0006;p0007;p0009;p0001;p0002;p0011;p0004;p0005,7;0;1;20;9;12;6;13,8.0,2.0,1.0,1.0,0.25,1.0,0.4,0.75
hotpotqa_5ab5f854554299637185c64e,hotpotqa,hotpotqa_oncu_200,dense,16,220,40,multi_hop,4000,front,low,unknown,p0001;p0002,p0006;p0007;p0009;p0001;p0002;p0011;p0004;p0005;p0003,7;0;1;20;9;12;6;13;18;5;19;15;17;3;4;11,9.0,2.0,1.0,1.0,0.2222222222222222,1.0,0.3636363636363636,0.7777777777777778
hotpotqa_5ab5f854554299637185c64e,hotpotqa,hotpotqa_oncu_200,hybrid,3,220,40,multi_hop,4000,front,low,unknown,p0001;p0002,p0006;p0007;p0009;p0001;p0002,7;0;13,5.0,2.0,1.0,1.0,0.4,1.0,0.5714285714285715,0.6
hotpotqa_5ab5f854554299637185c64e,hotpotqa,hotpotqa_oncu_200,hybrid,5,220,40,multi_hop,4000,front,low,unknown,p0001;p0002,p0006;p0007;p0009;p0001;p0002,7;0;13;12;1,5.0,2.0,1.0,1.0,0.4,1.0,0.5714285714285715,0.6
hotpotqa_5ab5f854554299637185c64e,hotpotqa,hotpotqa_oncu_200,hybrid,8,220,40,multi_hop,4000,front,low,unknown,p0001;p0002,p0006;p0007;p0009;p0001;p0002;p0003;p0011,7;0;13;12;1;17;5;9,7.0,2.0,1.0,1.0,0.2857142857142857,1.0,0.4444444444444445,0.7142857142857143
hotpotqa_5ab5f854554299637185c64e,hotpotqa,hotpotqa_oncu_200,hybrid,16,220,40,multi_hop,4000,front,low,unknown,p0001;p0002,p0006;p0007;p0009;p0001;p0002;p0003;p0011;p0004;p0005,7;0;13;12;1;17;5;9;20;19;6;15;21;18;11;4,9.0,2.0,1.0,1.0,0.2222222222222222,1.0,0.3636363636363636,0.7777777777777778
hotpotqa_5ab5f854554299637185c64e,hotpotqa,hotpotqa_oncu_200,iterative,3,220,40,multi_hop,4000,front,low,unknown,p0001;p0002,p0006;p0007;p0009;p0003,13;7;5,4.0,2.0,0.0,0.0,0.0,0.0,0.0,1.0
hotpotqa_5ab5f854554299637185c64e,hotpotqa,hotpotqa_oncu_200,iterative,5,220,40,multi_hop,4000,front,low,unknown,p0001;p0002,p0006;p0007;p0009;p0003,13;7;5;1;17,4.0,2.0,0.0,0.0,0.0,0.0,0.0,1.0
hotpotqa_5ab5f854554299637185c64e,hotpotqa,hotpotqa_oncu_200,iterative,8,220,40,multi_hop,4000,front,low,unknown,p0001;p0002,p0006;p0007;p0009;p0003;p0001;p0002,13;7;5;1;17;12;20;0,6.0,2.0,1.0,1.0,0.3333333333333333,1.0,0.5,0.6666666666666666
hotpotqa_5ab5f854554299637185c64e,hotpotqa,hotpotqa_oncu_200,iterative,16,220,40,multi_hop,4000,front,low,unknown,p0001;p0002,p0006;p0007;p0009;p0003;p0001;p0002;p0011;p0004;p0005,13;7;5;1;17;12;20;0;16;19;21;9;4;15;6;11,9.0,2.0,1.0,1.0,0.2222222222222222,1.0,0.3636363636363636,0.7777777777777778
hotpotqa_5ab5f854554299637185c64e,hotpotqa,hotpotqa_oncu_200,oracle,3,220,40,multi_hop,4000,front,low,unknown,p0001;p0002,p0001;p0002,0;1,2.0,2.0,1.0,1.0,1.0,1.0,1.0,0.0
hotpotqa_5ab5f854554299637185c64e,hotpotqa,hotpotqa_oncu_200,oracle,5,220,40,multi_hop,4000,front,low,unknown,p0001;p0002,p0001;p0002,0;1,2.0,2.0,1.0,1.0,1.0,1.0,1.0,0.0
hotpotqa_5ab5f854554299637185c64e,hotpotqa,hotpotqa_oncu_200,oracle,8,220,40,multi_hop,4000,front,low,unknown,p0001;p0002,p0001;p0002,0;1,2.0,2.0,1.0,1.0,1.0,1.0,1.0,0.0
hotpotqa_5ab5f854554299637185c64e,hotpotqa,hotpotqa_oncu_200,oracle,16,220,40,multi_hop,4000,front,low,unknown,p0001;p0002,p0001;p0002,0;1,2.0,2.0,1.0,1.0,1.0,1.0,1.0,0.0
hotpotqa_5ab808ea5542991d3222380e,hotpotqa,hotpotqa_oncu_200,lexical,3,220,40,multi_hop,8000,middle,low,unknown,p0001;p0002,,32;12;42,0.0,2.0,0.0,0.0,0.0,0.0,0.0,0.0
hotpotqa_5ab808ea5542991d3222380e,hotpotqa,hotpotqa_oncu_200,lexical,5,220,40,multi_hop,8000,middle,low,unknown,p0001;p0002,,32;12;42;29;2,0.0,2.0,0.0,0.0,0.0,0.0,0.0,0.0
hotpotqa_5ab808ea5542991d3222380e,hotpotqa,hotpotqa_oncu_200,lexical,8,220,40,multi_hop,8000,middle,low,unknown,p0001;p0002,,32;12;42;29;2;9;19;39,0.0,2.0,0.0,0.0,0.0,0.0,0.0,0.0
hotpotqa_5ab808ea5542991d3222380e,hotpotqa,hotpotqa_oncu_200,lexical,16,220,40,multi_hop,8000,middle,low,unknown,p0001;p0002,p0001;p0002;p0012,32;12;42;29;2;9;19;39;22;26;36;6;5;35;16;25,3.0,2.0,1.0,1.0,0.6666666666666666,1.0,0.8,0.3333333333333333
hotpotqa_5ab808ea5542991d3222380e,hotpotqa,hotpotqa_oncu_200,dense,3,220,40,multi_hop,8000,middle,low,unknown,p0001;p0002,p0001;p0002,22;29;32,2.0,2.0,1.0,1.0,1.0,1.0,1.0,0.0
hotpotqa_5ab808ea5542991d3222380e,hotpotqa,hotpotqa_oncu_200,dense,5,220,40,multi_hop,8000,middle,low,unknown,p0001;p0002,p0001;p0002,22;29;32;2;12,2.0,2.0,1.0,1.0,1.0,1.0,1.0,0.0
hotpotqa_5ab808ea5542991d3222380e,hotpotqa,hotpotqa_oncu_200,dense,8,220,40,multi_hop,8000,middle,low,unknown,p0001;p0002,p0001;p0002,22;29;32;2;12;9;19;39,2.0,2.0,1.0,1.0,1.0,1.0,1.0,0.0
hotpotqa_5ab808ea5542991d3222380e,hotpotqa,hotpotqa_oncu_200,dense,16,220,40,multi_hop,8000,middle,low,unknown,p0001;p0002,p0001;p0002,22;29;32;2;12;9;19;39;42;5;25;35;31;1;21;11,2.0,2.0,1.0,1.0,1.0,1.0,1.0,0.0
hotpotqa_5ab808ea5542991d3222380e,hotpotqa,hotpotqa_oncu_200,hybrid,3,220,40,multi_hop,8000,middle,low,unknown,p0001;p0002,,32;29;12,0.0,2.0,0.0,0.0,0.0,0.0,0.0,0.0
hotpotqa_5ab808ea5542991d3222380e,hotpotqa,hotpotqa_oncu_200,hybrid,5,220,40,multi_hop,8000,middle,low,unknown,p0001;p0002,p0001;p0002,32;29;12;2;22,2.0,2.0,1.0,1.0,1.0,1.0,1.0,0.0
hotpotqa_5ab808ea5542991d3222380e,hotpotqa,hotpotqa_oncu_200,hybrid,8,220,40,multi_hop,8000,middle,low,unknown,p0001;p0002,p0001;p0002,32;29;12;2;22;42;9;19,2.0,2.0,1.0,1.0,1.0,1.0,1.0,0.0
hotpotqa_5ab808ea5542991d3222380e,hotpotqa,hotpotqa_oncu_200,hybrid,16,220,40,multi_hop,8000,middle,low,unknown,p0001;p0002,p0001;p0002;p0012,32;29;12;2;22;42;9;19;39;5;35;25;36;38;16;6,3.0,2.0,1.0,1.0,0.6666666666666666,1.0,0.8,0.3333333333333333
hotpotqa_5ab808ea5542991d3222380e,hotpotqa,hotpotqa_oncu_200,iterative,3,220,40,multi_hop,8000,middle,low,unknown,p0001;p0002,,32;2;12,0.0,2.0,0.0,0.0,0.0,0.0,0.0,0.0
hotpotqa_5ab808ea5542991d3222380e,hotpotqa,hotpotqa_oncu_200,iterative,5,220,40,multi_hop,8000,middle,low,unknown,p0001;p0002,,32;2;12;42;5,0.0,2.0,0.0,0.0,0.0,0.0,0.0,0.0
hotpotqa_5ab808ea5542991d3222380e,hotpotqa,hotpotqa_oncu_200,iterative,8,220,40,multi_hop,8000,middle,low,unknown,p0001;p0002,,32;2;12;42;5;35;29;25,0.0,2.0,0.0,0.0,0.0,0.0,0.0,0.0
hotpotqa_5ab808ea5542991d3222380e,hotpotqa,hotpotqa_oncu_200,iterative,16,220,40,multi_hop,8000,middle,low,unknown,p0001;p0002,p0001;p0002;p0009;p0010;p0011,32;2;12;42;5;35;29;25;22;38;9;18;8;19;39;15,5.0,2.0,1.0,1.0,0.4,1.0,0.5714285714285715,0.6
hotpotqa_5ab808ea5542991d3222380e,hotpotqa,hotpotqa_oncu_200,oracle,3,220,40,multi_hop,8000,middle,low,unknown,p0001;p0002,p0001;p0002,0;1,2.0,2.0,1.0,1.0,1.0,1.0,1.0,0.0
hotpotqa_5ab808ea5542991d3222380e,hotpotqa,hotpotqa_oncu_200,oracle,5,220,40,multi_hop,8000,middle,low,unknown,p0001;p0002,p0001;p0002,0;1,2.0,2.0,1.0,1.0,1.0,1.0,1.0,0.0
hotpotqa_5ab808ea5542991d3222380e,hotpotqa,hotpotqa_oncu_200,oracle,8,220,40,multi_hop,8000,middle,low,unknown,p0001;p0002,p0001;p0002,0;1,2.0,2.0,1.0,1.0,1.0,1.0,1.0,0.0
hotpotqa_5ab808ea5542991d3222380e,hotpotqa,hotpotqa_oncu_200,oracle,16,220,40,multi_hop,8000,middle,low,unknown,p0001;p0002,p0001;p0002,0;1,2.0,2.0,1.0,1.0,1.0,1.0,1.0,0.0
hotpotqa_5ac01bca5542992a796dec8d,hotpotqa,hotpotqa_oncu_200,lexical,3,220,40,multi_hop,16000,end,low,unknown,p0001;p0002,,9;41;76,0.0,2.0,0.0,0.0,0.0,0.0,0.0,0.0
hotpotqa_5ac01bca5542992a796dec8d,hotpotqa,hotpotqa_oncu_200,lexical,5,220,40,multi_hop,16000,end,low,unknown,p0001;p0002,,9;41;76;25;60,0.0,2.0,0.0,0.0,0.0,0.0,0.0,0.0
hotpotqa_5ac01bca5542992a796dec8d,hotpotqa,hotpotqa_oncu_200,lexical,8,220,40,multi_hop,16000,end,low,unknown,p0001;p0002,,9;41;76;25;60;45;19;13,0.0,2.0,0.0,0.0,0.0,0.0,0.0,0.0
hotpotqa_5ac01bca5542992a796dec8d,hotpotqa,hotpotqa_oncu_200,lexical,16,220,40,multi_hop,16000,end,low,unknown,p0001;p0002,p0003;p0005;p0007,9;41;76;25;60;45;19;13;61;57;51;32;0;28;35;80,3.0,2.0,0.0,0.0,0.0,0.0,0.0,1.0
hotpotqa_5ac01bca5542992a796dec8d,hotpotqa,hotpotqa_oncu_200,dense,3,220,40,multi_hop,16000,end,low,unknown,p0001;p0002,,40;72;69,0.0,2.0,0.0,0.0,0.0,0.0,0.0,0.0
hotpotqa_5ac01bca5542992a796dec8d,hotpotqa,hotpotqa_oncu_200,dense,5,220,40,multi_hop,16000,end,low,unknown,p0001;p0002,,40;72;69;37;5,0.0,2.0,0.0,0.0,0.0,0.0,0.0,0.0
hotpotqa_5ac01bca5542992a796dec8d,hotpotqa,hotpotqa_oncu_200,dense,8,220,40,multi_hop,16000,end,low,unknown,p0001;p0002,,40;72;69;37;5;75;85;66,0.0,2.0,0.0,0.0,0.0,0.0,0.0,0.0
hotpotqa_5ac01bca5542992a796dec8d,hotpotqa,hotpotqa_oncu_200,dense,16,220,40,multi_hop,16000,end,low,unknown,p0001;p0002,,40;72;69;37;5;75;85;66;2;25;56;82;24;21;12;60,0.0,2.0,0.0,0.0,0.0,0.0,0.0,0.0
hotpotqa_5ac01bca5542992a796dec8d,hotpotqa,hotpotqa_oncu_200,hybrid,3,220,40,multi_hop,16000,end,low,unknown,p0001;p0002,,25;76;60,0.0,2.0,0.0,0.0,0.0,0.0,0.0,0.0
hotpotqa_5ac01bca5542992a796dec8d,hotpotqa,hotpotqa_oncu_200,hybrid,5,220,40,multi_hop,16000,end,low,unknown,p0001;p0002,,25;76;60;9;41,0.0,2.0,0.0,0.0,0.0,0.0,0.0,0.0
hotpotqa_5ac01bca5542992a796dec8d,hotpotqa,hotpotqa_oncu_200,hybrid,8,220,40,multi_hop,16000,end,low,unknown,p0001;p0002,,25;76;60;9;41;12;19;61,0.0,2.0,0.0,0.0,0.0,0.0,0.0,0.0
hotpotqa_5ac01bca5542992a796dec8d,hotpotqa,hotpotqa_oncu_200,hybrid,16,220,40,multi_hop,16000,end,low,unknown,p0001;p0002,,25;76;60;9;41;12;19;61;86;35;3;45;57;40;75;83,0.0,2.0,0.0,0.0,0.0,0.0,0.0,0.0
hotpotqa_5ac01bca5542992a796dec8d,hotpotqa,hotpotqa_oncu_200,iterative,3,220,40,multi_hop,16000,end,low,unknown,p0001;p0002,,9;76;41,0.0,2.0,0.0,0.0,0.0,0.0,0.0,0.0
hotpotqa_5ac01bca5542992a796dec8d,hotpotqa,hotpotqa_oncu_200,iterative,5,220,40,multi_hop,16000,end,low,unknown,p0001;p0002,,9;76;41;60;25,0.0,2.0,0.0,0.0,0.0,0.0,0.0,0.0
hotpotqa_5ac01bca5542992a796dec8d,hotpotqa,hotpotqa_oncu_200,iterative,8,220,40,multi_hop,16000,end,low,unknown,p0001;p0002,,9;76;41;60;25;44;57;12,0.0,2.0,0.0,0.0,0.0,0.0,0.0,0.0
hotpotqa_5ac01bca5542992a796dec8d,hotpotqa,hotpotqa_oncu_200,iterative,16,220,40,multi_hop,16000,end,low,unknown,p0001;p0002,p0003;p0005;p0007,9;76;41;60;25;44;57;12;19;73;28;6;61;51;35;63,3.0,2.0,0.0,0.0,0.0,0.0,0.0,1.0
hotpotqa_5ac01bca5542992a796dec8d,hotpotqa,hotpotqa_oncu_200,oracle,3,220,40,multi_hop,16000,end,low,unknown,p0001;p0002,p0001;p0002,0;1,2.0,2.0,1.0,1.0,1.0,1.0,1.0,0.0
hotpotqa_5ac01bca5542992a796dec8d,hotpotqa,hotpotqa_oncu_200,oracle,5,220,40,multi_hop,16000,end,low,unknown,p0001;p0002,p0001;p0002,0;1,2.0,2.0,1.0,1.0,1.0,1.0,1.0,0.0
hotpotqa_5ac01bca5542992a796dec8d,hotpotqa,hotpotqa_oncu_200,oracle,8,220,40,multi_hop,16000,end,low,unknown,p0001;p0002,p0001;p0002,0;1,2.0,2.0,1.0,1.0,1.0,1.0,1.0,0.0
hotpotqa_5ac01bca5542992a796dec8d,hotpotqa,hotpotqa_oncu_200,oracle,16,220,40,multi_hop,16000,end,low,unknown,p0001;p0002,p0001;p0002,0;1,2.0,2.0,1.0,1.0,1.0,1.0,1.0,0.0
hotpotqa_5a8085705542992bc0c4a74b,hotpotqa,hotpotqa_oncu_200,lexical,3,220,40,multi_hop,4000,scattered,low,unknown,p0001;p0002,p0001;p0002,1;10;3,2.0,2.0,1.0,1.0,1.0,1.0,1.0,0.0
hotpotqa_5a8085705542992bc0c4a74b,hotpotqa,hotpotqa_oncu_200,lexical,5,220,40,multi_hop,4000,scattered,low,unknown,p0001;p0002,p0001;p0002,1;10;3;17;11,2.0,2.0,1.0,1.0,1.0,1.0,1.0,0.0
hotpotqa_5a8085705542992bc0c4a74b,hotpotqa,hotpotqa_oncu_200,lexical,8,220,40,multi_hop,4000,scattered,low,unknown,p0001;p0002,p0001;p0002,1;10;3;17;11;15;20;18,2.0,2.0,1.0,1.0,1.0,1.0,1.0,0.0
hotpotqa_5a8085705542992bc0c4a74b,hotpotqa,hotpotqa_oncu_200,lexical,16,220,40,multi_hop,4000,scattered,low,unknown,p0001;p0002,p0001;p0002;p0006;p0008;p0009;p0011;p0012;p0004;p0005,1;10;3;17;11;15;20;18;7;4;0;14;21;13;9;6,9.0,2.0,1.0,1.0,0.2222222222222222,1.0,0.3636363636363636,0.7777777777777778
hotpotqa_5a8085705542992bc0c4a74b,hotpotqa,hotpotqa_oncu_200,dense,3,220,40,multi_hop,4000,scattered,low,unknown,p0001;p0002,p0001,1;12;5,1.0,2.0,1.0,0.0,1.0,0.5,0.6666666666666666,0.0
hotpotqa_5a8085705542992bc0c4a74b,hotpotqa,hotpotqa_oncu_200,dense,5,220,40,multi_hop,4000,scattered,low,unknown,p0001;p0002,p0001;p0009;p0010;p0011,1;12;5;8;19,4.0,2.0,1.0,0.0,0.25,0.5,0.3333333333333333,0.75
hotpotqa_5a8085705542992bc0c4a74b,hotpotqa,hotpotqa_oncu_200,dense,8,220,40,multi_hop,4000,scattered,low,unknown,p0001;p0002,p0001;p0009;p0010;p0011,1;12;5;8;19;16;2;13,4.0,2.0,1.0,0.0,0.25,0.5,0.3333333333333333,0.75
hotpotqa_5a8085705542992bc0c4a74b,hotpotqa,hotpotqa_oncu_200,dense,16,220,40,multi_hop,4000,scattered,low,unknown,p0001;p0002,p0001;p0009;p0010;p0011;p0004;p0005;p0006;p0012,1;12;5;8;19;16;2;13;6;17;3;14;4;20;9;15,8.0,2.0,1.0,0.0,0.125,0.5,0.2,0.875
hotpotqa_5a8085705542992bc0c4a74b,hotpotqa,hotpotqa_oncu_200,hybrid,3,220,40,multi_hop,4000,scattered,low,unknown,p0001;p0002,p0001,1;3;17,1.0,2.0,1.0,0.0,1.0,0.5,0.6666666666666666,0.0
hotpotqa_5a8085705542992bc0c4a74b,hotpotqa,hotpotqa_oncu_200,hybrid,5,220,40,multi_hop,4000,scattered,low,unknown,p0001;p0002,p0001;p0002,1;3;17;10;12,2.0,2.0,1.0,1.0,1.0,1.0,1.0,0.0
hotpotqa_5a8085705542992bc0c4a74b,hotpotqa,hotpotqa_oncu_200,hybrid,8,220,40,multi_hop,4000,scattered,low,unknown,p0001;p0002,p0001;p0002,1;3;17;10;12;20;5;15,2.0,2.0,1.0,1.0,1.0,1.0,1.0,0.0
hotpotqa_5a8085705542992bc0c4a74b,hotpotqa,hotpotqa_oncu_200,hybrid,16,220,40,multi_hop,4000,scattered,low,unknown,p0001;p0002,p0001;p0002;p0009;p0010;p0011;p0004;p0005;p0006,1;3;17;10;12;20;5;15;13;16;19;4;8;14;11;6,8.0,2.0,1.0,1.0,0.25,1.0,0.4,0.75
hotpotqa_5a8085705542992bc0c4a74b,hotpotqa,hotpotqa_oncu_200,iterative,3,220,40,multi_hop,4000,scattered,low,unknown,p0001;p0002,p0001,1;11;18,1.0,2.0,1.0,0.0,1.0,0.5,0.6666666666666666,0.0
hotpotqa_5a8085705542992bc0c4a74b,hotpotqa,hotpotqa_oncu_200,iterative,5,220,40,multi_hop,4000,scattered,low,unknown,p0001;p0002,p0001;p0002,1;11;18;15;10,2.0,2.0,1.0,1.0,1.0,1.0,1.0,0.0
hotpotqa_5a8085705542992bc0c4a74b,hotpotqa,hotpotqa_oncu_200,iterative,8,220,40,multi_hop,4000,scattered,low,unknown,p0001;p0002,p0001;p0002,1;11;18;15;10;4;3;17,2.0,2.0,1.0,1.0,1.0,1.0,1.0,0.0
hotpotqa_5a8085705542992bc0c4a74b,hotpotqa,hotpotqa_oncu_200,iterative,16,220,40,multi_hop,4000,scattered,low,unknown,p0001;p0002,p0001;p0002;p0006;p0008;p0009;p0004;p0005,1;11;18;15;10;4;3;17;7;0;20;21;14;13;6;12,7.0,2.0,1.0,1.0,0.2857142857142857,1.0,0.4444444444444445,0.7142857142857143
hotpotqa_5a8085705542992bc0c4a74b,hotpotqa,hotpotqa_oncu_200,oracle,3,220,40,multi_hop,4000,scattered,low,unknown,p0001;p0002,p0001;p0002,0;1,2.0,2.0,1.0,1.0,1.0,1.0,1.0,0.0
hotpotqa_5a8085705542992bc0c4a74b,hotpotqa,hotpotqa_oncu_200,oracle,5,220,40,multi_hop,4000,scattered,low,unknown,p0001;p0002,p0001;p0002,0;1,2.0,2.0,1.0,1.0,1.0,1.0,1.0,0.0
hotpotqa_5a8085705542992bc0c4a74b,hotpotqa,hotpotqa_oncu_200,oracle,8,220,40,multi_hop,4000,scattered,low,unknown,p0001;p0002,p0001;p0002,0;1,2.0,2.0,1.0,1.0,1.0,1.0,1.0,0.0
hotpotqa_5a8085705542992bc0c4a74b,hotpotqa,hotpotqa_oncu_200,oracle,16,220,40,multi_hop,4000,scattered,low,unknown,p0001;p0002,p0001;p0002,0;1,2.0,2.0,1.0,1.0,1.0,1.0,1.0,0.0
hotpotqa_5a80ad7c5542992097ad3018,hotpotqa,hotpotqa_oncu_200,lexical,3,220,40,multi_hop,8000,front,low,unknown,p0001;p0002,p0001;p0002,1;2;34,2.0,2.0,1.0,1.0,1.0,1.0,1.0,0.0
hotpotqa_5a80ad7c5542992097ad3018,hotpotqa,hotpotqa_oncu_200,lexical,5,220,40,multi_hop,8000,front,low,unknown,p0001;p0002,p0001;p0002,1;2;34;31;25,2.0,2.0,1.0,1.0,1.0,1.0,1.0,0.0
hotpotqa_5a80ad7c5542992097ad3018,hotpotqa,hotpotqa_oncu_200,lexical,8,220,40,multi_hop,8000,front,low,unknown,p0001;p0002,p0001;p0002,1;2;34;31;25;28;22;37,2.0,2.0,1.0,1.0,1.0,1.0,1.0,0.0
hotpotqa_5a80ad7c5542992097ad3018,hotpotqa,hotpotqa_oncu_200,lexical,16,220,40,multi_hop,8000,front,low,unknown,p0001;p0002,p0001;p0002;p0011,1;2;34;31;25;28;22;37;19;40;43;17;4;10;23;7,3.0,2.0,1.0,1.0,0.6666666666666666,1.0,0.8,0.3333333333333333
hotpotqa_5a80ad7c5542992097ad3018,hotpotqa,hotpotqa_oncu_200,dense,3,220,40,multi_hop,8000,front,low,unknown,p0001;p0002,p0011;p0001;p0002,2;17;1,3.0,2.0,1.0,1.0,0.6666666666666666,1.0,0.8,0.3333333333333333
hotpotqa_5a80ad7c5542992097ad3018,hotpotqa,hotpotqa_oncu_200,dense,5,220,40,multi_hop,8000,front,low,unknown,p0001;p0002,p0011;p0001;p0002,2;17;1;43;3,3.0,2.0,1.0,1.0,0.6666666666666666,1.0,0.8,0.3333333333333333
hotpotqa_5a80ad7c5542992097ad3018,hotpotqa,hotpotqa_oncu_200,dense,8,220,40,multi_hop,8000,front,low,unknown,p0001;p0002,p0011;p0001;p0002,2;17;1;43;3;6;9;12,3.0,2.0,1.0,1.0,0.6666666666666666,1.0,0.8,0.3333333333333333
hotpotqa_5a80ad7c5542992097ad3018,hotpotqa,hotpotqa_oncu_200,dense,16,220,40,multi_hop,8000,front,low,unknown,p0001;p0002,p0011;p0001;p0002,2;17;1;43;3;6;9;12;31;26;22;28;20;5;23;25,3.0,2.0,1.0,1.0,0.6666666666666666,1.0,0.8,0.3333333333333333
hotpotqa_5a80ad7c5542992097ad3018,hotpotqa,hotpotqa_oncu_200,hybrid,3,220,40,multi_hop,8000,front,low,unknown,p0001;p0002,p0001;p0002,2;1;31,2.0,2.0,1.0,1.0,1.0,1.0,1.0,0.0
hotpotqa_5a80ad7c5542992097ad3018,hotpotqa,hotpotqa_oncu_200,hybrid,5,220,40,multi_hop,8000,front,low,unknown,p0001;p0002,p0001;p0002;p0011,2;1;31;17;43,3.0,2.0,1.0,1.0,0.6666666666666666,1.0,0.8,0.3333333333333333
hotpotqa_5a80ad7c5542992097ad3018,hotpotqa,hotpotqa_oncu_200,hybrid,8,220,40,multi_hop,8000,front,low,unknown,p0001;p0002,p0001;p0002;p0011,2;1;31;17;43;28;22;34,3.0,2.0,1.0,1.0,0.6666666666666666,1.0,0.8,0.3333333333333333
hotpotqa_5a80ad7c5542992097ad3018,hotpotqa,hotpotqa_oncu_200,hybrid,16,220,40,multi_hop,8000,front,low,unknown,p0001;p0002,p0001;p0002;p0011,2;1;31;17;43;28;22;34;25;37;23;40;19;20;26;9,3.0,2.0,1.0,1.0,0.6666666666666666,1.0,0.8,0.3333333333333333
hotpotqa_5a80ad7c5542992097ad3018,hotpotqa,hotpotqa_oncu_200,iterative,3,220,40,multi_hop,8000,front,low,unknown,p0001;p0002,,34;31;40,0.0,2.0,0.0,0.0,0.0,0.0,0.0,0.0
hotpotqa_5a80ad7c5542992097ad3018,hotpotqa,hotpotqa_oncu_200,iterative,5,220,40,multi_hop,8000,front,low,unknown,p0001;p0002,,34;31;40;37;25,0.0,2.0,0.0,0.0,0.0,0.0,0.0,0.0
hotpotqa_5a80ad7c5542992097ad3018,hotpotqa,hotpotqa_oncu_200,iterative,8,220,40,multi_hop,8000,front,low,unknown,p0001;p0002,p0001;p0002,34;31;40;37;25;43;22;1,2.0,2.0,1.0,1.0,1.0,1.0,1.0,0.0
hotpotqa_5a80ad7c5542992097ad3018,hotpotqa,hotpotqa_oncu_200,iterative,16,220,40,multi_hop,8000,front,low,unknown,p0001;p0002,p0001;p0002;p0005;p0007;p0008;p0003,34;31;40;37;25;43;22;1;28;19;4;10;2;7;15;13,6.0,2.0,1.0,1.0,0.3333333333333333,1.0,0.5,0.6666666666666666
hotpotqa_5a80ad7c5542992097ad3018,hotpotqa,hotpotqa_oncu_200,oracle,3,220,40,multi_hop,8000,front,low,unknown,p0001;p0002,p0001;p0002,0;1,2.0,2.0,1.0,1.0,1.0,1.0,1.0,0.0
hotpotqa_5a80ad7c5542992097ad3018,hotpotqa,hotpotqa_oncu_200,oracle,5,220,40,multi_hop,8000,front,low,unknown,p0001;p0002,p0001;p0002,0;1,2.0,2.0,1.0,1.0,1.0,1.0,1.0,0.0
hotpotqa_5a80ad7c5542992097ad3018,hotpotqa,hotpotqa_oncu_200,oracle,8,220,40,multi_hop,8000,front,low,unknown,p0001;p0002,p0001;p0002,0;1,2.0,2.0,1.0,1.0,1.0,1.0,1.0,0.0
hotpotqa_5a80ad7c5542992097ad3018,hotpotqa,hotpotqa_oncu_200,oracle,16,220,40,multi_hop,8000,front,low,unknown,p0001;p0002,p0001;p0002,0;1,2.0,2.0,1.0,1.0,1.0,1.0,1.0,0.0
hotpotqa_5a77a65b5542992a6e59df57,hotpotqa,hotpotqa_oncu_200,lexical,3,220,40,multi_hop,16000,middle,medium,unknown,p0001;p0002;p0003,p0001;p0002;p0003,44;60;7,3.0,3.0,1.0,1.0,1.0,1.0,1.0,0.0
hotpotqa_5a77a65b5542992a6e59df57,hotpotqa,hotpotqa_oncu_200,lexical,5,220,40,multi_hop,16000,middle,medium,unknown,p0001;p0002;p0003,p0001;p0002;p0003,44;60;7;48;52,3.0,3.0,1.0,1.0,1.0,1.0,1.0,0.0
hotpotqa_5a77a65b5542992a6e59df57,hotpotqa,hotpotqa_oncu_200,lexical,8,220,40,multi_hop,16000,middle,medium,unknown,p0001;p0002;p0003,p0001;p0002;p0003;p0005,44;60;7;48;52;68;27;3,4.0,3.0,1.0,1.0,0.75,1.0,0.8571428571428571,0.25
hotpotqa_5a77a65b5542992a6e59df57,hotpotqa,hotpotqa_oncu_200,lexical,16,220,40,multi_hop,16000,middle,medium,unknown,p0001;p0002;p0003,p0001;p0002;p0003;p0005,44;60;7;48;52;68;27;3;64;56;76;19;11;15;72;84,4.0,3.0,1.0,1.0,0.75,1.0,0.8571428571428571,0.25
hotpotqa_5a77a65b5542992a6e59df57,hotpotqa,hotpotqa_oncu_200,dense,3,220,40,multi_hop,16000,middle,medium,unknown,p0001;p0002;p0003,,76;15;68,0.0,3.0,0.0,0.0,0.0,0.0,0.0,0.0
hotpotqa_5a77a65b5542992a6e59df57,hotpotqa,hotpotqa_oncu_200,dense,5,220,40,multi_hop,16000,middle,medium,unknown,p0001;p0002;p0003,,76;15;68;11;7,0.0,3.0,0.0,0.0,0.0,0.0,0.0,0.0
hotpotqa_5a77a65b5542992a6e59df57,hotpotqa,hotpotqa_oncu_200,dense,8,220,40,multi_hop,16000,middle,medium,unknown,p0001;p0002;p0003,,76;15;68;11;7;72;80;64,0.0,3.0,0.0,0.0,0.0,0.0,0.0,0.0
hotpotqa_5a77a65b5542992a6e59df57,hotpotqa,hotpotqa_oncu_200,dense,16,220,40,multi_hop,16000,middle,medium,unknown,p0001;p0002;p0003,p0012;p0013;p0005,76;15;68;11;7;72;80;64;19;31;3;88;84;23;35;27,3.0,3.0,0.0,0.0,0.0,0.0,0.0,1.0
hotpotqa_5a77a65b5542992a6e59df57,hotpotqa,hotpotqa_oncu_200,hybrid,3,220,40,multi_hop,16000,middle,medium,unknown,p0001;p0002;p0003,,7;68;76,0.0,3.0,0.0,0.0,0.0,0.0,0.0,0.0
hotpotqa_5a77a65b5542992a6e59df57,hotpotqa,hotpotqa_oncu_200,hybrid,5,220,40,multi_hop,16000,middle,medium,unknown,p0001;p0002;p0003,,7;68;76;15;11,0.0,3.0,0.0,0.0,0.0,0.0,0.0,0.0
hotpotqa_5a77a65b5542992a6e59df57,hotpotqa,hotpotqa_oncu_200,hybrid,8,220,40,multi_hop,16000,middle,medium,unknown,p0001;p0002;p0003,,7;68;76;15;11;64;60;3,0.0,3.0,0.0,0.0,0.0,0.0,0.0,0.0
hotpotqa_5a77a65b5542992a6e59df57,hotpotqa,hotpotqa_oncu_200,hybrid,16,220,40,multi_hop,16000,middle,medium,unknown,p0001;p0002;p0003,p0001;p0002;p0003;p0005,7;68;76;15;11;64;60;3;44;72;48;19;27;80;52;84,4.0,3.0,1.0,1.0,0.75,1.0,0.8571428571428571,0.25
hotpotqa_5a77a65b5542992a6e59df57,hotpotqa,hotpotqa_oncu_200,iterative,3,220,40,multi_hop,16000,middle,medium,unknown,p0001;p0002;p0003,p0001;p0002;p0003,44;60;7,3.0,3.0,1.0,1.0,1.0,1.0,1.0,0.0
hotpotqa_5a77a65b5542992a6e59df57,hotpotqa,hotpotqa_oncu_200,iterative,5,220,40,multi_hop,16000,middle,medium,unknown,p0001;p0002;p0003,p0001;p0002;p0003;p0005,44;60;7;27;68,4.0,3.0,1.0,1.0,0.75,1.0,0.8571428571428571,0.25
hotpotqa_5a77a65b5542992a6e59df57,hotpotqa,hotpotqa_oncu_200,iterative,8,220,40,multi_hop,16000,middle,medium,unknown,p0001;p0002;p0003,p0001;p0002;p0003;p0005,44;60;7;27;68;52;48;43,4.0,3.0,1.0,1.0,0.75,1.0,0.8571428571428571,0.25
hotpotqa_5a77a65b5542992a6e59df57,hotpotqa,hotpotqa_oncu_200,iterative,16,220,40,multi_hop,16000,middle,medium,unknown,p0001;p0002;p0003,p0001;p0002;p0003;p0005;p0012;p0013,44;60;7;27;68;52;48;43;56;11;64;3;72;31;39;19,6.0,3.0,1.0,1.0,0.5,1.0,0.6666666666666666,0.5
hotpotqa_5a77a65b5542992a6e59df57,hotpotqa,hotpotqa_oncu_200,oracle,3,220,40,multi_hop,16000,middle,medium,unknown,p0001;p0002;p0003,p0001;p0002;p0003,0;1;2,3.0,3.0,1.0,1.0,1.0,1.0,1.0,0.0
hotpotqa_5a77a65b5542992a6e59df57,hotpotqa,hotpotqa_oncu_200,oracle,5,220,40,multi_hop,16000,middle,medium,unknown,p0001;p0002;p0003,p0001;p0002;p0003,0;1;2,3.0,3.0,1.0,1.0,1.0,1.0,1.0,0.0
hotpotqa_5a77a65b5542992a6e59df57,hotpotqa,hotpotqa_oncu_200,oracle,8,220,40,multi_hop,16000,middle,medium,unknown,p0001;p0002;p0003,p0001;p0002;p0003,0;1;2,3.0,3.0,1.0,1.0,1.0,1.0,1.0,0.0
hotpotqa_5a77a65b5542992a6e59df57,hotpotqa,hotpotqa_oncu_200,oracle,16,220,40,multi_hop,16000,middle,medium,unknown,p0001;p0002;p0003,p0001;p0002;p0003,0;1;2,3.0,3.0,1.0,1.0,1.0,1.0,1.0,0.0
hotpotqa_5a8da81e554299068b959d7e,hotpotqa,hotpotqa_oncu_200,lexical,3,220,40,multi_hop,4000,end,low,unknown,p0001;p0002,p0001;p0002,19;4;15,2.0,2.0,1.0,1.0,1.0,1.0,1.0,0.0
hotpotqa_5a8da81e554299068b959d7e,hotpotqa,hotpotqa_oncu_200,lexical,5,220,40,multi_hop,4000,end,low,unknown,p0001;p0002,p0001;p0002,19;4;15;21;20,2.0,2.0,1.0,1.0,1.0,1.0,1.0,0.0
hotpotqa_5a8da81e554299068b959d7e,hotpotqa,hotpotqa_oncu_200,lexical,8,220,40,multi_hop,4000,end,low,unknown,p0001;p0002,p0001;p0002;p0009;p0011;p0012,19;4;15;21;20;3;9;14,5.0,2.0,1.0,1.0,0.4,1.0,0.5714285714285715,0.6
hotpotqa_5a8da81e554299068b959d7e,hotpotqa,hotpotqa_oncu_200,lexical,16,220,40,multi_hop,4000,end,low,unknown,p0001;p0002,p0001;p0002;p0009;p0011;p0012;p0008;p0007,19;4;15;21;20;3;9;14;10;8;7;18;13;2;0;11,7.0,2.0,1.0,1.0,0.2857142857142857,1.0,0.4444444444444445,0.7142857142857143
hotpotqa_5a8da81e554299068b959d7e,hotpotqa,hotpotqa_oncu_200,dense,3,220,40,multi_hop,4000,end,low,unknown,p0001;p0002,p0001;p0002,19;4;15,2.0,2.0,1.0,1.0,1.0,1.0,1.0,0.0
hotpotqa_5a8da81e554299068b959d7e,hotpotqa,hotpotqa_oncu_200,dense,5,220,40,multi_hop,4000,end,low,unknown,p0001;p0002,p0001;p0002;p0009;p0011;p0012,19;4;15;9;20,5.0,2.0,1.0,1.0,0.4,1.0,0.5714285714285715,0.6
hotpotqa_5a8da81e554299068b959d7e,hotpotqa,hotpotqa_oncu_200,dense,8,220,40,multi_hop,4000,end,low,unknown,p0001;p0002,p0001;p0002;p0009;p0011;p0012;p0007,19;4;15;9;20;21;7;18,6.0,2.0,1.0,1.0,0.3333333333333333,1.0,0.5,0.6666666666666666
hotpotqa_5a8da81e554299068b959d7e,hotpotqa,hotpotqa_oncu_200,dense,16,220,40,multi_hop,4000,end,low,unknown,p0001;p0002,p0001;p0002;p0009;p0011;p0012;p0007;p0008,19;4;15;9;20;21;7;18;8;14;10;3;11;12;13;0,7.0,2.0,1.0,1.0,0.2857142857142857,1.0,0.4444444444444445,0.7142857142857143
hotpotqa_5a8da81e554299068b959d7e,hotpotqa,hotpotqa_oncu_200,hybrid,3,220,40,multi_hop,4000,end,low,unknown,p0001;p0002,p0001;p0002,19;4;15,2.0,2.0,1.0,1.0,1.0,1.0,1.0,0.0
hotpotqa_5a8da81e554299068b959d7e,hotpotqa,hotpotqa_oncu_200,hybrid,5,220,40,multi_hop,4000,end,low,unknown,p0001;p0002,p0001;p0002,19;4;15;21;20,2.0,2.0,1.0,1.0,1.0,1.0,1.0,0.0
hotpotqa_5a8da81e554299068b959d7e,hotpotqa,hotpotqa_oncu_200,hybrid,8,220,40,multi_hop,4000,end,low,unknown,p0001;p0002,p0001;p0002;p0009;p0011;p0012;p0007,19;4;15;21;20;9;3;7,6.0,2.0,1.0,1.0,0.3333333333333333,1.0,0.5,0.6666666666666666
hotpotqa_5a8da81e554299068b959d7e,hotpotqa,hotpotqa_oncu_200,hybrid,16,220,40,multi_hop,4000,end,low,unknown,p0001;p0002,p0001;p0002;p0009;p0011;p0012;p0007;p0008,19;4;15;21;20;9;3;7;14;8;18;10;13;11;0;2,7.0,2.0,1.0,1.0,0.2857142857142857,1.0,0.4444444444444445,0.7142857142857143
hotpotqa_5a8da81e554299068b959d7e,hotpotqa,hotpotqa_oncu_200,iterative,3,220,40,multi_hop,4000,end,low,unknown,p0001;p0002,p0001;p0002,19;4;15,2.0,2.0,1.0,1.0,1.0,1.0,1.0,0.0
hotpotqa_5a8da81e554299068b959d7e,hotpotqa,hotpotqa_oncu_200,iterative,5,220,40,multi_hop,4000,end,low,unknown,p0001;p0002,p0001;p0002;p0007,19;4;15;13;7,3.0,2.0,1.0,1.0,0.6666666666666666,1.0,0.8,0.3333333333333333
hotpotqa_5a8da81e554299068b959d7e,hotpotqa,hotpotqa_oncu_200,iterative,8,220,40,multi_hop,4000,end,low,unknown,p0001;p0002,p0001;p0002;p0007;p0008,19;4;15;13;7;8;3;20,4.0,2.0,1.0,1.0,0.5,1.0,0.6666666666666666,0.5
hotpotqa_5a8da81e554299068b959d7e,hotpotqa,hotpotqa_oncu_200,iterative,16,220,40,multi_hop,4000,end,low,unknown,p0001;p0002,p0001;p0002;p0007;p0008;p0009;p0011;p0012;p0003;p0004,19;4;15;13;7;8;3;20;2;9;18;14;21;10;5;11,9.0,2.0,1.0,1.0,0.2222222222222222,1.0,0.3636363636363636,0.7777777777777778
hotpotqa_5a8da81e554299068b959d7e,hotpotqa,hotpotqa_oncu_200,oracle,3,220,40,multi_hop,4000,end,low,unknown,p0001;p0002,p0001;p0002,0;1,2.0,2.0,1.0,1.0,1.0,1.0,1.0,0.0
hotpotqa_5a8da81e554299068b959d7e,hotpotqa,hotpotqa_oncu_200,oracle,5,220,40,multi_hop,4000,end,low,unknown,p0001;p0002,p0001;p0002,0;1,2.0,2.0,1.0,1.0,1.0,1.0,1.0,0.0
hotpotqa_5a8da81e554299068b959d7e,hotpotqa,hotpotqa_oncu_200,oracle,8,220,40,multi_hop,4000,end,low,unknown,p0001;p0002,p0001;p0002,0;1,2.0,2.0,1.0,1.0,1.0,1.0,1.0,0.0
hotpotqa_5a8da81e554299068b959d7e,hotpotqa,hotpotqa_oncu_200,oracle,16,220,40,multi_hop,4000,end,low,unknown,p0001;p0002,p0001;p0002,0;1,2.0,2.0,1.0,1.0,1.0,1.0,1.0,0.0
hotpotqa_5ab446d455429942dd415f07,hotpotqa,hotpotqa_oncu_200,lexical,3,220,40,multi_hop,8000,scattered,low,unknown,p0001;p0002,p0002,21;22;42,1.0,2.0,1.0,0.0,1.0,0.5,0.6666666666666666,0.0
hotpotqa_5ab446d455429942dd415f07,hotpotqa,hotpotqa_oncu_200,lexical,5,220,40,multi_hop,8000,scattered,low,unknown,p0001;p0002,p0002,21;22;42;41;25,1.0,2.0,1.0,0.0,1.0,0.5,0.6666666666666666,0.0
hotpotqa_5ab446d455429942dd415f07,hotpotqa,hotpotqa_oncu_200,lexical,8,220,40,multi_hop,8000,scattered,low,unknown,p0001;p0002,p0002,21;22;42;41;25;19;37;31,1.0,2.0,1.0,0.0,1.0,0.5,0.6666666666666666,0.0
hotpotqa_5ab446d455429942dd415f07,hotpotqa,hotpotqa_oncu_200,lexical,16,220,40,multi_hop,8000,scattered,low,unknown,p0001;p0002,p0002;p0007;p0008;p0006;p0012,21;22;42;41;25;19;37;31;24;2;8;15;14;30;40;18,5.0,2.0,1.0,0.0,0.2,0.5,0.28571428571428575,0.8
hotpotqa_5ab446d455429942dd415f07,hotpotqa,hotpotqa_oncu_200,dense,3,220,40,multi_hop,8000,scattered,low,unknown,p0001;p0002,p0001;p0006,22;3;14,2.0,2.0,1.0,0.0,0.5,0.5,0.5,0.5
hotpotqa_5ab446d455429942dd415f07,hotpotqa,hotpotqa_oncu_200,dense,5,220,40,multi_hop,8000,scattered,low,unknown,p0001;p0002,p0001;p0006;p0002,22;3;14;21;7,3.0,2.0,1.0,1.0,0.6666666666666666,1.0,0.8,0.3333333333333333
hotpotqa_5ab446d455429942dd415f07,hotpotqa,hotpotqa_oncu_200,dense,8,220,40,multi_hop,8000,scattered,low,unknown,p0001;p0002,p0001;p0006;p0002,22;3;14;21;7;1;41;24,3.0,2.0,1.0,1.0,0.6666666666666666,1.0,0.8,0.3333333333333333
hotpotqa_5ab446d455429942dd415f07,hotpotqa,hotpotqa_oncu_200,dense,16,220,40,multi_hop,8000,scattered,low,unknown,p0001;p0002,p0001;p0006;p0002;p0003;p0005;p0007;p0008;p0012,22;3;14;21;7;1;41;24;30;4;36;12;13;8;15;18,8.0,2.0,1.0,1.0,0.25,1.0,0.4,0.75
hotpotqa_5ab446d455429942dd415f07,hotpotqa,hotpotqa_oncu_200,hybrid,3,220,40,multi_hop,8000,scattered,low,unknown,p0001;p0002,p0002,22;21;41,1.0,2.0,1.0,0.0,1.0,0.5,0.6666666666666666,0.0
hotpotqa_5ab446d455429942dd415f07,hotpotqa,hotpotqa_oncu_200,hybrid,5,220,40,multi_hop,8000,scattered,low,unknown,p0001;p0002,p0002;p0006,22;21;41;14;24,2.0,2.0,1.0,0.0,0.5,0.5,0.5,0.5
hotpotqa_5ab446d455429942dd415f07,hotpotqa,hotpotqa_oncu_200,hybrid,8,220,40,multi_hop,8000,scattered,low,unknown,p0001;p0002,p0002;p0006,22;21;41;14;24;1;30;8,2.0,2.0,1.0,0.0,0.5,0.5,0.5,0.5
hotpotqa_5ab446d455429942dd415f07,hotpotqa,hotpotqa_oncu_200,hybrid,16,220,40,multi_hop,8000,scattered,low,unknown,p0001;p0002,p0002;p0006;p0007;p0008;p0001;p0012,22;21;41;14;24;1;30;8;7;15;37;3;42;18;31;40,6.0,2.0,1.0,1.0,0.3333333333333333,1.0,0.5,0.6666666666666666
hotpotqa_5ab446d455429942dd415f07,hotpotqa,hotpotqa_oncu_200,iterative,3,220,40,multi_hop,8000,scattered,low,unknown,p0001;p0002,p0002,21;42;41,1.0,2.0,1.0,0.0,1.0,0.5,0.6666666666666666,0.0
hotpotqa_5ab446d455429942dd415f07,hotpotqa,hotpotqa_oncu_200,iterative,5,220,40,multi_hop,8000,scattered,low,unknown,p0001;p0002,p0002,21;42;41;37;25,1.0,2.0,1.0,0.0,1.0,0.5,0.6666666666666666,0.0
hotpotqa_5ab446d455429942dd415f07,hotpotqa,hotpotqa_oncu_200,iterative,8,220,40,multi_hop,8000,scattered,low,unknown,p0001;p0002,p0002,21;42;41;37;25;19;24;31,1.0,2.0,1.0,0.0,1.0,0.5,0.6666666666666666,0.0
hotpotqa_5ab446d455429942dd415f07,hotpotqa,hotpotqa_oncu_200,iterative,16,220,40,multi_hop,8000,scattered,low,unknown,p0001;p0002,p0002;p0007;p0008,21;42;41;37;25;19;24;31;22;2;8;44;20;38;15;9,3.0,2.0,1.0,0.0,0.3333333333333333,0.5,0.4,0.6666666666666666
hotpotqa_5ab446d455429942dd415f07,hotpotqa,hotpotqa_oncu_200,oracle,3,220,40,multi_hop,8000,scattered,low,unknown,p0001;p0002,p0001;p0002,0;1,2.0,2.0,1.0,1.0,1.0,1.0,1.0,0.0
hotpotqa_5ab446d455429942dd415f07,hotpotqa,hotpotqa_oncu_200,oracle,5,220,40,multi_hop,8000,scattered,low,unknown,p0001;p0002,p0001;p0002,0;1,2.0,2.0,1.0,1.0,1.0,1.0,1.0,0.0
hotpotqa_5ab446d455429942dd415f07,hotpotqa,hotpotqa_oncu_200,oracle,8,220,40,multi_hop,8000,scattered,low,unknown,p0001;p0002,p0001;p0002,0;1,2.0,2.0,1.0,1.0,1.0,1.0,1.0,0.0
hotpotqa_5ab446d455429942dd415f07,hotpotqa,hotpotqa_oncu_200,oracle,16,220,40,multi_hop,8000,scattered,low,unknown,p0001;p0002,p0001;p0002,0;1,2.0,2.0,1.0,1.0,1.0,1.0,1.0,0.0
hotpotqa_5a760faa5542994ccc9186a8,hotpotqa,hotpotqa_oncu_200,lexical,3,220,40,multi_hop,16000,front,low,unknown,p0001;p0002,p0001;p0002,4;68;36,2.0,2.0,1.0,1.0,1.0,1.0,1.0,0.0
hotpotqa_5a760faa5542994ccc9186a8,hotpotqa,hotpotqa_oncu_200,lexical,5,220,40,multi_hop,16000,front,low,unknown,p0001;p0002,p0001;p0002,4;68;36;41;63,2.0,2.0,1.0,1.0,1.0,1.0,1.0,0.0
hotpotqa_5a760faa5542994ccc9186a8,hotpotqa,hotpotqa_oncu_200,lexical,8,220,40,multi_hop,16000,front,low,unknown,p0001;p0002,p0001;p0002,4;68;36;41;63;9;19;51,2.0,2.0,1.0,1.0,1.0,1.0,1.0,0.0
hotpotqa_5a760faa5542994ccc9186a8,hotpotqa,hotpotqa_oncu_200,lexical,16,220,40,multi_hop,16000,front,low,unknown,p0001;p0002,p0001;p0002,4;68;36;41;63;9;19;51;58;85;3;78;71;14;73;46,2.0,2.0,1.0,1.0,1.0,1.0,1.0,0.0
hotpotqa_5a760faa5542994ccc9186a8,hotpotqa,hotpotqa_oncu_200,dense,3,220,40,multi_hop,16000,front,low,unknown,p0001;p0002,,49;76;17,0.0,2.0,0.0,0.0,0.0,0.0,0.0,0.0
hotpotqa_5a760faa5542994ccc9186a8,hotpotqa,hotpotqa_oncu_200,dense,5,220,40,multi_hop,16000,front,low,unknown,p0001;p0002,,49;76;17;81;54,0.0,2.0,0.0,0.0,0.0,0.0,0.0,0.0
hotpotqa_5a760faa5542994ccc9186a8,hotpotqa,hotpotqa_oncu_200,dense,8,220,40,multi_hop,16000,front,low,unknown,p0001;p0002,,49;76;17;81;54;20;22;2,0.0,2.0,0.0,0.0,0.0,0.0,0.0,0.0
hotpotqa_5a760faa5542994ccc9186a8,hotpotqa,hotpotqa_oncu_200,dense,16,220,40,multi_hop,16000,front,low,unknown,p0001;p0002,,49;76;17;81;54;20;22;2;79;64;5;8;52;12;37;25,0.0,2.0,0.0,0.0,0.0,0.0,0.0,0.0
hotpotqa_5a760faa5542994ccc9186a8,hotpotqa,hotpotqa_oncu_200,hybrid,3,220,40,multi_hop,16000,front,low,unknown,p0001;p0002,,17;49;76,0.0,2.0,0.0,0.0,0.0,0.0,0.0,0.0
hotpotqa_5a760faa5542994ccc9186a8,hotpotqa,hotpotqa_oncu_200,hybrid,5,220,40,multi_hop,16000,front,low,unknown,p0001;p0002,,17;49;76;2;44,0.0,2.0,0.0,0.0,0.0,0.0,0.0,0.0
hotpotqa_5a760faa5542994ccc9186a8,hotpotqa,hotpotqa_oncu_200,hybrid,8,220,40,multi_hop,16000,front,low,unknown,p0001;p0002,,17;49;76;2;44;81;12;7,0.0,2.0,0.0,0.0,0.0,0.0,0.0,0.0
hotpotqa_5a760faa5542994ccc9186a8,hotpotqa,hotpotqa_oncu_200,hybrid,16,220,40,multi_hop,16000,front,low,unknown,p0001;p0002,p0001;p0002,17;49;76;2;44;81;12;7;3;4;71;36;54;68;39;64,2.0,2.0,1.0,1.0,1.0,1.0,1.0,0.0
hotpotqa_5a760faa5542994ccc9186a8,hotpotqa,hotpotqa_oncu_200,iterative,3,220,40,multi_hop,16000,front,low,unknown,p0001;p0002,p0001;p0002,4;3;68,2.0,2.0,1.0,1.0,1.0,1.0,1.0,0.0
hotpotqa_5a760faa5542994ccc9186a8,hotpotqa,hotpotqa_oncu_200,iterative,5,220,40,multi_hop,16000,front,low,unknown,p0001;p0002,p0001;p0002,4;3;68;41;9,2.0,2.0,1.0,1.0,1.0,1.0,1.0,0.0
hotpotqa_5a760faa5542994ccc9186a8,hotpotqa,hotpotqa_oncu_200,iterative,8,220,40,multi_hop,16000,front,low,unknown,p0001;p0002,p0001;p0002,4;3;68;41;9;36;63;82,2.0,2.0,1.0,1.0,1.0,1.0,1.0,0.0
hotpotqa_5a760faa5542994ccc9186a8,hotpotqa,hotpotqa_oncu_200,iterative,16,220,40,multi_hop,16000,front,low,unknown,p0001;p0002,p0001;p0002,4;3;68;41;9;36;63;82;73;18;14;46;58;51;78;13,2.0,2.0,1.0,1.0,1.0,1.0,1.0,0.0
hotpotqa_5a760faa5542994ccc9186a8,hotpotqa,hotpotqa_oncu_200,oracle,3,220,40,multi_hop,16000,front,low,unknown,p0001;p0002,p0001;p0002,0;1,2.0,2.0,1.0,1.0,1.0,1.0,1.0,0.0
hotpotqa_5a760faa5542994ccc9186a8,hotpotqa,hotpotqa_oncu_200,oracle,5,220,40,multi_hop,16000,front,low,unknown,p0001;p0002,p0001;p0002,0;1,2.0,2.0,1.0,1.0,1.0,1.0,1.0,0.0
hotpotqa_5a760faa5542994ccc9186a8,hotpotqa,hotpotqa_oncu_200,oracle,8,220,40,multi_hop,16000,front,low,unknown,p0001;p0002,p0001;p0002,0;1,2.0,2.0,1.0,1.0,1.0,1.0,1.0,0.0
hotpotqa_5a760faa5542994ccc9186a8,hotpotqa,hotpotqa_oncu_200,oracle,16,220,40,multi_hop,16000,front,low,unknown,p0001;p0002,p0001;p0002,0;1,2.0,2.0,1.0,1.0,1.0,1.0,1.0,0.0
hotpotqa_5a80aeff5542996402f6a5eb,hotpotqa,hotpotqa_oncu_200,lexical,3,220,40,multi_hop,4000,middle,medium,unknown,p0001;p0002;p0003;p0004,p0001;p0002;p0003;p0004,10;11;2,4.0,4.0,1.0,1.0,1.0,1.0,1.0,0.0
hotpotqa_5a80aeff5542996402f6a5eb,hotpotqa,hotpotqa_oncu_200,lexical,5,220,40,multi_hop,4000,middle,medium,unknown,p0001;p0002;p0003;p0004,p0001;p0002;p0003;p0004,10;11;2;17;12,4.0,4.0,1.0,1.0,1.0,1.0,1.0,0.0
hotpotqa_5a80aeff5542996402f6a5eb,hotpotqa,hotpotqa_oncu_200,lexical,8,220,40,multi_hop,4000,middle,medium,unknown,p0001;p0002;p0003;p0004,p0001;p0002;p0003;p0004;p0011;p0012,10;11;2;17;12;16;13;9,6.0,4.0,1.0,1.0,0.6666666666666666,1.0,0.8,0.3333333333333333
hotpotqa_5a80aeff5542996402f6a5eb,hotpotqa,hotpotqa_oncu_200,lexical,16,220,40,multi_hop,4000,middle,medium,unknown,p0001;p0002;p0003;p0004,p0001;p0002;p0003;p0004;p0011;p0012;p0006;p0007;p0008;p0009;p0010,10;11;2;17;12;16;13;9;21;20;4;1;3;7;18;8,11.0,4.0,1.0,1.0,0.36363636363636365,1.0,0.5333333333333333,0.6363636363636364
hotpotqa_5a80aeff5542996402f6a5eb,hotpotqa,hotpotqa_oncu_200,dense,3,220,40,multi_hop,4000,middle,medium,unknown,p0001;p0002;p0003;p0004,p0001;p0002;p0003;p0004,10;11;19,4.0,4.0,1.0,1.0,1.0,1.0,1.0,0.0
hotpotqa_5a80aeff5542996402f6a5eb,hotpotqa,hotpotqa_oncu_200,dense,5,220,40,multi_hop,4000,middle,medium,unknown,p0001;p0002;p0003;p0004,p0001;p0002;p0003;p0004,10;11;19;12;4,4.0,4.0,1.0,1.0,1.0,1.0,1.0,0.0
hotpotqa_5a80aeff5542996402f6a5eb,hotpotqa,hotpotqa_oncu_200,dense,8,220,40,multi_hop,4000,middle,medium,unknown,p0001;p0002;p0003;p0004,p0001;p0002;p0003;p0004;p0005;p0006;p0011;p0012,10;11;19;12;4;5;6;9,8.0,4.0,1.0,1.0,0.5,1.0,0.6666666666666666,0.5
hotpotqa_5a80aeff5542996402f6a5eb,hotpotqa,hotpotqa_oncu_200,dense,16,220,40,multi_hop,4000,middle,medium,unknown,p0001;p0002;p0003;p0004,p0001;p0002;p0003;p0004;p0005;p0006;p0011;p0012;p0007;p0008;p0009;p0010,10;11;19;12;4;5;6;9;18;7;14;20;21;16;13;8,12.0,4.0,1.0,1.0,0.3333333333333333,1.0,0.5,0.6666666666666666
hotpotqa_5a80aeff5542996402f6a5eb,hotpotqa,hotpotqa_oncu_200,hybrid,3,220,40,multi_hop,4000,middle,medium,unknown,p0001;p0002;p0003;p0004,p0001;p0002;p0003;p0004,10;11;12,4.0,4.0,1.0,1.0,1.0,1.0,1.0,0.0
hotpotqa_5a80aeff5542996402f6a5eb,hotpotqa,hotpotqa_oncu_200,hybrid,5,220,40,multi_hop,4000,middle,medium,unknown,p0001;p0002;p0003;p0004,p0001;p0002;p0003;p0004;p0011;p0012,10;11;12;4;9,6.0,4.0,1.0,1.0,0.6666666666666666,1.0,0.8,0.3333333333333333
hotpotqa_5a80aeff5542996402f6a5eb,hotpotqa,hotpotqa_oncu_200,hybrid,8,220,40,multi_hop,4000,middle,medium,unknown,p0001;p0002;p0003;p0004,p0001;p0002;p0003;p0004;p0011;p0012,10;11;12;4;9;2;16;19,6.0,4.0,1.0,1.0,0.6666666666666666,1.0,0.8,0.3333333333333333
hotpotqa_5a80aeff5542996402f6a5eb,hotpotqa,hotpotqa_oncu_200,hybrid,16,220,40,multi_hop,4000,middle,medium,unknown,p0001;p0002;p0003;p0004,p0001;p0002;p0003;p0004;p0011;p0012;p0006;p0007;p0008;p0005,10;11;12;4;9;2;16;19;13;21;20;17;18;7;5;6,10.0,4.0,1.0,1.0,0.4,1.0,0.5714285714285715,0.6
hotpotqa_5a80aeff5542996402f6a5eb,hotpotqa,hotpotqa_oncu_200,iterative,3,220,40,multi_hop,4000,middle,medium,unknown,p0001;p0002;p0003;p0004,p0001;p0002;p0003;p0004,10;13;2,4.0,4.0,1.0,1.0,1.0,1.0,1.0,0.0
hotpotqa_5a80aeff5542996402f6a5eb,hotpotqa,hotpotqa_oncu_200,iterative,5,220,40,multi_hop,4000,middle,medium,unknown,p0001;p0002;p0003;p0004,p0001;p0002;p0003;p0004;p0011;p0012,10;13;2;9;11,6.0,4.0,1.0,1.0,0.6666666666666666,1.0,0.8,0.3333333333333333
hotpotqa_5a80aeff5542996402f6a5eb,hotpotqa,hotpotqa_oncu_200,iterative,8,220,40,multi_hop,4000,middle,medium,unknown,p0001;p0002;p0003;p0004,p0001;p0002;p0003;p0004;p0011;p0012,10;13;2;9;11;4;18;17,6.0,4.0,1.0,1.0,0.6666666666666666,1.0,0.8,0.3333333333333333
hotpotqa_5a80aeff5542996402f6a5eb,hotpotqa,hotpotqa_oncu_200,iterative,16,220,40,multi_hop,4000,middle,medium,unknown,p0001;p0002;p0003;p0004,p0001;p0002;p0003;p0004;p0011;p0012;p0006;p0007;p0008,10;13;2;9;11;4;18;17;3;16;1;12;20;7;21;15,9.0,4.0,1.0,1.0,0.4444444444444444,1.0,0.6153846153846153,0.5555555555555556
hotpotqa_5a80aeff5542996402f6a5eb,hotpotqa,hotpotqa_oncu_200,oracle,3,220,40,multi_hop,4000,middle,medium,unknown,p0001;p0002;p0003;p0004,p0001;p0002;p0003,0;1;2,3.0,4.0,1.0,0.0,1.0,0.75,0.8571428571428571,0.0
hotpotqa_5a80aeff5542996402f6a5eb,hotpotqa,hotpotqa_oncu_200,oracle,5,220,40,multi_hop,4000,middle,medium,unknown,p0001;p0002;p0003;p0004,p0001;p0002;p0003;p0004,0;1;2;3,4.0,4.0,1.0,1.0,1.0,1.0,1.0,0.0
hotpotqa_5a80aeff5542996402f6a5eb,hotpotqa,hotpotqa_oncu_200,oracle,8,220,40,multi_hop,4000,middle,medium,unknown,p0001;p0002;p0003;p0004,p0001;p0002;p0003;p0004,0;1;2;3,4.0,4.0,1.0,1.0,1.0,1.0,1.0,0.0
hotpotqa_5a80aeff5542996402f6a5eb,hotpotqa,hotpotqa_oncu_200,oracle,16,220,40,multi_hop,4000,middle,medium,unknown,p0001;p0002;p0003;p0004,p0001;p0002;p0003;p0004,0;1;2;3,4.0,4.0,1.0,1.0,1.0,1.0,1.0,0.0
hotpotqa_5ac3d9c9554299204fd21ea3,hotpotqa,hotpotqa_oncu_200,lexical,3,220,40,multi_hop,8000,end,low,unknown,p0001;p0002,p0001;p0002,38;39;33,2.0,2.0,1.0,1.0,1.0,1.0,1.0,0.0
hotpotqa_5ac3d9c9554299204fd21ea3,hotpotqa,hotpotqa_oncu_200,lexical,5,220,40,multi_hop,8000,end,low,unknown,p0001;p0002,p0001;p0002;p0004,38;39;33;12;28,3.0,2.0,1.0,1.0,0.6666666666666666,1.0,0.8,0.3333333333333333
hotpotqa_5ac3d9c9554299204fd21ea3,hotpotqa,hotpotqa_oncu_200,lexical,8,220,40,multi_hop,8000,end,low,unknown,p0001;p0002,p0001;p0002;p0004;p0009;p0010,38;39;33;12;28;15;2;7,5.0,2.0,1.0,1.0,0.4,1.0,0.5714285714285715,0.6
hotpotqa_5ac3d9c9554299204fd21ea3,hotpotqa,hotpotqa_oncu_200,lexical,16,220,40,multi_hop,8000,end,low,unknown,p0001;p0002,p0001;p0002;p0004;p0009;p0010;p0006;p0007,38;39;33;12;28;15;2;7;23;43;18;22;27;14;1;34,7.0,2.0,1.0,1.0,0.2857142857142857,1.0,0.4444444444444445,0.7142857142857143
hotpotqa_5ac3d9c9554299204fd21ea3,hotpotqa,hotpotqa_oncu_200,dense,3,220,40,multi_hop,8000,end,low,unknown,p0001;p0002,p0001;p0002;p0009;p0010,39;15;18,4.0,2.0,1.0,1.0,0.5,1.0,0.6666666666666666,0.5
hotpotqa_5ac3d9c9554299204fd21ea3,hotpotqa,hotpotqa_oncu_200,dense,5,220,40,multi_hop,8000,end,low,unknown,p0001;p0002,p0001;p0002;p0009;p0010,39;15;18;23;2,4.0,2.0,1.0,1.0,0.5,1.0,0.6666666666666666,0.5
hotpotqa_5ac3d9c9554299204fd21ea3,hotpotqa,hotpotqa_oncu_200,dense,8,220,40,multi_hop,8000,end,low,unknown,p0001;p0002,p0001;p0002;p0009;p0010,39;15;18;23;2;28;7;33,4.0,2.0,1.0,1.0,0.5,1.0,0.6666666666666666,0.5
hotpotqa_5ac3d9c9554299204fd21ea3,hotpotqa,hotpotqa_oncu_200,dense,16,220,40,multi_hop,8000,end,low,unknown,p0001;p0002,p0001;p0002;p0009;p0010;p0004;p0012,39;15;18;23;2;28;7;33;34;12;8;17;25;29;4;0,6.0,2.0,1.0,1.0,0.3333333333333333,1.0,0.5,0.6666666666666666
hotpotqa_5ac3d9c9554299204fd21ea3,hotpotqa,hotpotqa_oncu_200,hybrid,3,220,40,multi_hop,8000,end,low,unknown,p0001;p0002,p0001;p0002;p0009;p0010,39;15;33,4.0,2.0,1.0,1.0,0.5,1.0,0.6666666666666666,0.5
hotpotqa_5ac3d9c9554299204fd21ea3,hotpotqa,hotpotqa_oncu_200,hybrid,5,220,40,multi_hop,8000,end,low,unknown,p0001;p0002,p0001;p0002;p0009;p0010,39;15;33;28;2,4.0,2.0,1.0,1.0,0.5,1.0,0.6666666666666666,0.5
hotpotqa_5ac3d9c9554299204fd21ea3,hotpotqa,hotpotqa_oncu_200,hybrid,8,220,40,multi_hop,8000,end,low,unknown,p0001;p0002,p0001;p0002;p0009;p0010;p0004,39;15;33;28;2;23;18;12,5.0,2.0,1.0,1.0,0.4,1.0,0.5714285714285715,0.6
hotpotqa_5ac3d9c9554299204fd21ea3,hotpotqa,hotpotqa_oncu_200,hybrid,16,220,40,multi_hop,8000,end,low,unknown,p0001;p0002,p0001;p0002;p0009;p0010;p0004,39;15;33;28;2;23;18;12;7;34;8;38;25;20;27;22,5.0,2.0,1.0,1.0,0.4,1.0,0.5714285714285715,0.6
hotpotqa_5ac3d9c9554299204fd21ea3,hotpotqa,hotpotqa_oncu_200,iterative,3,220,40,multi_hop,8000,end,low,unknown,p0001;p0002,p0001;p0002;p0004,38;43;12,3.0,2.0,1.0,1.0,0.6666666666666666,1.0,0.8,0.3333333333333333
hotpotqa_5ac3d9c9554299204fd21ea3,hotpotqa,hotpotqa_oncu_200,iterative,5,220,40,multi_hop,8000,end,low,unknown,p0001;p0002,p0001;p0002;p0004,38;43;12;33;27,3.0,2.0,1.0,1.0,0.6666666666666666,1.0,0.8,0.3333333333333333
hotpotqa_5ac3d9c9554299204fd21ea3,hotpotqa,hotpotqa_oncu_200,iterative,8,220,40,multi_hop,8000,end,low,unknown,p0001;p0002,p0001;p0002;p0004,38;43;12;33;27;22;1;28,3.0,2.0,1.0,1.0,0.6666666666666666,1.0,0.8,0.3333333333333333
hotpotqa_5ac3d9c9554299204fd21ea3,hotpotqa,hotpotqa_oncu_200,iterative,16,220,40,multi_hop,8000,end,low,unknown,p0001;p0002,p0001;p0002;p0004;p0006;p0007;p0009;p0010,38;43;12;33;27;22;1;28;39;14;7;15;2;23;6;32,7.0,2.0,1.0,1.0,0.2857142857142857,1.0,0.4444444444444445,0.7142857142857143
hotpotqa_5ac3d9c9554299204fd21ea3,hotpotqa,hotpotqa_oncu_200,oracle,3,220,40,multi_hop,8000,end,low,unknown,p0001;p0002,p0001;p0002,0;1,2.0,2.0,1.0,1.0,1.0,1.0,1.0,0.0
hotpotqa_5ac3d9c9554299204fd21ea3,hotpotqa,hotpotqa_oncu_200,oracle,5,220,40,multi_hop,8000,end,low,unknown,p0001;p0002,p0001;p0002,0;1,2.0,2.0,1.0,1.0,1.0,1.0,1.0,0.0
hotpotqa_5ac3d9c9554299204fd21ea3,hotpotqa,hotpotqa_oncu_200,oracle,8,220,40,multi_hop,8000,end,low,unknown,p0001;p0002,p0001;p0002,0;1,2.0,2.0,1.0,1.0,1.0,1.0,1.0,0.0
hotpotqa_5ac3d9c9554299204fd21ea3,hotpotqa,hotpotqa_oncu_200,oracle,16,220,40,multi_hop,8000,end,low,unknown,p0001;p0002,p0001;p0002,0;1,2.0,2.0,1.0,1.0,1.0,1.0,1.0,0.0
hotpotqa_5a8799c55542996e4f308877,hotpotqa,hotpotqa_oncu_200,lexical,3,220,40,multi_hop,16000,scattered,low,unknown,p0001;p0002,,52;81;11,0.0,2.0,0.0,0.0,0.0,0.0,0.0,0.0
hotpotqa_5a8799c55542996e4f308877,hotpotqa,hotpotqa_oncu_200,lexical,5,220,40,multi_hop,16000,scattered,low,unknown,p0001;p0002,,52;81;11;17;87,0.0,2.0,0.0,0.0,0.0,0.0,0.0,0.0
hotpotqa_5a8799c55542996e4f308877,hotpotqa,hotpotqa_oncu_200,lexical,8,220,40,multi_hop,16000,scattered,low,unknown,p0001;p0002,,52;81;11;17;87;23;5;58,0.0,2.0,0.0,0.0,0.0,0.0,0.0,0.0
hotpotqa_5a8799c55542996e4f308877,hotpotqa,hotpotqa_oncu_200,lexical,16,220,40,multi_hop,16000,scattered,low,unknown,p0001;p0002,p0012;p0001,52;81;11;17;87;23;5;58;64;46;40;75;33;69;8;34,2.0,2.0,1.0,0.0,0.5,0.5,0.5,0.5
hotpotqa_5a8799c55542996e4f308877,hotpotqa,hotpotqa_oncu_200,dense,3,220,40,multi_hop,16000,scattered,low,unknown,p0001;p0002,p0001,8;69;34,1.0,2.0,1.0,0.0,1.0,0.5,0.6666666666666666,0.0
hotpotqa_5a8799c55542996e4f308877,hotpotqa,hotpotqa_oncu_200,dense,5,220,40,multi_hop,16000,scattered,low,unknown,p0001;p0002,p0001,8;69;34;3;22,1.0,2.0,1.0,0.0,1.0,0.5,0.6666666666666666,0.0
hotpotqa_5a8799c55542996e4f308877,hotpotqa,hotpotqa_oncu_200,dense,8,220,40,multi_hop,16000,scattered,low,unknown,p0001;p0002,p0001,8;69;34;3;22;61;19;73,1.0,2.0,1.0,0.0,1.0,0.5,0.6666666666666666,0.0
hotpotqa_5a8799c55542996e4f308877,hotpotqa,hotpotqa_oncu_200,dense,16,220,40,multi_hop,16000,scattered,low,unknown,p0001;p0002,p0001;p0006;p0007;p0008,8;69;34;3;22;61;19;73;55;78;63;20;43;72;30;37,4.0,2.0,1.0,0.0,0.25,0.5,0.3333333333333333,0.75
hotpotqa_5a8799c55542996e4f308877,hotpotqa,hotpotqa_oncu_200,hybrid,3,220,40,multi_hop,16000,scattered,low,unknown,p0001;p0002,p0001,8;69;34,1.0,2.0,1.0,0.0,1.0,0.5,0.6666666666666666,0.0
hotpotqa_5a8799c55542996e4f308877,hotpotqa,hotpotqa_oncu_200,hybrid,5,220,40,multi_hop,16000,scattered,low,unknown,p0001;p0002,p0001,8;69;34;22;63,1.0,2.0,1.0,0.0,1.0,0.5,0.6666666666666666,0.0
hotpotqa_5a8799c55542996e4f308877,hotpotqa,hotpotqa_oncu_200,hybrid,8,220,40,multi_hop,16000,scattered,low,unknown,p0001;p0002,p0001,8;69;34;22;63;61;81;11,1.0,2.0,1.0,0.0,1.0,0.5,0.6666666666666666,0.0
hotpotqa_5a8799c55542996e4f308877,hotpotqa,hotpotqa_oncu_200,hybrid,16,220,40,multi_hop,16000,scattered,low,unknown,p0001;p0002,p0001;p0003,8;69;34;22;63;61;81;11;40;78;46;20;52;3;27;5,2.0,2.0,1.0,0.0,0.5,0.5,0.5,0.5
hotpotqa_5a8799c55542996e4f308877,hotpotqa,hotpotqa_oncu_200,iterative,3,220,40,multi_hop,16000,scattered,low,unknown,p0001;p0002,,81;52;11,0.0,2.0,0.0,0.0,0.0,0.0,0.0,0.0
hotpotqa_5a8799c55542996e4f308877,hotpotqa,hotpotqa_oncu_200,iterative,5,220,40,multi_hop,16000,scattered,low,unknown,p0001;p0002,,81;52;11;40;46,0.0,2.0,0.0,0.0,0.0,0.0,0.0,0.0
hotpotqa_5a8799c55542996e4f308877,hotpotqa,hotpotqa_oncu_200,iterative,8,220,40,multi_hop,16000,scattered,low,unknown,p0001;p0002,,81;52;11;40;46;69;5;34,0.0,2.0,0.0,0.0,0.0,0.0,0.0,0.0
hotpotqa_5a8799c55542996e4f308877,hotpotqa,hotpotqa_oncu_200,iterative,16,220,40,multi_hop,16000,scattered,low,unknown,p0001;p0002,p0012,81;52;11;40;46;69;5;34;75;17;87;63;33;58;23;22,1.0,2.0,0.0,0.0,0.0,0.0,0.0,1.0
hotpotqa_5a8799c55542996e4f308877,hotpotqa,hotpotqa_oncu_200,oracle,3,220,40,multi_hop,16000,scattered,low,unknown,p0001;p0002,p0001;p0002,0;1,2.0,2.0,1.0,1.0,1.0,1.0,1.0,0.0
hotpotqa_5a8799c55542996e4f308877,hotpotqa,hotpotqa_oncu_200,oracle,5,220,40,multi_hop,16000,scattered,low,unknown,p0001;p0002,p0001;p0002,0;1,2.0,2.0,1.0,1.0,1.0,1.0,1.0,0.0
hotpotqa_5a8799c55542996e4f308877,hotpotqa,hotpotqa_oncu_200,oracle,8,220,40,multi_hop,16000,scattered,low,unknown,p0001;p0002,p0001;p0002,0;1,2.0,2.0,1.0,1.0,1.0,1.0,1.0,0.0
hotpotqa_5a8799c55542996e4f308877,hotpotqa,hotpotqa_oncu_200,oracle,16,220,40,multi_hop,16000,scattered,low,unknown,p0001;p0002,p0001;p0002,0;1,2.0,2.0,1.0,1.0,1.0,1.0,1.0,0.0
hotpotqa_5adbda2755429944faac2385,hotpotqa,hotpotqa_oncu_200,lexical,3,220,40,multi_hop,4000,front,low,unknown,p0001;p0002,p0001;p0002,0;14;3,2.0,2.0,1.0,1.0,1.0,1.0,1.0,0.0
hotpotqa_5adbda2755429944faac2385,hotpotqa,hotpotqa_oncu_200,lexical,5,220,40,multi_hop,4000,front,low,unknown,p0001;p0002,p0001;p0002,0;14;3;1;10,2.0,2.0,1.0,1.0,1.0,1.0,1.0,0.0
hotpotqa_5adbda2755429944faac2385,hotpotqa,hotpotqa_oncu_200,lexical,8,220,40,multi_hop,4000,front,low,unknown,p0001;p0002,p0001;p0002,0;14;3;1;10;17;2;13,2.0,2.0,1.0,1.0,1.0,1.0,1.0,0.0
hotpotqa_5adbda2755429944faac2385,hotpotqa,hotpotqa_oncu_200,lexical,16,220,40,multi_hop,4000,front,low,unknown,p0001;p0002,p0001;p0002;p0004;p0005;p0008;p0010;p0011;p0012,0;14;3;1;10;17;2;13;21;5;12;19;20;6;15;8,8.0,2.0,1.0,1.0,0.25,1.0,0.4,0.75
hotpotqa_5adbda2755429944faac2385,hotpotqa,hotpotqa_oncu_200,dense,3,220,40,multi_hop,4000,front,low,unknown,p0001;p0002,p0001;p0002;p0004;p0005,0;6;17,4.0,2.0,1.0,1.0,0.5,1.0,0.6666666666666666,0.5
hotpotqa_5adbda2755429944faac2385,hotpotqa,hotpotqa_oncu_200,dense,5,220,40,multi_hop,4000,front,low,unknown,p0001;p0002,p0001;p0002;p0004;p0005,0;6;17;10;5,4.0,2.0,1.0,1.0,0.5,1.0,0.6666666666666666,0.5
hotpotqa_5adbda2755429944faac2385,hotpotqa,hotpotqa_oncu_200,dense,8,220,40,multi_hop,4000,front,low,unknown,p0001;p0002,p0001;p0002;p0004;p0005,0;6;17;10;5;14;12;1,4.0,2.0,1.0,1.0,0.5,1.0,0.6666666666666666,0.5
hotpotqa_5adbda2755429944faac2385,hotpotqa,hotpotqa_oncu_200,dense,16,220,40,multi_hop,4000,front,low,unknown,p0001;p0002,p0001;p0002;p0004;p0005;p0008;p0010;p0011;p0012;p0006;p0007,0;6;17;10;5;14;12;1;3;8;4;9;19;7;21;11,10.0,2.0,1.0,1.0,0.2,1.0,0.33333333333333337,0.8
hotpotqa_5adbda2755429944faac2385,hotpotqa,hotpotqa_oncu_200,hybrid,3,220,40,multi_hop,4000,front,low,unknown,p0001;p0002,p0001;p0002,0;14;17,2.0,2.0,1.0,1.0,1.0,1.0,1.0,0.0
hotpotqa_5adbda2755429944faac2385,hotpotqa,hotpotqa_oncu_200,hybrid,5,220,40,multi_hop,4000,front,low,unknown,p0001;p0002,p0001;p0002,0;14;17;10;3,2.0,2.0,1.0,1.0,1.0,1.0,1.0,0.0
hotpotqa_5adbda2755429944faac2385,hotpotqa,hotpotqa_oncu_200,hybrid,8,220,40,multi_hop,4000,front,low,unknown,p0001;p0002,p0001;p0002;p0004;p0005,0;14;17;10;3;1;5;6,4.0,2.0,1.0,1.0,0.5,1.0,0.6666666666666666,0.5
hotpotqa_5adbda2755429944faac2385,hotpotqa,hotpotqa_oncu_200,hybrid,16,220,40,multi_hop,4000,front,low,unknown,p0001;p0002,p0001;p0002;p0004;p0005;p0008;p0010;p0011;p0012,0;14;17;10;3;1;5;6;12;21;13;19;2;8;4;9,8.0,2.0,1.0,1.0,0.25,1.0,0.4,0.75
hotpotqa_5adbda2755429944faac2385,hotpotqa,hotpotqa_oncu_200,iterative,3,220,40,multi_hop,4000,front,low,unknown,p0001;p0002,p0001;p0002,0;14;3,2.0,2.0,1.0,1.0,1.0,1.0,1.0,0.0
hotpotqa_5adbda2755429944faac2385,hotpotqa,hotpotqa_oncu_200,iterative,5,220,40,multi_hop,4000,front,low,unknown,p0001;p0002,p0001;p0002,0;14;3;10;17,2.0,2.0,1.0,1.0,1.0,1.0,1.0,0.0
hotpotqa_5adbda2755429944faac2385,hotpotqa,hotpotqa_oncu_200,iterative,8,220,40,multi_hop,4000,front,low,unknown,p0001;p0002,p0001;p0002,0;14;3;10;17;21;1;13,2.0,2.0,1.0,1.0,1.0,1.0,1.0,0.0
hotpotqa_5adbda2755429944faac2385,hotpotqa,hotpotqa_oncu_200,iterative,16,220,40,multi_hop,4000,front,low,unknown,p0001;p0002,p0001;p0002;p0004;p0005,0;14;3;10;17;21;1;13;2;6;20;5;11;4;19;12,4.0,2.0,1.0,1.0,0.5,1.0,0.6666666666666666,0.5
hotpotqa_5adbda2755429944faac2385,hotpotqa,hotpotqa_oncu_200,oracle,3,220,40,multi_hop,4000,front,low,unknown,p0001;p0002,p0001;p0002,0;1,2.0,2.0,1.0,1.0,1.0,1.0,1.0,0.0
hotpotqa_5adbda2755429944faac2385,hotpotqa,hotpotqa_oncu_200,oracle,5,220,40,multi_hop,4000,front,low,unknown,p0001;p0002,p0001;p0002,0;1,2.0,2.0,1.0,1.0,1.0,1.0,1.0,0.0
hotpotqa_5adbda2755429944faac2385,hotpotqa,hotpotqa_oncu_200,oracle,8,220,40,multi_hop,4000,front,low,unknown,p0001;p0002,p0001;p0002,0;1,2.0,2.0,1.0,1.0,1.0,1.0,1.0,0.0
hotpotqa_5adbda2755429944faac2385,hotpotqa,hotpotqa_oncu_200,oracle,16,220,40,multi_hop,4000,front,low,unknown,p0001;p0002,p0001;p0002,0;1,2.0,2.0,1.0,1.0,1.0,1.0,1.0,0.0
hotpotqa_5ab67bd355429954757d32f2,hotpotqa,hotpotqa_oncu_200,lexical,3,220,40,multi_hop,8000,middle,low,unknown,p0001;p0002,p0001;p0002,21;22;11,2.0,2.0,1.0,1.0,1.0,1.0,1.0,0.0
hotpotqa_5ab67bd355429954757d32f2,hotpotqa,hotpotqa_oncu_200,lexical,5,220,40,multi_hop,8000,middle,low,unknown,p0001;p0002,p0001;p0002,21;22;11;1;6,2.0,2.0,1.0,1.0,1.0,1.0,1.0,0.0
hotpotqa_5ab67bd355429954757d32f2,hotpotqa,hotpotqa_oncu_200,lexical,8,220,40,multi_hop,8000,middle,low,unknown,p0001;p0002,p0001;p0002;p0005;p0006,21;22;11;1;6;41;14;36,4.0,2.0,1.0,1.0,0.5,1.0,0.6666666666666666,0.5
hotpotqa_5ab67bd355429954757d32f2,hotpotqa,hotpotqa_oncu_200,lexical,16,220,40,multi_hop,8000,middle,low,unknown,p0001;p0002,p0001;p0002;p0005;p0006;p0004;p0008;p0010;p0012,21;22;11;1;6;41;14;36;31;26;13;3;8;16;0;18,8.0,2.0,1.0,1.0,0.25,1.0,0.4,0.75
hotpotqa_5ab67bd355429954757d32f2,hotpotqa,hotpotqa_oncu_200,dense,3,220,40,multi_hop,8000,middle,low,unknown,p0001;p0002,p0001;p0002;p0005;p0006,22;21;14,4.0,2.0,1.0,1.0,0.5,1.0,0.6666666666666666,0.5
hotpotqa_5ab67bd355429954757d32f2,hotpotqa,hotpotqa_oncu_200,dense,5,220,40,multi_hop,8000,middle,low,unknown,p0001;p0002,p0001;p0002;p0005;p0006,22;21;14;1;11,4.0,2.0,1.0,1.0,0.5,1.0,0.6666666666666666,0.5
hotpotqa_5ab67bd355429954757d32f2,hotpotqa,hotpotqa_oncu_200,dense,8,220,40,multi_hop,8000,middle,low,unknown,p0001;p0002,p0001;p0002;p0005;p0006,22;21;14;1;11;6;30;26,4.0,2.0,1.0,1.0,0.5,1.0,0.6666666666666666,0.5
hotpotqa_5ab67bd355429954757d32f2,hotpotqa,hotpotqa_oncu_200,dense,16,220,40,multi_hop,8000,middle,low,unknown,p0001;p0002,p0001;p0002;p0005;p0006,22;21;14;1;11;6;30;26;36;31;25;35;5;0;41;40,4.0,2.0,1.0,1.0,0.5,1.0,0.6666666666666666,0.5
hotpotqa_5ab67bd355429954757d32f2,hotpotqa,hotpotqa_oncu_200,hybrid,3,220,40,multi_hop,8000,middle,low,unknown,p0001;p0002,p0001;p0002,21;22;11,2.0,2.0,1.0,1.0,1.0,1.0,1.0,0.0
hotpotqa_5ab67bd355429954757d32f2,hotpotqa,hotpotqa_oncu_200,hybrid,5,220,40,multi_hop,8000,middle,low,unknown,p0001;p0002,p0001;p0002;p0005;p0006,21;22;11;1;14,4.0,2.0,1.0,1.0,0.5,1.0,0.6666666666666666,0.5
hotpotqa_5ab67bd355429954757d32f2,hotpotqa,hotpotqa_oncu_200,hybrid,8,220,40,multi_hop,8000,middle,low,unknown,p0001;p0002,p0001;p0002;p0005;p0006,21;22;11;1;14;6;36;26,4.0,2.0,1.0,1.0,0.5,1.0,0.6666666666666666,0.5
hotpotqa_5ab67bd355429954757d32f2,hotpotqa,hotpotqa_oncu_200,hybrid,16,220,40,multi_hop,8000,middle,low,unknown,p0001;p0002,p0001;p0002;p0005;p0006;p0004,21;22;11;1;14;6;36;26;31;41;13;0;8;3;5;18,5.0,2.0,1.0,1.0,0.4,1.0,0.5714285714285715,0.6
hotpotqa_5ab67bd355429954757d32f2,hotpotqa,hotpotqa_oncu_200,iterative,3,220,40,multi_hop,8000,middle,low,unknown,p0001;p0002,p0001;p0002,21;41;11,2.0,2.0,1.0,1.0,1.0,1.0,1.0,0.0
hotpotqa_5ab67bd355429954757d32f2,hotpotqa,hotpotqa_oncu_200,iterative,5,220,40,multi_hop,8000,middle,low,unknown,p0001;p0002,p0001;p0002,21;41;11;36;1,2.0,2.0,1.0,1.0,1.0,1.0,1.0,0.0
hotpotqa_5ab67bd355429954757d32f2,hotpotqa,hotpotqa_oncu_200,iterative,8,220,40,multi_hop,8000,middle,low,unknown,p0001;p0002,p0001;p0002,21;41;11;36;1;31;6;26,2.0,2.0,1.0,1.0,1.0,1.0,1.0,0.0
hotpotqa_5ab67bd355429954757d32f2,hotpotqa,hotpotqa_oncu_200,iterative,16,220,40,multi_hop,8000,middle,low,unknown,p0001;p0002,p0001;p0002;p0004;p0005;p0006,21;41;11;36;1;31;6;26;22;13;14;0;3;8;5;10,5.0,2.0,1.0,1.0,0.4,1.0,0.5714285714285715,0.6
hotpotqa_5ab67bd355429954757d32f2,hotpotqa,hotpotqa_oncu_200,oracle,3,220,40,multi_hop,8000,middle,low,unknown,p0001;p0002,p0001;p0002,0;1,2.0,2.0,1.0,1.0,1.0,1.0,1.0,0.0
hotpotqa_5ab67bd355429954757d32f2,hotpotqa,hotpotqa_oncu_200,oracle,5,220,40,multi_hop,8000,middle,low,unknown,p0001;p0002,p0001;p0002,0;1,2.0,2.0,1.0,1.0,1.0,1.0,1.0,0.0
hotpotqa_5ab67bd355429954757d32f2,hotpotqa,hotpotqa_oncu_200,oracle,8,220,40,multi_hop,8000,middle,low,unknown,p0001;p0002,p0001;p0002,0;1,2.0,2.0,1.0,1.0,1.0,1.0,1.0,0.0
hotpotqa_5ab67bd355429954757d32f2,hotpotqa,hotpotqa_oncu_200,oracle,16,220,40,multi_hop,8000,middle,low,unknown,p0001;p0002,p0001;p0002,0;1,2.0,2.0,1.0,1.0,1.0,1.0,1.0,0.0
hotpotqa_5adf4a275542993a75d26498,hotpotqa,hotpotqa_oncu_200,lexical,3,220,40,multi_hop,16000,end,medium,unknown,p0001;p0002;p0003,p0001,77;32;34,1.0,3.0,1.0,0.0,1.0,0.3333333333333333,0.5,0.0
hotpotqa_5adf4a275542993a75d26498,hotpotqa,hotpotqa_oncu_200,lexical,5,220,40,multi_hop,16000,end,medium,unknown,p0001;p0002;p0003,p0001,77;32;34;25;64,1.0,3.0,1.0,0.0,1.0,0.3333333333333333,0.5,0.0
hotpotqa_5adf4a275542993a75d26498,hotpotqa,hotpotqa_oncu_200,lexical,8,220,40,multi_hop,16000,end,medium,unknown,p0001;p0002;p0003,p0001,77;32;34;25;64;51;21;8,1.0,3.0,1.0,0.0,1.0,0.3333333333333333,0.5,0.0
hotpotqa_5adf4a275542993a75d26498,hotpotqa,hotpotqa_oncu_200,lexical,16,220,40,multi_hop,16000,end,medium,unknown,p0001;p0002;p0003,p0001,77;32;34;25;64;51;21;8;86;66;38;55;68;75;42;16,1.0,3.0,1.0,0.0,1.0,0.3333333333333333,0.5,0.0
hotpotqa_5adf4a275542993a75d26498,hotpotqa,hotpotqa_oncu_200,dense,3,220,40,multi_hop,16000,end,medium,unknown,p0001;p0002;p0003,p0001;p0002;p0003;p0004,78;53;27,4.0,3.0,1.0,1.0,0.75,1.0,0.8571428571428571,0.25
hotpotqa_5adf4a275542993a75d26498,hotpotqa,hotpotqa_oncu_200,dense,5,220,40,multi_hop,16000,end,medium,unknown,p0001;p0002;p0003,p0001;p0002;p0003;p0004,78;53;27;66;14,4.0,3.0,1.0,1.0,0.75,1.0,0.8571428571428571,0.25
hotpotqa_5adf4a275542993a75d26498,hotpotqa,hotpotqa_oncu_200,dense,8,220,40,multi_hop,16000,end,medium,unknown,p0001;p0002;p0003,p0001;p0002;p0003;p0004;p0006;p0007;p0009,78;53;27;66;14;40;29;88,7.0,3.0,1.0,1.0,0.42857142857142855,1.0,0.6,0.5714285714285714
hotpotqa_5adf4a275542993a75d26498,hotpotqa,hotpotqa_oncu_200,dense,16,220,40,multi_hop,16000,end,medium,unknown,p0001;p0002;p0003,p0001;p0002;p0003;p0004;p0006;p0007;p0009,78;53;27;66;14;40;29;88;5;70;1;18;44;83;57;74,7.0,3.0,1.0,1.0,0.42857142857142855,1.0,0.6,0.5714285714285714
hotpotqa_5adf4a275542993a75d26498,hotpotqa,hotpotqa_oncu_200,hybrid,3,220,40,multi_hop,16000,end,medium,unknown,p0001;p0002;p0003,,66;34;53,0.0,3.0,0.0,0.0,0.0,0.0,0.0,0.0
hotpotqa_5adf4a275542993a75d26498,hotpotqa,hotpotqa_oncu_200,hybrid,5,220,40,multi_hop,16000,end,medium,unknown,p0001;p0002;p0003,p0001,66;34;53;21;77,1.0,3.0,1.0,0.0,1.0,0.3333333333333333,0.5,0.0
hotpotqa_5adf4a275542993a75d26498,hotpotqa,hotpotqa_oncu_200,hybrid,8,220,40,multi_hop,16000,end,medium,unknown,p0001;p0002;p0003,p0001,66;34;53;21;77;86;8;64,1.0,3.0,1.0,0.0,1.0,0.3333333333333333,0.5,0.0
hotpotqa_5adf4a275542993a75d26498,hotpotqa,hotpotqa_oncu_200,hybrid,16,220,40,multi_hop,16000,end,medium,unknown,p0001;p0002;p0003,p0001;p0002;p0003,66;34;53;21;77;86;8;64;51;25;47;40;14;38;78;60,3.0,3.0,1.0,1.0,1.0,1.0,1.0,0.0
hotpotqa_5adf4a275542993a75d26498,hotpotqa,hotpotqa_oncu_200,iterative,3,220,40,multi_hop,16000,end,medium,unknown,p0001;p0002;p0003,p0001,77;25;51,1.0,3.0,1.0,0.0,1.0,0.3333333333333333,0.5,0.0
hotpotqa_5adf4a275542993a75d26498,hotpotqa,hotpotqa_oncu_200,iterative,5,220,40,multi_hop,16000,end,medium,unknown,p0001;p0002;p0003,p0001,77;25;51;55;16,1.0,3.0,1.0,0.0,1.0,0.3333333333333333,0.5,0.0
hotpotqa_5adf4a275542993a75d26498,hotpotqa,hotpotqa_oncu_200,iterative,8,220,40,multi_hop,16000,end,medium,unknown,p0001;p0002;p0003,p0001,77;25;51;55;16;64;38;42,1.0,3.0,1.0,0.0,1.0,0.3333333333333333,0.5,0.0
hotpotqa_5adf4a275542993a75d26498,hotpotqa,hotpotqa_oncu_200,iterative,16,220,40,multi_hop,16000,end,medium,unknown,p0001;p0002;p0003,p0001,77;25;51;55;16;64;38;42;34;68;32;8;86;21;12;72,1.0,3.0,1.0,0.0,1.0,0.3333333333333333,0.5,0.0
hotpotqa_5adf4a275542993a75d26498,hotpotqa,hotpotqa_oncu_200,oracle,3,220,40,multi_hop,16000,end,medium,unknown,p0001;p0002;p0003,p0001;p0002;p0003,0;1;2,3.0,3.0,1.0,1.0,1.0,1.0,1.0,0.0
hotpotqa_5adf4a275542993a75d26498,hotpotqa,hotpotqa_oncu_200,oracle,5,220,40,multi_hop,16000,end,medium,unknown,p0001;p0002;p0003,p0001;p0002;p0003,0;1;2,3.0,3.0,1.0,1.0,1.0,1.0,1.0,0.0
hotpotqa_5adf4a275542993a75d26498,hotpotqa,hotpotqa_oncu_200,oracle,8,220,40,multi_hop,16000,end,medium,unknown,p0001;p0002;p0003,p0001;p0002;p0003,0;1;2,3.0,3.0,1.0,1.0,1.0,1.0,1.0,0.0
hotpotqa_5adf4a275542993a75d26498,hotpotqa,hotpotqa_oncu_200,oracle,16,220,40,multi_hop,16000,end,medium,unknown,p0001;p0002;p0003,p0001;p0002;p0003,0;1;2,3.0,3.0,1.0,1.0,1.0,1.0,1.0,0.0
hotpotqa_5ae4c5595542990ba0bbb123,hotpotqa,hotpotqa_oncu_200,lexical,3,220,40,multi_hop,4000,scattered,low,unknown,p0001;p0002,p0002;p0011,11;17;18,2.0,2.0,1.0,0.0,0.5,0.5,0.5,0.5
hotpotqa_5ae4c5595542990ba0bbb123,hotpotqa,hotpotqa_oncu_200,lexical,5,220,40,multi_hop,4000,scattered,low,unknown,p0001;p0002,p0002;p0011,11;17;18;2;19,2.0,2.0,1.0,0.0,0.5,0.5,0.5,0.5
hotpotqa_5ae4c5595542990ba0bbb123,hotpotqa,hotpotqa_oncu_200,lexical,8,220,40,multi_hop,4000,scattered,low,unknown,p0001;p0002,p0002;p0011;p0004;p0005;p0001,11;17;18;2;19;6;1;12,5.0,2.0,1.0,1.0,0.4,1.0,0.5714285714285715,0.6
hotpotqa_5ae4c5595542990ba0bbb123,hotpotqa,hotpotqa_oncu_200,lexical,16,220,40,multi_hop,4000,scattered,low,unknown,p0001;p0002,p0002;p0011;p0004;p0005;p0001;p0006;p0003;p0008;p0010,11;17;18;2;19;6;1;12;13;7;0;5;16;10;14;8,9.0,2.0,1.0,1.0,0.2222222222222222,1.0,0.3636363636363636,0.7777777777777778
hotpotqa_5ae4c5595542990ba0bbb123,hotpotqa,hotpotqa_oncu_200,dense,3,220,40,multi_hop,4000,scattered,low,unknown,p0001;p0002,p0003;p0001,21;5;1,2.0,2.0,1.0,0.0,0.5,0.5,0.5,0.5
hotpotqa_5ae4c5595542990ba0bbb123,hotpotqa,hotpotqa_oncu_200,dense,5,220,40,multi_hop,4000,scattered,low,unknown,p0001;p0002,p0003;p0001,21;5;1;12;0,2.0,2.0,1.0,0.0,0.5,0.5,0.5,0.5
hotpotqa_5ae4c5595542990ba0bbb123,hotpotqa,hotpotqa_oncu_200,dense,8,220,40,multi_hop,4000,scattered,low,unknown,p0001;p0002,p0003;p0001;p0004;p0005;p0007,21;5;1;12;0;4;6;9,5.0,2.0,1.0,0.0,0.2,0.5,0.28571428571428575,0.8
hotpotqa_5ae4c5595542990ba0bbb123,hotpotqa,hotpotqa_oncu_200,dense,16,220,40,multi_hop,4000,scattered,low,unknown,p0001;p0002,p0003;p0001;p0004;p0005;p0007;p0008;p0010;p0002;p0006,21;5;1;12;0;4;6;9;13;20;3;18;8;10;7;14,9.0,2.0,1.0,1.0,0.2222222222222222,1.0,0.3636363636363636,0.7777777777777778
hotpotqa_5ae4c5595542990ba0bbb123,hotpotqa,hotpotqa_oncu_200,hybrid,3,220,40,multi_hop,4000,scattered,low,unknown,p0001;p0002,p0001;p0004;p0005,1;12;6,3.0,2.0,1.0,0.0,0.3333333333333333,0.5,0.4,0.6666666666666666
hotpotqa_5ae4c5595542990ba0bbb123,hotpotqa,hotpotqa_oncu_200,hybrid,5,220,40,multi_hop,4000,scattered,low,unknown,p0001;p0002,p0001;p0004;p0005;p0003,1;12;6;5;18,4.0,2.0,1.0,0.0,0.25,0.5,0.3333333333333333,0.75
hotpotqa_5ae4c5595542990ba0bbb123,hotpotqa,hotpotqa_oncu_200,hybrid,8,220,40,multi_hop,4000,scattered,low,unknown,p0001;p0002,p0001;p0004;p0005;p0003,1;12;6;5;18;0;13;21,4.0,2.0,1.0,0.0,0.25,0.5,0.3333333333333333,0.75
hotpotqa_5ae4c5595542990ba0bbb123,hotpotqa,hotpotqa_oncu_200,hybrid,16,220,40,multi_hop,4000,scattered,low,unknown,p0001;p0002,p0001;p0004;p0005;p0003;p0002;p0011;p0007;p0006;p0008;p0010,1;12;6;5;18;0;13;21;17;11;19;2;4;9;7;10,10.0,2.0,1.0,1.0,0.2,1.0,0.33333333333333337,0.8
hotpotqa_5ae4c5595542990ba0bbb123,hotpotqa,hotpotqa_oncu_200,iterative,3,220,40,multi_hop,4000,scattered,low,unknown,p0001;p0002,p0002;p0011,11;17;18,2.0,2.0,1.0,0.0,0.5,0.5,0.5,0.5
hotpotqa_5ae4c5595542990ba0bbb123,hotpotqa,hotpotqa_oncu_200,iterative,5,220,40,multi_hop,4000,scattered,low,unknown,p0001;p0002,p0002;p0011;p0001;p0004;p0005,11;17;18;1;6,5.0,2.0,1.0,1.0,0.4,1.0,0.5714285714285715,0.6
hotpotqa_5ae4c5595542990ba0bbb123,hotpotqa,hotpotqa_oncu_200,iterative,8,220,40,multi_hop,4000,scattered,low,unknown,p0001;p0002,p0002;p0011;p0001;p0004;p0005;p0008;p0010,11;17;18;1;6;12;10;2,7.0,2.0,1.0,1.0,0.2857142857142857,1.0,0.4444444444444445,0.7142857142857143
hotpotqa_5ae4c5595542990ba0bbb123,hotpotqa,hotpotqa_oncu_200,iterative,16,220,40,multi_hop,4000,scattered,low,unknown,p0001;p0002,p0002;p0011;p0001;p0004;p0005;p0008;p0010;p0006;p0003,11;17;18;1;6;12;10;2;16;19;0;13;7;5;14;4,9.0,2.0,1.0,1.0,0.2222222222222222,1.0,0.3636363636363636,0.7777777777777778
hotpotqa_5ae4c5595542990ba0bbb123,hotpotqa,hotpotqa_oncu_200,oracle,3,220,40,multi_hop,4000,scattered,low,unknown,p0001;p0002,p0001;p0002,0;1,2.0,2.0,1.0,1.0,1.0,1.0,1.0,0.0
hotpotqa_5ae4c5595542990ba0bbb123,hotpotqa,hotpotqa_oncu_200,oracle,5,220,40,multi_hop,4000,scattered,low,unknown,p0001;p0002,p0001;p0002,0;1,2.0,2.0,1.0,1.0,1.0,1.0,1.0,0.0
hotpotqa_5ae4c5595542990ba0bbb123,hotpotqa,hotpotqa_oncu_200,oracle,8,220,40,multi_hop,4000,scattered,low,unknown,p0001;p0002,p0001;p0002,0;1,2.0,2.0,1.0,1.0,1.0,1.0,1.0,0.0
hotpotqa_5ae4c5595542990ba0bbb123,hotpotqa,hotpotqa_oncu_200,oracle,16,220,40,multi_hop,4000,scattered,low,unknown,p0001;p0002,p0001;p0002,0;1,2.0,2.0,1.0,1.0,1.0,1.0,1.0,0.0
hotpotqa_5a837d9a554299123d8c213e,hotpotqa,hotpotqa_oncu_200,lexical,3,220,40,multi_hop,8000,front,medium,unknown,p0001;p0002;p0003,,37;22;2,0.0,3.0,0.0,0.0,0.0,0.0,0.0,0.0
hotpotqa_5a837d9a554299123d8c213e,hotpotqa,hotpotqa_oncu_200,lexical,5,220,40,multi_hop,8000,front,medium,unknown,p0001;p0002;p0003,,37;22;2;10;40,0.0,3.0,0.0,0.0,0.0,0.0,0.0,0.0
hotpotqa_5a837d9a554299123d8c213e,hotpotqa,hotpotqa_oncu_200,lexical,8,220,40,multi_hop,8000,front,medium,unknown,p0001;p0002;p0003,,37;22;2;10;40;31;28;19,0.0,3.0,0.0,0.0,0.0,0.0,0.0,0.0
hotpotqa_5a837d9a554299123d8c213e,hotpotqa,hotpotqa_oncu_200,lexical,16,220,40,multi_hop,8000,front,medium,unknown,p0001;p0002;p0003,p0004;p0005;p0006;p0008;p0011,37;22;2;10;40;31;28;19;13;21;15;33;30;0;42;43,5.0,3.0,0.0,0.0,0.0,0.0,0.0,1.0
hotpotqa_5a837d9a554299123d8c213e,hotpotqa,hotpotqa_oncu_200,dense,3,220,40,multi_hop,8000,front,medium,unknown,p0001;p0002;p0003,,5;20;0,0.0,3.0,0.0,0.0,0.0,0.0,0.0,0.0
hotpotqa_5a837d9a554299123d8c213e,hotpotqa,hotpotqa_oncu_200,dense,5,220,40,multi_hop,8000,front,medium,unknown,p0001;p0002;p0003,p0001;p0002;p0003,5;20;0;28;1,3.0,3.0,1.0,1.0,1.0,1.0,1.0,0.0
hotpotqa_5a837d9a554299123d8c213e,hotpotqa,hotpotqa_oncu_200,dense,8,220,40,multi_hop,8000,front,medium,unknown,p0001;p0002;p0003,p0001;p0002;p0003;p0004;p0005;p0006,5;20;0;28;1;9;37;13,6.0,3.0,1.0,1.0,0.5,1.0,0.6666666666666666,0.5
hotpotqa_5a837d9a554299123d8c213e,hotpotqa,hotpotqa_oncu_200,dense,16,220,40,multi_hop,8000,front,medium,unknown,p0001;p0002;p0003,p0001;p0002;p0003;p0004;p0005;p0006,5;20;0;28;1;9;37;13;23;6;19;32;41;38;33;24,6.0,3.0,1.0,1.0,0.5,1.0,0.6666666666666666,0.5
hotpotqa_5a837d9a554299123d8c213e,hotpotqa,hotpotqa_oncu_200,hybrid,3,220,40,multi_hop,8000,front,medium,unknown,p0001;p0002;p0003,,37;28;0,0.0,3.0,0.0,0.0,0.0,0.0,0.0,0.0
hotpotqa_5a837d9a554299123d8c213e,hotpotqa,hotpotqa_oncu_200,hybrid,5,220,40,multi_hop,8000,front,medium,unknown,p0001;p0002;p0003,p0004;p0005;p0006,37;28;0;5;13,3.0,3.0,0.0,0.0,0.0,0.0,0.0,1.0
hotpotqa_5a837d9a554299123d8c213e,hotpotqa,hotpotqa_oncu_200,hybrid,8,220,40,multi_hop,8000,front,medium,unknown,p0001;p0002;p0003,p0004;p0005;p0006,37;28;0;5;13;19;10;2,3.0,3.0,0.0,0.0,0.0,0.0,0.0,1.0
hotpotqa_5a837d9a554299123d8c213e,hotpotqa,hotpotqa_oncu_200,hybrid,16,220,40,multi_hop,8000,front,medium,unknown,p0001;p0002;p0003,p0004;p0005;p0006;p0008;p0011,37;28;0;5;13;19;10;2;33;9;20;22;42;40;15;24,5.0,3.0,0.0,0.0,0.0,0.0,0.0,1.0
hotpotqa_5a837d9a554299123d8c213e,hotpotqa,hotpotqa_oncu_200,iterative,3,220,40,multi_hop,8000,front,medium,unknown,p0001;p0002;p0003,,37;28;0,0.0,3.0,0.0,0.0,0.0,0.0,0.0,0.0
hotpotqa_5a837d9a554299123d8c213e,hotpotqa,hotpotqa_oncu_200,iterative,5,220,40,multi_hop,8000,front,medium,unknown,p0001;p0002;p0003,,37;28;0;10;5,0.0,3.0,0.0,0.0,0.0,0.0,0.0,0.0
hotpotqa_5a837d9a554299123d8c213e,hotpotqa,hotpotqa_oncu_200,iterative,8,220,40,multi_hop,8000,front,medium,unknown,p0001;p0002;p0003,p0004;p0005;p0006,37;28;0;10;5;19;13;22,3.0,3.0,0.0,0.0,0.0,0.0,0.0,1.0
hotpotqa_5a837d9a554299123d8c213e,hotpotqa,hotpotqa_oncu_200,iterative,16,220,40,multi_hop,8000,front,medium,unknown,p0001;p0002;p0003,p0004;p0005;p0006,37;28;0;10;5;19;13;22;9;2;31;40;33;23;42;41,3.0,3.0,0.0,0.0,0.0,0.0,0.0,1.0
hotpotqa_5a837d9a554299123d8c213e,hotpotqa,hotpotqa_oncu_200,oracle,3,220,40,multi_hop,8000,front,medium,unknown,p0001;p0002;p0003,p0001;p0002;p0003,0;1;2,3.0,3.0,1.0,1.0,1.0,1.0,1.0,0.0
hotpotqa_5a837d9a554299123d8c213e,hotpotqa,hotpotqa_oncu_200,oracle,5,220,40,multi_hop,8000,front,medium,unknown,p0001;p0002;p0003,p0001;p0002;p0003,0;1;2,3.0,3.0,1.0,1.0,1.0,1.0,1.0,0.0
hotpotqa_5a837d9a554299123d8c213e,hotpotqa,hotpotqa_oncu_200,oracle,8,220,40,multi_hop,8000,front,medium,unknown,p0001;p0002;p0003,p0001;p0002;p0003,0;1;2,3.0,3.0,1.0,1.0,1.0,1.0,1.0,0.0
hotpotqa_5a837d9a554299123d8c213e,hotpotqa,hotpotqa_oncu_200,oracle,16,220,40,multi_hop,8000,front,medium,unknown,p0001;p0002;p0003,p0001;p0002;p0003,0;1;2,3.0,3.0,1.0,1.0,1.0,1.0,1.0,0.0
hotpotqa_5a85c3a15542992a431d1b97,hotpotqa,hotpotqa_oncu_200,lexical,3,220,40,multi_hop,16000,middle,medium,unknown,p0001;p0002;p0003,p0001;p0002;p0003;p0013,44;40;32,4.0,3.0,1.0,1.0,0.75,1.0,0.8571428571428571,0.25
hotpotqa_5a85c3a15542992a431d1b97,hotpotqa,hotpotqa_oncu_200,lexical,5,220,40,multi_hop,16000,middle,medium,unknown,p0001;p0002;p0003,p0001;p0002;p0003;p0013,44;40;32;45;54,4.0,3.0,1.0,1.0,0.75,1.0,0.8571428571428571,0.25
hotpotqa_5a85c3a15542992a431d1b97,hotpotqa,hotpotqa_oncu_200,lexical,8,220,40,multi_hop,16000,middle,medium,unknown,p0001;p0002;p0003,p0001;p0002;p0003;p0013,44;40;32;45;54;72;43;46,4.0,3.0,1.0,1.0,0.75,1.0,0.8571428571428571,0.25
hotpotqa_5a85c3a15542992a431d1b97,hotpotqa,hotpotqa_oncu_200,lexical,16,220,40,multi_hop,16000,middle,medium,unknown,p0001;p0002;p0003,p0001;p0002;p0003;p0013,44;40;32;45;54;72;43;46;63;81;26;17;21;3;8;12,4.0,3.0,1.0,1.0,0.75,1.0,0.8571428571428571,0.25
hotpotqa_5a85c3a15542992a431d1b97,hotpotqa,hotpotqa_oncu_200,dense,3,220,40,multi_hop,16000,middle,medium,unknown,p0001;p0002;p0003,p0001;p0002;p0003;p0004;p0005;p0006;p0011,44;28;30,7.0,3.0,1.0,1.0,0.42857142857142855,1.0,0.6,0.5714285714285714
hotpotqa_5a85c3a15542992a431d1b97,hotpotqa,hotpotqa_oncu_200,dense,5,220,40,multi_hop,16000,middle,medium,unknown,p0001;p0002;p0003,p0001;p0002;p0003;p0004;p0005;p0006;p0011,44;28;30;2;11,7.0,3.0,1.0,1.0,0.42857142857142855,1.0,0.6,0.5714285714285714
hotpotqa_5a85c3a15542992a431d1b97,hotpotqa,hotpotqa_oncu_200,dense,8,220,40,multi_hop,16000,middle,medium,unknown,p0001;p0002;p0003,p0001;p0002;p0003;p0004;p0005;p0006;p0011,44;28;30;2;11;20;18;10,7.0,3.0,1.0,1.0,0.42857142857142855,1.0,0.6,0.5714285714285714
hotpotqa_5a85c3a15542992a431d1b97,hotpotqa,hotpotqa_oncu_200,dense,16,220,40,multi_hop,16000,middle,medium,unknown,p0001;p0002;p0003,p0001;p0002;p0003;p0004;p0005;p0006;p0011,44;28;30;2;11;20;18;10;82;55;41;27;84;1;61;73,7.0,3.0,1.0,1.0,0.42857142857142855,1.0,0.6,0.5714285714285714
hotpotqa_5a85c3a15542992a431d1b97,hotpotqa,hotpotqa_oncu_200,hybrid,3,220,40,multi_hop,16000,middle,medium,unknown,p0001;p0002;p0003,p0001;p0002;p0003;p0013,44;32;55,4.0,3.0,1.0,1.0,0.75,1.0,0.8571428571428571,0.25
hotpotqa_5a85c3a15542992a431d1b97,hotpotqa,hotpotqa_oncu_200,hybrid,5,220,40,multi_hop,16000,middle,medium,unknown,p0001;p0002;p0003,p0001;p0002;p0003;p0013;p0004;p0005;p0006,44;32;55;28;43,7.0,3.0,1.0,1.0,0.42857142857142855,1.0,0.6,0.5714285714285714
hotpotqa_5a85c3a15542992a431d1b97,hotpotqa,hotpotqa_oncu_200,hybrid,8,220,40,multi_hop,16000,middle,medium,unknown,p0001;p0002;p0003,p0001;p0002;p0003;p0013;p0004;p0005;p0006,44;32;55;28;43;41;46;18,7.0,3.0,1.0,1.0,0.42857142857142855,1.0,0.6,0.5714285714285714
hotpotqa_5a85c3a15542992a431d1b97,hotpotqa,hotpotqa_oncu_200,hybrid,16,220,40,multi_hop,16000,middle,medium,unknown,p0001;p0002;p0003,p0001;p0002;p0003;p0013;p0004;p0005;p0006,44;32;55;28;43;41;46;18;82;40;45;23;73;54;26;64,7.0,3.0,1.0,1.0,0.42857142857142855,1.0,0.6,0.5714285714285714
hotpotqa_5a85c3a15542992a431d1b97,hotpotqa,hotpotqa_oncu_200,iterative,3,220,40,multi_hop,16000,middle,medium,unknown,p0001;p0002;p0003,p0001;p0002;p0003,44;43;21,3.0,3.0,1.0,1.0,1.0,1.0,1.0,0.0
hotpotqa_5a85c3a15542992a431d1b97,hotpotqa,hotpotqa_oncu_200,iterative,5,220,40,multi_hop,16000,middle,medium,unknown,p0001;p0002;p0003,p0001;p0002;p0003;p0013,44;43;21;12;32,4.0,3.0,1.0,1.0,0.75,1.0,0.8571428571428571,0.25
hotpotqa_5a85c3a15542992a431d1b97,hotpotqa,hotpotqa_oncu_200,iterative,8,220,40,multi_hop,16000,middle,medium,unknown,p0001;p0002;p0003,p0001;p0002;p0003;p0013;p0012,44;43;21;12;32;3;31;85,5.0,3.0,1.0,1.0,0.6,1.0,0.7499999999999999,0.4
hotpotqa_5a85c3a15542992a431d1b97,hotpotqa,hotpotqa_oncu_200,iterative,16,220,40,multi_hop,16000,middle,medium,unknown,p0001;p0002;p0003,p0001;p0002;p0003;p0013;p0012,44;43;21;12;32;3;31;85;76;40;49;35;58;72;67;26,5.0,3.0,1.0,1.0,0.6,1.0,0.7499999999999999,0.4
hotpotqa_5a85c3a15542992a431d1b97,hotpotqa,hotpotqa_oncu_200,oracle,3,220,40,multi_hop,16000,middle,medium,unknown,p0001;p0002;p0003,p0001;p0002;p0003,0;1;2,3.0,3.0,1.0,1.0,1.0,1.0,1.0,0.0
hotpotqa_5a85c3a15542992a431d1b97,hotpotqa,hotpotqa_oncu_200,oracle,5,220,40,multi_hop,16000,middle,medium,unknown,p0001;p0002;p0003,p0001;p0002;p0003,0;1;2,3.0,3.0,1.0,1.0,1.0,1.0,1.0,0.0
hotpotqa_5a85c3a15542992a431d1b97,hotpotqa,hotpotqa_oncu_200,oracle,8,220,40,multi_hop,16000,middle,medium,unknown,p0001;p0002;p0003,p0001;p0002;p0003,0;1;2,3.0,3.0,1.0,1.0,1.0,1.0,1.0,0.0
hotpotqa_5a85c3a15542992a431d1b97,hotpotqa,hotpotqa_oncu_200,oracle,16,220,40,multi_hop,16000,middle,medium,unknown,p0001;p0002;p0003,p0001;p0002;p0003,0;1;2,3.0,3.0,1.0,1.0,1.0,1.0,1.0,0.0
hotpotqa_5a78daf855429970f5fffdae,hotpotqa,hotpotqa_oncu_200,lexical,3,220,40,comparison,4000,end,medium,unknown,p0001;p0002;p0003,p0001;p0002;p0003,19;21;12,3.0,3.0,1.0,1.0,1.0,1.0,1.0,0.0
hotpotqa_5a78daf855429970f5fffdae,hotpotqa,hotpotqa_oncu_200,lexical,5,220,40,comparison,4000,end,medium,unknown,p0001;p0002;p0003,p0001;p0002;p0003,19;21;12;4;0,3.0,3.0,1.0,1.0,1.0,1.0,1.0,0.0
hotpotqa_5a78daf855429970f5fffdae,hotpotqa,hotpotqa_oncu_200,lexical,8,220,40,comparison,4000,end,medium,unknown,p0001;p0002;p0003,p0001;p0002;p0003;p0004;p0005,19;21;12;4;0;2;5;16,5.0,3.0,1.0,1.0,0.6,1.0,0.7499999999999999,0.4
hotpotqa_5a78daf855429970f5fffdae,hotpotqa,hotpotqa_oncu_200,lexical,16,220,40,comparison,4000,end,medium,unknown,p0001;p0002;p0003,p0001;p0002;p0003;p0004;p0005;p0006;p0009;p0010;p0011,19;21;12;4;0;2;5;16;17;6;13;15;8;10;11;14,9.0,3.0,1.0,1.0,0.3333333333333333,1.0,0.5,0.6666666666666666
hotpotqa_5a78daf855429970f5fffdae,hotpotqa,hotpotqa_oncu_200,dense,3,220,40,comparison,4000,end,medium,unknown,p0001;p0002;p0003,p0001;p0002;p0003,19;21;12,3.0,3.0,1.0,1.0,1.0,1.0,1.0,0.0
hotpotqa_5a78daf855429970f5fffdae,hotpotqa,hotpotqa_oncu_200,dense,5,220,40,comparison,4000,end,medium,unknown,p0001;p0002;p0003,p0001;p0002;p0003,19;21;12;4;11,3.0,3.0,1.0,1.0,1.0,1.0,1.0,0.0
hotpotqa_5a78daf855429970f5fffdae,hotpotqa,hotpotqa_oncu_200,dense,8,220,40,comparison,4000,end,medium,unknown,p0001;p0002;p0003,p0001;p0002;p0003,19;21;12;4;11;2;20;15,3.0,3.0,1.0,1.0,1.0,1.0,1.0,0.0
hotpotqa_5a78daf855429970f5fffdae,hotpotqa,hotpotqa_oncu_200,dense,16,220,40,comparison,4000,end,medium,unknown,p0001;p0002;p0003,p0001;p0002;p0003;p0004;p0005;p0009;p0010;p0011;p0006,19;21;12;4;11;2;20;15;5;10;0;17;8;6;16;14,9.0,3.0,1.0,1.0,0.3333333333333333,1.0,0.5,0.6666666666666666
hotpotqa_5a78daf855429970f5fffdae,hotpotqa,hotpotqa_oncu_200,hybrid,3,220,40,comparison,4000,end,medium,unknown,p0001;p0002;p0003,p0001;p0002;p0003,19;21;12,3.0,3.0,1.0,1.0,1.0,1.0,1.0,0.0
hotpotqa_5a78daf855429970f5fffdae,hotpotqa,hotpotqa_oncu_200,hybrid,5,220,40,comparison,4000,end,medium,unknown,p0001;p0002;p0003,p0001;p0002;p0003,19;21;12;4;2,3.0,3.0,1.0,1.0,1.0,1.0,1.0,0.0
hotpotqa_5a78daf855429970f5fffdae,hotpotqa,hotpotqa_oncu_200,hybrid,8,220,40,comparison,4000,end,medium,unknown,p0001;p0002;p0003,p0001;p0002;p0003;p0004;p0005,19;21;12;4;2;0;5;11,5.0,3.0,1.0,1.0,0.6,1.0,0.7499999999999999,0.4
hotpotqa_5a78daf855429970f5fffdae,hotpotqa,hotpotqa_oncu_200,hybrid,16,220,40,comparison,4000,end,medium,unknown,p0001;p0002;p0003,p0001;p0002;p0003;p0004;p0005;p0006;p0009;p0010;p0011,19;21;12;4;2;0;5;11;15;17;16;20;6;10;8;13,9.0,3.0,1.0,1.0,0.3333333333333333,1.0,0.5,0.6666666666666666
hotpotqa_5a78daf855429970f5fffdae,hotpotqa,hotpotqa_oncu_200,iterative,3,220,40,comparison,4000,end,medium,unknown,p0001;p0002;p0003,p0001;p0002;p0003,19;2;21,3.0,3.0,1.0,1.0,1.0,1.0,1.0,0.0
hotpotqa_5a78daf855429970f5fffdae,hotpotqa,hotpotqa_oncu_200,iterative,5,220,40,comparison,4000,end,medium,unknown,p0001;p0002;p0003,p0001;p0002;p0003;p0004;p0005,19;2;21;12;5,5.0,3.0,1.0,1.0,0.6,1.0,0.7499999999999999,0.4
hotpotqa_5a78daf855429970f5fffdae,hotpotqa,hotpotqa_oncu_200,iterative,8,220,40,comparison,4000,end,medium,unknown,p0001;p0002;p0003,p0001;p0002;p0003;p0004;p0005,19;2;21;12;5;14;10;4,5.0,3.0,1.0,1.0,0.6,1.0,0.7499999999999999,0.4
hotpotqa_5a78daf855429970f5fffdae,hotpotqa,hotpotqa_oncu_200,iterative,16,220,40,comparison,4000,end,medium,unknown,p0001;p0002;p0003,p0001;p0002;p0003;p0004;p0005;p0009;p0010;p0011;p0007;p0006,19;2;21;12;5;14;10;4;0;8;16;18;7;15;6;1,10.0,3.0,1.0,1.0,0.3,1.0,0.4615384615384615,0.7
hotpotqa_5a78daf855429970f5fffdae,hotpotqa,hotpotqa_oncu_200,oracle,3,220,40,comparison,4000,end,medium,unknown,p0001;p0002;p0003,p0001;p0002;p0003,0;1;2,3.0,3.0,1.0,1.0,1.0,1.0,1.0,0.0
hotpotqa_5a78daf855429970f5fffdae,hotpotqa,hotpotqa_oncu_200,oracle,5,220,40,comparison,4000,end,medium,unknown,p0001;p0002;p0003,p0001;p0002;p0003,0;1;2,3.0,3.0,1.0,1.0,1.0,1.0,1.0,0.0
hotpotqa_5a78daf855429970f5fffdae,hotpotqa,hotpotqa_oncu_200,oracle,8,220,40,comparison,4000,end,medium,unknown,p0001;p0002;p0003,p0001;p0002;p0003,0;1;2,3.0,3.0,1.0,1.0,1.0,1.0,1.0,0.0
hotpotqa_5a78daf855429970f5fffdae,hotpotqa,hotpotqa_oncu_200,oracle,16,220,40,comparison,4000,end,medium,unknown,p0001;p0002;p0003,p0001;p0002;p0003,0;1;2,3.0,3.0,1.0,1.0,1.0,1.0,1.0,0.0
hotpotqa_5a8eb4d65542990e94052b82,hotpotqa,hotpotqa_oncu_200,lexical,3,220,40,multi_hop,8000,scattered,medium,unknown,p0001;p0002;p0003,p0001,4;3;43,1.0,3.0,1.0,0.0,1.0,0.3333333333333333,0.5,0.0
hotpotqa_5a8eb4d65542990e94052b82,hotpotqa,hotpotqa_oncu_200,lexical,5,220,40,multi_hop,8000,scattered,medium,unknown,p0001;p0002;p0003,p0001,4;3;43;33;24,1.0,3.0,1.0,0.0,1.0,0.3333333333333333,0.5,0.0
hotpotqa_5a8eb4d65542990e94052b82,hotpotqa,hotpotqa_oncu_200,lexical,8,220,40,multi_hop,8000,scattered,medium,unknown,p0001;p0002;p0003,p0001,4;3;43;33;24;10;37;17,1.0,3.0,1.0,0.0,1.0,0.3333333333333333,0.5,0.0
hotpotqa_5a8eb4d65542990e94052b82,hotpotqa,hotpotqa_oncu_200,lexical,16,220,40,multi_hop,8000,scattered,medium,unknown,p0001;p0002;p0003,p0001,4;3;43;33;24;10;37;17;0;26;27;34;7;36;30;20,1.0,3.0,1.0,0.0,1.0,0.3333333333333333,0.5,0.0
hotpotqa_5a8eb4d65542990e94052b82,hotpotqa,hotpotqa_oncu_200,dense,3,220,40,multi_hop,8000,scattered,medium,unknown,p0001;p0002;p0003,p0001,6;4;29,1.0,3.0,1.0,0.0,1.0,0.3333333333333333,0.5,0.0
hotpotqa_5a8eb4d65542990e94052b82,hotpotqa,hotpotqa_oncu_200,dense,5,220,40,multi_hop,8000,scattered,medium,unknown,p0001;p0002;p0003,p0001,6;4;29;36;19,1.0,3.0,1.0,0.0,1.0,0.3333333333333333,0.5,0.0
hotpotqa_5a8eb4d65542990e94052b82,hotpotqa,hotpotqa_oncu_200,dense,8,220,40,multi_hop,8000,scattered,medium,unknown,p0001;p0002;p0003,p0001,6;4;29;36;19;43;33;23,1.0,3.0,1.0,0.0,1.0,0.3333333333333333,0.5,0.0
hotpotqa_5a8eb4d65542990e94052b82,hotpotqa,hotpotqa_oncu_200,dense,16,220,40,multi_hop,8000,scattered,medium,unknown,p0001;p0002;p0003,p0001;p0004;p0005;p0006;p0011;p0012;p0003,6;4;29;36;19;43;33;23;26;13;3;0;16;39;30;10,7.0,3.0,1.0,0.0,0.2857142857142857,0.6666666666666666,0.4,0.7142857142857143
hotpotqa_5a8eb4d65542990e94052b82,hotpotqa,hotpotqa_oncu_200,hybrid,3,220,40,multi_hop,8000,scattered,medium,unknown,p0001;p0002;p0003,p0001,4;43;33,1.0,3.0,1.0,0.0,1.0,0.3333333333333333,0.5,0.0
hotpotqa_5a8eb4d65542990e94052b82,hotpotqa,hotpotqa_oncu_200,hybrid,5,220,40,multi_hop,8000,scattered,medium,unknown,p0001;p0002;p0003,p0001,4;43;33;3;6,1.0,3.0,1.0,0.0,1.0,0.3333333333333333,0.5,0.0
hotpotqa_5a8eb4d65542990e94052b82,hotpotqa,hotpotqa_oncu_200,hybrid,8,220,40,multi_hop,8000,scattered,medium,unknown,p0001;p0002;p0003,p0001,4;43;33;3;6;36;26;0,1.0,3.0,1.0,0.0,1.0,0.3333333333333333,0.5,0.0
hotpotqa_5a8eb4d65542990e94052b82,hotpotqa,hotpotqa_oncu_200,hybrid,16,220,40,multi_hop,8000,scattered,medium,unknown,p0001;p0002;p0003,p0001,4;43;33;3;6;36;26;0;10;29;19;23;17;30;24;37,1.0,3.0,1.0,0.0,1.0,0.3333333333333333,0.5,0.0
hotpotqa_5a8eb4d65542990e94052b82,hotpotqa,hotpotqa_oncu_200,iterative,3,220,40,multi_hop,8000,scattered,medium,unknown,p0001;p0002;p0003,p0001,4;10;17,1.0,3.0,1.0,0.0,1.0,0.3333333333333333,0.5,0.0
hotpotqa_5a8eb4d65542990e94052b82,hotpotqa,hotpotqa_oncu_200,iterative,5,220,40,multi_hop,8000,scattered,medium,unknown,p0001;p0002;p0003,p0001,4;10;17;7;43,1.0,3.0,1.0,0.0,1.0,0.3333333333333333,0.5,0.0
hotpotqa_5a8eb4d65542990e94052b82,hotpotqa,hotpotqa_oncu_200,iterative,8,220,40,multi_hop,8000,scattered,medium,unknown,p0001;p0002;p0003,p0001,4;10;17;7;43;3;24;37,1.0,3.0,1.0,0.0,1.0,0.3333333333333333,0.5,0.0
hotpotqa_5a8eb4d65542990e94052b82,hotpotqa,hotpotqa_oncu_200,iterative,16,220,40,multi_hop,8000,scattered,medium,unknown,p0001;p0002;p0003,p0001,4;10;17;7;43;3;24;37;33;27;0;20;44;30;40;34,1.0,3.0,1.0,0.0,1.0,0.3333333333333333,0.5,0.0
hotpotqa_5a8eb4d65542990e94052b82,hotpotqa,hotpotqa_oncu_200,oracle,3,220,40,multi_hop,8000,scattered,medium,unknown,p0001;p0002;p0003,p0001;p0002;p0003,0;1;2,3.0,3.0,1.0,1.0,1.0,1.0,1.0,0.0
hotpotqa_5a8eb4d65542990e94052b82,hotpotqa,hotpotqa_oncu_200,oracle,5,220,40,multi_hop,8000,scattered,medium,unknown,p0001;p0002;p0003,p0001;p0002;p0003,0;1;2,3.0,3.0,1.0,1.0,1.0,1.0,1.0,0.0
hotpotqa_5a8eb4d65542990e94052b82,hotpotqa,hotpotqa_oncu_200,oracle,8,220,40,multi_hop,8000,scattered,medium,unknown,p0001;p0002;p0003,p0001;p0002;p0003,0;1;2,3.0,3.0,1.0,1.0,1.0,1.0,1.0,0.0
hotpotqa_5a8eb4d65542990e94052b82,hotpotqa,hotpotqa_oncu_200,oracle,16,220,40,multi_hop,8000,scattered,medium,unknown,p0001;p0002;p0003,p0001;p0002;p0003,0;1;2,3.0,3.0,1.0,1.0,1.0,1.0,1.0,0.0
hotpotqa_5a8038b55542996402f6a485,hotpotqa,hotpotqa_oncu_200,lexical,3,220,40,multi_hop,16000,front,low,unknown,p0001;p0002,p0001;p0002,4;3;73,2.0,2.0,1.0,1.0,1.0,1.0,1.0,0.0
hotpotqa_5a8038b55542996402f6a485,hotpotqa,hotpotqa_oncu_200,lexical,5,220,40,multi_hop,16000,front,low,unknown,p0001;p0002,p0001;p0002,4;3;73;75;77,2.0,2.0,1.0,1.0,1.0,1.0,1.0,0.0
hotpotqa_5a8038b55542996402f6a485,hotpotqa,hotpotqa_oncu_200,lexical,8,220,40,multi_hop,16000,front,low,unknown,p0001;p0002,p0001;p0002,4;3;73;75;77;79;5;71,2.0,2.0,1.0,1.0,1.0,1.0,1.0,0.0
hotpotqa_5a8038b55542996402f6a485,hotpotqa,hotpotqa_oncu_200,lexical,16,220,40,multi_hop,16000,front,low,unknown,p0001;p0002,p0001;p0002,4;3;73;75;77;79;5;71;81;83;37;35;53;67;69;7,2.0,2.0,1.0,1.0,1.0,1.0,1.0,0.0
hotpotqa_5a8038b55542996402f6a485,hotpotqa,hotpotqa_oncu_200,dense,3,220,40,multi_hop,16000,front,low,unknown,p0001;p0002,p0001;p0002,4;25;27,2.0,2.0,1.0,1.0,1.0,1.0,1.0,0.0
hotpotqa_5a8038b55542996402f6a485,hotpotqa,hotpotqa_oncu_200,dense,5,220,40,multi_hop,16000,front,low,unknown,p0001;p0002,p0001;p0002,4;25;27;37;23,2.0,2.0,1.0,1.0,1.0,1.0,1.0,0.0
hotpotqa_5a8038b55542996402f6a485,hotpotqa,hotpotqa_oncu_200,dense,8,220,40,multi_hop,16000,front,low,unknown,p0001;p0002,p0001;p0002,4;25;27;37;23;5;39;2,2.0,2.0,1.0,1.0,1.0,1.0,1.0,0.0
hotpotqa_5a8038b55542996402f6a485,hotpotqa,hotpotqa_oncu_200,dense,16,220,40,multi_hop,16000,front,low,unknown,p0001;p0002,p0001;p0002,4;25;27;37;23;5;39;2;73;19;41;11;21;35;17;13,2.0,2.0,1.0,1.0,1.0,1.0,1.0,0.0
hotpotqa_5a8038b55542996402f6a485,hotpotqa,hotpotqa_oncu_200,hybrid,3,220,40,multi_hop,16000,front,low,unknown,p0001;p0002,p0001;p0002,4;73;5,2.0,2.0,1.0,1.0,1.0,1.0,1.0,0.0
hotpotqa_5a8038b55542996402f6a485,hotpotqa,hotpotqa_oncu_200,hybrid,5,220,40,multi_hop,16000,front,low,unknown,p0001;p0002,p0001;p0002,4;73;5;37;35,2.0,2.0,1.0,1.0,1.0,1.0,1.0,0.0
hotpotqa_5a8038b55542996402f6a485,hotpotqa,hotpotqa_oncu_200,hybrid,8,220,40,multi_hop,16000,front,low,unknown,p0001;p0002,p0001;p0002,4;73;5;37;35;71;27;25,2.0,2.0,1.0,1.0,1.0,1.0,1.0,0.0
hotpotqa_5a8038b55542996402f6a485,hotpotqa,hotpotqa_oncu_200,hybrid,16,220,40,multi_hop,16000,front,low,unknown,p0001;p0002,p0001;p0002,4;73;5;37;35;71;27;25;75;23;77;79;2;7;39;83,2.0,2.0,1.0,1.0,1.0,1.0,1.0,0.0
hotpotqa_5a8038b55542996402f6a485,hotpotqa,hotpotqa_oncu_200,iterative,3,220,40,multi_hop,16000,front,low,unknown,p0001;p0002,p0001;p0002,4;3;73,2.0,2.0,1.0,1.0,1.0,1.0,1.0,0.0
hotpotqa_5a8038b55542996402f6a485,hotpotqa,hotpotqa_oncu_200,iterative,5,220,40,multi_hop,16000,front,low,unknown,p0001;p0002,p0001;p0002,4;3;73;77;75,2.0,2.0,1.0,1.0,1.0,1.0,1.0,0.0
hotpotqa_5a8038b55542996402f6a485,hotpotqa,hotpotqa_oncu_200,iterative,8,220,40,multi_hop,16000,front,low,unknown,p0001;p0002,p0001;p0002,4;3;73;77;75;79;1;5,2.0,2.0,1.0,1.0,1.0,1.0,1.0,0.0
hotpotqa_5a8038b55542996402f6a485,hotpotqa,hotpotqa_oncu_200,iterative,16,220,40,multi_hop,16000,front,low,unknown,p0001;p0002,p0001;p0002;p0003;p0004;p0005;p0006,4;3;73;77;75;79;1;5;81;32;83;29;71;88;80;34,6.0,2.0,1.0,1.0,0.3333333333333333,1.0,0.5,0.6666666666666666
hotpotqa_5a8038b55542996402f6a485,hotpotqa,hotpotqa_oncu_200,oracle,3,220,40,multi_hop,16000,front,low,unknown,p0001;p0002,p0001;p0002,0;1,2.0,2.0,1.0,1.0,1.0,1.0,1.0,0.0
hotpotqa_5a8038b55542996402f6a485,hotpotqa,hotpotqa_oncu_200,oracle,5,220,40,multi_hop,16000,front,low,unknown,p0001;p0002,p0001;p0002,0;1,2.0,2.0,1.0,1.0,1.0,1.0,1.0,0.0
hotpotqa_5a8038b55542996402f6a485,hotpotqa,hotpotqa_oncu_200,oracle,8,220,40,multi_hop,16000,front,low,unknown,p0001;p0002,p0001;p0002,0;1,2.0,2.0,1.0,1.0,1.0,1.0,1.0,0.0
hotpotqa_5a8038b55542996402f6a485,hotpotqa,hotpotqa_oncu_200,oracle,16,220,40,multi_hop,16000,front,low,unknown,p0001;p0002,p0001;p0002,0;1,2.0,2.0,1.0,1.0,1.0,1.0,1.0,0.0
hotpotqa_5ab83d595542990e739ec886,hotpotqa,hotpotqa_oncu_200,lexical,3,220,40,multi_hop,4000,middle,low,unknown,p0001;p0002,p0001;p0002,11;10;12,2.0,2.0,1.0,1.0,1.0,1.0,1.0,0.0
hotpotqa_5ab83d595542990e739ec886,hotpotqa,hotpotqa_oncu_200,lexical,5,220,40,multi_hop,4000,middle,low,unknown,p0001;p0002,p0001;p0002,11;10;12;21;1,2.0,2.0,1.0,1.0,1.0,1.0,1.0,0.0
hotpotqa_5ab83d595542990e739ec886,hotpotqa,hotpotqa_oncu_200,lexical,8,220,40,multi_hop,4000,middle,low,unknown,p0001;p0002,p0001;p0002,11;10;12;21;1;14;16;3,2.0,2.0,1.0,1.0,1.0,1.0,1.0,0.0
hotpotqa_5ab83d595542990e739ec886,hotpotqa,hotpotqa_oncu_200,lexical,16,220,40,multi_hop,4000,middle,low,unknown,p0001;p0002,p0001;p0002;p0003;p0004;p0005,11;10;12;21;1;14;16;3;19;20;5;6;0;18;15;13,5.0,2.0,1.0,1.0,0.4,1.0,0.5714285714285715,0.6
hotpotqa_5ab83d595542990e739ec886,hotpotqa,hotpotqa_oncu_200,dense,3,220,40,multi_hop,4000,middle,low,unknown,p0001;p0002,p0001;p0002,11;20;14,2.0,2.0,1.0,1.0,1.0,1.0,1.0,0.0
hotpotqa_5ab83d595542990e739ec886,hotpotqa,hotpotqa_oncu_200,dense,5,220,40,multi_hop,4000,middle,low,unknown,p0001;p0002,p0001;p0002;p0008;p0010;p0012,11;20;14;8;16,5.0,2.0,1.0,1.0,0.4,1.0,0.5714285714285715,0.6
hotpotqa_5ab83d595542990e739ec886,hotpotqa,hotpotqa_oncu_200,dense,8,220,40,multi_hop,4000,middle,low,unknown,p0001;p0002,p0001;p0002;p0008;p0010;p0012,11;20;14;8;16;1;3;12,5.0,2.0,1.0,1.0,0.4,1.0,0.5714285714285715,0.6
hotpotqa_5ab83d595542990e739ec886,hotpotqa,hotpotqa_oncu_200,dense,16,220,40,multi_hop,4000,middle,low,unknown,p0001;p0002,p0001;p0002;p0008;p0010;p0012,11;20;14;8;16;1;3;12;5;18;10;9;21;15;19;0,5.0,2.0,1.0,1.0,0.4,1.0,0.5714285714285715,0.6
hotpotqa_5ab83d595542990e739ec886,hotpotqa,hotpotqa_oncu_200,hybrid,3,220,40,multi_hop,4000,middle,low,unknown,p0001;p0002,p0001;p0002,11;14;12,2.0,2.0,1.0,1.0,1.0,1.0,1.0,0.0
hotpotqa_5ab83d595542990e739ec886,hotpotqa,hotpotqa_oncu_200,hybrid,5,220,40,multi_hop,4000,middle,low,unknown,p0001;p0002,p0001;p0002,11;14;12;1;20,2.0,2.0,1.0,1.0,1.0,1.0,1.0,0.0
hotpotqa_5ab83d595542990e739ec886,hotpotqa,hotpotqa_oncu_200,hybrid,8,220,40,multi_hop,4000,middle,low,unknown,p0001;p0002,p0001;p0002,11;14;12;1;20;16;10;3,2.0,2.0,1.0,1.0,1.0,1.0,1.0,0.0
hotpotqa_5ab83d595542990e739ec886,hotpotqa,hotpotqa_oncu_200,hybrid,16,220,40,multi_hop,4000,middle,low,unknown,p0001;p0002,p0001;p0002;p0008;p0010;p0012,11;14;12;1;20;16;10;3;21;5;8;19;18;0;15;9,5.0,2.0,1.0,1.0,0.4,1.0,0.5714285714285715,0.6
hotpotqa_5ab83d595542990e739ec886,hotpotqa,hotpotqa_oncu_200,iterative,3,220,40,multi_hop,4000,middle,low,unknown,p0001;p0002,p0001;p0002,11;10;21,2.0,2.0,1.0,1.0,1.0,1.0,1.0,0.0
hotpotqa_5ab83d595542990e739ec886,hotpotqa,hotpotqa_oncu_200,iterative,5,220,40,multi_hop,4000,middle,low,unknown,p0001;p0002,p0001;p0002,11;10;21;19;0,2.0,2.0,1.0,1.0,1.0,1.0,1.0,0.0
hotpotqa_5ab83d595542990e739ec886,hotpotqa,hotpotqa_oncu_200,iterative,8,220,40,multi_hop,4000,middle,low,unknown,p0001;p0002,p0001;p0002,11;10;21;19;0;12;1;15,2.0,2.0,1.0,1.0,1.0,1.0,1.0,0.0
hotpotqa_5ab83d595542990e739ec886,hotpotqa,hotpotqa_oncu_200,iterative,16,220,40,multi_hop,4000,middle,low,unknown,p0001;p0002,p0001;p0002;p0006;p0007;p0003;p0004;p0005,11;10;21;19;0;12;1;15;14;2;7;13;20;16;3;6,7.0,2.0,1.0,1.0,0.2857142857142857,1.0,0.4444444444444445,0.7142857142857143
hotpotqa_5ab83d595542990e739ec886,hotpotqa,hotpotqa_oncu_200,oracle,3,220,40,multi_hop,4000,middle,low,unknown,p0001;p0002,p0001;p0002,0;1,2.0,2.0,1.0,1.0,1.0,1.0,1.0,0.0
hotpotqa_5ab83d595542990e739ec886,hotpotqa,hotpotqa_oncu_200,oracle,5,220,40,multi_hop,4000,middle,low,unknown,p0001;p0002,p0001;p0002,0;1,2.0,2.0,1.0,1.0,1.0,1.0,1.0,0.0
hotpotqa_5ab83d595542990e739ec886,hotpotqa,hotpotqa_oncu_200,oracle,8,220,40,multi_hop,4000,middle,low,unknown,p0001;p0002,p0001;p0002,0;1,2.0,2.0,1.0,1.0,1.0,1.0,1.0,0.0
hotpotqa_5ab83d595542990e739ec886,hotpotqa,hotpotqa_oncu_200,oracle,16,220,40,multi_hop,4000,middle,low,unknown,p0001;p0002,p0001;p0002,0;1,2.0,2.0,1.0,1.0,1.0,1.0,1.0,0.0
hotpotqa_5ae0d52e554299603e418469,hotpotqa,hotpotqa_oncu_200,lexical,3,220,40,multi_hop,8000,end,medium,unknown,p0001;p0002;p0003,p0001;p0002;p0003,2;38;35,3.0,3.0,1.0,1.0,1.0,1.0,1.0,0.0
hotpotqa_5ae0d52e554299603e418469,hotpotqa,hotpotqa_oncu_200,lexical,5,220,40,multi_hop,8000,end,medium,unknown,p0001;p0002;p0003,p0001;p0002;p0003,2;38;35;28;9,3.0,3.0,1.0,1.0,1.0,1.0,1.0,0.0
hotpotqa_5ae0d52e554299603e418469,hotpotqa,hotpotqa_oncu_200,lexical,8,220,40,multi_hop,8000,end,medium,unknown,p0001;p0002;p0003,p0001;p0002;p0003,2;38;35;28;9;21;42;41,3.0,3.0,1.0,1.0,1.0,1.0,1.0,0.0
hotpotqa_5ae0d52e554299603e418469,hotpotqa,hotpotqa_oncu_200,lexical,16,220,40,multi_hop,8000,end,medium,unknown,p0001;p0002;p0003,p0001;p0002;p0003;p0006;p0008;p0009,2;38;35;28;9;21;42;41;40;20;34;22;8;1;14;29,6.0,3.0,1.0,1.0,0.5,1.0,0.6666666666666666,0.5
hotpotqa_5ae0d52e554299603e418469,hotpotqa,hotpotqa_oncu_200,dense,3,220,40,multi_hop,8000,end,medium,unknown,p0001;p0002;p0003,p0006;p0008;p0009;p0013,14;16;28,4.0,3.0,0.0,0.0,0.0,0.0,0.0,1.0
hotpotqa_5ae0d52e554299603e418469,hotpotqa,hotpotqa_oncu_200,dense,5,220,40,multi_hop,8000,end,medium,unknown,p0001;p0002;p0003,p0006;p0008;p0009;p0013,14;16;28;43;8,4.0,3.0,0.0,0.0,0.0,0.0,0.0,1.0
hotpotqa_5ae0d52e554299603e418469,hotpotqa,hotpotqa_oncu_200,dense,8,220,40,multi_hop,8000,end,medium,unknown,p0001;p0002;p0003,p0006;p0008;p0009;p0013,14;16;28;43;8;23;36;10,4.0,3.0,0.0,0.0,0.0,0.0,0.0,1.0
hotpotqa_5ae0d52e554299603e418469,hotpotqa,hotpotqa_oncu_200,dense,16,220,40,multi_hop,8000,end,medium,unknown,p0001;p0002;p0003,p0006;p0008;p0009;p0013;p0001;p0002;p0003,14;16;28;43;8;23;36;10;35;3;2;38;9;42;21;22,7.0,3.0,1.0,1.0,0.42857142857142855,1.0,0.6,0.5714285714285714
hotpotqa_5ae0d52e554299603e418469,hotpotqa,hotpotqa_oncu_200,hybrid,3,220,40,multi_hop,8000,end,medium,unknown,p0001;p0002;p0003,,28;2;35,0.0,3.0,0.0,0.0,0.0,0.0,0.0,0.0
hotpotqa_5ae0d52e554299603e418469,hotpotqa,hotpotqa_oncu_200,hybrid,5,220,40,multi_hop,8000,end,medium,unknown,p0001;p0002;p0003,p0001;p0002;p0003;p0006;p0008;p0009,28;2;35;38;14,6.0,3.0,1.0,1.0,0.5,1.0,0.6666666666666666,0.5
hotpotqa_5ae0d52e554299603e418469,hotpotqa,hotpotqa_oncu_200,hybrid,8,220,40,multi_hop,8000,end,medium,unknown,p0001;p0002;p0003,p0001;p0002;p0003;p0006;p0008;p0009,28;2;35;38;14;8;9;21,6.0,3.0,1.0,1.0,0.5,1.0,0.6666666666666666,0.5
hotpotqa_5ae0d52e554299603e418469,hotpotqa,hotpotqa_oncu_200,hybrid,16,220,40,multi_hop,8000,end,medium,unknown,p0001;p0002;p0003,p0001;p0002;p0003;p0006;p0008;p0009;p0013,28;2;35;38;14;8;9;21;42;36;41;43;23;22;3;16,7.0,3.0,1.0,1.0,0.42857142857142855,1.0,0.6,0.5714285714285714
hotpotqa_5ae0d52e554299603e418469,hotpotqa,hotpotqa_oncu_200,iterative,3,220,40,multi_hop,8000,end,medium,unknown,p0001;p0002;p0003,,2;28;35,0.0,3.0,0.0,0.0,0.0,0.0,0.0,0.0
hotpotqa_5ae0d52e554299603e418469,hotpotqa,hotpotqa_oncu_200,iterative,5,220,40,multi_hop,8000,end,medium,unknown,p0001;p0002;p0003,,2;28;35;21;8,0.0,3.0,0.0,0.0,0.0,0.0,0.0,0.0
hotpotqa_5ae0d52e554299603e418469,hotpotqa,hotpotqa_oncu_200,iterative,8,220,40,multi_hop,8000,end,medium,unknown,p0001;p0002;p0003,,2;28;35;21;8;41;42;9,0.0,3.0,0.0,0.0,0.0,0.0,0.0,0.0
hotpotqa_5ae0d52e554299603e418469,hotpotqa,hotpotqa_oncu_200,iterative,16,220,40,multi_hop,8000,end,medium,unknown,p0001;p0002;p0003,p0006;p0008;p0009;p0001;p0002;p0003,2;28;35;21;8;41;42;9;14;22;34;38;1;40;20;37,6.0,3.0,1.0,1.0,0.5,1.0,0.6666666666666666,0.5
hotpotqa_5ae0d52e554299603e418469,hotpotqa,hotpotqa_oncu_200,oracle,3,220,40,multi_hop,8000,end,medium,unknown,p0001;p0002;p0003,p0001;p0002;p0003,0;1;2,3.0,3.0,1.0,1.0,1.0,1.0,1.0,0.0
hotpotqa_5ae0d52e554299603e418469,hotpotqa,hotpotqa_oncu_200,oracle,5,220,40,multi_hop,8000,end,medium,unknown,p0001;p0002;p0003,p0001;p0002;p0003,0;1;2,3.0,3.0,1.0,1.0,1.0,1.0,1.0,0.0
hotpotqa_5ae0d52e554299603e418469,hotpotqa,hotpotqa_oncu_200,oracle,8,220,40,multi_hop,8000,end,medium,unknown,p0001;p0002;p0003,p0001;p0002;p0003,0;1;2,3.0,3.0,1.0,1.0,1.0,1.0,1.0,0.0
hotpotqa_5ae0d52e554299603e418469,hotpotqa,hotpotqa_oncu_200,oracle,16,220,40,multi_hop,8000,end,medium,unknown,p0001;p0002;p0003,p0001;p0002;p0003,0;1;2,3.0,3.0,1.0,1.0,1.0,1.0,1.0,0.0
hotpotqa_5ae75a4c5542997b22f6a6f1,hotpotqa,hotpotqa_oncu_200,lexical,3,220,40,multi_hop,16000,scattered,low,unknown,p0001;p0002,p0001,8;13;80,1.0,2.0,1.0,0.0,1.0,0.5,0.6666666666666666,0.0
hotpotqa_5ae75a4c5542997b22f6a6f1,hotpotqa,hotpotqa_oncu_200,lexical,5,220,40,multi_hop,16000,scattered,low,unknown,p0001;p0002,p0001,8;13;80;64;75,1.0,2.0,1.0,0.0,1.0,0.5,0.6666666666666666,0.0
hotpotqa_5ae75a4c5542997b22f6a6f1,hotpotqa,hotpotqa_oncu_200,lexical,8,220,40,multi_hop,16000,scattered,low,unknown,p0001;p0002,p0001,8;13;80;64;75;36;53;52,1.0,2.0,1.0,0.0,1.0,0.5,0.6666666666666666,0.0
hotpotqa_5ae75a4c5542997b22f6a6f1,hotpotqa,hotpotqa_oncu_200,lexical,16,220,40,multi_hop,16000,scattered,low,unknown,p0001;p0002,p0001,8;13;80;64;75;36;53;52;24;48;41;69;19;86;63;81,1.0,2.0,1.0,0.0,1.0,0.5,0.6666666666666666,0.0
hotpotqa_5ae75a4c5542997b22f6a6f1,hotpotqa,hotpotqa_oncu_200,dense,3,220,40,multi_hop,16000,scattered,low,unknown,p0001;p0002,p0007,74;7;29,1.0,2.0,0.0,0.0,0.0,0.0,0.0,1.0
hotpotqa_5ae75a4c5542997b22f6a6f1,hotpotqa,hotpotqa_oncu_200,dense,5,220,40,multi_hop,16000,scattered,low,unknown,p0001;p0002,p0007,74;7;29;52;35,1.0,2.0,0.0,0.0,0.0,0.0,0.0,1.0
hotpotqa_5ae75a4c5542997b22f6a6f1,hotpotqa,hotpotqa_oncu_200,dense,8,220,40,multi_hop,16000,scattered,low,unknown,p0001;p0002,p0007,74;7;29;52;35;63;85;18,1.0,2.0,0.0,0.0,0.0,0.0,0.0,1.0
hotpotqa_5ae75a4c5542997b22f6a6f1,hotpotqa,hotpotqa_oncu_200,dense,16,220,40,multi_hop,16000,scattered,low,unknown,p0001;p0002,p0007;p0002,74;7;29;52;35;63;85;18;24;44;68;13;1;46;80;40,2.0,2.0,1.0,0.0,0.5,0.5,0.5,0.5
hotpotqa_5ae75a4c5542997b22f6a6f1,hotpotqa,hotpotqa_oncu_200,hybrid,3,220,40,multi_hop,16000,scattered,low,unknown,p0001;p0002,,52;13;80,0.0,2.0,0.0,0.0,0.0,0.0,0.0,0.0
hotpotqa_5ae75a4c5542997b22f6a6f1,hotpotqa,hotpotqa_oncu_200,hybrid,5,220,40,multi_hop,16000,scattered,low,unknown,p0001;p0002,,52;13;80;24;7,0.0,2.0,0.0,0.0,0.0,0.0,0.0,0.0
hotpotqa_5ae75a4c5542997b22f6a6f1,hotpotqa,hotpotqa_oncu_200,hybrid,8,220,40,multi_hop,16000,scattered,low,unknown,p0001;p0002,,52;13;80;24;7;63;35;74,0.0,2.0,0.0,0.0,0.0,0.0,0.0,0.0
hotpotqa_5ae75a4c5542997b22f6a6f1,hotpotqa,hotpotqa_oncu_200,hybrid,16,220,40,multi_hop,16000,scattered,low,unknown,p0001;p0002,p0001;p0007;p0002,52;13;80;24;7;63;35;74;8;41;69;86;19;29;64;44,3.0,2.0,1.0,1.0,0.6666666666666666,1.0,0.8,0.3333333333333333
hotpotqa_5ae75a4c5542997b22f6a6f1,hotpotqa,hotpotqa_oncu_200,iterative,3,220,40,multi_hop,16000,scattered,low,unknown,p0001;p0002,p0001,8;13;80,1.0,2.0,1.0,0.0,1.0,0.5,0.6666666666666666,0.0
hotpotqa_5ae75a4c5542997b22f6a6f1,hotpotqa,hotpotqa_oncu_200,iterative,5,220,40,multi_hop,16000,scattered,low,unknown,p0001;p0002,p0001,8;13;80;64;36,1.0,2.0,1.0,0.0,1.0,0.5,0.6666666666666666,0.0
hotpotqa_5ae75a4c5542997b22f6a6f1,hotpotqa,hotpotqa_oncu_200,iterative,8,220,40,multi_hop,16000,scattered,low,unknown,p0001;p0002,p0001,8;13;80;64;36;24;75;41,1.0,2.0,1.0,0.0,1.0,0.5,0.6666666666666666,0.0
hotpotqa_5ae75a4c5542997b22f6a6f1,hotpotqa,hotpotqa_oncu_200,iterative,16,220,40,multi_hop,16000,scattered,low,unknown,p0001;p0002,p0001;p0008;p0009,8;13;80;64;36;24;75;41;52;69;53;19;86;30;48;63,3.0,2.0,1.0,0.0,0.3333333333333333,0.5,0.4,0.6666666666666666
hotpotqa_5ae75a4c5542997b22f6a6f1,hotpotqa,hotpotqa_oncu_200,oracle,3,220,40,multi_hop,16000,scattered,low,unknown,p0001;p0002,p0001;p0002,0;1,2.0,2.0,1.0,1.0,1.0,1.0,1.0,0.0
hotpotqa_5ae75a4c5542997b22f6a6f1,hotpotqa,hotpotqa_oncu_200,oracle,5,220,40,multi_hop,16000,scattered,low,unknown,p0001;p0002,p0001;p0002,0;1,2.0,2.0,1.0,1.0,1.0,1.0,1.0,0.0
hotpotqa_5ae75a4c5542997b22f6a6f1,hotpotqa,hotpotqa_oncu_200,oracle,8,220,40,multi_hop,16000,scattered,low,unknown,p0001;p0002,p0001;p0002,0;1,2.0,2.0,1.0,1.0,1.0,1.0,1.0,0.0
hotpotqa_5ae75a4c5542997b22f6a6f1,hotpotqa,hotpotqa_oncu_200,oracle,16,220,40,multi_hop,16000,scattered,low,unknown,p0001;p0002,p0001;p0002,0;1,2.0,2.0,1.0,1.0,1.0,1.0,1.0,0.0
hotpotqa_5ab45a0b5542991779162c7e,hotpotqa,hotpotqa_oncu_200,lexical,3,220,40,multi_hop,4000,front,medium,unknown,p0001;p0002;p0003;p0004,p0001;p0002;p0003,0;17;13,3.0,4.0,1.0,0.0,1.0,0.75,0.8571428571428571,0.0
hotpotqa_5ab45a0b5542991779162c7e,hotpotqa,hotpotqa_oncu_200,lexical,5,220,40,multi_hop,4000,front,medium,unknown,p0001;p0002;p0003;p0004,p0001;p0002;p0003,0;17;13;21;5,3.0,4.0,1.0,0.0,1.0,0.75,0.8571428571428571,0.0
hotpotqa_5ab45a0b5542991779162c7e,hotpotqa,hotpotqa_oncu_200,lexical,8,220,40,multi_hop,4000,front,medium,unknown,p0001;p0002;p0003;p0004,p0001;p0002;p0003;p0005;p0006;p0007;p0008,0;17;13;21;5;6;7;4,7.0,4.0,1.0,0.0,0.42857142857142855,0.75,0.5454545454545454,0.5714285714285714
hotpotqa_5ab45a0b5542991779162c7e,hotpotqa,hotpotqa_oncu_200,lexical,16,220,40,multi_hop,4000,front,medium,unknown,p0001;p0002;p0003;p0004,p0001;p0002;p0003;p0005;p0006;p0007;p0008;p0004;p0011;p0012;p0013,0;17;13;21;5;6;7;4;12;16;20;1;9;11;15;19,11.0,4.0,1.0,1.0,0.36363636363636365,1.0,0.5333333333333333,0.6363636363636364
hotpotqa_5ab45a0b5542991779162c7e,hotpotqa,hotpotqa_oncu_200,dense,3,220,40,multi_hop,4000,front,medium,unknown,p0001;p0002;p0003;p0004,p0001;p0002;p0003;p0007;p0008;p0005;p0006,0;7;6,7.0,4.0,1.0,0.0,0.42857142857142855,0.75,0.5454545454545454,0.5714285714285714
hotpotqa_5ab45a0b5542991779162c7e,hotpotqa,hotpotqa_oncu_200,dense,5,220,40,multi_hop,4000,front,medium,unknown,p0001;p0002;p0003;p0004,p0001;p0002;p0003;p0007;p0008;p0005;p0006,0;7;6;14;2,7.0,4.0,1.0,0.0,0.42857142857142855,0.75,0.5454545454545454,0.5714285714285714
hotpotqa_5ab45a0b5542991779162c7e,hotpotqa,hotpotqa_oncu_200,dense,8,220,40,multi_hop,4000,front,medium,unknown,p0001;p0002;p0003;p0004,p0001;p0002;p0003;p0007;p0008;p0005;p0006;p0009;p0011;p0004,0;7;6;14;2;18;8;1,10.0,4.0,1.0,1.0,0.4,1.0,0.5714285714285715,0.6
hotpotqa_5ab45a0b5542991779162c7e,hotpotqa,hotpotqa_oncu_200,dense,16,220,40,multi_hop,4000,front,medium,unknown,p0001;p0002;p0003;p0004,p0001;p0002;p0003;p0007;p0008;p0005;p0006;p0009;p0011;p0004;p0012;p0013,0;7;6;14;2;18;8;1;9;15;19;11;4;12;3;5,12.0,4.0,1.0,1.0,0.3333333333333333,1.0,0.5,0.6666666666666666
hotpotqa_5ab45a0b5542991779162c7e,hotpotqa,hotpotqa_oncu_200,hybrid,3,220,40,multi_hop,4000,front,medium,unknown,p0001;p0002;p0003;p0004,p0001;p0002;p0003;p0007;p0008;p0005;p0006,0;7;6,7.0,4.0,1.0,0.0,0.42857142857142855,0.75,0.5454545454545454,0.5714285714285714
hotpotqa_5ab45a0b5542991779162c7e,hotpotqa,hotpotqa_oncu_200,hybrid,5,220,40,multi_hop,4000,front,medium,unknown,p0001;p0002;p0003;p0004,p0001;p0002;p0003;p0007;p0008;p0005;p0006;p0004,0;7;6;1;5,8.0,4.0,1.0,1.0,0.5,1.0,0.6666666666666666,0.5
hotpotqa_5ab45a0b5542991779162c7e,hotpotqa,hotpotqa_oncu_200,hybrid,8,220,40,multi_hop,4000,front,medium,unknown,p0001;p0002;p0003;p0004,p0001;p0002;p0003;p0007;p0008;p0005;p0006;p0004,0;7;6;1;5;21;4;17,8.0,4.0,1.0,1.0,0.5,1.0,0.6666666666666666,0.5
hotpotqa_5ab45a0b5542991779162c7e,hotpotqa,hotpotqa_oncu_200,hybrid,16,220,40,multi_hop,4000,front,medium,unknown,p0001;p0002;p0003;p0004,p0001;p0002;p0003;p0007;p0008;p0005;p0006;p0004;p0011;p0012;p0013;p0009,0;7;6;1;5;21;4;17;13;9;2;12;14;15;8;11,12.0,4.0,1.0,1.0,0.3333333333333333,1.0,0.5,0.6666666666666666
hotpotqa_5ab45a0b5542991779162c7e,hotpotqa,hotpotqa_oncu_200,iterative,3,220,40,multi_hop,4000,front,medium,unknown,p0001;p0002;p0003;p0004,p0001;p0002;p0003,0;4;17,3.0,4.0,1.0,0.0,1.0,0.75,0.8571428571428571,0.0
hotpotqa_5ab45a0b5542991779162c7e,hotpotqa,hotpotqa_oncu_200,iterative,5,220,40,multi_hop,4000,front,medium,unknown,p0001;p0002;p0003;p0004,p0001;p0002;p0003,0;4;17;13;12,3.0,4.0,1.0,0.0,1.0,0.75,0.8571428571428571,0.0
hotpotqa_5ab45a0b5542991779162c7e,hotpotqa,hotpotqa_oncu_200,iterative,8,220,40,multi_hop,4000,front,medium,unknown,p0001;p0002;p0003;p0004,p0001;p0002;p0003;p0005;p0006;p0007,0;4;17;13;12;6;16;21,6.0,4.0,1.0,0.0,0.5,0.75,0.6,0.5
hotpotqa_5ab45a0b5542991779162c7e,hotpotqa,hotpotqa_oncu_200,iterative,16,220,40,multi_hop,4000,front,medium,unknown,p0001;p0002;p0003;p0004,p0001;p0002;p0003;p0005;p0006;p0007;p0008;p0013;p0009;p0011;p0004,0;4;17;13;12;6;16;21;20;5;7;10;2;11;8;1,11.0,4.0,1.0,1.0,0.36363636363636365,1.0,0.5333333333333333,0.6363636363636364
hotpotqa_5ab45a0b5542991779162c7e,hotpotqa,hotpotqa_oncu_200,oracle,3,220,40,multi_hop,4000,front,medium,unknown,p0001;p0002;p0003;p0004,p0001;p0002;p0003,0;1;2,3.0,4.0,1.0,0.0,1.0,0.75,0.8571428571428571,0.0
hotpotqa_5ab45a0b5542991779162c7e,hotpotqa,hotpotqa_oncu_200,oracle,5,220,40,multi_hop,4000,front,medium,unknown,p0001;p0002;p0003;p0004,p0001;p0002;p0003;p0004,0;1;2;3,4.0,4.0,1.0,1.0,1.0,1.0,1.0,0.0
hotpotqa_5ab45a0b5542991779162c7e,hotpotqa,hotpotqa_oncu_200,oracle,8,220,40,multi_hop,4000,front,medium,unknown,p0001;p0002;p0003;p0004,p0001;p0002;p0003;p0004,0;1;2;3,4.0,4.0,1.0,1.0,1.0,1.0,1.0,0.0
hotpotqa_5ab45a0b5542991779162c7e,hotpotqa,hotpotqa_oncu_200,oracle,16,220,40,multi_hop,4000,front,medium,unknown,p0001;p0002;p0003;p0004,p0001;p0002;p0003;p0004,0;1;2;3,4.0,4.0,1.0,1.0,1.0,1.0,1.0,0.0
hotpotqa_5a738225554299623ed4abc3,hotpotqa,hotpotqa_oncu_200,lexical,3,220,40,comparison,8000,middle,low,unknown,p0001;p0002,p0001,21;43;24,1.0,2.0,1.0,0.0,1.0,0.5,0.6666666666666666,0.0
hotpotqa_5a738225554299623ed4abc3,hotpotqa,hotpotqa_oncu_200,lexical,5,220,40,comparison,8000,middle,low,unknown,p0001;p0002,p0001,21;43;24;39;12,1.0,2.0,1.0,0.0,1.0,0.5,0.6666666666666666,0.0
hotpotqa_5a738225554299623ed4abc3,hotpotqa,hotpotqa_oncu_200,lexical,8,220,40,comparison,8000,middle,low,unknown,p0001;p0002,p0001,21;43;24;39;12;8;25;31,1.0,2.0,1.0,0.0,1.0,0.5,0.6666666666666666,0.0
hotpotqa_5a738225554299623ed4abc3,hotpotqa,hotpotqa_oncu_200,lexical,16,220,40,comparison,8000,middle,low,unknown,p0001;p0002,p0001;p0008;p0010;p0011;p0006;p0007,21;43;24;39;12;8;25;31;28;4;20;1;15;14;0;35,6.0,2.0,1.0,0.0,0.16666666666666666,0.5,0.25,0.8333333333333334
hotpotqa_5a738225554299623ed4abc3,hotpotqa,hotpotqa_oncu_200,dense,3,220,40,comparison,8000,middle,low,unknown,p0001;p0002,,4;27;31,0.0,2.0,0.0,0.0,0.0,0.0,0.0,0.0
hotpotqa_5a738225554299623ed4abc3,hotpotqa,hotpotqa_oncu_200,dense,5,220,40,comparison,8000,middle,low,unknown,p0001;p0002,p0001;p0002,4;27;31;0;22,2.0,2.0,1.0,1.0,1.0,1.0,1.0,0.0
hotpotqa_5a738225554299623ed4abc3,hotpotqa,hotpotqa_oncu_200,dense,8,220,40,comparison,8000,middle,low,unknown,p0001;p0002,p0001;p0002,4;27;31;0;22;23;11;19,2.0,2.0,1.0,1.0,1.0,1.0,1.0,0.0
hotpotqa_5a738225554299623ed4abc3,hotpotqa,hotpotqa_oncu_200,dense,16,220,40,comparison,8000,middle,low,unknown,p0001;p0002,p0001;p0002;p0003;p0004,4;27;31;0;22;23;11;19;42;7;38;13;8;35;34;2,4.0,2.0,1.0,1.0,0.5,1.0,0.6666666666666666,0.5
hotpotqa_5a738225554299623ed4abc3,hotpotqa,hotpotqa_oncu_200,hybrid,3,220,40,comparison,8000,middle,low,unknown,p0001;p0002,,4;31;27,0.0,2.0,0.0,0.0,0.0,0.0,0.0,0.0
hotpotqa_5a738225554299623ed4abc3,hotpotqa,hotpotqa_oncu_200,hybrid,5,220,40,comparison,8000,middle,low,unknown,p0001;p0002,,4;31;27;0;43,0.0,2.0,0.0,0.0,0.0,0.0,0.0,0.0
hotpotqa_5a738225554299623ed4abc3,hotpotqa,hotpotqa_oncu_200,hybrid,8,220,40,comparison,8000,middle,low,unknown,p0001;p0002,p0001,4;31;27;0;43;8;21;24,1.0,2.0,1.0,0.0,1.0,0.5,0.6666666666666666,0.0
hotpotqa_5a738225554299623ed4abc3,hotpotqa,hotpotqa_oncu_200,hybrid,16,220,40,comparison,8000,middle,low,unknown,p0001;p0002,p0001;p0003;p0004;p0006;p0007;p0008;p0002,4;31;27;0;43;8;21;24;12;19;39;13;35;14;22;28,7.0,2.0,1.0,1.0,0.2857142857142857,1.0,0.4444444444444445,0.7142857142857143
hotpotqa_5a738225554299623ed4abc3,hotpotqa,hotpotqa_oncu_200,iterative,3,220,40,comparison,8000,middle,low,unknown,p0001;p0002,p0001,21;25;43,1.0,2.0,1.0,0.0,1.0,0.5,0.6666666666666666,0.0
hotpotqa_5a738225554299623ed4abc3,hotpotqa,hotpotqa_oncu_200,iterative,5,220,40,comparison,8000,middle,low,unknown,p0001;p0002,p0001,21;25;43;24;36,1.0,2.0,1.0,0.0,1.0,0.5,0.6666666666666666,0.0
hotpotqa_5a738225554299623ed4abc3,hotpotqa,hotpotqa_oncu_200,iterative,8,220,40,comparison,8000,middle,low,unknown,p0001;p0002,p0001;p0008;p0010;p0011,21;25;43;24;36;15;39;12,4.0,2.0,1.0,0.0,0.25,0.5,0.3333333333333333,0.75
hotpotqa_5a738225554299623ed4abc3,hotpotqa,hotpotqa_oncu_200,iterative,16,220,40,comparison,8000,middle,low,unknown,p0001;p0002,p0001;p0008;p0010;p0011,21;25;43;24;36;15;39;12;28;5;9;40;1;8;32;20,4.0,2.0,1.0,0.0,0.25,0.5,0.3333333333333333,0.75
hotpotqa_5a738225554299623ed4abc3,hotpotqa,hotpotqa_oncu_200,oracle,3,220,40,comparison,8000,middle,low,unknown,p0001;p0002,p0001;p0002,0;1,2.0,2.0,1.0,1.0,1.0,1.0,1.0,0.0
hotpotqa_5a738225554299623ed4abc3,hotpotqa,hotpotqa_oncu_200,oracle,5,220,40,comparison,8000,middle,low,unknown,p0001;p0002,p0001;p0002,0;1,2.0,2.0,1.0,1.0,1.0,1.0,1.0,0.0
hotpotqa_5a738225554299623ed4abc3,hotpotqa,hotpotqa_oncu_200,oracle,8,220,40,comparison,8000,middle,low,unknown,p0001;p0002,p0001;p0002,0;1,2.0,2.0,1.0,1.0,1.0,1.0,1.0,0.0
hotpotqa_5a738225554299623ed4abc3,hotpotqa,hotpotqa_oncu_200,oracle,16,220,40,comparison,8000,middle,low,unknown,p0001;p0002,p0001;p0002,0;1,2.0,2.0,1.0,1.0,1.0,1.0,1.0,0.0
hotpotqa_5ac056385542997d64295a08,hotpotqa,hotpotqa_oncu_200,lexical,3,220,40,multi_hop,16000,end,medium,unknown,p0001;p0002;p0003;p0004,p0001;p0002;p0003;p0004,78;77;63,4.0,4.0,1.0,1.0,1.0,1.0,1.0,0.0
hotpotqa_5ac056385542997d64295a08,hotpotqa,hotpotqa_oncu_200,lexical,5,220,40,multi_hop,16000,end,medium,unknown,p0001;p0002;p0003;p0004,p0001;p0002;p0003;p0004,78;77;63;58;22,4.0,4.0,1.0,1.0,1.0,1.0,1.0,0.0
hotpotqa_5ac056385542997d64295a08,hotpotqa,hotpotqa_oncu_200,lexical,8,220,40,multi_hop,16000,end,medium,unknown,p0001;p0002;p0003;p0004,p0001;p0002;p0003;p0004,78;77;63;58;22;79;64;12,4.0,4.0,1.0,1.0,1.0,1.0,1.0,0.0
hotpotqa_5ac056385542997d64295a08,hotpotqa,hotpotqa_oncu_200,lexical,16,220,40,multi_hop,16000,end,medium,unknown,p0001;p0002;p0003;p0004,p0001;p0002;p0003;p0004;p0005;p0007,78;77;63;58;22;79;64;12;17;84;53;85;27;18;33;47,6.0,4.0,1.0,1.0,0.6666666666666666,1.0,0.8,0.3333333333333333
hotpotqa_5ac056385542997d64295a08,hotpotqa,hotpotqa_oncu_200,dense,3,220,40,multi_hop,16000,end,medium,unknown,p0001;p0002;p0003;p0004,p0001;p0002;p0003;p0004;p0013;p0014,78;31;34,6.0,4.0,1.0,1.0,0.6666666666666666,1.0,0.8,0.3333333333333333
hotpotqa_5ac056385542997d64295a08,hotpotqa,hotpotqa_oncu_200,dense,5,220,40,multi_hop,16000,end,medium,unknown,p0001;p0002;p0003;p0004,p0001;p0002;p0003;p0004;p0013;p0014;p0005;p0007,78;31;34;27;75,8.0,4.0,1.0,1.0,0.5,1.0,0.6666666666666666,0.5
hotpotqa_5ac056385542997d64295a08,hotpotqa,hotpotqa_oncu_200,dense,8,220,40,multi_hop,16000,end,medium,unknown,p0001;p0002;p0003;p0004,p0001;p0002;p0003;p0004;p0013;p0014;p0005;p0007,78;31;34;27;75;19;50;40,8.0,4.0,1.0,1.0,0.5,1.0,0.6666666666666666,0.5
hotpotqa_5ac056385542997d64295a08,hotpotqa,hotpotqa_oncu_200,dense,16,220,40,multi_hop,16000,end,medium,unknown,p0001;p0002;p0003;p0004,p0001;p0002;p0003;p0004;p0013;p0014;p0005;p0007,78;31;34;27;75;19;50;40;65;42;73;45;35;32;81;86,8.0,4.0,1.0,1.0,0.5,1.0,0.6666666666666666,0.5
hotpotqa_5ac056385542997d64295a08,hotpotqa,hotpotqa_oncu_200,hybrid,3,220,40,multi_hop,16000,end,medium,unknown,p0001;p0002;p0003;p0004,p0001;p0002;p0003;p0004;p0005;p0007,78;27;58,6.0,4.0,1.0,1.0,0.6666666666666666,1.0,0.8,0.3333333333333333
hotpotqa_5ac056385542997d64295a08,hotpotqa,hotpotqa_oncu_200,hybrid,5,220,40,multi_hop,16000,end,medium,unknown,p0001;p0002;p0003;p0004,p0001;p0002;p0003;p0004;p0005;p0007,78;27;58;84;42,6.0,4.0,1.0,1.0,0.6666666666666666,1.0,0.8,0.3333333333333333
hotpotqa_5ac056385542997d64295a08,hotpotqa,hotpotqa_oncu_200,hybrid,8,220,40,multi_hop,16000,end,medium,unknown,p0001;p0002;p0003;p0004,p0001;p0002;p0003;p0004;p0005;p0007,78;27;58;84;42;17;63;1,6.0,4.0,1.0,1.0,0.6666666666666666,1.0,0.8,0.3333333333333333
hotpotqa_5ac056385542997d64295a08,hotpotqa,hotpotqa_oncu_200,hybrid,16,220,40,multi_hop,16000,end,medium,unknown,p0001;p0002;p0003;p0004,p0001;p0002;p0003;p0004;p0005;p0007;p0013;p0014,78;27;58;84;42;17;63;1;47;22;40;35;6;77;79;31,8.0,4.0,1.0,1.0,0.5,1.0,0.6666666666666666,0.5
hotpotqa_5ac056385542997d64295a08,hotpotqa,hotpotqa_oncu_200,iterative,3,220,40,multi_hop,16000,end,medium,unknown,p0001;p0002;p0003;p0004,p0001;p0002;p0003;p0004;p0005;p0007,78;77;27,6.0,4.0,1.0,1.0,0.6666666666666666,1.0,0.8,0.3333333333333333
hotpotqa_5ac056385542997d64295a08,hotpotqa,hotpotqa_oncu_200,iterative,5,220,40,multi_hop,16000,end,medium,unknown,p0001;p0002;p0003;p0004,p0001;p0002;p0003;p0004;p0005;p0007,78;77;27;58;63,6.0,4.0,1.0,1.0,0.6666666666666666,1.0,0.8,0.3333333333333333
hotpotqa_5ac056385542997d64295a08,hotpotqa,hotpotqa_oncu_200,iterative,8,220,40,multi_hop,16000,end,medium,unknown,p0001;p0002;p0003;p0004,p0001;p0002;p0003;p0004;p0005;p0007;p0010;p0011,78;77;27;58;63;64;30;79,8.0,4.0,1.0,1.0,0.5,1.0,0.6666666666666666,0.5
hotpotqa_5ac056385542997d64295a08,hotpotqa,hotpotqa_oncu_200,iterative,16,220,40,multi_hop,16000,end,medium,unknown,p0001;p0002;p0003;p0004,p0001;p0002;p0003;p0004;p0005;p0007;p0010;p0011,78;77;27;58;63;64;30;79;15;52;76;47;11;1;6;12,8.0,4.0,1.0,1.0,0.5,1.0,0.6666666666666666,0.5
hotpotqa_5ac056385542997d64295a08,hotpotqa,hotpotqa_oncu_200,oracle,3,220,40,multi_hop,16000,end,medium,unknown,p0001;p0002;p0003;p0004,p0001;p0002;p0003,0;1;2,3.0,4.0,1.0,0.0,1.0,0.75,0.8571428571428571,0.0
hotpotqa_5ac056385542997d64295a08,hotpotqa,hotpotqa_oncu_200,oracle,5,220,40,multi_hop,16000,end,medium,unknown,p0001;p0002;p0003;p0004,p0001;p0002;p0003;p0004,0;1;2;3,4.0,4.0,1.0,1.0,1.0,1.0,1.0,0.0
hotpotqa_5ac056385542997d64295a08,hotpotqa,hotpotqa_oncu_200,oracle,8,220,40,multi_hop,16000,end,medium,unknown,p0001;p0002;p0003;p0004,p0001;p0002;p0003;p0004,0;1;2;3,4.0,4.0,1.0,1.0,1.0,1.0,1.0,0.0
hotpotqa_5ac056385542997d64295a08,hotpotqa,hotpotqa_oncu_200,oracle,16,220,40,multi_hop,16000,end,medium,unknown,p0001;p0002;p0003;p0004,p0001;p0002;p0003;p0004,0;1;2;3,4.0,4.0,1.0,1.0,1.0,1.0,1.0,0.0
hotpotqa_5aba9e2455429939ce03dd3a,hotpotqa,hotpotqa_oncu_200,lexical,3,220,40,multi_hop,4000,scattered,low,unknown,p0001;p0002,p0001,1;11;3,1.0,2.0,1.0,0.0,1.0,0.5,0.6666666666666666,0.0
hotpotqa_5aba9e2455429939ce03dd3a,hotpotqa,hotpotqa_oncu_200,lexical,5,220,40,multi_hop,4000,scattered,low,unknown,p0001;p0002,p0001;p0006;p0008;p0009;p0010,1;11;3;7;16,5.0,2.0,1.0,0.0,0.2,0.5,0.28571428571428575,0.8
hotpotqa_5aba9e2455429939ce03dd3a,hotpotqa,hotpotqa_oncu_200,lexical,8,220,40,multi_hop,4000,scattered,low,unknown,p0001;p0002,p0001;p0006;p0008;p0009;p0010;p0011;p0012,1;11;3;7;16;20;8;4,7.0,2.0,1.0,0.0,0.14285714285714285,0.5,0.22222222222222224,0.8571428571428571
hotpotqa_5aba9e2455429939ce03dd3a,hotpotqa,hotpotqa_oncu_200,lexical,16,220,40,multi_hop,4000,scattered,low,unknown,p0001;p0002,p0001;p0006;p0008;p0009;p0010;p0011;p0012;p0002;p0003,1;11;3;7;16;20;8;4;21;9;17;12;10;2;13;5,9.0,2.0,1.0,1.0,0.2222222222222222,1.0,0.3636363636363636,0.7777777777777778
hotpotqa_5aba9e2455429939ce03dd3a,hotpotqa,hotpotqa_oncu_200,dense,3,220,40,multi_hop,4000,scattered,low,unknown,p0001;p0002,p0001;p0012,1;19;9,2.0,2.0,1.0,0.0,0.5,0.5,0.5,0.5
hotpotqa_5aba9e2455429939ce03dd3a,hotpotqa,hotpotqa_oncu_200,dense,5,220,40,multi_hop,4000,scattered,low,unknown,p0001;p0002,p0001;p0012;p0003;p0005;p0006,1;19;9;5;6,5.0,2.0,1.0,0.0,0.2,0.5,0.28571428571428575,0.8
hotpotqa_5aba9e2455429939ce03dd3a,hotpotqa,hotpotqa_oncu_200,dense,8,220,40,multi_hop,4000,scattered,low,unknown,p0001;p0002,p0001;p0012;p0003;p0005;p0006,1;19;9;5;6;0;16;14,5.0,2.0,1.0,0.0,0.2,0.5,0.28571428571428575,0.8
hotpotqa_5aba9e2455429939ce03dd3a,hotpotqa,hotpotqa_oncu_200,dense,16,220,40,multi_hop,4000,scattered,low,unknown,p0001;p0002,p0001;p0012;p0003;p0005;p0006;p0002;p0008;p0009;p0010,1;19;9;5;6;0;16;14;13;4;10;3;18;11;7;21,9.0,2.0,1.0,1.0,0.2222222222222222,1.0,0.3636363636363636,0.7777777777777778
hotpotqa_5aba9e2455429939ce03dd3a,hotpotqa,hotpotqa_oncu_200,hybrid,3,220,40,multi_hop,4000,scattered,low,unknown,p0001;p0002,p0001;p0012,1;16;9,2.0,2.0,1.0,0.0,0.5,0.5,0.5,0.5
hotpotqa_5aba9e2455429939ce03dd3a,hotpotqa,hotpotqa_oncu_200,hybrid,5,220,40,multi_hop,4000,scattered,low,unknown,p0001;p0002,p0001;p0012,1;16;9;3;11,2.0,2.0,1.0,0.0,0.5,0.5,0.5,0.5
hotpotqa_5aba9e2455429939ce03dd3a,hotpotqa,hotpotqa_oncu_200,hybrid,8,220,40,multi_hop,4000,scattered,low,unknown,p0001;p0002,p0001;p0012;p0006;p0008;p0009;p0010,1;16;9;3;11;4;7;19,6.0,2.0,1.0,0.0,0.16666666666666666,0.5,0.25,0.8333333333333334
hotpotqa_5aba9e2455429939ce03dd3a,hotpotqa,hotpotqa_oncu_200,hybrid,16,220,40,multi_hop,4000,scattered,low,unknown,p0001;p0002,p0001;p0012;p0006;p0008;p0009;p0010;p0003;p0005;p0002;p0011,1;16;9;3;11;4;7;19;5;0;6;13;10;20;21;8,10.0,2.0,1.0,1.0,0.2,1.0,0.33333333333333337,0.8
hotpotqa_5aba9e2455429939ce03dd3a,hotpotqa,hotpotqa_oncu_200,iterative,3,220,40,multi_hop,4000,scattered,low,unknown,p0001;p0002,p0001,1;11;20,1.0,2.0,1.0,0.0,1.0,0.5,0.6666666666666666,0.0
hotpotqa_5aba9e2455429939ce03dd3a,hotpotqa,hotpotqa_oncu_200,iterative,5,220,40,multi_hop,4000,scattered,low,unknown,p0001;p0002,p0001;p0006;p0008;p0009;p0010,1;11;20;7;3,5.0,2.0,1.0,0.0,0.2,0.5,0.28571428571428575,0.8
hotpotqa_5aba9e2455429939ce03dd3a,hotpotqa,hotpotqa_oncu_200,iterative,8,220,40,multi_hop,4000,scattered,low,unknown,p0001;p0002,p0001;p0006;p0008;p0009;p0010;p0002;p0012,1;11;20;7;3;16;10;9,7.0,2.0,1.0,1.0,0.2857142857142857,1.0,0.4444444444444445,0.7142857142857143
hotpotqa_5aba9e2455429939ce03dd3a,hotpotqa,hotpotqa_oncu_200,iterative,16,220,40,multi_hop,4000,scattered,low,unknown,p0001;p0002,p0001;p0006;p0008;p0009;p0010;p0002;p0012;p0005;p0011,1;11;20;7;3;16;10;9;15;4;0;17;6;13;8;21,9.0,2.0,1.0,1.0,0.2222222222222222,1.0,0.3636363636363636,0.7777777777777778
hotpotqa_5aba9e2455429939ce03dd3a,hotpotqa,hotpotqa_oncu_200,oracle,3,220,40,multi_hop,4000,scattered,low,unknown,p0001;p0002,p0001;p0002,0;1,2.0,2.0,1.0,1.0,1.0,1.0,1.0,0.0
hotpotqa_5aba9e2455429939ce03dd3a,hotpotqa,hotpotqa_oncu_200,oracle,5,220,40,multi_hop,4000,scattered,low,unknown,p0001;p0002,p0001;p0002,0;1,2.0,2.0,1.0,1.0,1.0,1.0,1.0,0.0
hotpotqa_5aba9e2455429939ce03dd3a,hotpotqa,hotpotqa_oncu_200,oracle,8,220,40,multi_hop,4000,scattered,low,unknown,p0001;p0002,p0001;p0002,0;1,2.0,2.0,1.0,1.0,1.0,1.0,1.0,0.0
hotpotqa_5aba9e2455429939ce03dd3a,hotpotqa,hotpotqa_oncu_200,oracle,16,220,40,multi_hop,4000,scattered,low,unknown,p0001;p0002,p0001;p0002,0;1,2.0,2.0,1.0,1.0,1.0,1.0,1.0,0.0
hotpotqa_5a90b43455429916514e7523,hotpotqa,hotpotqa_oncu_200,lexical,3,220,40,multi_hop,8000,front,low,unknown,p0001;p0002,p0001;p0002,1;24;2,2.0,2.0,1.0,1.0,1.0,1.0,1.0,0.0
hotpotqa_5a90b43455429916514e7523,hotpotqa,hotpotqa_oncu_200,lexical,5,220,40,multi_hop,8000,front,low,unknown,p0001;p0002,p0001;p0002;p0003,1;24;2;10;13,3.0,2.0,1.0,1.0,0.6666666666666666,1.0,0.8,0.3333333333333333
hotpotqa_5a90b43455429916514e7523,hotpotqa,hotpotqa_oncu_200,lexical,8,220,40,multi_hop,8000,front,low,unknown,p0001;p0002,p0001;p0002;p0003,1;24;2;10;13;38;4;41,3.0,2.0,1.0,1.0,0.6666666666666666,1.0,0.8,0.3333333333333333
hotpotqa_5a90b43455429916514e7523,hotpotqa,hotpotqa_oncu_200,lexical,16,220,40,multi_hop,8000,front,low,unknown,p0001;p0002,p0001;p0002;p0003,1;24;2;10;13;38;4;41;27;12;43;19;35;33;40;26,3.0,2.0,1.0,1.0,0.6666666666666666,1.0,0.8,0.3333333333333333
hotpotqa_5a90b43455429916514e7523,hotpotqa,hotpotqa_oncu_200,dense,3,220,40,multi_hop,8000,front,low,unknown,p0001;p0002,p0010;p0011;p0012,16;40;26,3.0,2.0,0.0,0.0,0.0,0.0,0.0,1.0
hotpotqa_5a90b43455429916514e7523,hotpotqa,hotpotqa_oncu_200,dense,5,220,40,multi_hop,8000,front,low,unknown,p0001;p0002,p0010;p0011;p0012,16;40;26;12;2,3.0,2.0,0.0,0.0,0.0,0.0,0.0,1.0
hotpotqa_5a90b43455429916514e7523,hotpotqa,hotpotqa_oncu_200,dense,8,220,40,multi_hop,8000,front,low,unknown,p0001;p0002,p0010;p0011;p0012,16;40;26;12;2;5;19;33,3.0,2.0,0.0,0.0,0.0,0.0,0.0,1.0
hotpotqa_5a90b43455429916514e7523,hotpotqa,hotpotqa_oncu_200,dense,16,220,40,multi_hop,8000,front,low,unknown,p0001;p0002,p0010;p0011;p0012;p0001;p0002,16;40;26;12;2;5;19;33;36;9;1;22;23;29;37;43,5.0,2.0,1.0,1.0,0.4,1.0,0.5714285714285715,0.6
hotpotqa_5a90b43455429916514e7523,hotpotqa,hotpotqa_oncu_200,hybrid,3,220,40,multi_hop,8000,front,low,unknown,p0001;p0002,p0001;p0002,2;1;12,2.0,2.0,1.0,1.0,1.0,1.0,1.0,0.0
hotpotqa_5a90b43455429916514e7523,hotpotqa,hotpotqa_oncu_200,hybrid,5,220,40,multi_hop,8000,front,low,unknown,p0001;p0002,p0001;p0002,2;1;12;40;26,2.0,2.0,1.0,1.0,1.0,1.0,1.0,0.0
hotpotqa_5a90b43455429916514e7523,hotpotqa,hotpotqa_oncu_200,hybrid,8,220,40,multi_hop,8000,front,low,unknown,p0001;p0002,p0001;p0002;p0010;p0011;p0012,2;1;12;40;26;19;33;16,5.0,2.0,1.0,1.0,0.4,1.0,0.5714285714285715,0.6
hotpotqa_5a90b43455429916514e7523,hotpotqa,hotpotqa_oncu_200,hybrid,16,220,40,multi_hop,8000,front,low,unknown,p0001;p0002,p0001;p0002;p0010;p0011;p0012;p0003,2;1;12;40;26;19;33;16;43;5;13;9;24;10;27;41,6.0,2.0,1.0,1.0,0.3333333333333333,1.0,0.5,0.6666666666666666
hotpotqa_5a90b43455429916514e7523,hotpotqa,hotpotqa_oncu_200,iterative,3,220,40,multi_hop,8000,front,low,unknown,p0001;p0002,p0001;p0002,4;1;43,2.0,2.0,1.0,1.0,1.0,1.0,1.0,0.0
hotpotqa_5a90b43455429916514e7523,hotpotqa,hotpotqa_oncu_200,iterative,5,220,40,multi_hop,8000,front,low,unknown,p0001;p0002,p0001;p0002,4;1;43;12;35,2.0,2.0,1.0,1.0,1.0,1.0,1.0,0.0
hotpotqa_5a90b43455429916514e7523,hotpotqa,hotpotqa_oncu_200,iterative,8,220,40,multi_hop,8000,front,low,unknown,p0001;p0002,p0001;p0002,4;1;43;12;35;24;38;32,2.0,2.0,1.0,1.0,1.0,1.0,1.0,0.0
hotpotqa_5a90b43455429916514e7523,hotpotqa,hotpotqa_oncu_200,iterative,16,220,40,multi_hop,8000,front,low,unknown,p0001;p0002,p0001;p0002,4;1;43;12;35;24;38;32;10;26;40;29;18;2;21;41,2.0,2.0,1.0,1.0,1.0,1.0,1.0,0.0
hotpotqa_5a90b43455429916514e7523,hotpotqa,hotpotqa_oncu_200,oracle,3,220,40,multi_hop,8000,front,low,unknown,p0001;p0002,p0001;p0002,0;1,2.0,2.0,1.0,1.0,1.0,1.0,1.0,0.0
hotpotqa_5a90b43455429916514e7523,hotpotqa,hotpotqa_oncu_200,oracle,5,220,40,multi_hop,8000,front,low,unknown,p0001;p0002,p0001;p0002,0;1,2.0,2.0,1.0,1.0,1.0,1.0,1.0,0.0
hotpotqa_5a90b43455429916514e7523,hotpotqa,hotpotqa_oncu_200,oracle,8,220,40,multi_hop,8000,front,low,unknown,p0001;p0002,p0001;p0002,0;1,2.0,2.0,1.0,1.0,1.0,1.0,1.0,0.0
hotpotqa_5a90b43455429916514e7523,hotpotqa,hotpotqa_oncu_200,oracle,16,220,40,multi_hop,8000,front,low,unknown,p0001;p0002,p0001;p0002,0;1,2.0,2.0,1.0,1.0,1.0,1.0,1.0,0.0
hotpotqa_5a71717d5542994082a3e834,hotpotqa,hotpotqa_oncu_200,lexical,3,220,40,multi_hop,16000,middle,low,unknown,p0001;p0002,p0001;p0002,44;49;6,2.0,2.0,1.0,1.0,1.0,1.0,1.0,0.0
hotpotqa_5a71717d5542994082a3e834,hotpotqa,hotpotqa_oncu_200,lexical,5,220,40,multi_hop,16000,middle,low,unknown,p0001;p0002,p0001;p0002,44;49;6;63;82,2.0,2.0,1.0,1.0,1.0,1.0,1.0,0.0
hotpotqa_5a71717d5542994082a3e834,hotpotqa,hotpotqa_oncu_200,lexical,8,220,40,multi_hop,16000,middle,low,unknown,p0001;p0002,p0001;p0002,44;49;6;63;82;77;15;34,2.0,2.0,1.0,1.0,1.0,1.0,1.0,0.0
hotpotqa_5a71717d5542994082a3e834,hotpotqa,hotpotqa_oncu_200,lexical,16,220,40,multi_hop,16000,middle,low,unknown,p0001;p0002,p0001;p0002,44;49;6;63;82;77;15;34;1;25;68;20;39;45;87;2,2.0,2.0,1.0,1.0,1.0,1.0,1.0,0.0
hotpotqa_5a71717d5542994082a3e834,hotpotqa,hotpotqa_oncu_200,dense,3,220,40,multi_hop,16000,middle,low,unknown,p0001;p0002,p0001;p0002;p0006;p0007;p0008,44;29;77,5.0,2.0,1.0,1.0,0.4,1.0,0.5714285714285715,0.6
hotpotqa_5a71717d5542994082a3e834,hotpotqa,hotpotqa_oncu_200,dense,5,220,40,multi_hop,16000,middle,low,unknown,p0001;p0002,p0001;p0002;p0006;p0007;p0008,44;29;77;15;34,5.0,2.0,1.0,1.0,0.4,1.0,0.5714285714285715,0.6
hotpotqa_5a71717d5542994082a3e834,hotpotqa,hotpotqa_oncu_200,dense,8,220,40,multi_hop,16000,middle,low,unknown,p0001;p0002,p0001;p0002;p0006;p0007;p0008,44;29;77;15;34;58;86;22,5.0,2.0,1.0,1.0,0.4,1.0,0.5714285714285715,0.6
hotpotqa_5a71717d5542994082a3e834,hotpotqa,hotpotqa_oncu_200,dense,16,220,40,multi_hop,16000,middle,low,unknown,p0001;p0002,p0001;p0002;p0006;p0007;p0008,44;29;77;15;34;58;86;22;41;84;1;49;10;24;43;67,5.0,2.0,1.0,1.0,0.4,1.0,0.5714285714285715,0.6
hotpotqa_5a71717d5542994082a3e834,hotpotqa,hotpotqa_oncu_200,hybrid,3,220,40,multi_hop,16000,middle,low,unknown,p0001;p0002,p0001;p0002,44;77;15,2.0,2.0,1.0,1.0,1.0,1.0,1.0,0.0
hotpotqa_5a71717d5542994082a3e834,hotpotqa,hotpotqa_oncu_200,hybrid,5,220,40,multi_hop,16000,middle,low,unknown,p0001;p0002,p0001;p0002,44;77;15;34;49,2.0,2.0,1.0,1.0,1.0,1.0,1.0,0.0
hotpotqa_5a71717d5542994082a3e834,hotpotqa,hotpotqa_oncu_200,hybrid,8,220,40,multi_hop,16000,middle,low,unknown,p0001;p0002,p0001;p0002;p0006;p0007;p0008,44;77;15;34;49;29;1;63,5.0,2.0,1.0,1.0,0.4,1.0,0.5714285714285715,0.6
hotpotqa_5a71717d5542994082a3e834,hotpotqa,hotpotqa_oncu_200,hybrid,16,220,40,multi_hop,16000,middle,low,unknown,p0001;p0002,p0001;p0002;p0006;p0007;p0008,44;77;15;34;49;29;1;63;82;6;58;68;25;20;86;10,5.0,2.0,1.0,1.0,0.4,1.0,0.5714285714285715,0.6
hotpotqa_5a71717d5542994082a3e834,hotpotqa,hotpotqa_oncu_200,iterative,3,220,40,multi_hop,16000,middle,low,unknown,p0001;p0002,p0001;p0002,44;63;77,2.0,2.0,1.0,1.0,1.0,1.0,1.0,0.0
hotpotqa_5a71717d5542994082a3e834,hotpotqa,hotpotqa_oncu_200,iterative,5,220,40,multi_hop,16000,middle,low,unknown,p0001;p0002,p0001;p0002,44;63;77;1;49,2.0,2.0,1.0,1.0,1.0,1.0,1.0,0.0
hotpotqa_5a71717d5542994082a3e834,hotpotqa,hotpotqa_oncu_200,iterative,8,220,40,multi_hop,16000,middle,low,unknown,p0001;p0002,p0001;p0002,44;63;77;1;49;82;15;6,2.0,2.0,1.0,1.0,1.0,1.0,1.0,0.0
hotpotqa_5a71717d5542994082a3e834,hotpotqa,hotpotqa_oncu_200,iterative,16,220,40,multi_hop,16000,middle,low,unknown,p0001;p0002,p0001;p0002;p0006;p0007;p0008,44;63;77;1;49;82;15;6;34;29;20;39;25;68;87;58,5.0,2.0,1.0,1.0,0.4,1.0,0.5714285714285715,0.6
hotpotqa_5a71717d5542994082a3e834,hotpotqa,hotpotqa_oncu_200,oracle,3,220,40,multi_hop,16000,middle,low,unknown,p0001;p0002,p0001;p0002,0;1,2.0,2.0,1.0,1.0,1.0,1.0,1.0,0.0
hotpotqa_5a71717d5542994082a3e834,hotpotqa,hotpotqa_oncu_200,oracle,5,220,40,multi_hop,16000,middle,low,unknown,p0001;p0002,p0001;p0002,0;1,2.0,2.0,1.0,1.0,1.0,1.0,1.0,0.0
hotpotqa_5a71717d5542994082a3e834,hotpotqa,hotpotqa_oncu_200,oracle,8,220,40,multi_hop,16000,middle,low,unknown,p0001;p0002,p0001;p0002,0;1,2.0,2.0,1.0,1.0,1.0,1.0,1.0,0.0
hotpotqa_5a71717d5542994082a3e834,hotpotqa,hotpotqa_oncu_200,oracle,16,220,40,multi_hop,16000,middle,low,unknown,p0001;p0002,p0001;p0002,0;1,2.0,2.0,1.0,1.0,1.0,1.0,1.0,0.0
hotpotqa_5ab6aaff55429953192ad35b,hotpotqa,hotpotqa_oncu_200,lexical,3,220,40,multi_hop,4000,end,medium,unknown,p0001;p0002;p0003,p0001;p0002;p0003,19;0;16,3.0,3.0,1.0,1.0,1.0,1.0,1.0,0.0
hotpotqa_5ab6aaff55429953192ad35b,hotpotqa,hotpotqa_oncu_200,lexical,5,220,40,multi_hop,4000,end,medium,unknown,p0001;p0002;p0003,p0001;p0002;p0003,19;0;16;11;14,3.0,3.0,1.0,1.0,1.0,1.0,1.0,0.0
hotpotqa_5ab6aaff55429953192ad35b,hotpotqa,hotpotqa_oncu_200,lexical,8,220,40,multi_hop,4000,end,medium,unknown,p0001;p0002;p0003,p0001;p0002;p0003;p0007;p0009;p0010;p0012,19;0;16;11;14;3;20;7,7.0,3.0,1.0,1.0,0.42857142857142855,1.0,0.6,0.5714285714285714
hotpotqa_5ab6aaff55429953192ad35b,hotpotqa,hotpotqa_oncu_200,lexical,16,220,40,multi_hop,4000,end,medium,unknown,p0001;p0002;p0003,p0001;p0002;p0003;p0007;p0009;p0010;p0012;p0013;p0004;p0005;p0006,19;0;16;11;14;3;20;7;18;8;13;1;9;17;6;4,11.0,3.0,1.0,1.0,0.2727272727272727,1.0,0.42857142857142855,0.7272727272727273
hotpotqa_5ab6aaff55429953192ad35b,hotpotqa,hotpotqa_oncu_200,dense,3,220,40,multi_hop,4000,end,medium,unknown,p0001;p0002;p0003,p0001;p0002;p0003,19;10;18,3.0,3.0,1.0,1.0,1.0,1.0,1.0,0.0
hotpotqa_5ab6aaff55429953192ad35b,hotpotqa,hotpotqa_oncu_200,dense,5,220,40,multi_hop,4000,end,medium,unknown,p0001;p0002;p0003,p0001;p0002;p0003;p0012;p0013,19;10;18;8;2,5.0,3.0,1.0,1.0,0.6,1.0,0.7499999999999999,0.4
hotpotqa_5ab6aaff55429953192ad35b,hotpotqa,hotpotqa_oncu_200,dense,8,220,40,multi_hop,4000,end,medium,unknown,p0001;p0002;p0003,p0001;p0002;p0003;p0012;p0013,19;10;18;8;2;21;15;4,5.0,3.0,1.0,1.0,0.6,1.0,0.7499999999999999,0.4
hotpotqa_5ab6aaff55429953192ad35b,hotpotqa,hotpotqa_oncu_200,dense,16,220,40,multi_hop,4000,end,medium,unknown,p0001;p0002;p0003,p0001;p0002;p0003;p0012;p0013;p0007;p0009;p0010,19;10;18;8;2;21;15;4;9;17;13;3;11;12;1;7,8.0,3.0,1.0,1.0,0.375,1.0,0.5454545454545454,0.625
hotpotqa_5ab6aaff55429953192ad35b,hotpotqa,hotpotqa_oncu_200,hybrid,3,220,40,multi_hop,4000,end,medium,unknown,p0001;p0002;p0003,p0001;p0002;p0003;p0012;p0013,19;18;8,5.0,3.0,1.0,1.0,0.6,1.0,0.7499999999999999,0.4
hotpotqa_5ab6aaff55429953192ad35b,hotpotqa,hotpotqa_oncu_200,hybrid,5,220,40,multi_hop,4000,end,medium,unknown,p0001;p0002;p0003,p0001;p0002;p0003;p0012;p0013,19;18;8;11;3,5.0,3.0,1.0,1.0,0.6,1.0,0.7499999999999999,0.4
hotpotqa_5ab6aaff55429953192ad35b,hotpotqa,hotpotqa_oncu_200,hybrid,8,220,40,multi_hop,4000,end,medium,unknown,p0001;p0002;p0003,p0001;p0002;p0003;p0012;p0013,19;18;8;11;3;0;16;10,5.0,3.0,1.0,1.0,0.6,1.0,0.7499999999999999,0.4
hotpotqa_5ab6aaff55429953192ad35b,hotpotqa,hotpotqa_oncu_200,hybrid,16,220,40,multi_hop,4000,end,medium,unknown,p0001;p0002;p0003,p0001;p0002;p0003;p0012;p0013;p0007;p0009;p0010,19;18;8;11;3;0;16;10;9;13;20;2;4;7;21;17,8.0,3.0,1.0,1.0,0.375,1.0,0.5454545454545454,0.625
hotpotqa_5ab6aaff55429953192ad35b,hotpotqa,hotpotqa_oncu_200,iterative,3,220,40,multi_hop,4000,end,medium,unknown,p0001;p0002;p0003,p0001;p0002;p0003,19;0;16,3.0,3.0,1.0,1.0,1.0,1.0,1.0,0.0
hotpotqa_5ab6aaff55429953192ad35b,hotpotqa,hotpotqa_oncu_200,iterative,5,220,40,multi_hop,4000,end,medium,unknown,p0001;p0002;p0003,p0001;p0002;p0003,19;0;16;18;11,3.0,3.0,1.0,1.0,1.0,1.0,1.0,0.0
hotpotqa_5ab6aaff55429953192ad35b,hotpotqa,hotpotqa_oncu_200,iterative,8,220,40,multi_hop,4000,end,medium,unknown,p0001;p0002;p0003,p0001;p0002;p0003;p0007;p0009;p0010;p0012,19;0;16;18;11;13;3;7,7.0,3.0,1.0,1.0,0.42857142857142855,1.0,0.6,0.5714285714285714
hotpotqa_5ab6aaff55429953192ad35b,hotpotqa,hotpotqa_oncu_200,iterative,16,220,40,multi_hop,4000,end,medium,unknown,p0001;p0002;p0003,p0001;p0002;p0003;p0007;p0009;p0010;p0012;p0004;p0005;p0006;p0013,19;0;16;18;11;13;3;7;6;20;2;14;8;5;9;1,11.0,3.0,1.0,1.0,0.2727272727272727,1.0,0.42857142857142855,0.7272727272727273
hotpotqa_5ab6aaff55429953192ad35b,hotpotqa,hotpotqa_oncu_200,oracle,3,220,40,multi_hop,4000,end,medium,unknown,p0001;p0002;p0003,p0001;p0002;p0003,0;1;2,3.0,3.0,1.0,1.0,1.0,1.0,1.0,0.0
hotpotqa_5ab6aaff55429953192ad35b,hotpotqa,hotpotqa_oncu_200,oracle,5,220,40,multi_hop,4000,end,medium,unknown,p0001;p0002;p0003,p0001;p0002;p0003,0;1;2,3.0,3.0,1.0,1.0,1.0,1.0,1.0,0.0
hotpotqa_5ab6aaff55429953192ad35b,hotpotqa,hotpotqa_oncu_200,oracle,8,220,40,multi_hop,4000,end,medium,unknown,p0001;p0002;p0003,p0001;p0002;p0003,0;1;2,3.0,3.0,1.0,1.0,1.0,1.0,1.0,0.0
hotpotqa_5ab6aaff55429953192ad35b,hotpotqa,hotpotqa_oncu_200,oracle,16,220,40,multi_hop,4000,end,medium,unknown,p0001;p0002;p0003,p0001;p0002;p0003,0;1;2,3.0,3.0,1.0,1.0,1.0,1.0,1.0,0.0
hotpotqa_5abc5951554299114383a116,hotpotqa,hotpotqa_oncu_200,lexical,3,220,40,multi_hop,8000,scattered,medium,unknown,p0001;p0002;p0003,p0003,38;9;29,1.0,3.0,1.0,0.0,1.0,0.3333333333333333,0.5,0.0
hotpotqa_5abc5951554299114383a116,hotpotqa,hotpotqa_oncu_200,lexical,5,220,40,multi_hop,8000,scattered,medium,unknown,p0001;p0002;p0003,p0003;p0001,38;9;29;4;39,2.0,3.0,1.0,0.0,1.0,0.6666666666666666,0.8,0.0
hotpotqa_5abc5951554299114383a116,hotpotqa,hotpotqa_oncu_200,lexical,8,220,40,multi_hop,8000,scattered,medium,unknown,p0001;p0002;p0003,p0003;p0001;p0002,38;9;29;4;39;19;2;22,3.0,3.0,1.0,1.0,1.0,1.0,1.0,0.0
hotpotqa_5abc5951554299114383a116,hotpotqa,hotpotqa_oncu_200,lexical,16,220,40,multi_hop,8000,scattered,medium,unknown,p0001;p0002;p0003,p0003;p0001;p0002,38;9;29;4;39;19;2;22;12;3;32;5;42;26;35;25,3.0,3.0,1.0,1.0,1.0,1.0,1.0,0.0
hotpotqa_5abc5951554299114383a116,hotpotqa,hotpotqa_oncu_200,dense,3,220,40,multi_hop,8000,scattered,medium,unknown,p0001;p0002;p0003,p0001;p0007;p0008,4;14;24,3.0,3.0,1.0,0.0,0.3333333333333333,0.3333333333333333,0.3333333333333333,0.6666666666666666
hotpotqa_5abc5951554299114383a116,hotpotqa,hotpotqa_oncu_200,dense,5,220,40,multi_hop,8000,scattered,medium,unknown,p0001;p0002;p0003,p0001;p0007;p0008;p0003,4;14;24;11;38,4.0,3.0,1.0,0.0,0.5,0.6666666666666666,0.5714285714285715,0.5
hotpotqa_5abc5951554299114383a116,hotpotqa,hotpotqa_oncu_200,dense,8,220,40,multi_hop,8000,scattered,medium,unknown,p0001;p0002;p0003,p0001;p0007;p0008;p0003,4;14;24;11;38;34;41;31,4.0,3.0,1.0,0.0,0.5,0.6666666666666666,0.5714285714285715,0.5
hotpotqa_5abc5951554299114383a116,hotpotqa,hotpotqa_oncu_200,dense,16,220,40,multi_hop,8000,scattered,medium,unknown,p0001;p0002;p0003,p0001;p0007;p0008;p0003;p0002;p0010;p0012;p0013,4;14;24;11;38;34;41;31;21;7;37;44;6;1;16;12,8.0,3.0,1.0,1.0,0.375,1.0,0.5454545454545454,0.625
hotpotqa_5abc5951554299114383a116,hotpotqa,hotpotqa_oncu_200,hybrid,3,220,40,multi_hop,8000,scattered,medium,unknown,p0001;p0002;p0003,p0001;p0003,4;38;29,2.0,3.0,1.0,0.0,1.0,0.6666666666666666,0.8,0.0
hotpotqa_5abc5951554299114383a116,hotpotqa,hotpotqa_oncu_200,hybrid,5,220,40,multi_hop,8000,scattered,medium,unknown,p0001;p0002;p0003,p0001;p0003,4;38;29;12;9,2.0,3.0,1.0,0.0,1.0,0.6666666666666666,0.8,0.0
hotpotqa_5abc5951554299114383a116,hotpotqa,hotpotqa_oncu_200,hybrid,8,220,40,multi_hop,8000,scattered,medium,unknown,p0001;p0002;p0003,p0001;p0003;p0007;p0008,4;38;29;12;9;11;24;14,4.0,3.0,1.0,0.0,0.5,0.6666666666666666,0.5714285714285715,0.5
hotpotqa_5abc5951554299114383a116,hotpotqa,hotpotqa_oncu_200,hybrid,16,220,40,multi_hop,8000,scattered,medium,unknown,p0001;p0002;p0003,p0001;p0003;p0007;p0008;p0002,4;38;29;12;9;11;24;14;19;1;39;2;41;34;21;6,5.0,3.0,1.0,1.0,0.6,1.0,0.7499999999999999,0.4
hotpotqa_5abc5951554299114383a116,hotpotqa,hotpotqa_oncu_200,iterative,3,220,40,multi_hop,8000,scattered,medium,unknown,p0001;p0002;p0003,p0003;p0001,38;4;1,2.0,3.0,1.0,0.0,1.0,0.6666666666666666,0.8,0.0
hotpotqa_5abc5951554299114383a116,hotpotqa,hotpotqa_oncu_200,iterative,5,220,40,multi_hop,8000,scattered,medium,unknown,p0001;p0002;p0003,p0003;p0001,38;4;1;11;28,2.0,3.0,1.0,0.0,1.0,0.6666666666666666,0.8,0.0
hotpotqa_5abc5951554299114383a116,hotpotqa,hotpotqa_oncu_200,iterative,8,220,40,multi_hop,8000,scattered,medium,unknown,p0001;p0002;p0003,p0003;p0001,38;4;1;11;28;41;29;5,2.0,3.0,1.0,0.0,1.0,0.6666666666666666,0.8,0.0
hotpotqa_5abc5951554299114383a116,hotpotqa,hotpotqa_oncu_200,iterative,16,220,40,multi_hop,8000,scattered,medium,unknown,p0001;p0002;p0003,p0003;p0001;p0002,38;4;1;11;28;41;29;5;9;21;25;12;18;2;39;35,3.0,3.0,1.0,1.0,1.0,1.0,1.0,0.0
hotpotqa_5abc5951554299114383a116,hotpotqa,hotpotqa_oncu_200,oracle,3,220,40,multi_hop,8000,scattered,medium,unknown,p0001;p0002;p0003,p0001;p0002;p0003,0;1;2,3.0,3.0,1.0,1.0,1.0,1.0,1.0,0.0
hotpotqa_5abc5951554299114383a116,hotpotqa,hotpotqa_oncu_200,oracle,5,220,40,multi_hop,8000,scattered,medium,unknown,p0001;p0002;p0003,p0001;p0002;p0003,0;1;2,3.0,3.0,1.0,1.0,1.0,1.0,1.0,0.0
hotpotqa_5abc5951554299114383a116,hotpotqa,hotpotqa_oncu_200,oracle,8,220,40,multi_hop,8000,scattered,medium,unknown,p0001;p0002;p0003,p0001;p0002;p0003,0;1;2,3.0,3.0,1.0,1.0,1.0,1.0,1.0,0.0
hotpotqa_5abc5951554299114383a116,hotpotqa,hotpotqa_oncu_200,oracle,16,220,40,multi_hop,8000,scattered,medium,unknown,p0001;p0002;p0003,p0001;p0002;p0003,0;1;2,3.0,3.0,1.0,1.0,1.0,1.0,1.0,0.0
hotpotqa_5a7634f155429976ec32bd6b,hotpotqa,hotpotqa_oncu_200,lexical,3,220,40,multi_hop,16000,front,medium,unknown,p0001;p0002;p0003;p0004,p0001;p0002;p0003;p0004,4;3;33,4.0,4.0,1.0,1.0,1.0,1.0,1.0,0.0
hotpotqa_5a7634f155429976ec32bd6b,hotpotqa,hotpotqa_oncu_200,lexical,5,220,40,multi_hop,16000,front,medium,unknown,p0001;p0002;p0003;p0004,p0001;p0002;p0003;p0004,4;3;33;40;47,4.0,4.0,1.0,1.0,1.0,1.0,1.0,0.0
hotpotqa_5a7634f155429976ec32bd6b,hotpotqa,hotpotqa_oncu_200,lexical,8,220,40,multi_hop,16000,front,medium,unknown,p0001;p0002;p0003;p0004,p0001;p0002;p0003;p0004,4;3;33;40;47;54;61;68,4.0,4.0,1.0,1.0,1.0,1.0,1.0,0.0
hotpotqa_5a7634f155429976ec32bd6b,hotpotqa,hotpotqa_oncu_200,lexical,16,220,40,multi_hop,16000,front,medium,unknown,p0001;p0002;p0003;p0004,p0001;p0002;p0003;p0004;p0005;p0006,4;3;33;40;47;54;61;68;75;82;28;5;12;19;26;9,6.0,4.0,1.0,1.0,0.6666666666666666,1.0,0.8,0.3333333333333333
hotpotqa_5a7634f155429976ec32bd6b,hotpotqa,hotpotqa_oncu_200,dense,3,220,40,multi_hop,16000,front,medium,unknown,p0001;p0002;p0003;p0004,p0005;p0006;p0001;p0002;p0003;p0004,28;3;4,6.0,4.0,1.0,1.0,0.6666666666666666,1.0,0.8,0.3333333333333333
hotpotqa_5a7634f155429976ec32bd6b,hotpotqa,hotpotqa_oncu_200,dense,5,220,40,multi_hop,16000,front,medium,unknown,p0001;p0002;p0003;p0004,p0005;p0006;p0001;p0002;p0003;p0004,28;3;4;7;14,6.0,4.0,1.0,1.0,0.6666666666666666,1.0,0.8,0.3333333333333333
hotpotqa_5a7634f155429976ec32bd6b,hotpotqa,hotpotqa_oncu_200,dense,8,220,40,multi_hop,16000,front,medium,unknown,p0001;p0002;p0003;p0004,p0005;p0006;p0001;p0002;p0003;p0004,28;3;4;7;14;21;35;42,6.0,4.0,1.0,1.0,0.6666666666666666,1.0,0.8,0.3333333333333333
hotpotqa_5a7634f155429976ec32bd6b,hotpotqa,hotpotqa_oncu_200,dense,16,220,40,multi_hop,16000,front,medium,unknown,p0001;p0002;p0003;p0004,p0005;p0006;p0001;p0002;p0003;p0004;p0007;p0008,28;3;4;7;14;21;35;42;49;56;63;70;77;84;29;10,8.0,4.0,1.0,1.0,0.5,1.0,0.6666666666666666,0.5
hotpotqa_5a7634f155429976ec32bd6b,hotpotqa,hotpotqa_oncu_200,hybrid,3,220,40,multi_hop,16000,front,medium,unknown,p0001;p0002;p0003;p0004,p0001;p0002;p0003;p0004;p0005;p0006,4;3;28,6.0,4.0,1.0,1.0,0.6666666666666666,1.0,0.8,0.3333333333333333
hotpotqa_5a7634f155429976ec32bd6b,hotpotqa,hotpotqa_oncu_200,hybrid,5,220,40,multi_hop,16000,front,medium,unknown,p0001;p0002;p0003;p0004,p0001;p0002;p0003;p0004;p0005;p0006,4;3;28;7;14,6.0,4.0,1.0,1.0,0.6666666666666666,1.0,0.8,0.3333333333333333
hotpotqa_5a7634f155429976ec32bd6b,hotpotqa,hotpotqa_oncu_200,hybrid,8,220,40,multi_hop,16000,front,medium,unknown,p0001;p0002;p0003;p0004,p0001;p0002;p0003;p0004;p0005;p0006,4;3;28;7;14;9;21;33,6.0,4.0,1.0,1.0,0.6666666666666666,1.0,0.8,0.3333333333333333
hotpotqa_5a7634f155429976ec32bd6b,hotpotqa,hotpotqa_oncu_200,hybrid,16,220,40,multi_hop,16000,front,medium,unknown,p0001;p0002;p0003;p0004,p0001;p0002;p0003;p0004;p0005;p0006,4;3;28;7;14;9;21;33;16;35;40;23;42;47;49;54,6.0,4.0,1.0,1.0,0.6666666666666666,1.0,0.8,0.3333333333333333
hotpotqa_5a7634f155429976ec32bd6b,hotpotqa,hotpotqa_oncu_200,iterative,3,220,40,multi_hop,16000,front,medium,unknown,p0001;p0002;p0003;p0004,p0001;p0002;p0003;p0004;p0005;p0006,4;3;28,6.0,4.0,1.0,1.0,0.6666666666666666,1.0,0.8,0.3333333333333333
hotpotqa_5a7634f155429976ec32bd6b,hotpotqa,hotpotqa_oncu_200,iterative,5,220,40,multi_hop,16000,front,medium,unknown,p0001;p0002;p0003;p0004,p0001;p0002;p0003;p0004;p0005;p0006,4;3;28;0;35,6.0,4.0,1.0,1.0,0.6666666666666666,1.0,0.8,0.3333333333333333
hotpotqa_5a7634f155429976ec32bd6b,hotpotqa,hotpotqa_oncu_200,iterative,8,220,40,multi_hop,16000,front,medium,unknown,p0001;p0002;p0003;p0004,p0001;p0002;p0003;p0004;p0005;p0006,4;3;28;0;35;42;88;49,6.0,4.0,1.0,1.0,0.6666666666666666,1.0,0.8,0.3333333333333333
hotpotqa_5a7634f155429976ec32bd6b,hotpotqa,hotpotqa_oncu_200,iterative,16,220,40,multi_hop,16000,front,medium,unknown,p0001;p0002;p0003;p0004,p0001;p0002;p0003;p0004;p0005;p0006,4;3;28;0;35;42;88;49;56;7;63;14;70;21;77;33,6.0,4.0,1.0,1.0,0.6666666666666666,1.0,0.8,0.3333333333333333
hotpotqa_5a7634f155429976ec32bd6b,hotpotqa,hotpotqa_oncu_200,oracle,3,220,40,multi_hop,16000,front,medium,unknown,p0001;p0002;p0003;p0004,p0001;p0002;p0003,0;1;2,3.0,4.0,1.0,0.0,1.0,0.75,0.8571428571428571,0.0
hotpotqa_5a7634f155429976ec32bd6b,hotpotqa,hotpotqa_oncu_200,oracle,5,220,40,multi_hop,16000,front,medium,unknown,p0001;p0002;p0003;p0004,p0001;p0002;p0003;p0004,0;1;2;3,4.0,4.0,1.0,1.0,1.0,1.0,1.0,0.0
hotpotqa_5a7634f155429976ec32bd6b,hotpotqa,hotpotqa_oncu_200,oracle,8,220,40,multi_hop,16000,front,medium,unknown,p0001;p0002;p0003;p0004,p0001;p0002;p0003;p0004,0;1;2;3,4.0,4.0,1.0,1.0,1.0,1.0,1.0,0.0
hotpotqa_5a7634f155429976ec32bd6b,hotpotqa,hotpotqa_oncu_200,oracle,16,220,40,multi_hop,16000,front,medium,unknown,p0001;p0002;p0003;p0004,p0001;p0002;p0003;p0004,0;1;2;3,4.0,4.0,1.0,1.0,1.0,1.0,1.0,0.0
hotpotqa_5a8b3af455429971feec467b,hotpotqa,hotpotqa_oncu_200,lexical,3,220,40,multi_hop,4000,middle,low,unknown,p0001;p0002,p0001;p0002,10;13;16,2.0,2.0,1.0,1.0,1.0,1.0,1.0,0.0
hotpotqa_5a8b3af455429971feec467b,hotpotqa,hotpotqa_oncu_200,lexical,5,220,40,multi_hop,4000,middle,low,unknown,p0001;p0002,p0001;p0002,10;13;16;19;4,2.0,2.0,1.0,1.0,1.0,1.0,1.0,0.0
hotpotqa_5a8b3af455429971feec467b,hotpotqa,hotpotqa_oncu_200,lexical,8,220,40,multi_hop,4000,middle,low,unknown,p0001;p0002,p0001;p0002,10;13;16;19;4;1;20;14,2.0,2.0,1.0,1.0,1.0,1.0,1.0,0.0
hotpotqa_5a8b3af455429971feec467b,hotpotqa,hotpotqa_oncu_200,lexical,16,220,40,multi_hop,4000,middle,low,unknown,p0001;p0002,p0001;p0002;p0003;p0004;p0005;p0006;p0008;p0009,10;13;16;19;4;1;20;14;18;6;3;21;7;0;17;5,8.0,2.0,1.0,1.0,0.25,1.0,0.4,0.75
hotpotqa_5a8b3af455429971feec467b,hotpotqa,hotpotqa_oncu_200,dense,3,220,40,multi_hop,4000,middle,low,unknown,p0001;p0002,,2;3;19,0.0,2.0,0.0,0.0,0.0,0.0,0.0,0.0
hotpotqa_5a8b3af455429971feec467b,hotpotqa,hotpotqa_oncu_200,dense,5,220,40,multi_hop,4000,middle,low,unknown,p0001;p0002,,2;3;19;16;13,0.0,2.0,0.0,0.0,0.0,0.0,0.0,0.0
hotpotqa_5a8b3af455429971feec467b,hotpotqa,hotpotqa_oncu_200,dense,8,220,40,multi_hop,4000,middle,low,unknown,p0001;p0002,p0003;p0004;p0005;p0006;p0012,2;3;19;16;13;6;0;9,5.0,2.0,0.0,0.0,0.0,0.0,0.0,1.0
hotpotqa_5a8b3af455429971feec467b,hotpotqa,hotpotqa_oncu_200,dense,16,220,40,multi_hop,4000,middle,low,unknown,p0001;p0002,p0003;p0004;p0005;p0006;p0012;p0001;p0002;p0009;p0010,2;3;19;16;13;6;0;9;10;12;18;15;5;8;11;20,9.0,2.0,1.0,1.0,0.2222222222222222,1.0,0.3636363636363636,0.7777777777777778
hotpotqa_5a8b3af455429971feec467b,hotpotqa,hotpotqa_oncu_200,hybrid,3,220,40,multi_hop,4000,middle,low,unknown,p0001;p0002,,13;16;19,0.0,2.0,0.0,0.0,0.0,0.0,0.0,0.0
hotpotqa_5a8b3af455429971feec467b,hotpotqa,hotpotqa_oncu_200,hybrid,5,220,40,multi_hop,4000,middle,low,unknown,p0001;p0002,p0001;p0002,13;16;19;10;3,2.0,2.0,1.0,1.0,1.0,1.0,1.0,0.0
hotpotqa_5a8b3af455429971feec467b,hotpotqa,hotpotqa_oncu_200,hybrid,8,220,40,multi_hop,4000,middle,low,unknown,p0001;p0002,p0001;p0002;p0003;p0004;p0005;p0006,13;16;19;10;3;6;2;18,6.0,2.0,1.0,1.0,0.3333333333333333,1.0,0.5,0.6666666666666666
hotpotqa_5a8b3af455429971feec467b,hotpotqa,hotpotqa_oncu_200,hybrid,16,220,40,multi_hop,4000,middle,low,unknown,p0001;p0002,p0001;p0002;p0003;p0004;p0005;p0006;p0012,13;16;19;10;3;6;2;18;0;20;4;1;14;12;9;21,7.0,2.0,1.0,1.0,0.2857142857142857,1.0,0.4444444444444445,0.7142857142857143
hotpotqa_5a8b3af455429971feec467b,hotpotqa,hotpotqa_oncu_200,iterative,3,220,40,multi_hop,4000,middle,low,unknown,p0001;p0002,p0001;p0002,13;10;19,2.0,2.0,1.0,1.0,1.0,1.0,1.0,0.0
hotpotqa_5a8b3af455429971feec467b,hotpotqa,hotpotqa_oncu_200,iterative,5,220,40,multi_hop,4000,middle,low,unknown,p0001;p0002,p0001;p0002,13;10;19;16;4,2.0,2.0,1.0,1.0,1.0,1.0,1.0,0.0
hotpotqa_5a8b3af455429971feec467b,hotpotqa,hotpotqa_oncu_200,iterative,8,220,40,multi_hop,4000,middle,low,unknown,p0001;p0002,p0001;p0002;p0006;p0008;p0009,13;10;19;16;4;1;7;3,5.0,2.0,1.0,1.0,0.4,1.0,0.5714285714285715,0.6
hotpotqa_5a8b3af455429971feec467b,hotpotqa,hotpotqa_oncu_200,iterative,16,220,40,multi_hop,4000,middle,low,unknown,p0001;p0002,p0001;p0002;p0006;p0008;p0009;p0003;p0004;p0005;p0012,13;10;19;16;4;1;7;3;20;0;14;6;17;18;9;21,9.0,2.0,1.0,1.0,0.2222222222222222,1.0,0.3636363636363636,0.7777777777777778
hotpotqa_5a8b3af455429971feec467b,hotpotqa,hotpotqa_oncu_200,oracle,3,220,40,multi_hop,4000,middle,low,unknown,p0001;p0002,p0001;p0002,0;1,2.0,2.0,1.0,1.0,1.0,1.0,1.0,0.0
hotpotqa_5a8b3af455429971feec467b,hotpotqa,hotpotqa_oncu_200,oracle,5,220,40,multi_hop,4000,middle,low,unknown,p0001;p0002,p0001;p0002,0;1,2.0,2.0,1.0,1.0,1.0,1.0,1.0,0.0
hotpotqa_5a8b3af455429971feec467b,hotpotqa,hotpotqa_oncu_200,oracle,8,220,40,multi_hop,4000,middle,low,unknown,p0001;p0002,p0001;p0002,0;1,2.0,2.0,1.0,1.0,1.0,1.0,1.0,0.0
hotpotqa_5a8b3af455429971feec467b,hotpotqa,hotpotqa_oncu_200,oracle,16,220,40,multi_hop,4000,middle,low,unknown,p0001;p0002,p0001;p0002,0;1,2.0,2.0,1.0,1.0,1.0,1.0,1.0,0.0
hotpotqa_5add311b5542994ed6169cc5,hotpotqa,hotpotqa_oncu_200,lexical,3,220,40,multi_hop,8000,end,low,unknown,p0001;p0002,,31;42;36,0.0,2.0,0.0,0.0,0.0,0.0,0.0,0.0
hotpotqa_5add311b5542994ed6169cc5,hotpotqa,hotpotqa_oncu_200,lexical,5,220,40,multi_hop,8000,end,low,unknown,p0001;p0002,,31;42;36;26;10,0.0,2.0,0.0,0.0,0.0,0.0,0.0,0.0
hotpotqa_5add311b5542994ed6169cc5,hotpotqa,hotpotqa_oncu_200,lexical,8,220,40,multi_hop,8000,end,low,unknown,p0001;p0002,,31;42;36;26;10;5;21;37,0.0,2.0,0.0,0.0,0.0,0.0,0.0,0.0
hotpotqa_5add311b5542994ed6169cc5,hotpotqa,hotpotqa_oncu_200,lexical,16,220,40,multi_hop,8000,end,low,unknown,p0001;p0002,p0003;p0012,31;42;36;26;10;5;21;37;12;0;9;4;25;7;17;20,2.0,2.0,0.0,0.0,0.0,0.0,0.0,1.0
hotpotqa_5add311b5542994ed6169cc5,hotpotqa,hotpotqa_oncu_200,dense,3,220,40,multi_hop,8000,end,low,unknown,p0001;p0002,,5;34;18,0.0,2.0,0.0,0.0,0.0,0.0,0.0,0.0
hotpotqa_5add311b5542994ed6169cc5,hotpotqa,hotpotqa_oncu_200,dense,5,220,40,multi_hop,8000,end,low,unknown,p0001;p0002,p0001;p0002,5;34;18;38;33,2.0,2.0,1.0,1.0,1.0,1.0,1.0,0.0
hotpotqa_5add311b5542994ed6169cc5,hotpotqa,hotpotqa_oncu_200,dense,8,220,40,multi_hop,8000,end,low,unknown,p0001;p0002,p0001;p0002;p0004;p0005,5;34;18;38;33;13;21;7,4.0,2.0,1.0,1.0,0.5,1.0,0.6666666666666666,0.5
hotpotqa_5add311b5542994ed6169cc5,hotpotqa,hotpotqa_oncu_200,dense,16,220,40,multi_hop,8000,end,low,unknown,p0001;p0002,p0001;p0002;p0004;p0005;p0008;p0010;p0006;p0007,5;34;18;38;33;13;21;7;32;2;15;14;26;23;0;39,8.0,2.0,1.0,1.0,0.25,1.0,0.4,0.75
hotpotqa_5add311b5542994ed6169cc5,hotpotqa,hotpotqa_oncu_200,hybrid,3,220,40,multi_hop,8000,end,low,unknown,p0001;p0002,,5;21;26,0.0,2.0,0.0,0.0,0.0,0.0,0.0,0.0
hotpotqa_5add311b5542994ed6169cc5,hotpotqa,hotpotqa_oncu_200,hybrid,5,220,40,multi_hop,8000,end,low,unknown,p0001;p0002,,5;21;26;18;7,0.0,2.0,0.0,0.0,0.0,0.0,0.0,0.0
hotpotqa_5add311b5542994ed6169cc5,hotpotqa,hotpotqa_oncu_200,hybrid,8,220,40,multi_hop,8000,end,low,unknown,p0001;p0002,,5;21;26;18;7;10;42;0,0.0,2.0,0.0,0.0,0.0,0.0,0.0,0.0
hotpotqa_5add311b5542994ed6169cc5,hotpotqa,hotpotqa_oncu_200,hybrid,16,220,40,multi_hop,8000,end,low,unknown,p0001;p0002,p0004;p0005;p0003,5;21;26;18;7;10;42;0;32;13;12;31;37;34;33;2,3.0,2.0,0.0,0.0,0.0,0.0,0.0,1.0
hotpotqa_5add311b5542994ed6169cc5,hotpotqa,hotpotqa_oncu_200,iterative,3,220,40,multi_hop,8000,end,low,unknown,p0001;p0002,,31;36;42,0.0,2.0,0.0,0.0,0.0,0.0,0.0,0.0
hotpotqa_5add311b5542994ed6169cc5,hotpotqa,hotpotqa_oncu_200,iterative,5,220,40,multi_hop,8000,end,low,unknown,p0001;p0002,,31;36;42;26;10,0.0,2.0,0.0,0.0,0.0,0.0,0.0,0.0
hotpotqa_5add311b5542994ed6169cc5,hotpotqa,hotpotqa_oncu_200,iterative,8,220,40,multi_hop,8000,end,low,unknown,p0001;p0002,p0012,31;36;42;26;10;4;17;5,1.0,2.0,0.0,0.0,0.0,0.0,0.0,1.0
hotpotqa_5add311b5542994ed6169cc5,hotpotqa,hotpotqa_oncu_200,iterative,16,220,40,multi_hop,8000,end,low,unknown,p0001;p0002,p0012;p0003,31;36;42;26;10;4;17;5;9;25;20;21;37;0;12;41,2.0,2.0,0.0,0.0,0.0,0.0,0.0,1.0
hotpotqa_5add311b5542994ed6169cc5,hotpotqa,hotpotqa_oncu_200,oracle,3,220,40,multi_hop,8000,end,low,unknown,p0001;p0002,p0001;p0002,0;1,2.0,2.0,1.0,1.0,1.0,1.0,1.0,0.0
hotpotqa_5add311b5542994ed6169cc5,hotpotqa,hotpotqa_oncu_200,oracle,5,220,40,multi_hop,8000,end,low,unknown,p0001;p0002,p0001;p0002,0;1,2.0,2.0,1.0,1.0,1.0,1.0,1.0,0.0
hotpotqa_5add311b5542994ed6169cc5,hotpotqa,hotpotqa_oncu_200,oracle,8,220,40,multi_hop,8000,end,low,unknown,p0001;p0002,p0001;p0002,0;1,2.0,2.0,1.0,1.0,1.0,1.0,1.0,0.0
hotpotqa_5add311b5542994ed6169cc5,hotpotqa,hotpotqa_oncu_200,oracle,16,220,40,multi_hop,8000,end,low,unknown,p0001;p0002,p0001;p0002,0;1,2.0,2.0,1.0,1.0,1.0,1.0,1.0,0.0
hotpotqa_5ae60426554299546bf83019,hotpotqa,hotpotqa_oncu_200,lexical,3,220,40,multi_hop,16000,scattered,low,unknown,p0001;p0002,p0002,44;18;33,1.0,2.0,1.0,0.0,1.0,0.5,0.6666666666666666,0.0
hotpotqa_5ae60426554299546bf83019,hotpotqa,hotpotqa_oncu_200,lexical,5,220,40,multi_hop,16000,scattered,low,unknown,p0001;p0002,p0002,44;18;33;48;63,1.0,2.0,1.0,0.0,1.0,0.5,0.6666666666666666,0.0
hotpotqa_5ae60426554299546bf83019,hotpotqa,hotpotqa_oncu_200,lexical,8,220,40,multi_hop,16000,scattered,low,unknown,p0001;p0002,p0002,44;18;33;48;63;78;14;59,1.0,2.0,1.0,0.0,1.0,0.5,0.6666666666666666,0.0
hotpotqa_5ae60426554299546bf83019,hotpotqa,hotpotqa_oncu_200,lexical,16,220,40,multi_hop,16000,scattered,low,unknown,p0001;p0002,p0002;p0010;p0011;p0012,44;18;33;48;63;78;14;59;74;57;12;42;72;27;31;87,4.0,2.0,1.0,0.0,0.25,0.5,0.3333333333333333,0.75
hotpotqa_5ae60426554299546bf83019,hotpotqa,hotpotqa_oncu_200,dense,3,220,40,multi_hop,16000,scattered,low,unknown,p0001;p0002,p0001,8;60;15,1.0,2.0,1.0,0.0,1.0,0.5,0.6666666666666666,0.0
hotpotqa_5ae60426554299546bf83019,hotpotqa,hotpotqa_oncu_200,dense,5,220,40,multi_hop,16000,scattered,low,unknown,p0001;p0002,p0001;p0002,8;60;15;44;75,2.0,2.0,1.0,1.0,1.0,1.0,1.0,0.0
hotpotqa_5ae60426554299546bf83019,hotpotqa,hotpotqa_oncu_200,dense,8,220,40,multi_hop,16000,scattered,low,unknown,p0001;p0002,p0001;p0002,8;60;15;44;75;70;25;45,2.0,2.0,1.0,1.0,1.0,1.0,1.0,0.0
hotpotqa_5ae60426554299546bf83019,hotpotqa,hotpotqa_oncu_200,dense,16,220,40,multi_hop,16000,scattered,low,unknown,p0001;p0002,p0001;p0002,8;60;15;44;75;70;25;45;10;40;4;85;6;2;7;55,2.0,2.0,1.0,1.0,1.0,1.0,1.0,0.0
hotpotqa_5ae60426554299546bf83019,hotpotqa,hotpotqa_oncu_200,hybrid,3,220,40,multi_hop,16000,scattered,low,unknown,p0001;p0002,p0002;p0001,44;18;8,2.0,2.0,1.0,1.0,1.0,1.0,1.0,0.0
hotpotqa_5ae60426554299546bf83019,hotpotqa,hotpotqa_oncu_200,hybrid,5,220,40,multi_hop,16000,scattered,low,unknown,p0001;p0002,p0002;p0001,44;18;8;78;4,2.0,2.0,1.0,1.0,1.0,1.0,1.0,0.0
hotpotqa_5ae60426554299546bf83019,hotpotqa,hotpotqa_oncu_200,hybrid,8,220,40,multi_hop,16000,scattered,low,unknown,p0001;p0002,p0002;p0001,44;18;8;78;4;14;57;74,2.0,2.0,1.0,1.0,1.0,1.0,1.0,0.0
hotpotqa_5ae60426554299546bf83019,hotpotqa,hotpotqa_oncu_200,hybrid,16,220,40,multi_hop,16000,scattered,low,unknown,p0001;p0002,p0002;p0001,44;18;8;78;4;14;57;74;33;63;25;59;48;70;72;2,2.0,2.0,1.0,1.0,1.0,1.0,1.0,0.0
hotpotqa_5ae60426554299546bf83019,hotpotqa,hotpotqa_oncu_200,iterative,3,220,40,multi_hop,16000,scattered,low,unknown,p0001;p0002,p0002,44;59;14,1.0,2.0,1.0,0.0,1.0,0.5,0.6666666666666666,0.0
hotpotqa_5ae60426554299546bf83019,hotpotqa,hotpotqa_oncu_200,iterative,5,220,40,multi_hop,16000,scattered,low,unknown,p0001;p0002,p0002,44;59;14;74;48,1.0,2.0,1.0,0.0,1.0,0.5,0.6666666666666666,0.0
hotpotqa_5ae60426554299546bf83019,hotpotqa,hotpotqa_oncu_200,iterative,8,220,40,multi_hop,16000,scattered,low,unknown,p0001;p0002,p0002,44;59;14;74;48;33;18;63,1.0,2.0,1.0,0.0,1.0,0.5,0.6666666666666666,0.0
hotpotqa_5ae60426554299546bf83019,hotpotqa,hotpotqa_oncu_200,iterative,16,220,40,multi_hop,16000,scattered,low,unknown,p0001;p0002,p0002;p0010;p0011;p0012,44;59;14;74;48;33;18;63;51;6;25;78;31;81;70;2,4.0,2.0,1.0,0.0,0.25,0.5,0.3333333333333333,0.75
hotpotqa_5ae60426554299546bf83019,hotpotqa,hotpotqa_oncu_200,oracle,3,220,40,multi_hop,16000,scattered,low,unknown,p0001;p0002,p0001;p0002,0;1,2.0,2.0,1.0,1.0,1.0,1.0,1.0,0.0
hotpotqa_5ae60426554299546bf83019,hotpotqa,hotpotqa_oncu_200,oracle,5,220,40,multi_hop,16000,scattered,low,unknown,p0001;p0002,p0001;p0002,0;1,2.0,2.0,1.0,1.0,1.0,1.0,1.0,0.0
hotpotqa_5ae60426554299546bf83019,hotpotqa,hotpotqa_oncu_200,oracle,8,220,40,multi_hop,16000,scattered,low,unknown,p0001;p0002,p0001;p0002,0;1,2.0,2.0,1.0,1.0,1.0,1.0,1.0,0.0
hotpotqa_5ae60426554299546bf83019,hotpotqa,hotpotqa_oncu_200,oracle,16,220,40,multi_hop,16000,scattered,low,unknown,p0001;p0002,p0001;p0002,0;1,2.0,2.0,1.0,1.0,1.0,1.0,1.0,0.0
hotpotqa_5ae789615542997ec2727695,hotpotqa,hotpotqa_oncu_200,lexical,3,220,40,multi_hop,4000,front,low,unknown,p0001;p0002,p0001;p0002;p0009;p0010;p0011,0;8;14,5.0,2.0,1.0,1.0,0.4,1.0,0.5714285714285715,0.6
hotpotqa_5ae789615542997ec2727695,hotpotqa,hotpotqa_oncu_200,lexical,5,220,40,multi_hop,4000,front,low,unknown,p0001;p0002,p0001;p0002;p0009;p0010;p0011,0;8;14;2;19,5.0,2.0,1.0,1.0,0.4,1.0,0.5714285714285715,0.6
hotpotqa_5ae789615542997ec2727695,hotpotqa,hotpotqa_oncu_200,lexical,8,220,40,multi_hop,4000,front,low,unknown,p0001;p0002,p0001;p0002;p0009;p0010;p0011;p0003;p0005,0;8;14;2;19;5;17;6,7.0,2.0,1.0,1.0,0.2857142857142857,1.0,0.4444444444444445,0.7142857142857143
hotpotqa_5ae789615542997ec2727695,hotpotqa,hotpotqa_oncu_200,lexical,16,220,40,multi_hop,4000,front,low,unknown,p0001;p0002,p0001;p0002;p0009;p0010;p0011;p0003;p0005,0;8;14;2;19;5;17;6;3;18;12;13;11;15;21;1,7.0,2.0,1.0,1.0,0.2857142857142857,1.0,0.4444444444444445,0.7142857142857143
hotpotqa_5ae789615542997ec2727695,hotpotqa,hotpotqa_oncu_200,dense,3,220,40,multi_hop,4000,front,low,unknown,p0001;p0002,,15;12;18,0.0,2.0,0.0,0.0,0.0,0.0,0.0,0.0
hotpotqa_5ae789615542997ec2727695,hotpotqa,hotpotqa_oncu_200,dense,5,220,40,multi_hop,4000,front,low,unknown,p0001;p0002,,15;12;18;2;5,0.0,2.0,0.0,0.0,0.0,0.0,0.0,0.0
hotpotqa_5ae789615542997ec2727695,hotpotqa,hotpotqa_oncu_200,dense,8,220,40,multi_hop,4000,front,low,unknown,p0001;p0002,p0002;p0011;p0012,15;12;18;2;5;21;1;9,3.0,2.0,1.0,0.0,0.3333333333333333,0.5,0.4,0.6666666666666666
hotpotqa_5ae789615542997ec2727695,hotpotqa,hotpotqa_oncu_200,dense,16,220,40,multi_hop,4000,front,low,unknown,p0001;p0002,p0002;p0011;p0012;p0009;p0010,15;12;18;2;5;21;1;9;17;11;14;20;19;4;3;8,5.0,2.0,1.0,0.0,0.2,0.5,0.28571428571428575,0.8
hotpotqa_5ae789615542997ec2727695,hotpotqa,hotpotqa_oncu_200,hybrid,3,220,40,multi_hop,4000,front,low,unknown,p0001;p0002,,2;5;12,0.0,2.0,0.0,0.0,0.0,0.0,0.0,0.0
hotpotqa_5ae789615542997ec2727695,hotpotqa,hotpotqa_oncu_200,hybrid,5,220,40,multi_hop,4000,front,low,unknown,p0001;p0002,,2;5;12;18;14,0.0,2.0,0.0,0.0,0.0,0.0,0.0,0.0
hotpotqa_5ae789615542997ec2727695,hotpotqa,hotpotqa_oncu_200,hybrid,8,220,40,multi_hop,4000,front,low,unknown,p0001;p0002,p0009;p0010;p0011,2;5;12;18;14;15;17;8,3.0,2.0,0.0,0.0,0.0,0.0,0.0,1.0
hotpotqa_5ae789615542997ec2727695,hotpotqa,hotpotqa_oncu_200,hybrid,16,220,40,multi_hop,4000,front,low,unknown,p0001;p0002,p0009;p0010;p0011;p0001;p0002;p0012;p0003;p0005,2;5;12;18;14;15;17;8;0;19;21;1;11;3;9;6,8.0,2.0,1.0,1.0,0.25,1.0,0.4,0.75
hotpotqa_5ae789615542997ec2727695,hotpotqa,hotpotqa_oncu_200,iterative,3,220,40,multi_hop,4000,front,low,unknown,p0001;p0002,p0001;p0002,0;19;3,2.0,2.0,1.0,1.0,1.0,1.0,1.0,0.0
hotpotqa_5ae789615542997ec2727695,hotpotqa,hotpotqa_oncu_200,iterative,5,220,40,multi_hop,4000,front,low,unknown,p0001;p0002,p0001;p0002;p0003;p0005,0;19;3;6;13,4.0,2.0,1.0,1.0,0.5,1.0,0.6666666666666666,0.5
hotpotqa_5ae789615542997ec2727695,hotpotqa,hotpotqa_oncu_200,iterative,8,220,40,multi_hop,4000,front,low,unknown,p0001;p0002,p0001;p0002;p0003;p0005,0;19;3;6;13;2;14;17,4.0,2.0,1.0,1.0,0.5,1.0,0.6666666666666666,0.5
hotpotqa_5ae789615542997ec2727695,hotpotqa,hotpotqa_oncu_200,iterative,16,220,40,multi_hop,4000,front,low,unknown,p0001;p0002,p0001;p0002;p0003;p0005;p0009;p0010;p0011;p0012,0;19;3;6;13;2;14;17;12;8;18;16;5;9;10;20,8.0,2.0,1.0,1.0,0.25,1.0,0.4,0.75
hotpotqa_5ae789615542997ec2727695,hotpotqa,hotpotqa_oncu_200,oracle,3,220,40,multi_hop,4000,front,low,unknown,p0001;p0002,p0001;p0002,0;1,2.0,2.0,1.0,1.0,1.0,1.0,1.0,0.0
hotpotqa_5ae789615542997ec2727695,hotpotqa,hotpotqa_oncu_200,oracle,5,220,40,multi_hop,4000,front,low,unknown,p0001;p0002,p0001;p0002,0;1,2.0,2.0,1.0,1.0,1.0,1.0,1.0,0.0
hotpotqa_5ae789615542997ec2727695,hotpotqa,hotpotqa_oncu_200,oracle,8,220,40,multi_hop,4000,front,low,unknown,p0001;p0002,p0001;p0002,0;1,2.0,2.0,1.0,1.0,1.0,1.0,1.0,0.0
hotpotqa_5ae789615542997ec2727695,hotpotqa,hotpotqa_oncu_200,oracle,16,220,40,multi_hop,4000,front,low,unknown,p0001;p0002,p0001;p0002,0;1,2.0,2.0,1.0,1.0,1.0,1.0,1.0,0.0
hotpotqa_5a7757215542993569682d58,hotpotqa,hotpotqa_oncu_200,lexical,3,220,40,multi_hop,8000,middle,medium,unknown,p0001;p0002;p0003,,10;40;30,0.0,3.0,0.0,0.0,0.0,0.0,0.0,0.0
hotpotqa_5a7757215542993569682d58,hotpotqa,hotpotqa_oncu_200,lexical,5,220,40,multi_hop,8000,middle,medium,unknown,p0001;p0002;p0003,,10;40;30;35;5,0.0,3.0,0.0,0.0,0.0,0.0,0.0,0.0
hotpotqa_5a7757215542993569682d58,hotpotqa,hotpotqa_oncu_200,lexical,8,220,40,multi_hop,8000,middle,medium,unknown,p0001;p0002;p0003,,10;40;30;35;5;0;20;12,0.0,3.0,0.0,0.0,0.0,0.0,0.0,0.0
hotpotqa_5a7757215542993569682d58,hotpotqa,hotpotqa_oncu_200,lexical,16,220,40,multi_hop,8000,middle,medium,unknown,p0001;p0002;p0003,,10;40;30;35;5;0;20;12;17;25;42;37;7;23;27;11,0.0,3.0,0.0,0.0,0.0,0.0,0.0,0.0
hotpotqa_5a7757215542993569682d58,hotpotqa,hotpotqa_oncu_200,dense,3,220,40,multi_hop,8000,middle,medium,unknown,p0001;p0002;p0003,p0009;p0011;p0012,15;30;0,3.0,3.0,0.0,0.0,0.0,0.0,0.0,1.0
hotpotqa_5a7757215542993569682d58,hotpotqa,hotpotqa_oncu_200,dense,5,220,40,multi_hop,8000,middle,medium,unknown,p0001;p0002;p0003,p0009;p0011;p0012;p0001;p0002,15;30;0;40;21,5.0,3.0,1.0,0.0,0.4,0.6666666666666666,0.5,0.6
hotpotqa_5a7757215542993569682d58,hotpotqa,hotpotqa_oncu_200,dense,8,220,40,multi_hop,8000,middle,medium,unknown,p0001;p0002;p0003,p0009;p0011;p0012;p0001;p0002,15;30;0;40;21;43;5;18,5.0,3.0,1.0,0.0,0.4,0.6666666666666666,0.5,0.6
hotpotqa_5a7757215542993569682d58,hotpotqa,hotpotqa_oncu_200,dense,16,220,40,multi_hop,8000,middle,medium,unknown,p0001;p0002;p0003,p0009;p0011;p0012;p0001;p0002;p0004;p0005;p0006;p0007;p0008,15;30;0;40;21;43;5;18;13;42;14;31;35;41;11;6,10.0,3.0,1.0,0.0,0.2,0.6666666666666666,0.30769230769230765,0.8
hotpotqa_5a7757215542993569682d58,hotpotqa,hotpotqa_oncu_200,hybrid,3,220,40,multi_hop,8000,middle,medium,unknown,p0001;p0002;p0003,,30;40;0,0.0,3.0,0.0,0.0,0.0,0.0,0.0,0.0
hotpotqa_5a7757215542993569682d58,hotpotqa,hotpotqa_oncu_200,hybrid,5,220,40,multi_hop,8000,middle,medium,unknown,p0001;p0002;p0003,,30;40;0;5;35,0.0,3.0,0.0,0.0,0.0,0.0,0.0,0.0
hotpotqa_5a7757215542993569682d58,hotpotqa,hotpotqa_oncu_200,hybrid,8,220,40,multi_hop,8000,middle,medium,unknown,p0001;p0002;p0003,,30;40;0;5;35;10;42;12,0.0,3.0,0.0,0.0,0.0,0.0,0.0,0.0
hotpotqa_5a7757215542993569682d58,hotpotqa,hotpotqa_oncu_200,hybrid,16,220,40,multi_hop,8000,middle,medium,unknown,p0001;p0002;p0003,p0009;p0011;p0012;p0004;p0005;p0006,30;40;0;5;35;10;42;12;15;17;43;11;20;41;31;13,6.0,3.0,0.0,0.0,0.0,0.0,0.0,1.0
hotpotqa_5a7757215542993569682d58,hotpotqa,hotpotqa_oncu_200,iterative,3,220,40,multi_hop,8000,middle,medium,unknown,p0001;p0002;p0003,,12;42;17,0.0,3.0,0.0,0.0,0.0,0.0,0.0,0.0
hotpotqa_5a7757215542993569682d58,hotpotqa,hotpotqa_oncu_200,iterative,5,220,40,multi_hop,8000,middle,medium,unknown,p0001;p0002;p0003,,12;42;17;30;10,0.0,3.0,0.0,0.0,0.0,0.0,0.0,0.0
hotpotqa_5a7757215542993569682d58,hotpotqa,hotpotqa_oncu_200,iterative,8,220,40,multi_hop,8000,middle,medium,unknown,p0001;p0002;p0003,,12;42;17;30;10;37;40;0,0.0,3.0,0.0,0.0,0.0,0.0,0.0,0.0
hotpotqa_5a7757215542993569682d58,hotpotqa,hotpotqa_oncu_200,iterative,16,220,40,multi_hop,8000,middle,medium,unknown,p0001;p0002;p0003,,12;42;17;30;10;37;40;0;35;5;7;25;27;20;32;2,0.0,3.0,0.0,0.0,0.0,0.0,0.0,0.0
hotpotqa_5a7757215542993569682d58,hotpotqa,hotpotqa_oncu_200,oracle,3,220,40,multi_hop,8000,middle,medium,unknown,p0001;p0002;p0003,p0001;p0002;p0003,0;1;2,3.0,3.0,1.0,1.0,1.0,1.0,1.0,0.0
hotpotqa_5a7757215542993569682d58,hotpotqa,hotpotqa_oncu_200,oracle,5,220,40,multi_hop,8000,middle,medium,unknown,p0001;p0002;p0003,p0001;p0002;p0003,0;1;2,3.0,3.0,1.0,1.0,1.0,1.0,1.0,0.0
hotpotqa_5a7757215542993569682d58,hotpotqa,hotpotqa_oncu_200,oracle,8,220,40,multi_hop,8000,middle,medium,unknown,p0001;p0002;p0003,p0001;p0002;p0003,0;1;2,3.0,3.0,1.0,1.0,1.0,1.0,1.0,0.0
hotpotqa_5a7757215542993569682d58,hotpotqa,hotpotqa_oncu_200,oracle,16,220,40,multi_hop,8000,middle,medium,unknown,p0001;p0002;p0003,p0001;p0002;p0003,0;1;2,3.0,3.0,1.0,1.0,1.0,1.0,1.0,0.0
hotpotqa_5a81ff62554299676cceb1c4,hotpotqa,hotpotqa_oncu_200,lexical,3,220,40,multi_hop,16000,end,low,unknown,p0001;p0002,p0001;p0002,77;78;2,2.0,2.0,1.0,1.0,1.0,1.0,1.0,0.0
hotpotqa_5a81ff62554299676cceb1c4,hotpotqa,hotpotqa_oncu_200,lexical,5,220,40,multi_hop,16000,end,low,unknown,p0001;p0002,p0001;p0002,77;78;2;76;71,2.0,2.0,1.0,1.0,1.0,1.0,1.0,0.0
hotpotqa_5a81ff62554299676cceb1c4,hotpotqa,hotpotqa_oncu_200,lexical,8,220,40,multi_hop,16000,end,low,unknown,p0001;p0002,p0001;p0002,77;78;2;76;71;25;48;66,2.0,2.0,1.0,1.0,1.0,1.0,1.0,0.0
hotpotqa_5a81ff62554299676cceb1c4,hotpotqa,hotpotqa_oncu_200,lexical,16,220,40,multi_hop,16000,end,low,unknown,p0001;p0002,p0001;p0002;p0009;p0010;p0011,77;78;2;76;71;25;48;66;31;20;79;43;54;36;30;8,5.0,2.0,1.0,1.0,0.4,1.0,0.5714285714285715,0.6
hotpotqa_5a81ff62554299676cceb1c4,hotpotqa,hotpotqa_oncu_200,dense,3,220,40,multi_hop,16000,end,low,unknown,p0001;p0002,p0001;p0002,78;2;48,2.0,2.0,1.0,1.0,1.0,1.0,1.0,0.0
hotpotqa_5a81ff62554299676cceb1c4,hotpotqa,hotpotqa_oncu_200,dense,5,220,40,multi_hop,16000,end,low,unknown,p0001;p0002,p0001;p0002,78;2;48;56;5,2.0,2.0,1.0,1.0,1.0,1.0,1.0,0.0
hotpotqa_5a81ff62554299676cceb1c4,hotpotqa,hotpotqa_oncu_200,dense,8,220,40,multi_hop,16000,end,low,unknown,p0001;p0002,p0001;p0002,78;2;48;56;5;10;51;76,2.0,2.0,1.0,1.0,1.0,1.0,1.0,0.0
hotpotqa_5a81ff62554299676cceb1c4,hotpotqa,hotpotqa_oncu_200,dense,16,220,40,multi_hop,16000,end,low,unknown,p0001;p0002,p0001;p0002,78;2;48;56;5;10;51;76;33;31;64;61;79;40;81;68,2.0,2.0,1.0,1.0,1.0,1.0,1.0,0.0
hotpotqa_5a81ff62554299676cceb1c4,hotpotqa,hotpotqa_oncu_200,hybrid,3,220,40,multi_hop,16000,end,low,unknown,p0001;p0002,p0001;p0002,78;2;48,2.0,2.0,1.0,1.0,1.0,1.0,1.0,0.0
hotpotqa_5a81ff62554299676cceb1c4,hotpotqa,hotpotqa_oncu_200,hybrid,5,220,40,multi_hop,16000,end,low,unknown,p0001;p0002,p0001;p0002,78;2;48;76;31,2.0,2.0,1.0,1.0,1.0,1.0,1.0,0.0
hotpotqa_5a81ff62554299676cceb1c4,hotpotqa,hotpotqa_oncu_200,hybrid,8,220,40,multi_hop,16000,end,low,unknown,p0001;p0002,p0001;p0002,78;2;48;76;31;79;71;51,2.0,2.0,1.0,1.0,1.0,1.0,1.0,0.0
hotpotqa_5a81ff62554299676cceb1c4,hotpotqa,hotpotqa_oncu_200,hybrid,16,220,40,multi_hop,16000,end,low,unknown,p0001;p0002,p0001;p0002,78;2;48;76;31;79;71;51;56;5;54;77;10;66;20;33,2.0,2.0,1.0,1.0,1.0,1.0,1.0,0.0
hotpotqa_5a81ff62554299676cceb1c4,hotpotqa,hotpotqa_oncu_200,iterative,3,220,40,multi_hop,16000,end,low,unknown,p0001;p0002,p0001,77;36;54,1.0,2.0,1.0,0.0,1.0,0.5,0.6666666666666666,0.0
hotpotqa_5a81ff62554299676cceb1c4,hotpotqa,hotpotqa_oncu_200,iterative,5,220,40,multi_hop,16000,end,low,unknown,p0001;p0002,p0001,77;36;54;74;41,1.0,2.0,1.0,0.0,1.0,0.5,0.6666666666666666,0.0
hotpotqa_5a81ff62554299676cceb1c4,hotpotqa,hotpotqa_oncu_200,iterative,8,220,40,multi_hop,16000,end,low,unknown,p0001;p0002,p0001,77;36;54;74;41;31;13;18,1.0,2.0,1.0,0.0,1.0,0.5,0.6666666666666666,0.0
hotpotqa_5a81ff62554299676cceb1c4,hotpotqa,hotpotqa_oncu_200,iterative,16,220,40,multi_hop,16000,end,low,unknown,p0001;p0002,p0001,77;36;54;74;41;31;13;18;8;59;66;61;79;10;51;71,1.0,2.0,1.0,0.0,1.0,0.5,0.6666666666666666,0.0
hotpotqa_5a81ff62554299676cceb1c4,hotpotqa,hotpotqa_oncu_200,oracle,3,220,40,multi_hop,16000,end,low,unknown,p0001;p0002,p0001;p0002,0;1,2.0,2.0,1.0,1.0,1.0,1.0,1.0,0.0
hotpotqa_5a81ff62554299676cceb1c4,hotpotqa,hotpotqa_oncu_200,oracle,5,220,40,multi_hop,16000,end,low,unknown,p0001;p0002,p0001;p0002,0;1,2.0,2.0,1.0,1.0,1.0,1.0,1.0,0.0
hotpotqa_5a81ff62554299676cceb1c4,hotpotqa,hotpotqa_oncu_200,oracle,8,220,40,multi_hop,16000,end,low,unknown,p0001;p0002,p0001;p0002,0;1,2.0,2.0,1.0,1.0,1.0,1.0,1.0,0.0
hotpotqa_5a81ff62554299676cceb1c4,hotpotqa,hotpotqa_oncu_200,oracle,16,220,40,multi_hop,16000,end,low,unknown,p0001;p0002,p0001;p0002,0;1,2.0,2.0,1.0,1.0,1.0,1.0,1.0,0.0
hotpotqa_5ac52fc35542994611c8b403,hotpotqa,hotpotqa_oncu_200,lexical,3,220,40,multi_hop,4000,scattered,medium,unknown,p0001;p0002;p0003,p0003,18;21;14,1.0,3.0,1.0,0.0,1.0,0.3333333333333333,0.5,0.0
hotpotqa_5ac52fc35542994611c8b403,hotpotqa,hotpotqa_oncu_200,lexical,5,220,40,multi_hop,4000,scattered,medium,unknown,p0001;p0002;p0003,p0003,18;21;14;5;11,1.0,3.0,1.0,0.0,1.0,0.3333333333333333,0.5,0.0
hotpotqa_5ac52fc35542994611c8b403,hotpotqa,hotpotqa_oncu_200,lexical,8,220,40,multi_hop,4000,scattered,medium,unknown,p0001;p0002;p0003,p0003;p0001,18;21;14;5;11;15;1;4,2.0,3.0,1.0,0.0,1.0,0.6666666666666666,0.8,0.0
hotpotqa_5ac52fc35542994611c8b403,hotpotqa,hotpotqa_oncu_200,lexical,16,220,40,multi_hop,4000,scattered,medium,unknown,p0001;p0002;p0003,p0003;p0001;p0009;p0010;p0011;p0012;p0005;p0007;p0013;p0002,18;21;14;5;11;15;1;4;19;12;8;2;7;17;9;10,10.0,3.0,1.0,1.0,0.3,1.0,0.4615384615384615,0.7
hotpotqa_5ac52fc35542994611c8b403,hotpotqa,hotpotqa_oncu_200,dense,3,220,40,multi_hop,4000,scattered,medium,unknown,p0001;p0002;p0003,p0003;p0012;p0013,19;11;9,3.0,3.0,1.0,0.0,0.3333333333333333,0.3333333333333333,0.3333333333333333,0.6666666666666666
hotpotqa_5ac52fc35542994611c8b403,hotpotqa,hotpotqa_oncu_200,dense,5,220,40,multi_hop,4000,scattered,medium,unknown,p0001;p0002;p0003,p0003;p0012;p0013,19;11;9;2;15,3.0,3.0,1.0,0.0,0.3333333333333333,0.3333333333333333,0.3333333333333333,0.6666666666666666
hotpotqa_5ac52fc35542994611c8b403,hotpotqa,hotpotqa_oncu_200,dense,8,220,40,multi_hop,4000,scattered,medium,unknown,p0001;p0002;p0003,p0003;p0012;p0013;p0002,19;11;9;2;15;10;3;12,4.0,3.0,1.0,0.0,0.5,0.6666666666666666,0.5714285714285715,0.5
hotpotqa_5ac52fc35542994611c8b403,hotpotqa,hotpotqa_oncu_200,dense,16,220,40,multi_hop,4000,scattered,medium,unknown,p0001;p0002;p0003,p0003;p0012;p0013;p0002;p0009;p0010;p0011;p0001;p0004;p0005,19;11;9;2;15;10;3;12;16;8;1;21;5;18;6;14,10.0,3.0,1.0,1.0,0.3,1.0,0.4615384615384615,0.7
hotpotqa_5ac52fc35542994611c8b403,hotpotqa,hotpotqa_oncu_200,hybrid,3,220,40,multi_hop,4000,scattered,medium,unknown,p0001;p0002;p0003,p0003,11;19;15,1.0,3.0,1.0,0.0,1.0,0.3333333333333333,0.5,0.0
hotpotqa_5ac52fc35542994611c8b403,hotpotqa,hotpotqa_oncu_200,hybrid,5,220,40,multi_hop,4000,scattered,medium,unknown,p0001;p0002;p0003,p0003,11;19;15;21;18,1.0,3.0,1.0,0.0,1.0,0.3333333333333333,0.5,0.0
hotpotqa_5ac52fc35542994611c8b403,hotpotqa,hotpotqa_oncu_200,hybrid,8,220,40,multi_hop,4000,scattered,medium,unknown,p0001;p0002;p0003,p0003;p0012;p0013,11;19;15;21;18;2;5;9,3.0,3.0,1.0,0.0,0.3333333333333333,0.3333333333333333,0.3333333333333333,0.6666666666666666
hotpotqa_5ac52fc35542994611c8b403,hotpotqa,hotpotqa_oncu_200,hybrid,16,220,40,multi_hop,4000,scattered,medium,unknown,p0001;p0002;p0003,p0003;p0012;p0013;p0001;p0009;p0010;p0011;p0002,11;19;15;21;18;2;5;9;14;1;12;8;10;4;3;16,8.0,3.0,1.0,1.0,0.375,1.0,0.5454545454545454,0.625
hotpotqa_5ac52fc35542994611c8b403,hotpotqa,hotpotqa_oncu_200,iterative,3,220,40,multi_hop,4000,scattered,medium,unknown,p0001;p0002;p0003,p0003,21;18;11,1.0,3.0,1.0,0.0,1.0,0.3333333333333333,0.5,0.0
hotpotqa_5ac52fc35542994611c8b403,hotpotqa,hotpotqa_oncu_200,iterative,5,220,40,multi_hop,4000,scattered,medium,unknown,p0001;p0002;p0003,p0003;p0001,21;18;11;14;1,2.0,3.0,1.0,0.0,1.0,0.6666666666666666,0.8,0.0
hotpotqa_5ac52fc35542994611c8b403,hotpotqa,hotpotqa_oncu_200,iterative,8,220,40,multi_hop,4000,scattered,medium,unknown,p0001;p0002;p0003,p0003;p0001,21;18;11;14;1;5;15;4,2.0,3.0,1.0,0.0,1.0,0.6666666666666666,0.8,0.0
hotpotqa_5ac52fc35542994611c8b403,hotpotqa,hotpotqa_oncu_200,iterative,16,220,40,multi_hop,4000,scattered,medium,unknown,p0001;p0002;p0003,p0003;p0001;p0009;p0010;p0011;p0012;p0005;p0007;p0013,21;18;11;14;1;5;15;4;8;19;7;12;2;17;9;20,9.0,3.0,1.0,0.0,0.2222222222222222,0.6666666666666666,0.3333333333333333,0.7777777777777778
hotpotqa_5ac52fc35542994611c8b403,hotpotqa,hotpotqa_oncu_200,oracle,3,220,40,multi_hop,4000,scattered,medium,unknown,p0001;p0002;p0003,p0001;p0002;p0003,0;1;2,3.0,3.0,1.0,1.0,1.0,1.0,1.0,0.0
hotpotqa_5ac52fc35542994611c8b403,hotpotqa,hotpotqa_oncu_200,oracle,5,220,40,multi_hop,4000,scattered,medium,unknown,p0001;p0002;p0003,p0001;p0002;p0003,0;1;2,3.0,3.0,1.0,1.0,1.0,1.0,1.0,0.0
hotpotqa_5ac52fc35542994611c8b403,hotpotqa,hotpotqa_oncu_200,oracle,8,220,40,multi_hop,4000,scattered,medium,unknown,p0001;p0002;p0003,p0001;p0002;p0003,0;1;2,3.0,3.0,1.0,1.0,1.0,1.0,1.0,0.0
hotpotqa_5ac52fc35542994611c8b403,hotpotqa,hotpotqa_oncu_200,oracle,16,220,40,multi_hop,4000,scattered,medium,unknown,p0001;p0002;p0003,p0001;p0002;p0003,0;1;2,3.0,3.0,1.0,1.0,1.0,1.0,1.0,0.0
hotpotqa_5adda7585542997dc790700c,hotpotqa,hotpotqa_oncu_200,lexical,3,220,40,multi_hop,8000,front,medium,unknown,p0001;p0002;p0003;p0004,p0001;p0002;p0003;p0004,1;7;10,4.0,4.0,1.0,1.0,1.0,1.0,1.0,0.0
hotpotqa_5adda7585542997dc790700c,hotpotqa,hotpotqa_oncu_200,lexical,5,220,40,multi_hop,8000,front,medium,unknown,p0001;p0002;p0003;p0004,p0001;p0002;p0003;p0004,1;7;10;44;4,4.0,4.0,1.0,1.0,1.0,1.0,1.0,0.0
hotpotqa_5adda7585542997dc790700c,hotpotqa,hotpotqa_oncu_200,lexical,8,220,40,multi_hop,8000,front,medium,unknown,p0001;p0002;p0003;p0004,p0001;p0002;p0003;p0004;p0005,1;7;10;44;4;41;13;38,5.0,4.0,1.0,1.0,0.8,1.0,0.888888888888889,0.2
hotpotqa_5adda7585542997dc790700c,hotpotqa,hotpotqa_oncu_200,lexical,16,220,40,multi_hop,8000,front,medium,unknown,p0001;p0002;p0003;p0004,p0001;p0002;p0003;p0004;p0005,1;7;10;44;4;41;13;38;2;19;36;42;32;39;25;35,5.0,4.0,1.0,1.0,0.8,1.0,0.888888888888889,0.2
hotpotqa_5adda7585542997dc790700c,hotpotqa,hotpotqa_oncu_200,dense,3,220,40,multi_hop,8000,front,medium,unknown,p0001;p0002;p0003;p0004,p0008;p0009;p0010;p0001;p0002;p0003;p0004,15;1;41,7.0,4.0,1.0,1.0,0.5714285714285714,1.0,0.7272727272727273,0.42857142857142855
hotpotqa_5adda7585542997dc790700c,hotpotqa,hotpotqa_oncu_200,dense,5,220,40,multi_hop,8000,front,medium,unknown,p0001;p0002;p0003;p0004,p0008;p0009;p0010;p0001;p0002;p0003;p0004,15;1;41;10;44,7.0,4.0,1.0,1.0,0.5714285714285714,1.0,0.7272727272727273,0.42857142857142855
hotpotqa_5adda7585542997dc790700c,hotpotqa,hotpotqa_oncu_200,dense,8,220,40,multi_hop,8000,front,medium,unknown,p0001;p0002;p0003;p0004,p0008;p0009;p0010;p0001;p0002;p0003;p0004,15;1;41;10;44;7;26;29,7.0,4.0,1.0,1.0,0.5714285714285714,1.0,0.7272727272727273,0.42857142857142855
hotpotqa_5adda7585542997dc790700c,hotpotqa,hotpotqa_oncu_200,dense,16,220,40,multi_hop,8000,front,medium,unknown,p0001;p0002;p0003;p0004,p0008;p0009;p0010;p0001;p0002;p0003;p0004;p0005;p0013,15;1;41;10;44;7;26;29;13;23;20;38;32;35;4;17,9.0,4.0,1.0,1.0,0.4444444444444444,1.0,0.6153846153846153,0.5555555555555556
hotpotqa_5adda7585542997dc790700c,hotpotqa,hotpotqa_oncu_200,hybrid,3,220,40,multi_hop,8000,front,medium,unknown,p0001;p0002;p0003;p0004,p0001;p0002;p0003;p0004,1;10;7,4.0,4.0,1.0,1.0,1.0,1.0,1.0,0.0
hotpotqa_5adda7585542997dc790700c,hotpotqa,hotpotqa_oncu_200,hybrid,5,220,40,multi_hop,8000,front,medium,unknown,p0001;p0002;p0003;p0004,p0001;p0002;p0003;p0004,1;10;7;41;44,4.0,4.0,1.0,1.0,1.0,1.0,1.0,0.0
hotpotqa_5adda7585542997dc790700c,hotpotqa,hotpotqa_oncu_200,hybrid,8,220,40,multi_hop,8000,front,medium,unknown,p0001;p0002;p0003;p0004,p0001;p0002;p0003;p0004;p0005,1;10;7;41;44;13;4;38,5.0,4.0,1.0,1.0,0.8,1.0,0.888888888888889,0.2
hotpotqa_5adda7585542997dc790700c,hotpotqa,hotpotqa_oncu_200,hybrid,16,220,40,multi_hop,8000,front,medium,unknown,p0001;p0002;p0003;p0004,p0001;p0002;p0003;p0004;p0005;p0008;p0009;p0010,1;10;7;41;44;13;4;38;15;26;32;35;23;2;29;19,8.0,4.0,1.0,1.0,0.5,1.0,0.6666666666666666,0.5
hotpotqa_5adda7585542997dc790700c,hotpotqa,hotpotqa_oncu_200,iterative,3,220,40,multi_hop,8000,front,medium,unknown,p0001;p0002;p0003;p0004,,44;7;10,0.0,4.0,0.0,0.0,0.0,0.0,0.0,0.0
hotpotqa_5adda7585542997dc790700c,hotpotqa,hotpotqa_oncu_200,iterative,5,220,40,multi_hop,8000,front,medium,unknown,p0001;p0002;p0003;p0004,p0001;p0002;p0003;p0004,44;7;10;1;4,4.0,4.0,1.0,1.0,1.0,1.0,1.0,0.0
hotpotqa_5adda7585542997dc790700c,hotpotqa,hotpotqa_oncu_200,iterative,8,220,40,multi_hop,8000,front,medium,unknown,p0001;p0002;p0003;p0004,p0001;p0002;p0003;p0004;p0005,44;7;10;1;4;41;13;38,5.0,4.0,1.0,1.0,0.8,1.0,0.888888888888889,0.2
hotpotqa_5adda7585542997dc790700c,hotpotqa,hotpotqa_oncu_200,iterative,16,220,40,multi_hop,8000,front,medium,unknown,p0001;p0002;p0003;p0004,p0001;p0002;p0003;p0004;p0005;p0008;p0009;p0010,44;7;10;1;4;41;13;38;19;35;32;22;25;2;15;26,8.0,4.0,1.0,1.0,0.5,1.0,0.6666666666666666,0.5
hotpotqa_5adda7585542997dc790700c,hotpotqa,hotpotqa_oncu_200,oracle,3,220,40,multi_hop,8000,front,medium,unknown,p0001;p0002;p0003;p0004,p0001;p0002;p0003,0;1;2,3.0,4.0,1.0,0.0,1.0,0.75,0.8571428571428571,0.0
hotpotqa_5adda7585542997dc790700c,hotpotqa,hotpotqa_oncu_200,oracle,5,220,40,multi_hop,8000,front,medium,unknown,p0001;p0002;p0003;p0004,p0001;p0002;p0003;p0004,0;1;2;3,4.0,4.0,1.0,1.0,1.0,1.0,1.0,0.0
hotpotqa_5adda7585542997dc790700c,hotpotqa,hotpotqa_oncu_200,oracle,8,220,40,multi_hop,8000,front,medium,unknown,p0001;p0002;p0003;p0004,p0001;p0002;p0003;p0004,0;1;2;3,4.0,4.0,1.0,1.0,1.0,1.0,1.0,0.0
hotpotqa_5adda7585542997dc790700c,hotpotqa,hotpotqa_oncu_200,oracle,16,220,40,multi_hop,8000,front,medium,unknown,p0001;p0002;p0003;p0004,p0001;p0002;p0003;p0004,0;1;2;3,4.0,4.0,1.0,1.0,1.0,1.0,1.0,0.0
hotpotqa_5adf043b5542993a75d263d4,hotpotqa,hotpotqa_oncu_200,lexical,3,220,40,multi_hop,16000,middle,low,unknown,p0001;p0002,p0001;p0002,43;44;1,2.0,2.0,1.0,1.0,1.0,1.0,1.0,0.0
hotpotqa_5adf043b5542993a75d263d4,hotpotqa,hotpotqa_oncu_200,lexical,5,220,40,multi_hop,16000,middle,low,unknown,p0001;p0002,p0001;p0002,43;44;1;18;25,2.0,2.0,1.0,1.0,1.0,1.0,1.0,0.0
hotpotqa_5adf043b5542993a75d263d4,hotpotqa,hotpotqa_oncu_200,lexical,8,220,40,multi_hop,16000,middle,low,unknown,p0001;p0002,p0001;p0002,43;44;1;18;25;82;15;8,2.0,2.0,1.0,1.0,1.0,1.0,1.0,0.0
hotpotqa_5adf043b5542993a75d263d4,hotpotqa,hotpotqa_oncu_200,lexical,16,220,40,multi_hop,16000,middle,low,unknown,p0001;p0002,p0001;p0002,43;44;1;18;25;82;15;8;36;11;50;22;39;57;54;64,2.0,2.0,1.0,1.0,1.0,1.0,1.0,0.0
hotpotqa_5adf043b5542993a75d263d4,hotpotqa,hotpotqa_oncu_200,dense,3,220,40,multi_hop,16000,middle,low,unknown,p0001;p0002,p0001;p0002,44;79;72,2.0,2.0,1.0,1.0,1.0,1.0,1.0,0.0
hotpotqa_5adf043b5542993a75d263d4,hotpotqa,hotpotqa_oncu_200,dense,5,220,40,multi_hop,16000,middle,low,unknown,p0001;p0002,p0001;p0002,44;79;72;86;2,2.0,2.0,1.0,1.0,1.0,1.0,1.0,0.0
hotpotqa_5adf043b5542993a75d263d4,hotpotqa,hotpotqa_oncu_200,dense,8,220,40,multi_hop,16000,middle,low,unknown,p0001;p0002,p0001;p0002,44;79;72;86;2;65;37;25,2.0,2.0,1.0,1.0,1.0,1.0,1.0,0.0
hotpotqa_5adf043b5542993a75d263d4,hotpotqa,hotpotqa_oncu_200,dense,16,220,40,multi_hop,16000,middle,low,unknown,p0001;p0002,p0001;p0002,44;79;72;86;2;65;37;25;11;21;18;77;4;63;75;61,2.0,2.0,1.0,1.0,1.0,1.0,1.0,0.0
hotpotqa_5adf043b5542993a75d263d4,hotpotqa,hotpotqa_oncu_200,hybrid,3,220,40,multi_hop,16000,middle,low,unknown,p0001;p0002,p0001;p0002,44;25;18,2.0,2.0,1.0,1.0,1.0,1.0,1.0,0.0
hotpotqa_5adf043b5542993a75d263d4,hotpotqa,hotpotqa_oncu_200,hybrid,5,220,40,multi_hop,16000,middle,low,unknown,p0001;p0002,p0001;p0002,44;25;18;11;75,2.0,2.0,1.0,1.0,1.0,1.0,1.0,0.0
hotpotqa_5adf043b5542993a75d263d4,hotpotqa,hotpotqa_oncu_200,hybrid,8,220,40,multi_hop,16000,middle,low,unknown,p0001;p0002,p0001;p0002,44;25;18;11;75;54;4;61,2.0,2.0,1.0,1.0,1.0,1.0,1.0,0.0
hotpotqa_5adf043b5542993a75d263d4,hotpotqa,hotpotqa_oncu_200,hybrid,16,220,40,multi_hop,16000,middle,low,unknown,p0001;p0002,p0001;p0002,44;25;18;11;75;54;4;61;72;65;82;68;47;79;43;1,2.0,2.0,1.0,1.0,1.0,1.0,1.0,0.0
hotpotqa_5adf043b5542993a75d263d4,hotpotqa,hotpotqa_oncu_200,iterative,3,220,40,multi_hop,16000,middle,low,unknown,p0001;p0002,,25;18;50,0.0,2.0,0.0,0.0,0.0,0.0,0.0,0.0
hotpotqa_5adf043b5542993a75d263d4,hotpotqa,hotpotqa_oncu_200,iterative,5,220,40,multi_hop,16000,middle,low,unknown,p0001;p0002,p0001;p0002,25;18;50;11;43,2.0,2.0,1.0,1.0,1.0,1.0,1.0,0.0
hotpotqa_5adf043b5542993a75d263d4,hotpotqa,hotpotqa_oncu_200,iterative,8,220,40,multi_hop,16000,middle,low,unknown,p0001;p0002,p0001;p0002,25;18;50;11;43;64;57;1,2.0,2.0,1.0,1.0,1.0,1.0,1.0,0.0
hotpotqa_5adf043b5542993a75d263d4,hotpotqa,hotpotqa_oncu_200,iterative,16,220,40,multi_hop,16000,middle,low,unknown,p0001;p0002,p0001;p0002,25;18;50;11;43;64;57;1;39;36;4;71;8;15;78;32,2.0,2.0,1.0,1.0,1.0,1.0,1.0,0.0
hotpotqa_5adf043b5542993a75d263d4,hotpotqa,hotpotqa_oncu_200,oracle,3,220,40,multi_hop,16000,middle,low,unknown,p0001;p0002,p0001;p0002,0;1,2.0,2.0,1.0,1.0,1.0,1.0,1.0,0.0
hotpotqa_5adf043b5542993a75d263d4,hotpotqa,hotpotqa_oncu_200,oracle,5,220,40,multi_hop,16000,middle,low,unknown,p0001;p0002,p0001;p0002,0;1,2.0,2.0,1.0,1.0,1.0,1.0,1.0,0.0
hotpotqa_5adf043b5542993a75d263d4,hotpotqa,hotpotqa_oncu_200,oracle,8,220,40,multi_hop,16000,middle,low,unknown,p0001;p0002,p0001;p0002,0;1,2.0,2.0,1.0,1.0,1.0,1.0,1.0,0.0
hotpotqa_5adf043b5542993a75d263d4,hotpotqa,hotpotqa_oncu_200,oracle,16,220,40,multi_hop,16000,middle,low,unknown,p0001;p0002,p0001;p0002,0;1,2.0,2.0,1.0,1.0,1.0,1.0,1.0,0.0
hotpotqa_5ae0038655429925eb1afbe0,hotpotqa,hotpotqa_oncu_200,lexical,3,220,40,comparison,4000,end,low,unknown,p0001;p0002,p0001;p0002,19;1;0,2.0,2.0,1.0,1.0,1.0,1.0,1.0,0.0
hotpotqa_5ae0038655429925eb1afbe0,hotpotqa,hotpotqa_oncu_200,lexical,5,220,40,comparison,4000,end,low,unknown,p0001;p0002,p0001;p0002;p0008;p0009,19;1;0;4;7,4.0,2.0,1.0,1.0,0.5,1.0,0.6666666666666666,0.5
hotpotqa_5ae0038655429925eb1afbe0,hotpotqa,hotpotqa_oncu_200,lexical,8,220,40,comparison,4000,end,low,unknown,p0001;p0002,p0001;p0002;p0008;p0009,19;1;0;4;7;17;16;12,4.0,2.0,1.0,1.0,0.5,1.0,0.6666666666666666,0.5
hotpotqa_5ae0038655429925eb1afbe0,hotpotqa,hotpotqa_oncu_200,lexical,16,220,40,comparison,4000,end,low,unknown,p0001;p0002,p0001;p0002;p0008;p0009;p0012;p0006;p0007;p0004,19;1;0;4;7;17;16;12;21;9;6;18;13;11;5;15,8.0,2.0,1.0,1.0,0.25,1.0,0.4,0.75
hotpotqa_5ae0038655429925eb1afbe0,hotpotqa,hotpotqa_oncu_200,dense,3,220,40,comparison,4000,end,low,unknown,p0001;p0002,p0006;p0007,6;21;17,2.0,2.0,0.0,0.0,0.0,0.0,0.0,1.0
hotpotqa_5ae0038655429925eb1afbe0,hotpotqa,hotpotqa_oncu_200,dense,5,220,40,comparison,4000,end,low,unknown,p0001;p0002,p0006;p0007;p0001;p0002,6;21;17;13;19,4.0,2.0,1.0,1.0,0.5,1.0,0.6666666666666666,0.5
hotpotqa_5ae0038655429925eb1afbe0,hotpotqa,hotpotqa_oncu_200,dense,8,220,40,comparison,4000,end,low,unknown,p0001;p0002,p0006;p0007;p0001;p0002;p0004,6;21;17;13;19;0;5;4,5.0,2.0,1.0,1.0,0.4,1.0,0.5714285714285715,0.6
hotpotqa_5ae0038655429925eb1afbe0,hotpotqa,hotpotqa_oncu_200,dense,16,220,40,comparison,4000,end,low,unknown,p0001;p0002,p0006;p0007;p0001;p0002;p0004;p0008;p0009;p0012,6;21;17;13;19;0;5;4;1;7;11;9;15;12;3;20,8.0,2.0,1.0,1.0,0.25,1.0,0.4,0.75
hotpotqa_5ae0038655429925eb1afbe0,hotpotqa,hotpotqa_oncu_200,hybrid,3,220,40,comparison,4000,end,low,unknown,p0001;p0002,p0001;p0002,19;0;17,2.0,2.0,1.0,1.0,1.0,1.0,1.0,0.0
hotpotqa_5ae0038655429925eb1afbe0,hotpotqa,hotpotqa_oncu_200,hybrid,5,220,40,comparison,4000,end,low,unknown,p0001;p0002,p0001;p0002,19;0;17;1;21,2.0,2.0,1.0,1.0,1.0,1.0,1.0,0.0
hotpotqa_5ae0038655429925eb1afbe0,hotpotqa,hotpotqa_oncu_200,hybrid,8,220,40,comparison,4000,end,low,unknown,p0001;p0002,p0001;p0002;p0006;p0007;p0008;p0009,19;0;17;1;21;6;4;7,6.0,2.0,1.0,1.0,0.3333333333333333,1.0,0.5,0.6666666666666666
hotpotqa_5ae0038655429925eb1afbe0,hotpotqa,hotpotqa_oncu_200,hybrid,16,220,40,comparison,4000,end,low,unknown,p0001;p0002,p0001;p0002;p0006;p0007;p0008;p0009;p0004;p0012,19;0;17;1;21;6;4;7;13;5;12;9;16;11;15;18,8.0,2.0,1.0,1.0,0.25,1.0,0.4,0.75
hotpotqa_5ae0038655429925eb1afbe0,hotpotqa,hotpotqa_oncu_200,iterative,3,220,40,comparison,4000,end,low,unknown,p0001;p0002,p0001;p0002;p0008;p0009,19;1;7,4.0,2.0,1.0,1.0,0.5,1.0,0.6666666666666666,0.5
hotpotqa_5ae0038655429925eb1afbe0,hotpotqa,hotpotqa_oncu_200,iterative,5,220,40,comparison,4000,end,low,unknown,p0001;p0002,p0001;p0002;p0008;p0009,19;1;7;0;4,4.0,2.0,1.0,1.0,0.5,1.0,0.6666666666666666,0.5
hotpotqa_5ae0038655429925eb1afbe0,hotpotqa,hotpotqa_oncu_200,iterative,8,220,40,comparison,4000,end,low,unknown,p0001;p0002,p0001;p0002;p0008;p0009,19;1;7;0;4;10;18;14,4.0,2.0,1.0,1.0,0.5,1.0,0.6666666666666666,0.5
hotpotqa_5ae0038655429925eb1afbe0,hotpotqa,hotpotqa_oncu_200,iterative,16,220,40,comparison,4000,end,low,unknown,p0001;p0002,p0001;p0002;p0008;p0009;p0006;p0007;p0010;p0011,19;1;7;0;4;10;18;14;21;6;15;17;8;16;2;12,8.0,2.0,1.0,1.0,0.25,1.0,0.4,0.75
hotpotqa_5ae0038655429925eb1afbe0,hotpotqa,hotpotqa_oncu_200,oracle,3,220,40,comparison,4000,end,low,unknown,p0001;p0002,p0001;p0002,0;1,2.0,2.0,1.0,1.0,1.0,1.0,1.0,0.0
hotpotqa_5ae0038655429925eb1afbe0,hotpotqa,hotpotqa_oncu_200,oracle,5,220,40,comparison,4000,end,low,unknown,p0001;p0002,p0001;p0002,0;1,2.0,2.0,1.0,1.0,1.0,1.0,1.0,0.0
hotpotqa_5ae0038655429925eb1afbe0,hotpotqa,hotpotqa_oncu_200,oracle,8,220,40,comparison,4000,end,low,unknown,p0001;p0002,p0001;p0002,0;1,2.0,2.0,1.0,1.0,1.0,1.0,1.0,0.0
hotpotqa_5ae0038655429925eb1afbe0,hotpotqa,hotpotqa_oncu_200,oracle,16,220,40,comparison,4000,end,low,unknown,p0001;p0002,p0001;p0002,0;1,2.0,2.0,1.0,1.0,1.0,1.0,1.0,0.0
hotpotqa_5a73977d554299623ed4ac08,hotpotqa,hotpotqa_oncu_200,lexical,3,220,40,comparison,8000,scattered,low,unknown,p0001;p0002,,35;19;41,0.0,2.0,0.0,0.0,0.0,0.0,0.0,0.0
hotpotqa_5a73977d554299623ed4ac08,hotpotqa,hotpotqa_oncu_200,lexical,5,220,40,comparison,8000,scattered,low,unknown,p0001;p0002,,35;19;41;25;31,0.0,2.0,0.0,0.0,0.0,0.0,0.0,0.0
hotpotqa_5a73977d554299623ed4ac08,hotpotqa,hotpotqa_oncu_200,lexical,8,220,40,comparison,8000,scattered,low,unknown,p0001;p0002,p0003,35;19;41;25;31;1;12;7,1.0,2.0,0.0,0.0,0.0,0.0,0.0,1.0
hotpotqa_5a73977d554299623ed4ac08,hotpotqa,hotpotqa_oncu_200,lexical,16,220,40,comparison,8000,scattered,low,unknown,p0001;p0002,p0003;p0004;p0005,35;19;41;25;31;1;12;7;23;11;6;0;43;5;13;29,3.0,2.0,0.0,0.0,0.0,0.0,0.0,1.0
hotpotqa_5a73977d554299623ed4ac08,hotpotqa,hotpotqa_oncu_200,dense,3,220,40,comparison,8000,scattered,low,unknown,p0001;p0002,p0007;p0010,2;8;15,2.0,2.0,0.0,0.0,0.0,0.0,0.0,1.0
hotpotqa_5a73977d554299623ed4ac08,hotpotqa,hotpotqa_oncu_200,dense,5,220,40,comparison,8000,scattered,low,unknown,p0001;p0002,p0007;p0010,2;8;15;31;28,2.0,2.0,0.0,0.0,0.0,0.0,0.0,1.0
hotpotqa_5a73977d554299623ed4ac08,hotpotqa,hotpotqa_oncu_200,dense,8,220,40,comparison,8000,scattered,low,unknown,p0001;p0002,p0007;p0010;p0001,2;8;15;31;28;43;37;4,3.0,2.0,1.0,0.0,0.3333333333333333,0.5,0.4,0.6666666666666666
hotpotqa_5a73977d554299623ed4ac08,hotpotqa,hotpotqa_oncu_200,dense,16,220,40,comparison,8000,scattered,low,unknown,p0001;p0002,p0007;p0010;p0001;p0002,2;8;15;31;28;43;37;4;44;27;39;5;22;11;34;40,4.0,2.0,1.0,1.0,0.5,1.0,0.6666666666666666,0.5
hotpotqa_5a73977d554299623ed4ac08,hotpotqa,hotpotqa_oncu_200,hybrid,3,220,40,comparison,8000,scattered,low,unknown,p0001;p0002,,31;2;43,0.0,2.0,0.0,0.0,0.0,0.0,0.0,0.0
hotpotqa_5a73977d554299623ed4ac08,hotpotqa,hotpotqa_oncu_200,hybrid,5,220,40,comparison,8000,scattered,low,unknown,p0001;p0002,,31;2;43;8;25,0.0,2.0,0.0,0.0,0.0,0.0,0.0,0.0
hotpotqa_5a73977d554299623ed4ac08,hotpotqa,hotpotqa_oncu_200,hybrid,8,220,40,comparison,8000,scattered,low,unknown,p0001;p0002,p0007;p0010,31;2;43;8;25;15;37;19,2.0,2.0,0.0,0.0,0.0,0.0,0.0,1.0
hotpotqa_5a73977d554299623ed4ac08,hotpotqa,hotpotqa_oncu_200,hybrid,16,220,40,comparison,8000,scattered,low,unknown,p0001;p0002,p0007;p0010;p0002,31;2;43;8;25;15;37;19;11;5;28;41;35;23;1;22,3.0,2.0,1.0,0.0,0.3333333333333333,0.5,0.4,0.6666666666666666
hotpotqa_5a73977d554299623ed4ac08,hotpotqa,hotpotqa_oncu_200,iterative,3,220,40,comparison,8000,scattered,low,unknown,p0001;p0002,,35;41;23,0.0,2.0,0.0,0.0,0.0,0.0,0.0,0.0
hotpotqa_5a73977d554299623ed4ac08,hotpotqa,hotpotqa_oncu_200,iterative,5,220,40,comparison,8000,scattered,low,unknown,p0001;p0002,,35;41;23;11;29,0.0,2.0,0.0,0.0,0.0,0.0,0.0,0.0
hotpotqa_5a73977d554299623ed4ac08,hotpotqa,hotpotqa_oncu_200,iterative,8,220,40,comparison,8000,scattered,low,unknown,p0001;p0002,p0003,35;41;23;11;29;12;5;6,1.0,2.0,0.0,0.0,0.0,0.0,0.0,1.0
hotpotqa_5a73977d554299623ed4ac08,hotpotqa,hotpotqa_oncu_200,iterative,16,220,40,comparison,8000,scattered,low,unknown,p0001;p0002,p0003;p0004;p0005;p0012,35;41;23;11;29;12;5;6;19;0;25;1;31;13;7;18,4.0,2.0,0.0,0.0,0.0,0.0,0.0,1.0
hotpotqa_5a73977d554299623ed4ac08,hotpotqa,hotpotqa_oncu_200,oracle,3,220,40,comparison,8000,scattered,low,unknown,p0001;p0002,p0001;p0002,0;1,2.0,2.0,1.0,1.0,1.0,1.0,1.0,0.0
hotpotqa_5a73977d554299623ed4ac08,hotpotqa,hotpotqa_oncu_200,oracle,5,220,40,comparison,8000,scattered,low,unknown,p0001;p0002,p0001;p0002,0;1,2.0,2.0,1.0,1.0,1.0,1.0,1.0,0.0
hotpotqa_5a73977d554299623ed4ac08,hotpotqa,hotpotqa_oncu_200,oracle,8,220,40,comparison,8000,scattered,low,unknown,p0001;p0002,p0001;p0002,0;1,2.0,2.0,1.0,1.0,1.0,1.0,1.0,0.0
hotpotqa_5a73977d554299623ed4ac08,hotpotqa,hotpotqa_oncu_200,oracle,16,220,40,comparison,8000,scattered,low,unknown,p0001;p0002,p0001;p0002,0;1,2.0,2.0,1.0,1.0,1.0,1.0,1.0,0.0
hotpotqa_5ac2a399554299218029dada,hotpotqa,hotpotqa_oncu_200,lexical,3,220,40,multi_hop,16000,front,low,unknown,p0001;p0002,p0001;p0002,3;4;59,2.0,2.0,1.0,1.0,1.0,1.0,1.0,0.0
hotpotqa_5ac2a399554299218029dada,hotpotqa,hotpotqa_oncu_200,lexical,5,220,40,multi_hop,16000,front,low,unknown,p0001;p0002,p0001;p0002,3;4;59;18;44,2.0,2.0,1.0,1.0,1.0,1.0,1.0,0.0
hotpotqa_5ac2a399554299218029dada,hotpotqa,hotpotqa_oncu_200,lexical,8,220,40,multi_hop,16000,front,low,unknown,p0001;p0002,p0001;p0002,3;4;59;18;44;5;70;57,2.0,2.0,1.0,1.0,1.0,1.0,1.0,0.0
hotpotqa_5ac2a399554299218029dada,hotpotqa,hotpotqa_oncu_200,lexical,16,220,40,multi_hop,16000,front,low,unknown,p0001;p0002,p0001;p0002,3;4;59;18;44;5;70;57;77;68;51;8;34;81;79;60,2.0,2.0,1.0,1.0,1.0,1.0,1.0,0.0
hotpotqa_5ac2a399554299218029dada,hotpotqa,hotpotqa_oncu_200,dense,3,220,40,multi_hop,16000,front,low,unknown,p0001;p0002,p0001;p0002,3;59;42,2.0,2.0,1.0,1.0,1.0,1.0,1.0,0.0
hotpotqa_5ac2a399554299218029dada,hotpotqa,hotpotqa_oncu_200,dense,5,220,40,multi_hop,16000,front,low,unknown,p0001;p0002,p0001;p0002,3;59;42;16;68,2.0,2.0,1.0,1.0,1.0,1.0,1.0,0.0
hotpotqa_5ac2a399554299218029dada,hotpotqa,hotpotqa_oncu_200,dense,8,220,40,multi_hop,16000,front,low,unknown,p0001;p0002,p0001;p0002,3;59;42;16;68;55;72;81,2.0,2.0,1.0,1.0,1.0,1.0,1.0,0.0
hotpotqa_5ac2a399554299218029dada,hotpotqa,hotpotqa_oncu_200,dense,16,220,40,multi_hop,16000,front,low,unknown,p0001;p0002,p0001;p0002;p0010;p0012,3;59;42;16;68;55;72;81;76;85;31;7;33;20;38;37,4.0,2.0,1.0,1.0,0.5,1.0,0.6666666666666666,0.5
hotpotqa_5ac2a399554299218029dada,hotpotqa,hotpotqa_oncu_200,hybrid,3,220,40,multi_hop,16000,front,low,unknown,p0001;p0002,p0001;p0002,3;59;68,2.0,2.0,1.0,1.0,1.0,1.0,1.0,0.0
hotpotqa_5ac2a399554299218029dada,hotpotqa,hotpotqa_oncu_200,hybrid,5,220,40,multi_hop,16000,front,low,unknown,p0001;p0002,p0001;p0002,3;59;68;81;20,2.0,2.0,1.0,1.0,1.0,1.0,1.0,0.0
hotpotqa_5ac2a399554299218029dada,hotpotqa,hotpotqa_oncu_200,hybrid,8,220,40,multi_hop,16000,front,low,unknown,p0001;p0002,p0001;p0002,3;59;68;81;20;51;38;4,2.0,2.0,1.0,1.0,1.0,1.0,1.0,0.0
hotpotqa_5ac2a399554299218029dada,hotpotqa,hotpotqa_oncu_200,hybrid,16,220,40,multi_hop,16000,front,low,unknown,p0001;p0002,p0001;p0002,3;59;68;81;20;51;38;4;12;46;77;72;42;25;33;18,2.0,2.0,1.0,1.0,1.0,1.0,1.0,0.0
hotpotqa_5ac2a399554299218029dada,hotpotqa,hotpotqa_oncu_200,iterative,3,220,40,multi_hop,16000,front,low,unknown,p0001;p0002,p0001;p0002,59;3;20,2.0,2.0,1.0,1.0,1.0,1.0,1.0,0.0
hotpotqa_5ac2a399554299218029dada,hotpotqa,hotpotqa_oncu_200,iterative,5,220,40,multi_hop,16000,front,low,unknown,p0001;p0002,p0001;p0002,59;3;20;46;68,2.0,2.0,1.0,1.0,1.0,1.0,1.0,0.0
hotpotqa_5ac2a399554299218029dada,hotpotqa,hotpotqa_oncu_200,iterative,8,220,40,multi_hop,16000,front,low,unknown,p0001;p0002,p0001;p0002,59;3;20;46;68;4;33;81,2.0,2.0,1.0,1.0,1.0,1.0,1.0,0.0
hotpotqa_5ac2a399554299218029dada,hotpotqa,hotpotqa_oncu_200,iterative,16,220,40,multi_hop,16000,front,low,unknown,p0001;p0002,p0001;p0002,59;3;20;46;68;4;33;81;51;77;44;7;18;72;38;12,2.0,2.0,1.0,1.0,1.0,1.0,1.0,0.0
hotpotqa_5ac2a399554299218029dada,hotpotqa,hotpotqa_oncu_200,oracle,3,220,40,multi_hop,16000,front,low,unknown,p0001;p0002,p0001;p0002,0;1,2.0,2.0,1.0,1.0,1.0,1.0,1.0,0.0
hotpotqa_5ac2a399554299218029dada,hotpotqa,hotpotqa_oncu_200,oracle,5,220,40,multi_hop,16000,front,low,unknown,p0001;p0002,p0001;p0002,0;1,2.0,2.0,1.0,1.0,1.0,1.0,1.0,0.0
hotpotqa_5ac2a399554299218029dada,hotpotqa,hotpotqa_oncu_200,oracle,8,220,40,multi_hop,16000,front,low,unknown,p0001;p0002,p0001;p0002,0;1,2.0,2.0,1.0,1.0,1.0,1.0,1.0,0.0
hotpotqa_5ac2a399554299218029dada,hotpotqa,hotpotqa_oncu_200,oracle,16,220,40,multi_hop,16000,front,low,unknown,p0001;p0002,p0001;p0002,0;1,2.0,2.0,1.0,1.0,1.0,1.0,1.0,0.0
hotpotqa_5ae0f6f5554299422ee99583,hotpotqa,hotpotqa_oncu_200,lexical,3,220,40,multi_hop,4000,middle,low,unknown,p0001;p0002,,15;0;4,0.0,2.0,0.0,0.0,0.0,0.0,0.0,0.0
hotpotqa_5ae0f6f5554299422ee99583,hotpotqa,hotpotqa_oncu_200,lexical,5,220,40,multi_hop,4000,middle,low,unknown,p0001;p0002,p0002,15;0;4;11;19,1.0,2.0,1.0,0.0,1.0,0.5,0.6666666666666666,0.0
hotpotqa_5ae0f6f5554299422ee99583,hotpotqa,hotpotqa_oncu_200,lexical,8,220,40,multi_hop,4000,middle,low,unknown,p0001;p0002,p0002;p0001;p0004;p0006;p0007;p0008,15;0;4;11;19;10;6;17,6.0,2.0,1.0,1.0,0.3333333333333333,1.0,0.5,0.6666666666666666
hotpotqa_5ae0f6f5554299422ee99583,hotpotqa,hotpotqa_oncu_200,lexical,16,220,40,multi_hop,4000,middle,low,unknown,p0001;p0002,p0002;p0001;p0004;p0006;p0007;p0008,15;0;4;11;19;10;6;17;2;20;5;13;16;18;3;1,6.0,2.0,1.0,1.0,0.3333333333333333,1.0,0.5,0.6666666666666666
hotpotqa_5ae0f6f5554299422ee99583,hotpotqa,hotpotqa_oncu_200,dense,3,220,40,multi_hop,4000,middle,low,unknown,p0001;p0002,,1;2;17,0.0,2.0,0.0,0.0,0.0,0.0,0.0,0.0
hotpotqa_5ae0f6f5554299422ee99583,hotpotqa,hotpotqa_oncu_200,dense,5,220,40,multi_hop,4000,middle,low,unknown,p0001;p0002,,1;2;17;16;12,0.0,2.0,0.0,0.0,0.0,0.0,0.0,0.0
hotpotqa_5ae0f6f5554299422ee99583,hotpotqa,hotpotqa_oncu_200,dense,8,220,40,multi_hop,4000,middle,low,unknown,p0001;p0002,p0008;p0009;p0004;p0006;p0007,1;2;17;16;12;13;7;6,5.0,2.0,0.0,0.0,0.0,0.0,0.0,1.0
hotpotqa_5ae0f6f5554299422ee99583,hotpotqa,hotpotqa_oncu_200,dense,16,220,40,multi_hop,4000,middle,low,unknown,p0001;p0002,p0008;p0009;p0004;p0006;p0007;p0010;p0011;p0012;p0002;p0001,1;2;17;16;12;13;7;6;8;4;11;10;19;0;15;20,10.0,2.0,1.0,1.0,0.2,1.0,0.33333333333333337,0.8
hotpotqa_5ae0f6f5554299422ee99583,hotpotqa,hotpotqa_oncu_200,hybrid,3,220,40,multi_hop,4000,middle,low,unknown,p0001;p0002,,2;17;4,0.0,2.0,0.0,0.0,0.0,0.0,0.0,0.0
hotpotqa_5ae0f6f5554299422ee99583,hotpotqa,hotpotqa_oncu_200,hybrid,5,220,40,multi_hop,4000,middle,low,unknown,p0001;p0002,p0002,2;17;4;15;11,1.0,2.0,1.0,0.0,1.0,0.5,0.6666666666666666,0.0
hotpotqa_5ae0f6f5554299422ee99583,hotpotqa,hotpotqa_oncu_200,hybrid,8,220,40,multi_hop,4000,middle,low,unknown,p0001;p0002,p0002;p0004;p0006;p0007;p0008,2;17;4;15;11;0;6;1,5.0,2.0,1.0,0.0,0.2,0.5,0.28571428571428575,0.8
hotpotqa_5ae0f6f5554299422ee99583,hotpotqa,hotpotqa_oncu_200,hybrid,16,220,40,multi_hop,4000,middle,low,unknown,p0001;p0002,p0002;p0004;p0006;p0007;p0008;p0001;p0009;p0010;p0011;p0012,2;17;4;15;11;0;6;1;16;19;10;13;12;7;8;20,10.0,2.0,1.0,1.0,0.2,1.0,0.33333333333333337,0.8
hotpotqa_5ae0f6f5554299422ee99583,hotpotqa,hotpotqa_oncu_200,iterative,3,220,40,multi_hop,4000,middle,low,unknown,p0001;p0002,p0002,0;15;11,1.0,2.0,1.0,0.0,1.0,0.5,0.6666666666666666,0.0
hotpotqa_5ae0f6f5554299422ee99583,hotpotqa,hotpotqa_oncu_200,iterative,5,220,40,multi_hop,4000,middle,low,unknown,p0001;p0002,p0002;p0004;p0006;p0007;p0008,0;15;11;4;6,5.0,2.0,1.0,0.0,0.2,0.5,0.28571428571428575,0.8
hotpotqa_5ae0f6f5554299422ee99583,hotpotqa,hotpotqa_oncu_200,iterative,8,220,40,multi_hop,4000,middle,low,unknown,p0001;p0002,p0002;p0004;p0006;p0007;p0008,0;15;11;4;6;19;18;5,5.0,2.0,1.0,0.0,0.2,0.5,0.28571428571428575,0.8
hotpotqa_5ae0f6f5554299422ee99583,hotpotqa,hotpotqa_oncu_200,iterative,16,220,40,multi_hop,4000,middle,low,unknown,p0001;p0002,p0002;p0004;p0006;p0007;p0008;p0001,0;15;11;4;6;19;18;5;3;17;2;16;20;13;10;1,6.0,2.0,1.0,1.0,0.3333333333333333,1.0,0.5,0.6666666666666666
hotpotqa_5ae0f6f5554299422ee99583,hotpotqa,hotpotqa_oncu_200,oracle,3,220,40,multi_hop,4000,middle,low,unknown,p0001;p0002,p0001;p0002,0;1,2.0,2.0,1.0,1.0,1.0,1.0,1.0,0.0
hotpotqa_5ae0f6f5554299422ee99583,hotpotqa,hotpotqa_oncu_200,oracle,5,220,40,multi_hop,4000,middle,low,unknown,p0001;p0002,p0001;p0002,0;1,2.0,2.0,1.0,1.0,1.0,1.0,1.0,0.0
hotpotqa_5ae0f6f5554299422ee99583,hotpotqa,hotpotqa_oncu_200,oracle,8,220,40,multi_hop,4000,middle,low,unknown,p0001;p0002,p0001;p0002,0;1,2.0,2.0,1.0,1.0,1.0,1.0,1.0,0.0
hotpotqa_5ae0f6f5554299422ee99583,hotpotqa,hotpotqa_oncu_200,oracle,16,220,40,multi_hop,4000,middle,low,unknown,p0001;p0002,p0001;p0002,0;1,2.0,2.0,1.0,1.0,1.0,1.0,1.0,0.0
hotpotqa_5ae5b301554299546bf82f2d,hotpotqa,hotpotqa_oncu_200,lexical,3,220,40,multi_hop,8000,end,low,unknown,p0001;p0002,p0001;p0002,38;23;32,2.0,2.0,1.0,1.0,1.0,1.0,1.0,0.0
hotpotqa_5ae5b301554299546bf82f2d,hotpotqa,hotpotqa_oncu_200,lexical,5,220,40,multi_hop,8000,end,low,unknown,p0001;p0002,p0001;p0002,38;23;32;4;0,2.0,2.0,1.0,1.0,1.0,1.0,1.0,0.0
hotpotqa_5ae5b301554299546bf82f2d,hotpotqa,hotpotqa_oncu_200,lexical,8,220,40,multi_hop,8000,end,low,unknown,p0001;p0002,p0001;p0002,38;23;32;4;0;9;41;31,2.0,2.0,1.0,1.0,1.0,1.0,1.0,0.0
hotpotqa_5ae5b301554299546bf82f2d,hotpotqa,hotpotqa_oncu_200,lexical,16,220,40,multi_hop,8000,end,low,unknown,p0001;p0002,p0001;p0002;p0003;p0004,38;23;32;4;0;9;41;31;36;13;5;2;22;11;43;18,4.0,2.0,1.0,1.0,0.5,1.0,0.6666666666666666,0.5
hotpotqa_5ae5b301554299546bf82f2d,hotpotqa,hotpotqa_oncu_200,dense,3,220,40,multi_hop,8000,end,low,unknown,p0001;p0002,p0006;p0007,5;23;14,2.0,2.0,0.0,0.0,0.0,0.0,0.0,1.0
hotpotqa_5ae5b301554299546bf82f2d,hotpotqa,hotpotqa_oncu_200,dense,5,220,40,multi_hop,8000,end,low,unknown,p0001;p0002,p0006;p0007;p0001;p0002,5;23;14;38;32,4.0,2.0,1.0,1.0,0.5,1.0,0.6666666666666666,0.5
hotpotqa_5ae5b301554299546bf82f2d,hotpotqa,hotpotqa_oncu_200,dense,8,220,40,multi_hop,8000,end,low,unknown,p0001;p0002,p0006;p0007;p0001;p0002,5;23;14;38;32;29;3;11,4.0,2.0,1.0,1.0,0.5,1.0,0.6666666666666666,0.5
hotpotqa_5ae5b301554299546bf82f2d,hotpotqa,hotpotqa_oncu_200,dense,16,220,40,multi_hop,8000,end,low,unknown,p0001;p0002,p0006;p0007;p0001;p0002;p0003;p0004,5;23;14;38;32;29;3;11;30;2;20;13;6;12;43;44,6.0,2.0,1.0,1.0,0.3333333333333333,1.0,0.5,0.6666666666666666
hotpotqa_5ae5b301554299546bf82f2d,hotpotqa,hotpotqa_oncu_200,hybrid,3,220,40,multi_hop,8000,end,low,unknown,p0001;p0002,p0001;p0002,23;38;32,2.0,2.0,1.0,1.0,1.0,1.0,1.0,0.0
hotpotqa_5ae5b301554299546bf82f2d,hotpotqa,hotpotqa_oncu_200,hybrid,5,220,40,multi_hop,8000,end,low,unknown,p0001;p0002,p0001;p0002,23;38;32;5;11,2.0,2.0,1.0,1.0,1.0,1.0,1.0,0.0
hotpotqa_5ae5b301554299546bf82f2d,hotpotqa,hotpotqa_oncu_200,hybrid,8,220,40,multi_hop,8000,end,low,unknown,p0001;p0002,p0001;p0002;p0003;p0004,23;38;32;5;11;2;13;29,4.0,2.0,1.0,1.0,0.5,1.0,0.6666666666666666,0.5
hotpotqa_5ae5b301554299546bf82f2d,hotpotqa,hotpotqa_oncu_200,hybrid,16,220,40,multi_hop,8000,end,low,unknown,p0001;p0002,p0001;p0002;p0003;p0004;p0006;p0007,23;38;32;5;11;2;13;29;36;14;20;43;0;31;4;9,6.0,2.0,1.0,1.0,0.3333333333333333,1.0,0.5,0.6666666666666666
hotpotqa_5ae5b301554299546bf82f2d,hotpotqa,hotpotqa_oncu_200,iterative,3,220,40,multi_hop,8000,end,low,unknown,p0001;p0002,p0001;p0002,38;23;32,2.0,2.0,1.0,1.0,1.0,1.0,1.0,0.0
hotpotqa_5ae5b301554299546bf82f2d,hotpotqa,hotpotqa_oncu_200,iterative,5,220,40,multi_hop,8000,end,low,unknown,p0001;p0002,p0001;p0002,38;23;32;20;29,2.0,2.0,1.0,1.0,1.0,1.0,1.0,0.0
hotpotqa_5ae5b301554299546bf82f2d,hotpotqa,hotpotqa_oncu_200,iterative,8,220,40,multi_hop,8000,end,low,unknown,p0001;p0002,p0001;p0002,38;23;32;20;29;11;1;0,2.0,2.0,1.0,1.0,1.0,1.0,1.0,0.0
hotpotqa_5ae5b301554299546bf82f2d,hotpotqa,hotpotqa_oncu_200,iterative,16,220,40,multi_hop,8000,end,low,unknown,p0001;p0002,p0001;p0002;p0008;p0010,38;23;32;20;29;11;1;0;2;42;43;15;9;41;6;33,4.0,2.0,1.0,1.0,0.5,1.0,0.6666666666666666,0.5
hotpotqa_5ae5b301554299546bf82f2d,hotpotqa,hotpotqa_oncu_200,oracle,3,220,40,multi_hop,8000,end,low,unknown,p0001;p0002,p0001;p0002,0;1,2.0,2.0,1.0,1.0,1.0,1.0,1.0,0.0
hotpotqa_5ae5b301554299546bf82f2d,hotpotqa,hotpotqa_oncu_200,oracle,5,220,40,multi_hop,8000,end,low,unknown,p0001;p0002,p0001;p0002,0;1,2.0,2.0,1.0,1.0,1.0,1.0,1.0,0.0
hotpotqa_5ae5b301554299546bf82f2d,hotpotqa,hotpotqa_oncu_200,oracle,8,220,40,multi_hop,8000,end,low,unknown,p0001;p0002,p0001;p0002,0;1,2.0,2.0,1.0,1.0,1.0,1.0,1.0,0.0
hotpotqa_5ae5b301554299546bf82f2d,hotpotqa,hotpotqa_oncu_200,oracle,16,220,40,multi_hop,8000,end,low,unknown,p0001;p0002,p0001;p0002,0;1,2.0,2.0,1.0,1.0,1.0,1.0,1.0,0.0
hotpotqa_5ab1eac95542993be8fa987f,hotpotqa,hotpotqa_oncu_200,lexical,3,220,40,multi_hop,16000,scattered,low,unknown,p0001;p0002,p0001,8;34;38,1.0,2.0,1.0,0.0,1.0,0.5,0.6666666666666666,0.0
hotpotqa_5ab1eac95542993be8fa987f,hotpotqa,hotpotqa_oncu_200,lexical,5,220,40,multi_hop,16000,scattered,low,unknown,p0001;p0002,p0001,8;34;38;42;58,1.0,2.0,1.0,0.0,1.0,0.5,0.6666666666666666,0.0
hotpotqa_5ab1eac95542993be8fa987f,hotpotqa,hotpotqa_oncu_200,lexical,8,220,40,multi_hop,16000,scattered,low,unknown,p0001;p0002,p0001,8;34;38;42;58;54;26;50,1.0,2.0,1.0,0.0,1.0,0.5,0.6666666666666666,0.0
hotpotqa_5ab1eac95542993be8fa987f,hotpotqa,hotpotqa_oncu_200,lexical,16,220,40,multi_hop,16000,scattered,low,unknown,p0001;p0002,p0001;p0002,8;34;38;42;58;54;26;50;46;62;10;22;44;18;14;20,2.0,2.0,1.0,1.0,1.0,1.0,1.0,0.0
hotpotqa_5ab1eac95542993be8fa987f,hotpotqa,hotpotqa_oncu_200,dense,3,220,40,multi_hop,16000,scattered,low,unknown,p0001;p0002,p0009;p0010;p0012;p0001,26;30;8,4.0,2.0,1.0,0.0,0.25,0.5,0.3333333333333333,0.75
hotpotqa_5ab1eac95542993be8fa987f,hotpotqa,hotpotqa_oncu_200,dense,5,220,40,multi_hop,16000,scattered,low,unknown,p0001;p0002,p0009;p0010;p0012;p0001,26;30;8;18;54,4.0,2.0,1.0,0.0,0.25,0.5,0.3333333333333333,0.75
hotpotqa_5ab1eac95542993be8fa987f,hotpotqa,hotpotqa_oncu_200,dense,8,220,40,multi_hop,16000,scattered,low,unknown,p0001;p0002,p0009;p0010;p0012;p0001,26;30;8;18;54;50;14;46,4.0,2.0,1.0,0.0,0.25,0.5,0.3333333333333333,0.75
hotpotqa_5ab1eac95542993be8fa987f,hotpotqa,hotpotqa_oncu_200,dense,16,220,40,multi_hop,16000,scattered,low,unknown,p0001;p0002,p0009;p0010;p0012;p0001,26;30;8;18;54;50;14;46;22;10;33;41;62;66;58;37,4.0,2.0,1.0,0.0,0.25,0.5,0.3333333333333333,0.75
hotpotqa_5ab1eac95542993be8fa987f,hotpotqa,hotpotqa_oncu_200,hybrid,3,220,40,multi_hop,16000,scattered,low,unknown,p0001;p0002,p0001,8;26;54,1.0,2.0,1.0,0.0,1.0,0.5,0.6666666666666666,0.0
hotpotqa_5ab1eac95542993be8fa987f,hotpotqa,hotpotqa_oncu_200,hybrid,5,220,40,multi_hop,16000,scattered,low,unknown,p0001;p0002,p0001,8;26;54;50;46,1.0,2.0,1.0,0.0,1.0,0.5,0.6666666666666666,0.0
hotpotqa_5ab1eac95542993be8fa987f,hotpotqa,hotpotqa_oncu_200,hybrid,8,220,40,multi_hop,16000,scattered,low,unknown,p0001;p0002,p0001,8;26;54;50;46;18;58;38,1.0,2.0,1.0,0.0,1.0,0.5,0.6666666666666666,0.0
hotpotqa_5ab1eac95542993be8fa987f,hotpotqa,hotpotqa_oncu_200,hybrid,16,220,40,multi_hop,16000,scattered,low,unknown,p0001;p0002,p0001;p0009;p0010;p0012,8;26;54;50;46;18;58;38;22;10;34;14;62;30;42;66,4.0,2.0,1.0,0.0,0.25,0.5,0.3333333333333333,0.75
hotpotqa_5ab1eac95542993be8fa987f,hotpotqa,hotpotqa_oncu_200,iterative,3,220,40,multi_hop,16000,scattered,low,unknown,p0001;p0002,p0001;p0002,8;44;20,2.0,2.0,1.0,1.0,1.0,1.0,1.0,0.0
hotpotqa_5ab1eac95542993be8fa987f,hotpotqa,hotpotqa_oncu_200,iterative,5,220,40,multi_hop,16000,scattered,low,unknown,p0001;p0002,p0001;p0002,8;44;20;16;24,2.0,2.0,1.0,1.0,1.0,1.0,1.0,0.0
hotpotqa_5ab1eac95542993be8fa987f,hotpotqa,hotpotqa_oncu_200,iterative,8,220,40,multi_hop,16000,scattered,low,unknown,p0001;p0002,p0001;p0002,8;44;20;16;24;4;12;0,2.0,2.0,1.0,1.0,1.0,1.0,1.0,0.0
hotpotqa_5ab1eac95542993be8fa987f,hotpotqa,hotpotqa_oncu_200,iterative,16,220,40,multi_hop,16000,scattered,low,unknown,p0001;p0002,p0001;p0002,8;44;20;16;24;4;12;0;32;34;42;54;38;58;50;46,2.0,2.0,1.0,1.0,1.0,1.0,1.0,0.0
hotpotqa_5ab1eac95542993be8fa987f,hotpotqa,hotpotqa_oncu_200,oracle,3,220,40,multi_hop,16000,scattered,low,unknown,p0001;p0002,p0001;p0002,0;1,2.0,2.0,1.0,1.0,1.0,1.0,1.0,0.0
hotpotqa_5ab1eac95542993be8fa987f,hotpotqa,hotpotqa_oncu_200,oracle,5,220,40,multi_hop,16000,scattered,low,unknown,p0001;p0002,p0001;p0002,0;1,2.0,2.0,1.0,1.0,1.0,1.0,1.0,0.0
hotpotqa_5ab1eac95542993be8fa987f,hotpotqa,hotpotqa_oncu_200,oracle,8,220,40,multi_hop,16000,scattered,low,unknown,p0001;p0002,p0001;p0002,0;1,2.0,2.0,1.0,1.0,1.0,1.0,1.0,0.0
hotpotqa_5ab1eac95542993be8fa987f,hotpotqa,hotpotqa_oncu_200,oracle,16,220,40,multi_hop,16000,scattered,low,unknown,p0001;p0002,p0001;p0002,0;1,2.0,2.0,1.0,1.0,1.0,1.0,1.0,0.0
hotpotqa_5ae15e125542990adbacf773,hotpotqa,hotpotqa_oncu_200,lexical,3,220,40,comparison,4000,front,low,unknown,p0001;p0002,p0002;p0001,1;0;13,2.0,2.0,1.0,1.0,1.0,1.0,1.0,0.0
hotpotqa_5ae15e125542990adbacf773,hotpotqa,hotpotqa_oncu_200,lexical,5,220,40,comparison,4000,front,low,unknown,p0001;p0002,p0002;p0001;p0003;p0005,1;0;13;5;16,4.0,2.0,1.0,1.0,0.5,1.0,0.6666666666666666,0.5
hotpotqa_5ae15e125542990adbacf773,hotpotqa,hotpotqa_oncu_200,lexical,8,220,40,comparison,4000,front,low,unknown,p0001;p0002,p0002;p0001;p0003;p0005;p0010,1;0;13;5;16;10;4;6,5.0,2.0,1.0,1.0,0.4,1.0,0.5714285714285715,0.6
hotpotqa_5ae15e125542990adbacf773,hotpotqa,hotpotqa_oncu_200,lexical,16,220,40,comparison,4000,front,low,unknown,p0001;p0002,p0002;p0001;p0003;p0005;p0010;p0009;p0006;p0007,1;0;13;5;16;10;4;6;9;12;18;21;19;7;15;3,8.0,2.0,1.0,1.0,0.25,1.0,0.4,0.75
hotpotqa_5ae15e125542990adbacf773,hotpotqa,hotpotqa_oncu_200,dense,3,220,40,comparison,4000,front,low,unknown,p0001;p0002,p0002;p0006;p0007,1;7;19,3.0,2.0,1.0,0.0,0.3333333333333333,0.5,0.4,0.6666666666666666
hotpotqa_5ae15e125542990adbacf773,hotpotqa,hotpotqa_oncu_200,dense,5,220,40,comparison,4000,front,low,unknown,p0001;p0002,p0002;p0006;p0007;p0010,1;7;19;13;10,4.0,2.0,1.0,0.0,0.25,0.5,0.3333333333333333,0.75
hotpotqa_5ae15e125542990adbacf773,hotpotqa,hotpotqa_oncu_200,dense,8,220,40,comparison,4000,front,low,unknown,p0001;p0002,p0002;p0006;p0007;p0010,1;7;19;13;10;17;16;4,4.0,2.0,1.0,0.0,0.25,0.5,0.3333333333333333,0.75
hotpotqa_5ae15e125542990adbacf773,hotpotqa,hotpotqa_oncu_200,dense,16,220,40,comparison,4000,front,low,unknown,p0001;p0002,p0002;p0006;p0007;p0010;p0009;p0001;p0003;p0005;p0012,1;7;19;13;10;17;16;4;9;0;5;21;11;12;6;15,9.0,2.0,1.0,1.0,0.2222222222222222,1.0,0.3636363636363636,0.7777777777777778
hotpotqa_5ae15e125542990adbacf773,hotpotqa,hotpotqa_oncu_200,hybrid,3,220,40,comparison,4000,front,low,unknown,p0001;p0002,p0002;p0010,1;13;10,2.0,2.0,1.0,0.0,0.5,0.5,0.5,0.5
hotpotqa_5ae15e125542990adbacf773,hotpotqa,hotpotqa_oncu_200,hybrid,5,220,40,comparison,4000,front,low,unknown,p0001;p0002,p0002;p0010;p0001,1;13;10;0;16,3.0,2.0,1.0,1.0,0.6666666666666666,1.0,0.8,0.3333333333333333
hotpotqa_5ae15e125542990adbacf773,hotpotqa,hotpotqa_oncu_200,hybrid,8,220,40,comparison,4000,front,low,unknown,p0001;p0002,p0002;p0010;p0001;p0003;p0005;p0006;p0007,1;13;10;0;16;5;7;4,7.0,2.0,1.0,1.0,0.2857142857142857,1.0,0.4444444444444445,0.7142857142857143
hotpotqa_5ae15e125542990adbacf773,hotpotqa,hotpotqa_oncu_200,hybrid,16,220,40,comparison,4000,front,low,unknown,p0001;p0002,p0002;p0010;p0001;p0003;p0005;p0006;p0007;p0009,1;13;10;0;16;5;7;4;19;9;17;6;12;21;18;15,8.0,2.0,1.0,1.0,0.25,1.0,0.4,0.75
hotpotqa_5ae15e125542990adbacf773,hotpotqa,hotpotqa_oncu_200,iterative,3,220,40,comparison,4000,front,low,unknown,p0001;p0002,p0002;p0001,1;0;13,2.0,2.0,1.0,1.0,1.0,1.0,1.0,0.0
hotpotqa_5ae15e125542990adbacf773,hotpotqa,hotpotqa_oncu_200,iterative,5,220,40,comparison,4000,front,low,unknown,p0001;p0002,p0002;p0001;p0005;p0003,1;0;13;6;5,4.0,2.0,1.0,1.0,0.5,1.0,0.6666666666666666,0.5
hotpotqa_5ae15e125542990adbacf773,hotpotqa,hotpotqa_oncu_200,iterative,8,220,40,comparison,4000,front,low,unknown,p0001;p0002,p0002;p0001;p0005;p0003;p0010,1;0;13;6;5;10;18;12,5.0,2.0,1.0,1.0,0.4,1.0,0.5714285714285715,0.6
hotpotqa_5ae15e125542990adbacf773,hotpotqa,hotpotqa_oncu_200,iterative,16,220,40,comparison,4000,front,low,unknown,p0001;p0002,p0002;p0001;p0005;p0003;p0010;p0009;p0006;p0007,1;0;13;6;5;10;18;12;4;9;16;19;21;7;15;3,8.0,2.0,1.0,1.0,0.25,1.0,0.4,0.75
hotpotqa_5ae15e125542990adbacf773,hotpotqa,hotpotqa_oncu_200,oracle,3,220,40,comparison,4000,front,low,unknown,p0001;p0002,p0001;p0002,0;1,2.0,2.0,1.0,1.0,1.0,1.0,1.0,0.0
hotpotqa_5ae15e125542990adbacf773,hotpotqa,hotpotqa_oncu_200,oracle,5,220,40,comparison,4000,front,low,unknown,p0001;p0002,p0001;p0002,0;1,2.0,2.0,1.0,1.0,1.0,1.0,1.0,0.0
hotpotqa_5ae15e125542990adbacf773,hotpotqa,hotpotqa_oncu_200,oracle,8,220,40,comparison,4000,front,low,unknown,p0001;p0002,p0001;p0002,0;1,2.0,2.0,1.0,1.0,1.0,1.0,1.0,0.0
hotpotqa_5ae15e125542990adbacf773,hotpotqa,hotpotqa_oncu_200,oracle,16,220,40,comparison,4000,front,low,unknown,p0001;p0002,p0001;p0002,0;1,2.0,2.0,1.0,1.0,1.0,1.0,1.0,0.0
hotpotqa_5ab47cd75542991751b4d78d,hotpotqa,hotpotqa_oncu_200,lexical,3,220,40,multi_hop,8000,middle,low,unknown,p0001;p0002,p0001;p0002,22;31;10,2.0,2.0,1.0,1.0,1.0,1.0,1.0,0.0
hotpotqa_5ab47cd75542991751b4d78d,hotpotqa,hotpotqa_oncu_200,lexical,5,220,40,multi_hop,8000,middle,low,unknown,p0001;p0002,p0001;p0002,22;31;10;26;5,2.0,2.0,1.0,1.0,1.0,1.0,1.0,0.0
hotpotqa_5ab47cd75542991751b4d78d,hotpotqa,hotpotqa_oncu_200,lexical,8,220,40,multi_hop,8000,middle,low,unknown,p0001;p0002,p0001;p0002,22;31;10;26;5;32;11;36,2.0,2.0,1.0,1.0,1.0,1.0,1.0,0.0
hotpotqa_5ab47cd75542991751b4d78d,hotpotqa,hotpotqa_oncu_200,lexical,16,220,40,multi_hop,8000,middle,low,unknown,p0001;p0002,p0001;p0002;p0005,22;31;10;26;5;32;11;36;20;21;13;37;18;7;39;34,3.0,2.0,1.0,1.0,0.6666666666666666,1.0,0.8,0.3333333333333333
hotpotqa_5ab47cd75542991751b4d78d,hotpotqa,hotpotqa_oncu_200,dense,3,220,40,multi_hop,8000,middle,low,unknown,p0001;p0002,p0001;p0002,22;21;32,2.0,2.0,1.0,1.0,1.0,1.0,1.0,0.0
hotpotqa_5ab47cd75542991751b4d78d,hotpotqa,hotpotqa_oncu_200,dense,5,220,40,multi_hop,8000,middle,low,unknown,p0001;p0002,p0001;p0002,22;21;32;6;11,2.0,2.0,1.0,1.0,1.0,1.0,1.0,0.0
hotpotqa_5ab47cd75542991751b4d78d,hotpotqa,hotpotqa_oncu_200,dense,8,220,40,multi_hop,8000,middle,low,unknown,p0001;p0002,p0001;p0002,22;21;32;6;11;43;27;42,2.0,2.0,1.0,1.0,1.0,1.0,1.0,0.0
hotpotqa_5ab47cd75542991751b4d78d,hotpotqa,hotpotqa_oncu_200,dense,16,220,40,multi_hop,8000,middle,low,unknown,p0001;p0002,p0001;p0002;p0005;p0008;p0009,22;21;32;6;11;43;27;42;13;15;37;23;2;1;7;26,5.0,2.0,1.0,1.0,0.4,1.0,0.5714285714285715,0.6
hotpotqa_5ab47cd75542991751b4d78d,hotpotqa,hotpotqa_oncu_200,hybrid,3,220,40,multi_hop,8000,middle,low,unknown,p0001;p0002,p0001;p0002,22;32;21,2.0,2.0,1.0,1.0,1.0,1.0,1.0,0.0
hotpotqa_5ab47cd75542991751b4d78d,hotpotqa,hotpotqa_oncu_200,hybrid,5,220,40,multi_hop,8000,middle,low,unknown,p0001;p0002,p0001;p0002,22;32;21;11;26,2.0,2.0,1.0,1.0,1.0,1.0,1.0,0.0
hotpotqa_5ab47cd75542991751b4d78d,hotpotqa,hotpotqa_oncu_200,hybrid,8,220,40,multi_hop,8000,middle,low,unknown,p0001;p0002,p0001;p0002;p0005,22;32;21;11;26;13;5;6,3.0,2.0,1.0,1.0,0.6666666666666666,1.0,0.8,0.3333333333333333
hotpotqa_5ab47cd75542991751b4d78d,hotpotqa,hotpotqa_oncu_200,hybrid,16,220,40,multi_hop,8000,middle,low,unknown,p0001;p0002,p0001;p0002;p0005;p0008;p0009,22;32;21;11;26;13;5;6;37;31;10;7;23;27;15;43,5.0,2.0,1.0,1.0,0.4,1.0,0.5714285714285715,0.6
hotpotqa_5ab47cd75542991751b4d78d,hotpotqa,hotpotqa_oncu_200,iterative,3,220,40,multi_hop,8000,middle,low,unknown,p0001;p0002,p0001;p0002,22;32;11,2.0,2.0,1.0,1.0,1.0,1.0,1.0,0.0
hotpotqa_5ab47cd75542991751b4d78d,hotpotqa,hotpotqa_oncu_200,iterative,5,220,40,multi_hop,8000,middle,low,unknown,p0001;p0002,p0001;p0002,22;32;11;37;26,2.0,2.0,1.0,1.0,1.0,1.0,1.0,0.0
hotpotqa_5ab47cd75542991751b4d78d,hotpotqa,hotpotqa_oncu_200,iterative,8,220,40,multi_hop,8000,middle,low,unknown,p0001;p0002,p0001;p0002,22;32;11;37;26;5;21;31,2.0,2.0,1.0,1.0,1.0,1.0,1.0,0.0
hotpotqa_5ab47cd75542991751b4d78d,hotpotqa,hotpotqa_oncu_200,iterative,16,220,40,multi_hop,8000,middle,low,unknown,p0001;p0002,p0001;p0002;p0006;p0007;p0005,22;32;11;37;26;5;21;31;14;13;10;6;27;7;36;42,5.0,2.0,1.0,1.0,0.4,1.0,0.5714285714285715,0.6
hotpotqa_5ab47cd75542991751b4d78d,hotpotqa,hotpotqa_oncu_200,oracle,3,220,40,multi_hop,8000,middle,low,unknown,p0001;p0002,p0001;p0002,0;1,2.0,2.0,1.0,1.0,1.0,1.0,1.0,0.0
hotpotqa_5ab47cd75542991751b4d78d,hotpotqa,hotpotqa_oncu_200,oracle,5,220,40,multi_hop,8000,middle,low,unknown,p0001;p0002,p0001;p0002,0;1,2.0,2.0,1.0,1.0,1.0,1.0,1.0,0.0
hotpotqa_5ab47cd75542991751b4d78d,hotpotqa,hotpotqa_oncu_200,oracle,8,220,40,multi_hop,8000,middle,low,unknown,p0001;p0002,p0001;p0002,0;1,2.0,2.0,1.0,1.0,1.0,1.0,1.0,0.0
hotpotqa_5ab47cd75542991751b4d78d,hotpotqa,hotpotqa_oncu_200,oracle,16,220,40,multi_hop,8000,middle,low,unknown,p0001;p0002,p0001;p0002,0;1,2.0,2.0,1.0,1.0,1.0,1.0,1.0,0.0
hotpotqa_5a7b374c5542995eb53be8cc,hotpotqa,hotpotqa_oncu_200,lexical,3,220,40,multi_hop,16000,end,medium,unknown,p0001;p0002;p0003,p0001;p0002;p0003,77;78;20,3.0,3.0,1.0,1.0,1.0,1.0,1.0,0.0
hotpotqa_5a7b374c5542995eb53be8cc,hotpotqa,hotpotqa_oncu_200,lexical,5,220,40,multi_hop,16000,end,medium,unknown,p0001;p0002;p0003,p0001;p0002;p0003,77;78;20;61;23,3.0,3.0,1.0,1.0,1.0,1.0,1.0,0.0
hotpotqa_5a7b374c5542995eb53be8cc,hotpotqa,hotpotqa_oncu_200,lexical,8,220,40,multi_hop,16000,end,medium,unknown,p0001;p0002;p0003,p0001;p0002;p0003,77;78;20;61;23;34;75;45,3.0,3.0,1.0,1.0,1.0,1.0,1.0,0.0
hotpotqa_5a7b374c5542995eb53be8cc,hotpotqa,hotpotqa_oncu_200,lexical,16,220,40,multi_hop,16000,end,medium,unknown,p0001;p0002;p0003,p0001;p0002;p0003,77;78;20;61;23;34;75;45;1;4;72;42;53;12;64;31,3.0,3.0,1.0,1.0,1.0,1.0,1.0,0.0
hotpotqa_5a7b374c5542995eb53be8cc,hotpotqa,hotpotqa_oncu_200,dense,3,220,40,multi_hop,16000,end,medium,unknown,p0001;p0002;p0003,p0002;p0003,78;20;61,2.0,3.0,1.0,0.0,1.0,0.6666666666666666,0.8,0.0
hotpotqa_5a7b374c5542995eb53be8cc,hotpotqa,hotpotqa_oncu_200,dense,5,220,40,multi_hop,16000,end,medium,unknown,p0001;p0002;p0003,p0002;p0003,78;20;61;69;39,2.0,3.0,1.0,0.0,1.0,0.6666666666666666,0.8,0.0
hotpotqa_5a7b374c5542995eb53be8cc,hotpotqa,hotpotqa_oncu_200,dense,8,220,40,multi_hop,16000,end,medium,unknown,p0001;p0002;p0003,p0002;p0003,78;20;61;69;39;50;58;83,2.0,3.0,1.0,0.0,1.0,0.6666666666666666,0.8,0.0
hotpotqa_5a7b374c5542995eb53be8cc,hotpotqa,hotpotqa_oncu_200,dense,16,220,40,multi_hop,16000,end,medium,unknown,p0001;p0002;p0003,p0002;p0003;p0006;p0008;p0009;p0010,78;20;61;69;39;50;58;83;17;9;29;47;72;4;45;1,6.0,3.0,1.0,0.0,0.3333333333333333,0.6666666666666666,0.4444444444444444,0.6666666666666666
hotpotqa_5a7b374c5542995eb53be8cc,hotpotqa,hotpotqa_oncu_200,hybrid,3,220,40,multi_hop,16000,end,medium,unknown,p0001;p0002;p0003,p0002;p0003,78;20;61,2.0,3.0,1.0,0.0,1.0,0.6666666666666666,0.8,0.0
hotpotqa_5a7b374c5542995eb53be8cc,hotpotqa,hotpotqa_oncu_200,hybrid,5,220,40,multi_hop,16000,end,medium,unknown,p0001;p0002;p0003,p0002;p0003;p0001,78;20;61;77;45,3.0,3.0,1.0,1.0,1.0,1.0,1.0,0.0
hotpotqa_5a7b374c5542995eb53be8cc,hotpotqa,hotpotqa_oncu_200,hybrid,8,220,40,multi_hop,16000,end,medium,unknown,p0001;p0002;p0003,p0002;p0003;p0001,78;20;61;77;45;4;72;1,3.0,3.0,1.0,1.0,1.0,1.0,1.0,0.0
hotpotqa_5a7b374c5542995eb53be8cc,hotpotqa,hotpotqa_oncu_200,hybrid,16,220,40,multi_hop,16000,end,medium,unknown,p0001;p0002;p0003,p0002;p0003;p0001,78;20;61;77;45;4;72;1;42;23;50;34;9;31;86;75,3.0,3.0,1.0,1.0,1.0,1.0,1.0,0.0
hotpotqa_5a7b374c5542995eb53be8cc,hotpotqa,hotpotqa_oncu_200,iterative,3,220,40,multi_hop,16000,end,medium,unknown,p0001;p0002;p0003,p0001;p0002;p0003,77;20;61,3.0,3.0,1.0,1.0,1.0,1.0,1.0,0.0
hotpotqa_5a7b374c5542995eb53be8cc,hotpotqa,hotpotqa_oncu_200,iterative,5,220,40,multi_hop,16000,end,medium,unknown,p0001;p0002;p0003,p0001;p0002;p0003,77;20;61;66;44,3.0,3.0,1.0,1.0,1.0,1.0,1.0,0.0
hotpotqa_5a7b374c5542995eb53be8cc,hotpotqa,hotpotqa_oncu_200,iterative,8,220,40,multi_hop,16000,end,medium,unknown,p0001;p0002;p0003,p0001;p0002;p0003,77;20;61;66;44;78;25;3,3.0,3.0,1.0,1.0,1.0,1.0,1.0,0.0
hotpotqa_5a7b374c5542995eb53be8cc,hotpotqa,hotpotqa_oncu_200,iterative,16,220,40,multi_hop,16000,end,medium,unknown,p0001;p0002;p0003,p0001;p0002;p0003,77;20;61;66;44;78;25;3;36;60;74;23;55;72;1;34,3.0,3.0,1.0,1.0,1.0,1.0,1.0,0.0
hotpotqa_5a7b374c5542995eb53be8cc,hotpotqa,hotpotqa_oncu_200,oracle,3,220,40,multi_hop,16000,end,medium,unknown,p0001;p0002;p0003,p0001;p0002;p0003,0;1;2,3.0,3.0,1.0,1.0,1.0,1.0,1.0,0.0
hotpotqa_5a7b374c5542995eb53be8cc,hotpotqa,hotpotqa_oncu_200,oracle,5,220,40,multi_hop,16000,end,medium,unknown,p0001;p0002;p0003,p0001;p0002;p0003,0;1;2,3.0,3.0,1.0,1.0,1.0,1.0,1.0,0.0
hotpotqa_5a7b374c5542995eb53be8cc,hotpotqa,hotpotqa_oncu_200,oracle,8,220,40,multi_hop,16000,end,medium,unknown,p0001;p0002;p0003,p0001;p0002;p0003,0;1;2,3.0,3.0,1.0,1.0,1.0,1.0,1.0,0.0
hotpotqa_5a7b374c5542995eb53be8cc,hotpotqa,hotpotqa_oncu_200,oracle,16,220,40,multi_hop,16000,end,medium,unknown,p0001;p0002;p0003,p0001;p0002;p0003,0;1;2,3.0,3.0,1.0,1.0,1.0,1.0,1.0,0.0
hotpotqa_5ab58f9a554299488d4d99da,hotpotqa,hotpotqa_oncu_200,lexical,3,220,40,multi_hop,4000,scattered,low,unknown,p0001;p0002,p0002,11;10;21,1.0,2.0,1.0,0.0,1.0,0.5,0.6666666666666666,0.0
hotpotqa_5ab58f9a554299488d4d99da,hotpotqa,hotpotqa_oncu_200,lexical,5,220,40,multi_hop,4000,scattered,low,unknown,p0001;p0002,p0002;p0001,11;10;21;13;1,2.0,2.0,1.0,1.0,1.0,1.0,1.0,0.0
hotpotqa_5ab58f9a554299488d4d99da,hotpotqa,hotpotqa_oncu_200,lexical,8,220,40,multi_hop,4000,scattered,low,unknown,p0001;p0002,p0002;p0001,11;10;21;13;1;16;18;2,2.0,2.0,1.0,1.0,1.0,1.0,1.0,0.0
hotpotqa_5ab58f9a554299488d4d99da,hotpotqa,hotpotqa_oncu_200,lexical,16,220,40,multi_hop,4000,scattered,low,unknown,p0001;p0002,p0002;p0001;p0005;p0006;p0007;p0008;p0009,11;10;21;13;1;16;18;2;12;14;3;4;15;19;6;7,7.0,2.0,1.0,1.0,0.2857142857142857,1.0,0.4444444444444445,0.7142857142857143
hotpotqa_5ab58f9a554299488d4d99da,hotpotqa,hotpotqa_oncu_200,dense,3,220,40,multi_hop,4000,scattered,low,unknown,p0001;p0002,p0002;p0005;p0006;p0007;p0001,11;6;1,5.0,2.0,1.0,1.0,0.4,1.0,0.5714285714285715,0.6
hotpotqa_5ab58f9a554299488d4d99da,hotpotqa,hotpotqa_oncu_200,dense,5,220,40,multi_hop,4000,scattered,low,unknown,p0001;p0002,p0002;p0005;p0006;p0007;p0001,11;6;1;18;20,5.0,2.0,1.0,1.0,0.4,1.0,0.5714285714285715,0.6
hotpotqa_5ab58f9a554299488d4d99da,hotpotqa,hotpotqa_oncu_200,dense,8,220,40,multi_hop,4000,scattered,low,unknown,p0001;p0002,p0002;p0005;p0006;p0007;p0001,11;6;1;18;20;3;0;13,5.0,2.0,1.0,1.0,0.4,1.0,0.5714285714285715,0.6
hotpotqa_5ab58f9a554299488d4d99da,hotpotqa,hotpotqa_oncu_200,dense,16,220,40,multi_hop,4000,scattered,low,unknown,p0001;p0002,p0002;p0005;p0006;p0007;p0001;p0010;p0011;p0012,11;6;1;18;20;3;0;13;8;5;10;16;2;15;21;19,8.0,2.0,1.0,1.0,0.25,1.0,0.4,0.75
hotpotqa_5ab58f9a554299488d4d99da,hotpotqa,hotpotqa_oncu_200,hybrid,3,220,40,multi_hop,4000,scattered,low,unknown,p0001;p0002,p0002;p0001,11;1;18,2.0,2.0,1.0,1.0,1.0,1.0,1.0,0.0
hotpotqa_5ab58f9a554299488d4d99da,hotpotqa,hotpotqa_oncu_200,hybrid,5,220,40,multi_hop,4000,scattered,low,unknown,p0001;p0002,p0002;p0001,11;1;18;13;10,2.0,2.0,1.0,1.0,1.0,1.0,1.0,0.0
hotpotqa_5ab58f9a554299488d4d99da,hotpotqa,hotpotqa_oncu_200,hybrid,8,220,40,multi_hop,4000,scattered,low,unknown,p0001;p0002,p0002;p0001;p0005;p0006;p0007,11;1;18;13;10;6;3;21,5.0,2.0,1.0,1.0,0.4,1.0,0.5714285714285715,0.6
hotpotqa_5ab58f9a554299488d4d99da,hotpotqa,hotpotqa_oncu_200,hybrid,16,220,40,multi_hop,4000,scattered,low,unknown,p0001;p0002,p0002;p0001;p0005;p0006;p0007;p0010;p0011;p0012,11;1;18;13;10;6;3;21;16;2;0;20;12;15;5;8,8.0,2.0,1.0,1.0,0.25,1.0,0.4,0.75
hotpotqa_5ab58f9a554299488d4d99da,hotpotqa,hotpotqa_oncu_200,iterative,3,220,40,multi_hop,4000,scattered,low,unknown,p0001;p0002,p0002,11;10;21,1.0,2.0,1.0,0.0,1.0,0.5,0.6666666666666666,0.0
hotpotqa_5ab58f9a554299488d4d99da,hotpotqa,hotpotqa_oncu_200,iterative,5,220,40,multi_hop,4000,scattered,low,unknown,p0001;p0002,p0002;p0001,11;10;21;14;1,2.0,2.0,1.0,1.0,1.0,1.0,1.0,0.0
hotpotqa_5ab58f9a554299488d4d99da,hotpotqa,hotpotqa_oncu_200,iterative,8,220,40,multi_hop,4000,scattered,low,unknown,p0001;p0002,p0002;p0001,11;10;21;14;1;13;4;18,2.0,2.0,1.0,1.0,1.0,1.0,1.0,0.0
hotpotqa_5ab58f9a554299488d4d99da,hotpotqa,hotpotqa_oncu_200,iterative,16,220,40,multi_hop,4000,scattered,low,unknown,p0001;p0002,p0002;p0001;p0008;p0009,11;10;21;14;1;13;4;18;16;17;2;7;12;0;3;20,4.0,2.0,1.0,1.0,0.5,1.0,0.6666666666666666,0.5
hotpotqa_5ab58f9a554299488d4d99da,hotpotqa,hotpotqa_oncu_200,oracle,3,220,40,multi_hop,4000,scattered,low,unknown,p0001;p0002,p0001;p0002,0;1,2.0,2.0,1.0,1.0,1.0,1.0,1.0,0.0
hotpotqa_5ab58f9a554299488d4d99da,hotpotqa,hotpotqa_oncu_200,oracle,5,220,40,multi_hop,4000,scattered,low,unknown,p0001;p0002,p0001;p0002,0;1,2.0,2.0,1.0,1.0,1.0,1.0,1.0,0.0
hotpotqa_5ab58f9a554299488d4d99da,hotpotqa,hotpotqa_oncu_200,oracle,8,220,40,multi_hop,4000,scattered,low,unknown,p0001;p0002,p0001;p0002,0;1,2.0,2.0,1.0,1.0,1.0,1.0,1.0,0.0
hotpotqa_5ab58f9a554299488d4d99da,hotpotqa,hotpotqa_oncu_200,oracle,16,220,40,multi_hop,4000,scattered,low,unknown,p0001;p0002,p0001;p0002,0;1,2.0,2.0,1.0,1.0,1.0,1.0,1.0,0.0
hotpotqa_5a7ad9865542995eb53be8aa,hotpotqa,hotpotqa_oncu_200,lexical,3,220,40,multi_hop,8000,front,medium,unknown,p0001;p0002;p0003;p0004,,33;4;9,0.0,4.0,0.0,0.0,0.0,0.0,0.0,0.0
hotpotqa_5a7ad9865542995eb53be8aa,hotpotqa,hotpotqa_oncu_200,lexical,5,220,40,multi_hop,8000,front,medium,unknown,p0001;p0002;p0003;p0004,,33;4;9;38;43,0.0,4.0,0.0,0.0,0.0,0.0,0.0,0.0
hotpotqa_5a7ad9865542995eb53be8aa,hotpotqa,hotpotqa_oncu_200,lexical,8,220,40,multi_hop,8000,front,medium,unknown,p0001;p0002;p0003;p0004,p0013;p0014;p0004,33;4;9;38;43;17;19;2,3.0,4.0,1.0,0.0,0.3333333333333333,0.25,0.28571428571428575,0.6666666666666666
hotpotqa_5a7ad9865542995eb53be8aa,hotpotqa,hotpotqa_oncu_200,lexical,16,220,40,multi_hop,8000,front,medium,unknown,p0001;p0002;p0003;p0004,p0013;p0014;p0004,33;4;9;38;43;17;19;2;23;18;28;24;44;29;34;5,3.0,4.0,1.0,0.0,0.3333333333333333,0.25,0.28571428571428575,0.6666666666666666
hotpotqa_5a7ad9865542995eb53be8aa,hotpotqa,hotpotqa_oncu_200,dense,3,220,40,multi_hop,8000,front,medium,unknown,p0001;p0002;p0003;p0004,,44;0;29,0.0,4.0,0.0,0.0,0.0,0.0,0.0,0.0
hotpotqa_5a7ad9865542995eb53be8aa,hotpotqa,hotpotqa_oncu_200,dense,5,220,40,multi_hop,8000,front,medium,unknown,p0001;p0002;p0003;p0004,,44;0;29;34;30,0.0,4.0,0.0,0.0,0.0,0.0,0.0,0.0
hotpotqa_5a7ad9865542995eb53be8aa,hotpotqa,hotpotqa_oncu_200,dense,8,220,40,multi_hop,8000,front,medium,unknown,p0001;p0002;p0003;p0004,p0013;p0014,44;0;29;34;30;9;17;19,2.0,4.0,0.0,0.0,0.0,0.0,0.0,1.0
hotpotqa_5a7ad9865542995eb53be8aa,hotpotqa,hotpotqa_oncu_200,dense,16,220,40,multi_hop,8000,front,medium,unknown,p0001;p0002;p0003;p0004,p0013;p0014;p0005;p0006,44;0;29;34;30;9;17;19;39;13;4;25;24;20;5;40,4.0,4.0,0.0,0.0,0.0,0.0,0.0,1.0
hotpotqa_5a7ad9865542995eb53be8aa,hotpotqa,hotpotqa_oncu_200,hybrid,3,220,40,multi_hop,8000,front,medium,unknown,p0001;p0002;p0003;p0004,,9;4;44,0.0,4.0,0.0,0.0,0.0,0.0,0.0,0.0
hotpotqa_5a7ad9865542995eb53be8aa,hotpotqa,hotpotqa_oncu_200,hybrid,5,220,40,multi_hop,8000,front,medium,unknown,p0001;p0002;p0003;p0004,p0013;p0014,9;4;44;17;19,2.0,4.0,0.0,0.0,0.0,0.0,0.0,1.0
hotpotqa_5a7ad9865542995eb53be8aa,hotpotqa,hotpotqa_oncu_200,hybrid,8,220,40,multi_hop,8000,front,medium,unknown,p0001;p0002;p0003;p0004,p0013;p0014,9;4;44;17;19;29;34;33,2.0,4.0,0.0,0.0,0.0,0.0,0.0,1.0
hotpotqa_5a7ad9865542995eb53be8aa,hotpotqa,hotpotqa_oncu_200,hybrid,16,220,40,multi_hop,8000,front,medium,unknown,p0001;p0002;p0003;p0004,p0013;p0014,9;4;44;17;19;29;34;33;0;24;38;18;28;39;30;23,2.0,4.0,0.0,0.0,0.0,0.0,0.0,1.0
hotpotqa_5a7ad9865542995eb53be8aa,hotpotqa,hotpotqa_oncu_200,iterative,3,220,40,multi_hop,8000,front,medium,unknown,p0001;p0002;p0003;p0004,,33;38;23,0.0,4.0,0.0,0.0,0.0,0.0,0.0,0.0
hotpotqa_5a7ad9865542995eb53be8aa,hotpotqa,hotpotqa_oncu_200,iterative,5,220,40,multi_hop,8000,front,medium,unknown,p0001;p0002;p0003;p0004,,33;38;23;43;28,0.0,4.0,0.0,0.0,0.0,0.0,0.0,0.0
hotpotqa_5a7ad9865542995eb53be8aa,hotpotqa,hotpotqa_oncu_200,iterative,8,220,40,multi_hop,8000,front,medium,unknown,p0001;p0002;p0003;p0004,,33;38;23;43;28;4;9;18,0.0,4.0,0.0,0.0,0.0,0.0,0.0,0.0
hotpotqa_5a7ad9865542995eb53be8aa,hotpotqa,hotpotqa_oncu_200,iterative,16,220,40,multi_hop,8000,front,medium,unknown,p0001;p0002;p0003;p0004,p0013;p0014;p0010;p0011;p0005;p0006,33;38;23;43;28;4;9;18;8;19;17;3;16;24;13;29,6.0,4.0,0.0,0.0,0.0,0.0,0.0,1.0
hotpotqa_5a7ad9865542995eb53be8aa,hotpotqa,hotpotqa_oncu_200,oracle,3,220,40,multi_hop,8000,front,medium,unknown,p0001;p0002;p0003;p0004,p0001;p0002;p0003,0;1;2,3.0,4.0,1.0,0.0,1.0,0.75,0.8571428571428571,0.0
hotpotqa_5a7ad9865542995eb53be8aa,hotpotqa,hotpotqa_oncu_200,oracle,5,220,40,multi_hop,8000,front,medium,unknown,p0001;p0002;p0003;p0004,p0001;p0002;p0003;p0004,0;1;2;3,4.0,4.0,1.0,1.0,1.0,1.0,1.0,0.0
hotpotqa_5a7ad9865542995eb53be8aa,hotpotqa,hotpotqa_oncu_200,oracle,8,220,40,multi_hop,8000,front,medium,unknown,p0001;p0002;p0003;p0004,p0001;p0002;p0003;p0004,0;1;2;3,4.0,4.0,1.0,1.0,1.0,1.0,1.0,0.0
hotpotqa_5a7ad9865542995eb53be8aa,hotpotqa,hotpotqa_oncu_200,oracle,16,220,40,multi_hop,8000,front,medium,unknown,p0001;p0002;p0003;p0004,p0001;p0002;p0003;p0004,0;1;2;3,4.0,4.0,1.0,1.0,1.0,1.0,1.0,0.0
hotpotqa_5ae1fa2b5542997f29b3c1df,hotpotqa,hotpotqa_oncu_200,lexical,3,220,40,multi_hop,16000,middle,low,unknown,p0001;p0002,p0001;p0002,44;4;62,2.0,2.0,1.0,1.0,1.0,1.0,1.0,0.0
hotpotqa_5ae1fa2b5542997f29b3c1df,hotpotqa,hotpotqa_oncu_200,lexical,5,220,40,multi_hop,16000,middle,low,unknown,p0001;p0002,p0001;p0002,44;4;62;34;2,2.0,2.0,1.0,1.0,1.0,1.0,1.0,0.0
hotpotqa_5ae1fa2b5542997f29b3c1df,hotpotqa,hotpotqa_oncu_200,lexical,8,220,40,multi_hop,16000,middle,low,unknown,p0001;p0002,p0001;p0002,44;4;62;34;2;60;21;47,2.0,2.0,1.0,1.0,1.0,1.0,1.0,0.0
hotpotqa_5ae1fa2b5542997f29b3c1df,hotpotqa,hotpotqa_oncu_200,lexical,16,220,40,multi_hop,16000,middle,low,unknown,p0001;p0002,p0001;p0002;p0007;p0008;p0010,44;4;62;34;2;60;21;47;29;36;79;23;49;31;81;66,5.0,2.0,1.0,1.0,0.4,1.0,0.5714285714285715,0.6
hotpotqa_5ae1fa2b5542997f29b3c1df,hotpotqa,hotpotqa_oncu_200,dense,3,220,40,multi_hop,16000,middle,low,unknown,p0001;p0002,p0001;p0002,44;55;42,2.0,2.0,1.0,1.0,1.0,1.0,1.0,0.0
hotpotqa_5ae1fa2b5542997f29b3c1df,hotpotqa,hotpotqa_oncu_200,dense,5,220,40,multi_hop,16000,middle,low,unknown,p0001;p0002,p0001;p0002,44;55;42;16;74,2.0,2.0,1.0,1.0,1.0,1.0,1.0,0.0
hotpotqa_5ae1fa2b5542997f29b3c1df,hotpotqa,hotpotqa_oncu_200,dense,8,220,40,multi_hop,16000,middle,low,unknown,p0001;p0002,p0001;p0002;p0010,44;55;42;16;74;31;10;57,3.0,2.0,1.0,1.0,0.6666666666666666,1.0,0.8,0.3333333333333333
hotpotqa_5ae1fa2b5542997f29b3c1df,hotpotqa,hotpotqa_oncu_200,dense,16,220,40,multi_hop,16000,middle,low,unknown,p0001;p0002,p0001;p0002;p0010,44;55;42;16;74;31;10;57;87;23;49;68;36;81;62;4,3.0,2.0,1.0,1.0,0.6666666666666666,1.0,0.8,0.3333333333333333
hotpotqa_5ae1fa2b5542997f29b3c1df,hotpotqa,hotpotqa_oncu_200,hybrid,3,220,40,multi_hop,16000,middle,low,unknown,p0001;p0002,p0001;p0002,44;4;62,2.0,2.0,1.0,1.0,1.0,1.0,1.0,0.0
hotpotqa_5ae1fa2b5542997f29b3c1df,hotpotqa,hotpotqa_oncu_200,hybrid,5,220,40,multi_hop,16000,middle,low,unknown,p0001;p0002,p0001;p0002;p0010,44;4;62;31;23,3.0,2.0,1.0,1.0,0.6666666666666666,1.0,0.8,0.3333333333333333
hotpotqa_5ae1fa2b5542997f29b3c1df,hotpotqa,hotpotqa_oncu_200,hybrid,8,220,40,multi_hop,16000,middle,low,unknown,p0001;p0002,p0001;p0002;p0010,44;4;62;31;23;36;49;42,3.0,2.0,1.0,1.0,0.6666666666666666,1.0,0.8,0.3333333333333333
hotpotqa_5ae1fa2b5542997f29b3c1df,hotpotqa,hotpotqa_oncu_200,hybrid,16,220,40,multi_hop,16000,middle,low,unknown,p0001;p0002,p0001;p0002;p0010;p0012,44;4;62;31;23;36;49;42;10;81;55;68;2;33;16;60,4.0,2.0,1.0,1.0,0.5,1.0,0.6666666666666666,0.5
hotpotqa_5ae1fa2b5542997f29b3c1df,hotpotqa,hotpotqa_oncu_200,iterative,3,220,40,multi_hop,16000,middle,low,unknown,p0001;p0002,p0001;p0002,44;4;62,2.0,2.0,1.0,1.0,1.0,1.0,1.0,0.0
hotpotqa_5ae1fa2b5542997f29b3c1df,hotpotqa,hotpotqa_oncu_200,iterative,5,220,40,multi_hop,16000,middle,low,unknown,p0001;p0002,p0001;p0002,44;4;62;60;36,2.0,2.0,1.0,1.0,1.0,1.0,1.0,0.0
hotpotqa_5ae1fa2b5542997f29b3c1df,hotpotqa,hotpotqa_oncu_200,iterative,8,220,40,multi_hop,16000,middle,low,unknown,p0001;p0002,p0001;p0002;p0007;p0008,44;4;62;60;36;29;2;63,4.0,2.0,1.0,1.0,0.5,1.0,0.6666666666666666,0.5
hotpotqa_5ae1fa2b5542997f29b3c1df,hotpotqa,hotpotqa_oncu_200,iterative,16,220,40,multi_hop,16000,middle,low,unknown,p0001;p0002,p0001;p0002;p0007;p0008;p0010;p0011;p0012,44;4;62;60;36;29;2;63;31;34;76;5;32;24;21;18,7.0,2.0,1.0,1.0,0.2857142857142857,1.0,0.4444444444444445,0.7142857142857143
hotpotqa_5ae1fa2b5542997f29b3c1df,hotpotqa,hotpotqa_oncu_200,oracle,3,220,40,multi_hop,16000,middle,low,unknown,p0001;p0002,p0001;p0002,0;1,2.0,2.0,1.0,1.0,1.0,1.0,1.0,0.0
hotpotqa_5ae1fa2b5542997f29b3c1df,hotpotqa,hotpotqa_oncu_200,oracle,5,220,40,multi_hop,16000,middle,low,unknown,p0001;p0002,p0001;p0002,0;1,2.0,2.0,1.0,1.0,1.0,1.0,1.0,0.0
hotpotqa_5ae1fa2b5542997f29b3c1df,hotpotqa,hotpotqa_oncu_200,oracle,8,220,40,multi_hop,16000,middle,low,unknown,p0001;p0002,p0001;p0002,0;1,2.0,2.0,1.0,1.0,1.0,1.0,1.0,0.0
hotpotqa_5ae1fa2b5542997f29b3c1df,hotpotqa,hotpotqa_oncu_200,oracle,16,220,40,multi_hop,16000,middle,low,unknown,p0001;p0002,p0001;p0002,0;1,2.0,2.0,1.0,1.0,1.0,1.0,1.0,0.0
hotpotqa_5ae650fb55429929b0807b2e,hotpotqa,hotpotqa_oncu_200,lexical,3,220,40,multi_hop,4000,end,medium,unknown,p0001;p0002;p0003,,17;21;16,0.0,3.0,0.0,0.0,0.0,0.0,0.0,0.0
hotpotqa_5ae650fb55429929b0807b2e,hotpotqa,hotpotqa_oncu_200,lexical,5,220,40,multi_hop,4000,end,medium,unknown,p0001;p0002;p0003,p0012;p0013,17;21;16;13;9,2.0,3.0,0.0,0.0,0.0,0.0,0.0,1.0
hotpotqa_5ae650fb55429929b0807b2e,hotpotqa,hotpotqa_oncu_200,lexical,8,220,40,multi_hop,4000,end,medium,unknown,p0001;p0002;p0003,p0012;p0013,17;21;16;13;9;4;12;3,2.0,3.0,0.0,0.0,0.0,0.0,0.0,1.0
hotpotqa_5ae650fb55429929b0807b2e,hotpotqa,hotpotqa_oncu_200,lexical,16,220,40,multi_hop,4000,end,medium,unknown,p0001;p0002;p0003,p0012;p0013;p0001;p0002;p0003;p0004;p0005;p0006;p0007,17;21;16;13;9;4;12;3;19;0;5;18;6;14;10;11,9.0,3.0,1.0,1.0,0.3333333333333333,1.0,0.5,0.6666666666666666
hotpotqa_5ae650fb55429929b0807b2e,hotpotqa,hotpotqa_oncu_200,dense,3,220,40,multi_hop,4000,end,medium,unknown,p0001;p0002;p0003,p0001;p0002;p0003,19;14;15,3.0,3.0,1.0,1.0,1.0,1.0,1.0,0.0
hotpotqa_5ae650fb55429929b0807b2e,hotpotqa,hotpotqa_oncu_200,dense,5,220,40,multi_hop,4000,end,medium,unknown,p0001;p0002;p0003,p0001;p0002;p0003;p0007;p0008,19;14;15;7;20,5.0,3.0,1.0,1.0,0.6,1.0,0.7499999999999999,0.4
hotpotqa_5ae650fb55429929b0807b2e,hotpotqa,hotpotqa_oncu_200,dense,8,220,40,multi_hop,4000,end,medium,unknown,p0001;p0002;p0003,p0001;p0002;p0003;p0007;p0008;p0004;p0005,19;14;15;7;20;1;5;18,7.0,3.0,1.0,1.0,0.42857142857142855,1.0,0.6,0.5714285714285714
hotpotqa_5ae650fb55429929b0807b2e,hotpotqa,hotpotqa_oncu_200,dense,16,220,40,multi_hop,4000,end,medium,unknown,p0001;p0002;p0003,p0001;p0002;p0003;p0007;p0008;p0004;p0005;p0010;p0012;p0013,19;14;15;7;20;1;5;18;10;2;11;8;0;16;17;9,10.0,3.0,1.0,1.0,0.3,1.0,0.4615384615384615,0.7
hotpotqa_5ae650fb55429929b0807b2e,hotpotqa,hotpotqa_oncu_200,hybrid,3,220,40,multi_hop,4000,end,medium,unknown,p0001;p0002;p0003,p0001;p0002;p0003,19;17;14,3.0,3.0,1.0,1.0,1.0,1.0,1.0,0.0
hotpotqa_5ae650fb55429929b0807b2e,hotpotqa,hotpotqa_oncu_200,hybrid,5,220,40,multi_hop,4000,end,medium,unknown,p0001;p0002;p0003,p0001;p0002;p0003;p0004;p0005,19;17;14;16;5,5.0,3.0,1.0,1.0,0.6,1.0,0.7499999999999999,0.4
hotpotqa_5ae650fb55429929b0807b2e,hotpotqa,hotpotqa_oncu_200,hybrid,8,220,40,multi_hop,4000,end,medium,unknown,p0001;p0002;p0003,p0001;p0002;p0003;p0004;p0005;p0012;p0013,19;17;14;16;5;21;18;9,7.0,3.0,1.0,1.0,0.42857142857142855,1.0,0.6,0.5714285714285714
hotpotqa_5ae650fb55429929b0807b2e,hotpotqa,hotpotqa_oncu_200,hybrid,16,220,40,multi_hop,4000,end,medium,unknown,p0001;p0002;p0003,p0001;p0002;p0003;p0004;p0005;p0012;p0013;p0007;p0008,19;17;14;16;5;21;18;9;7;15;20;0;1;10;13;4,9.0,3.0,1.0,1.0,0.3333333333333333,1.0,0.5,0.6666666666666666
hotpotqa_5ae650fb55429929b0807b2e,hotpotqa,hotpotqa_oncu_200,iterative,3,220,40,multi_hop,4000,end,medium,unknown,p0001;p0002;p0003,p0012;p0013,17;9;21,2.0,3.0,0.0,0.0,0.0,0.0,0.0,1.0
hotpotqa_5ae650fb55429929b0807b2e,hotpotqa,hotpotqa_oncu_200,iterative,5,220,40,multi_hop,4000,end,medium,unknown,p0001;p0002;p0003,p0012;p0013,17;9;21;12;16,2.0,3.0,0.0,0.0,0.0,0.0,0.0,1.0
hotpotqa_5ae650fb55429929b0807b2e,hotpotqa,hotpotqa_oncu_200,iterative,8,220,40,multi_hop,4000,end,medium,unknown,p0001;p0002;p0003,p0012;p0013,17;9;21;12;16;3;13;4,2.0,3.0,0.0,0.0,0.0,0.0,0.0,1.0
hotpotqa_5ae650fb55429929b0807b2e,hotpotqa,hotpotqa_oncu_200,iterative,16,220,40,multi_hop,4000,end,medium,unknown,p0001;p0002;p0003,p0012;p0013;p0004;p0005;p0001;p0002;p0003;p0006;p0007,17;9;21;12;16;3;13;4;0;5;10;19;18;6;11;14,9.0,3.0,1.0,1.0,0.3333333333333333,1.0,0.5,0.6666666666666666
hotpotqa_5ae650fb55429929b0807b2e,hotpotqa,hotpotqa_oncu_200,oracle,3,220,40,multi_hop,4000,end,medium,unknown,p0001;p0002;p0003,p0001;p0002;p0003,0;1;2,3.0,3.0,1.0,1.0,1.0,1.0,1.0,0.0
hotpotqa_5ae650fb55429929b0807b2e,hotpotqa,hotpotqa_oncu_200,oracle,5,220,40,multi_hop,4000,end,medium,unknown,p0001;p0002;p0003,p0001;p0002;p0003,0;1;2,3.0,3.0,1.0,1.0,1.0,1.0,1.0,0.0
hotpotqa_5ae650fb55429929b0807b2e,hotpotqa,hotpotqa_oncu_200,oracle,8,220,40,multi_hop,4000,end,medium,unknown,p0001;p0002;p0003,p0001;p0002;p0003,0;1;2,3.0,3.0,1.0,1.0,1.0,1.0,1.0,0.0
hotpotqa_5ae650fb55429929b0807b2e,hotpotqa,hotpotqa_oncu_200,oracle,16,220,40,multi_hop,4000,end,medium,unknown,p0001;p0002;p0003,p0001;p0002;p0003,0;1;2,3.0,3.0,1.0,1.0,1.0,1.0,1.0,0.0
hotpotqa_5ae0d7315542990adbacf678,hotpotqa,hotpotqa_oncu_200,lexical,3,220,40,multi_hop,8000,scattered,low,unknown,p0001;p0002,p0001,3;4;22,1.0,2.0,1.0,0.0,1.0,0.5,0.6666666666666666,0.0
hotpotqa_5ae0d7315542990adbacf678,hotpotqa,hotpotqa_oncu_200,lexical,5,220,40,multi_hop,8000,scattered,low,unknown,p0001;p0002,p0001,3;4;22;0;28,1.0,2.0,1.0,0.0,1.0,0.5,0.6666666666666666,0.0
hotpotqa_5ae0d7315542990adbacf678,hotpotqa,hotpotqa_oncu_200,lexical,8,220,40,multi_hop,8000,scattered,low,unknown,p0001;p0002,p0001,3;4;22;0;28;39;5;34,1.0,2.0,1.0,0.0,1.0,0.5,0.6666666666666666,0.0
hotpotqa_5ae0d7315542990adbacf678,hotpotqa,hotpotqa_oncu_200,lexical,16,220,40,multi_hop,8000,scattered,low,unknown,p0001;p0002,p0001;p0003;p0012;p0004;p0005,3;4;22;0;28;39;5;34;11;12;29;18;20;26;23;13,5.0,2.0,1.0,0.0,0.2,0.5,0.28571428571428575,0.8
hotpotqa_5ae0d7315542990adbacf678,hotpotqa,hotpotqa_oncu_200,dense,3,220,40,multi_hop,8000,scattered,low,unknown,p0001;p0002,p0001,3;4;26,1.0,2.0,1.0,0.0,1.0,0.5,0.6666666666666666,0.0
hotpotqa_5ae0d7315542990adbacf678,hotpotqa,hotpotqa_oncu_200,dense,5,220,40,multi_hop,8000,scattered,low,unknown,p0001;p0002,p0001;p0009,3;4;26;16;43,2.0,2.0,1.0,0.0,0.5,0.5,0.5,0.5
hotpotqa_5ae0d7315542990adbacf678,hotpotqa,hotpotqa_oncu_200,dense,8,220,40,multi_hop,8000,scattered,low,unknown,p0001;p0002,p0001;p0009,3;4;26;16;43;29;23;6,2.0,2.0,1.0,0.0,0.5,0.5,0.5,0.5
hotpotqa_5ae0d7315542990adbacf678,hotpotqa,hotpotqa_oncu_200,dense,16,220,40,multi_hop,8000,scattered,low,unknown,p0001;p0002,p0001;p0009;p0003;p0004;p0005,3;4;26;16;43;29;23;6;40;0;13;22;9;5;12;37,5.0,2.0,1.0,0.0,0.2,0.5,0.28571428571428575,0.8
hotpotqa_5ae0d7315542990adbacf678,hotpotqa,hotpotqa_oncu_200,hybrid,3,220,40,multi_hop,8000,scattered,low,unknown,p0001;p0002,p0001,3;4;0,1.0,2.0,1.0,0.0,1.0,0.5,0.6666666666666666,0.0
hotpotqa_5ae0d7315542990adbacf678,hotpotqa,hotpotqa_oncu_200,hybrid,5,220,40,multi_hop,8000,scattered,low,unknown,p0001;p0002,p0001,3;4;0;22;26,1.0,2.0,1.0,0.0,1.0,0.5,0.6666666666666666,0.0
hotpotqa_5ae0d7315542990adbacf678,hotpotqa,hotpotqa_oncu_200,hybrid,8,220,40,multi_hop,8000,scattered,low,unknown,p0001;p0002,p0001,3;4;0;22;26;29;5;23,1.0,2.0,1.0,0.0,1.0,0.5,0.6666666666666666,0.0
hotpotqa_5ae0d7315542990adbacf678,hotpotqa,hotpotqa_oncu_200,hybrid,16,220,40,multi_hop,8000,scattered,low,unknown,p0001;p0002,p0001;p0009;p0003;p0004;p0005,3;4;0;22;26;29;5;23;16;43;6;12;13;39;40;20,5.0,2.0,1.0,0.0,0.2,0.5,0.28571428571428575,0.8
hotpotqa_5ae0d7315542990adbacf678,hotpotqa,hotpotqa_oncu_200,iterative,3,220,40,multi_hop,8000,scattered,low,unknown,p0001;p0002,p0001,3;26;20,1.0,2.0,1.0,0.0,1.0,0.5,0.6666666666666666,0.0
hotpotqa_5ae0d7315542990adbacf678,hotpotqa,hotpotqa_oncu_200,iterative,5,220,40,multi_hop,8000,scattered,low,unknown,p0001;p0002,p0001,3;26;20;43;4,1.0,2.0,1.0,0.0,1.0,0.5,0.6666666666666666,0.0
hotpotqa_5ae0d7315542990adbacf678,hotpotqa,hotpotqa_oncu_200,iterative,8,220,40,multi_hop,8000,scattered,low,unknown,p0001;p0002,p0001;p0009,3;26;20;43;4;16;37;22,2.0,2.0,1.0,0.0,0.5,0.5,0.5,0.5
hotpotqa_5ae0d7315542990adbacf678,hotpotqa,hotpotqa_oncu_200,iterative,16,220,40,multi_hop,8000,scattered,low,unknown,p0001;p0002,p0001;p0009;p0003,3;26;20;43;4;16;37;22;28;5;39;2;0;34;12;31,3.0,2.0,1.0,0.0,0.3333333333333333,0.5,0.4,0.6666666666666666
hotpotqa_5ae0d7315542990adbacf678,hotpotqa,hotpotqa_oncu_200,oracle,3,220,40,multi_hop,8000,scattered,low,unknown,p0001;p0002,p0001;p0002,0;1,2.0,2.0,1.0,1.0,1.0,1.0,1.0,0.0
hotpotqa_5ae0d7315542990adbacf678,hotpotqa,hotpotqa_oncu_200,oracle,5,220,40,multi_hop,8000,scattered,low,unknown,p0001;p0002,p0001;p0002,0;1,2.0,2.0,1.0,1.0,1.0,1.0,1.0,0.0
hotpotqa_5ae0d7315542990adbacf678,hotpotqa,hotpotqa_oncu_200,oracle,8,220,40,multi_hop,8000,scattered,low,unknown,p0001;p0002,p0001;p0002,0;1,2.0,2.0,1.0,1.0,1.0,1.0,1.0,0.0
hotpotqa_5ae0d7315542990adbacf678,hotpotqa,hotpotqa_oncu_200,oracle,16,220,40,multi_hop,8000,scattered,low,unknown,p0001;p0002,p0001;p0002,0;1,2.0,2.0,1.0,1.0,1.0,1.0,1.0,0.0
hotpotqa_5abdd08d5542991f6610604c,hotpotqa,hotpotqa_oncu_200,lexical,3,220,40,multi_hop,16000,front,low,unknown,p0001;p0002,,52;14;18,0.0,2.0,0.0,0.0,0.0,0.0,0.0,0.0
hotpotqa_5abdd08d5542991f6610604c,hotpotqa,hotpotqa_oncu_200,lexical,5,220,40,multi_hop,16000,front,low,unknown,p0001;p0002,,52;14;18;73;35,0.0,2.0,0.0,0.0,0.0,0.0,0.0,0.0
hotpotqa_5abdd08d5542991f6610604c,hotpotqa,hotpotqa_oncu_200,lexical,8,220,40,multi_hop,16000,front,low,unknown,p0001;p0002,,52;14;18;73;35;1;39;60,0.0,2.0,0.0,0.0,0.0,0.0,0.0,0.0
hotpotqa_5abdd08d5542991f6610604c,hotpotqa,hotpotqa_oncu_200,lexical,16,220,40,multi_hop,16000,front,low,unknown,p0001;p0002,,52;14;18;73;35;1;39;60;56;77;22;43;5;85;64;10,0.0,2.0,0.0,0.0,0.0,0.0,0.0,0.0
hotpotqa_5abdd08d5542991f6610604c,hotpotqa,hotpotqa_oncu_200,dense,3,220,40,multi_hop,16000,front,low,unknown,p0001;p0002,,73;11;52,0.0,2.0,0.0,0.0,0.0,0.0,0.0,0.0
hotpotqa_5abdd08d5542991f6610604c,hotpotqa,hotpotqa_oncu_200,dense,5,220,40,multi_hop,16000,front,low,unknown,p0001;p0002,,73;11;52;69;6,0.0,2.0,0.0,0.0,0.0,0.0,0.0,0.0
hotpotqa_5abdd08d5542991f6610604c,hotpotqa,hotpotqa_oncu_200,dense,8,220,40,multi_hop,16000,front,low,unknown,p0001;p0002,p0001;p0002,73;11;52;69;6;10;53;4,2.0,2.0,1.0,1.0,1.0,1.0,1.0,0.0
hotpotqa_5abdd08d5542991f6610604c,hotpotqa,hotpotqa_oncu_200,dense,16,220,40,multi_hop,16000,front,low,unknown,p0001;p0002,p0001;p0002,73;11;52;69;6;10;53;4;15;86;48;27;70;14;74;49,2.0,2.0,1.0,1.0,1.0,1.0,1.0,0.0
hotpotqa_5abdd08d5542991f6610604c,hotpotqa,hotpotqa_oncu_200,hybrid,3,220,40,multi_hop,16000,front,low,unknown,p0001;p0002,,52;73;14,0.0,2.0,0.0,0.0,0.0,0.0,0.0,0.0
hotpotqa_5abdd08d5542991f6610604c,hotpotqa,hotpotqa_oncu_200,hybrid,5,220,40,multi_hop,16000,front,low,unknown,p0001;p0002,,52;73;14;18;10,0.0,2.0,0.0,0.0,0.0,0.0,0.0,0.0
hotpotqa_5abdd08d5542991f6610604c,hotpotqa,hotpotqa_oncu_200,hybrid,8,220,40,multi_hop,16000,front,low,unknown,p0001;p0002,,52;73;14;18;10;69;6;35,0.0,2.0,0.0,0.0,0.0,0.0,0.0,0.0
hotpotqa_5abdd08d5542991f6610604c,hotpotqa,hotpotqa_oncu_200,hybrid,16,220,40,multi_hop,16000,front,low,unknown,p0001;p0002,,52;73;14;18;10;69;6;35;48;39;86;60;1;27;22;11,0.0,2.0,0.0,0.0,0.0,0.0,0.0,0.0
hotpotqa_5abdd08d5542991f6610604c,hotpotqa,hotpotqa_oncu_200,iterative,3,220,40,multi_hop,16000,front,low,unknown,p0001;p0002,,18;39;60,0.0,2.0,0.0,0.0,0.0,0.0,0.0,0.0
hotpotqa_5abdd08d5542991f6610604c,hotpotqa,hotpotqa_oncu_200,iterative,5,220,40,multi_hop,16000,front,low,unknown,p0001;p0002,,18;39;60;35;56,0.0,2.0,0.0,0.0,0.0,0.0,0.0,0.0
hotpotqa_5abdd08d5542991f6610604c,hotpotqa,hotpotqa_oncu_200,iterative,8,220,40,multi_hop,16000,front,low,unknown,p0001;p0002,,18;39;60;35;56;14;1;52,0.0,2.0,0.0,0.0,0.0,0.0,0.0,0.0
hotpotqa_5abdd08d5542991f6610604c,hotpotqa,hotpotqa_oncu_200,iterative,16,220,40,multi_hop,16000,front,low,unknown,p0001;p0002,,18;39;60;35;56;14;1;52;22;81;73;77;5;43;85;64,0.0,2.0,0.0,0.0,0.0,0.0,0.0,0.0
hotpotqa_5abdd08d5542991f6610604c,hotpotqa,hotpotqa_oncu_200,oracle,3,220,40,multi_hop,16000,front,low,unknown,p0001;p0002,p0001;p0002,0;1,2.0,2.0,1.0,1.0,1.0,1.0,1.0,0.0
hotpotqa_5abdd08d5542991f6610604c,hotpotqa,hotpotqa_oncu_200,oracle,5,220,40,multi_hop,16000,front,low,unknown,p0001;p0002,p0001;p0002,0;1,2.0,2.0,1.0,1.0,1.0,1.0,1.0,0.0
hotpotqa_5abdd08d5542991f6610604c,hotpotqa,hotpotqa_oncu_200,oracle,8,220,40,multi_hop,16000,front,low,unknown,p0001;p0002,p0001;p0002,0;1,2.0,2.0,1.0,1.0,1.0,1.0,1.0,0.0
hotpotqa_5abdd08d5542991f6610604c,hotpotqa,hotpotqa_oncu_200,oracle,16,220,40,multi_hop,16000,front,low,unknown,p0001;p0002,p0001;p0002,0;1,2.0,2.0,1.0,1.0,1.0,1.0,1.0,0.0
hotpotqa_5ade190f55429975fa854e40,hotpotqa,hotpotqa_oncu_200,lexical,3,220,40,multi_hop,4000,middle,low,unknown,p0001;p0002,p0012;p0001;p0002,10;20;15,3.0,2.0,1.0,1.0,0.6666666666666666,1.0,0.8,0.3333333333333333
hotpotqa_5ade190f55429975fa854e40,hotpotqa,hotpotqa_oncu_200,lexical,5,220,40,multi_hop,4000,middle,low,unknown,p0001;p0002,p0012;p0001;p0002;p0004;p0006;p0007,10;20;15;0;6,6.0,2.0,1.0,1.0,0.3333333333333333,1.0,0.5,0.6666666666666666
hotpotqa_5ade190f55429975fa854e40,hotpotqa,hotpotqa_oncu_200,lexical,8,220,40,multi_hop,4000,middle,low,unknown,p0001;p0002,p0012;p0001;p0002;p0004;p0006;p0007,10;20;15;0;6;13;11;16,6.0,2.0,1.0,1.0,0.3333333333333333,1.0,0.5,0.6666666666666666
hotpotqa_5ade190f55429975fa854e40,hotpotqa,hotpotqa_oncu_200,lexical,16,220,40,multi_hop,4000,middle,low,unknown,p0001;p0002,p0012;p0001;p0002;p0004;p0006;p0007;p0009;p0011;p0003,10;20;15;0;6;13;11;16;1;3;9;18;5;21;17;2,9.0,2.0,1.0,1.0,0.2222222222222222,1.0,0.3636363636363636,0.7777777777777778
hotpotqa_5ade190f55429975fa854e40,hotpotqa,hotpotqa_oncu_200,dense,3,220,40,multi_hop,4000,middle,low,unknown,p0001;p0002,p0009;p0011,9;16;11,2.0,2.0,0.0,0.0,0.0,0.0,0.0,1.0
hotpotqa_5ade190f55429975fa854e40,hotpotqa,hotpotqa_oncu_200,dense,5,220,40,multi_hop,4000,middle,low,unknown,p0001;p0002,p0009;p0011;p0012;p0001;p0002,9;16;11;10;1,5.0,2.0,1.0,1.0,0.4,1.0,0.5714285714285715,0.6
hotpotqa_5ade190f55429975fa854e40,hotpotqa,hotpotqa_oncu_200,dense,8,220,40,multi_hop,4000,middle,low,unknown,p0001;p0002,p0009;p0011;p0012;p0001;p0002,9;16;11;10;1;3;13;18,5.0,2.0,1.0,1.0,0.4,1.0,0.5714285714285715,0.6
hotpotqa_5ade190f55429975fa854e40,hotpotqa,hotpotqa_oncu_200,dense,16,220,40,multi_hop,4000,middle,low,unknown,p0001;p0002,p0009;p0011;p0012;p0001;p0002;p0008;p0004;p0006;p0007,9;16;11;10;1;3;13;18;17;7;2;8;21;12;20;6,9.0,2.0,1.0,1.0,0.2222222222222222,1.0,0.3636363636363636,0.7777777777777778
hotpotqa_5ade190f55429975fa854e40,hotpotqa,hotpotqa_oncu_200,hybrid,3,220,40,multi_hop,4000,middle,low,unknown,p0001;p0002,p0012;p0001;p0002,10;16;11,3.0,2.0,1.0,1.0,0.6666666666666666,1.0,0.8,0.3333333333333333
hotpotqa_5ade190f55429975fa854e40,hotpotqa,hotpotqa_oncu_200,hybrid,5,220,40,multi_hop,4000,middle,low,unknown,p0001;p0002,p0012;p0001;p0002;p0009;p0011,10;16;11;9;13,5.0,2.0,1.0,1.0,0.4,1.0,0.5714285714285715,0.6
hotpotqa_5ade190f55429975fa854e40,hotpotqa,hotpotqa_oncu_200,hybrid,8,220,40,multi_hop,4000,middle,low,unknown,p0001;p0002,p0012;p0001;p0002;p0009;p0011,10;16;11;9;13;1;20;3,5.0,2.0,1.0,1.0,0.4,1.0,0.5714285714285715,0.6
hotpotqa_5ade190f55429975fa854e40,hotpotqa,hotpotqa_oncu_200,hybrid,16,220,40,multi_hop,4000,middle,low,unknown,p0001;p0002,p0012;p0001;p0002;p0009;p0011;p0004;p0006;p0007;p0008,10;16;11;9;13;1;20;3;18;6;15;0;17;7;2;21,9.0,2.0,1.0,1.0,0.2222222222222222,1.0,0.3636363636363636,0.7777777777777778
hotpotqa_5ade190f55429975fa854e40,hotpotqa,hotpotqa_oncu_200,iterative,3,220,40,multi_hop,4000,middle,low,unknown,p0001;p0002,p0012;p0001;p0002,10;15;20,3.0,2.0,1.0,1.0,0.6666666666666666,1.0,0.8,0.3333333333333333
hotpotqa_5ade190f55429975fa854e40,hotpotqa,hotpotqa_oncu_200,iterative,5,220,40,multi_hop,4000,middle,low,unknown,p0001;p0002,p0012;p0001;p0002;p0004;p0006;p0007,10;15;20;0;6,6.0,2.0,1.0,1.0,0.3333333333333333,1.0,0.5,0.6666666666666666
hotpotqa_5ade190f55429975fa854e40,hotpotqa,hotpotqa_oncu_200,iterative,8,220,40,multi_hop,4000,middle,low,unknown,p0001;p0002,p0012;p0001;p0002;p0004;p0006;p0007;p0003,10;15;20;0;6;5;13;19,7.0,2.0,1.0,1.0,0.2857142857142857,1.0,0.4444444444444445,0.7142857142857143
hotpotqa_5ade190f55429975fa854e40,hotpotqa,hotpotqa_oncu_200,iterative,16,220,40,multi_hop,4000,middle,low,unknown,p0001;p0002,p0012;p0001;p0002;p0004;p0006;p0007;p0003;p0009;p0011,10;15;20;0;6;5;13;19;9;11;3;4;14;16;18;1,9.0,2.0,1.0,1.0,0.2222222222222222,1.0,0.3636363636363636,0.7777777777777778
hotpotqa_5ade190f55429975fa854e40,hotpotqa,hotpotqa_oncu_200,oracle,3,220,40,multi_hop,4000,middle,low,unknown,p0001;p0002,p0001;p0002,0;1,2.0,2.0,1.0,1.0,1.0,1.0,1.0,0.0
hotpotqa_5ade190f55429975fa854e40,hotpotqa,hotpotqa_oncu_200,oracle,5,220,40,multi_hop,4000,middle,low,unknown,p0001;p0002,p0001;p0002,0;1,2.0,2.0,1.0,1.0,1.0,1.0,1.0,0.0
hotpotqa_5ade190f55429975fa854e40,hotpotqa,hotpotqa_oncu_200,oracle,8,220,40,multi_hop,4000,middle,low,unknown,p0001;p0002,p0001;p0002,0;1,2.0,2.0,1.0,1.0,1.0,1.0,1.0,0.0
hotpotqa_5ade190f55429975fa854e40,hotpotqa,hotpotqa_oncu_200,oracle,16,220,40,multi_hop,4000,middle,low,unknown,p0001;p0002,p0001;p0002,0;1,2.0,2.0,1.0,1.0,1.0,1.0,1.0,0.0
hotpotqa_5abd12bb55429933744ab703,hotpotqa,hotpotqa_oncu_200,lexical,3,220,40,multi_hop,8000,end,low,unknown,p0001;p0002,p0001;p0002,38;39;36,2.0,2.0,1.0,1.0,1.0,1.0,1.0,0.0
hotpotqa_5abd12bb55429933744ab703,hotpotqa,hotpotqa_oncu_200,lexical,5,220,40,multi_hop,8000,end,low,unknown,p0001;p0002,p0001;p0002,38;39;36;41;31,2.0,2.0,1.0,1.0,1.0,1.0,1.0,0.0
hotpotqa_5abd12bb55429933744ab703,hotpotqa,hotpotqa_oncu_200,lexical,8,220,40,multi_hop,8000,end,low,unknown,p0001;p0002,p0001;p0002,38;39;36;41;31;21;26;33,2.0,2.0,1.0,1.0,1.0,1.0,1.0,0.0
hotpotqa_5abd12bb55429933744ab703,hotpotqa,hotpotqa_oncu_200,lexical,16,220,40,multi_hop,8000,end,low,unknown,p0001;p0002,p0001;p0002,38;39;36;41;31;21;26;33;23;43;32;28;18;27;10;22,2.0,2.0,1.0,1.0,1.0,1.0,1.0,0.0
hotpotqa_5abd12bb55429933744ab703,hotpotqa,hotpotqa_oncu_200,dense,3,220,40,multi_hop,8000,end,low,unknown,p0001;p0002,p0005,13;41;0,1.0,2.0,0.0,0.0,0.0,0.0,0.0,1.0
hotpotqa_5abd12bb55429933744ab703,hotpotqa,hotpotqa_oncu_200,dense,5,220,40,multi_hop,8000,end,low,unknown,p0001;p0002,p0005,13;41;0;31;21,1.0,2.0,0.0,0.0,0.0,0.0,0.0,1.0
hotpotqa_5abd12bb55429933744ab703,hotpotqa,hotpotqa_oncu_200,dense,8,220,40,multi_hop,8000,end,low,unknown,p0001;p0002,p0005,13;41;0;31;21;36;5;26,1.0,2.0,0.0,0.0,0.0,0.0,0.0,1.0
hotpotqa_5abd12bb55429933744ab703,hotpotqa,hotpotqa_oncu_200,dense,16,220,40,multi_hop,8000,end,low,unknown,p0001;p0002,p0005,13;41;0;31;21;36;5;26;4;24;11;29;20;34;25;19,1.0,2.0,0.0,0.0,0.0,0.0,0.0,1.0
hotpotqa_5abd12bb55429933744ab703,hotpotqa,hotpotqa_oncu_200,hybrid,3,220,40,multi_hop,8000,end,low,unknown,p0001;p0002,,41;36;31,0.0,2.0,0.0,0.0,0.0,0.0,0.0,0.0
hotpotqa_5abd12bb55429933744ab703,hotpotqa,hotpotqa_oncu_200,hybrid,5,220,40,multi_hop,8000,end,low,unknown,p0001;p0002,,41;36;31;21;26,0.0,2.0,0.0,0.0,0.0,0.0,0.0,0.0
hotpotqa_5abd12bb55429933744ab703,hotpotqa,hotpotqa_oncu_200,hybrid,8,220,40,multi_hop,8000,end,low,unknown,p0001;p0002,p0005;p0001;p0002,41;36;31;21;26;13;0;38,3.0,2.0,1.0,1.0,0.6666666666666666,1.0,0.8,0.3333333333333333
hotpotqa_5abd12bb55429933744ab703,hotpotqa,hotpotqa_oncu_200,hybrid,16,220,40,multi_hop,8000,end,low,unknown,p0001;p0002,p0005;p0001;p0002,41;36;31;21;26;13;0;38;5;39;43;10;33;24;34;29,3.0,2.0,1.0,1.0,0.6666666666666666,1.0,0.8,0.3333333333333333
hotpotqa_5abd12bb55429933744ab703,hotpotqa,hotpotqa_oncu_200,iterative,3,220,40,multi_hop,8000,end,low,unknown,p0001;p0002,p0001;p0002,38;33;43,2.0,2.0,1.0,1.0,1.0,1.0,1.0,0.0
hotpotqa_5abd12bb55429933744ab703,hotpotqa,hotpotqa_oncu_200,iterative,5,220,40,multi_hop,8000,end,low,unknown,p0001;p0002,p0001;p0002,38;33;43;23;28,2.0,2.0,1.0,1.0,1.0,1.0,1.0,0.0
hotpotqa_5abd12bb55429933744ab703,hotpotqa,hotpotqa_oncu_200,iterative,8,220,40,multi_hop,8000,end,low,unknown,p0001;p0002,p0001;p0002,38;33;43;23;28;39;18;36,2.0,2.0,1.0,1.0,1.0,1.0,1.0,0.0
hotpotqa_5abd12bb55429933744ab703,hotpotqa,hotpotqa_oncu_200,iterative,16,220,40,multi_hop,8000,end,low,unknown,p0001;p0002,p0001;p0002;p0012,38;33;43;23;28;39;18;36;22;32;27;31;41;21;26;17,3.0,2.0,1.0,1.0,0.6666666666666666,1.0,0.8,0.3333333333333333
hotpotqa_5abd12bb55429933744ab703,hotpotqa,hotpotqa_oncu_200,oracle,3,220,40,multi_hop,8000,end,low,unknown,p0001;p0002,p0001;p0002,0;1,2.0,2.0,1.0,1.0,1.0,1.0,1.0,0.0
hotpotqa_5abd12bb55429933744ab703,hotpotqa,hotpotqa_oncu_200,oracle,5,220,40,multi_hop,8000,end,low,unknown,p0001;p0002,p0001;p0002,0;1,2.0,2.0,1.0,1.0,1.0,1.0,1.0,0.0
hotpotqa_5abd12bb55429933744ab703,hotpotqa,hotpotqa_oncu_200,oracle,8,220,40,multi_hop,8000,end,low,unknown,p0001;p0002,p0001;p0002,0;1,2.0,2.0,1.0,1.0,1.0,1.0,1.0,0.0
hotpotqa_5abd12bb55429933744ab703,hotpotqa,hotpotqa_oncu_200,oracle,16,220,40,multi_hop,8000,end,low,unknown,p0001;p0002,p0001;p0002,0;1,2.0,2.0,1.0,1.0,1.0,1.0,1.0,0.0
hotpotqa_5a8ba59a554299240d9c2058,hotpotqa,hotpotqa_oncu_200,lexical,3,220,40,multi_hop,16000,scattered,low,unknown,p0001;p0002,p0001,8;49;3,1.0,2.0,1.0,0.0,1.0,0.5,0.6666666666666666,0.0
hotpotqa_5a8ba59a554299240d9c2058,hotpotqa,hotpotqa_oncu_200,lexical,5,220,40,multi_hop,16000,scattered,low,unknown,p0001;p0002,p0001,8;49;3;59;36,1.0,2.0,1.0,0.0,1.0,0.5,0.6666666666666666,0.0
hotpotqa_5a8ba59a554299240d9c2058,hotpotqa,hotpotqa_oncu_200,lexical,8,220,40,multi_hop,16000,scattered,low,unknown,p0001;p0002,p0001,8;49;3;59;36;72;26;81,1.0,2.0,1.0,0.0,1.0,0.5,0.6666666666666666,0.0
hotpotqa_5a8ba59a554299240d9c2058,hotpotqa,hotpotqa_oncu_200,lexical,16,220,40,multi_hop,16000,scattered,low,unknown,p0001;p0002,p0001,8;49;3;59;36;72;26;81;86;17;63;40;82;50;54;13,1.0,2.0,1.0,0.0,1.0,0.5,0.6666666666666666,0.0
hotpotqa_5a8ba59a554299240d9c2058,hotpotqa,hotpotqa_oncu_200,dense,3,220,40,multi_hop,16000,scattered,low,unknown,p0001;p0002,p0001,8;40;63,1.0,2.0,1.0,0.0,1.0,0.5,0.6666666666666666,0.0
hotpotqa_5a8ba59a554299240d9c2058,hotpotqa,hotpotqa_oncu_200,dense,5,220,40,multi_hop,16000,scattered,low,unknown,p0001;p0002,p0001,8;40;63;86;54,1.0,2.0,1.0,0.0,1.0,0.5,0.6666666666666666,0.0
hotpotqa_5a8ba59a554299240d9c2058,hotpotqa,hotpotqa_oncu_200,dense,8,220,40,multi_hop,16000,scattered,low,unknown,p0001;p0002,p0001,8;40;63;86;54;17;72;45,1.0,2.0,1.0,0.0,1.0,0.5,0.6666666666666666,0.0
hotpotqa_5a8ba59a554299240d9c2058,hotpotqa,hotpotqa_oncu_200,dense,16,220,40,multi_hop,16000,scattered,low,unknown,p0001;p0002,p0001;p0002,8;40;63;86;54;17;72;45;77;26;3;22;44;81;49;68,2.0,2.0,1.0,1.0,1.0,1.0,1.0,0.0
hotpotqa_5a8ba59a554299240d9c2058,hotpotqa,hotpotqa_oncu_200,hybrid,3,220,40,multi_hop,16000,scattered,low,unknown,p0001;p0002,p0001,8;86;72,1.0,2.0,1.0,0.0,1.0,0.5,0.6666666666666666,0.0
hotpotqa_5a8ba59a554299240d9c2058,hotpotqa,hotpotqa_oncu_200,hybrid,5,220,40,multi_hop,16000,scattered,low,unknown,p0001;p0002,p0001,8;86;72;40;3,1.0,2.0,1.0,0.0,1.0,0.5,0.6666666666666666,0.0
hotpotqa_5a8ba59a554299240d9c2058,hotpotqa,hotpotqa_oncu_200,hybrid,8,220,40,multi_hop,16000,scattered,low,unknown,p0001;p0002,p0001,8;86;72;40;3;63;49;17,1.0,2.0,1.0,0.0,1.0,0.5,0.6666666666666666,0.0
hotpotqa_5a8ba59a554299240d9c2058,hotpotqa,hotpotqa_oncu_200,hybrid,16,220,40,multi_hop,16000,scattered,low,unknown,p0001;p0002,p0001;p0002,8;86;72;40;3;63;49;17;26;54;81;59;36;44;45;77,2.0,2.0,1.0,1.0,1.0,1.0,1.0,0.0
hotpotqa_5a8ba59a554299240d9c2058,hotpotqa,hotpotqa_oncu_200,iterative,3,220,40,multi_hop,16000,scattered,low,unknown,p0001;p0002,p0001,8;49;72,1.0,2.0,1.0,0.0,1.0,0.5,0.6666666666666666,0.0
hotpotqa_5a8ba59a554299240d9c2058,hotpotqa,hotpotqa_oncu_200,iterative,5,220,40,multi_hop,16000,scattered,low,unknown,p0001;p0002,p0001,8;49;72;3;81,1.0,2.0,1.0,0.0,1.0,0.5,0.6666666666666666,0.0
hotpotqa_5a8ba59a554299240d9c2058,hotpotqa,hotpotqa_oncu_200,iterative,8,220,40,multi_hop,16000,scattered,low,unknown,p0001;p0002,p0001,8;49;72;3;81;26;17;63,1.0,2.0,1.0,0.0,1.0,0.5,0.6666666666666666,0.0
hotpotqa_5a8ba59a554299240d9c2058,hotpotqa,hotpotqa_oncu_200,iterative,16,220,40,multi_hop,16000,scattered,low,unknown,p0001;p0002,p0001;p0002,8;49;72;3;81;26;17;63;86;40;59;36;54;44;35;58,2.0,2.0,1.0,1.0,1.0,1.0,1.0,0.0
hotpotqa_5a8ba59a554299240d9c2058,hotpotqa,hotpotqa_oncu_200,oracle,3,220,40,multi_hop,16000,scattered,low,unknown,p0001;p0002,p0001;p0002,0;1,2.0,2.0,1.0,1.0,1.0,1.0,1.0,0.0
hotpotqa_5a8ba59a554299240d9c2058,hotpotqa,hotpotqa_oncu_200,oracle,5,220,40,multi_hop,16000,scattered,low,unknown,p0001;p0002,p0001;p0002,0;1,2.0,2.0,1.0,1.0,1.0,1.0,1.0,0.0
hotpotqa_5a8ba59a554299240d9c2058,hotpotqa,hotpotqa_oncu_200,oracle,8,220,40,multi_hop,16000,scattered,low,unknown,p0001;p0002,p0001;p0002,0;1,2.0,2.0,1.0,1.0,1.0,1.0,1.0,0.0
hotpotqa_5a8ba59a554299240d9c2058,hotpotqa,hotpotqa_oncu_200,oracle,16,220,40,multi_hop,16000,scattered,low,unknown,p0001;p0002,p0001;p0002,0;1,2.0,2.0,1.0,1.0,1.0,1.0,1.0,0.0
hotpotqa_5a80541d5542996402f6a4d2,hotpotqa,hotpotqa_oncu_200,lexical,3,220,40,multi_hop,4000,front,medium,unknown,p0001;p0002;p0003;p0004;p0005,p0001;p0002;p0003;p0004;p0005,0;1;14,5.0,5.0,1.0,1.0,1.0,1.0,1.0,0.0
hotpotqa_5a80541d5542996402f6a4d2,hotpotqa,hotpotqa_oncu_200,lexical,5,220,40,multi_hop,4000,front,medium,unknown,p0001;p0002;p0003;p0004;p0005,p0001;p0002;p0003;p0004;p0005;p0007;p0008;p0009,0;1;14;18;7,8.0,5.0,1.0,1.0,0.625,1.0,0.7692307692307693,0.375
hotpotqa_5a80541d5542996402f6a4d2,hotpotqa,hotpotqa_oncu_200,lexical,8,220,40,multi_hop,4000,front,medium,unknown,p0001;p0002;p0003;p0004;p0005,p0001;p0002;p0003;p0004;p0005;p0007;p0008;p0009,0;1;14;18;7;4;2;16,8.0,5.0,1.0,1.0,0.625,1.0,0.7692307692307693,0.375
hotpotqa_5a80541d5542996402f6a4d2,hotpotqa,hotpotqa_oncu_200,lexical,16,220,40,multi_hop,4000,front,medium,unknown,p0001;p0002;p0003;p0004;p0005,p0001;p0002;p0003;p0004;p0005;p0007;p0008;p0009;p0006;p0011;p0012;p0014,0;1;14;18;7;4;2;16;12;20;6;21;5;3;9;13,12.0,5.0,1.0,1.0,0.4166666666666667,1.0,0.5882352941176471,0.5833333333333334
hotpotqa_5a80541d5542996402f6a4d2,hotpotqa,hotpotqa_oncu_200,dense,3,220,40,multi_hop,4000,front,medium,unknown,p0001;p0002;p0003;p0004;p0005,p0006;p0007,21;6;10,2.0,5.0,0.0,0.0,0.0,0.0,0.0,1.0
hotpotqa_5a80541d5542996402f6a4d2,hotpotqa,hotpotqa_oncu_200,dense,5,220,40,multi_hop,4000,front,medium,unknown,p0001;p0002;p0003;p0004;p0005,p0006;p0007;p0001;p0002;p0003;p0004;p0005,21;6;10;0;1,7.0,5.0,1.0,1.0,0.7142857142857143,1.0,0.8333333333333333,0.2857142857142857
hotpotqa_5a80541d5542996402f6a4d2,hotpotqa,hotpotqa_oncu_200,dense,8,220,40,multi_hop,4000,front,medium,unknown,p0001;p0002;p0003;p0004;p0005,p0006;p0007;p0001;p0002;p0003;p0004;p0005,21;6;10;0;1;13;17;14,7.0,5.0,1.0,1.0,0.7142857142857143,1.0,0.8333333333333333,0.2857142857142857
hotpotqa_5a80541d5542996402f6a4d2,hotpotqa,hotpotqa_oncu_200,dense,16,220,40,multi_hop,4000,front,medium,unknown,p0001;p0002;p0003;p0004;p0005,p0006;p0007;p0001;p0002;p0003;p0004;p0005;p0010;p0008;p0009,21;6;10;0;1;13;17;14;2;8;4;5;19;18;7;15,10.0,5.0,1.0,1.0,0.5,1.0,0.6666666666666666,0.5
hotpotqa_5a80541d5542996402f6a4d2,hotpotqa,hotpotqa_oncu_200,hybrid,3,220,40,multi_hop,4000,front,medium,unknown,p0001;p0002;p0003;p0004;p0005,p0001;p0002;p0003;p0004;p0005,0;1;14,5.0,5.0,1.0,1.0,1.0,1.0,1.0,0.0
hotpotqa_5a80541d5542996402f6a4d2,hotpotqa,hotpotqa_oncu_200,hybrid,5,220,40,multi_hop,4000,front,medium,unknown,p0001;p0002;p0003;p0004;p0005,p0001;p0002;p0003;p0004;p0005;p0006;p0007,0;1;14;21;6,7.0,5.0,1.0,1.0,0.7142857142857143,1.0,0.8333333333333333,0.2857142857142857
hotpotqa_5a80541d5542996402f6a4d2,hotpotqa,hotpotqa_oncu_200,hybrid,8,220,40,multi_hop,4000,front,medium,unknown,p0001;p0002;p0003;p0004;p0005,p0001;p0002;p0003;p0004;p0005;p0006;p0007,0;1;14;21;6;2;4;18,7.0,5.0,1.0,1.0,0.7142857142857143,1.0,0.8333333333333333,0.2857142857142857
hotpotqa_5a80541d5542996402f6a4d2,hotpotqa,hotpotqa_oncu_200,hybrid,16,220,40,multi_hop,4000,front,medium,unknown,p0001;p0002;p0003;p0004;p0005,p0001;p0002;p0003;p0004;p0005;p0006;p0007;p0008;p0009,0;1;14;21;6;2;4;18;7;10;13;17;5;16;20;12,9.0,5.0,1.0,1.0,0.5555555555555556,1.0,0.7142857142857143,0.4444444444444444
hotpotqa_5a80541d5542996402f6a4d2,hotpotqa,hotpotqa_oncu_200,iterative,3,220,40,multi_hop,4000,front,medium,unknown,p0001;p0002;p0003;p0004;p0005,p0001;p0002;p0003;p0004;p0005,0;1;18,5.0,5.0,1.0,1.0,1.0,1.0,1.0,0.0
hotpotqa_5a80541d5542996402f6a4d2,hotpotqa,hotpotqa_oncu_200,iterative,5,220,40,multi_hop,4000,front,medium,unknown,p0001;p0002;p0003;p0004;p0005,p0001;p0002;p0003;p0004;p0005;p0006;p0007,0;1;18;4;6,7.0,5.0,1.0,1.0,0.7142857142857143,1.0,0.8333333333333333,0.2857142857142857
hotpotqa_5a80541d5542996402f6a4d2,hotpotqa,hotpotqa_oncu_200,iterative,8,220,40,multi_hop,4000,front,medium,unknown,p0001;p0002;p0003;p0004;p0005,p0001;p0002;p0003;p0004;p0005;p0006;p0007;p0008;p0009,0;1;18;4;6;14;7;13,9.0,5.0,1.0,1.0,0.5555555555555556,1.0,0.7142857142857143,0.4444444444444444
hotpotqa_5a80541d5542996402f6a4d2,hotpotqa,hotpotqa_oncu_200,iterative,16,220,40,multi_hop,4000,front,medium,unknown,p0001;p0002;p0003;p0004;p0005,p0001;p0002;p0003;p0004;p0005;p0006;p0007;p0008;p0009,0;1;18;4;6;14;7;13;21;17;2;5;12;16;20;3,9.0,5.0,1.0,1.0,0.5555555555555556,1.0,0.7142857142857143,0.4444444444444444
hotpotqa_5a80541d5542996402f6a4d2,hotpotqa,hotpotqa_oncu_200,oracle,3,220,40,multi_hop,4000,front,medium,unknown,p0001;p0002;p0003;p0004;p0005,p0001;p0002;p0003,0;1;2,3.0,5.0,1.0,0.0,1.0,0.6,0.7499999999999999,0.0
hotpotqa_5a80541d5542996402f6a4d2,hotpotqa,hotpotqa_oncu_200,oracle,5,220,40,multi_hop,4000,front,medium,unknown,p0001;p0002;p0003;p0004;p0005,p0001;p0002;p0003;p0004;p0005,0;1;2;3;4,5.0,5.0,1.0,1.0,1.0,1.0,1.0,0.0
hotpotqa_5a80541d5542996402f6a4d2,hotpotqa,hotpotqa_oncu_200,oracle,8,220,40,multi_hop,4000,front,medium,unknown,p0001;p0002;p0003;p0004;p0005,p0001;p0002;p0003;p0004;p0005,0;1;2;3;4,5.0,5.0,1.0,1.0,1.0,1.0,1.0,0.0
hotpotqa_5a80541d5542996402f6a4d2,hotpotqa,hotpotqa_oncu_200,oracle,16,220,40,multi_hop,4000,front,medium,unknown,p0001;p0002;p0003;p0004;p0005,p0001;p0002;p0003;p0004;p0005,0;1;2;3;4,5.0,5.0,1.0,1.0,1.0,1.0,1.0,0.0
hotpotqa_5ac279345542990b17b153b0,hotpotqa,hotpotqa_oncu_200,lexical,3,220,40,multi_hop,8000,middle,low,unknown,p0001;p0002,p0009;p0010;p0012,2;16;40,3.0,2.0,0.0,0.0,0.0,0.0,0.0,1.0
hotpotqa_5ac279345542990b17b153b0,hotpotqa,hotpotqa_oncu_200,lexical,5,220,40,multi_hop,8000,middle,low,unknown,p0001;p0002,p0009;p0010;p0012,2;16;40;18;24,3.0,2.0,0.0,0.0,0.0,0.0,0.0,1.0
hotpotqa_5ac279345542990b17b153b0,hotpotqa,hotpotqa_oncu_200,lexical,8,220,40,multi_hop,8000,middle,low,unknown,p0001;p0002,p0009;p0010;p0012,2;16;40;18;24;37;5;43,3.0,2.0,0.0,0.0,0.0,0.0,0.0,1.0
hotpotqa_5ac279345542990b17b153b0,hotpotqa,hotpotqa_oncu_200,lexical,16,220,40,multi_hop,8000,middle,low,unknown,p0001;p0002,p0009;p0010;p0012;p0001;p0002,2;16;40;18;24;37;5;43;34;27;8;21;38;19;41;12,5.0,2.0,1.0,1.0,0.4,1.0,0.5714285714285715,0.6
hotpotqa_5ac279345542990b17b153b0,hotpotqa,hotpotqa_oncu_200,dense,3,220,40,multi_hop,8000,middle,low,unknown,p0001;p0002,p0001;p0002,26;0;21,2.0,2.0,1.0,1.0,1.0,1.0,1.0,0.0
hotpotqa_5ac279345542990b17b153b0,hotpotqa,hotpotqa_oncu_200,dense,5,220,40,multi_hop,8000,middle,low,unknown,p0001;p0002,p0001;p0002;p0003;p0004,26;0;21;42;13,4.0,2.0,1.0,1.0,0.5,1.0,0.6666666666666666,0.5
hotpotqa_5ac279345542990b17b153b0,hotpotqa,hotpotqa_oncu_200,dense,8,220,40,multi_hop,8000,middle,low,unknown,p0001;p0002,p0001;p0002;p0003;p0004,26;0;21;42;13;20;29;7,4.0,2.0,1.0,1.0,0.5,1.0,0.6666666666666666,0.5
hotpotqa_5ac279345542990b17b153b0,hotpotqa,hotpotqa_oncu_200,dense,16,220,40,multi_hop,8000,middle,low,unknown,p0001;p0002,p0001;p0002;p0003;p0004,26;0;21;42;13;20;29;7;23;3;32;4;10;9;1;12,4.0,2.0,1.0,1.0,0.5,1.0,0.6666666666666666,0.5
hotpotqa_5ac279345542990b17b153b0,hotpotqa,hotpotqa_oncu_200,hybrid,3,220,40,multi_hop,8000,middle,low,unknown,p0001;p0002,p0001;p0002,21;42;40,2.0,2.0,1.0,1.0,1.0,1.0,1.0,0.0
hotpotqa_5ac279345542990b17b153b0,hotpotqa,hotpotqa_oncu_200,hybrid,5,220,40,multi_hop,8000,middle,low,unknown,p0001;p0002,p0001;p0002,21;42;40;27;20,2.0,2.0,1.0,1.0,1.0,1.0,1.0,0.0
hotpotqa_5ac279345542990b17b153b0,hotpotqa,hotpotqa_oncu_200,hybrid,8,220,40,multi_hop,8000,middle,low,unknown,p0001;p0002,p0001;p0002,21;42;40;27;20;37;26;0,2.0,2.0,1.0,1.0,1.0,1.0,1.0,0.0
hotpotqa_5ac279345542990b17b153b0,hotpotqa,hotpotqa_oncu_200,hybrid,16,220,40,multi_hop,8000,middle,low,unknown,p0001;p0002,p0001;p0002;p0009;p0010;p0012,21;42;40;27;20;37;26;0;12;2;18;34;9;16;8;28,5.0,2.0,1.0,1.0,0.4,1.0,0.5714285714285715,0.6
hotpotqa_5ac279345542990b17b153b0,hotpotqa,hotpotqa_oncu_200,iterative,3,220,40,multi_hop,8000,middle,low,unknown,p0001;p0002,p0009;p0010;p0012,2;16;24,3.0,2.0,0.0,0.0,0.0,0.0,0.0,1.0
hotpotqa_5ac279345542990b17b153b0,hotpotqa,hotpotqa_oncu_200,iterative,5,220,40,multi_hop,8000,middle,low,unknown,p0001;p0002,p0009;p0010;p0012,2;16;24;5;27,3.0,2.0,0.0,0.0,0.0,0.0,0.0,1.0
hotpotqa_5ac279345542990b17b153b0,hotpotqa,hotpotqa_oncu_200,iterative,8,220,40,multi_hop,8000,middle,low,unknown,p0001;p0002,p0009;p0010;p0012,2;16;24;5;27;42;8;20,3.0,2.0,0.0,0.0,0.0,0.0,0.0,1.0
hotpotqa_5ac279345542990b17b153b0,hotpotqa,hotpotqa_oncu_200,iterative,16,220,40,multi_hop,8000,middle,low,unknown,p0001;p0002,p0009;p0010;p0012,2;16;24;5;27;42;8;20;30;39;43;33;17;40;18;11,3.0,2.0,0.0,0.0,0.0,0.0,0.0,1.0
hotpotqa_5ac279345542990b17b153b0,hotpotqa,hotpotqa_oncu_200,oracle,3,220,40,multi_hop,8000,middle,low,unknown,p0001;p0002,p0001;p0002,0;1,2.0,2.0,1.0,1.0,1.0,1.0,1.0,0.0
hotpotqa_5ac279345542990b17b153b0,hotpotqa,hotpotqa_oncu_200,oracle,5,220,40,multi_hop,8000,middle,low,unknown,p0001;p0002,p0001;p0002,0;1,2.0,2.0,1.0,1.0,1.0,1.0,1.0,0.0
hotpotqa_5ac279345542990b17b153b0,hotpotqa,hotpotqa_oncu_200,oracle,8,220,40,multi_hop,8000,middle,low,unknown,p0001;p0002,p0001;p0002,0;1,2.0,2.0,1.0,1.0,1.0,1.0,1.0,0.0
hotpotqa_5ac279345542990b17b153b0,hotpotqa,hotpotqa_oncu_200,oracle,16,220,40,multi_hop,8000,middle,low,unknown,p0001;p0002,p0001;p0002,0;1,2.0,2.0,1.0,1.0,1.0,1.0,1.0,0.0
hotpotqa_5ae5e1985542996de7b71a54,hotpotqa,hotpotqa_oncu_200,lexical,3,220,40,multi_hop,16000,end,low,unknown,p0001;p0002,p0001;p0002,78;62;23,2.0,2.0,1.0,1.0,1.0,1.0,1.0,0.0
hotpotqa_5ae5e1985542996de7b71a54,hotpotqa,hotpotqa_oncu_200,lexical,5,220,40,multi_hop,16000,end,low,unknown,p0001;p0002,p0001;p0002,78;62;23;47;12,2.0,2.0,1.0,1.0,1.0,1.0,1.0,0.0
hotpotqa_5ae5e1985542996de7b71a54,hotpotqa,hotpotqa_oncu_200,lexical,8,220,40,multi_hop,16000,end,low,unknown,p0001;p0002,p0001;p0002;p0011;p0012,78;62;23;47;12;43;31;8,4.0,2.0,1.0,1.0,0.5,1.0,0.6666666666666666,0.5
hotpotqa_5ae5e1985542996de7b71a54,hotpotqa,hotpotqa_oncu_200,lexical,16,220,40,multi_hop,16000,end,low,unknown,p0001;p0002,p0001;p0002;p0011;p0012,78;62;23;47;12;43;31;8;86;50;74;4;39;51;70;35,4.0,2.0,1.0,1.0,0.5,1.0,0.6666666666666666,0.5
hotpotqa_5ae5e1985542996de7b71a54,hotpotqa,hotpotqa_oncu_200,dense,3,220,40,multi_hop,16000,end,low,unknown,p0001;p0002,p0001;p0002;p0003,78;27;23,3.0,2.0,1.0,1.0,0.6666666666666666,1.0,0.8,0.3333333333333333
hotpotqa_5ae5e1985542996de7b71a54,hotpotqa,hotpotqa_oncu_200,dense,5,220,40,multi_hop,16000,end,low,unknown,p0001;p0002,p0001;p0002;p0003,78;27;23;58;62,3.0,2.0,1.0,1.0,0.6666666666666666,1.0,0.8,0.3333333333333333
hotpotqa_5ae5e1985542996de7b71a54,hotpotqa,hotpotqa_oncu_200,dense,8,220,40,multi_hop,16000,end,low,unknown,p0001;p0002,p0001;p0002;p0003,78;27;23;58;62;43;86;47,3.0,2.0,1.0,1.0,0.6666666666666666,1.0,0.8,0.3333333333333333
hotpotqa_5ae5e1985542996de7b71a54,hotpotqa,hotpotqa_oncu_200,dense,16,220,40,multi_hop,16000,end,low,unknown,p0001;p0002,p0001;p0002;p0003;p0004;p0005,78;27;23;58;62;43;86;47;51;8;39;28;74;4;16;55,5.0,2.0,1.0,1.0,0.4,1.0,0.5714285714285715,0.6
hotpotqa_5ae5e1985542996de7b71a54,hotpotqa,hotpotqa_oncu_200,hybrid,3,220,40,multi_hop,16000,end,low,unknown,p0001;p0002,p0001;p0002,78;23;62,2.0,2.0,1.0,1.0,1.0,1.0,1.0,0.0
hotpotqa_5ae5e1985542996de7b71a54,hotpotqa,hotpotqa_oncu_200,hybrid,5,220,40,multi_hop,16000,end,low,unknown,p0001;p0002,p0001;p0002,78;23;62;47;43,2.0,2.0,1.0,1.0,1.0,1.0,1.0,0.0
hotpotqa_5ae5e1985542996de7b71a54,hotpotqa,hotpotqa_oncu_200,hybrid,8,220,40,multi_hop,16000,end,low,unknown,p0001;p0002,p0001;p0002,78;23;62;47;43;86;8;12,2.0,2.0,1.0,1.0,1.0,1.0,1.0,0.0
hotpotqa_5ae5e1985542996de7b71a54,hotpotqa,hotpotqa_oncu_200,hybrid,16,220,40,multi_hop,16000,end,low,unknown,p0001;p0002,p0001;p0002;p0003,78;23;62;47;43;86;8;12;51;58;39;74;4;70;27;35,3.0,2.0,1.0,1.0,0.6666666666666666,1.0,0.8,0.3333333333333333
hotpotqa_5ae5e1985542996de7b71a54,hotpotqa,hotpotqa_oncu_200,iterative,3,220,40,multi_hop,16000,end,low,unknown,p0001;p0002,p0001;p0002,78;62;23,2.0,2.0,1.0,1.0,1.0,1.0,1.0,0.0
hotpotqa_5ae5e1985542996de7b71a54,hotpotqa,hotpotqa_oncu_200,iterative,5,220,40,multi_hop,16000,end,low,unknown,p0001;p0002,p0001;p0002,78;62;23;86;43,2.0,2.0,1.0,1.0,1.0,1.0,1.0,0.0
hotpotqa_5ae5e1985542996de7b71a54,hotpotqa,hotpotqa_oncu_200,iterative,8,220,40,multi_hop,16000,end,low,unknown,p0001;p0002,p0001;p0002,78;62;23;86;43;8;35;74,2.0,2.0,1.0,1.0,1.0,1.0,1.0,0.0
hotpotqa_5ae5e1985542996de7b71a54,hotpotqa,hotpotqa_oncu_200,iterative,16,220,40,multi_hop,16000,end,low,unknown,p0001;p0002,p0001;p0002;p0003;p0004;p0005,78;62;23;86;43;8;35;74;58;0;70;4;47;28;39;12,5.0,2.0,1.0,1.0,0.4,1.0,0.5714285714285715,0.6
hotpotqa_5ae5e1985542996de7b71a54,hotpotqa,hotpotqa_oncu_200,oracle,3,220,40,multi_hop,16000,end,low,unknown,p0001;p0002,p0001;p0002,0;1,2.0,2.0,1.0,1.0,1.0,1.0,1.0,0.0
hotpotqa_5ae5e1985542996de7b71a54,hotpotqa,hotpotqa_oncu_200,oracle,5,220,40,multi_hop,16000,end,low,unknown,p0001;p0002,p0001;p0002,0;1,2.0,2.0,1.0,1.0,1.0,1.0,1.0,0.0
hotpotqa_5ae5e1985542996de7b71a54,hotpotqa,hotpotqa_oncu_200,oracle,8,220,40,multi_hop,16000,end,low,unknown,p0001;p0002,p0001;p0002,0;1,2.0,2.0,1.0,1.0,1.0,1.0,1.0,0.0
hotpotqa_5ae5e1985542996de7b71a54,hotpotqa,hotpotqa_oncu_200,oracle,16,220,40,multi_hop,16000,end,low,unknown,p0001;p0002,p0001;p0002,0;1,2.0,2.0,1.0,1.0,1.0,1.0,1.0,0.0
hotpotqa_5a87411d5542994846c1cd37,hotpotqa,hotpotqa_oncu_200,lexical,3,220,40,multi_hop,4000,scattered,low,unknown,p0001;p0002,p0003,5;13;0,1.0,2.0,0.0,0.0,0.0,0.0,0.0,1.0
hotpotqa_5a87411d5542994846c1cd37,hotpotqa,hotpotqa_oncu_200,lexical,5,220,40,multi_hop,4000,scattered,low,unknown,p0001;p0002,p0003;p0001,5;13;0;17;1,2.0,2.0,1.0,0.0,0.5,0.5,0.5,0.5
hotpotqa_5a87411d5542994846c1cd37,hotpotqa,hotpotqa_oncu_200,lexical,8,220,40,multi_hop,4000,scattered,low,unknown,p0001;p0002,p0003;p0001;p0008;p0009;p0004;p0006,5;13;0;17;1;7;6;21,6.0,2.0,1.0,0.0,0.16666666666666666,0.5,0.25,0.8333333333333334
hotpotqa_5a87411d5542994846c1cd37,hotpotqa,hotpotqa_oncu_200,lexical,16,220,40,multi_hop,4000,scattered,low,unknown,p0001;p0002,p0003;p0001;p0008;p0009;p0004;p0006;p0002,5;13;0;17;1;7;6;21;18;14;12;4;16;10;3;20,7.0,2.0,1.0,1.0,0.2857142857142857,1.0,0.4444444444444445,0.7142857142857143
hotpotqa_5a87411d5542994846c1cd37,hotpotqa,hotpotqa_oncu_200,dense,3,220,40,multi_hop,4000,scattered,low,unknown,p0001;p0002,p0003,5;13;12,1.0,2.0,0.0,0.0,0.0,0.0,0.0,1.0
hotpotqa_5a87411d5542994846c1cd37,hotpotqa,hotpotqa_oncu_200,dense,5,220,40,multi_hop,4000,scattered,low,unknown,p0001;p0002,p0003,5;13;12;16;0,1.0,2.0,0.0,0.0,0.0,0.0,0.0,1.0
hotpotqa_5a87411d5542994846c1cd37,hotpotqa,hotpotqa_oncu_200,dense,8,220,40,multi_hop,4000,scattered,low,unknown,p0001;p0002,p0003;p0001,5;13;12;16;0;17;20;1,2.0,2.0,1.0,0.0,0.5,0.5,0.5,0.5
hotpotqa_5a87411d5542994846c1cd37,hotpotqa,hotpotqa_oncu_200,dense,16,220,40,multi_hop,4000,scattered,low,unknown,p0001;p0002,p0003;p0001;p0004;p0006;p0008;p0011;p0012;p0009;p0002,5;13;12;16;0;17;20;1;6;21;4;9;7;10;18;14,9.0,2.0,1.0,1.0,0.2222222222222222,1.0,0.3636363636363636,0.7777777777777778
hotpotqa_5a87411d5542994846c1cd37,hotpotqa,hotpotqa_oncu_200,hybrid,3,220,40,multi_hop,4000,scattered,low,unknown,p0001;p0002,p0003,5;13;0,1.0,2.0,0.0,0.0,0.0,0.0,0.0,1.0
hotpotqa_5a87411d5542994846c1cd37,hotpotqa,hotpotqa_oncu_200,hybrid,5,220,40,multi_hop,4000,scattered,low,unknown,p0001;p0002,p0003;p0001,5;13;0;17;1,2.0,2.0,1.0,0.0,0.5,0.5,0.5,0.5
hotpotqa_5a87411d5542994846c1cd37,hotpotqa,hotpotqa_oncu_200,hybrid,8,220,40,multi_hop,4000,scattered,low,unknown,p0001;p0002,p0003;p0001;p0004;p0006;p0008,5;13;0;17;1;12;6;16,5.0,2.0,1.0,0.0,0.2,0.5,0.28571428571428575,0.8
hotpotqa_5a87411d5542994846c1cd37,hotpotqa,hotpotqa_oncu_200,hybrid,16,220,40,multi_hop,4000,scattered,low,unknown,p0001;p0002,p0003;p0001;p0004;p0006;p0008;p0009;p0002;p0011;p0012,5;13;0;17;1;12;6;16;21;7;20;4;18;14;10;9,9.0,2.0,1.0,1.0,0.2222222222222222,1.0,0.3636363636363636,0.7777777777777778
hotpotqa_5a87411d5542994846c1cd37,hotpotqa,hotpotqa_oncu_200,iterative,3,220,40,multi_hop,4000,scattered,low,unknown,p0001;p0002,p0003,13;0;5,1.0,2.0,0.0,0.0,0.0,0.0,0.0,1.0
hotpotqa_5a87411d5542994846c1cd37,hotpotqa,hotpotqa_oncu_200,iterative,5,220,40,multi_hop,4000,scattered,low,unknown,p0001;p0002,p0003;p0004;p0006;p0008,13;0;5;17;6,4.0,2.0,0.0,0.0,0.0,0.0,0.0,1.0
hotpotqa_5a87411d5542994846c1cd37,hotpotqa,hotpotqa_oncu_200,iterative,8,220,40,multi_hop,4000,scattered,low,unknown,p0001;p0002,p0003;p0004;p0006;p0008;p0001;p0009,13;0;5;17;6;1;7;21,6.0,2.0,1.0,0.0,0.16666666666666666,0.5,0.25,0.8333333333333334
hotpotqa_5a87411d5542994846c1cd37,hotpotqa,hotpotqa_oncu_200,iterative,16,220,40,multi_hop,4000,scattered,low,unknown,p0001;p0002,p0003;p0004;p0006;p0008;p0001;p0009;p0002,13;0;5;17;6;1;7;21;4;18;12;16;14;10;3;19,7.0,2.0,1.0,1.0,0.2857142857142857,1.0,0.4444444444444445,0.7142857142857143
hotpotqa_5a87411d5542994846c1cd37,hotpotqa,hotpotqa_oncu_200,oracle,3,220,40,multi_hop,4000,scattered,low,unknown,p0001;p0002,p0001;p0002,0;1,2.0,2.0,1.0,1.0,1.0,1.0,1.0,0.0
hotpotqa_5a87411d5542994846c1cd37,hotpotqa,hotpotqa_oncu_200,oracle,5,220,40,multi_hop,4000,scattered,low,unknown,p0001;p0002,p0001;p0002,0;1,2.0,2.0,1.0,1.0,1.0,1.0,1.0,0.0
hotpotqa_5a87411d5542994846c1cd37,hotpotqa,hotpotqa_oncu_200,oracle,8,220,40,multi_hop,4000,scattered,low,unknown,p0001;p0002,p0001;p0002,0;1,2.0,2.0,1.0,1.0,1.0,1.0,1.0,0.0
hotpotqa_5a87411d5542994846c1cd37,hotpotqa,hotpotqa_oncu_200,oracle,16,220,40,multi_hop,4000,scattered,low,unknown,p0001;p0002,p0001;p0002,0;1,2.0,2.0,1.0,1.0,1.0,1.0,1.0,0.0
hotpotqa_5ae3d8415542992f92d8239a,hotpotqa,hotpotqa_oncu_200,lexical,3,220,40,multi_hop,8000,front,medium,unknown,p0001;p0002;p0003;p0004,p0001;p0002;p0003;p0004,1;2;4,4.0,4.0,1.0,1.0,1.0,1.0,1.0,0.0
hotpotqa_5ae3d8415542992f92d8239a,hotpotqa,hotpotqa_oncu_200,lexical,5,220,40,multi_hop,8000,front,medium,unknown,p0001;p0002;p0003;p0004,p0001;p0002;p0003;p0004,1;2;4;32;23,4.0,4.0,1.0,1.0,1.0,1.0,1.0,0.0
hotpotqa_5ae3d8415542992f92d8239a,hotpotqa,hotpotqa_oncu_200,lexical,8,220,40,multi_hop,8000,front,medium,unknown,p0001;p0002;p0003;p0004,p0001;p0002;p0003;p0004,1;2;4;32;23;9;18;37,4.0,4.0,1.0,1.0,1.0,1.0,1.0,0.0
hotpotqa_5ae3d8415542992f92d8239a,hotpotqa,hotpotqa_oncu_200,lexical,16,220,40,multi_hop,8000,front,medium,unknown,p0001;p0002;p0003;p0004,p0001;p0002;p0003;p0004;p0014,1;2;4;32;23;9;18;37;41;27;17;28;36;8;22;34,5.0,4.0,1.0,1.0,0.8,1.0,0.888888888888889,0.2
hotpotqa_5ae3d8415542992f92d8239a,hotpotqa,hotpotqa_oncu_200,dense,3,220,40,multi_hop,8000,front,medium,unknown,p0001;p0002;p0003;p0004,,9;23;32,0.0,4.0,0.0,0.0,0.0,0.0,0.0,0.0
hotpotqa_5ae3d8415542992f92d8239a,hotpotqa,hotpotqa_oncu_200,dense,5,220,40,multi_hop,8000,front,medium,unknown,p0001;p0002;p0003;p0004,,9;23;32;37;18,0.0,4.0,0.0,0.0,0.0,0.0,0.0,0.0
hotpotqa_5ae3d8415542992f92d8239a,hotpotqa,hotpotqa_oncu_200,dense,8,220,40,multi_hop,8000,front,medium,unknown,p0001;p0002;p0003;p0004,p0001;p0002;p0003;p0004;p0014,9;23;32;37;18;4;1;17,5.0,4.0,1.0,1.0,0.8,1.0,0.888888888888889,0.2
hotpotqa_5ae3d8415542992f92d8239a,hotpotqa,hotpotqa_oncu_200,dense,16,220,40,multi_hop,8000,front,medium,unknown,p0001;p0002;p0003;p0004,p0001;p0002;p0003;p0004;p0014;p0007;p0008;p0009,9;23;32;37;18;4;1;17;27;41;28;42;5;19;36;14,8.0,4.0,1.0,1.0,0.5,1.0,0.6666666666666666,0.5
hotpotqa_5ae3d8415542992f92d8239a,hotpotqa,hotpotqa_oncu_200,hybrid,3,220,40,multi_hop,8000,front,medium,unknown,p0001;p0002;p0003;p0004,,9;23;32,0.0,4.0,0.0,0.0,0.0,0.0,0.0,0.0
hotpotqa_5ae3d8415542992f92d8239a,hotpotqa,hotpotqa_oncu_200,hybrid,5,220,40,multi_hop,8000,front,medium,unknown,p0001;p0002;p0003;p0004,p0001;p0002;p0003;p0004,9;23;32;1;4,4.0,4.0,1.0,1.0,1.0,1.0,1.0,0.0
hotpotqa_5ae3d8415542992f92d8239a,hotpotqa,hotpotqa_oncu_200,hybrid,8,220,40,multi_hop,8000,front,medium,unknown,p0001;p0002;p0003;p0004,p0001;p0002;p0003;p0004;p0014,9;23;32;1;4;37;18;17,5.0,4.0,1.0,1.0,0.8,1.0,0.888888888888889,0.2
hotpotqa_5ae3d8415542992f92d8239a,hotpotqa,hotpotqa_oncu_200,hybrid,16,220,40,multi_hop,8000,front,medium,unknown,p0001;p0002;p0003;p0004,p0001;p0002;p0003;p0004;p0014,9;23;32;1;4;37;18;17;27;41;28;2;36;8;42;22,5.0,4.0,1.0,1.0,0.8,1.0,0.888888888888889,0.2
hotpotqa_5ae3d8415542992f92d8239a,hotpotqa,hotpotqa_oncu_200,iterative,3,220,40,multi_hop,8000,front,medium,unknown,p0001;p0002;p0003;p0004,p0001;p0002;p0003;p0004,1;2;43,4.0,4.0,1.0,1.0,1.0,1.0,1.0,0.0
hotpotqa_5ae3d8415542992f92d8239a,hotpotqa,hotpotqa_oncu_200,iterative,5,220,40,multi_hop,8000,front,medium,unknown,p0001;p0002;p0003;p0004,p0001;p0002;p0003;p0004,1;2;43;20;29,4.0,4.0,1.0,1.0,1.0,1.0,1.0,0.0
hotpotqa_5ae3d8415542992f92d8239a,hotpotqa,hotpotqa_oncu_200,iterative,8,220,40,multi_hop,8000,front,medium,unknown,p0001;p0002;p0003;p0004,p0001;p0002;p0003;p0004;p0007;p0008;p0009,1;2;43;20;29;34;6;14,7.0,4.0,1.0,1.0,0.5714285714285714,1.0,0.7272727272727273,0.42857142857142855
hotpotqa_5ae3d8415542992f92d8239a,hotpotqa,hotpotqa_oncu_200,iterative,16,220,40,multi_hop,8000,front,medium,unknown,p0001;p0002;p0003;p0004,p0001;p0002;p0003;p0004;p0007;p0008;p0009,1;2;43;20;29;34;6;14;38;28;25;11;4;23;32;9,7.0,4.0,1.0,1.0,0.5714285714285714,1.0,0.7272727272727273,0.42857142857142855
hotpotqa_5ae3d8415542992f92d8239a,hotpotqa,hotpotqa_oncu_200,oracle,3,220,40,multi_hop,8000,front,medium,unknown,p0001;p0002;p0003;p0004,p0001;p0002;p0003,0;1;2,3.0,4.0,1.0,0.0,1.0,0.75,0.8571428571428571,0.0
hotpotqa_5ae3d8415542992f92d8239a,hotpotqa,hotpotqa_oncu_200,oracle,5,220,40,multi_hop,8000,front,medium,unknown,p0001;p0002;p0003;p0004,p0001;p0002;p0003;p0004,0;1;2;3,4.0,4.0,1.0,1.0,1.0,1.0,1.0,0.0
hotpotqa_5ae3d8415542992f92d8239a,hotpotqa,hotpotqa_oncu_200,oracle,8,220,40,multi_hop,8000,front,medium,unknown,p0001;p0002;p0003;p0004,p0001;p0002;p0003;p0004,0;1;2;3,4.0,4.0,1.0,1.0,1.0,1.0,1.0,0.0
hotpotqa_5ae3d8415542992f92d8239a,hotpotqa,hotpotqa_oncu_200,oracle,16,220,40,multi_hop,8000,front,medium,unknown,p0001;p0002;p0003;p0004,p0001;p0002;p0003;p0004,0;1;2;3,4.0,4.0,1.0,1.0,1.0,1.0,1.0,0.0
hotpotqa_5a7e1ad155429965cec5ea66,hotpotqa,hotpotqa_oncu_200,lexical,3,220,40,multi_hop,16000,middle,low,unknown,p0001;p0002,,10;13;65,0.0,2.0,0.0,0.0,0.0,0.0,0.0,0.0
hotpotqa_5a7e1ad155429965cec5ea66,hotpotqa,hotpotqa_oncu_200,lexical,5,220,40,multi_hop,16000,middle,low,unknown,p0001;p0002,,10;13;65;32;62,0.0,2.0,0.0,0.0,0.0,0.0,0.0,0.0
hotpotqa_5a7e1ad155429965cec5ea66,hotpotqa,hotpotqa_oncu_200,lexical,8,220,40,multi_hop,16000,middle,low,unknown,p0001;p0002,,10;13;65;32;62;16;41;59,0.0,2.0,0.0,0.0,0.0,0.0,0.0,0.0
hotpotqa_5a7e1ad155429965cec5ea66,hotpotqa,hotpotqa_oncu_200,lexical,16,220,40,multi_hop,16000,middle,low,unknown,p0001;p0002,,10;13;65;32;62;16;41;59;68;7;50;47;56;38;19;4,0.0,2.0,0.0,0.0,0.0,0.0,0.0,0.0
hotpotqa_5a7e1ad155429965cec5ea66,hotpotqa,hotpotqa_oncu_200,dense,3,220,40,multi_hop,16000,middle,low,unknown,p0001;p0002,,65;56;13,0.0,2.0,0.0,0.0,0.0,0.0,0.0,0.0
hotpotqa_5a7e1ad155429965cec5ea66,hotpotqa,hotpotqa_oncu_200,dense,5,220,40,multi_hop,16000,middle,low,unknown,p0001;p0002,,65;56;13;10;59,0.0,2.0,0.0,0.0,0.0,0.0,0.0,0.0
hotpotqa_5a7e1ad155429965cec5ea66,hotpotqa,hotpotqa_oncu_200,dense,8,220,40,multi_hop,16000,middle,low,unknown,p0001;p0002,p0001;p0002,65;56;13;10;59;62;7;44,2.0,2.0,1.0,1.0,1.0,1.0,1.0,0.0
hotpotqa_5a7e1ad155429965cec5ea66,hotpotqa,hotpotqa_oncu_200,dense,16,220,40,multi_hop,16000,middle,low,unknown,p0001;p0002,p0001;p0002,65;56;13;10;59;62;7;44;19;78;57;2;20;75;68;71,2.0,2.0,1.0,1.0,1.0,1.0,1.0,0.0
hotpotqa_5a7e1ad155429965cec5ea66,hotpotqa,hotpotqa_oncu_200,hybrid,3,220,40,multi_hop,16000,middle,low,unknown,p0001;p0002,,65;10;13,0.0,2.0,0.0,0.0,0.0,0.0,0.0,0.0
hotpotqa_5a7e1ad155429965cec5ea66,hotpotqa,hotpotqa_oncu_200,hybrid,5,220,40,multi_hop,16000,middle,low,unknown,p0001;p0002,,65;10;13;62;59,0.0,2.0,0.0,0.0,0.0,0.0,0.0,0.0
hotpotqa_5a7e1ad155429965cec5ea66,hotpotqa,hotpotqa_oncu_200,hybrid,8,220,40,multi_hop,16000,middle,low,unknown,p0001;p0002,,65;10;13;62;59;56;7;19,0.0,2.0,0.0,0.0,0.0,0.0,0.0,0.0
hotpotqa_5a7e1ad155429965cec5ea66,hotpotqa,hotpotqa_oncu_200,hybrid,16,220,40,multi_hop,16000,middle,low,unknown,p0001;p0002,p0001;p0002,65;10;13;62;59;56;7;19;68;16;44;71;57;32;50;20,2.0,2.0,1.0,1.0,1.0,1.0,1.0,0.0
hotpotqa_5a7e1ad155429965cec5ea66,hotpotqa,hotpotqa_oncu_200,iterative,3,220,40,multi_hop,16000,middle,low,unknown,p0001;p0002,,10;13;65,0.0,2.0,0.0,0.0,0.0,0.0,0.0,0.0
hotpotqa_5a7e1ad155429965cec5ea66,hotpotqa,hotpotqa_oncu_200,iterative,5,220,40,multi_hop,16000,middle,low,unknown,p0001;p0002,,10;13;65;68;16,0.0,2.0,0.0,0.0,0.0,0.0,0.0,0.0
hotpotqa_5a7e1ad155429965cec5ea66,hotpotqa,hotpotqa_oncu_200,iterative,8,220,40,multi_hop,16000,middle,low,unknown,p0001;p0002,,10;13;65;68;16;62;59;71,0.0,2.0,0.0,0.0,0.0,0.0,0.0,0.0
hotpotqa_5a7e1ad155429965cec5ea66,hotpotqa,hotpotqa_oncu_200,iterative,16,220,40,multi_hop,16000,middle,low,unknown,p0001;p0002,,10;13;65;68;16;62;59;71;19;83;80;7;74;22;86;56,0.0,2.0,0.0,0.0,0.0,0.0,0.0,0.0
hotpotqa_5a7e1ad155429965cec5ea66,hotpotqa,hotpotqa_oncu_200,oracle,3,220,40,multi_hop,16000,middle,low,unknown,p0001;p0002,p0001;p0002,0;1,2.0,2.0,1.0,1.0,1.0,1.0,1.0,0.0
hotpotqa_5a7e1ad155429965cec5ea66,hotpotqa,hotpotqa_oncu_200,oracle,5,220,40,multi_hop,16000,middle,low,unknown,p0001;p0002,p0001;p0002,0;1,2.0,2.0,1.0,1.0,1.0,1.0,1.0,0.0
hotpotqa_5a7e1ad155429965cec5ea66,hotpotqa,hotpotqa_oncu_200,oracle,8,220,40,multi_hop,16000,middle,low,unknown,p0001;p0002,p0001;p0002,0;1,2.0,2.0,1.0,1.0,1.0,1.0,1.0,0.0
hotpotqa_5a7e1ad155429965cec5ea66,hotpotqa,hotpotqa_oncu_200,oracle,16,220,40,multi_hop,16000,middle,low,unknown,p0001;p0002,p0001;p0002,0;1,2.0,2.0,1.0,1.0,1.0,1.0,1.0,0.0
hotpotqa_5a85a3005542991dd0999e72,hotpotqa,hotpotqa_oncu_200,lexical,3,220,40,multi_hop,4000,end,low,unknown,p0001;p0002,p0001;p0002,19;20;11,2.0,2.0,1.0,1.0,1.0,1.0,1.0,0.0
hotpotqa_5a85a3005542991dd0999e72,hotpotqa,hotpotqa_oncu_200,lexical,5,220,40,multi_hop,4000,end,low,unknown,p0001;p0002,p0001;p0002,19;20;11;16;21,2.0,2.0,1.0,1.0,1.0,1.0,1.0,0.0
hotpotqa_5a85a3005542991dd0999e72,hotpotqa,hotpotqa_oncu_200,lexical,8,220,40,multi_hop,4000,end,low,unknown,p0001;p0002,p0001;p0002;p0007;p0009,19;20;11;16;21;1;6;7,4.0,2.0,1.0,1.0,0.5,1.0,0.6666666666666666,0.5
hotpotqa_5a85a3005542991dd0999e72,hotpotqa,hotpotqa_oncu_200,lexical,16,220,40,multi_hop,4000,end,low,unknown,p0001;p0002,p0001;p0002;p0007;p0009;p0010;p0011,19;20;11;16;21;1;6;7;8;3;17;15;12;0;2;10,6.0,2.0,1.0,1.0,0.3333333333333333,1.0,0.5,0.6666666666666666
hotpotqa_5a85a3005542991dd0999e72,hotpotqa,hotpotqa_oncu_200,dense,3,220,40,multi_hop,4000,end,low,unknown,p0001;p0002,p0010;p0011,17;8;20,2.0,2.0,0.0,0.0,0.0,0.0,0.0,1.0
hotpotqa_5a85a3005542991dd0999e72,hotpotqa,hotpotqa_oncu_200,dense,5,220,40,multi_hop,4000,end,low,unknown,p0001;p0002,p0010;p0011,17;8;20;16;12,2.0,2.0,0.0,0.0,0.0,0.0,0.0,1.0
hotpotqa_5a85a3005542991dd0999e72,hotpotqa,hotpotqa_oncu_200,dense,8,220,40,multi_hop,4000,end,low,unknown,p0001;p0002,p0010;p0011;p0009;p0001;p0002,17;8;20;16;12;0;7;19,5.0,2.0,1.0,1.0,0.4,1.0,0.5714285714285715,0.6
hotpotqa_5a85a3005542991dd0999e72,hotpotqa,hotpotqa_oncu_200,dense,16,220,40,multi_hop,4000,end,low,unknown,p0001;p0002,p0010;p0011;p0009;p0001;p0002,17;8;20;16;12;0;7;19;2;3;11;4;1;10;14;21,5.0,2.0,1.0,1.0,0.4,1.0,0.5714285714285715,0.6
hotpotqa_5a85a3005542991dd0999e72,hotpotqa,hotpotqa_oncu_200,hybrid,3,220,40,multi_hop,4000,end,low,unknown,p0001;p0002,p0001;p0002,20;16;19,2.0,2.0,1.0,1.0,1.0,1.0,1.0,0.0
hotpotqa_5a85a3005542991dd0999e72,hotpotqa,hotpotqa_oncu_200,hybrid,5,220,40,multi_hop,4000,end,low,unknown,p0001;p0002,p0001;p0002;p0010;p0011,20;16;19;8;17,4.0,2.0,1.0,1.0,0.5,1.0,0.6666666666666666,0.5
hotpotqa_5a85a3005542991dd0999e72,hotpotqa,hotpotqa_oncu_200,hybrid,8,220,40,multi_hop,4000,end,low,unknown,p0001;p0002,p0001;p0002;p0010;p0011;p0009,20;16;19;8;17;11;7;12,5.0,2.0,1.0,1.0,0.4,1.0,0.5714285714285715,0.6
hotpotqa_5a85a3005542991dd0999e72,hotpotqa,hotpotqa_oncu_200,hybrid,16,220,40,multi_hop,4000,end,low,unknown,p0001;p0002,p0001;p0002;p0010;p0011;p0009;p0007,20;16;19;8;17;11;7;12;1;0;3;21;6;2;15;10,6.0,2.0,1.0,1.0,0.3333333333333333,1.0,0.5,0.6666666666666666
hotpotqa_5a85a3005542991dd0999e72,hotpotqa,hotpotqa_oncu_200,iterative,3,220,40,multi_hop,4000,end,low,unknown,p0001;p0002,p0001;p0002,19;20;11,2.0,2.0,1.0,1.0,1.0,1.0,1.0,0.0
hotpotqa_5a85a3005542991dd0999e72,hotpotqa,hotpotqa_oncu_200,iterative,5,220,40,multi_hop,4000,end,low,unknown,p0001;p0002,p0001;p0002;p0010;p0011,19;20;11;8;14,4.0,2.0,1.0,1.0,0.5,1.0,0.6666666666666666,0.5
hotpotqa_5a85a3005542991dd0999e72,hotpotqa,hotpotqa_oncu_200,iterative,8,220,40,multi_hop,4000,end,low,unknown,p0001;p0002,p0001;p0002;p0010;p0011,19;20;11;8;14;0;1;16,4.0,2.0,1.0,1.0,0.5,1.0,0.6666666666666666,0.5
hotpotqa_5a85a3005542991dd0999e72,hotpotqa,hotpotqa_oncu_200,iterative,16,220,40,multi_hop,4000,end,low,unknown,p0001;p0002,p0001;p0002;p0010;p0011;p0012,19;20;11;8;14;0;1;16;21;4;3;17;12;9;10;18,5.0,2.0,1.0,1.0,0.4,1.0,0.5714285714285715,0.6
hotpotqa_5a85a3005542991dd0999e72,hotpotqa,hotpotqa_oncu_200,oracle,3,220,40,multi_hop,4000,end,low,unknown,p0001;p0002,p0001;p0002,0;1,2.0,2.0,1.0,1.0,1.0,1.0,1.0,0.0
hotpotqa_5a85a3005542991dd0999e72,hotpotqa,hotpotqa_oncu_200,oracle,5,220,40,multi_hop,4000,end,low,unknown,p0001;p0002,p0001;p0002,0;1,2.0,2.0,1.0,1.0,1.0,1.0,1.0,0.0
hotpotqa_5a85a3005542991dd0999e72,hotpotqa,hotpotqa_oncu_200,oracle,8,220,40,multi_hop,4000,end,low,unknown,p0001;p0002,p0001;p0002,0;1,2.0,2.0,1.0,1.0,1.0,1.0,1.0,0.0
hotpotqa_5a85a3005542991dd0999e72,hotpotqa,hotpotqa_oncu_200,oracle,16,220,40,multi_hop,4000,end,low,unknown,p0001;p0002,p0001;p0002,0;1,2.0,2.0,1.0,1.0,1.0,1.0,1.0,0.0
hotpotqa_5ab4475c5542996a3a969f6c,hotpotqa,hotpotqa_oncu_200,lexical,3,220,40,multi_hop,8000,scattered,low,unknown,p0001;p0002,p0001,4;3;7,1.0,2.0,1.0,0.0,1.0,0.5,0.6666666666666666,0.0
hotpotqa_5ab4475c5542996a3a969f6c,hotpotqa,hotpotqa_oncu_200,lexical,5,220,40,multi_hop,8000,scattered,low,unknown,p0001;p0002,p0001,4;3;7;0;19,1.0,2.0,1.0,0.0,1.0,0.5,0.6666666666666666,0.0
hotpotqa_5ab4475c5542996a3a969f6c,hotpotqa,hotpotqa_oncu_200,lexical,8,220,40,multi_hop,8000,scattered,low,unknown,p0001;p0002,p0001,4;3;7;0;19;2;26;33,1.0,2.0,1.0,0.0,1.0,0.5,0.6666666666666666,0.0
hotpotqa_5ab4475c5542996a3a969f6c,hotpotqa,hotpotqa_oncu_200,lexical,16,220,40,multi_hop,8000,scattered,low,unknown,p0001;p0002,p0001;p0005;p0006;p0007,4;3;7;0;19;2;26;33;40;23;30;37;28;35;42;14,4.0,2.0,1.0,0.0,0.25,0.5,0.3333333333333333,0.75
hotpotqa_5ab4475c5542996a3a969f6c,hotpotqa,hotpotqa_oncu_200,dense,3,220,40,multi_hop,8000,scattered,low,unknown,p0001;p0002,p0001;p0002,3;22;8,2.0,2.0,1.0,1.0,1.0,1.0,1.0,0.0
hotpotqa_5ab4475c5542996a3a969f6c,hotpotqa,hotpotqa_oncu_200,dense,5,220,40,multi_hop,8000,scattered,low,unknown,p0001;p0002,p0001;p0002;p0012;p0009;p0010;p0011,3;22;8;16;15,6.0,2.0,1.0,1.0,0.3333333333333333,1.0,0.5,0.6666666666666666
hotpotqa_5ab4475c5542996a3a969f6c,hotpotqa,hotpotqa_oncu_200,dense,8,220,40,multi_hop,8000,scattered,low,unknown,p0001;p0002,p0001;p0002;p0012;p0009;p0010;p0011,3;22;8;16;15;24;31;38,6.0,2.0,1.0,1.0,0.3333333333333333,1.0,0.5,0.6666666666666666
hotpotqa_5ab4475c5542996a3a969f6c,hotpotqa,hotpotqa_oncu_200,dense,16,220,40,multi_hop,8000,scattered,low,unknown,p0001;p0002,p0001;p0002;p0012;p0009;p0010;p0011,3;22;8;16;15;24;31;38;19;2;9;17;10;28;35;42,6.0,2.0,1.0,1.0,0.3333333333333333,1.0,0.5,0.6666666666666666
hotpotqa_5ab4475c5542996a3a969f6c,hotpotqa,hotpotqa_oncu_200,hybrid,3,220,40,multi_hop,8000,scattered,low,unknown,p0001;p0002,p0001,3;19;2,1.0,2.0,1.0,0.0,1.0,0.5,0.6666666666666666,0.0
hotpotqa_5ab4475c5542996a3a969f6c,hotpotqa,hotpotqa_oncu_200,hybrid,5,220,40,multi_hop,8000,scattered,low,unknown,p0001;p0002,p0001,3;19;2;0;7,1.0,2.0,1.0,0.0,1.0,0.5,0.6666666666666666,0.0
hotpotqa_5ab4475c5542996a3a969f6c,hotpotqa,hotpotqa_oncu_200,hybrid,8,220,40,multi_hop,8000,scattered,low,unknown,p0001;p0002,p0001;p0012,3;19;2;0;7;4;16;24,2.0,2.0,1.0,0.0,0.5,0.5,0.5,0.5
hotpotqa_5ab4475c5542996a3a969f6c,hotpotqa,hotpotqa_oncu_200,hybrid,16,220,40,multi_hop,8000,scattered,low,unknown,p0001;p0002,p0001;p0012;p0002;p0005;p0006;p0007,3;19;2;0;7;4;16;24;28;9;31;35;38;42;22;14,6.0,2.0,1.0,1.0,0.3333333333333333,1.0,0.5,0.6666666666666666
hotpotqa_5ab4475c5542996a3a969f6c,hotpotqa,hotpotqa_oncu_200,iterative,3,220,40,multi_hop,8000,scattered,low,unknown,p0001;p0002,p0001,4;3;23,1.0,2.0,1.0,0.0,1.0,0.5,0.6666666666666666,0.0
hotpotqa_5ab4475c5542996a3a969f6c,hotpotqa,hotpotqa_oncu_200,iterative,5,220,40,multi_hop,8000,scattered,low,unknown,p0001;p0002,p0001,4;3;23;30;37,1.0,2.0,1.0,0.0,1.0,0.5,0.6666666666666666,0.0
hotpotqa_5ab4475c5542996a3a969f6c,hotpotqa,hotpotqa_oncu_200,iterative,8,220,40,multi_hop,8000,scattered,low,unknown,p0001;p0002,p0001,4;3;23;30;37;11;0;19,1.0,2.0,1.0,0.0,1.0,0.5,0.6666666666666666,0.0
hotpotqa_5ab4475c5542996a3a969f6c,hotpotqa,hotpotqa_oncu_200,iterative,16,220,40,multi_hop,8000,scattered,low,unknown,p0001;p0002,p0001;p0004,4;3;23;30;37;11;0;19;7;18;2;44;13;26;28;33,2.0,2.0,1.0,0.0,0.5,0.5,0.5,0.5
hotpotqa_5ab4475c5542996a3a969f6c,hotpotqa,hotpotqa_oncu_200,oracle,3,220,40,multi_hop,8000,scattered,low,unknown,p0001;p0002,p0001;p0002,0;1,2.0,2.0,1.0,1.0,1.0,1.0,1.0,0.0
hotpotqa_5ab4475c5542996a3a969f6c,hotpotqa,hotpotqa_oncu_200,oracle,5,220,40,multi_hop,8000,scattered,low,unknown,p0001;p0002,p0001;p0002,0;1,2.0,2.0,1.0,1.0,1.0,1.0,1.0,0.0
hotpotqa_5ab4475c5542996a3a969f6c,hotpotqa,hotpotqa_oncu_200,oracle,8,220,40,multi_hop,8000,scattered,low,unknown,p0001;p0002,p0001;p0002,0;1,2.0,2.0,1.0,1.0,1.0,1.0,1.0,0.0
hotpotqa_5ab4475c5542996a3a969f6c,hotpotqa,hotpotqa_oncu_200,oracle,16,220,40,multi_hop,8000,scattered,low,unknown,p0001;p0002,p0001;p0002,0;1,2.0,2.0,1.0,1.0,1.0,1.0,1.0,0.0
hotpotqa_5ab2a8b655429929539467ab,hotpotqa,hotpotqa_oncu_200,lexical,3,220,40,multi_hop,16000,front,low,unknown,p0001;p0002,,84;61;32,0.0,2.0,0.0,0.0,0.0,0.0,0.0,0.0
hotpotqa_5ab2a8b655429929539467ab,hotpotqa,hotpotqa_oncu_200,lexical,5,220,40,multi_hop,16000,front,low,unknown,p0001;p0002,,84;61;32;26;14,0.0,2.0,0.0,0.0,0.0,0.0,0.0,0.0
hotpotqa_5ab2a8b655429929539467ab,hotpotqa,hotpotqa_oncu_200,lexical,8,220,40,multi_hop,16000,front,low,unknown,p0001;p0002,,84;61;32;26;14;64;52;49,0.0,2.0,0.0,0.0,0.0,0.0,0.0,0.0
hotpotqa_5ab2a8b655429929539467ab,hotpotqa,hotpotqa_oncu_200,lexical,16,220,40,multi_hop,16000,front,low,unknown,p0001;p0002,,84;61;32;26;14;64;52;49;17;11;87;81;2;46;55;69,0.0,2.0,0.0,0.0,0.0,0.0,0.0,0.0
hotpotqa_5ab2a8b655429929539467ab,hotpotqa,hotpotqa_oncu_200,dense,3,220,40,multi_hop,16000,front,low,unknown,p0001;p0002,p0004;p0005;p0006;p0007;p0008;p0011,29;19;30,6.0,2.0,0.0,0.0,0.0,0.0,0.0,1.0
hotpotqa_5ab2a8b655429929539467ab,hotpotqa,hotpotqa_oncu_200,dense,5,220,40,multi_hop,16000,front,low,unknown,p0001;p0002,p0004;p0005;p0006;p0007;p0008;p0011,29;19;30;57;54,6.0,2.0,0.0,0.0,0.0,0.0,0.0,1.0
hotpotqa_5ab2a8b655429929539467ab,hotpotqa,hotpotqa_oncu_200,dense,8,220,40,multi_hop,16000,front,low,unknown,p0001;p0002,p0004;p0005;p0006;p0007;p0008;p0011,29;19;30;57;54;86;22;16,6.0,2.0,0.0,0.0,0.0,0.0,0.0,1.0
hotpotqa_5ab2a8b655429929539467ab,hotpotqa,hotpotqa_oncu_200,dense,16,220,40,multi_hop,16000,front,low,unknown,p0001;p0002,p0004;p0005;p0006;p0007;p0008;p0011,29;19;30;57;54;86;22;16;15;32;82;48;79;13;60;83,6.0,2.0,0.0,0.0,0.0,0.0,0.0,1.0
hotpotqa_5ab2a8b655429929539467ab,hotpotqa,hotpotqa_oncu_200,hybrid,3,220,40,multi_hop,16000,front,low,unknown,p0001;p0002,,32;84;57,0.0,2.0,0.0,0.0,0.0,0.0,0.0,0.0
hotpotqa_5ab2a8b655429929539467ab,hotpotqa,hotpotqa_oncu_200,hybrid,5,220,40,multi_hop,16000,front,low,unknown,p0001;p0002,,32;84;57;22;64,0.0,2.0,0.0,0.0,0.0,0.0,0.0,0.0
hotpotqa_5ab2a8b655429929539467ab,hotpotqa,hotpotqa_oncu_200,hybrid,8,220,40,multi_hop,16000,front,low,unknown,p0001;p0002,,32;84;57;22;64;60;19;15,0.0,2.0,0.0,0.0,0.0,0.0,0.0,0.0
hotpotqa_5ab2a8b655429929539467ab,hotpotqa,hotpotqa_oncu_200,hybrid,16,220,40,multi_hop,16000,front,low,unknown,p0001;p0002,,32;84;57;22;64;60;19;15;49;14;82;54;61;55;48;26,0.0,2.0,0.0,0.0,0.0,0.0,0.0,0.0
hotpotqa_5ab2a8b655429929539467ab,hotpotqa,hotpotqa_oncu_200,iterative,3,220,40,multi_hop,16000,front,low,unknown,p0001;p0002,,49;14;84,0.0,2.0,0.0,0.0,0.0,0.0,0.0,0.0
hotpotqa_5ab2a8b655429929539467ab,hotpotqa,hotpotqa_oncu_200,iterative,5,220,40,multi_hop,16000,front,low,unknown,p0001;p0002,,49;14;84;81;11,0.0,2.0,0.0,0.0,0.0,0.0,0.0,0.0
hotpotqa_5ab2a8b655429929539467ab,hotpotqa,hotpotqa_oncu_200,iterative,8,220,40,multi_hop,16000,front,low,unknown,p0001;p0002,p0011;p0012,49;14;84;81;11;31;69;37,2.0,2.0,0.0,0.0,0.0,0.0,0.0,1.0
hotpotqa_5ab2a8b655429929539467ab,hotpotqa,hotpotqa_oncu_200,iterative,16,220,40,multi_hop,16000,front,low,unknown,p0001;p0002,p0011;p0012,49;14;84;81;11;31;69;37;25;46;52;2;61;17;78;26,2.0,2.0,0.0,0.0,0.0,0.0,0.0,1.0
hotpotqa_5ab2a8b655429929539467ab,hotpotqa,hotpotqa_oncu_200,oracle,3,220,40,multi_hop,16000,front,low,unknown,p0001;p0002,p0001;p0002,0;1,2.0,2.0,1.0,1.0,1.0,1.0,1.0,0.0
hotpotqa_5ab2a8b655429929539467ab,hotpotqa,hotpotqa_oncu_200,oracle,5,220,40,multi_hop,16000,front,low,unknown,p0001;p0002,p0001;p0002,0;1,2.0,2.0,1.0,1.0,1.0,1.0,1.0,0.0
hotpotqa_5ab2a8b655429929539467ab,hotpotqa,hotpotqa_oncu_200,oracle,8,220,40,multi_hop,16000,front,low,unknown,p0001;p0002,p0001;p0002,0;1,2.0,2.0,1.0,1.0,1.0,1.0,1.0,0.0
hotpotqa_5ab2a8b655429929539467ab,hotpotqa,hotpotqa_oncu_200,oracle,16,220,40,multi_hop,16000,front,low,unknown,p0001;p0002,p0001;p0002,0;1,2.0,2.0,1.0,1.0,1.0,1.0,1.0,0.0
hotpotqa_5a8a7d2b55429930ff3c0dfc,hotpotqa,hotpotqa_oncu_200,lexical,3,220,40,comparison,4000,middle,low,unknown,p0001;p0002,p0001;p0002,10;1;21,2.0,2.0,1.0,1.0,1.0,1.0,1.0,0.0
hotpotqa_5a8a7d2b55429930ff3c0dfc,hotpotqa,hotpotqa_oncu_200,lexical,5,220,40,comparison,4000,middle,low,unknown,p0001;p0002,p0001;p0002,10;1;21;13;17,2.0,2.0,1.0,1.0,1.0,1.0,1.0,0.0
hotpotqa_5a8a7d2b55429930ff3c0dfc,hotpotqa,hotpotqa_oncu_200,lexical,8,220,40,comparison,4000,middle,low,unknown,p0001;p0002,p0001;p0002;p0012;p0006;p0007;p0008,10;1;21;13;17;9;14;7,6.0,2.0,1.0,1.0,0.3333333333333333,1.0,0.5,0.6666666666666666
hotpotqa_5a8a7d2b55429930ff3c0dfc,hotpotqa,hotpotqa_oncu_200,lexical,16,220,40,comparison,4000,middle,low,unknown,p0001;p0002,p0001;p0002;p0012;p0006;p0007;p0008;p0003;p0009;p0011,10;1;21;13;17;9;14;7;18;15;2;5;3;19;11;8,9.0,2.0,1.0,1.0,0.2222222222222222,1.0,0.3636363636363636,0.7777777777777778
hotpotqa_5a8a7d2b55429930ff3c0dfc,hotpotqa,hotpotqa_oncu_200,dense,3,220,40,comparison,4000,middle,low,unknown,p0001;p0002,p0001;p0002;p0003,10;5;13,3.0,2.0,1.0,1.0,0.6666666666666666,1.0,0.8,0.3333333333333333
hotpotqa_5a8a7d2b55429930ff3c0dfc,hotpotqa,hotpotqa_oncu_200,dense,5,220,40,comparison,4000,middle,low,unknown,p0001;p0002,p0001;p0002;p0003,10;5;13;20;0,3.0,2.0,1.0,1.0,0.6666666666666666,1.0,0.8,0.3333333333333333
hotpotqa_5a8a7d2b55429930ff3c0dfc,hotpotqa,hotpotqa_oncu_200,dense,8,220,40,comparison,4000,middle,low,unknown,p0001;p0002,p0001;p0002;p0003;p0004;p0006,10;5;13;20;0;1;21;6,5.0,2.0,1.0,1.0,0.4,1.0,0.5714285714285715,0.6
hotpotqa_5a8a7d2b55429930ff3c0dfc,hotpotqa,hotpotqa_oncu_200,dense,16,220,40,comparison,4000,middle,low,unknown,p0001;p0002,p0001;p0002;p0003;p0004;p0006;p0007;p0008;p0009;p0011,10;5;13;20;0;1;21;6;4;17;16;12;7;14;2;8,9.0,2.0,1.0,1.0,0.2222222222222222,1.0,0.3636363636363636,0.7777777777777778
hotpotqa_5a8a7d2b55429930ff3c0dfc,hotpotqa,hotpotqa_oncu_200,hybrid,3,220,40,comparison,4000,middle,low,unknown,p0001;p0002,p0001;p0002,10;13;1,2.0,2.0,1.0,1.0,1.0,1.0,1.0,0.0
hotpotqa_5a8a7d2b55429930ff3c0dfc,hotpotqa,hotpotqa_oncu_200,hybrid,5,220,40,comparison,4000,middle,low,unknown,p0001;p0002,p0001;p0002;p0003,10;13;1;21;5,3.0,2.0,1.0,1.0,0.6666666666666666,1.0,0.8,0.3333333333333333
hotpotqa_5a8a7d2b55429930ff3c0dfc,hotpotqa,hotpotqa_oncu_200,hybrid,8,220,40,comparison,4000,middle,low,unknown,p0001;p0002,p0001;p0002;p0003,10;13;1;21;5;17;20;14,3.0,2.0,1.0,1.0,0.6666666666666666,1.0,0.8,0.3333333333333333
hotpotqa_5a8a7d2b55429930ff3c0dfc,hotpotqa,hotpotqa_oncu_200,hybrid,16,220,40,comparison,4000,middle,low,unknown,p0001;p0002,p0001;p0002;p0003;p0006;p0007;p0008;p0012;p0004,10;13;1;21;5;17;20;14;7;0;9;18;2;6;16;4,8.0,2.0,1.0,1.0,0.25,1.0,0.4,0.75
hotpotqa_5a8a7d2b55429930ff3c0dfc,hotpotqa,hotpotqa_oncu_200,iterative,3,220,40,comparison,4000,middle,low,unknown,p0001;p0002,p0001;p0002;p0012,10;14;9,3.0,2.0,1.0,1.0,0.6666666666666666,1.0,0.8,0.3333333333333333
hotpotqa_5a8a7d2b55429930ff3c0dfc,hotpotqa,hotpotqa_oncu_200,iterative,5,220,40,comparison,4000,middle,low,unknown,p0001;p0002,p0001;p0002;p0012,10;14;9;1;18,3.0,2.0,1.0,1.0,0.6666666666666666,1.0,0.8,0.3333333333333333
hotpotqa_5a8a7d2b55429930ff3c0dfc,hotpotqa,hotpotqa_oncu_200,iterative,8,220,40,comparison,4000,middle,low,unknown,p0001;p0002,p0001;p0002;p0012;p0006;p0007;p0008,10;14;9;1;18;2;21;7,6.0,2.0,1.0,1.0,0.3333333333333333,1.0,0.5,0.6666666666666666
hotpotqa_5a8a7d2b55429930ff3c0dfc,hotpotqa,hotpotqa_oncu_200,iterative,16,220,40,comparison,4000,middle,low,unknown,p0001;p0002,p0001;p0002;p0012;p0006;p0007;p0008;p0009;p0011;p0003,10;14;9;1;18;2;21;7;15;13;17;8;11;19;3;5,9.0,2.0,1.0,1.0,0.2222222222222222,1.0,0.3636363636363636,0.7777777777777778
hotpotqa_5a8a7d2b55429930ff3c0dfc,hotpotqa,hotpotqa_oncu_200,oracle,3,220,40,comparison,4000,middle,low,unknown,p0001;p0002,p0001;p0002,0;1,2.0,2.0,1.0,1.0,1.0,1.0,1.0,0.0
hotpotqa_5a8a7d2b55429930ff3c0dfc,hotpotqa,hotpotqa_oncu_200,oracle,5,220,40,comparison,4000,middle,low,unknown,p0001;p0002,p0001;p0002,0;1,2.0,2.0,1.0,1.0,1.0,1.0,1.0,0.0
hotpotqa_5a8a7d2b55429930ff3c0dfc,hotpotqa,hotpotqa_oncu_200,oracle,8,220,40,comparison,4000,middle,low,unknown,p0001;p0002,p0001;p0002,0;1,2.0,2.0,1.0,1.0,1.0,1.0,1.0,0.0
hotpotqa_5a8a7d2b55429930ff3c0dfc,hotpotqa,hotpotqa_oncu_200,oracle,16,220,40,comparison,4000,middle,low,unknown,p0001;p0002,p0001;p0002,0;1,2.0,2.0,1.0,1.0,1.0,1.0,1.0,0.0
hotpotqa_5a90bd7b55429916514e7547,hotpotqa,hotpotqa_oncu_200,lexical,3,220,40,comparison,8000,end,low,unknown,p0001;p0002,p0001;p0002,38;19;32,2.0,2.0,1.0,1.0,1.0,1.0,1.0,0.0
hotpotqa_5a90bd7b55429916514e7547,hotpotqa,hotpotqa_oncu_200,lexical,5,220,40,comparison,8000,end,low,unknown,p0001;p0002,p0001;p0002,38;19;32;26;0,2.0,2.0,1.0,1.0,1.0,1.0,1.0,0.0
hotpotqa_5a90bd7b55429916514e7547,hotpotqa,hotpotqa_oncu_200,lexical,8,220,40,comparison,8000,end,low,unknown,p0001;p0002,p0001;p0002;p0004;p0006,38;19;32;26;0;40;37;13,4.0,2.0,1.0,1.0,0.5,1.0,0.6666666666666666,0.5
hotpotqa_5a90bd7b55429916514e7547,hotpotqa,hotpotqa_oncu_200,lexical,16,220,40,comparison,8000,end,low,unknown,p0001;p0002,p0001;p0002;p0004;p0006,38;19;32;26;0;40;37;13;11;18;42;24;39;6;21;36,4.0,2.0,1.0,1.0,0.5,1.0,0.6666666666666666,0.5
hotpotqa_5a90bd7b55429916514e7547,hotpotqa,hotpotqa_oncu_200,dense,3,220,40,comparison,8000,end,low,unknown,p0001;p0002,p0001;p0002,38;9;17,2.0,2.0,1.0,1.0,1.0,1.0,1.0,0.0
hotpotqa_5a90bd7b55429916514e7547,hotpotqa,hotpotqa_oncu_200,dense,5,220,40,comparison,8000,end,low,unknown,p0001;p0002,p0001;p0002,38;9;17;4;40,2.0,2.0,1.0,1.0,1.0,1.0,1.0,0.0
hotpotqa_5a90bd7b55429916514e7547,hotpotqa,hotpotqa_oncu_200,dense,8,220,40,comparison,8000,end,low,unknown,p0001;p0002,p0001;p0002,38;9;17;4;40;22;35;30,2.0,2.0,1.0,1.0,1.0,1.0,1.0,0.0
hotpotqa_5a90bd7b55429916514e7547,hotpotqa,hotpotqa_oncu_200,dense,16,220,40,comparison,8000,end,low,unknown,p0001;p0002,p0001;p0002,38;9;17;4;40;22;35;30;27;25;12;20;39;19;32;6,2.0,2.0,1.0,1.0,1.0,1.0,1.0,0.0
hotpotqa_5a90bd7b55429916514e7547,hotpotqa,hotpotqa_oncu_200,hybrid,3,220,40,comparison,8000,end,low,unknown,p0001;p0002,p0001;p0002,38;40;19,2.0,2.0,1.0,1.0,1.0,1.0,1.0,0.0
hotpotqa_5a90bd7b55429916514e7547,hotpotqa,hotpotqa_oncu_200,hybrid,5,220,40,comparison,8000,end,low,unknown,p0001;p0002,p0001;p0002,38;40;19;32;39,2.0,2.0,1.0,1.0,1.0,1.0,1.0,0.0
hotpotqa_5a90bd7b55429916514e7547,hotpotqa,hotpotqa_oncu_200,hybrid,8,220,40,comparison,8000,end,low,unknown,p0001;p0002,p0001;p0002,38;40;19;32;39;6;4;18,2.0,2.0,1.0,1.0,1.0,1.0,1.0,0.0
hotpotqa_5a90bd7b55429916514e7547,hotpotqa,hotpotqa_oncu_200,hybrid,16,220,40,comparison,8000,end,low,unknown,p0001;p0002,p0001;p0002,38;40;19;32;39;6;4;18;9;25;17;0;27;37;26;11,2.0,2.0,1.0,1.0,1.0,1.0,1.0,0.0
hotpotqa_5a90bd7b55429916514e7547,hotpotqa,hotpotqa_oncu_200,iterative,3,220,40,comparison,8000,end,low,unknown,p0001;p0002,p0001;p0002,32;19;38,2.0,2.0,1.0,1.0,1.0,1.0,1.0,0.0
hotpotqa_5a90bd7b55429916514e7547,hotpotqa,hotpotqa_oncu_200,iterative,5,220,40,comparison,8000,end,low,unknown,p0001;p0002,p0001;p0002,32;19;38;25;40,2.0,2.0,1.0,1.0,1.0,1.0,1.0,0.0
hotpotqa_5a90bd7b55429916514e7547,hotpotqa,hotpotqa_oncu_200,iterative,8,220,40,comparison,8000,end,low,unknown,p0001;p0002,p0001;p0002,32;19;38;25;40;43;6;1,2.0,2.0,1.0,1.0,1.0,1.0,1.0,0.0
hotpotqa_5a90bd7b55429916514e7547,hotpotqa,hotpotqa_oncu_200,iterative,16,220,40,comparison,8000,end,low,unknown,p0001;p0002,p0001;p0002,32;19;38;25;40;43;6;1;37;27;11;26;0;24;17;12,2.0,2.0,1.0,1.0,1.0,1.0,1.0,0.0
hotpotqa_5a90bd7b55429916514e7547,hotpotqa,hotpotqa_oncu_200,oracle,3,220,40,comparison,8000,end,low,unknown,p0001;p0002,p0001;p0002,0;1,2.0,2.0,1.0,1.0,1.0,1.0,1.0,0.0
hotpotqa_5a90bd7b55429916514e7547,hotpotqa,hotpotqa_oncu_200,oracle,5,220,40,comparison,8000,end,low,unknown,p0001;p0002,p0001;p0002,0;1,2.0,2.0,1.0,1.0,1.0,1.0,1.0,0.0
hotpotqa_5a90bd7b55429916514e7547,hotpotqa,hotpotqa_oncu_200,oracle,8,220,40,comparison,8000,end,low,unknown,p0001;p0002,p0001;p0002,0;1,2.0,2.0,1.0,1.0,1.0,1.0,1.0,0.0
hotpotqa_5a90bd7b55429916514e7547,hotpotqa,hotpotqa_oncu_200,oracle,16,220,40,comparison,8000,end,low,unknown,p0001;p0002,p0001;p0002,0;1,2.0,2.0,1.0,1.0,1.0,1.0,1.0,0.0
hotpotqa_5abc039a5542993f40c73c49,hotpotqa,hotpotqa_oncu_200,lexical,3,220,40,multi_hop,16000,scattered,low,unknown,p0001;p0002,p0001,8;7;18,1.0,2.0,1.0,0.0,1.0,0.5,0.6666666666666666,0.0
hotpotqa_5abc039a5542993f40c73c49,hotpotqa,hotpotqa_oncu_200,lexical,5,220,40,multi_hop,16000,scattered,low,unknown,p0001;p0002,p0001,8;7;18;72;51,1.0,2.0,1.0,0.0,1.0,0.5,0.6666666666666666,0.0
hotpotqa_5abc039a5542993f40c73c49,hotpotqa,hotpotqa_oncu_200,lexical,8,220,40,multi_hop,16000,scattered,low,unknown,p0001;p0002,p0001,8;7;18;72;51;23;45;1,1.0,2.0,1.0,0.0,1.0,0.5,0.6666666666666666,0.0
hotpotqa_5abc039a5542993f40c73c49,hotpotqa,hotpotqa_oncu_200,lexical,16,220,40,multi_hop,16000,scattered,low,unknown,p0001;p0002,p0001,8;7;18;72;51;23;45;1;12;83;34;78;62;56;40;73,1.0,2.0,1.0,0.0,1.0,0.5,0.6666666666666666,0.0
hotpotqa_5abc039a5542993f40c73c49,hotpotqa,hotpotqa_oncu_200,dense,3,220,40,multi_hop,16000,scattered,low,unknown,p0001;p0002,,7;18;62,0.0,2.0,0.0,0.0,0.0,0.0,0.0,0.0
hotpotqa_5abc039a5542993f40c73c49,hotpotqa,hotpotqa_oncu_200,dense,5,220,40,multi_hop,16000,scattered,low,unknown,p0001;p0002,p0007;p0010,7;18;62;51;30,2.0,2.0,0.0,0.0,0.0,0.0,0.0,1.0
hotpotqa_5abc039a5542993f40c73c49,hotpotqa,hotpotqa_oncu_200,dense,8,220,40,multi_hop,16000,scattered,low,unknown,p0001;p0002,p0007;p0010,7;18;62;51;30;78;40;2,2.0,2.0,0.0,0.0,0.0,0.0,0.0,1.0
hotpotqa_5abc039a5542993f40c73c49,hotpotqa,hotpotqa_oncu_200,dense,16,220,40,multi_hop,16000,scattered,low,unknown,p0001;p0002,p0007;p0010;p0002,7;18;62;51;30;78;40;2;13;84;67;57;73;66;44;24,3.0,2.0,1.0,0.0,0.3333333333333333,0.5,0.4,0.6666666666666666
hotpotqa_5abc039a5542993f40c73c49,hotpotqa,hotpotqa_oncu_200,hybrid,3,220,40,multi_hop,16000,scattered,low,unknown,p0001;p0002,,7;18;51,0.0,2.0,0.0,0.0,0.0,0.0,0.0,0.0
hotpotqa_5abc039a5542993f40c73c49,hotpotqa,hotpotqa_oncu_200,hybrid,5,220,40,multi_hop,16000,scattered,low,unknown,p0001;p0002,,7;18;51;62;78,0.0,2.0,0.0,0.0,0.0,0.0,0.0,0.0
hotpotqa_5abc039a5542993f40c73c49,hotpotqa,hotpotqa_oncu_200,hybrid,8,220,40,multi_hop,16000,scattered,low,unknown,p0001;p0002,p0001,7;18;51;62;78;40;8;2,1.0,2.0,1.0,0.0,1.0,0.5,0.6666666666666666,0.0
hotpotqa_5abc039a5542993f40c73c49,hotpotqa,hotpotqa_oncu_200,hybrid,16,220,40,multi_hop,16000,scattered,low,unknown,p0001;p0002,p0001,7;18;51;62;78;40;8;2;57;73;1;67;13;12;84;45,1.0,2.0,1.0,0.0,1.0,0.5,0.6666666666666666,0.0
hotpotqa_5abc039a5542993f40c73c49,hotpotqa,hotpotqa_oncu_200,iterative,3,220,40,multi_hop,16000,scattered,low,unknown,p0001;p0002,p0001,8;7;51,1.0,2.0,1.0,0.0,1.0,0.5,0.6666666666666666,0.0
hotpotqa_5abc039a5542993f40c73c49,hotpotqa,hotpotqa_oncu_200,iterative,5,220,40,multi_hop,16000,scattered,low,unknown,p0001;p0002,p0001,8;7;51;2;73,1.0,2.0,1.0,0.0,1.0,0.5,0.6666666666666666,0.0
hotpotqa_5abc039a5542993f40c73c49,hotpotqa,hotpotqa_oncu_200,iterative,8,220,40,multi_hop,16000,scattered,low,unknown,p0001;p0002,p0001,8;7;51;2;73;18;13;84,1.0,2.0,1.0,0.0,1.0,0.5,0.6666666666666666,0.0
hotpotqa_5abc039a5542993f40c73c49,hotpotqa,hotpotqa_oncu_200,iterative,16,220,40,multi_hop,16000,scattered,low,unknown,p0001;p0002,p0001;p0007;p0010,8;7;51;2;73;18;13;84;35;57;62;46;24;40;78;30,3.0,2.0,1.0,0.0,0.3333333333333333,0.5,0.4,0.6666666666666666
hotpotqa_5abc039a5542993f40c73c49,hotpotqa,hotpotqa_oncu_200,oracle,3,220,40,multi_hop,16000,scattered,low,unknown,p0001;p0002,p0001;p0002,0;1,2.0,2.0,1.0,1.0,1.0,1.0,1.0,0.0
hotpotqa_5abc039a5542993f40c73c49,hotpotqa,hotpotqa_oncu_200,oracle,5,220,40,multi_hop,16000,scattered,low,unknown,p0001;p0002,p0001;p0002,0;1,2.0,2.0,1.0,1.0,1.0,1.0,1.0,0.0
hotpotqa_5abc039a5542993f40c73c49,hotpotqa,hotpotqa_oncu_200,oracle,8,220,40,multi_hop,16000,scattered,low,unknown,p0001;p0002,p0001;p0002,0;1,2.0,2.0,1.0,1.0,1.0,1.0,1.0,0.0
hotpotqa_5abc039a5542993f40c73c49,hotpotqa,hotpotqa_oncu_200,oracle,16,220,40,multi_hop,16000,scattered,low,unknown,p0001;p0002,p0001;p0002,0;1,2.0,2.0,1.0,1.0,1.0,1.0,1.0,0.0
hotpotqa_5a88fc4255429938390d4019,hotpotqa,hotpotqa_oncu_200,lexical,3,220,40,multi_hop,4000,front,medium,unknown,p0001;p0002;p0003;p0004;p0005,p0002;p0003;p0004;p0005;p0001,1;0;13,5.0,5.0,1.0,1.0,1.0,1.0,1.0,0.0
hotpotqa_5a88fc4255429938390d4019,hotpotqa,hotpotqa_oncu_200,lexical,5,220,40,multi_hop,4000,front,medium,unknown,p0001;p0002;p0003;p0004;p0005,p0002;p0003;p0004;p0005;p0001;p0007;p0009;p0010;p0011,1;0;13;5;7,9.0,5.0,1.0,1.0,0.5555555555555556,1.0,0.7142857142857143,0.4444444444444444
hotpotqa_5a88fc4255429938390d4019,hotpotqa,hotpotqa_oncu_200,lexical,8,220,40,multi_hop,4000,front,medium,unknown,p0001;p0002;p0003;p0004;p0005,p0002;p0003;p0004;p0005;p0001;p0007;p0009;p0010;p0011,1;0;13;5;7;17;11;3,9.0,5.0,1.0,1.0,0.5555555555555556,1.0,0.7142857142857143,0.4444444444444444
hotpotqa_5a88fc4255429938390d4019,hotpotqa,hotpotqa_oncu_200,lexical,16,220,40,multi_hop,4000,front,medium,unknown,p0001;p0002;p0003;p0004;p0005,p0002;p0003;p0004;p0005;p0001;p0007;p0009;p0010;p0011;p0012;p0013;p0014;p0006,1;0;13;5;7;17;11;3;9;15;19;21;18;16;20;6,13.0,5.0,1.0,1.0,0.38461538461538464,1.0,0.5555555555555556,0.6153846153846154
hotpotqa_5a88fc4255429938390d4019,hotpotqa,hotpotqa_oncu_200,dense,3,220,40,multi_hop,4000,front,medium,unknown,p0001;p0002;p0003;p0004;p0005,p0002;p0003;p0004;p0005,1;21;17,4.0,5.0,1.0,0.0,1.0,0.8,0.888888888888889,0.0
hotpotqa_5a88fc4255429938390d4019,hotpotqa,hotpotqa_oncu_200,dense,5,220,40,multi_hop,4000,front,medium,unknown,p0001;p0002;p0003;p0004;p0005,p0002;p0003;p0004;p0005,1;21;17;5;13,4.0,5.0,1.0,0.0,1.0,0.8,0.888888888888889,0.0
hotpotqa_5a88fc4255429938390d4019,hotpotqa,hotpotqa_oncu_200,dense,8,220,40,multi_hop,4000,front,medium,unknown,p0001;p0002;p0003;p0004;p0005,p0002;p0003;p0004;p0005;p0001,1;21;17;5;13;20;0;2,5.0,5.0,1.0,1.0,1.0,1.0,1.0,0.0
hotpotqa_5a88fc4255429938390d4019,hotpotqa,hotpotqa_oncu_200,dense,16,220,40,multi_hop,4000,front,medium,unknown,p0001;p0002;p0003;p0004;p0005,p0002;p0003;p0004;p0005;p0001;p0011;p0012;p0007;p0009;p0010;p0013;p0014,1;21;17;5;13;20;0;2;16;8;7;10;4;14;12;9,12.0,5.0,1.0,1.0,0.4166666666666667,1.0,0.5882352941176471,0.5833333333333334
hotpotqa_5a88fc4255429938390d4019,hotpotqa,hotpotqa_oncu_200,hybrid,3,220,40,multi_hop,4000,front,medium,unknown,p0001;p0002;p0003;p0004;p0005,p0002;p0003;p0004;p0005,1;13;5,4.0,5.0,1.0,0.0,1.0,0.8,0.888888888888889,0.0
hotpotqa_5a88fc4255429938390d4019,hotpotqa,hotpotqa_oncu_200,hybrid,5,220,40,multi_hop,4000,front,medium,unknown,p0001;p0002;p0003;p0004;p0005,p0002;p0003;p0004;p0005;p0001,1;13;5;0;17,5.0,5.0,1.0,1.0,1.0,1.0,1.0,0.0
hotpotqa_5a88fc4255429938390d4019,hotpotqa,hotpotqa_oncu_200,hybrid,8,220,40,multi_hop,4000,front,medium,unknown,p0001;p0002;p0003;p0004;p0005,p0002;p0003;p0004;p0005;p0001;p0007;p0009;p0010;p0011,1;13;5;0;17;21;7;20,9.0,5.0,1.0,1.0,0.5555555555555556,1.0,0.7142857142857143,0.4444444444444444
hotpotqa_5a88fc4255429938390d4019,hotpotqa,hotpotqa_oncu_200,hybrid,16,220,40,multi_hop,4000,front,medium,unknown,p0001;p0002;p0003;p0004;p0005,p0002;p0003;p0004;p0005;p0001;p0007;p0009;p0010;p0011;p0012;p0013;p0014,1;13;5;0;17;21;7;20;16;9;11;2;3;8;15;19,12.0,5.0,1.0,1.0,0.4166666666666667,1.0,0.5882352941176471,0.5833333333333334
hotpotqa_5a88fc4255429938390d4019,hotpotqa,hotpotqa_oncu_200,iterative,3,220,40,multi_hop,4000,front,medium,unknown,p0001;p0002;p0003;p0004;p0005,p0002;p0003;p0004;p0005;p0001,1;0;13,5.0,5.0,1.0,1.0,1.0,1.0,1.0,0.0
hotpotqa_5a88fc4255429938390d4019,hotpotqa,hotpotqa_oncu_200,iterative,5,220,40,multi_hop,4000,front,medium,unknown,p0001;p0002;p0003;p0004;p0005,p0002;p0003;p0004;p0005;p0001;p0007;p0009;p0010;p0011,1;0;13;7;5,9.0,5.0,1.0,1.0,0.5555555555555556,1.0,0.7142857142857143,0.4444444444444444
hotpotqa_5a88fc4255429938390d4019,hotpotqa,hotpotqa_oncu_200,iterative,8,220,40,multi_hop,4000,front,medium,unknown,p0001;p0002;p0003;p0004;p0005,p0002;p0003;p0004;p0005;p0001;p0007;p0009;p0010;p0011;p0012;p0013;p0014,1;0;13;7;5;17;9;3,12.0,5.0,1.0,1.0,0.4166666666666667,1.0,0.5882352941176471,0.5833333333333334
hotpotqa_5a88fc4255429938390d4019,hotpotqa,hotpotqa_oncu_200,iterative,16,220,40,multi_hop,4000,front,medium,unknown,p0001;p0002;p0003;p0004;p0005,p0002;p0003;p0004;p0005;p0001;p0007;p0009;p0010;p0011;p0012;p0013;p0014;p0006,1;0;13;7;5;17;9;3;11;21;6;16;15;20;19;18,13.0,5.0,1.0,1.0,0.38461538461538464,1.0,0.5555555555555556,0.6153846153846154
hotpotqa_5a88fc4255429938390d4019,hotpotqa,hotpotqa_oncu_200,oracle,3,220,40,multi_hop,4000,front,medium,unknown,p0001;p0002;p0003;p0004;p0005,p0001;p0002;p0003,0;1;2,3.0,5.0,1.0,0.0,1.0,0.6,0.7499999999999999,0.0
hotpotqa_5a88fc4255429938390d4019,hotpotqa,hotpotqa_oncu_200,oracle,5,220,40,multi_hop,4000,front,medium,unknown,p0001;p0002;p0003;p0004;p0005,p0001;p0002;p0003;p0004;p0005,0;1;2;3;4,5.0,5.0,1.0,1.0,1.0,1.0,1.0,0.0
hotpotqa_5a88fc4255429938390d4019,hotpotqa,hotpotqa_oncu_200,oracle,8,220,40,multi_hop,4000,front,medium,unknown,p0001;p0002;p0003;p0004;p0005,p0001;p0002;p0003;p0004;p0005,0;1;2;3;4,5.0,5.0,1.0,1.0,1.0,1.0,1.0,0.0
hotpotqa_5a88fc4255429938390d4019,hotpotqa,hotpotqa_oncu_200,oracle,16,220,40,multi_hop,4000,front,medium,unknown,p0001;p0002;p0003;p0004;p0005,p0001;p0002;p0003;p0004;p0005,0;1;2;3;4,5.0,5.0,1.0,1.0,1.0,1.0,1.0,0.0
hotpotqa_5a82fe5055429966c78a6ad3,hotpotqa,hotpotqa_oncu_200,lexical,3,220,40,multi_hop,8000,middle,medium,unknown,p0001;p0002;p0003;p0004,p0001;p0002;p0003;p0004,22;21;24,4.0,4.0,1.0,1.0,1.0,1.0,1.0,0.0
hotpotqa_5a82fe5055429966c78a6ad3,hotpotqa,hotpotqa_oncu_200,lexical,5,220,40,multi_hop,8000,middle,medium,unknown,p0001;p0002;p0003;p0004,p0001;p0002;p0003;p0004,22;21;24;38;31,4.0,4.0,1.0,1.0,1.0,1.0,1.0,0.0
hotpotqa_5a82fe5055429966c78a6ad3,hotpotqa,hotpotqa_oncu_200,lexical,8,220,40,multi_hop,8000,middle,medium,unknown,p0001;p0002;p0003;p0004,p0001;p0002;p0003;p0004,22;21;24;38;31;30;37;9,4.0,4.0,1.0,1.0,1.0,1.0,1.0,0.0
hotpotqa_5a82fe5055429966c78a6ad3,hotpotqa,hotpotqa_oncu_200,lexical,16,220,40,multi_hop,8000,middle,medium,unknown,p0001;p0002;p0003;p0004,p0001;p0002;p0003;p0004;p0008;p0009;p0010,22;21;24;38;31;30;37;9;23;2;14;28;44;35;42;6,7.0,4.0,1.0,1.0,0.5714285714285714,1.0,0.7272727272727273,0.42857142857142855
hotpotqa_5a82fe5055429966c78a6ad3,hotpotqa,hotpotqa_oncu_200,dense,3,220,40,multi_hop,8000,middle,medium,unknown,p0001;p0002;p0003;p0004,p0001;p0002;p0003;p0004;p0008;p0009;p0010,22;2;14,7.0,4.0,1.0,1.0,0.5714285714285714,1.0,0.7272727272727273,0.42857142857142855
hotpotqa_5a82fe5055429966c78a6ad3,hotpotqa,hotpotqa_oncu_200,dense,5,220,40,multi_hop,8000,middle,medium,unknown,p0001;p0002;p0003;p0004,p0001;p0002;p0003;p0004;p0008;p0009;p0010,22;2;14;9;24,7.0,4.0,1.0,1.0,0.5714285714285714,1.0,0.7272727272727273,0.42857142857142855
hotpotqa_5a82fe5055429966c78a6ad3,hotpotqa,hotpotqa_oncu_200,dense,8,220,40,multi_hop,8000,middle,medium,unknown,p0001;p0002;p0003;p0004,p0001;p0002;p0003;p0004;p0008;p0009;p0010;p0007,22;2;14;9;24;31;13;8,8.0,4.0,1.0,1.0,0.5,1.0,0.6666666666666666,0.5
hotpotqa_5a82fe5055429966c78a6ad3,hotpotqa,hotpotqa_oncu_200,dense,16,220,40,multi_hop,8000,middle,medium,unknown,p0001;p0002;p0003;p0004,p0001;p0002;p0003;p0004;p0008;p0009;p0010;p0007,22;2;14;9;24;31;13;8;1;38;44;37;30;42;23;35,8.0,4.0,1.0,1.0,0.5,1.0,0.6666666666666666,0.5
hotpotqa_5a82fe5055429966c78a6ad3,hotpotqa,hotpotqa_oncu_200,hybrid,3,220,40,multi_hop,8000,middle,medium,unknown,p0001;p0002;p0003;p0004,p0001;p0002;p0003;p0004,22;24;31,4.0,4.0,1.0,1.0,1.0,1.0,1.0,0.0
hotpotqa_5a82fe5055429966c78a6ad3,hotpotqa,hotpotqa_oncu_200,hybrid,5,220,40,multi_hop,8000,middle,medium,unknown,p0001;p0002;p0003;p0004,p0001;p0002;p0003;p0004,22;24;31;2;9,4.0,4.0,1.0,1.0,1.0,1.0,1.0,0.0
hotpotqa_5a82fe5055429966c78a6ad3,hotpotqa,hotpotqa_oncu_200,hybrid,8,220,40,multi_hop,8000,middle,medium,unknown,p0001;p0002;p0003;p0004,p0001;p0002;p0003;p0004;p0008;p0009;p0010,22;24;31;2;9;14;38;30,7.0,4.0,1.0,1.0,0.5714285714285714,1.0,0.7272727272727273,0.42857142857142855
hotpotqa_5a82fe5055429966c78a6ad3,hotpotqa,hotpotqa_oncu_200,hybrid,16,220,40,multi_hop,8000,middle,medium,unknown,p0001;p0002;p0003;p0004,p0001;p0002;p0003;p0004;p0008;p0009;p0010;p0012,22;24;31;2;9;14;38;30;37;21;23;44;42;35;28;16,8.0,4.0,1.0,1.0,0.5,1.0,0.6666666666666666,0.5
hotpotqa_5a82fe5055429966c78a6ad3,hotpotqa,hotpotqa_oncu_200,iterative,3,220,40,multi_hop,8000,middle,medium,unknown,p0001;p0002;p0003;p0004,p0001;p0002;p0003;p0004,22;21;38,4.0,4.0,1.0,1.0,1.0,1.0,1.0,0.0
hotpotqa_5a82fe5055429966c78a6ad3,hotpotqa,hotpotqa_oncu_200,iterative,5,220,40,multi_hop,8000,middle,medium,unknown,p0001;p0002;p0003;p0004,p0001;p0002;p0003;p0004,22;21;38;24;31,4.0,4.0,1.0,1.0,1.0,1.0,1.0,0.0
hotpotqa_5a82fe5055429966c78a6ad3,hotpotqa,hotpotqa_oncu_200,iterative,8,220,40,multi_hop,8000,middle,medium,unknown,p0001;p0002;p0003;p0004,p0001;p0002;p0003;p0004;p0008;p0009;p0010,22;21;38;24;31;14;30;28,7.0,4.0,1.0,1.0,0.5714285714285714,1.0,0.7272727272727273,0.42857142857142855
hotpotqa_5a82fe5055429966c78a6ad3,hotpotqa,hotpotqa_oncu_200,iterative,16,220,40,multi_hop,8000,middle,medium,unknown,p0001;p0002;p0003;p0004,p0001;p0002;p0003;p0004;p0008;p0009;p0010;p0006,22;21;38;24;31;14;30;28;9;36;23;37;35;43;7;12,8.0,4.0,1.0,1.0,0.5,1.0,0.6666666666666666,0.5
hotpotqa_5a82fe5055429966c78a6ad3,hotpotqa,hotpotqa_oncu_200,oracle,3,220,40,multi_hop,8000,middle,medium,unknown,p0001;p0002;p0003;p0004,p0001;p0002;p0003,0;1;2,3.0,4.0,1.0,0.0,1.0,0.75,0.8571428571428571,0.0
hotpotqa_5a82fe5055429966c78a6ad3,hotpotqa,hotpotqa_oncu_200,oracle,5,220,40,multi_hop,8000,middle,medium,unknown,p0001;p0002;p0003;p0004,p0001;p0002;p0003;p0004,0;1;2;3,4.0,4.0,1.0,1.0,1.0,1.0,1.0,0.0
hotpotqa_5a82fe5055429966c78a6ad3,hotpotqa,hotpotqa_oncu_200,oracle,8,220,40,multi_hop,8000,middle,medium,unknown,p0001;p0002;p0003;p0004,p0001;p0002;p0003;p0004,0;1;2;3,4.0,4.0,1.0,1.0,1.0,1.0,1.0,0.0
hotpotqa_5a82fe5055429966c78a6ad3,hotpotqa,hotpotqa_oncu_200,oracle,16,220,40,multi_hop,8000,middle,medium,unknown,p0001;p0002;p0003;p0004,p0001;p0002;p0003;p0004,0;1;2;3,4.0,4.0,1.0,1.0,1.0,1.0,1.0,0.0
hotpotqa_5ae3205c55429928c423961e,hotpotqa,hotpotqa_oncu_200,lexical,3,220,40,multi_hop,16000,end,low,unknown,p0001;p0002,p0001;p0002,77;78;39,2.0,2.0,1.0,1.0,1.0,1.0,1.0,0.0
hotpotqa_5ae3205c55429928c423961e,hotpotqa,hotpotqa_oncu_200,lexical,5,220,40,multi_hop,16000,end,low,unknown,p0001;p0002,p0001;p0002,77;78;39;88;43,2.0,2.0,1.0,1.0,1.0,1.0,1.0,0.0
hotpotqa_5ae3205c55429928c423961e,hotpotqa,hotpotqa_oncu_200,lexical,8,220,40,multi_hop,16000,end,low,unknown,p0001;p0002,p0001;p0002,77;78;39;88;43;35;55;47,2.0,2.0,1.0,1.0,1.0,1.0,1.0,0.0
hotpotqa_5ae3205c55429928c423961e,hotpotqa,hotpotqa_oncu_200,lexical,16,220,40,multi_hop,16000,end,low,unknown,p0001;p0002,p0001;p0002;p0003,77;78;39;88;43;35;55;47;26;63;71;27;6;51;22;59,3.0,2.0,1.0,1.0,0.6666666666666666,1.0,0.8,0.3333333333333333
hotpotqa_5ae3205c55429928c423961e,hotpotqa,hotpotqa_oncu_200,dense,3,220,40,multi_hop,16000,end,low,unknown,p0001;p0002,p0002;p0001,78;77;9,2.0,2.0,1.0,1.0,1.0,1.0,1.0,0.0
hotpotqa_5ae3205c55429928c423961e,hotpotqa,hotpotqa_oncu_200,dense,5,220,40,multi_hop,16000,end,low,unknown,p0001;p0002,p0002;p0001,78;77;9;6;10,2.0,2.0,1.0,1.0,1.0,1.0,1.0,0.0
hotpotqa_5ae3205c55429928c423961e,hotpotqa,hotpotqa_oncu_200,dense,8,220,40,multi_hop,16000,end,low,unknown,p0001;p0002,p0002;p0001,78;77;9;6;10;1;5;82,2.0,2.0,1.0,1.0,1.0,1.0,1.0,0.0
hotpotqa_5ae3205c55429928c423961e,hotpotqa,hotpotqa_oncu_200,dense,16,220,40,multi_hop,16000,end,low,unknown,p0001;p0002,p0002;p0001;p0008;p0010,78;77;9;6;10;1;5;82;13;63;71;55;2;53;30;59,4.0,2.0,1.0,1.0,0.5,1.0,0.6666666666666666,0.5
hotpotqa_5ae3205c55429928c423961e,hotpotqa,hotpotqa_oncu_200,hybrid,3,220,40,multi_hop,16000,end,low,unknown,p0001;p0002,p0001;p0002,77;78;6,2.0,2.0,1.0,1.0,1.0,1.0,1.0,0.0
hotpotqa_5ae3205c55429928c423961e,hotpotqa,hotpotqa_oncu_200,hybrid,5,220,40,multi_hop,16000,end,low,unknown,p0001;p0002,p0001;p0002,77;78;6;55;63,2.0,2.0,1.0,1.0,1.0,1.0,1.0,0.0
hotpotqa_5ae3205c55429928c423961e,hotpotqa,hotpotqa_oncu_200,hybrid,8,220,40,multi_hop,16000,end,low,unknown,p0001;p0002,p0001;p0002,77;78;6;55;63;10;71;47,2.0,2.0,1.0,1.0,1.0,1.0,1.0,0.0
hotpotqa_5ae3205c55429928c423961e,hotpotqa,hotpotqa_oncu_200,hybrid,16,220,40,multi_hop,16000,end,low,unknown,p0001;p0002,p0001;p0002,77;78;6;55;63;10;71;47;43;59;39;51;2;67;88;79,2.0,2.0,1.0,1.0,1.0,1.0,1.0,0.0
hotpotqa_5ae3205c55429928c423961e,hotpotqa,hotpotqa_oncu_200,iterative,3,220,40,multi_hop,16000,end,low,unknown,p0001;p0002,p0001;p0002,77;78;81,2.0,2.0,1.0,1.0,1.0,1.0,1.0,0.0
hotpotqa_5ae3205c55429928c423961e,hotpotqa,hotpotqa_oncu_200,iterative,5,220,40,multi_hop,16000,end,low,unknown,p0001;p0002,p0001;p0002,77;78;81;8;12,2.0,2.0,1.0,1.0,1.0,1.0,1.0,0.0
hotpotqa_5ae3205c55429928c423961e,hotpotqa,hotpotqa_oncu_200,iterative,8,220,40,multi_hop,16000,end,low,unknown,p0001;p0002,p0001;p0002,77;78;81;8;12;39;88;16,2.0,2.0,1.0,1.0,1.0,1.0,1.0,0.0
hotpotqa_5ae3205c55429928c423961e,hotpotqa,hotpotqa_oncu_200,iterative,16,220,40,multi_hop,16000,end,low,unknown,p0001;p0002,p0001;p0002,77;78;81;8;12;39;88;16;73;43;36;85;26;48;0;40,2.0,2.0,1.0,1.0,1.0,1.0,1.0,0.0
hotpotqa_5ae3205c55429928c423961e,hotpotqa,hotpotqa_oncu_200,oracle,3,220,40,multi_hop,16000,end,low,unknown,p0001;p0002,p0001;p0002,0;1,2.0,2.0,1.0,1.0,1.0,1.0,1.0,0.0
hotpotqa_5ae3205c55429928c423961e,hotpotqa,hotpotqa_oncu_200,oracle,5,220,40,multi_hop,16000,end,low,unknown,p0001;p0002,p0001;p0002,0;1,2.0,2.0,1.0,1.0,1.0,1.0,1.0,0.0
hotpotqa_5ae3205c55429928c423961e,hotpotqa,hotpotqa_oncu_200,oracle,8,220,40,multi_hop,16000,end,low,unknown,p0001;p0002,p0001;p0002,0;1,2.0,2.0,1.0,1.0,1.0,1.0,1.0,0.0
hotpotqa_5ae3205c55429928c423961e,hotpotqa,hotpotqa_oncu_200,oracle,16,220,40,multi_hop,16000,end,low,unknown,p0001;p0002,p0001;p0002,0;1,2.0,2.0,1.0,1.0,1.0,1.0,1.0,0.0
hotpotqa_5a8b4a5f55429949d91db531,hotpotqa,hotpotqa_oncu_200,lexical,3,220,40,multi_hop,4000,scattered,low,unknown,p0001;p0002,p0002,10;11;18,1.0,2.0,1.0,0.0,1.0,0.5,0.6666666666666666,0.0
hotpotqa_5a8b4a5f55429949d91db531,hotpotqa,hotpotqa_oncu_200,lexical,5,220,40,multi_hop,4000,scattered,low,unknown,p0001;p0002,p0002,10;11;18;4;21,1.0,2.0,1.0,0.0,1.0,0.5,0.6666666666666666,0.0
hotpotqa_5a8b4a5f55429949d91db531,hotpotqa,hotpotqa_oncu_200,lexical,8,220,40,multi_hop,4000,scattered,low,unknown,p0001;p0002,p0002,10;11;18;4;21;13;19;5,1.0,2.0,1.0,0.0,1.0,0.5,0.6666666666666666,0.0
hotpotqa_5a8b4a5f55429949d91db531,hotpotqa,hotpotqa_oncu_200,lexical,16,220,40,multi_hop,4000,scattered,low,unknown,p0001;p0002,p0002;p0010;p0011;p0012;p0001,10;11;18;4;21;13;19;5;16;2;0;14;8;17;3;1,5.0,2.0,1.0,1.0,0.4,1.0,0.5714285714285715,0.6
hotpotqa_5a8b4a5f55429949d91db531,hotpotqa,hotpotqa_oncu_200,dense,3,220,40,multi_hop,4000,scattered,low,unknown,p0001;p0002,,19;5;11,0.0,2.0,0.0,0.0,0.0,0.0,0.0,0.0
hotpotqa_5a8b4a5f55429949d91db531,hotpotqa,hotpotqa_oncu_200,dense,5,220,40,multi_hop,4000,scattered,low,unknown,p0001;p0002,,19;5;11;16;14,0.0,2.0,0.0,0.0,0.0,0.0,0.0,0.0
hotpotqa_5a8b4a5f55429949d91db531,hotpotqa,hotpotqa_oncu_200,dense,8,220,40,multi_hop,4000,scattered,low,unknown,p0001;p0002,p0010;p0011;p0012,19;5;11;16;14;21;2;8,3.0,2.0,0.0,0.0,0.0,0.0,0.0,1.0
hotpotqa_5a8b4a5f55429949d91db531,hotpotqa,hotpotqa_oncu_200,dense,16,220,40,multi_hop,4000,scattered,low,unknown,p0001;p0002,p0010;p0011;p0012;p0004;p0005;p0007;p0002,19;5;11;16;14;21;2;8;6;10;17;0;3;13;20;4,7.0,2.0,1.0,0.0,0.14285714285714285,0.5,0.22222222222222224,0.8571428571428571
hotpotqa_5a8b4a5f55429949d91db531,hotpotqa,hotpotqa_oncu_200,hybrid,3,220,40,multi_hop,4000,scattered,low,unknown,p0001;p0002,,11;19;5,0.0,2.0,0.0,0.0,0.0,0.0,0.0,0.0
hotpotqa_5a8b4a5f55429949d91db531,hotpotqa,hotpotqa_oncu_200,hybrid,5,220,40,multi_hop,4000,scattered,low,unknown,p0001;p0002,p0002,11;19;5;10;21,1.0,2.0,1.0,0.0,1.0,0.5,0.6666666666666666,0.0
hotpotqa_5a8b4a5f55429949d91db531,hotpotqa,hotpotqa_oncu_200,hybrid,8,220,40,multi_hop,4000,scattered,low,unknown,p0001;p0002,p0002,11;19;5;10;21;16;14;2,1.0,2.0,1.0,0.0,1.0,0.5,0.6666666666666666,0.0
hotpotqa_5a8b4a5f55429949d91db531,hotpotqa,hotpotqa_oncu_200,hybrid,16,220,40,multi_hop,4000,scattered,low,unknown,p0001;p0002,p0002;p0010;p0011;p0012;p0004;p0005;p0007,11;19;5;10;21;16;14;2;4;18;13;8;0;17;3;6,7.0,2.0,1.0,0.0,0.14285714285714285,0.5,0.22222222222222224,0.8571428571428571
hotpotqa_5a8b4a5f55429949d91db531,hotpotqa,hotpotqa_oncu_200,iterative,3,220,40,multi_hop,4000,scattered,low,unknown,p0001;p0002,p0002,18;10;4,1.0,2.0,1.0,0.0,1.0,0.5,0.6666666666666666,0.0
hotpotqa_5a8b4a5f55429949d91db531,hotpotqa,hotpotqa_oncu_200,iterative,5,220,40,multi_hop,4000,scattered,low,unknown,p0001;p0002,p0002,18;10;4;21;13,1.0,2.0,1.0,0.0,1.0,0.5,0.6666666666666666,0.0
hotpotqa_5a8b4a5f55429949d91db531,hotpotqa,hotpotqa_oncu_200,iterative,8,220,40,multi_hop,4000,scattered,low,unknown,p0001;p0002,p0002;p0001,18;10;4;21;13;1;11;15,2.0,2.0,1.0,1.0,1.0,1.0,1.0,0.0
hotpotqa_5a8b4a5f55429949d91db531,hotpotqa,hotpotqa_oncu_200,iterative,16,220,40,multi_hop,4000,scattered,low,unknown,p0001;p0002,p0002;p0001;p0010;p0011;p0012,18;10;4;21;13;1;11;15;8;9;16;19;0;17;5;14,5.0,2.0,1.0,1.0,0.4,1.0,0.5714285714285715,0.6
hotpotqa_5a8b4a5f55429949d91db531,hotpotqa,hotpotqa_oncu_200,oracle,3,220,40,multi_hop,4000,scattered,low,unknown,p0001;p0002,p0001;p0002,0;1,2.0,2.0,1.0,1.0,1.0,1.0,1.0,0.0
hotpotqa_5a8b4a5f55429949d91db531,hotpotqa,hotpotqa_oncu_200,oracle,5,220,40,multi_hop,4000,scattered,low,unknown,p0001;p0002,p0001;p0002,0;1,2.0,2.0,1.0,1.0,1.0,1.0,1.0,0.0
hotpotqa_5a8b4a5f55429949d91db531,hotpotqa,hotpotqa_oncu_200,oracle,8,220,40,multi_hop,4000,scattered,low,unknown,p0001;p0002,p0001;p0002,0;1,2.0,2.0,1.0,1.0,1.0,1.0,1.0,0.0
hotpotqa_5a8b4a5f55429949d91db531,hotpotqa,hotpotqa_oncu_200,oracle,16,220,40,multi_hop,4000,scattered,low,unknown,p0001;p0002,p0001;p0002,0;1,2.0,2.0,1.0,1.0,1.0,1.0,1.0,0.0
hotpotqa_5a8c5c6f554299653c1aa04d,hotpotqa,hotpotqa_oncu_200,lexical,3,220,40,multi_hop,8000,front,low,unknown,p0001;p0002,,20;41;8,0.0,2.0,0.0,0.0,0.0,0.0,0.0,0.0
hotpotqa_5a8c5c6f554299653c1aa04d,hotpotqa,hotpotqa_oncu_200,lexical,5,220,40,multi_hop,8000,front,low,unknown,p0001;p0002,,20;41;8;21;37,0.0,2.0,0.0,0.0,0.0,0.0,0.0,0.0
hotpotqa_5a8c5c6f554299653c1aa04d,hotpotqa,hotpotqa_oncu_200,lexical,8,220,40,multi_hop,8000,front,low,unknown,p0001;p0002,,20;41;8;21;37;28;24;12,0.0,2.0,0.0,0.0,0.0,0.0,0.0,0.0
hotpotqa_5a8c5c6f554299653c1aa04d,hotpotqa,hotpotqa_oncu_200,lexical,16,220,40,multi_hop,8000,front,low,unknown,p0001;p0002,p0003;p0004;p0005,20;41;8;21;37;28;24;12;0;33;13;29;25;9;14;40,3.0,2.0,0.0,0.0,0.0,0.0,0.0,1.0
hotpotqa_5a8c5c6f554299653c1aa04d,hotpotqa,hotpotqa_oncu_200,dense,3,220,40,multi_hop,8000,front,low,unknown,p0001;p0002,p0001;p0002,1;8;4,2.0,2.0,1.0,1.0,1.0,1.0,1.0,0.0
hotpotqa_5a8c5c6f554299653c1aa04d,hotpotqa,hotpotqa_oncu_200,dense,5,220,40,multi_hop,8000,front,low,unknown,p0001;p0002,p0001;p0002,1;8;4;5;12,2.0,2.0,1.0,1.0,1.0,1.0,1.0,0.0
hotpotqa_5a8c5c6f554299653c1aa04d,hotpotqa,hotpotqa_oncu_200,dense,8,220,40,multi_hop,8000,front,low,unknown,p0001;p0002,p0001;p0002,1;8;4;5;12;19;9;29,2.0,2.0,1.0,1.0,1.0,1.0,1.0,0.0
hotpotqa_5a8c5c6f554299653c1aa04d,hotpotqa,hotpotqa_oncu_200,dense,16,220,40,multi_hop,8000,front,low,unknown,p0001;p0002,p0001;p0002;p0004;p0005;p0007;p0010,1;8;4;5;12;19;9;29;34;20;6;14;21;33;16;41,6.0,2.0,1.0,1.0,0.3333333333333333,1.0,0.5,0.6666666666666666
hotpotqa_5a8c5c6f554299653c1aa04d,hotpotqa,hotpotqa_oncu_200,hybrid,3,220,40,multi_hop,8000,front,low,unknown,p0001;p0002,,8;20;12,0.0,2.0,0.0,0.0,0.0,0.0,0.0,0.0
hotpotqa_5a8c5c6f554299653c1aa04d,hotpotqa,hotpotqa_oncu_200,hybrid,5,220,40,multi_hop,8000,front,low,unknown,p0001;p0002,,8;20;12;21;41,0.0,2.0,0.0,0.0,0.0,0.0,0.0,0.0
hotpotqa_5a8c5c6f554299653c1aa04d,hotpotqa,hotpotqa_oncu_200,hybrid,8,220,40,multi_hop,8000,front,low,unknown,p0001;p0002,,8;20;12;21;41;29;9;4,0.0,2.0,0.0,0.0,0.0,0.0,0.0,0.0
hotpotqa_5a8c5c6f554299653c1aa04d,hotpotqa,hotpotqa_oncu_200,hybrid,16,220,40,multi_hop,8000,front,low,unknown,p0001;p0002,p0004;p0005;p0001;p0002,8;20;12;21;41;29;9;4;5;33;24;14;28;37;19;1,4.0,2.0,1.0,1.0,0.5,1.0,0.6666666666666666,0.5
hotpotqa_5a8c5c6f554299653c1aa04d,hotpotqa,hotpotqa_oncu_200,iterative,3,220,40,multi_hop,8000,front,low,unknown,p0001;p0002,,20;28;24,0.0,2.0,0.0,0.0,0.0,0.0,0.0,0.0
hotpotqa_5a8c5c6f554299653c1aa04d,hotpotqa,hotpotqa_oncu_200,iterative,5,220,40,multi_hop,8000,front,low,unknown,p0001;p0002,,20;28;24;8;12,0.0,2.0,0.0,0.0,0.0,0.0,0.0,0.0
hotpotqa_5a8c5c6f554299653c1aa04d,hotpotqa,hotpotqa_oncu_200,iterative,8,220,40,multi_hop,8000,front,low,unknown,p0001;p0002,,20;28;24;8;12;41;40;37,0.0,2.0,0.0,0.0,0.0,0.0,0.0,0.0
hotpotqa_5a8c5c6f554299653c1aa04d,hotpotqa,hotpotqa_oncu_200,iterative,16,220,40,multi_hop,8000,front,low,unknown,p0001;p0002,p0011;p0012,20;28;24;8;12;41;40;37;32;17;21;36;33;0;29;4,2.0,2.0,0.0,0.0,0.0,0.0,0.0,1.0
hotpotqa_5a8c5c6f554299653c1aa04d,hotpotqa,hotpotqa_oncu_200,oracle,3,220,40,multi_hop,8000,front,low,unknown,p0001;p0002,p0001;p0002,0;1,2.0,2.0,1.0,1.0,1.0,1.0,1.0,0.0
hotpotqa_5a8c5c6f554299653c1aa04d,hotpotqa,hotpotqa_oncu_200,oracle,5,220,40,multi_hop,8000,front,low,unknown,p0001;p0002,p0001;p0002,0;1,2.0,2.0,1.0,1.0,1.0,1.0,1.0,0.0
hotpotqa_5a8c5c6f554299653c1aa04d,hotpotqa,hotpotqa_oncu_200,oracle,8,220,40,multi_hop,8000,front,low,unknown,p0001;p0002,p0001;p0002,0;1,2.0,2.0,1.0,1.0,1.0,1.0,1.0,0.0
hotpotqa_5a8c5c6f554299653c1aa04d,hotpotqa,hotpotqa_oncu_200,oracle,16,220,40,multi_hop,8000,front,low,unknown,p0001;p0002,p0001;p0002,0;1,2.0,2.0,1.0,1.0,1.0,1.0,1.0,0.0
hotpotqa_5a80ecea55429938b6142254,hotpotqa,hotpotqa_oncu_200,lexical,3,220,40,multi_hop,16000,middle,medium,unknown,p0001;p0002;p0003,,59;54;17,0.0,3.0,0.0,0.0,0.0,0.0,0.0,0.0
hotpotqa_5a80ecea55429938b6142254,hotpotqa,hotpotqa_oncu_200,lexical,5,220,40,multi_hop,16000,middle,medium,unknown,p0001;p0002;p0003,,59;54;17;68;86,0.0,3.0,0.0,0.0,0.0,0.0,0.0,0.0
hotpotqa_5a80ecea55429938b6142254,hotpotqa,hotpotqa_oncu_200,lexical,8,220,40,multi_hop,16000,middle,medium,unknown,p0001;p0002;p0003,,59;54;17;68;86;22;26;63,0.0,3.0,0.0,0.0,0.0,0.0,0.0,0.0
hotpotqa_5a80ecea55429938b6142254,hotpotqa,hotpotqa_oncu_200,lexical,16,220,40,multi_hop,16000,middle,medium,unknown,p0001;p0002;p0003,,59;54;17;68;86;22;26;63;50;8;3;4;45;40;73;77,0.0,3.0,0.0,0.0,0.0,0.0,0.0,0.0
hotpotqa_5a80ecea55429938b6142254,hotpotqa,hotpotqa_oncu_200,dense,3,220,40,multi_hop,16000,middle,medium,unknown,p0001;p0002;p0003,p0001;p0002;p0003,44;64;4,3.0,3.0,1.0,1.0,1.0,1.0,1.0,0.0
hotpotqa_5a80ecea55429938b6142254,hotpotqa,hotpotqa_oncu_200,dense,5,220,40,multi_hop,16000,middle,medium,unknown,p0001;p0002;p0003,p0001;p0002;p0003,44;64;4;36;73,3.0,3.0,1.0,1.0,1.0,1.0,1.0,0.0
hotpotqa_5a80ecea55429938b6142254,hotpotqa,hotpotqa_oncu_200,dense,8,220,40,multi_hop,16000,middle,medium,unknown,p0001;p0002;p0003,p0001;p0002;p0003;p0012;p0013,44;64;4;36;73;13;50;32,5.0,3.0,1.0,1.0,0.6,1.0,0.7499999999999999,0.4
hotpotqa_5a80ecea55429938b6142254,hotpotqa,hotpotqa_oncu_200,dense,16,220,40,multi_hop,16000,middle,medium,unknown,p0001;p0002;p0003,p0001;p0002;p0003;p0012;p0013;p0004,44;64;4;36;73;13;50;32;22;59;68;82;8;27;77;18,6.0,3.0,1.0,1.0,0.5,1.0,0.6666666666666666,0.5
hotpotqa_5a80ecea55429938b6142254,hotpotqa,hotpotqa_oncu_200,hybrid,3,220,40,multi_hop,16000,middle,medium,unknown,p0001;p0002;p0003,,59;4;68,0.0,3.0,0.0,0.0,0.0,0.0,0.0,0.0
hotpotqa_5a80ecea55429938b6142254,hotpotqa,hotpotqa_oncu_200,hybrid,5,220,40,multi_hop,16000,middle,medium,unknown,p0001;p0002;p0003,,59;4;68;22;50,0.0,3.0,0.0,0.0,0.0,0.0,0.0,0.0
hotpotqa_5a80ecea55429938b6142254,hotpotqa,hotpotqa_oncu_200,hybrid,8,220,40,multi_hop,16000,middle,medium,unknown,p0001;p0002;p0003,p0001;p0002;p0003,59;4;68;22;50;73;44;64,3.0,3.0,1.0,1.0,1.0,1.0,1.0,0.0
hotpotqa_5a80ecea55429938b6142254,hotpotqa,hotpotqa_oncu_200,hybrid,16,220,40,multi_hop,16000,middle,medium,unknown,p0001;p0002;p0003,p0001;p0002;p0003,59;4;68;22;50;73;44;64;36;54;8;17;86;13;82;45,3.0,3.0,1.0,1.0,1.0,1.0,1.0,0.0
hotpotqa_5a80ecea55429938b6142254,hotpotqa,hotpotqa_oncu_200,iterative,3,220,40,multi_hop,16000,middle,medium,unknown,p0001;p0002;p0003,,54;59;17,0.0,3.0,0.0,0.0,0.0,0.0,0.0,0.0
hotpotqa_5a80ecea55429938b6142254,hotpotqa,hotpotqa_oncu_200,iterative,5,220,40,multi_hop,16000,middle,medium,unknown,p0001;p0002;p0003,,54;59;17;26;86,0.0,3.0,0.0,0.0,0.0,0.0,0.0,0.0
hotpotqa_5a80ecea55429938b6142254,hotpotqa,hotpotqa_oncu_200,iterative,8,220,40,multi_hop,16000,middle,medium,unknown,p0001;p0002;p0003,,54;59;17;26;86;68;63;3,0.0,3.0,0.0,0.0,0.0,0.0,0.0,0.0
hotpotqa_5a80ecea55429938b6142254,hotpotqa,hotpotqa_oncu_200,iterative,16,220,40,multi_hop,16000,middle,medium,unknown,p0001;p0002;p0003,,54;59;17;26;86;68;63;3;22;8;45;50;40;72;77;82,0.0,3.0,0.0,0.0,0.0,0.0,0.0,0.0
hotpotqa_5a80ecea55429938b6142254,hotpotqa,hotpotqa_oncu_200,oracle,3,220,40,multi_hop,16000,middle,medium,unknown,p0001;p0002;p0003,p0001;p0002;p0003,0;1;2,3.0,3.0,1.0,1.0,1.0,1.0,1.0,0.0
hotpotqa_5a80ecea55429938b6142254,hotpotqa,hotpotqa_oncu_200,oracle,5,220,40,multi_hop,16000,middle,medium,unknown,p0001;p0002;p0003,p0001;p0002;p0003,0;1;2,3.0,3.0,1.0,1.0,1.0,1.0,1.0,0.0
hotpotqa_5a80ecea55429938b6142254,hotpotqa,hotpotqa_oncu_200,oracle,8,220,40,multi_hop,16000,middle,medium,unknown,p0001;p0002;p0003,p0001;p0002;p0003,0;1;2,3.0,3.0,1.0,1.0,1.0,1.0,1.0,0.0
hotpotqa_5a80ecea55429938b6142254,hotpotqa,hotpotqa_oncu_200,oracle,16,220,40,multi_hop,16000,middle,medium,unknown,p0001;p0002;p0003,p0001;p0002;p0003,0;1;2,3.0,3.0,1.0,1.0,1.0,1.0,1.0,0.0
hotpotqa_5a7cef5d55429909bec768ac,hotpotqa,hotpotqa_oncu_200,lexical,3,220,40,multi_hop,4000,end,low,unknown,p0001;p0002,p0001;p0002,21;19;3,2.0,2.0,1.0,1.0,1.0,1.0,1.0,0.0
hotpotqa_5a7cef5d55429909bec768ac,hotpotqa,hotpotqa_oncu_200,lexical,5,220,40,multi_hop,4000,end,low,unknown,p0001;p0002,p0001;p0002;p0007;p0008,21;19;3;15;8,4.0,2.0,1.0,1.0,0.5,1.0,0.6666666666666666,0.5
hotpotqa_5a7cef5d55429909bec768ac,hotpotqa,hotpotqa_oncu_200,lexical,8,220,40,multi_hop,4000,end,low,unknown,p0001;p0002,p0001;p0002;p0007;p0008;p0006;p0010;p0012,21;19;3;15;8;6;13;10,7.0,2.0,1.0,1.0,0.2857142857142857,1.0,0.4444444444444445,0.7142857142857143
hotpotqa_5a7cef5d55429909bec768ac,hotpotqa,hotpotqa_oncu_200,lexical,16,220,40,multi_hop,4000,end,low,unknown,p0001;p0002,p0001;p0002;p0007;p0008;p0006;p0010;p0012;p0009,21;19;3;15;8;6;13;10;2;14;9;17;18;0;1;12,8.0,2.0,1.0,1.0,0.25,1.0,0.4,0.75
hotpotqa_5a7cef5d55429909bec768ac,hotpotqa,hotpotqa_oncu_200,dense,3,220,40,multi_hop,4000,end,low,unknown,p0001;p0002,p0001;p0002,19;13;1,2.0,2.0,1.0,1.0,1.0,1.0,1.0,0.0
hotpotqa_5a7cef5d55429909bec768ac,hotpotqa,hotpotqa_oncu_200,dense,5,220,40,multi_hop,4000,end,low,unknown,p0001;p0002,p0001;p0002;p0006,19;13;1;6;18,3.0,2.0,1.0,1.0,0.6666666666666666,1.0,0.8,0.3333333333333333
hotpotqa_5a7cef5d55429909bec768ac,hotpotqa,hotpotqa_oncu_200,dense,8,220,40,multi_hop,4000,end,low,unknown,p0001;p0002,p0001;p0002;p0006;p0010;p0012,19;13;1;6;18;10;0;12,5.0,2.0,1.0,1.0,0.4,1.0,0.5714285714285715,0.6
hotpotqa_5a7cef5d55429909bec768ac,hotpotqa,hotpotqa_oncu_200,dense,16,220,40,multi_hop,4000,end,low,unknown,p0001;p0002,p0001;p0002;p0006;p0010;p0012;p0007;p0008;p0009;p0003;p0004,19;13;1;6;18;10;0;12;20;7;4;16;9;21;15;5,10.0,2.0,1.0,1.0,0.2,1.0,0.33333333333333337,0.8
hotpotqa_5a7cef5d55429909bec768ac,hotpotqa,hotpotqa_oncu_200,hybrid,3,220,40,multi_hop,4000,end,low,unknown,p0001;p0002,p0001;p0002;p0006,19;13;6,3.0,2.0,1.0,1.0,0.6666666666666666,1.0,0.8,0.3333333333333333
hotpotqa_5a7cef5d55429909bec768ac,hotpotqa,hotpotqa_oncu_200,hybrid,5,220,40,multi_hop,4000,end,low,unknown,p0001;p0002,p0001;p0002;p0006;p0010;p0012,19;13;6;21;10,5.0,2.0,1.0,1.0,0.4,1.0,0.5714285714285715,0.6
hotpotqa_5a7cef5d55429909bec768ac,hotpotqa,hotpotqa_oncu_200,hybrid,8,220,40,multi_hop,4000,end,low,unknown,p0001;p0002,p0001;p0002;p0006;p0010;p0012,19;13;6;21;10;1;18;15,5.0,2.0,1.0,1.0,0.4,1.0,0.5714285714285715,0.6
hotpotqa_5a7cef5d55429909bec768ac,hotpotqa,hotpotqa_oncu_200,hybrid,16,220,40,multi_hop,4000,end,low,unknown,p0001;p0002,p0001;p0002;p0006;p0010;p0012;p0008;p0009;p0007,19;13;6;21;10;1;18;15;3;0;12;9;8;2;20;4,8.0,2.0,1.0,1.0,0.25,1.0,0.4,0.75
hotpotqa_5a7cef5d55429909bec768ac,hotpotqa,hotpotqa_oncu_200,iterative,3,220,40,multi_hop,4000,end,low,unknown,p0001;p0002,p0007;p0008,21;8;3,2.0,2.0,0.0,0.0,0.0,0.0,0.0,1.0
hotpotqa_5a7cef5d55429909bec768ac,hotpotqa,hotpotqa_oncu_200,iterative,5,220,40,multi_hop,4000,end,low,unknown,p0001;p0002,p0007;p0008;p0001;p0002,21;8;3;15;19,4.0,2.0,1.0,1.0,0.5,1.0,0.6666666666666666,0.5
hotpotqa_5a7cef5d55429909bec768ac,hotpotqa,hotpotqa_oncu_200,iterative,8,220,40,multi_hop,4000,end,low,unknown,p0001;p0002,p0007;p0008;p0001;p0002;p0006,21;8;3;15;19;2;14;6,5.0,2.0,1.0,1.0,0.4,1.0,0.5714285714285715,0.6
hotpotqa_5a7cef5d55429909bec768ac,hotpotqa,hotpotqa_oncu_200,iterative,16,220,40,multi_hop,4000,end,low,unknown,p0001;p0002,p0007;p0008;p0001;p0002;p0006;p0010;p0012;p0009,21;8;3;15;19;2;14;6;10;17;13;18;20;0;9;12,8.0,2.0,1.0,1.0,0.25,1.0,0.4,0.75
hotpotqa_5a7cef5d55429909bec768ac,hotpotqa,hotpotqa_oncu_200,oracle,3,220,40,multi_hop,4000,end,low,unknown,p0001;p0002,p0001;p0002,0;1,2.0,2.0,1.0,1.0,1.0,1.0,1.0,0.0
hotpotqa_5a7cef5d55429909bec768ac,hotpotqa,hotpotqa_oncu_200,oracle,5,220,40,multi_hop,4000,end,low,unknown,p0001;p0002,p0001;p0002,0;1,2.0,2.0,1.0,1.0,1.0,1.0,1.0,0.0
hotpotqa_5a7cef5d55429909bec768ac,hotpotqa,hotpotqa_oncu_200,oracle,8,220,40,multi_hop,4000,end,low,unknown,p0001;p0002,p0001;p0002,0;1,2.0,2.0,1.0,1.0,1.0,1.0,1.0,0.0
hotpotqa_5a7cef5d55429909bec768ac,hotpotqa,hotpotqa_oncu_200,oracle,16,220,40,multi_hop,4000,end,low,unknown,p0001;p0002,p0001;p0002,0;1,2.0,2.0,1.0,1.0,1.0,1.0,1.0,0.0
hotpotqa_5a734bb65542994cef4bc50f,hotpotqa,hotpotqa_oncu_200,lexical,3,220,40,multi_hop,8000,scattered,low,unknown,p0001;p0002,p0001;p0002,4;22;3,2.0,2.0,1.0,1.0,1.0,1.0,1.0,0.0
hotpotqa_5a734bb65542994cef4bc50f,hotpotqa,hotpotqa_oncu_200,lexical,5,220,40,multi_hop,8000,scattered,low,unknown,p0001;p0002,p0001;p0002;p0012,4;22;3;39;16,3.0,2.0,1.0,1.0,0.6666666666666666,1.0,0.8,0.3333333333333333
hotpotqa_5a734bb65542994cef4bc50f,hotpotqa,hotpotqa_oncu_200,lexical,8,220,40,multi_hop,8000,scattered,low,unknown,p0001;p0002,p0001;p0002;p0012,4;22;3;39;16;26;34;7,3.0,2.0,1.0,1.0,0.6666666666666666,1.0,0.8,0.3333333333333333
hotpotqa_5a734bb65542994cef4bc50f,hotpotqa,hotpotqa_oncu_200,lexical,16,220,40,multi_hop,8000,scattered,low,unknown,p0001;p0002,p0001;p0002;p0012,4;22;3;39;16;26;34;7;2;37;10;18;21;42;31;29,3.0,2.0,1.0,1.0,0.6666666666666666,1.0,0.8,0.3333333333333333
hotpotqa_5a734bb65542994cef4bc50f,hotpotqa,hotpotqa_oncu_200,dense,3,220,40,multi_hop,8000,scattered,low,unknown,p0001;p0002,p0002;p0001,22;4;40,2.0,2.0,1.0,1.0,1.0,1.0,1.0,0.0
hotpotqa_5a734bb65542994cef4bc50f,hotpotqa,hotpotqa_oncu_200,dense,5,220,40,multi_hop,8000,scattered,low,unknown,p0001;p0002,p0002;p0001,22;4;40;2;37,2.0,2.0,1.0,1.0,1.0,1.0,1.0,0.0
hotpotqa_5a734bb65542994cef4bc50f,hotpotqa,hotpotqa_oncu_200,dense,8,220,40,multi_hop,8000,scattered,low,unknown,p0001;p0002,p0002;p0001,22;4;40;2;37;21;29;32,2.0,2.0,1.0,1.0,1.0,1.0,1.0,0.0
hotpotqa_5a734bb65542994cef4bc50f,hotpotqa,hotpotqa_oncu_200,dense,16,220,40,multi_hop,8000,scattered,low,unknown,p0001;p0002,p0002;p0001;p0003;p0012,22;4;40;2;37;21;29;32;10;42;13;24;8;18;5;16,4.0,2.0,1.0,1.0,0.5,1.0,0.6666666666666666,0.5
hotpotqa_5a734bb65542994cef4bc50f,hotpotqa,hotpotqa_oncu_200,hybrid,3,220,40,multi_hop,8000,scattered,low,unknown,p0001;p0002,p0001;p0002,4;22;2,2.0,2.0,1.0,1.0,1.0,1.0,1.0,0.0
hotpotqa_5a734bb65542994cef4bc50f,hotpotqa,hotpotqa_oncu_200,hybrid,5,220,40,multi_hop,8000,scattered,low,unknown,p0001;p0002,p0001;p0002,4;22;2;37;21,2.0,2.0,1.0,1.0,1.0,1.0,1.0,0.0
hotpotqa_5a734bb65542994cef4bc50f,hotpotqa,hotpotqa_oncu_200,hybrid,8,220,40,multi_hop,8000,scattered,low,unknown,p0001;p0002,p0001;p0002;p0012,4;22;2;37;21;3;10;16,3.0,2.0,1.0,1.0,0.6666666666666666,1.0,0.8,0.3333333333333333
hotpotqa_5a734bb65542994cef4bc50f,hotpotqa,hotpotqa_oncu_200,hybrid,16,220,40,multi_hop,8000,scattered,low,unknown,p0001;p0002,p0001;p0002;p0012,4;22;2;37;21;3;10;16;40;29;34;42;18;26;8;32,3.0,2.0,1.0,1.0,0.6666666666666666,1.0,0.8,0.3333333333333333
hotpotqa_5a734bb65542994cef4bc50f,hotpotqa,hotpotqa_oncu_200,iterative,3,220,40,multi_hop,8000,scattered,low,unknown,p0001;p0002,p0001,4;3;39,1.0,2.0,1.0,0.0,1.0,0.5,0.6666666666666666,0.0
hotpotqa_5a734bb65542994cef4bc50f,hotpotqa,hotpotqa_oncu_200,iterative,5,220,40,multi_hop,8000,scattered,low,unknown,p0001;p0002,p0001;p0002,4;3;39;31;22,2.0,2.0,1.0,1.0,1.0,1.0,1.0,0.0
hotpotqa_5a734bb65542994cef4bc50f,hotpotqa,hotpotqa_oncu_200,iterative,8,220,40,multi_hop,8000,scattered,low,unknown,p0001;p0002,p0001;p0002,4;3;39;31;22;23;20;12,2.0,2.0,1.0,1.0,1.0,1.0,1.0,0.0
hotpotqa_5a734bb65542994cef4bc50f,hotpotqa,hotpotqa_oncu_200,iterative,16,220,40,multi_hop,8000,scattered,low,unknown,p0001;p0002,p0001;p0002;p0012,4;3;39;31;22;23;20;12;7;26;16;34;1;36;2;10,3.0,2.0,1.0,1.0,0.6666666666666666,1.0,0.8,0.3333333333333333
hotpotqa_5a734bb65542994cef4bc50f,hotpotqa,hotpotqa_oncu_200,oracle,3,220,40,multi_hop,8000,scattered,low,unknown,p0001;p0002,p0001;p0002,0;1,2.0,2.0,1.0,1.0,1.0,1.0,1.0,0.0
hotpotqa_5a734bb65542994cef4bc50f,hotpotqa,hotpotqa_oncu_200,oracle,5,220,40,multi_hop,8000,scattered,low,unknown,p0001;p0002,p0001;p0002,0;1,2.0,2.0,1.0,1.0,1.0,1.0,1.0,0.0
hotpotqa_5a734bb65542994cef4bc50f,hotpotqa,hotpotqa_oncu_200,oracle,8,220,40,multi_hop,8000,scattered,low,unknown,p0001;p0002,p0001;p0002,0;1,2.0,2.0,1.0,1.0,1.0,1.0,1.0,0.0
hotpotqa_5a734bb65542994cef4bc50f,hotpotqa,hotpotqa_oncu_200,oracle,16,220,40,multi_hop,8000,scattered,low,unknown,p0001;p0002,p0001;p0002,0;1,2.0,2.0,1.0,1.0,1.0,1.0,1.0,0.0
hotpotqa_5a70f1685542994082a3e40f,hotpotqa,hotpotqa_oncu_200,lexical,3,220,40,multi_hop,16000,front,medium,unknown,p0001;p0002;p0003,,6;47;85,0.0,3.0,0.0,0.0,0.0,0.0,0.0,0.0
hotpotqa_5a70f1685542994082a3e40f,hotpotqa,hotpotqa_oncu_200,lexical,5,220,40,multi_hop,16000,front,medium,unknown,p0001;p0002;p0003,,6;47;85;0;12,0.0,3.0,0.0,0.0,0.0,0.0,0.0,0.0
hotpotqa_5a70f1685542994082a3e40f,hotpotqa,hotpotqa_oncu_200,lexical,8,220,40,multi_hop,16000,front,medium,unknown,p0001;p0002;p0003,,6;47;85;0;12;53;9;50,0.0,3.0,0.0,0.0,0.0,0.0,0.0,0.0
hotpotqa_5a70f1685542994082a3e40f,hotpotqa,hotpotqa_oncu_200,lexical,16,220,40,multi_hop,16000,front,medium,unknown,p0001;p0002;p0003,,6;47;85;0;12;53;9;50;21;62;18;59;15;56;23;64,0.0,3.0,0.0,0.0,0.0,0.0,0.0,0.0
hotpotqa_5a70f1685542994082a3e40f,hotpotqa,hotpotqa_oncu_200,dense,3,220,40,multi_hop,16000,front,medium,unknown,p0001;p0002;p0003,p0011;p0012,31;26;67,2.0,3.0,0.0,0.0,0.0,0.0,0.0,1.0
hotpotqa_5a70f1685542994082a3e40f,hotpotqa,hotpotqa_oncu_200,dense,5,220,40,multi_hop,16000,front,medium,unknown,p0001;p0002;p0003,p0011;p0012,31;26;67;32;70,2.0,3.0,0.0,0.0,0.0,0.0,0.0,1.0
hotpotqa_5a70f1685542994082a3e40f,hotpotqa,hotpotqa_oncu_200,dense,8,220,40,multi_hop,16000,front,medium,unknown,p0001;p0002;p0003,p0011;p0012,31;26;67;32;70;73;35;23,2.0,3.0,0.0,0.0,0.0,0.0,0.0,1.0
hotpotqa_5a70f1685542994082a3e40f,hotpotqa,hotpotqa_oncu_200,dense,16,220,40,multi_hop,16000,front,medium,unknown,p0001;p0002;p0003,p0011;p0012,31;26;67;32;70;73;35;23;64;20;61;13;54;17;58;18,2.0,3.0,0.0,0.0,0.0,0.0,0.0,1.0
hotpotqa_5a70f1685542994082a3e40f,hotpotqa,hotpotqa_oncu_200,hybrid,3,220,40,multi_hop,16000,front,medium,unknown,p0001;p0002;p0003,,23;32;64,0.0,3.0,0.0,0.0,0.0,0.0,0.0,0.0
hotpotqa_5a70f1685542994082a3e40f,hotpotqa,hotpotqa_oncu_200,hybrid,5,220,40,multi_hop,16000,front,medium,unknown,p0001;p0002;p0003,,23;32;64;35;18,0.0,3.0,0.0,0.0,0.0,0.0,0.0,0.0
hotpotqa_5a70f1685542994082a3e40f,hotpotqa,hotpotqa_oncu_200,hybrid,8,220,40,multi_hop,16000,front,medium,unknown,p0001;p0002;p0003,,23;32;64;35;18;73;21;70,0.0,3.0,0.0,0.0,0.0,0.0,0.0,0.0
hotpotqa_5a70f1685542994082a3e40f,hotpotqa,hotpotqa_oncu_200,hybrid,16,220,40,multi_hop,16000,front,medium,unknown,p0001;p0002;p0003,,23;32;64;35;18;73;21;70;59;26;62;67;17;58;20;61,0.0,3.0,0.0,0.0,0.0,0.0,0.0,0.0
hotpotqa_5a70f1685542994082a3e40f,hotpotqa,hotpotqa_oncu_200,iterative,3,220,40,multi_hop,16000,front,medium,unknown,p0001;p0002;p0003,,6;47;23,0.0,3.0,0.0,0.0,0.0,0.0,0.0,0.0
hotpotqa_5a70f1685542994082a3e40f,hotpotqa,hotpotqa_oncu_200,iterative,5,220,40,multi_hop,16000,front,medium,unknown,p0001;p0002;p0003,,6;47;23;85;64,0.0,3.0,0.0,0.0,0.0,0.0,0.0,0.0
hotpotqa_5a70f1685542994082a3e40f,hotpotqa,hotpotqa_oncu_200,iterative,8,220,40,multi_hop,16000,front,medium,unknown,p0001;p0002;p0003,,6;47;23;85;64;17;58;20,0.0,3.0,0.0,0.0,0.0,0.0,0.0,0.0
hotpotqa_5a70f1685542994082a3e40f,hotpotqa,hotpotqa_oncu_200,iterative,16,220,40,multi_hop,16000,front,medium,unknown,p0001;p0002;p0003,,6;47;23;85;64;17;58;20;61;9;2;12;50;0;53;32,0.0,3.0,0.0,0.0,0.0,0.0,0.0,0.0
hotpotqa_5a70f1685542994082a3e40f,hotpotqa,hotpotqa_oncu_200,oracle,3,220,40,multi_hop,16000,front,medium,unknown,p0001;p0002;p0003,p0001;p0002;p0003,0;1;2,3.0,3.0,1.0,1.0,1.0,1.0,1.0,0.0
hotpotqa_5a70f1685542994082a3e40f,hotpotqa,hotpotqa_oncu_200,oracle,5,220,40,multi_hop,16000,front,medium,unknown,p0001;p0002;p0003,p0001;p0002;p0003,0;1;2,3.0,3.0,1.0,1.0,1.0,1.0,1.0,0.0
hotpotqa_5a70f1685542994082a3e40f,hotpotqa,hotpotqa_oncu_200,oracle,8,220,40,multi_hop,16000,front,medium,unknown,p0001;p0002;p0003,p0001;p0002;p0003,0;1;2,3.0,3.0,1.0,1.0,1.0,1.0,1.0,0.0
hotpotqa_5a70f1685542994082a3e40f,hotpotqa,hotpotqa_oncu_200,oracle,16,220,40,multi_hop,16000,front,medium,unknown,p0001;p0002;p0003,p0001;p0002;p0003,0;1;2,3.0,3.0,1.0,1.0,1.0,1.0,1.0,0.0
hotpotqa_5ae0de1455429924de1b71b4,hotpotqa,hotpotqa_oncu_200,lexical,3,220,40,multi_hop,4000,middle,medium,unknown,p0001;p0002;p0003,p0001;p0002;p0003,11;10;18,3.0,3.0,1.0,1.0,1.0,1.0,1.0,0.0
hotpotqa_5ae0de1455429924de1b71b4,hotpotqa,hotpotqa_oncu_200,lexical,5,220,40,multi_hop,4000,middle,medium,unknown,p0001;p0002;p0003,p0001;p0002;p0003,11;10;18;14;12,3.0,3.0,1.0,1.0,1.0,1.0,1.0,0.0
hotpotqa_5ae0de1455429924de1b71b4,hotpotqa,hotpotqa_oncu_200,lexical,8,220,40,multi_hop,4000,middle,medium,unknown,p0001;p0002;p0003,p0001;p0002;p0003,11;10;18;14;12;21;0;4,3.0,3.0,1.0,1.0,1.0,1.0,1.0,0.0
hotpotqa_5ae0de1455429924de1b71b4,hotpotqa,hotpotqa_oncu_200,lexical,16,220,40,multi_hop,4000,middle,medium,unknown,p0001;p0002;p0003,p0001;p0002;p0003;p0005;p0006;p0007;p0008,11;10;18;14;12;21;0;4;1;6;19;3;15;5;7;16,7.0,3.0,1.0,1.0,0.42857142857142855,1.0,0.6,0.5714285714285714
hotpotqa_5ae0de1455429924de1b71b4,hotpotqa,hotpotqa_oncu_200,dense,3,220,40,multi_hop,4000,middle,medium,unknown,p0001;p0002;p0003,p0001;p0002;p0003;p0009;p0010;p0011;p0013,11;8;19,7.0,3.0,1.0,1.0,0.42857142857142855,1.0,0.6,0.5714285714285714
hotpotqa_5ae0de1455429924de1b71b4,hotpotqa,hotpotqa_oncu_200,dense,5,220,40,multi_hop,4000,middle,medium,unknown,p0001;p0002;p0003,p0001;p0002;p0003;p0009;p0010;p0011;p0013,11;8;19;5;12,7.0,3.0,1.0,1.0,0.42857142857142855,1.0,0.6,0.5714285714285714
hotpotqa_5ae0de1455429924de1b71b4,hotpotqa,hotpotqa_oncu_200,dense,8,220,40,multi_hop,4000,middle,medium,unknown,p0001;p0002;p0003,p0001;p0002;p0003;p0009;p0010;p0011;p0013;p0005;p0006;p0007,11;8;19;5;12;6;16;2,10.0,3.0,1.0,1.0,0.3,1.0,0.4615384615384615,0.7
hotpotqa_5ae0de1455429924de1b71b4,hotpotqa,hotpotqa_oncu_200,dense,16,220,40,multi_hop,4000,middle,medium,unknown,p0001;p0002;p0003,p0001;p0002;p0003;p0009;p0010;p0011;p0013;p0005;p0006;p0007,11;8;19;5;12;6;16;2;4;3;10;21;1;0;14;18,10.0,3.0,1.0,1.0,0.3,1.0,0.4615384615384615,0.7
hotpotqa_5ae0de1455429924de1b71b4,hotpotqa,hotpotqa_oncu_200,hybrid,3,220,40,multi_hop,4000,middle,medium,unknown,p0001;p0002;p0003,p0001;p0002;p0003,11;12;10,3.0,3.0,1.0,1.0,1.0,1.0,1.0,0.0
hotpotqa_5ae0de1455429924de1b71b4,hotpotqa,hotpotqa_oncu_200,hybrid,5,220,40,multi_hop,4000,middle,medium,unknown,p0001;p0002;p0003,p0001;p0002;p0003;p0005;p0006;p0007,11;12;10;19;6,6.0,3.0,1.0,1.0,0.5,1.0,0.6666666666666666,0.5
hotpotqa_5ae0de1455429924de1b71b4,hotpotqa,hotpotqa_oncu_200,hybrid,8,220,40,multi_hop,4000,middle,medium,unknown,p0001;p0002;p0003,p0001;p0002;p0003;p0005;p0006;p0007;p0009;p0010;p0011;p0013,11;12;10;19;6;4;5;8,10.0,3.0,1.0,1.0,0.3,1.0,0.4615384615384615,0.7
hotpotqa_5ae0de1455429924de1b71b4,hotpotqa,hotpotqa_oncu_200,hybrid,16,220,40,multi_hop,4000,middle,medium,unknown,p0001;p0002;p0003,p0001;p0002;p0003;p0005;p0006;p0007;p0009;p0010;p0011;p0013,11;12;10;19;6;4;5;8;21;18;14;0;1;3;16;2,10.0,3.0,1.0,1.0,0.3,1.0,0.4615384615384615,0.7
hotpotqa_5ae0de1455429924de1b71b4,hotpotqa,hotpotqa_oncu_200,iterative,3,220,40,multi_hop,4000,middle,medium,unknown,p0001;p0002;p0003,p0001;p0002;p0003,11;10;18,3.0,3.0,1.0,1.0,1.0,1.0,1.0,0.0
hotpotqa_5ae0de1455429924de1b71b4,hotpotqa,hotpotqa_oncu_200,iterative,5,220,40,multi_hop,4000,middle,medium,unknown,p0001;p0002;p0003,p0001;p0002;p0003,11;10;18;14;0,3.0,3.0,1.0,1.0,1.0,1.0,1.0,0.0
hotpotqa_5ae0de1455429924de1b71b4,hotpotqa,hotpotqa_oncu_200,iterative,8,220,40,multi_hop,4000,middle,medium,unknown,p0001;p0002;p0003,p0001;p0002;p0003;p0005;p0006;p0007,11;10;18;14;0;21;6;12,6.0,3.0,1.0,1.0,0.5,1.0,0.6666666666666666,0.5
hotpotqa_5ae0de1455429924de1b71b4,hotpotqa,hotpotqa_oncu_200,iterative,16,220,40,multi_hop,4000,middle,medium,unknown,p0001;p0002;p0003,p0001;p0002;p0003;p0005;p0006;p0007;p0009;p0010;p0011;p0013;p0008,11;10;18;14;0;21;6;12;4;3;1;19;15;8;5;7,11.0,3.0,1.0,1.0,0.2727272727272727,1.0,0.42857142857142855,0.7272727272727273
hotpotqa_5ae0de1455429924de1b71b4,hotpotqa,hotpotqa_oncu_200,oracle,3,220,40,multi_hop,4000,middle,medium,unknown,p0001;p0002;p0003,p0001;p0002;p0003,0;1;2,3.0,3.0,1.0,1.0,1.0,1.0,1.0,0.0
hotpotqa_5ae0de1455429924de1b71b4,hotpotqa,hotpotqa_oncu_200,oracle,5,220,40,multi_hop,4000,middle,medium,unknown,p0001;p0002;p0003,p0001;p0002;p0003,0;1;2,3.0,3.0,1.0,1.0,1.0,1.0,1.0,0.0
hotpotqa_5ae0de1455429924de1b71b4,hotpotqa,hotpotqa_oncu_200,oracle,8,220,40,multi_hop,4000,middle,medium,unknown,p0001;p0002;p0003,p0001;p0002;p0003,0;1;2,3.0,3.0,1.0,1.0,1.0,1.0,1.0,0.0
hotpotqa_5ae0de1455429924de1b71b4,hotpotqa,hotpotqa_oncu_200,oracle,16,220,40,multi_hop,4000,middle,medium,unknown,p0001;p0002;p0003,p0001;p0002;p0003,0;1;2,3.0,3.0,1.0,1.0,1.0,1.0,1.0,0.0
hotpotqa_5abd9c2355429924427fd06c,hotpotqa,hotpotqa_oncu_200,lexical,3,220,40,multi_hop,8000,end,low,unknown,p0001;p0002,,25;42;37,0.0,2.0,0.0,0.0,0.0,0.0,0.0,0.0
hotpotqa_5abd9c2355429924427fd06c,hotpotqa,hotpotqa_oncu_200,lexical,5,220,40,multi_hop,8000,end,low,unknown,p0001;p0002,,25;42;37;20;4,0.0,2.0,0.0,0.0,0.0,0.0,0.0,0.0
hotpotqa_5abd9c2355429924427fd06c,hotpotqa,hotpotqa_oncu_200,lexical,8,220,40,multi_hop,8000,end,low,unknown,p0001;p0002,p0001;p0002;p0012,25;42;37;20;4;38;0;17,3.0,2.0,1.0,1.0,0.6666666666666666,1.0,0.8,0.3333333333333333
hotpotqa_5abd9c2355429924427fd06c,hotpotqa,hotpotqa_oncu_200,lexical,16,220,40,multi_hop,8000,end,low,unknown,p0001;p0002,p0001;p0002;p0012,25;42;37;20;4;38;0;17;21;29;12;18;39;22;30;1,3.0,2.0,1.0,1.0,0.6666666666666666,1.0,0.8,0.3333333333333333
hotpotqa_5abd9c2355429924427fd06c,hotpotqa,hotpotqa_oncu_200,dense,3,220,40,multi_hop,8000,end,low,unknown,p0001;p0002,,20;24;41,0.0,2.0,0.0,0.0,0.0,0.0,0.0,0.0
hotpotqa_5abd9c2355429924427fd06c,hotpotqa,hotpotqa_oncu_200,dense,5,220,40,multi_hop,8000,end,low,unknown,p0001;p0002,,20;24;41;3;28,0.0,2.0,0.0,0.0,0.0,0.0,0.0,0.0
hotpotqa_5abd9c2355429924427fd06c,hotpotqa,hotpotqa_oncu_200,dense,8,220,40,multi_hop,8000,end,low,unknown,p0001;p0002,,20;24;41;3;28;12;37;32,0.0,2.0,0.0,0.0,0.0,0.0,0.0,0.0
hotpotqa_5abd9c2355429924427fd06c,hotpotqa,hotpotqa_oncu_200,dense,16,220,40,multi_hop,8000,end,low,unknown,p0001;p0002,p0002;p0012,20;24;41;3;28;12;37;32;39;17;7;8;33;29;6;31,2.0,2.0,1.0,0.0,0.5,0.5,0.5,0.5
hotpotqa_5abd9c2355429924427fd06c,hotpotqa,hotpotqa_oncu_200,hybrid,3,220,40,multi_hop,8000,end,low,unknown,p0001;p0002,,20;37;12,0.0,2.0,0.0,0.0,0.0,0.0,0.0,0.0
hotpotqa_5abd9c2355429924427fd06c,hotpotqa,hotpotqa_oncu_200,hybrid,5,220,40,multi_hop,8000,end,low,unknown,p0001;p0002,p0012,20;37;12;17;24,1.0,2.0,0.0,0.0,0.0,0.0,0.0,1.0
hotpotqa_5abd9c2355429924427fd06c,hotpotqa,hotpotqa_oncu_200,hybrid,8,220,40,multi_hop,8000,end,low,unknown,p0001;p0002,p0012;p0002,20;37;12;17;24;41;39;29,2.0,2.0,1.0,0.0,0.5,0.5,0.5,0.5
hotpotqa_5abd9c2355429924427fd06c,hotpotqa,hotpotqa_oncu_200,hybrid,16,220,40,multi_hop,8000,end,low,unknown,p0001;p0002,p0012;p0002;p0001,20;37;12;17;24;41;39;29;25;4;42;28;8;33;3;38,3.0,2.0,1.0,1.0,0.6666666666666666,1.0,0.8,0.3333333333333333
hotpotqa_5abd9c2355429924427fd06c,hotpotqa,hotpotqa_oncu_200,iterative,3,220,40,multi_hop,8000,end,low,unknown,p0001;p0002,,25;42;37,0.0,2.0,0.0,0.0,0.0,0.0,0.0,0.0
hotpotqa_5abd9c2355429924427fd06c,hotpotqa,hotpotqa_oncu_200,iterative,5,220,40,multi_hop,8000,end,low,unknown,p0001;p0002,,25;42;37;4;29,0.0,2.0,0.0,0.0,0.0,0.0,0.0,0.0
hotpotqa_5abd9c2355429924427fd06c,hotpotqa,hotpotqa_oncu_200,iterative,8,220,40,multi_hop,8000,end,low,unknown,p0001;p0002,,25;42;37;4;29;20;0;12,0.0,2.0,0.0,0.0,0.0,0.0,0.0,0.0
hotpotqa_5abd9c2355429924427fd06c,hotpotqa,hotpotqa_oncu_200,iterative,16,220,40,multi_hop,8000,end,low,unknown,p0001;p0002,p0012;p0001;p0002,25;42;37;4;29;20;0;12;21;33;17;8;18;38;24;39,3.0,2.0,1.0,1.0,0.6666666666666666,1.0,0.8,0.3333333333333333
hotpotqa_5abd9c2355429924427fd06c,hotpotqa,hotpotqa_oncu_200,oracle,3,220,40,multi_hop,8000,end,low,unknown,p0001;p0002,p0001;p0002,0;1,2.0,2.0,1.0,1.0,1.0,1.0,1.0,0.0
hotpotqa_5abd9c2355429924427fd06c,hotpotqa,hotpotqa_oncu_200,oracle,5,220,40,multi_hop,8000,end,low,unknown,p0001;p0002,p0001;p0002,0;1,2.0,2.0,1.0,1.0,1.0,1.0,1.0,0.0
hotpotqa_5abd9c2355429924427fd06c,hotpotqa,hotpotqa_oncu_200,oracle,8,220,40,multi_hop,8000,end,low,unknown,p0001;p0002,p0001;p0002,0;1,2.0,2.0,1.0,1.0,1.0,1.0,1.0,0.0
hotpotqa_5abd9c2355429924427fd06c,hotpotqa,hotpotqa_oncu_200,oracle,16,220,40,multi_hop,8000,end,low,unknown,p0001;p0002,p0001;p0002,0;1,2.0,2.0,1.0,1.0,1.0,1.0,1.0,0.0
hotpotqa_5ab7f7465542993667794071,hotpotqa,hotpotqa_oncu_200,lexical,3,220,40,multi_hop,16000,scattered,low,unknown,p0001;p0002,p0001,8;68;66,1.0,2.0,1.0,0.0,1.0,0.5,0.6666666666666666,0.0
hotpotqa_5ab7f7465542993667794071,hotpotqa,hotpotqa_oncu_200,lexical,5,220,40,multi_hop,16000,scattered,low,unknown,p0001;p0002,p0001,8;68;66;13;27,1.0,2.0,1.0,0.0,1.0,0.5,0.6666666666666666,0.0
hotpotqa_5ab7f7465542993667794071,hotpotqa,hotpotqa_oncu_200,lexical,8,220,40,multi_hop,16000,scattered,low,unknown,p0001;p0002,p0001,8;68;66;13;27;55;60;63,1.0,2.0,1.0,0.0,1.0,0.5,0.6666666666666666,0.0
hotpotqa_5ab7f7465542993667794071,hotpotqa,hotpotqa_oncu_200,lexical,16,220,40,multi_hop,16000,scattered,low,unknown,p0001;p0002,p0001,8;68;66;13;27;55;60;63;10;26;54;15;1;40;79;43,1.0,2.0,1.0,0.0,1.0,0.5,0.6666666666666666,0.0
hotpotqa_5ab7f7465542993667794071,hotpotqa,hotpotqa_oncu_200,dense,3,220,40,multi_hop,16000,scattered,low,unknown,p0001;p0002,p0009;p0010;p0011,30;32;71,3.0,2.0,0.0,0.0,0.0,0.0,0.0,1.0
hotpotqa_5ab7f7465542993667794071,hotpotqa,hotpotqa_oncu_200,dense,5,220,40,multi_hop,16000,scattered,low,unknown,p0001;p0002,p0009;p0010;p0011,30;32;71;18;46,3.0,2.0,0.0,0.0,0.0,0.0,0.0,1.0
hotpotqa_5ab7f7465542993667794071,hotpotqa,hotpotqa_oncu_200,dense,8,220,40,multi_hop,16000,scattered,low,unknown,p0001;p0002,p0009;p0010;p0011,30;32;71;18;46;85;15;60,3.0,2.0,0.0,0.0,0.0,0.0,0.0,1.0
hotpotqa_5ab7f7465542993667794071,hotpotqa,hotpotqa_oncu_200,dense,16,220,40,multi_hop,16000,scattered,low,unknown,p0001;p0002,p0009;p0010;p0011,30;32;71;18;46;85;15;60;4;21;49;43;82;7;1;40,3.0,2.0,0.0,0.0,0.0,0.0,0.0,1.0
hotpotqa_5ab7f7465542993667794071,hotpotqa,hotpotqa_oncu_200,hybrid,3,220,40,multi_hop,16000,scattered,low,unknown,p0001;p0002,,60;15;32,0.0,2.0,0.0,0.0,0.0,0.0,0.0,0.0
hotpotqa_5ab7f7465542993667794071,hotpotqa,hotpotqa_oncu_200,hybrid,5,220,40,multi_hop,16000,scattered,low,unknown,p0001;p0002,,60;15;32;68;71,0.0,2.0,0.0,0.0,0.0,0.0,0.0,0.0
hotpotqa_5ab7f7465542993667794071,hotpotqa,hotpotqa_oncu_200,hybrid,8,220,40,multi_hop,16000,scattered,low,unknown,p0001;p0002,p0001,60;15;32;68;71;8;18;46,1.0,2.0,1.0,0.0,1.0,0.5,0.6666666666666666,0.0
hotpotqa_5ab7f7465542993667794071,hotpotqa,hotpotqa_oncu_200,hybrid,16,220,40,multi_hop,16000,scattered,low,unknown,p0001;p0002,p0001;p0009;p0010;p0011,60;15;32;68;71;8;18;46;43;1;82;40;26;79;30;54,4.0,2.0,1.0,0.0,0.25,0.5,0.3333333333333333,0.75
hotpotqa_5ab7f7465542993667794071,hotpotqa,hotpotqa_oncu_200,iterative,3,220,40,multi_hop,16000,scattered,low,unknown,p0001;p0002,p0001,8;13;66,1.0,2.0,1.0,0.0,1.0,0.5,0.6666666666666666,0.0
hotpotqa_5ab7f7465542993667794071,hotpotqa,hotpotqa_oncu_200,iterative,5,220,40,multi_hop,16000,scattered,low,unknown,p0001;p0002,p0001,8;13;66;27;63,1.0,2.0,1.0,0.0,1.0,0.5,0.6666666666666666,0.0
hotpotqa_5ab7f7465542993667794071,hotpotqa,hotpotqa_oncu_200,iterative,8,220,40,multi_hop,16000,scattered,low,unknown,p0001;p0002,p0001,8;13;66;27;63;55;10;24,1.0,2.0,1.0,0.0,1.0,0.5,0.6666666666666666,0.0
hotpotqa_5ab7f7465542993667794071,hotpotqa,hotpotqa_oncu_200,iterative,16,220,40,multi_hop,16000,scattered,low,unknown,p0001;p0002,p0001,8;13;66;27;63;55;10;24;38;52;77;16;2;69;68;60,1.0,2.0,1.0,0.0,1.0,0.5,0.6666666666666666,0.0
hotpotqa_5ab7f7465542993667794071,hotpotqa,hotpotqa_oncu_200,oracle,3,220,40,multi_hop,16000,scattered,low,unknown,p0001;p0002,p0001;p0002,0;1,2.0,2.0,1.0,1.0,1.0,1.0,1.0,0.0
hotpotqa_5ab7f7465542993667794071,hotpotqa,hotpotqa_oncu_200,oracle,5,220,40,multi_hop,16000,scattered,low,unknown,p0001;p0002,p0001;p0002,0;1,2.0,2.0,1.0,1.0,1.0,1.0,1.0,0.0
hotpotqa_5ab7f7465542993667794071,hotpotqa,hotpotqa_oncu_200,oracle,8,220,40,multi_hop,16000,scattered,low,unknown,p0001;p0002,p0001;p0002,0;1,2.0,2.0,1.0,1.0,1.0,1.0,1.0,0.0
hotpotqa_5ab7f7465542993667794071,hotpotqa,hotpotqa_oncu_200,oracle,16,220,40,multi_hop,16000,scattered,low,unknown,p0001;p0002,p0001;p0002,0;1,2.0,2.0,1.0,1.0,1.0,1.0,1.0,0.0
hotpotqa_5adfad2b554299603e41835c,hotpotqa,hotpotqa_oncu_200,lexical,3,220,40,multi_hop,4000,front,low,unknown,p0001;p0002,p0001;p0002;p0004;p0005;p0006,0;6;16,5.0,2.0,1.0,1.0,0.4,1.0,0.5714285714285715,0.6
hotpotqa_5adfad2b554299603e41835c,hotpotqa,hotpotqa_oncu_200,lexical,5,220,40,multi_hop,4000,front,low,unknown,p0001;p0002,p0001;p0002;p0004;p0005;p0006,0;6;16;20;12,5.0,2.0,1.0,1.0,0.4,1.0,0.5714285714285715,0.6
hotpotqa_5adfad2b554299603e41835c,hotpotqa,hotpotqa_oncu_200,lexical,8,220,40,multi_hop,4000,front,low,unknown,p0001;p0002,p0001;p0002;p0004;p0005;p0006,0;6;16;20;12;5;4;1,5.0,2.0,1.0,1.0,0.4,1.0,0.5714285714285715,0.6
hotpotqa_5adfad2b554299603e41835c,hotpotqa,hotpotqa_oncu_200,lexical,16,220,40,multi_hop,4000,front,low,unknown,p0001;p0002,p0001;p0002;p0004;p0005;p0006;p0007;p0008;p0009;p0011,0;6;16;20;12;5;4;1;21;17;13;18;7;14;2;8,9.0,2.0,1.0,1.0,0.2222222222222222,1.0,0.3636363636363636,0.7777777777777778
hotpotqa_5adfad2b554299603e41835c,hotpotqa,hotpotqa_oncu_200,dense,3,220,40,multi_hop,4000,front,low,unknown,p0001;p0002,p0001;p0002;p0004,0;1;5,3.0,2.0,1.0,1.0,0.6666666666666666,1.0,0.8,0.3333333333333333
hotpotqa_5adfad2b554299603e41835c,hotpotqa,hotpotqa_oncu_200,dense,5,220,40,multi_hop,4000,front,low,unknown,p0001;p0002,p0001;p0002;p0004,0;1;5;17;21,3.0,2.0,1.0,1.0,0.6666666666666666,1.0,0.8,0.3333333333333333
hotpotqa_5adfad2b554299603e41835c,hotpotqa,hotpotqa_oncu_200,dense,8,220,40,multi_hop,4000,front,low,unknown,p0001;p0002,p0001;p0002;p0004,0;1;5;17;21;13;20;2,3.0,2.0,1.0,1.0,0.6666666666666666,1.0,0.8,0.3333333333333333
hotpotqa_5adfad2b554299603e41835c,hotpotqa,hotpotqa_oncu_200,dense,16,220,40,multi_hop,4000,front,low,unknown,p0001;p0002,p0001;p0002;p0004;p0007;p0008;p0009;p0005;p0006,0;1;5;17;21;13;20;2;7;14;6;18;3;4;11;12,8.0,2.0,1.0,1.0,0.25,1.0,0.4,0.75
hotpotqa_5adfad2b554299603e41835c,hotpotqa,hotpotqa_oncu_200,hybrid,3,220,40,multi_hop,4000,front,low,unknown,p0001;p0002,p0001;p0002;p0004,0;5;1,3.0,2.0,1.0,1.0,0.6666666666666666,1.0,0.8,0.3333333333333333
hotpotqa_5adfad2b554299603e41835c,hotpotqa,hotpotqa_oncu_200,hybrid,5,220,40,multi_hop,4000,front,low,unknown,p0001;p0002,p0001;p0002;p0004;p0005;p0006,0;5;1;20;6,5.0,2.0,1.0,1.0,0.4,1.0,0.5714285714285715,0.6
hotpotqa_5adfad2b554299603e41835c,hotpotqa,hotpotqa_oncu_200,hybrid,8,220,40,multi_hop,4000,front,low,unknown,p0001;p0002,p0001;p0002;p0004;p0005;p0006,0;5;1;20;6;17;21;13,5.0,2.0,1.0,1.0,0.4,1.0,0.5714285714285715,0.6
hotpotqa_5adfad2b554299603e41835c,hotpotqa,hotpotqa_oncu_200,hybrid,16,220,40,multi_hop,4000,front,low,unknown,p0001;p0002,p0001;p0002;p0004;p0005;p0006;p0007;p0008;p0009,0;5;1;20;6;17;21;13;16;12;4;7;2;14;18;3,8.0,2.0,1.0,1.0,0.25,1.0,0.4,0.75
hotpotqa_5adfad2b554299603e41835c,hotpotqa,hotpotqa_oncu_200,iterative,3,220,40,multi_hop,4000,front,low,unknown,p0001;p0002,p0001;p0002;p0004;p0005;p0006,0;6;16,5.0,2.0,1.0,1.0,0.4,1.0,0.5714285714285715,0.6
hotpotqa_5adfad2b554299603e41835c,hotpotqa,hotpotqa_oncu_200,iterative,5,220,40,multi_hop,4000,front,low,unknown,p0001;p0002,p0001;p0002;p0004;p0005;p0006,0;6;16;12;20,5.0,2.0,1.0,1.0,0.4,1.0,0.5714285714285715,0.6
hotpotqa_5adfad2b554299603e41835c,hotpotqa,hotpotqa_oncu_200,iterative,8,220,40,multi_hop,4000,front,low,unknown,p0001;p0002,p0001;p0002;p0004;p0005;p0006,0;6;16;12;20;4;5;1,5.0,2.0,1.0,1.0,0.4,1.0,0.5714285714285715,0.6
hotpotqa_5adfad2b554299603e41835c,hotpotqa,hotpotqa_oncu_200,iterative,16,220,40,multi_hop,4000,front,low,unknown,p0001;p0002,p0001;p0002;p0004;p0005;p0006;p0007;p0008;p0009,0;6;16;12;20;4;5;1;21;13;17;7;18;2;14;19,8.0,2.0,1.0,1.0,0.25,1.0,0.4,0.75
hotpotqa_5adfad2b554299603e41835c,hotpotqa,hotpotqa_oncu_200,oracle,3,220,40,multi_hop,4000,front,low,unknown,p0001;p0002,p0001;p0002,0;1,2.0,2.0,1.0,1.0,1.0,1.0,1.0,0.0
hotpotqa_5adfad2b554299603e41835c,hotpotqa,hotpotqa_oncu_200,oracle,5,220,40,multi_hop,4000,front,low,unknown,p0001;p0002,p0001;p0002,0;1,2.0,2.0,1.0,1.0,1.0,1.0,1.0,0.0
hotpotqa_5adfad2b554299603e41835c,hotpotqa,hotpotqa_oncu_200,oracle,8,220,40,multi_hop,4000,front,low,unknown,p0001;p0002,p0001;p0002,0;1,2.0,2.0,1.0,1.0,1.0,1.0,1.0,0.0
hotpotqa_5adfad2b554299603e41835c,hotpotqa,hotpotqa_oncu_200,oracle,16,220,40,multi_hop,4000,front,low,unknown,p0001;p0002,p0001;p0002,0;1,2.0,2.0,1.0,1.0,1.0,1.0,1.0,0.0
hotpotqa_5a861fa75542994775f60706,hotpotqa,hotpotqa_oncu_200,lexical,3,220,40,multi_hop,8000,middle,low,unknown,p0001;p0002,,39;25;31,0.0,2.0,0.0,0.0,0.0,0.0,0.0,0.0
hotpotqa_5a861fa75542994775f60706,hotpotqa,hotpotqa_oncu_200,lexical,5,220,40,multi_hop,8000,middle,low,unknown,p0001;p0002,p0012,39;25;31;16;42,1.0,2.0,0.0,0.0,0.0,0.0,0.0,1.0
hotpotqa_5a861fa75542994775f60706,hotpotqa,hotpotqa_oncu_200,lexical,8,220,40,multi_hop,8000,middle,low,unknown,p0001;p0002,p0012,39;25;31;16;42;10;28;19,1.0,2.0,0.0,0.0,0.0,0.0,0.0,1.0
hotpotqa_5a861fa75542994775f60706,hotpotqa,hotpotqa_oncu_200,lexical,16,220,40,multi_hop,8000,middle,low,unknown,p0001;p0002,p0012;p0010;p0011,39;25;31;16;42;10;28;19;2;23;11;15;40;26;37;4,3.0,2.0,0.0,0.0,0.0,0.0,0.0,1.0
hotpotqa_5a861fa75542994775f60706,hotpotqa,hotpotqa_oncu_200,dense,3,220,40,multi_hop,8000,middle,low,unknown,p0001;p0002,p0001;p0002,22;21;33,2.0,2.0,1.0,1.0,1.0,1.0,1.0,0.0
hotpotqa_5a861fa75542994775f60706,hotpotqa,hotpotqa_oncu_200,dense,5,220,40,multi_hop,8000,middle,low,unknown,p0001;p0002,p0001;p0002,22;21;33;27;4,2.0,2.0,1.0,1.0,1.0,1.0,1.0,0.0
hotpotqa_5a861fa75542994775f60706,hotpotqa,hotpotqa_oncu_200,dense,8,220,40,multi_hop,8000,middle,low,unknown,p0001;p0002,p0001;p0002,22;21;33;27;4;1;12;7,2.0,2.0,1.0,1.0,1.0,1.0,1.0,0.0
hotpotqa_5a861fa75542994775f60706,hotpotqa,hotpotqa_oncu_200,dense,16,220,40,multi_hop,8000,middle,low,unknown,p0001;p0002,p0001;p0002;p0012,22;21;33;27;4;1;12;7;24;16;41;20;36;43;3;38,3.0,2.0,1.0,1.0,0.6666666666666666,1.0,0.8,0.3333333333333333
hotpotqa_5a861fa75542994775f60706,hotpotqa,hotpotqa_oncu_200,hybrid,3,220,40,multi_hop,8000,middle,low,unknown,p0001;p0002,p0012,16;4;33,1.0,2.0,0.0,0.0,0.0,0.0,0.0,1.0
hotpotqa_5a861fa75542994775f60706,hotpotqa,hotpotqa_oncu_200,hybrid,5,220,40,multi_hop,8000,middle,low,unknown,p0001;p0002,p0012,16;4;33;39;7,1.0,2.0,0.0,0.0,0.0,0.0,0.0,1.0
hotpotqa_5a861fa75542994775f60706,hotpotqa,hotpotqa_oncu_200,hybrid,8,220,40,multi_hop,8000,middle,low,unknown,p0001;p0002,p0012;p0001,16;4;33;39;7;21;1;25,2.0,2.0,1.0,0.0,0.5,0.5,0.5,0.5
hotpotqa_5a861fa75542994775f60706,hotpotqa,hotpotqa_oncu_200,hybrid,16,220,40,multi_hop,8000,middle,low,unknown,p0001;p0002,p0012;p0001;p0002,16;4;33;39;7;21;1;25;27;10;40;31;22;11;23;30,3.0,2.0,1.0,1.0,0.6666666666666666,1.0,0.8,0.3333333333333333
hotpotqa_5a861fa75542994775f60706,hotpotqa,hotpotqa_oncu_200,iterative,3,220,40,multi_hop,8000,middle,low,unknown,p0001;p0002,,39;10;25,0.0,2.0,0.0,0.0,0.0,0.0,0.0,0.0
hotpotqa_5a861fa75542994775f60706,hotpotqa,hotpotqa_oncu_200,iterative,5,220,40,multi_hop,8000,middle,low,unknown,p0001;p0002,,39;10;25;42;7,0.0,2.0,0.0,0.0,0.0,0.0,0.0,0.0
hotpotqa_5a861fa75542994775f60706,hotpotqa,hotpotqa_oncu_200,iterative,8,220,40,multi_hop,8000,middle,low,unknown,p0001;p0002,p0010;p0011;p0012,39;10;25;42;7;15;4;28,3.0,2.0,0.0,0.0,0.0,0.0,0.0,1.0
hotpotqa_5a861fa75542994775f60706,hotpotqa,hotpotqa_oncu_200,iterative,16,220,40,multi_hop,8000,middle,low,unknown,p0001;p0002,p0010;p0011;p0012,39;10;25;42;7;15;4;28;31;33;16;36;19;30;2;1,3.0,2.0,0.0,0.0,0.0,0.0,0.0,1.0
hotpotqa_5a861fa75542994775f60706,hotpotqa,hotpotqa_oncu_200,oracle,3,220,40,multi_hop,8000,middle,low,unknown,p0001;p0002,p0001;p0002,0;1,2.0,2.0,1.0,1.0,1.0,1.0,1.0,0.0
hotpotqa_5a861fa75542994775f60706,hotpotqa,hotpotqa_oncu_200,oracle,5,220,40,multi_hop,8000,middle,low,unknown,p0001;p0002,p0001;p0002,0;1,2.0,2.0,1.0,1.0,1.0,1.0,1.0,0.0
hotpotqa_5a861fa75542994775f60706,hotpotqa,hotpotqa_oncu_200,oracle,8,220,40,multi_hop,8000,middle,low,unknown,p0001;p0002,p0001;p0002,0;1,2.0,2.0,1.0,1.0,1.0,1.0,1.0,0.0
hotpotqa_5a861fa75542994775f60706,hotpotqa,hotpotqa_oncu_200,oracle,16,220,40,multi_hop,8000,middle,low,unknown,p0001;p0002,p0001;p0002,0;1,2.0,2.0,1.0,1.0,1.0,1.0,1.0,0.0
hotpotqa_5a888fe6554299206df2b2f7,hotpotqa,hotpotqa_oncu_200,lexical,3,220,40,multi_hop,16000,end,low,unknown,p0001;p0002,p0001;p0002,77;78;68,2.0,2.0,1.0,1.0,1.0,1.0,1.0,0.0
hotpotqa_5a888fe6554299206df2b2f7,hotpotqa,hotpotqa_oncu_200,lexical,5,220,40,multi_hop,16000,end,low,unknown,p0001;p0002,p0001;p0002,77;78;68;11;55,2.0,2.0,1.0,1.0,1.0,1.0,1.0,0.0
hotpotqa_5a888fe6554299206df2b2f7,hotpotqa,hotpotqa_oncu_200,lexical,8,220,40,multi_hop,16000,end,low,unknown,p0001;p0002,p0001;p0002,77;78;68;11;55;59;24;46,2.0,2.0,1.0,1.0,1.0,1.0,1.0,0.0
hotpotqa_5a888fe6554299206df2b2f7,hotpotqa,hotpotqa_oncu_200,lexical,16,220,40,multi_hop,16000,end,low,unknown,p0001;p0002,p0001;p0002,77;78;68;11;55;59;24;46;33;86;20;42;64;72;7;37,2.0,2.0,1.0,1.0,1.0,1.0,1.0,0.0
hotpotqa_5a888fe6554299206df2b2f7,hotpotqa,hotpotqa_oncu_200,dense,3,220,40,multi_hop,16000,end,low,unknown,p0001;p0002,p0001;p0002,77;7;64,2.0,2.0,1.0,1.0,1.0,1.0,1.0,0.0
hotpotqa_5a888fe6554299206df2b2f7,hotpotqa,hotpotqa_oncu_200,dense,5,220,40,multi_hop,16000,end,low,unknown,p0001;p0002,p0001;p0002,77;7;64;55;68,2.0,2.0,1.0,1.0,1.0,1.0,1.0,0.0
hotpotqa_5a888fe6554299206df2b2f7,hotpotqa,hotpotqa_oncu_200,dense,8,220,40,multi_hop,16000,end,low,unknown,p0001;p0002,p0001;p0002,77;7;64;55;68;86;24;20,2.0,2.0,1.0,1.0,1.0,1.0,1.0,0.0
hotpotqa_5a888fe6554299206df2b2f7,hotpotqa,hotpotqa_oncu_200,dense,16,220,40,multi_hop,16000,end,low,unknown,p0001;p0002,p0001;p0002;p0009;p0010;p0012,77;7;64;55;68;86;24;20;46;42;11;31;59;33;2;82,5.0,2.0,1.0,1.0,0.4,1.0,0.5714285714285715,0.6
hotpotqa_5a888fe6554299206df2b2f7,hotpotqa,hotpotqa_oncu_200,hybrid,3,220,40,multi_hop,16000,end,low,unknown,p0001;p0002,p0001;p0002,77;68;55,2.0,2.0,1.0,1.0,1.0,1.0,1.0,0.0
hotpotqa_5a888fe6554299206df2b2f7,hotpotqa,hotpotqa_oncu_200,hybrid,5,220,40,multi_hop,16000,end,low,unknown,p0001;p0002,p0001;p0002,77;68;55;24;11,2.0,2.0,1.0,1.0,1.0,1.0,1.0,0.0
hotpotqa_5a888fe6554299206df2b2f7,hotpotqa,hotpotqa_oncu_200,hybrid,8,220,40,multi_hop,16000,end,low,unknown,p0001;p0002,p0001;p0002,77;68;55;24;11;64;7;86,2.0,2.0,1.0,1.0,1.0,1.0,1.0,0.0
hotpotqa_5a888fe6554299206df2b2f7,hotpotqa,hotpotqa_oncu_200,hybrid,16,220,40,multi_hop,16000,end,low,unknown,p0001;p0002,p0001;p0002,77;68;55;24;11;64;7;86;46;59;20;42;33;2;78;72,2.0,2.0,1.0,1.0,1.0,1.0,1.0,0.0
hotpotqa_5a888fe6554299206df2b2f7,hotpotqa,hotpotqa_oncu_200,iterative,3,220,40,multi_hop,16000,end,low,unknown,p0001;p0002,,55;11;46,0.0,2.0,0.0,0.0,0.0,0.0,0.0,0.0
hotpotqa_5a888fe6554299206df2b2f7,hotpotqa,hotpotqa_oncu_200,iterative,5,220,40,multi_hop,16000,end,low,unknown,p0001;p0002,,55;11;46;68;86,0.0,2.0,0.0,0.0,0.0,0.0,0.0,0.0
hotpotqa_5a888fe6554299206df2b2f7,hotpotqa,hotpotqa_oncu_200,iterative,8,220,40,multi_hop,16000,end,low,unknown,p0001;p0002,p0001;p0002,55;11;46;68;86;77;24;20,2.0,2.0,1.0,1.0,1.0,1.0,1.0,0.0
hotpotqa_5a888fe6554299206df2b2f7,hotpotqa,hotpotqa_oncu_200,iterative,16,220,40,multi_hop,16000,end,low,unknown,p0001;p0002,p0001;p0002,55;11;46;68;86;77;24;20;59;33;42;7;72;64;2;37,2.0,2.0,1.0,1.0,1.0,1.0,1.0,0.0
hotpotqa_5a888fe6554299206df2b2f7,hotpotqa,hotpotqa_oncu_200,oracle,3,220,40,multi_hop,16000,end,low,unknown,p0001;p0002,p0001;p0002,0;1,2.0,2.0,1.0,1.0,1.0,1.0,1.0,0.0
hotpotqa_5a888fe6554299206df2b2f7,hotpotqa,hotpotqa_oncu_200,oracle,5,220,40,multi_hop,16000,end,low,unknown,p0001;p0002,p0001;p0002,0;1,2.0,2.0,1.0,1.0,1.0,1.0,1.0,0.0
hotpotqa_5a888fe6554299206df2b2f7,hotpotqa,hotpotqa_oncu_200,oracle,8,220,40,multi_hop,16000,end,low,unknown,p0001;p0002,p0001;p0002,0;1,2.0,2.0,1.0,1.0,1.0,1.0,1.0,0.0
hotpotqa_5a888fe6554299206df2b2f7,hotpotqa,hotpotqa_oncu_200,oracle,16,220,40,multi_hop,16000,end,low,unknown,p0001;p0002,p0001;p0002,0;1,2.0,2.0,1.0,1.0,1.0,1.0,1.0,0.0
hotpotqa_5ab865235542992aa3b8c8db,hotpotqa,hotpotqa_oncu_200,lexical,3,220,40,multi_hop,4000,scattered,medium,unknown,p0001;p0002;p0003;p0004,p0001;p0004,1;4;17,2.0,4.0,1.0,0.0,1.0,0.5,0.6666666666666666,0.0
hotpotqa_5ab865235542992aa3b8c8db,hotpotqa,hotpotqa_oncu_200,lexical,5,220,40,multi_hop,4000,scattered,medium,unknown,p0001;p0002;p0003;p0004,p0001;p0004,1;4;17;12;9,2.0,4.0,1.0,0.0,1.0,0.5,0.6666666666666666,0.0
hotpotqa_5ab865235542992aa3b8c8db,hotpotqa,hotpotqa_oncu_200,lexical,8,220,40,multi_hop,4000,scattered,medium,unknown,p0001;p0002;p0003;p0004,p0001;p0004;p0012;p0013;p0014,1;4;17;12;9;14;8;16,5.0,4.0,1.0,0.0,0.4,0.5,0.4444444444444445,0.6
hotpotqa_5ab865235542992aa3b8c8db,hotpotqa,hotpotqa_oncu_200,lexical,16,220,40,multi_hop,4000,scattered,medium,unknown,p0001;p0002;p0003;p0004,p0001;p0004;p0012;p0013;p0014;p0003;p0002,1;4;17;12;9;14;8;16;19;11;10;2;15;20;5;21,7.0,4.0,1.0,1.0,0.5714285714285714,1.0,0.7272727272727273,0.42857142857142855
hotpotqa_5ab865235542992aa3b8c8db,hotpotqa,hotpotqa_oncu_200,dense,3,220,40,multi_hop,4000,scattered,medium,unknown,p0001;p0002;p0003;p0004,,12;17;2,0.0,4.0,0.0,0.0,0.0,0.0,0.0,0.0
hotpotqa_5ab865235542992aa3b8c8db,hotpotqa,hotpotqa_oncu_200,dense,5,220,40,multi_hop,4000,scattered,medium,unknown,p0001;p0002;p0003;p0004,,12;17;2;4;9,0.0,4.0,0.0,0.0,0.0,0.0,0.0,0.0
hotpotqa_5ab865235542992aa3b8c8db,hotpotqa,hotpotqa_oncu_200,dense,8,220,40,multi_hop,4000,scattered,medium,unknown,p0001;p0002;p0003;p0004,p0012;p0013;p0014;p0001;p0004;p0003,12;17;2;4;9;8;1;19,6.0,4.0,1.0,0.0,0.5,0.75,0.6,0.5
hotpotqa_5ab865235542992aa3b8c8db,hotpotqa,hotpotqa_oncu_200,dense,16,220,40,multi_hop,4000,scattered,medium,unknown,p0001;p0002;p0003;p0004,p0012;p0013;p0014;p0001;p0004;p0003;p0002;p0005;p0007;p0008;p0010,12;17;2;4;9;8;1;19;10;14;20;11;6;15;16;5,11.0,4.0,1.0,1.0,0.36363636363636365,1.0,0.5333333333333333,0.6363636363636364
hotpotqa_5ab865235542992aa3b8c8db,hotpotqa,hotpotqa_oncu_200,hybrid,3,220,40,multi_hop,4000,scattered,medium,unknown,p0001;p0002;p0003;p0004,,12;17;4,0.0,4.0,0.0,0.0,0.0,0.0,0.0,0.0
hotpotqa_5ab865235542992aa3b8c8db,hotpotqa,hotpotqa_oncu_200,hybrid,5,220,40,multi_hop,4000,scattered,medium,unknown,p0001;p0002;p0003;p0004,p0001;p0004,12;17;4;1;9,2.0,4.0,1.0,0.0,1.0,0.5,0.6666666666666666,0.0
hotpotqa_5ab865235542992aa3b8c8db,hotpotqa,hotpotqa_oncu_200,hybrid,8,220,40,multi_hop,4000,scattered,medium,unknown,p0001;p0002;p0003;p0004,p0001;p0004;p0012;p0013;p0014,12;17;4;1;9;8;2;14,5.0,4.0,1.0,0.0,0.4,0.5,0.4444444444444445,0.6
hotpotqa_5ab865235542992aa3b8c8db,hotpotqa,hotpotqa_oncu_200,hybrid,16,220,40,multi_hop,4000,scattered,medium,unknown,p0001;p0002;p0003;p0004,p0001;p0004;p0012;p0013;p0014;p0003;p0002,12;17;4;1;9;8;2;14;19;10;11;16;20;15;5;21,7.0,4.0,1.0,1.0,0.5714285714285714,1.0,0.7272727272727273,0.42857142857142855
hotpotqa_5ab865235542992aa3b8c8db,hotpotqa,hotpotqa_oncu_200,iterative,3,220,40,multi_hop,4000,scattered,medium,unknown,p0001;p0002;p0003;p0004,p0001;p0004,1;16;4,2.0,4.0,1.0,0.0,1.0,0.5,0.6666666666666666,0.0
hotpotqa_5ab865235542992aa3b8c8db,hotpotqa,hotpotqa_oncu_200,iterative,5,220,40,multi_hop,4000,scattered,medium,unknown,p0001;p0002;p0003;p0004,p0001;p0004,1;16;4;11;9,2.0,4.0,1.0,0.0,1.0,0.5,0.6666666666666666,0.0
hotpotqa_5ab865235542992aa3b8c8db,hotpotqa,hotpotqa_oncu_200,iterative,8,220,40,multi_hop,4000,scattered,medium,unknown,p0001;p0002;p0003;p0004,p0001;p0004;p0003,1;16;4;11;9;14;17;19,3.0,4.0,1.0,0.0,1.0,0.75,0.8571428571428571,0.0
hotpotqa_5ab865235542992aa3b8c8db,hotpotqa,hotpotqa_oncu_200,iterative,16,220,40,multi_hop,4000,scattered,medium,unknown,p0001;p0002;p0003;p0004,p0001;p0004;p0003;p0012;p0013;p0014;p0011;p0002,1;16;4;11;9;14;17;19;21;8;12;7;3;18;10;2,8.0,4.0,1.0,1.0,0.5,1.0,0.6666666666666666,0.5
hotpotqa_5ab865235542992aa3b8c8db,hotpotqa,hotpotqa_oncu_200,oracle,3,220,40,multi_hop,4000,scattered,medium,unknown,p0001;p0002;p0003;p0004,p0001;p0002;p0003,0;1;2,3.0,4.0,1.0,0.0,1.0,0.75,0.8571428571428571,0.0
hotpotqa_5ab865235542992aa3b8c8db,hotpotqa,hotpotqa_oncu_200,oracle,5,220,40,multi_hop,4000,scattered,medium,unknown,p0001;p0002;p0003;p0004,p0001;p0002;p0003;p0004,0;1;2;3,4.0,4.0,1.0,1.0,1.0,1.0,1.0,0.0
hotpotqa_5ab865235542992aa3b8c8db,hotpotqa,hotpotqa_oncu_200,oracle,8,220,40,multi_hop,4000,scattered,medium,unknown,p0001;p0002;p0003;p0004,p0001;p0002;p0003;p0004,0;1;2;3,4.0,4.0,1.0,1.0,1.0,1.0,1.0,0.0
hotpotqa_5ab865235542992aa3b8c8db,hotpotqa,hotpotqa_oncu_200,oracle,16,220,40,multi_hop,4000,scattered,medium,unknown,p0001;p0002;p0003;p0004,p0001;p0002;p0003;p0004,0;1;2;3,4.0,4.0,1.0,1.0,1.0,1.0,1.0,0.0
hotpotqa_5ae533535542993aec5ec173,hotpotqa,hotpotqa_oncu_200,lexical,3,220,40,multi_hop,8000,front,low,unknown,p0001;p0002,,42;38;34,0.0,2.0,0.0,0.0,0.0,0.0,0.0,0.0
hotpotqa_5ae533535542993aec5ec173,hotpotqa,hotpotqa_oncu_200,lexical,5,220,40,multi_hop,8000,front,low,unknown,p0001;p0002,,42;38;34;30;26,0.0,2.0,0.0,0.0,0.0,0.0,0.0,0.0
hotpotqa_5ae533535542993aec5ec173,hotpotqa,hotpotqa_oncu_200,lexical,8,220,40,multi_hop,8000,front,low,unknown,p0001;p0002,,42;38;34;30;26;22;6;10,0.0,2.0,0.0,0.0,0.0,0.0,0.0,0.0
hotpotqa_5ae533535542993aec5ec173,hotpotqa,hotpotqa_oncu_200,lexical,16,220,40,multi_hop,8000,front,low,unknown,p0001;p0002,p0010;p0011;p0012;p0008;p0009;p0001;p0002,42;38;34;30;26;22;6;10;18;16;2;15;1;31;35;7,7.0,2.0,1.0,1.0,0.2857142857142857,1.0,0.4444444444444445,0.7142857142857143
hotpotqa_5ae533535542993aec5ec173,hotpotqa,hotpotqa_oncu_200,dense,3,220,40,multi_hop,8000,front,low,unknown,p0001;p0002,,34;38;30,0.0,2.0,0.0,0.0,0.0,0.0,0.0,0.0
hotpotqa_5ae533535542993aec5ec173,hotpotqa,hotpotqa_oncu_200,dense,5,220,40,multi_hop,8000,front,low,unknown,p0001;p0002,,34;38;30;2;22,0.0,2.0,0.0,0.0,0.0,0.0,0.0,0.0
hotpotqa_5ae533535542993aec5ec173,hotpotqa,hotpotqa_oncu_200,dense,8,220,40,multi_hop,8000,front,low,unknown,p0001;p0002,,34;38;30;2;22;26;42;10,0.0,2.0,0.0,0.0,0.0,0.0,0.0,0.0
hotpotqa_5ae533535542993aec5ec173,hotpotqa,hotpotqa_oncu_200,dense,16,220,40,multi_hop,8000,front,low,unknown,p0001;p0002,p0008;p0009;p0010;p0011;p0012,34;38;30;2;22;26;42;10;18;6;15;16;3;7;11;19,5.0,2.0,0.0,0.0,0.0,0.0,0.0,1.0
hotpotqa_5ae533535542993aec5ec173,hotpotqa,hotpotqa_oncu_200,hybrid,3,220,40,multi_hop,8000,front,low,unknown,p0001;p0002,,34;38;30,0.0,2.0,0.0,0.0,0.0,0.0,0.0,0.0
hotpotqa_5ae533535542993aec5ec173,hotpotqa,hotpotqa_oncu_200,hybrid,5,220,40,multi_hop,8000,front,low,unknown,p0001;p0002,,34;38;30;42;22,0.0,2.0,0.0,0.0,0.0,0.0,0.0,0.0
hotpotqa_5ae533535542993aec5ec173,hotpotqa,hotpotqa_oncu_200,hybrid,8,220,40,multi_hop,8000,front,low,unknown,p0001;p0002,,34;38;30;42;22;26;2;10,0.0,2.0,0.0,0.0,0.0,0.0,0.0,0.0
hotpotqa_5ae533535542993aec5ec173,hotpotqa,hotpotqa_oncu_200,hybrid,16,220,40,multi_hop,8000,front,low,unknown,p0001;p0002,p0010;p0011;p0012;p0008;p0009,34;38;30;42;22;26;2;10;6;18;16;15;7;31;11;3,5.0,2.0,0.0,0.0,0.0,0.0,0.0,1.0
hotpotqa_5ae533535542993aec5ec173,hotpotqa,hotpotqa_oncu_200,iterative,3,220,40,multi_hop,8000,front,low,unknown,p0001;p0002,,30;42;34,0.0,2.0,0.0,0.0,0.0,0.0,0.0,0.0
hotpotqa_5ae533535542993aec5ec173,hotpotqa,hotpotqa_oncu_200,iterative,5,220,40,multi_hop,8000,front,low,unknown,p0001;p0002,,30;42;34;38;26,0.0,2.0,0.0,0.0,0.0,0.0,0.0,0.0
hotpotqa_5ae533535542993aec5ec173,hotpotqa,hotpotqa_oncu_200,iterative,8,220,40,multi_hop,8000,front,low,unknown,p0001;p0002,,30;42;34;38;26;22;10;6,0.0,2.0,0.0,0.0,0.0,0.0,0.0,0.0
hotpotqa_5ae533535542993aec5ec173,hotpotqa,hotpotqa_oncu_200,iterative,16,220,40,multi_hop,8000,front,low,unknown,p0001;p0002,p0010;p0011;p0012;p0008;p0009;p0006;p0007,30;42;34;38;26;22;10;6;18;2;16;15;41;37;14;31,7.0,2.0,0.0,0.0,0.0,0.0,0.0,1.0
hotpotqa_5ae533535542993aec5ec173,hotpotqa,hotpotqa_oncu_200,oracle,3,220,40,multi_hop,8000,front,low,unknown,p0001;p0002,p0001;p0002,0;1,2.0,2.0,1.0,1.0,1.0,1.0,1.0,0.0
hotpotqa_5ae533535542993aec5ec173,hotpotqa,hotpotqa_oncu_200,oracle,5,220,40,multi_hop,8000,front,low,unknown,p0001;p0002,p0001;p0002,0;1,2.0,2.0,1.0,1.0,1.0,1.0,1.0,0.0
hotpotqa_5ae533535542993aec5ec173,hotpotqa,hotpotqa_oncu_200,oracle,8,220,40,multi_hop,8000,front,low,unknown,p0001;p0002,p0001;p0002,0;1,2.0,2.0,1.0,1.0,1.0,1.0,1.0,0.0
hotpotqa_5ae533535542993aec5ec173,hotpotqa,hotpotqa_oncu_200,oracle,16,220,40,multi_hop,8000,front,low,unknown,p0001;p0002,p0001;p0002,0;1,2.0,2.0,1.0,1.0,1.0,1.0,1.0,0.0
hotpotqa_5adbe9fa55429944faac23ba,hotpotqa,hotpotqa_oncu_200,lexical,3,220,40,comparison,16000,middle,low,unknown,p0001;p0002,p0001;p0002,44;43;0,2.0,2.0,1.0,1.0,1.0,1.0,1.0,0.0
hotpotqa_5adbe9fa55429944faac23ba,hotpotqa,hotpotqa_oncu_200,lexical,5,220,40,comparison,16000,middle,low,unknown,p0001;p0002,p0001;p0002,44;43;0;1;2,2.0,2.0,1.0,1.0,1.0,1.0,1.0,0.0
hotpotqa_5adbe9fa55429944faac23ba,hotpotqa,hotpotqa_oncu_200,lexical,8,220,40,comparison,16000,middle,low,unknown,p0001;p0002,p0001;p0002,44;43;0;1;2;3;4;5,2.0,2.0,1.0,1.0,1.0,1.0,1.0,0.0
hotpotqa_5adbe9fa55429944faac23ba,hotpotqa,hotpotqa_oncu_200,lexical,16,220,40,comparison,16000,middle,low,unknown,p0001;p0002,p0001;p0002,44;43;0;1;2;3;4;5;6;7;8;9;10;11;12;13,2.0,2.0,1.0,1.0,1.0,1.0,1.0,0.0
hotpotqa_5adbe9fa55429944faac23ba,hotpotqa,hotpotqa_oncu_200,dense,3,220,40,comparison,16000,middle,low,unknown,p0001;p0002,p0001;p0002,44;68;24,2.0,2.0,1.0,1.0,1.0,1.0,1.0,0.0
hotpotqa_5adbe9fa55429944faac23ba,hotpotqa,hotpotqa_oncu_200,dense,5,220,40,comparison,16000,middle,low,unknown,p0001;p0002,p0001;p0002,44;68;24;52;70,2.0,2.0,1.0,1.0,1.0,1.0,1.0,0.0
hotpotqa_5adbe9fa55429944faac23ba,hotpotqa,hotpotqa_oncu_200,dense,8,220,40,comparison,16000,middle,low,unknown,p0001;p0002,p0001;p0002,44;68;24;52;70;40;72;61,2.0,2.0,1.0,1.0,1.0,1.0,1.0,0.0
hotpotqa_5adbe9fa55429944faac23ba,hotpotqa,hotpotqa_oncu_200,dense,16,220,40,comparison,16000,middle,low,unknown,p0001;p0002,p0001;p0002,44;68;24;52;70;40;72;61;7;86;13;74;41;35;58;25,2.0,2.0,1.0,1.0,1.0,1.0,1.0,0.0
hotpotqa_5adbe9fa55429944faac23ba,hotpotqa,hotpotqa_oncu_200,hybrid,3,220,40,comparison,16000,middle,low,unknown,p0001;p0002,p0001;p0002,44;7;1,2.0,2.0,1.0,1.0,1.0,1.0,1.0,0.0
hotpotqa_5adbe9fa55429944faac23ba,hotpotqa,hotpotqa_oncu_200,hybrid,5,220,40,comparison,16000,middle,low,unknown,p0001;p0002,p0001;p0002,44;7;1;2;24,2.0,2.0,1.0,1.0,1.0,1.0,1.0,0.0
hotpotqa_5adbe9fa55429944faac23ba,hotpotqa,hotpotqa_oncu_200,hybrid,8,220,40,comparison,16000,middle,low,unknown,p0001;p0002,p0001;p0002,44;7;1;2;24;13;43;8,2.0,2.0,1.0,1.0,1.0,1.0,1.0,0.0
hotpotqa_5adbe9fa55429944faac23ba,hotpotqa,hotpotqa_oncu_200,hybrid,16,220,40,comparison,16000,middle,low,unknown,p0001;p0002,p0001;p0002,44;7;1;2;24;13;43;8;3;0;11;40;4;25;52;19,2.0,2.0,1.0,1.0,1.0,1.0,1.0,0.0
hotpotqa_5adbe9fa55429944faac23ba,hotpotqa,hotpotqa_oncu_200,iterative,3,220,40,comparison,16000,middle,low,unknown,p0001;p0002,p0001;p0002,44;43;0,2.0,2.0,1.0,1.0,1.0,1.0,1.0,0.0
hotpotqa_5adbe9fa55429944faac23ba,hotpotqa,hotpotqa_oncu_200,iterative,5,220,40,comparison,16000,middle,low,unknown,p0001;p0002,p0001;p0002,44;43;0;1;2,2.0,2.0,1.0,1.0,1.0,1.0,1.0,0.0
hotpotqa_5adbe9fa55429944faac23ba,hotpotqa,hotpotqa_oncu_200,iterative,8,220,40,comparison,16000,middle,low,unknown,p0001;p0002,p0001;p0002,44;43;0;1;2;3;4;5,2.0,2.0,1.0,1.0,1.0,1.0,1.0,0.0
hotpotqa_5adbe9fa55429944faac23ba,hotpotqa,hotpotqa_oncu_200,iterative,16,220,40,comparison,16000,middle,low,unknown,p0001;p0002,p0001;p0002,44;43;0;1;2;3;4;5;6;7;8;9;10;11;12;13,2.0,2.0,1.0,1.0,1.0,1.0,1.0,0.0
hotpotqa_5adbe9fa55429944faac23ba,hotpotqa,hotpotqa_oncu_200,oracle,3,220,40,comparison,16000,middle,low,unknown,p0001;p0002,p0001;p0002,0;1,2.0,2.0,1.0,1.0,1.0,1.0,1.0,0.0
hotpotqa_5adbe9fa55429944faac23ba,hotpotqa,hotpotqa_oncu_200,oracle,5,220,40,comparison,16000,middle,low,unknown,p0001;p0002,p0001;p0002,0;1,2.0,2.0,1.0,1.0,1.0,1.0,1.0,0.0
hotpotqa_5adbe9fa55429944faac23ba,hotpotqa,hotpotqa_oncu_200,oracle,8,220,40,comparison,16000,middle,low,unknown,p0001;p0002,p0001;p0002,0;1,2.0,2.0,1.0,1.0,1.0,1.0,1.0,0.0
hotpotqa_5adbe9fa55429944faac23ba,hotpotqa,hotpotqa_oncu_200,oracle,16,220,40,comparison,16000,middle,low,unknown,p0001;p0002,p0001;p0002,0;1,2.0,2.0,1.0,1.0,1.0,1.0,1.0,0.0
hotpotqa_5a84e61b5542997b5ce3ff86,hotpotqa,hotpotqa_oncu_200,lexical,3,220,40,multi_hop,4000,end,medium,unknown,p0001;p0002;p0003,p0001;p0002;p0003,19;12;1,3.0,3.0,1.0,1.0,1.0,1.0,1.0,0.0
hotpotqa_5a84e61b5542997b5ce3ff86,hotpotqa,hotpotqa_oncu_200,lexical,5,220,40,multi_hop,4000,end,medium,unknown,p0001;p0002;p0003,p0001;p0002;p0003;p0006;p0007,19;12;1;17;6,5.0,3.0,1.0,1.0,0.6,1.0,0.7499999999999999,0.4
hotpotqa_5a84e61b5542997b5ce3ff86,hotpotqa,hotpotqa_oncu_200,lexical,8,220,40,multi_hop,4000,end,medium,unknown,p0001;p0002;p0003,p0001;p0002;p0003;p0006;p0007;p0008,19;12;1;17;6;2;7;18,6.0,3.0,1.0,1.0,0.5,1.0,0.6666666666666666,0.5
hotpotqa_5a84e61b5542997b5ce3ff86,hotpotqa,hotpotqa_oncu_200,lexical,16,220,40,multi_hop,4000,end,medium,unknown,p0001;p0002;p0003,p0001;p0002;p0003;p0006;p0007;p0008;p0013;p0009;p0004,19;12;1;17;6;2;7;18;11;13;21;10;3;8;0;5,9.0,3.0,1.0,1.0,0.3333333333333333,1.0,0.5,0.6666666666666666
hotpotqa_5a84e61b5542997b5ce3ff86,hotpotqa,hotpotqa_oncu_200,dense,3,220,40,multi_hop,4000,end,medium,unknown,p0001;p0002;p0003,p0001;p0002;p0003;p0008,19;7;18,4.0,3.0,1.0,1.0,0.75,1.0,0.8571428571428571,0.25
hotpotqa_5a84e61b5542997b5ce3ff86,hotpotqa,hotpotqa_oncu_200,dense,5,220,40,multi_hop,4000,end,medium,unknown,p0001;p0002;p0003,p0001;p0002;p0003;p0008,19;7;18;2;1,4.0,3.0,1.0,1.0,0.75,1.0,0.8571428571428571,0.25
hotpotqa_5a84e61b5542997b5ce3ff86,hotpotqa,hotpotqa_oncu_200,dense,8,220,40,multi_hop,4000,end,medium,unknown,p0001;p0002;p0003,p0001;p0002;p0003;p0008;p0006;p0007,19;7;18;2;1;17;6;12,6.0,3.0,1.0,1.0,0.5,1.0,0.6666666666666666,0.5
hotpotqa_5a84e61b5542997b5ce3ff86,hotpotqa,hotpotqa_oncu_200,dense,16,220,40,multi_hop,4000,end,medium,unknown,p0001;p0002;p0003,p0001;p0002;p0003;p0008;p0006;p0007;p0013;p0010;p0011,19;7;18;2;1;17;6;12;13;15;21;10;9;20;4;14,9.0,3.0,1.0,1.0,0.3333333333333333,1.0,0.5,0.6666666666666666
hotpotqa_5a84e61b5542997b5ce3ff86,hotpotqa,hotpotqa_oncu_200,hybrid,3,220,40,multi_hop,4000,end,medium,unknown,p0001;p0002;p0003,p0001;p0002;p0003;p0008,19;1;7,4.0,3.0,1.0,1.0,0.75,1.0,0.8571428571428571,0.25
hotpotqa_5a84e61b5542997b5ce3ff86,hotpotqa,hotpotqa_oncu_200,hybrid,5,220,40,multi_hop,4000,end,medium,unknown,p0001;p0002;p0003,p0001;p0002;p0003;p0008,19;1;7;12;2,4.0,3.0,1.0,1.0,0.75,1.0,0.8571428571428571,0.25
hotpotqa_5a84e61b5542997b5ce3ff86,hotpotqa,hotpotqa_oncu_200,hybrid,8,220,40,multi_hop,4000,end,medium,unknown,p0001;p0002;p0003,p0001;p0002;p0003;p0008;p0006;p0007,19;1;7;12;2;17;18;6,6.0,3.0,1.0,1.0,0.5,1.0,0.6666666666666666,0.5
hotpotqa_5a84e61b5542997b5ce3ff86,hotpotqa,hotpotqa_oncu_200,hybrid,16,220,40,multi_hop,4000,end,medium,unknown,p0001;p0002;p0003,p0001;p0002;p0003;p0008;p0006;p0007;p0013;p0010;p0011;p0004,19;1;7;12;2;17;18;6;13;21;10;11;15;20;9;5,10.0,3.0,1.0,1.0,0.3,1.0,0.4615384615384615,0.7
hotpotqa_5a84e61b5542997b5ce3ff86,hotpotqa,hotpotqa_oncu_200,iterative,3,220,40,multi_hop,4000,end,medium,unknown,p0001;p0002;p0003,p0001;p0002;p0003,19;2;12,3.0,3.0,1.0,1.0,1.0,1.0,1.0,0.0
hotpotqa_5a84e61b5542997b5ce3ff86,hotpotqa,hotpotqa_oncu_200,iterative,5,220,40,multi_hop,4000,end,medium,unknown,p0001;p0002;p0003,p0001;p0002;p0003,19;2;12;1;13,3.0,3.0,1.0,1.0,1.0,1.0,1.0,0.0
hotpotqa_5a84e61b5542997b5ce3ff86,hotpotqa,hotpotqa_oncu_200,iterative,8,220,40,multi_hop,4000,end,medium,unknown,p0001;p0002;p0003,p0001;p0002;p0003;p0008,19;2;12;1;13;18;7;17,4.0,3.0,1.0,1.0,0.75,1.0,0.8571428571428571,0.25
hotpotqa_5a84e61b5542997b5ce3ff86,hotpotqa,hotpotqa_oncu_200,iterative,16,220,40,multi_hop,4000,end,medium,unknown,p0001;p0002;p0003,p0001;p0002;p0003;p0008;p0006;p0007;p0009;p0013;p0004,19;2;12;1;13;18;7;17;6;8;11;3;10;21;0;5,9.0,3.0,1.0,1.0,0.3333333333333333,1.0,0.5,0.6666666666666666
hotpotqa_5a84e61b5542997b5ce3ff86,hotpotqa,hotpotqa_oncu_200,oracle,3,220,40,multi_hop,4000,end,medium,unknown,p0001;p0002;p0003,p0001;p0002;p0003,0;1;2,3.0,3.0,1.0,1.0,1.0,1.0,1.0,0.0
hotpotqa_5a84e61b5542997b5ce3ff86,hotpotqa,hotpotqa_oncu_200,oracle,5,220,40,multi_hop,4000,end,medium,unknown,p0001;p0002;p0003,p0001;p0002;p0003,0;1;2,3.0,3.0,1.0,1.0,1.0,1.0,1.0,0.0
hotpotqa_5a84e61b5542997b5ce3ff86,hotpotqa,hotpotqa_oncu_200,oracle,8,220,40,multi_hop,4000,end,medium,unknown,p0001;p0002;p0003,p0001;p0002;p0003,0;1;2,3.0,3.0,1.0,1.0,1.0,1.0,1.0,0.0
hotpotqa_5a84e61b5542997b5ce3ff86,hotpotqa,hotpotqa_oncu_200,oracle,16,220,40,multi_hop,4000,end,medium,unknown,p0001;p0002;p0003,p0001;p0002;p0003,0;1;2,3.0,3.0,1.0,1.0,1.0,1.0,1.0,0.0
hotpotqa_5ab5ec0a5542997d4ad1f250,hotpotqa,hotpotqa_oncu_200,lexical,3,220,40,multi_hop,8000,scattered,low,unknown,p0001;p0002,p0001;p0002,4;3;22,2.0,2.0,1.0,1.0,1.0,1.0,1.0,0.0
hotpotqa_5ab5ec0a5542997d4ad1f250,hotpotqa,hotpotqa_oncu_200,lexical,5,220,40,multi_hop,8000,scattered,low,unknown,p0001;p0002,p0001;p0002,4;3;22;21;9,2.0,2.0,1.0,1.0,1.0,1.0,1.0,0.0
hotpotqa_5ab5ec0a5542997d4ad1f250,hotpotqa,hotpotqa_oncu_200,lexical,8,220,40,multi_hop,8000,scattered,low,unknown,p0001;p0002,p0001;p0002,4;3;22;21;9;27;1;19,2.0,2.0,1.0,1.0,1.0,1.0,1.0,0.0
hotpotqa_5ab5ec0a5542997d4ad1f250,hotpotqa,hotpotqa_oncu_200,lexical,16,220,40,multi_hop,8000,scattered,low,unknown,p0001;p0002,p0001;p0002,4;3;22;21;9;27;1;19;12;30;37;34;5;23;41;8,2.0,2.0,1.0,1.0,1.0,1.0,1.0,0.0
hotpotqa_5ab5ec0a5542997d4ad1f250,hotpotqa,hotpotqa_oncu_200,dense,3,220,40,multi_hop,8000,scattered,low,unknown,p0001;p0002,p0003;p0004;p0006,9;27;13,3.0,2.0,0.0,0.0,0.0,0.0,0.0,1.0
hotpotqa_5ab5ec0a5542997d4ad1f250,hotpotqa,hotpotqa_oncu_200,dense,5,220,40,multi_hop,8000,scattered,low,unknown,p0001;p0002,p0003;p0004;p0006,9;27;13;34;41,3.0,2.0,0.0,0.0,0.0,0.0,0.0,1.0
hotpotqa_5ab5ec0a5542997d4ad1f250,hotpotqa,hotpotqa_oncu_200,dense,8,220,40,multi_hop,8000,scattered,low,unknown,p0001;p0002,p0003;p0004;p0006;p0007;p0008;p0009;p0011,9;27;13;34;41;7;25;15,7.0,2.0,0.0,0.0,0.0,0.0,0.0,1.0
hotpotqa_5ab5ec0a5542997d4ad1f250,hotpotqa,hotpotqa_oncu_200,dense,16,220,40,multi_hop,8000,scattered,low,unknown,p0001;p0002,p0003;p0004;p0006;p0007;p0008;p0009;p0011;p0002,9;27;13;34;41;7;25;15;22;0;32;18;43;39;36;2,8.0,2.0,1.0,0.0,0.125,0.5,0.2,0.875
hotpotqa_5ab5ec0a5542997d4ad1f250,hotpotqa,hotpotqa_oncu_200,hybrid,3,220,40,multi_hop,8000,scattered,low,unknown,p0001;p0002,p0002,9;27;22,1.0,2.0,1.0,0.0,1.0,0.5,0.6666666666666666,0.0
hotpotqa_5ab5ec0a5542997d4ad1f250,hotpotqa,hotpotqa_oncu_200,hybrid,5,220,40,multi_hop,8000,scattered,low,unknown,p0001;p0002,p0002,9;27;22;34;41,1.0,2.0,1.0,0.0,1.0,0.5,0.6666666666666666,0.0
hotpotqa_5ab5ec0a5542997d4ad1f250,hotpotqa,hotpotqa_oncu_200,hybrid,8,220,40,multi_hop,8000,scattered,low,unknown,p0001;p0002,p0002;p0001,9;27;22;34;41;21;3;7,2.0,2.0,1.0,1.0,1.0,1.0,1.0,0.0
hotpotqa_5ab5ec0a5542997d4ad1f250,hotpotqa,hotpotqa_oncu_200,hybrid,16,220,40,multi_hop,8000,scattered,low,unknown,p0001;p0002,p0002;p0001;p0007;p0008;p0009;p0011,9;27;22;34;41;21;3;7;4;25;12;5;30;15;23;2,6.0,2.0,1.0,1.0,0.3333333333333333,1.0,0.5,0.6666666666666666
hotpotqa_5ab5ec0a5542997d4ad1f250,hotpotqa,hotpotqa_oncu_200,iterative,3,220,40,multi_hop,8000,scattered,low,unknown,p0001;p0002,p0001;p0002,4;3;22,2.0,2.0,1.0,1.0,1.0,1.0,1.0,0.0
hotpotqa_5ab5ec0a5542997d4ad1f250,hotpotqa,hotpotqa_oncu_200,iterative,5,220,40,multi_hop,8000,scattered,low,unknown,p0001;p0002,p0001;p0002,4;3;22;7;21,2.0,2.0,1.0,1.0,1.0,1.0,1.0,0.0
hotpotqa_5ab5ec0a5542997d4ad1f250,hotpotqa,hotpotqa_oncu_200,iterative,8,220,40,multi_hop,8000,scattered,low,unknown,p0001;p0002,p0001;p0002,4;3;22;7;21;25;9;11,2.0,2.0,1.0,1.0,1.0,1.0,1.0,0.0
hotpotqa_5ab5ec0a5542997d4ad1f250,hotpotqa,hotpotqa_oncu_200,iterative,16,220,40,multi_hop,8000,scattered,low,unknown,p0001;p0002,p0001;p0002,4;3;22;7;21;25;9;11;27;29;19;1;37;36;12;8,2.0,2.0,1.0,1.0,1.0,1.0,1.0,0.0
hotpotqa_5ab5ec0a5542997d4ad1f250,hotpotqa,hotpotqa_oncu_200,oracle,3,220,40,multi_hop,8000,scattered,low,unknown,p0001;p0002,p0001;p0002,0;1,2.0,2.0,1.0,1.0,1.0,1.0,1.0,0.0
hotpotqa_5ab5ec0a5542997d4ad1f250,hotpotqa,hotpotqa_oncu_200,oracle,5,220,40,multi_hop,8000,scattered,low,unknown,p0001;p0002,p0001;p0002,0;1,2.0,2.0,1.0,1.0,1.0,1.0,1.0,0.0
hotpotqa_5ab5ec0a5542997d4ad1f250,hotpotqa,hotpotqa_oncu_200,oracle,8,220,40,multi_hop,8000,scattered,low,unknown,p0001;p0002,p0001;p0002,0;1,2.0,2.0,1.0,1.0,1.0,1.0,1.0,0.0
hotpotqa_5ab5ec0a5542997d4ad1f250,hotpotqa,hotpotqa_oncu_200,oracle,16,220,40,multi_hop,8000,scattered,low,unknown,p0001;p0002,p0001;p0002,0;1,2.0,2.0,1.0,1.0,1.0,1.0,1.0,0.0
hotpotqa_5a72a9ab5542992359bc315a,hotpotqa,hotpotqa_oncu_200,lexical,3,220,40,multi_hop,16000,front,medium,unknown,p0001;p0002;p0003,,54;22;63,0.0,3.0,0.0,0.0,0.0,0.0,0.0,0.0
hotpotqa_5a72a9ab5542992359bc315a,hotpotqa,hotpotqa_oncu_200,lexical,5,220,40,multi_hop,16000,front,medium,unknown,p0001;p0002;p0003,,54;22;63;41;85,0.0,3.0,0.0,0.0,0.0,0.0,0.0,0.0
hotpotqa_5a72a9ab5542992359bc315a,hotpotqa,hotpotqa_oncu_200,lexical,8,220,40,multi_hop,16000,front,medium,unknown,p0001;p0002;p0003,,54;22;63;41;85;19;10;59,0.0,3.0,0.0,0.0,0.0,0.0,0.0,0.0
hotpotqa_5a72a9ab5542992359bc315a,hotpotqa,hotpotqa_oncu_200,lexical,16,220,40,multi_hop,16000,front,medium,unknown,p0001;p0002;p0003,p0001;p0002;p0003;p0013,54;22;63;41;85;19;10;59;4;66;15;1;32;88;72;6,4.0,3.0,1.0,1.0,0.75,1.0,0.8571428571428571,0.25
hotpotqa_5a72a9ab5542992359bc315a,hotpotqa,hotpotqa_oncu_200,dense,3,220,40,multi_hop,16000,front,medium,unknown,p0001;p0002;p0003,p0007;p0009;p0010,59;30;37,3.0,3.0,0.0,0.0,0.0,0.0,0.0,1.0
hotpotqa_5a72a9ab5542992359bc315a,hotpotqa,hotpotqa_oncu_200,dense,5,220,40,multi_hop,16000,front,medium,unknown,p0001;p0002;p0003,p0007;p0009;p0010,59;30;37;50;15,3.0,3.0,0.0,0.0,0.0,0.0,0.0,1.0
hotpotqa_5a72a9ab5542992359bc315a,hotpotqa,hotpotqa_oncu_200,dense,8,220,40,multi_hop,16000,front,medium,unknown,p0001;p0002;p0003,p0007;p0009;p0010,59;30;37;50;15;6;72;1,3.0,3.0,0.0,0.0,0.0,0.0,0.0,1.0
hotpotqa_5a72a9ab5542992359bc315a,hotpotqa,hotpotqa_oncu_200,dense,16,220,40,multi_hop,16000,front,medium,unknown,p0001;p0002;p0003,p0007;p0009;p0010;p0001;p0002;p0003,59;30;37;50;15;6;72;1;81;46;24;55;11;33;68;4,6.0,3.0,1.0,1.0,0.5,1.0,0.6666666666666666,0.5
hotpotqa_5a72a9ab5542992359bc315a,hotpotqa,hotpotqa_oncu_200,hybrid,3,220,40,multi_hop,16000,front,medium,unknown,p0001;p0002;p0003,,59;15;37,0.0,3.0,0.0,0.0,0.0,0.0,0.0,0.0
hotpotqa_5a72a9ab5542992359bc315a,hotpotqa,hotpotqa_oncu_200,hybrid,5,220,40,multi_hop,16000,front,medium,unknown,p0001;p0002;p0003,,59;15;37;63;1,0.0,3.0,0.0,0.0,0.0,0.0,0.0,0.0
hotpotqa_5a72a9ab5542992359bc315a,hotpotqa,hotpotqa_oncu_200,hybrid,8,220,40,multi_hop,16000,front,medium,unknown,p0001;p0002;p0003,,59;15;37;63;1;54;85;6,0.0,3.0,0.0,0.0,0.0,0.0,0.0,0.0
hotpotqa_5a72a9ab5542992359bc315a,hotpotqa,hotpotqa_oncu_200,hybrid,16,220,40,multi_hop,16000,front,medium,unknown,p0001;p0002;p0003,p0001;p0002;p0003,59;15;37;63;1;54;85;6;50;72;41;19;4;10;22;81,3.0,3.0,1.0,1.0,1.0,1.0,1.0,0.0
hotpotqa_5a72a9ab5542992359bc315a,hotpotqa,hotpotqa_oncu_200,iterative,3,220,40,multi_hop,16000,front,medium,unknown,p0001;p0002;p0003,,54;10;41,0.0,3.0,0.0,0.0,0.0,0.0,0.0,0.0
hotpotqa_5a72a9ab5542992359bc315a,hotpotqa,hotpotqa_oncu_200,iterative,5,220,40,multi_hop,16000,front,medium,unknown,p0001;p0002;p0003,,54;10;41;63;19,0.0,3.0,0.0,0.0,0.0,0.0,0.0,0.0
hotpotqa_5a72a9ab5542992359bc315a,hotpotqa,hotpotqa_oncu_200,iterative,8,220,40,multi_hop,16000,front,medium,unknown,p0001;p0002;p0003,,54;10;41;63;19;85;22;76,0.0,3.0,0.0,0.0,0.0,0.0,0.0,0.0
hotpotqa_5a72a9ab5542992359bc315a,hotpotqa,hotpotqa_oncu_200,iterative,16,220,40,multi_hop,16000,front,medium,unknown,p0001;p0002;p0003,,54;10;41;63;19;85;22;76;1;66;23;27;67;71;36;6,0.0,3.0,0.0,0.0,0.0,0.0,0.0,0.0
hotpotqa_5a72a9ab5542992359bc315a,hotpotqa,hotpotqa_oncu_200,oracle,3,220,40,multi_hop,16000,front,medium,unknown,p0001;p0002;p0003,p0001;p0002;p0003,0;1;2,3.0,3.0,1.0,1.0,1.0,1.0,1.0,0.0
hotpotqa_5a72a9ab5542992359bc315a,hotpotqa,hotpotqa_oncu_200,oracle,5,220,40,multi_hop,16000,front,medium,unknown,p0001;p0002;p0003,p0001;p0002;p0003,0;1;2,3.0,3.0,1.0,1.0,1.0,1.0,1.0,0.0
hotpotqa_5a72a9ab5542992359bc315a,hotpotqa,hotpotqa_oncu_200,oracle,8,220,40,multi_hop,16000,front,medium,unknown,p0001;p0002;p0003,p0001;p0002;p0003,0;1;2,3.0,3.0,1.0,1.0,1.0,1.0,1.0,0.0
hotpotqa_5a72a9ab5542992359bc315a,hotpotqa,hotpotqa_oncu_200,oracle,16,220,40,multi_hop,16000,front,medium,unknown,p0001;p0002;p0003,p0001;p0002;p0003,0;1;2,3.0,3.0,1.0,1.0,1.0,1.0,1.0,0.0
hotpotqa_5a8209845542990a1d231f1f,hotpotqa,hotpotqa_oncu_200,lexical,3,220,40,multi_hop,4000,middle,low,unknown,p0001;p0002,p0001;p0002,11;15;3,2.0,2.0,1.0,1.0,1.0,1.0,1.0,0.0
hotpotqa_5a8209845542990a1d231f1f,hotpotqa,hotpotqa_oncu_200,lexical,5,220,40,multi_hop,4000,middle,low,unknown,p0001;p0002,p0001;p0002,11;15;3;20;19,2.0,2.0,1.0,1.0,1.0,1.0,1.0,0.0
hotpotqa_5a8209845542990a1d231f1f,hotpotqa,hotpotqa_oncu_200,lexical,8,220,40,multi_hop,4000,middle,low,unknown,p0001;p0002,p0001;p0002;p0012,11;15;3;20;19;12;9;16,3.0,2.0,1.0,1.0,0.6666666666666666,1.0,0.8,0.3333333333333333
hotpotqa_5a8209845542990a1d231f1f,hotpotqa,hotpotqa_oncu_200,lexical,16,220,40,multi_hop,4000,middle,low,unknown,p0001;p0002,p0001;p0002;p0012;p0003;p0004;p0005;p0008;p0009;p0010,11;15;3;20;19;12;9;16;4;1;0;5;6;10;13;7,9.0,2.0,1.0,1.0,0.2222222222222222,1.0,0.3636363636363636,0.7777777777777778
hotpotqa_5a8209845542990a1d231f1f,hotpotqa,hotpotqa_oncu_200,dense,3,220,40,multi_hop,4000,middle,low,unknown,p0001;p0002,p0001;p0002,11;12;1,2.0,2.0,1.0,1.0,1.0,1.0,1.0,0.0
hotpotqa_5a8209845542990a1d231f1f,hotpotqa,hotpotqa_oncu_200,dense,5,220,40,multi_hop,4000,middle,low,unknown,p0001;p0002,p0001;p0002;p0008;p0009;p0010,11;12;1;13;7,5.0,2.0,1.0,1.0,0.4,1.0,0.5714285714285715,0.6
hotpotqa_5a8209845542990a1d231f1f,hotpotqa,hotpotqa_oncu_200,dense,8,220,40,multi_hop,4000,middle,low,unknown,p0001;p0002,p0001;p0002;p0008;p0009;p0010;p0004;p0005,11;12;1;13;7;17;21;6,7.0,2.0,1.0,1.0,0.2857142857142857,1.0,0.4444444444444445,0.7142857142857143
hotpotqa_5a8209845542990a1d231f1f,hotpotqa,hotpotqa_oncu_200,dense,16,220,40,multi_hop,4000,middle,low,unknown,p0001;p0002,p0001;p0002;p0008;p0009;p0010;p0004;p0005;p0003;p0012,11;12;1;13;7;17;21;6;16;20;5;4;0;19;9;3,9.0,2.0,1.0,1.0,0.2222222222222222,1.0,0.3636363636363636,0.7777777777777778
hotpotqa_5a8209845542990a1d231f1f,hotpotqa,hotpotqa_oncu_200,hybrid,3,220,40,multi_hop,4000,middle,low,unknown,p0001;p0002,p0001;p0002,11;12;1,2.0,2.0,1.0,1.0,1.0,1.0,1.0,0.0
hotpotqa_5a8209845542990a1d231f1f,hotpotqa,hotpotqa_oncu_200,hybrid,5,220,40,multi_hop,4000,middle,low,unknown,p0001;p0002,p0001;p0002,11;12;1;20;16,2.0,2.0,1.0,1.0,1.0,1.0,1.0,0.0
hotpotqa_5a8209845542990a1d231f1f,hotpotqa,hotpotqa_oncu_200,hybrid,8,220,40,multi_hop,4000,middle,low,unknown,p0001;p0002,p0001;p0002,11;12;1;20;16;15;3;13,2.0,2.0,1.0,1.0,1.0,1.0,1.0,0.0
hotpotqa_5a8209845542990a1d231f1f,hotpotqa,hotpotqa_oncu_200,hybrid,16,220,40,multi_hop,4000,middle,low,unknown,p0001;p0002,p0001;p0002;p0008;p0009;p0010;p0004;p0005;p0012;p0003,11;12;1;20;16;15;3;13;19;7;6;4;9;17;5;0,9.0,2.0,1.0,1.0,0.2222222222222222,1.0,0.3636363636363636,0.7777777777777778
hotpotqa_5a8209845542990a1d231f1f,hotpotqa,hotpotqa_oncu_200,iterative,3,220,40,multi_hop,4000,middle,low,unknown,p0001;p0002,p0001;p0002,11;15;3,2.0,2.0,1.0,1.0,1.0,1.0,1.0,0.0
hotpotqa_5a8209845542990a1d231f1f,hotpotqa,hotpotqa_oncu_200,iterative,5,220,40,multi_hop,4000,middle,low,unknown,p0001;p0002,p0001;p0002;p0012,11;15;3;19;9,3.0,2.0,1.0,1.0,0.6666666666666666,1.0,0.8,0.3333333333333333
hotpotqa_5a8209845542990a1d231f1f,hotpotqa,hotpotqa_oncu_200,iterative,8,220,40,multi_hop,4000,middle,low,unknown,p0001;p0002,p0001;p0002;p0012,11;15;3;19;9;12;20;10,3.0,2.0,1.0,1.0,0.6666666666666666,1.0,0.8,0.3333333333333333
hotpotqa_5a8209845542990a1d231f1f,hotpotqa,hotpotqa_oncu_200,iterative,16,220,40,multi_hop,4000,middle,low,unknown,p0001;p0002,p0001;p0002;p0012;p0003;p0004;p0005;p0008;p0009;p0010,11;15;3;19;9;12;20;10;5;16;4;6;0;1;18;7,9.0,2.0,1.0,1.0,0.2222222222222222,1.0,0.3636363636363636,0.7777777777777778
hotpotqa_5a8209845542990a1d231f1f,hotpotqa,hotpotqa_oncu_200,oracle,3,220,40,multi_hop,4000,middle,low,unknown,p0001;p0002,p0001;p0002,0;1,2.0,2.0,1.0,1.0,1.0,1.0,1.0,0.0
hotpotqa_5a8209845542990a1d231f1f,hotpotqa,hotpotqa_oncu_200,oracle,5,220,40,multi_hop,4000,middle,low,unknown,p0001;p0002,p0001;p0002,0;1,2.0,2.0,1.0,1.0,1.0,1.0,1.0,0.0
hotpotqa_5a8209845542990a1d231f1f,hotpotqa,hotpotqa_oncu_200,oracle,8,220,40,multi_hop,4000,middle,low,unknown,p0001;p0002,p0001;p0002,0;1,2.0,2.0,1.0,1.0,1.0,1.0,1.0,0.0
hotpotqa_5a8209845542990a1d231f1f,hotpotqa,hotpotqa_oncu_200,oracle,16,220,40,multi_hop,4000,middle,low,unknown,p0001;p0002,p0001;p0002,0;1,2.0,2.0,1.0,1.0,1.0,1.0,1.0,0.0
hotpotqa_5a726b0f5542997f827839be,hotpotqa,hotpotqa_oncu_200,lexical,3,220,40,comparison,8000,end,low,unknown,p0001;p0002,p0001;p0002,38;35;39,2.0,2.0,1.0,1.0,1.0,1.0,1.0,0.0
hotpotqa_5a726b0f5542997f827839be,hotpotqa,hotpotqa_oncu_200,lexical,5,220,40,comparison,8000,end,low,unknown,p0001;p0002,p0001;p0002,38;35;39;0;32,2.0,2.0,1.0,1.0,1.0,1.0,1.0,0.0
hotpotqa_5a726b0f5542997f827839be,hotpotqa,hotpotqa_oncu_200,lexical,8,220,40,comparison,8000,end,low,unknown,p0001;p0002,p0001;p0002,38;35;39;0;32;29;42;27,2.0,2.0,1.0,1.0,1.0,1.0,1.0,0.0
hotpotqa_5a726b0f5542997f827839be,hotpotqa,hotpotqa_oncu_200,lexical,16,220,40,comparison,8000,end,low,unknown,p0001;p0002,p0001;p0002,38;35;39;0;32;29;42;27;24;21;26;3;30;18;12;41,2.0,2.0,1.0,1.0,1.0,1.0,1.0,0.0
hotpotqa_5a726b0f5542997f827839be,hotpotqa,hotpotqa_oncu_200,dense,3,220,40,comparison,8000,end,low,unknown,p0001;p0002,,36;30;18,0.0,2.0,0.0,0.0,0.0,0.0,0.0,0.0
hotpotqa_5a726b0f5542997f827839be,hotpotqa,hotpotqa_oncu_200,dense,5,220,40,comparison,8000,end,low,unknown,p0001;p0002,p0001;p0002,36;30;18;12;39,2.0,2.0,1.0,1.0,1.0,1.0,1.0,0.0
hotpotqa_5a726b0f5542997f827839be,hotpotqa,hotpotqa_oncu_200,dense,8,220,40,comparison,8000,end,low,unknown,p0001;p0002,p0001;p0002,36;30;18;12;39;4;1;21,2.0,2.0,1.0,1.0,1.0,1.0,1.0,0.0
hotpotqa_5a726b0f5542997f827839be,hotpotqa,hotpotqa_oncu_200,dense,16,220,40,comparison,8000,end,low,unknown,p0001;p0002,p0001;p0002;p0004;p0005;p0006;p0007;p0008;p0010;p0012,36;30;18;12;39;4;1;21;7;9;42;24;27;10;14;15,9.0,2.0,1.0,1.0,0.2222222222222222,1.0,0.3636363636363636,0.7777777777777778
hotpotqa_5a726b0f5542997f827839be,hotpotqa,hotpotqa_oncu_200,hybrid,3,220,40,comparison,8000,end,low,unknown,p0001;p0002,p0001;p0002,39;30;18,2.0,2.0,1.0,1.0,1.0,1.0,1.0,0.0
hotpotqa_5a726b0f5542997f827839be,hotpotqa,hotpotqa_oncu_200,hybrid,5,220,40,comparison,8000,end,low,unknown,p0001;p0002,p0001;p0002,39;30;18;42;21,2.0,2.0,1.0,1.0,1.0,1.0,1.0,0.0
hotpotqa_5a726b0f5542997f827839be,hotpotqa,hotpotqa_oncu_200,hybrid,8,220,40,comparison,8000,end,low,unknown,p0001;p0002,p0001;p0002,39;30;18;42;21;12;27;24,2.0,2.0,1.0,1.0,1.0,1.0,1.0,0.0
hotpotqa_5a726b0f5542997f827839be,hotpotqa,hotpotqa_oncu_200,hybrid,16,220,40,comparison,8000,end,low,unknown,p0001;p0002,p0001;p0002,39;30;18;42;21;12;27;24;36;38;0;35;32;9;3;29,2.0,2.0,1.0,1.0,1.0,1.0,1.0,0.0
hotpotqa_5a726b0f5542997f827839be,hotpotqa,hotpotqa_oncu_200,iterative,3,220,40,comparison,8000,end,low,unknown,p0001;p0002,p0001;p0002,35;29;38,2.0,2.0,1.0,1.0,1.0,1.0,1.0,0.0
hotpotqa_5a726b0f5542997f827839be,hotpotqa,hotpotqa_oncu_200,iterative,5,220,40,comparison,8000,end,low,unknown,p0001;p0002,p0001;p0002,35;29;38;32;5,2.0,2.0,1.0,1.0,1.0,1.0,1.0,0.0
hotpotqa_5a726b0f5542997f827839be,hotpotqa,hotpotqa_oncu_200,iterative,8,220,40,comparison,8000,end,low,unknown,p0001;p0002,p0001;p0002,35;29;38;32;5;2;26;41,2.0,2.0,1.0,1.0,1.0,1.0,1.0,0.0
hotpotqa_5a726b0f5542997f827839be,hotpotqa,hotpotqa_oncu_200,iterative,16,220,40,comparison,8000,end,low,unknown,p0001;p0002,p0001;p0002,35;29;38;32;5;2;26;41;0;17;23;3;11;20;39;24,2.0,2.0,1.0,1.0,1.0,1.0,1.0,0.0
hotpotqa_5a726b0f5542997f827839be,hotpotqa,hotpotqa_oncu_200,oracle,3,220,40,comparison,8000,end,low,unknown,p0001;p0002,p0001;p0002,0;1,2.0,2.0,1.0,1.0,1.0,1.0,1.0,0.0
hotpotqa_5a726b0f5542997f827839be,hotpotqa,hotpotqa_oncu_200,oracle,5,220,40,comparison,8000,end,low,unknown,p0001;p0002,p0001;p0002,0;1,2.0,2.0,1.0,1.0,1.0,1.0,1.0,0.0
hotpotqa_5a726b0f5542997f827839be,hotpotqa,hotpotqa_oncu_200,oracle,8,220,40,comparison,8000,end,low,unknown,p0001;p0002,p0001;p0002,0;1,2.0,2.0,1.0,1.0,1.0,1.0,1.0,0.0
hotpotqa_5a726b0f5542997f827839be,hotpotqa,hotpotqa_oncu_200,oracle,16,220,40,comparison,8000,end,low,unknown,p0001;p0002,p0001;p0002,0;1,2.0,2.0,1.0,1.0,1.0,1.0,1.0,0.0
hotpotqa_5a8b4ec155429949d91db53f,hotpotqa,hotpotqa_oncu_200,lexical,3,220,40,multi_hop,16000,scattered,low,unknown,p0001;p0002,p0002,43;4;64,1.0,2.0,1.0,0.0,1.0,0.5,0.6666666666666666,0.0
hotpotqa_5a8b4ec155429949d91db53f,hotpotqa,hotpotqa_oncu_200,lexical,5,220,40,multi_hop,16000,scattered,low,unknown,p0001;p0002,p0002,43;4;64;81;34,1.0,2.0,1.0,0.0,1.0,0.5,0.6666666666666666,0.0
hotpotqa_5a8b4ec155429949d91db53f,hotpotqa,hotpotqa_oncu_200,lexical,8,220,40,multi_hop,16000,scattered,low,unknown,p0001;p0002,p0002;p0003;p0005;p0006;p0007,43;4;64;81;34;28;68;47,5.0,2.0,1.0,0.0,0.2,0.5,0.28571428571428575,0.8
hotpotqa_5a8b4ec155429949d91db53f,hotpotqa,hotpotqa_oncu_200,lexical,16,220,40,multi_hop,16000,scattered,low,unknown,p0001;p0002,p0002;p0003;p0005;p0006;p0007;p0001,43;4;64;81;34;28;68;47;8;85;77;38;17;60;0;42,6.0,2.0,1.0,1.0,0.3333333333333333,1.0,0.5,0.6666666666666666
hotpotqa_5a8b4ec155429949d91db53f,hotpotqa,hotpotqa_oncu_200,dense,3,220,40,multi_hop,16000,scattered,low,unknown,p0001;p0002,,11;24;37,0.0,2.0,0.0,0.0,0.0,0.0,0.0,0.0
hotpotqa_5a8b4ec155429949d91db53f,hotpotqa,hotpotqa_oncu_200,dense,5,220,40,multi_hop,16000,scattered,low,unknown,p0001;p0002,,11;24;37;41;58,0.0,2.0,0.0,0.0,0.0,0.0,0.0,0.0
hotpotqa_5a8b4ec155429949d91db53f,hotpotqa,hotpotqa_oncu_200,dense,8,220,40,multi_hop,16000,scattered,low,unknown,p0001;p0002,p0011,11;24;37;41;58;84;71;31,1.0,2.0,0.0,0.0,0.0,0.0,0.0,1.0
hotpotqa_5a8b4ec155429949d91db53f,hotpotqa,hotpotqa_oncu_200,dense,16,220,40,multi_hop,16000,scattered,low,unknown,p0001;p0002,p0011,11;24;37;41;58;84;71;31;54;88;50;75;63;7;20;67,1.0,2.0,0.0,0.0,0.0,0.0,0.0,1.0
hotpotqa_5a8b4ec155429949d91db53f,hotpotqa,hotpotqa_oncu_200,hybrid,3,220,40,multi_hop,16000,scattered,low,unknown,p0001;p0002,,11;58;77,0.0,2.0,0.0,0.0,0.0,0.0,0.0,0.0
hotpotqa_5a8b4ec155429949d91db53f,hotpotqa,hotpotqa_oncu_200,hybrid,5,220,40,multi_hop,16000,scattered,low,unknown,p0001;p0002,p0002,11;58;77;43;60,1.0,2.0,1.0,0.0,1.0,0.5,0.6666666666666666,0.0
hotpotqa_5a8b4ec155429949d91db53f,hotpotqa,hotpotqa_oncu_200,hybrid,8,220,40,multi_hop,16000,scattered,low,unknown,p0001;p0002,p0002;p0003;p0005;p0006;p0007,11;58;77;43;60;28;75;4,5.0,2.0,1.0,0.0,0.2,0.5,0.28571428571428575,0.8
hotpotqa_5a8b4ec155429949d91db53f,hotpotqa,hotpotqa_oncu_200,hybrid,16,220,40,multi_hop,16000,scattered,low,unknown,p0001;p0002,p0002;p0003;p0005;p0006;p0007;p0001,11;58;77;43;60;28;75;4;24;81;64;63;56;8;0;34,6.0,2.0,1.0,1.0,0.3333333333333333,1.0,0.5,0.6666666666666666
hotpotqa_5a8b4ec155429949d91db53f,hotpotqa,hotpotqa_oncu_200,iterative,3,220,40,multi_hop,16000,scattered,low,unknown,p0001;p0002,p0002,43;81;34,1.0,2.0,1.0,0.0,1.0,0.5,0.6666666666666666,0.0
hotpotqa_5a8b4ec155429949d91db53f,hotpotqa,hotpotqa_oncu_200,iterative,5,220,40,multi_hop,16000,scattered,low,unknown,p0001;p0002,p0002,43;81;34;4;68,1.0,2.0,1.0,0.0,1.0,0.5,0.6666666666666666,0.0
hotpotqa_5a8b4ec155429949d91db53f,hotpotqa,hotpotqa_oncu_200,iterative,8,220,40,multi_hop,16000,scattered,low,unknown,p0001;p0002,p0002,43;81;34;4;68;64;47;85,1.0,2.0,1.0,0.0,1.0,0.5,0.6666666666666666,0.0
hotpotqa_5a8b4ec155429949d91db53f,hotpotqa,hotpotqa_oncu_200,iterative,16,220,40,multi_hop,16000,scattered,low,unknown,p0001;p0002,p0002;p0003;p0005;p0006;p0007;p0001,43;81;34;4;68;64;47;85;21;51;28;17;77;60;38;8,6.0,2.0,1.0,1.0,0.3333333333333333,1.0,0.5,0.6666666666666666
hotpotqa_5a8b4ec155429949d91db53f,hotpotqa,hotpotqa_oncu_200,oracle,3,220,40,multi_hop,16000,scattered,low,unknown,p0001;p0002,p0001;p0002,0;1,2.0,2.0,1.0,1.0,1.0,1.0,1.0,0.0
hotpotqa_5a8b4ec155429949d91db53f,hotpotqa,hotpotqa_oncu_200,oracle,5,220,40,multi_hop,16000,scattered,low,unknown,p0001;p0002,p0001;p0002,0;1,2.0,2.0,1.0,1.0,1.0,1.0,1.0,0.0
hotpotqa_5a8b4ec155429949d91db53f,hotpotqa,hotpotqa_oncu_200,oracle,8,220,40,multi_hop,16000,scattered,low,unknown,p0001;p0002,p0001;p0002,0;1,2.0,2.0,1.0,1.0,1.0,1.0,1.0,0.0
hotpotqa_5a8b4ec155429949d91db53f,hotpotqa,hotpotqa_oncu_200,oracle,16,220,40,multi_hop,16000,scattered,low,unknown,p0001;p0002,p0001;p0002,0;1,2.0,2.0,1.0,1.0,1.0,1.0,1.0,0.0
hotpotqa_5ab438395542990594ba9bb9,hotpotqa,hotpotqa_oncu_200,lexical,3,220,40,multi_hop,4000,front,medium,unknown,p0001;p0002;p0003,p0003,1;12;17,1.0,3.0,1.0,0.0,1.0,0.3333333333333333,0.5,0.0
hotpotqa_5ab438395542990594ba9bb9,hotpotqa,hotpotqa_oncu_200,lexical,5,220,40,multi_hop,4000,front,medium,unknown,p0001;p0002;p0003,p0003;p0006;p0008;p0010,1;12;17;7;11,4.0,3.0,1.0,0.0,0.25,0.3333333333333333,0.28571428571428575,0.75
hotpotqa_5ab438395542990594ba9bb9,hotpotqa,hotpotqa_oncu_200,lexical,8,220,40,multi_hop,4000,front,medium,unknown,p0001;p0002;p0003,p0003;p0006;p0008;p0010;p0013,1;12;17;7;11;10;15;2,5.0,3.0,1.0,0.0,0.2,0.3333333333333333,0.25,0.8
hotpotqa_5ab438395542990594ba9bb9,hotpotqa,hotpotqa_oncu_200,lexical,16,220,40,multi_hop,4000,front,medium,unknown,p0001;p0002;p0003,p0003;p0006;p0008;p0010;p0013;p0005;p0004;p0001;p0002,1;12;17;7;11;10;15;2;6;20;21;5;0;16;4;14,9.0,3.0,1.0,1.0,0.3333333333333333,1.0,0.5,0.6666666666666666
hotpotqa_5ab438395542990594ba9bb9,hotpotqa,hotpotqa_oncu_200,dense,3,220,40,multi_hop,4000,front,medium,unknown,p0001;p0002;p0003,p0003;p0001;p0002,1;0;11,3.0,3.0,1.0,1.0,1.0,1.0,1.0,0.0
hotpotqa_5ab438395542990594ba9bb9,hotpotqa,hotpotqa_oncu_200,dense,5,220,40,multi_hop,4000,front,medium,unknown,p0001;p0002;p0003,p0003;p0001;p0002;p0005;p0006,1;0;11;16;6,5.0,3.0,1.0,1.0,0.6,1.0,0.7499999999999999,0.4
hotpotqa_5ab438395542990594ba9bb9,hotpotqa,hotpotqa_oncu_200,dense,8,220,40,multi_hop,4000,front,medium,unknown,p0001;p0002;p0003,p0003;p0001;p0002;p0005;p0006;p0004,1;0;11;16;6;21;5;18,6.0,3.0,1.0,1.0,0.5,1.0,0.6666666666666666,0.5
hotpotqa_5ab438395542990594ba9bb9,hotpotqa,hotpotqa_oncu_200,dense,16,220,40,multi_hop,4000,front,medium,unknown,p0001;p0002;p0003,p0003;p0001;p0002;p0005;p0006;p0004;p0012;p0013;p0010;p0011,1;0;11;16;6;21;5;18;13;19;9;2;15;8;14;4,10.0,3.0,1.0,1.0,0.3,1.0,0.4615384615384615,0.7
hotpotqa_5ab438395542990594ba9bb9,hotpotqa,hotpotqa_oncu_200,hybrid,3,220,40,multi_hop,4000,front,medium,unknown,p0001;p0002;p0003,p0003;p0005;p0006,1;11;6,3.0,3.0,1.0,0.0,0.3333333333333333,0.3333333333333333,0.3333333333333333,0.6666666666666666
hotpotqa_5ab438395542990594ba9bb9,hotpotqa,hotpotqa_oncu_200,hybrid,5,220,40,multi_hop,4000,front,medium,unknown,p0001;p0002;p0003,p0003;p0005;p0006;p0001;p0002,1;11;6;0;21,5.0,3.0,1.0,1.0,0.6,1.0,0.7499999999999999,0.4
hotpotqa_5ab438395542990594ba9bb9,hotpotqa,hotpotqa_oncu_200,hybrid,8,220,40,multi_hop,4000,front,medium,unknown,p0001;p0002;p0003,p0003;p0005;p0006;p0001;p0002;p0004,1;11;6;0;21;16;5;12,6.0,3.0,1.0,1.0,0.5,1.0,0.6666666666666666,0.5
hotpotqa_5ab438395542990594ba9bb9,hotpotqa,hotpotqa_oncu_200,hybrid,16,220,40,multi_hop,4000,front,medium,unknown,p0001;p0002;p0003,p0003;p0005;p0006;p0001;p0002;p0004;p0013;p0008;p0010,1;11;6;0;21;16;5;12;15;2;17;10;7;18;13;20,9.0,3.0,1.0,1.0,0.3333333333333333,1.0,0.5,0.6666666666666666
hotpotqa_5ab438395542990594ba9bb9,hotpotqa,hotpotqa_oncu_200,iterative,3,220,40,multi_hop,4000,front,medium,unknown,p0001;p0002;p0003,p0003,1;11;12,1.0,3.0,1.0,0.0,1.0,0.3333333333333333,0.5,0.0
hotpotqa_5ab438395542990594ba9bb9,hotpotqa,hotpotqa_oncu_200,iterative,5,220,40,multi_hop,4000,front,medium,unknown,p0001;p0002;p0003,p0003;p0005;p0006,1;11;12;17;6,3.0,3.0,1.0,0.0,0.3333333333333333,0.3333333333333333,0.3333333333333333,0.6666666666666666
hotpotqa_5ab438395542990594ba9bb9,hotpotqa,hotpotqa_oncu_200,iterative,8,220,40,multi_hop,4000,front,medium,unknown,p0001;p0002;p0003,p0003;p0005;p0006;p0008;p0010;p0001;p0002,1;11;12;17;6;7;0;21,7.0,3.0,1.0,1.0,0.42857142857142855,1.0,0.6,0.5714285714285714
hotpotqa_5ab438395542990594ba9bb9,hotpotqa,hotpotqa_oncu_200,iterative,16,220,40,multi_hop,4000,front,medium,unknown,p0001;p0002;p0003,p0003;p0005;p0006;p0008;p0010;p0001;p0002;p0013;p0004,1;11;12;17;6;7;0;21;2;16;10;15;20;18;5;13,9.0,3.0,1.0,1.0,0.3333333333333333,1.0,0.5,0.6666666666666666
hotpotqa_5ab438395542990594ba9bb9,hotpotqa,hotpotqa_oncu_200,oracle,3,220,40,multi_hop,4000,front,medium,unknown,p0001;p0002;p0003,p0001;p0002;p0003,0;1;2,3.0,3.0,1.0,1.0,1.0,1.0,1.0,0.0
hotpotqa_5ab438395542990594ba9bb9,hotpotqa,hotpotqa_oncu_200,oracle,5,220,40,multi_hop,4000,front,medium,unknown,p0001;p0002;p0003,p0001;p0002;p0003,0;1;2,3.0,3.0,1.0,1.0,1.0,1.0,1.0,0.0
hotpotqa_5ab438395542990594ba9bb9,hotpotqa,hotpotqa_oncu_200,oracle,8,220,40,multi_hop,4000,front,medium,unknown,p0001;p0002;p0003,p0001;p0002;p0003,0;1;2,3.0,3.0,1.0,1.0,1.0,1.0,1.0,0.0
hotpotqa_5ab438395542990594ba9bb9,hotpotqa,hotpotqa_oncu_200,oracle,16,220,40,multi_hop,4000,front,medium,unknown,p0001;p0002;p0003,p0001;p0002;p0003,0;1;2,3.0,3.0,1.0,1.0,1.0,1.0,1.0,0.0
hotpotqa_5a81a7f75542995ce29dcc25,hotpotqa,hotpotqa_oncu_200,lexical,3,220,40,multi_hop,8000,middle,medium,unknown,p0001;p0002;p0003,p0002;p0003;p0001,22;21;43,3.0,3.0,1.0,1.0,1.0,1.0,1.0,0.0
hotpotqa_5a81a7f75542995ce29dcc25,hotpotqa,hotpotqa_oncu_200,lexical,5,220,40,multi_hop,8000,middle,medium,unknown,p0001;p0002;p0003,p0002;p0003;p0001,22;21;43;34;25,3.0,3.0,1.0,1.0,1.0,1.0,1.0,0.0
hotpotqa_5a81a7f75542995ce29dcc25,hotpotqa,hotpotqa_oncu_200,lexical,8,220,40,multi_hop,8000,middle,medium,unknown,p0001;p0002;p0003,p0002;p0003;p0001,22;21;43;34;25;39;30;7,3.0,3.0,1.0,1.0,1.0,1.0,1.0,0.0
hotpotqa_5a81a7f75542995ce29dcc25,hotpotqa,hotpotqa_oncu_200,lexical,16,220,40,multi_hop,8000,middle,medium,unknown,p0001;p0002;p0003,p0002;p0003;p0001;p0004;p0007;p0008;p0009;p0010;p0012;p0013,22;21;43;34;25;39;30;7;11;2;20;12;3;15;16;26,10.0,3.0,1.0,1.0,0.3,1.0,0.4615384615384615,0.7
hotpotqa_5a81a7f75542995ce29dcc25,hotpotqa,hotpotqa_oncu_200,dense,3,220,40,multi_hop,8000,middle,medium,unknown,p0001;p0002;p0003,p0007;p0008;p0009;p0010,34;15;25,4.0,3.0,0.0,0.0,0.0,0.0,0.0,1.0
hotpotqa_5a81a7f75542995ce29dcc25,hotpotqa,hotpotqa_oncu_200,dense,5,220,40,multi_hop,8000,middle,medium,unknown,p0001;p0002;p0003,p0007;p0008;p0009;p0010;p0002;p0003,34;15;25;43;22,6.0,3.0,1.0,0.0,0.3333333333333333,0.6666666666666666,0.4444444444444444,0.6666666666666666
hotpotqa_5a81a7f75542995ce29dcc25,hotpotqa,hotpotqa_oncu_200,dense,8,220,40,multi_hop,8000,middle,medium,unknown,p0001;p0002;p0003,p0007;p0008;p0009;p0010;p0002;p0003,34;15;25;43;22;7;30;20,6.0,3.0,1.0,0.0,0.3333333333333333,0.6666666666666666,0.4444444444444444,0.6666666666666666
hotpotqa_5a81a7f75542995ce29dcc25,hotpotqa,hotpotqa_oncu_200,dense,16,220,40,multi_hop,8000,middle,medium,unknown,p0001;p0002;p0003,p0007;p0008;p0009;p0010;p0002;p0003;p0004;p0001,34;15;25;43;22;7;30;20;39;11;2;38;12;29;6;21,8.0,3.0,1.0,1.0,0.375,1.0,0.5454545454545454,0.625
hotpotqa_5a81a7f75542995ce29dcc25,hotpotqa,hotpotqa_oncu_200,hybrid,3,220,40,multi_hop,8000,middle,medium,unknown,p0001;p0002;p0003,p0002;p0003,34;22;43,2.0,3.0,1.0,0.0,1.0,0.6666666666666666,0.8,0.0
hotpotqa_5a81a7f75542995ce29dcc25,hotpotqa,hotpotqa_oncu_200,hybrid,5,220,40,multi_hop,8000,middle,medium,unknown,p0001;p0002;p0003,p0002;p0003,34;22;43;25;7,2.0,3.0,1.0,0.0,1.0,0.6666666666666666,0.8,0.0
hotpotqa_5a81a7f75542995ce29dcc25,hotpotqa,hotpotqa_oncu_200,hybrid,8,220,40,multi_hop,8000,middle,medium,unknown,p0001;p0002;p0003,p0002;p0003;p0007;p0008;p0009;p0010,34;22;43;25;7;30;39;15,6.0,3.0,1.0,0.0,0.3333333333333333,0.6666666666666666,0.4444444444444444,0.6666666666666666
hotpotqa_5a81a7f75542995ce29dcc25,hotpotqa,hotpotqa_oncu_200,hybrid,16,220,40,multi_hop,8000,middle,medium,unknown,p0001;p0002;p0003,p0002;p0003;p0007;p0008;p0009;p0010;p0001;p0004,34;22;43;25;7;30;39;15;21;20;11;2;12;38;3;29,8.0,3.0,1.0,1.0,0.375,1.0,0.5454545454545454,0.625
hotpotqa_5a81a7f75542995ce29dcc25,hotpotqa,hotpotqa_oncu_200,iterative,3,220,40,multi_hop,8000,middle,medium,unknown,p0001;p0002;p0003,p0002;p0003;p0001;p0012;p0013,22;21;16,5.0,3.0,1.0,1.0,0.6,1.0,0.7499999999999999,0.4
hotpotqa_5a81a7f75542995ce29dcc25,hotpotqa,hotpotqa_oncu_200,iterative,5,220,40,multi_hop,8000,middle,medium,unknown,p0001;p0002;p0003,p0002;p0003;p0001;p0012;p0013,22;21;16;39;3,5.0,3.0,1.0,1.0,0.6,1.0,0.7499999999999999,0.4
hotpotqa_5a81a7f75542995ce29dcc25,hotpotqa,hotpotqa_oncu_200,iterative,8,220,40,multi_hop,8000,middle,medium,unknown,p0001;p0002;p0003,p0002;p0003;p0001;p0012;p0013,22;21;16;39;3;26;43;25,5.0,3.0,1.0,1.0,0.6,1.0,0.7499999999999999,0.4
hotpotqa_5a81a7f75542995ce29dcc25,hotpotqa,hotpotqa_oncu_200,iterative,16,220,40,multi_hop,8000,middle,medium,unknown,p0001;p0002;p0003,p0002;p0003;p0001;p0012;p0013;p0004;p0007;p0008;p0009;p0010,22;21;16;39;3;26;43;25;34;30;7;35;12;8;15;11,10.0,3.0,1.0,1.0,0.3,1.0,0.4615384615384615,0.7
hotpotqa_5a81a7f75542995ce29dcc25,hotpotqa,hotpotqa_oncu_200,oracle,3,220,40,multi_hop,8000,middle,medium,unknown,p0001;p0002;p0003,p0001;p0002;p0003,0;1;2,3.0,3.0,1.0,1.0,1.0,1.0,1.0,0.0
hotpotqa_5a81a7f75542995ce29dcc25,hotpotqa,hotpotqa_oncu_200,oracle,5,220,40,multi_hop,8000,middle,medium,unknown,p0001;p0002;p0003,p0001;p0002;p0003,0;1;2,3.0,3.0,1.0,1.0,1.0,1.0,1.0,0.0
hotpotqa_5a81a7f75542995ce29dcc25,hotpotqa,hotpotqa_oncu_200,oracle,8,220,40,multi_hop,8000,middle,medium,unknown,p0001;p0002;p0003,p0001;p0002;p0003,0;1;2,3.0,3.0,1.0,1.0,1.0,1.0,1.0,0.0
hotpotqa_5a81a7f75542995ce29dcc25,hotpotqa,hotpotqa_oncu_200,oracle,16,220,40,multi_hop,8000,middle,medium,unknown,p0001;p0002;p0003,p0001;p0002;p0003,0;1;2,3.0,3.0,1.0,1.0,1.0,1.0,1.0,0.0
hotpotqa_5ae7ea695542994a481bbe17,hotpotqa,hotpotqa_oncu_200,lexical,3,220,40,multi_hop,16000,end,low,unknown,p0001;p0002,,19;71;6,0.0,2.0,0.0,0.0,0.0,0.0,0.0,0.0
hotpotqa_5ae7ea695542994a481bbe17,hotpotqa,hotpotqa_oncu_200,lexical,5,220,40,multi_hop,16000,end,low,unknown,p0001;p0002,,19;71;6;58;45,0.0,2.0,0.0,0.0,0.0,0.0,0.0,0.0
hotpotqa_5ae7ea695542994a481bbe17,hotpotqa,hotpotqa_oncu_200,lexical,8,220,40,multi_hop,16000,end,low,unknown,p0001;p0002,,19;71;6;58;45;32;42;81,0.0,2.0,0.0,0.0,0.0,0.0,0.0,0.0
hotpotqa_5ae7ea695542994a481bbe17,hotpotqa,hotpotqa_oncu_200,lexical,16,220,40,multi_hop,16000,end,low,unknown,p0001;p0002,,19;71;6;58;45;32;42;81;12;64;25;51;3;55;38;16,0.0,2.0,0.0,0.0,0.0,0.0,0.0,0.0
hotpotqa_5ae7ea695542994a481bbe17,hotpotqa,hotpotqa_oncu_200,dense,3,220,40,multi_hop,16000,end,low,unknown,p0001;p0002,p0011;p0012,19;71;31,2.0,2.0,0.0,0.0,0.0,0.0,0.0,1.0
hotpotqa_5ae7ea695542994a481bbe17,hotpotqa,hotpotqa_oncu_200,dense,5,220,40,multi_hop,16000,end,low,unknown,p0001;p0002,p0011;p0012,19;71;31;45;6,2.0,2.0,0.0,0.0,0.0,0.0,0.0,1.0
hotpotqa_5ae7ea695542994a481bbe17,hotpotqa,hotpotqa_oncu_200,dense,8,220,40,multi_hop,16000,end,low,unknown,p0001;p0002,p0011;p0012,19;71;31;45;6;58;9;61,2.0,2.0,0.0,0.0,0.0,0.0,0.0,1.0
hotpotqa_5ae7ea695542994a481bbe17,hotpotqa,hotpotqa_oncu_200,dense,16,220,40,multi_hop,16000,end,low,unknown,p0001;p0002,p0011;p0012;p0001;p0002,19;71;31;45;6;58;9;61;84;81;48;32;35;22;74;78,4.0,2.0,1.0,1.0,0.5,1.0,0.6666666666666666,0.5
hotpotqa_5ae7ea695542994a481bbe17,hotpotqa,hotpotqa_oncu_200,hybrid,3,220,40,multi_hop,16000,end,low,unknown,p0001;p0002,,19;71;6,0.0,2.0,0.0,0.0,0.0,0.0,0.0,0.0
hotpotqa_5ae7ea695542994a481bbe17,hotpotqa,hotpotqa_oncu_200,hybrid,5,220,40,multi_hop,16000,end,low,unknown,p0001;p0002,,19;71;6;45;58,0.0,2.0,0.0,0.0,0.0,0.0,0.0,0.0
hotpotqa_5ae7ea695542994a481bbe17,hotpotqa,hotpotqa_oncu_200,hybrid,8,220,40,multi_hop,16000,end,low,unknown,p0001;p0002,,19;71;6;45;58;32;81;9,0.0,2.0,0.0,0.0,0.0,0.0,0.0,0.0
hotpotqa_5ae7ea695542994a481bbe17,hotpotqa,hotpotqa_oncu_200,hybrid,16,220,40,multi_hop,16000,end,low,unknown,p0001;p0002,p0001;p0002,19;71;6;45;58;32;81;9;12;61;64;84;42;48;25;78,2.0,2.0,1.0,1.0,1.0,1.0,1.0,0.0
hotpotqa_5ae7ea695542994a481bbe17,hotpotqa,hotpotqa_oncu_200,iterative,3,220,40,multi_hop,16000,end,low,unknown,p0001;p0002,,6;19;58,0.0,2.0,0.0,0.0,0.0,0.0,0.0,0.0
hotpotqa_5ae7ea695542994a481bbe17,hotpotqa,hotpotqa_oncu_200,iterative,5,220,40,multi_hop,16000,end,low,unknown,p0001;p0002,,6;19;58;71;32,0.0,2.0,0.0,0.0,0.0,0.0,0.0,0.0
hotpotqa_5ae7ea695542994a481bbe17,hotpotqa,hotpotqa_oncu_200,iterative,8,220,40,multi_hop,16000,end,low,unknown,p0001;p0002,,6;19;58;71;32;45;81;12,0.0,2.0,0.0,0.0,0.0,0.0,0.0,0.0
hotpotqa_5ae7ea695542994a481bbe17,hotpotqa,hotpotqa_oncu_200,iterative,16,220,40,multi_hop,16000,end,low,unknown,p0001;p0002,,6;19;58;71;32;45;81;12;51;25;64;38;42;9;61;87,0.0,2.0,0.0,0.0,0.0,0.0,0.0,0.0
hotpotqa_5ae7ea695542994a481bbe17,hotpotqa,hotpotqa_oncu_200,oracle,3,220,40,multi_hop,16000,end,low,unknown,p0001;p0002,p0001;p0002,0;1,2.0,2.0,1.0,1.0,1.0,1.0,1.0,0.0
hotpotqa_5ae7ea695542994a481bbe17,hotpotqa,hotpotqa_oncu_200,oracle,5,220,40,multi_hop,16000,end,low,unknown,p0001;p0002,p0001;p0002,0;1,2.0,2.0,1.0,1.0,1.0,1.0,1.0,0.0
hotpotqa_5ae7ea695542994a481bbe17,hotpotqa,hotpotqa_oncu_200,oracle,8,220,40,multi_hop,16000,end,low,unknown,p0001;p0002,p0001;p0002,0;1,2.0,2.0,1.0,1.0,1.0,1.0,1.0,0.0
hotpotqa_5ae7ea695542994a481bbe17,hotpotqa,hotpotqa_oncu_200,oracle,16,220,40,multi_hop,16000,end,low,unknown,p0001;p0002,p0001;p0002,0;1,2.0,2.0,1.0,1.0,1.0,1.0,1.0,0.0
hotpotqa_5a806cdf5542996402f6a508,hotpotqa,hotpotqa_oncu_200,lexical,3,220,40,multi_hop,4000,scattered,medium,unknown,p0001;p0002;p0003;p0004,p0001;p0004;p0009;p0010;p0011,1;7;17,5.0,4.0,1.0,0.0,0.4,0.5,0.4444444444444445,0.6
hotpotqa_5a806cdf5542996402f6a508,hotpotqa,hotpotqa_oncu_200,lexical,5,220,40,multi_hop,4000,scattered,medium,unknown,p0001;p0002;p0003;p0004,p0001;p0004;p0009;p0010;p0011,1;7;17;12;2,5.0,4.0,1.0,0.0,0.4,0.5,0.4444444444444445,0.6
hotpotqa_5a806cdf5542996402f6a508,hotpotqa,hotpotqa_oncu_200,lexical,8,220,40,multi_hop,4000,scattered,medium,unknown,p0001;p0002;p0003;p0004,p0001;p0004;p0009;p0010;p0011;p0003,1;7;17;12;2;20;4;19,6.0,4.0,1.0,0.0,0.5,0.75,0.6,0.5
hotpotqa_5a806cdf5542996402f6a508,hotpotqa,hotpotqa_oncu_200,lexical,16,220,40,multi_hop,4000,scattered,medium,unknown,p0001;p0002;p0003;p0004,p0001;p0004;p0009;p0010;p0011;p0003;p0002;p0005;p0013;p0014;p0012,1;7;17;12;2;20;4;19;15;10;5;14;9;8;0;13,11.0,4.0,1.0,1.0,0.36363636363636365,1.0,0.5333333333333333,0.6363636363636364
hotpotqa_5a806cdf5542996402f6a508,hotpotqa,hotpotqa_oncu_200,dense,3,220,40,multi_hop,4000,scattered,medium,unknown,p0001;p0002;p0003;p0004,p0002,10;20;15,1.0,4.0,1.0,0.0,1.0,0.25,0.4,0.0
hotpotqa_5a806cdf5542996402f6a508,hotpotqa,hotpotqa_oncu_200,dense,5,220,40,multi_hop,4000,scattered,medium,unknown,p0001;p0002;p0003;p0004,p0002;p0009;p0010;p0011;p0005,10;20;15;7;5,5.0,4.0,1.0,0.0,0.2,0.25,0.22222222222222224,0.8
hotpotqa_5a806cdf5542996402f6a508,hotpotqa,hotpotqa_oncu_200,dense,8,220,40,multi_hop,4000,scattered,medium,unknown,p0001;p0002;p0003;p0004,p0002;p0009;p0010;p0011;p0005;p0008,10;20;15;7;5;0;4;6,6.0,4.0,1.0,0.0,0.16666666666666666,0.25,0.2,0.8333333333333334
hotpotqa_5a806cdf5542996402f6a508,hotpotqa,hotpotqa_oncu_200,dense,16,220,40,multi_hop,4000,scattered,medium,unknown,p0001;p0002;p0003;p0004,p0002;p0009;p0010;p0011;p0005;p0008;p0001;p0004;p0003,10;20;15;7;5;0;4;6;21;12;14;17;16;11;1;19,9.0,4.0,1.0,1.0,0.4444444444444444,1.0,0.6153846153846153,0.5555555555555556
hotpotqa_5a806cdf5542996402f6a508,hotpotqa,hotpotqa_oncu_200,hybrid,3,220,40,multi_hop,4000,scattered,medium,unknown,p0001;p0002;p0003;p0004,p0009;p0010;p0011;p0002,7;20;10,4.0,4.0,1.0,0.0,0.25,0.25,0.25,0.75
hotpotqa_5a806cdf5542996402f6a508,hotpotqa,hotpotqa_oncu_200,hybrid,5,220,40,multi_hop,4000,scattered,medium,unknown,p0001;p0002;p0003;p0004,p0009;p0010;p0011;p0002,7;20;10;15;12,4.0,4.0,1.0,0.0,0.25,0.25,0.25,0.75
hotpotqa_5a806cdf5542996402f6a508,hotpotqa,hotpotqa_oncu_200,hybrid,8,220,40,multi_hop,4000,scattered,medium,unknown,p0001;p0002;p0003;p0004,p0009;p0010;p0011;p0002;p0001;p0004,7;20;10;15;12;4;17;1,6.0,4.0,1.0,0.0,0.5,0.75,0.6,0.5
hotpotqa_5a806cdf5542996402f6a508,hotpotqa,hotpotqa_oncu_200,hybrid,16,220,40,multi_hop,4000,scattered,medium,unknown,p0001;p0002;p0003;p0004,p0009;p0010;p0011;p0002;p0001;p0004;p0005;p0003;p0008;p0013;p0014,7;20;10;15;12;4;17;1;5;0;2;14;19;21;6;9,11.0,4.0,1.0,1.0,0.36363636363636365,1.0,0.5333333333333333,0.6363636363636364
hotpotqa_5a806cdf5542996402f6a508,hotpotqa,hotpotqa_oncu_200,iterative,3,220,40,multi_hop,4000,scattered,medium,unknown,p0001;p0002;p0003;p0004,p0001;p0004;p0009;p0010;p0011,1;7;17,5.0,4.0,1.0,0.0,0.4,0.5,0.4444444444444445,0.6
hotpotqa_5a806cdf5542996402f6a508,hotpotqa,hotpotqa_oncu_200,iterative,5,220,40,multi_hop,4000,scattered,medium,unknown,p0001;p0002;p0003;p0004,p0001;p0004;p0009;p0010;p0011,1;7;17;12;20,5.0,4.0,1.0,0.0,0.4,0.5,0.4444444444444445,0.6
hotpotqa_5a806cdf5542996402f6a508,hotpotqa,hotpotqa_oncu_200,iterative,8,220,40,multi_hop,4000,scattered,medium,unknown,p0001;p0002;p0003;p0004,p0001;p0004;p0009;p0010;p0011;p0002,1;7;17;12;20;15;4;10,6.0,4.0,1.0,0.0,0.5,0.75,0.6,0.5
hotpotqa_5a806cdf5542996402f6a508,hotpotqa,hotpotqa_oncu_200,iterative,16,220,40,multi_hop,4000,scattered,medium,unknown,p0001;p0002;p0003;p0004,p0001;p0004;p0009;p0010;p0011;p0002;p0008;p0003;p0005,1;7;17;12;20;15;4;10;11;0;16;2;21;6;19;5,9.0,4.0,1.0,1.0,0.4444444444444444,1.0,0.6153846153846153,0.5555555555555556
hotpotqa_5a806cdf5542996402f6a508,hotpotqa,hotpotqa_oncu_200,oracle,3,220,40,multi_hop,4000,scattered,medium,unknown,p0001;p0002;p0003;p0004,p0001;p0002;p0003,0;1;2,3.0,4.0,1.0,0.0,1.0,0.75,0.8571428571428571,0.0
hotpotqa_5a806cdf5542996402f6a508,hotpotqa,hotpotqa_oncu_200,oracle,5,220,40,multi_hop,4000,scattered,medium,unknown,p0001;p0002;p0003;p0004,p0001;p0002;p0003;p0004,0;1;2;3,4.0,4.0,1.0,1.0,1.0,1.0,1.0,0.0
hotpotqa_5a806cdf5542996402f6a508,hotpotqa,hotpotqa_oncu_200,oracle,8,220,40,multi_hop,4000,scattered,medium,unknown,p0001;p0002;p0003;p0004,p0001;p0002;p0003;p0004,0;1;2;3,4.0,4.0,1.0,1.0,1.0,1.0,1.0,0.0
hotpotqa_5a806cdf5542996402f6a508,hotpotqa,hotpotqa_oncu_200,oracle,16,220,40,multi_hop,4000,scattered,medium,unknown,p0001;p0002;p0003;p0004,p0001;p0002;p0003;p0004,0;1;2;3,4.0,4.0,1.0,1.0,1.0,1.0,1.0,0.0
hotpotqa_5a78d01d55429974737f78b3,hotpotqa,hotpotqa_oncu_200,lexical,3,220,40,multi_hop,8000,front,low,unknown,p0001;p0002,,40;3;19,0.0,2.0,0.0,0.0,0.0,0.0,0.0,0.0
hotpotqa_5a78d01d55429974737f78b3,hotpotqa,hotpotqa_oncu_200,lexical,5,220,40,multi_hop,8000,front,low,unknown,p0001;p0002,p0006;p0008;p0009,40;3;19;16;35,3.0,2.0,0.0,0.0,0.0,0.0,0.0,1.0
hotpotqa_5a78d01d55429974737f78b3,hotpotqa,hotpotqa_oncu_200,lexical,8,220,40,multi_hop,8000,front,low,unknown,p0001;p0002,p0006;p0008;p0009;p0001;p0002,40;3;19;16;35;24;1;8,5.0,2.0,1.0,1.0,0.4,1.0,0.5714285714285715,0.6
hotpotqa_5a78d01d55429974737f78b3,hotpotqa,hotpotqa_oncu_200,lexical,16,220,40,multi_hop,8000,front,low,unknown,p0001;p0002,p0006;p0008;p0009;p0001;p0002;p0005,40;3;19;16;35;24;1;8;29;30;9;25;34;4;15;41,6.0,2.0,1.0,1.0,0.3333333333333333,1.0,0.5,0.6666666666666666
hotpotqa_5a78d01d55429974737f78b3,hotpotqa,hotpotqa_oncu_200,dense,3,220,40,multi_hop,8000,front,low,unknown,p0001;p0002,p0001;p0002;p0004;p0006;p0008;p0009,1;14;16,6.0,2.0,1.0,1.0,0.3333333333333333,1.0,0.5,0.6666666666666666
hotpotqa_5a78d01d55429974737f78b3,hotpotqa,hotpotqa_oncu_200,dense,5,220,40,multi_hop,8000,front,low,unknown,p0001;p0002,p0001;p0002;p0004;p0006;p0008;p0009;p0003;p0005,1;14;16;12;15,8.0,2.0,1.0,1.0,0.25,1.0,0.4,0.75
hotpotqa_5a78d01d55429974737f78b3,hotpotqa,hotpotqa_oncu_200,dense,8,220,40,multi_hop,8000,front,low,unknown,p0001;p0002,p0001;p0002;p0004;p0006;p0008;p0009;p0003;p0005,1;14;16;12;15;2;28;23,8.0,2.0,1.0,1.0,0.25,1.0,0.4,0.75
hotpotqa_5a78d01d55429974737f78b3,hotpotqa,hotpotqa_oncu_200,dense,16,220,40,multi_hop,8000,front,low,unknown,p0001;p0002,p0001;p0002;p0004;p0006;p0008;p0009;p0003;p0005,1;14;16;12;15;2;28;23;39;38;7;30;35;33;34;22,8.0,2.0,1.0,1.0,0.25,1.0,0.4,0.75
hotpotqa_5a78d01d55429974737f78b3,hotpotqa,hotpotqa_oncu_200,hybrid,3,220,40,multi_hop,8000,front,low,unknown,p0001;p0002,p0006;p0008;p0009;p0001;p0002,16;1;35,5.0,2.0,1.0,1.0,0.4,1.0,0.5714285714285715,0.6
hotpotqa_5a78d01d55429974737f78b3,hotpotqa,hotpotqa_oncu_200,hybrid,5,220,40,multi_hop,8000,front,low,unknown,p0001;p0002,p0006;p0008;p0009;p0001;p0002;p0005,16;1;35;15;19,6.0,2.0,1.0,1.0,0.3333333333333333,1.0,0.5,0.6666666666666666
hotpotqa_5a78d01d55429974737f78b3,hotpotqa,hotpotqa_oncu_200,hybrid,8,220,40,multi_hop,8000,front,low,unknown,p0001;p0002,p0006;p0008;p0009;p0001;p0002;p0005,16;1;35;15;19;40;30;3,6.0,2.0,1.0,1.0,0.3333333333333333,1.0,0.5,0.6666666666666666
hotpotqa_5a78d01d55429974737f78b3,hotpotqa,hotpotqa_oncu_200,hybrid,16,220,40,multi_hop,8000,front,low,unknown,p0001;p0002,p0006;p0008;p0009;p0001;p0002;p0005;p0004;p0003,16;1;35;15;19;40;30;3;14;38;34;2;28;24;39;12,8.0,2.0,1.0,1.0,0.25,1.0,0.4,0.75
hotpotqa_5a78d01d55429974737f78b3,hotpotqa,hotpotqa_oncu_200,iterative,3,220,40,multi_hop,8000,front,low,unknown,p0001;p0002,,40;3;29,0.0,2.0,0.0,0.0,0.0,0.0,0.0,0.0
hotpotqa_5a78d01d55429974737f78b3,hotpotqa,hotpotqa_oncu_200,iterative,5,220,40,multi_hop,8000,front,low,unknown,p0001;p0002,,40;3;29;8;19,0.0,2.0,0.0,0.0,0.0,0.0,0.0,0.0
hotpotqa_5a78d01d55429974737f78b3,hotpotqa,hotpotqa_oncu_200,iterative,8,220,40,multi_hop,8000,front,low,unknown,p0001;p0002,p0006;p0008;p0009,40;3;29;8;19;24;16;35,3.0,2.0,0.0,0.0,0.0,0.0,0.0,1.0
hotpotqa_5a78d01d55429974737f78b3,hotpotqa,hotpotqa_oncu_200,iterative,16,220,40,multi_hop,8000,front,low,unknown,p0001;p0002,p0006;p0008;p0009;p0005;p0012;p0001;p0002,40;3;29;8;19;24;16;35;34;30;15;18;9;39;1;2,7.0,2.0,1.0,1.0,0.2857142857142857,1.0,0.4444444444444445,0.7142857142857143
hotpotqa_5a78d01d55429974737f78b3,hotpotqa,hotpotqa_oncu_200,oracle,3,220,40,multi_hop,8000,front,low,unknown,p0001;p0002,p0001;p0002,0;1,2.0,2.0,1.0,1.0,1.0,1.0,1.0,0.0
hotpotqa_5a78d01d55429974737f78b3,hotpotqa,hotpotqa_oncu_200,oracle,5,220,40,multi_hop,8000,front,low,unknown,p0001;p0002,p0001;p0002,0;1,2.0,2.0,1.0,1.0,1.0,1.0,1.0,0.0
hotpotqa_5a78d01d55429974737f78b3,hotpotqa,hotpotqa_oncu_200,oracle,8,220,40,multi_hop,8000,front,low,unknown,p0001;p0002,p0001;p0002,0;1,2.0,2.0,1.0,1.0,1.0,1.0,1.0,0.0
hotpotqa_5a78d01d55429974737f78b3,hotpotqa,hotpotqa_oncu_200,oracle,16,220,40,multi_hop,8000,front,low,unknown,p0001;p0002,p0001;p0002,0;1,2.0,2.0,1.0,1.0,1.0,1.0,1.0,0.0
hotpotqa_5a866e7e554299211dda2b29,hotpotqa,hotpotqa_oncu_200,lexical,3,220,40,multi_hop,16000,middle,medium,unknown,p0001;p0002;p0003,p0001;p0002;p0003,44;81;5,3.0,3.0,1.0,1.0,1.0,1.0,1.0,0.0
hotpotqa_5a866e7e554299211dda2b29,hotpotqa,hotpotqa_oncu_200,lexical,5,220,40,multi_hop,16000,middle,medium,unknown,p0001;p0002;p0003,p0001;p0002;p0003,44;81;5;67;60,3.0,3.0,1.0,1.0,1.0,1.0,1.0,0.0
hotpotqa_5a866e7e554299211dda2b29,hotpotqa,hotpotqa_oncu_200,lexical,8,220,40,multi_hop,16000,middle,medium,unknown,p0001;p0002;p0003,p0001;p0002;p0003,44;81;5;67;60;74;25;39,3.0,3.0,1.0,1.0,1.0,1.0,1.0,0.0
hotpotqa_5a866e7e554299211dda2b29,hotpotqa,hotpotqa_oncu_200,lexical,16,220,40,multi_hop,16000,middle,medium,unknown,p0001;p0002;p0003,p0001;p0002;p0003;p0012;p0013,44;81;5;67;60;74;25;39;53;32;88;46;18;47;12;19,5.0,3.0,1.0,1.0,0.6,1.0,0.7499999999999999,0.4
hotpotqa_5a866e7e554299211dda2b29,hotpotqa,hotpotqa_oncu_200,dense,3,220,40,multi_hop,16000,middle,medium,unknown,p0001;p0002;p0003,p0001;p0002;p0003,44;41;62,3.0,3.0,1.0,1.0,1.0,1.0,1.0,0.0
hotpotqa_5a866e7e554299211dda2b29,hotpotqa,hotpotqa_oncu_200,dense,5,220,40,multi_hop,16000,middle,medium,unknown,p0001;p0002;p0003,p0001;p0002;p0003,44;41;62;55;48,3.0,3.0,1.0,1.0,1.0,1.0,1.0,0.0
hotpotqa_5a866e7e554299211dda2b29,hotpotqa,hotpotqa_oncu_200,dense,8,220,40,multi_hop,16000,middle,medium,unknown,p0001;p0002;p0003,p0001;p0002;p0003,44;41;62;55;48;20;34;13,3.0,3.0,1.0,1.0,1.0,1.0,1.0,0.0
hotpotqa_5a866e7e554299211dda2b29,hotpotqa,hotpotqa_oncu_200,dense,16,220,40,multi_hop,16000,middle,medium,unknown,p0001;p0002;p0003,p0001;p0002;p0003;p0004;p0005,44;41;62;55;48;20;34;13;56;69;6;35;63;27;49;76,5.0,3.0,1.0,1.0,0.6,1.0,0.7499999999999999,0.4
hotpotqa_5a866e7e554299211dda2b29,hotpotqa,hotpotqa_oncu_200,hybrid,3,220,40,multi_hop,16000,middle,medium,unknown,p0001;p0002;p0003,p0001;p0002;p0003,44;41;62,3.0,3.0,1.0,1.0,1.0,1.0,1.0,0.0
hotpotqa_5a866e7e554299211dda2b29,hotpotqa,hotpotqa_oncu_200,hybrid,5,220,40,multi_hop,16000,middle,medium,unknown,p0001;p0002;p0003,p0001;p0002;p0003,44;41;62;55;67,3.0,3.0,1.0,1.0,1.0,1.0,1.0,0.0
hotpotqa_5a866e7e554299211dda2b29,hotpotqa,hotpotqa_oncu_200,hybrid,8,220,40,multi_hop,16000,middle,medium,unknown,p0001;p0002;p0003,p0001;p0002;p0003,44;41;62;55;67;48;34;20,3.0,3.0,1.0,1.0,1.0,1.0,1.0,0.0
hotpotqa_5a866e7e554299211dda2b29,hotpotqa,hotpotqa_oncu_200,hybrid,16,220,40,multi_hop,16000,middle,medium,unknown,p0001;p0002;p0003,p0001;p0002;p0003;p0004;p0005;p0012;p0013,44;41;62;55;67;48;34;20;69;13;88;27;32;81;74;6,7.0,3.0,1.0,1.0,0.42857142857142855,1.0,0.6,0.5714285714285714
hotpotqa_5a866e7e554299211dda2b29,hotpotqa,hotpotqa_oncu_200,iterative,3,220,40,multi_hop,16000,middle,medium,unknown,p0001;p0002;p0003,p0001;p0002;p0003,44;60;67,3.0,3.0,1.0,1.0,1.0,1.0,1.0,0.0
hotpotqa_5a866e7e554299211dda2b29,hotpotqa,hotpotqa_oncu_200,iterative,5,220,40,multi_hop,16000,middle,medium,unknown,p0001;p0002;p0003,p0001;p0002;p0003,44;60;67;39;25,3.0,3.0,1.0,1.0,1.0,1.0,1.0,0.0
hotpotqa_5a866e7e554299211dda2b29,hotpotqa,hotpotqa_oncu_200,iterative,8,220,40,multi_hop,16000,middle,medium,unknown,p0001;p0002;p0003,p0001;p0002;p0003,44;60;67;39;25;81;5;53,3.0,3.0,1.0,1.0,1.0,1.0,1.0,0.0
hotpotqa_5a866e7e554299211dda2b29,hotpotqa,hotpotqa_oncu_200,iterative,16,220,40,multi_hop,16000,middle,medium,unknown,p0001;p0002;p0003,p0001;p0002;p0003;p0012;p0013,44;60;67;39;25;81;5;53;74;32;9;46;18;16;85;51,5.0,3.0,1.0,1.0,0.6,1.0,0.7499999999999999,0.4
hotpotqa_5a866e7e554299211dda2b29,hotpotqa,hotpotqa_oncu_200,oracle,3,220,40,multi_hop,16000,middle,medium,unknown,p0001;p0002;p0003,p0001;p0002;p0003,0;1;2,3.0,3.0,1.0,1.0,1.0,1.0,1.0,0.0
hotpotqa_5a866e7e554299211dda2b29,hotpotqa,hotpotqa_oncu_200,oracle,5,220,40,multi_hop,16000,middle,medium,unknown,p0001;p0002;p0003,p0001;p0002;p0003,0;1;2,3.0,3.0,1.0,1.0,1.0,1.0,1.0,0.0
hotpotqa_5a866e7e554299211dda2b29,hotpotqa,hotpotqa_oncu_200,oracle,8,220,40,multi_hop,16000,middle,medium,unknown,p0001;p0002;p0003,p0001;p0002;p0003,0;1;2,3.0,3.0,1.0,1.0,1.0,1.0,1.0,0.0
hotpotqa_5a866e7e554299211dda2b29,hotpotqa,hotpotqa_oncu_200,oracle,16,220,40,multi_hop,16000,middle,medium,unknown,p0001;p0002;p0003,p0001;p0002;p0003,0;1;2,3.0,3.0,1.0,1.0,1.0,1.0,1.0,0.0
hotpotqa_5abaf6865542996cc5e49f3c,hotpotqa,hotpotqa_oncu_200,lexical,3,220,40,multi_hop,4000,end,low,unknown,p0001;p0002,,21;1;11,0.0,2.0,0.0,0.0,0.0,0.0,0.0,0.0
hotpotqa_5abaf6865542996cc5e49f3c,hotpotqa,hotpotqa_oncu_200,lexical,5,220,40,multi_hop,4000,end,low,unknown,p0001;p0002,p0001;p0002,21;1;11;18;19,2.0,2.0,1.0,1.0,1.0,1.0,1.0,0.0
hotpotqa_5abaf6865542996cc5e49f3c,hotpotqa,hotpotqa_oncu_200,lexical,8,220,40,multi_hop,4000,end,low,unknown,p0001;p0002,p0001;p0002,21;1;11;18;19;16;3;13,2.0,2.0,1.0,1.0,1.0,1.0,1.0,0.0
hotpotqa_5abaf6865542996cc5e49f3c,hotpotqa,hotpotqa_oncu_200,lexical,16,220,40,multi_hop,4000,end,low,unknown,p0001;p0002,p0001;p0002;p0006;p0007;p0004;p0005;p0011;p0008;p0009,21;1;11;18;19;16;3;13;7;6;9;10;17;8;2;15,9.0,2.0,1.0,1.0,0.2222222222222222,1.0,0.3636363636363636,0.7777777777777778
hotpotqa_5abaf6865542996cc5e49f3c,hotpotqa,hotpotqa_oncu_200,dense,3,220,40,multi_hop,4000,end,low,unknown,p0001;p0002,p0001;p0002,19;13;3,2.0,2.0,1.0,1.0,1.0,1.0,1.0,0.0
hotpotqa_5abaf6865542996cc5e49f3c,hotpotqa,hotpotqa_oncu_200,dense,5,220,40,multi_hop,4000,end,low,unknown,p0001;p0002,p0001;p0002;p0004;p0005;p0006,19;13;3;18;6,5.0,2.0,1.0,1.0,0.4,1.0,0.5714285714285715,0.6
hotpotqa_5abaf6865542996cc5e49f3c,hotpotqa,hotpotqa_oncu_200,dense,8,220,40,multi_hop,4000,end,low,unknown,p0001;p0002,p0001;p0002;p0004;p0005;p0006;p0011,19;13;3;18;6;9;4;1,6.0,2.0,1.0,1.0,0.3333333333333333,1.0,0.5,0.6666666666666666
hotpotqa_5abaf6865542996cc5e49f3c,hotpotqa,hotpotqa_oncu_200,dense,16,220,40,multi_hop,4000,end,low,unknown,p0001;p0002,p0001;p0002;p0004;p0005;p0006;p0011;p0007,19;13;3;18;6;9;4;1;11;21;14;15;7;10;16;0,7.0,2.0,1.0,1.0,0.2857142857142857,1.0,0.4444444444444445,0.7142857142857143
hotpotqa_5abaf6865542996cc5e49f3c,hotpotqa,hotpotqa_oncu_200,hybrid,3,220,40,multi_hop,4000,end,low,unknown,p0001;p0002,p0001;p0002,19;18;1,2.0,2.0,1.0,1.0,1.0,1.0,1.0,0.0
hotpotqa_5abaf6865542996cc5e49f3c,hotpotqa,hotpotqa_oncu_200,hybrid,5,220,40,multi_hop,4000,end,low,unknown,p0001;p0002,p0001;p0002,19;18;1;13;3,2.0,2.0,1.0,1.0,1.0,1.0,1.0,0.0
hotpotqa_5abaf6865542996cc5e49f3c,hotpotqa,hotpotqa_oncu_200,hybrid,8,220,40,multi_hop,4000,end,low,unknown,p0001;p0002,p0001;p0002;p0004;p0005;p0006,19;18;1;13;3;21;11;6,5.0,2.0,1.0,1.0,0.4,1.0,0.5714285714285715,0.6
hotpotqa_5abaf6865542996cc5e49f3c,hotpotqa,hotpotqa_oncu_200,hybrid,16,220,40,multi_hop,4000,end,low,unknown,p0001;p0002,p0001;p0002;p0004;p0005;p0006;p0011;p0007;p0008;p0009,19;18;1;13;3;21;11;6;9;16;7;4;10;15;14;8,9.0,2.0,1.0,1.0,0.2222222222222222,1.0,0.3636363636363636,0.7777777777777778
hotpotqa_5abaf6865542996cc5e49f3c,hotpotqa,hotpotqa_oncu_200,iterative,3,220,40,multi_hop,4000,end,low,unknown,p0001;p0002,,1;21;11,0.0,2.0,0.0,0.0,0.0,0.0,0.0,0.0
hotpotqa_5abaf6865542996cc5e49f3c,hotpotqa,hotpotqa_oncu_200,iterative,5,220,40,multi_hop,4000,end,low,unknown,p0001;p0002,p0004;p0005;p0006,1;21;11;16;6,3.0,2.0,0.0,0.0,0.0,0.0,0.0,1.0
hotpotqa_5abaf6865542996cc5e49f3c,hotpotqa,hotpotqa_oncu_200,iterative,8,220,40,multi_hop,4000,end,low,unknown,p0001;p0002,p0004;p0005;p0006;p0001,1;21;11;16;6;18;3;10,4.0,2.0,1.0,0.0,0.25,0.5,0.3333333333333333,0.75
hotpotqa_5abaf6865542996cc5e49f3c,hotpotqa,hotpotqa_oncu_200,iterative,16,220,40,multi_hop,4000,end,low,unknown,p0001;p0002,p0004;p0005;p0006;p0001;p0007;p0002;p0011;p0008;p0009,1;21;11;16;6;18;3;10;7;15;13;19;9;20;17;8,9.0,2.0,1.0,1.0,0.2222222222222222,1.0,0.3636363636363636,0.7777777777777778
hotpotqa_5abaf6865542996cc5e49f3c,hotpotqa,hotpotqa_oncu_200,oracle,3,220,40,multi_hop,4000,end,low,unknown,p0001;p0002,p0001;p0002,0;1,2.0,2.0,1.0,1.0,1.0,1.0,1.0,0.0
hotpotqa_5abaf6865542996cc5e49f3c,hotpotqa,hotpotqa_oncu_200,oracle,5,220,40,multi_hop,4000,end,low,unknown,p0001;p0002,p0001;p0002,0;1,2.0,2.0,1.0,1.0,1.0,1.0,1.0,0.0
hotpotqa_5abaf6865542996cc5e49f3c,hotpotqa,hotpotqa_oncu_200,oracle,8,220,40,multi_hop,4000,end,low,unknown,p0001;p0002,p0001;p0002,0;1,2.0,2.0,1.0,1.0,1.0,1.0,1.0,0.0
hotpotqa_5abaf6865542996cc5e49f3c,hotpotqa,hotpotqa_oncu_200,oracle,16,220,40,multi_hop,4000,end,low,unknown,p0001;p0002,p0001;p0002,0;1,2.0,2.0,1.0,1.0,1.0,1.0,1.0,0.0
hotpotqa_5abebbe65542997719eab59d,hotpotqa,hotpotqa_oncu_200,lexical,3,220,40,multi_hop,8000,scattered,medium,unknown,p0001;p0002;p0003,p0003,38;32;26,1.0,3.0,1.0,0.0,1.0,0.3333333333333333,0.5,0.0
hotpotqa_5abebbe65542997719eab59d,hotpotqa,hotpotqa_oncu_200,lexical,5,220,40,multi_hop,8000,scattered,medium,unknown,p0001;p0002;p0003,p0003;p0001,38;32;26;4;12,2.0,3.0,1.0,0.0,1.0,0.6666666666666666,0.8,0.0
hotpotqa_5abebbe65542997719eab59d,hotpotqa,hotpotqa_oncu_200,lexical,8,220,40,multi_hop,8000,scattered,medium,unknown,p0001;p0002;p0003,p0003;p0001,38;32;26;4;12;43;41;30,2.0,3.0,1.0,0.0,1.0,0.6666666666666666,0.8,0.0
hotpotqa_5abebbe65542997719eab59d,hotpotqa,hotpotqa_oncu_200,lexical,16,220,40,multi_hop,8000,scattered,medium,unknown,p0001;p0002;p0003,p0003;p0001;p0002,38;32;26;4;12;43;41;30;33;8;29;40;5;22;25;19,3.0,3.0,1.0,1.0,1.0,1.0,1.0,0.0
hotpotqa_5abebbe65542997719eab59d,hotpotqa,hotpotqa_oncu_200,dense,3,220,40,multi_hop,8000,scattered,medium,unknown,p0001;p0002;p0003,p0002;p0003;p0006;p0007;p0008,22;38;14,5.0,3.0,1.0,0.0,0.4,0.6666666666666666,0.5,0.6
hotpotqa_5abebbe65542997719eab59d,hotpotqa,hotpotqa_oncu_200,dense,5,220,40,multi_hop,8000,scattered,medium,unknown,p0001;p0002;p0003,p0002;p0003;p0006;p0007;p0008,22;38;14;43;35,5.0,3.0,1.0,0.0,0.4,0.6666666666666666,0.5,0.6
hotpotqa_5abebbe65542997719eab59d,hotpotqa,hotpotqa_oncu_200,dense,8,220,40,multi_hop,8000,scattered,medium,unknown,p0001;p0002;p0003,p0002;p0003;p0006;p0007;p0008;p0004,22;38;14;43;35;21;13;32,6.0,3.0,1.0,0.0,0.3333333333333333,0.6666666666666666,0.4444444444444444,0.6666666666666666
hotpotqa_5abebbe65542997719eab59d,hotpotqa,hotpotqa_oncu_200,dense,16,220,40,multi_hop,8000,scattered,medium,unknown,p0001;p0002;p0003,p0002;p0003;p0006;p0007;p0008;p0004;p0001,22;38;14;43;35;21;13;32;24;39;7;10;18;25;3;28,7.0,3.0,1.0,1.0,0.42857142857142855,1.0,0.6,0.5714285714285714
hotpotqa_5abebbe65542997719eab59d,hotpotqa,hotpotqa_oncu_200,hybrid,3,220,40,multi_hop,8000,scattered,medium,unknown,p0001;p0002;p0003,p0003,38;32;43,1.0,3.0,1.0,0.0,1.0,0.3333333333333333,0.5,0.0
hotpotqa_5abebbe65542997719eab59d,hotpotqa,hotpotqa_oncu_200,hybrid,5,220,40,multi_hop,8000,scattered,medium,unknown,p0001;p0002;p0003,p0003;p0002,38;32;43;22;26,2.0,3.0,1.0,0.0,1.0,0.6666666666666666,0.8,0.0
hotpotqa_5abebbe65542997719eab59d,hotpotqa,hotpotqa_oncu_200,hybrid,8,220,40,multi_hop,8000,scattered,medium,unknown,p0001;p0002;p0003,p0003;p0002;p0001,38;32;43;22;26;4;12;24,3.0,3.0,1.0,1.0,1.0,1.0,1.0,0.0
hotpotqa_5abebbe65542997719eab59d,hotpotqa,hotpotqa_oncu_200,hybrid,16,220,40,multi_hop,8000,scattered,medium,unknown,p0001;p0002;p0003,p0003;p0002;p0001,38;32;43;22;26;4;12;24;7;25;10;18;35;40;19;33,3.0,3.0,1.0,1.0,1.0,1.0,1.0,0.0
hotpotqa_5abebbe65542997719eab59d,hotpotqa,hotpotqa_oncu_200,iterative,3,220,40,multi_hop,8000,scattered,medium,unknown,p0001;p0002;p0003,p0003,32;38;43,1.0,3.0,1.0,0.0,1.0,0.3333333333333333,0.5,0.0
hotpotqa_5abebbe65542997719eab59d,hotpotqa,hotpotqa_oncu_200,iterative,5,220,40,multi_hop,8000,scattered,medium,unknown,p0001;p0002;p0003,p0003,32;38;43;2;27,1.0,3.0,1.0,0.0,1.0,0.3333333333333333,0.5,0.0
hotpotqa_5abebbe65542997719eab59d,hotpotqa,hotpotqa_oncu_200,iterative,8,220,40,multi_hop,8000,scattered,medium,unknown,p0001;p0002;p0003,p0003;p0001,32;38;43;2;27;4;7;41,2.0,3.0,1.0,0.0,1.0,0.6666666666666666,0.8,0.0
hotpotqa_5abebbe65542997719eab59d,hotpotqa,hotpotqa_oncu_200,iterative,16,220,40,multi_hop,8000,scattered,medium,unknown,p0001;p0002;p0003,p0003;p0001,32;38;43;2;27;4;7;41;24;30;12;26;29;5;10;40,2.0,3.0,1.0,0.0,1.0,0.6666666666666666,0.8,0.0
hotpotqa_5abebbe65542997719eab59d,hotpotqa,hotpotqa_oncu_200,oracle,3,220,40,multi_hop,8000,scattered,medium,unknown,p0001;p0002;p0003,p0001;p0002;p0003,0;1;2,3.0,3.0,1.0,1.0,1.0,1.0,1.0,0.0
hotpotqa_5abebbe65542997719eab59d,hotpotqa,hotpotqa_oncu_200,oracle,5,220,40,multi_hop,8000,scattered,medium,unknown,p0001;p0002;p0003,p0001;p0002;p0003,0;1;2,3.0,3.0,1.0,1.0,1.0,1.0,1.0,0.0
hotpotqa_5abebbe65542997719eab59d,hotpotqa,hotpotqa_oncu_200,oracle,8,220,40,multi_hop,8000,scattered,medium,unknown,p0001;p0002;p0003,p0001;p0002;p0003,0;1;2,3.0,3.0,1.0,1.0,1.0,1.0,1.0,0.0
hotpotqa_5abebbe65542997719eab59d,hotpotqa,hotpotqa_oncu_200,oracle,16,220,40,multi_hop,8000,scattered,medium,unknown,p0001;p0002;p0003,p0001;p0002;p0003,0;1;2,3.0,3.0,1.0,1.0,1.0,1.0,1.0,0.0
