sample_id,model_name,method,method_display_name,method_family,method_role,core_diagnostic,source,reasoning_type,answer_type,context_length,evidence_position,evidence_density,distractor_similarity,gold_answer,predicted_answer,gold_evidence_ids,predicted_evidence_ids,cue_applicable,exact_match_strict,answer_f1_strict,exact_match_relaxed,answer_f1_relaxed,exact_match,answer_f1,evidence_precision,evidence_recall,evidence_f1,citation_grounding,failure_type,parse_error
hotpotqa_5adbf0a255429947ff17385a,qwen3:14b,no_evidence,No Evidence,diagnostic_baseline,question_only_lower_bound,True,hotpotqa,comparison,yes_no,4000,front,low,unknown,no,unknown,p0001;p0002,,True,0.0,0.0,0.0,0.0,0.0,0.0,0.0,0.0,0.0,0.0,evidence_localization_failure,
hotpotqa_5adbf0a255429947ff17385a,qwen3:14b,direct,Full Context,diagnostic_condition,full_context_condition,True,hotpotqa,comparison,yes_no,4000,front,low,unknown,no,no,p0001;p0002,p0001;p0002,True,1.0,1.0,1.0,1.0,1.0,1.0,1.0,1.0,1.0,1.0,success,
hotpotqa_5adbf0a255429947ff17385a,qwen3:14b,retrieve_then_read,Retrieved Evidence,diagnostic_condition,evidence_narrowed_condition,True,hotpotqa,comparison,yes_no,4000,front,low,unknown,no,no,p0001;p0002,p0002,True,1.0,1.0,1.0,1.0,1.0,1.0,1.0,0.5,0.6666666666666666,1.0,success,
hotpotqa_5adbf0a255429947ff17385a,qwen3:14b,oracle,Oracle Evidence,diagnostic_baseline,oracle_evidence_upper_reference,True,hotpotqa,comparison,yes_no,4000,front,low,unknown,no,no,p0001;p0002,p0001;p0002,True,1.0,1.0,1.0,1.0,1.0,1.0,1.0,1.0,1.0,1.0,success,
hotpotqa_5ab56e32554299637185c594,qwen3:14b,no_evidence,No Evidence,diagnostic_baseline,question_only_lower_bound,True,hotpotqa,comparison,yes_no,8000,middle,low,unknown,no,yes,p0001;p0002,,True,0.0,0.0,0.0,0.0,0.0,0.0,0.0,0.0,0.0,0.0,evidence_localization_failure,
hotpotqa_5ab56e32554299637185c594,qwen3:14b,direct,Full Context,diagnostic_condition,full_context_condition,True,hotpotqa,comparison,yes_no,8000,middle,low,unknown,no,yes,p0001;p0002,p0001;p0003,True,0.0,0.0,0.0,0.0,0.0,0.0,0.5,0.5,0.5,1.0,evidence_integration_failure,
hotpotqa_5ab56e32554299637185c594,qwen3:14b,retrieve_then_read,Retrieved Evidence,diagnostic_condition,evidence_narrowed_condition,True,hotpotqa,comparison,yes_no,8000,middle,low,unknown,no,no,p0001;p0002,,True,1.0,1.0,1.0,1.0,1.0,1.0,0.0,0.0,0.0,0.0,success,
hotpotqa_5ab56e32554299637185c594,qwen3:14b,oracle,Oracle Evidence,diagnostic_baseline,oracle_evidence_upper_reference,True,hotpotqa,comparison,yes_no,8000,middle,low,unknown,no,yes,p0001;p0002,p0001;p0002,True,0.0,0.0,0.0,0.0,0.0,0.0,1.0,1.0,1.0,1.0,answer_conversion_failure,
hotpotqa_5ab6d09255429954757d337d,qwen3:14b,no_evidence,No Evidence,diagnostic_baseline,question_only_lower_bound,True,hotpotqa,multi_hop,string,16000,end,medium,unknown,from 1986 to 2013,1992 to 1999,p0001;p0002;p0003,,True,0.0,0.28571428571428575,0.0,0.28571428571428575,0.0,0.28571428571428575,0.0,0.0,0.0,0.0,evidence_localization_failure,
hotpotqa_5ab6d09255429954757d337d,qwen3:14b,direct,Full Context,diagnostic_condition,full_context_condition,True,hotpotqa,multi_hop,string,16000,end,medium,unknown,from 1986 to 2013,1992,p0001;p0002;p0003,p0002,True,0.0,0.0,0.0,0.0,0.0,0.0,1.0,0.3333333333333333,0.5,1.0,evidence_integration_failure,
hotpotqa_5ab6d09255429954757d337d,qwen3:14b,retrieve_then_read,Retrieved Evidence,diagnostic_condition,evidence_narrowed_condition,True,hotpotqa,multi_hop,string,16000,end,medium,unknown,from 1986 to 2013,1992,p0001;p0002;p0003,,True,0.0,0.0,0.0,0.0,0.0,0.0,0.0,0.0,0.0,0.0,evidence_localization_failure,
hotpotqa_5ab6d09255429954757d337d,qwen3:14b,oracle,Oracle Evidence,diagnostic_baseline,oracle_evidence_upper_reference,True,hotpotqa,multi_hop,string,16000,end,medium,unknown,from 1986 to 2013,1986 to 2013,p0001;p0002;p0003,p0003,True,0.0,0.8571428571428571,0.0,0.8571428571428571,0.0,0.8571428571428571,1.0,0.3333333333333333,0.5,1.0,evidence_integration_failure,
hotpotqa_5adddccd5542997dc7907069,qwen3:14b,no_evidence,No Evidence,diagnostic_baseline,question_only_lower_bound,True,hotpotqa,multi_hop,string,4000,scattered,medium,unknown,keyboard function keys,Apple TV,p0001;p0002;p0003;p0004,,True,0.0,0.0,0.0,0.0,0.0,0.0,0.0,0.0,0.0,0.0,evidence_localization_failure,
hotpotqa_5adddccd5542997dc7907069,qwen3:14b,direct,Full Context,diagnostic_condition,full_context_condition,True,hotpotqa,multi_hop,string,4000,scattered,medium,unknown,keyboard function keys,iSight iMac G5,p0001;p0002;p0003;p0004,p0002,True,0.0,0.0,0.0,0.0,0.0,0.0,1.0,0.25,0.4,1.0,evidence_integration_failure,
hotpotqa_5adddccd5542997dc7907069,qwen3:14b,retrieve_then_read,Retrieved Evidence,diagnostic_condition,evidence_narrowed_condition,True,hotpotqa,multi_hop,string,4000,scattered,medium,unknown,keyboard function keys,Siri Remote,p0001;p0002;p0003;p0004,,True,0.0,0.0,0.0,0.0,0.0,0.0,0.0,0.0,0.0,0.0,evidence_localization_failure,
hotpotqa_5adddccd5542997dc7907069,qwen3:14b,oracle,Oracle Evidence,diagnostic_baseline,oracle_evidence_upper_reference,True,hotpotqa,multi_hop,string,4000,scattered,medium,unknown,keyboard function keys,keyboard function keys,p0001;p0002;p0003;p0004,p0004,True,1.0,1.0,1.0,1.0,1.0,1.0,1.0,0.25,0.4,1.0,success,
hotpotqa_5ae22b8d554299234fd0440f,qwen3:14b,no_evidence,No Evidence,diagnostic_baseline,question_only_lower_bound,True,hotpotqa,multi_hop,entity,8000,front,medium,unknown,World's Best Goalkeeper,World's Best Footballer,p0001;p0002;p0003,,True,0.0,0.6666666666666666,0.0,0.75,0.0,0.6666666666666666,0.0,0.0,0.0,0.0,evidence_localization_failure,
hotpotqa_5ae22b8d554299234fd0440f,qwen3:14b,direct,Full Context,diagnostic_condition,full_context_condition,True,hotpotqa,multi_hop,entity,8000,front,medium,unknown,World's Best Goalkeeper,World's Best Goalkeeper,p0001;p0002;p0003,p0003,True,1.0,1.0,1.0,1.0,1.0,1.0,1.0,0.3333333333333333,0.5,1.0,success,
hotpotqa_5ae22b8d554299234fd0440f,qwen3:14b,retrieve_then_read,Retrieved Evidence,diagnostic_condition,evidence_narrowed_condition,True,hotpotqa,multi_hop,entity,8000,front,medium,unknown,World's Best Goalkeeper,IFFHS World's Best Goalkeeper,p0001;p0002;p0003,p0003,True,0.0,0.8571428571428571,0.0,0.888888888888889,0.0,0.8571428571428571,1.0,0.3333333333333333,0.5,1.0,evidence_integration_failure,
hotpotqa_5ae22b8d554299234fd0440f,qwen3:14b,oracle,Oracle Evidence,diagnostic_baseline,oracle_evidence_upper_reference,True,hotpotqa,multi_hop,entity,8000,front,medium,unknown,World's Best Goalkeeper,World's Best Goalkeeper,p0001;p0002;p0003,p0003,True,1.0,1.0,1.0,1.0,1.0,1.0,1.0,0.3333333333333333,0.5,1.0,success,
hotpotqa_5a828c8355429966c78a6a50,qwen3:14b,no_evidence,No Evidence,diagnostic_baseline,question_only_lower_bound,True,hotpotqa,multi_hop,entity,16000,middle,medium,unknown,Henry J. Kaiser,unknown,p0001;p0002;p0003,,True,0.0,0.0,0.0,0.0,0.0,0.0,0.0,0.0,0.0,0.0,evidence_localization_failure,
hotpotqa_5a828c8355429966c78a6a50,qwen3:14b,direct,Full Context,diagnostic_condition,full_context_condition,True,hotpotqa,multi_hop,entity,16000,middle,medium,unknown,Henry J. Kaiser,Henry John Kaiser,p0001;p0002;p0003,p0001;p0002;p0003,True,0.0,0.6666666666666666,0.0,0.6666666666666666,0.0,0.6666666666666666,1.0,1.0,1.0,1.0,answer_conversion_failure,
hotpotqa_5a828c8355429966c78a6a50,qwen3:14b,retrieve_then_read,Retrieved Evidence,diagnostic_condition,evidence_narrowed_condition,True,hotpotqa,multi_hop,entity,16000,middle,medium,unknown,Henry J. Kaiser,Henry J. Kaiser,p0001;p0002;p0003,,True,1.0,1.0,1.0,1.0,1.0,1.0,0.0,0.0,0.0,0.0,success,
hotpotqa_5a828c8355429966c78a6a50,qwen3:14b,oracle,Oracle Evidence,diagnostic_baseline,oracle_evidence_upper_reference,True,hotpotqa,multi_hop,entity,16000,middle,medium,unknown,Henry J. Kaiser,Henry J. Kaiser,p0001;p0002;p0003,p0002;p0003,True,1.0,1.0,1.0,1.0,1.0,1.0,1.0,0.6666666666666666,0.8,1.0,success,
hotpotqa_5ae0361155429925eb1afc2c,qwen3:14b,no_evidence,No Evidence,diagnostic_baseline,question_only_lower_bound,True,hotpotqa,multi_hop,entity,4000,end,low,unknown,Charles Eugène,Louis Blériot,p0001;p0002,,True,0.0,0.0,0.0,0.0,0.0,0.0,0.0,0.0,0.0,0.0,evidence_localization_failure,
hotpotqa_5ae0361155429925eb1afc2c,qwen3:14b,direct,Full Context,diagnostic_condition,full_context_condition,True,hotpotqa,multi_hop,entity,4000,end,low,unknown,Charles Eugène,Charles Nungesser,p0001;p0002,p0001;p0005;p0006,True,0.0,0.5,0.0,0.5,0.0,0.5,0.3333333333333333,0.5,0.4,1.0,evidence_integration_failure,
hotpotqa_5ae0361155429925eb1afc2c,qwen3:14b,retrieve_then_read,Retrieved Evidence,diagnostic_condition,evidence_narrowed_condition,True,hotpotqa,multi_hop,entity,4000,end,low,unknown,Charles Eugène,Charles Nungesser,p0001;p0002,p0001,True,0.0,0.5,0.0,0.5,0.0,0.5,1.0,0.5,0.6666666666666666,1.0,evidence_integration_failure,
hotpotqa_5ae0361155429925eb1afc2c,qwen3:14b,oracle,Oracle Evidence,diagnostic_baseline,oracle_evidence_upper_reference,True,hotpotqa,multi_hop,entity,4000,end,low,unknown,Charles Eugène,Charles Nungesser,p0001;p0002,p0001;p0002,True,0.0,0.5,0.0,0.5,0.0,0.5,1.0,1.0,1.0,1.0,answer_conversion_failure,
hotpotqa_5abc0a5d5542993f40c73c64,qwen3:14b,no_evidence,No Evidence,diagnostic_baseline,question_only_lower_bound,True,hotpotqa,comparison,yes_no,8000,scattered,low,unknown,no,unknown,p0001;p0002,,True,0.0,0.0,0.0,0.0,0.0,0.0,0.0,0.0,0.0,0.0,evidence_localization_failure,
hotpotqa_5abc0a5d5542993f40c73c64,qwen3:14b,direct,Full Context,diagnostic_condition,full_context_condition,True,hotpotqa,comparison,yes_no,8000,scattered,low,unknown,no,no,p0001;p0002,p0002,True,1.0,1.0,1.0,1.0,1.0,1.0,1.0,0.5,0.6666666666666666,1.0,success,
hotpotqa_5abc0a5d5542993f40c73c64,qwen3:14b,retrieve_then_read,Retrieved Evidence,diagnostic_condition,evidence_narrowed_condition,True,hotpotqa,comparison,yes_no,8000,scattered,low,unknown,no,no,p0001;p0002,p0004,True,1.0,1.0,1.0,1.0,1.0,1.0,0.0,0.0,0.0,0.0,success,
hotpotqa_5abc0a5d5542993f40c73c64,qwen3:14b,oracle,Oracle Evidence,diagnostic_baseline,oracle_evidence_upper_reference,True,hotpotqa,comparison,yes_no,8000,scattered,low,unknown,no,no,p0001;p0002,p0001;p0002,True,1.0,1.0,1.0,1.0,1.0,1.0,1.0,1.0,1.0,1.0,success,
hotpotqa_5abf63f15542997ec76fd3ea,qwen3:14b,no_evidence,No Evidence,diagnostic_baseline,question_only_lower_bound,True,hotpotqa,multi_hop,entity,16000,front,low,unknown,October 1922,1922,p0001;p0002,,True,0.0,0.6666666666666666,0.0,0.6666666666666666,0.0,0.6666666666666666,0.0,0.0,0.0,0.0,evidence_localization_failure,
hotpotqa_5abf63f15542997ec76fd3ea,qwen3:14b,direct,Full Context,diagnostic_condition,full_context_condition,True,hotpotqa,multi_hop,entity,16000,front,low,unknown,October 1922,1922,p0001;p0002,p0010,True,0.0,0.6666666666666666,0.0,0.6666666666666666,0.0,0.6666666666666666,0.0,0.0,0.0,0.0,evidence_selection_failure,
hotpotqa_5abf63f15542997ec76fd3ea,qwen3:14b,retrieve_then_read,Retrieved Evidence,diagnostic_condition,evidence_narrowed_condition,True,hotpotqa,multi_hop,entity,16000,front,low,unknown,October 1922,1922,p0001;p0002,p0001;p0002,True,0.0,0.6666666666666666,0.0,0.6666666666666666,0.0,0.6666666666666666,1.0,1.0,1.0,1.0,answer_conversion_failure,
hotpotqa_5abf63f15542997ec76fd3ea,qwen3:14b,oracle,Oracle Evidence,diagnostic_baseline,oracle_evidence_upper_reference,True,hotpotqa,multi_hop,entity,16000,front,low,unknown,October 1922,October 1922,p0001;p0002,p0001;p0002,True,1.0,1.0,1.0,1.0,1.0,1.0,1.0,1.0,1.0,1.0,success,
hotpotqa_5ab51dae5542991779162d82,qwen3:14b,no_evidence,No Evidence,diagnostic_baseline,question_only_lower_bound,True,hotpotqa,comparison,yes_no,4000,middle,low,unknown,no,No,p0001;p0002,,True,1.0,1.0,1.0,1.0,1.0,1.0,0.0,0.0,0.0,0.0,success,
hotpotqa_5ab51dae5542991779162d82,qwen3:14b,direct,Full Context,diagnostic_condition,full_context_condition,True,hotpotqa,comparison,yes_no,4000,middle,low,unknown,no,no,p0001;p0002,p0001;p0002,True,1.0,1.0,1.0,1.0,1.0,1.0,1.0,1.0,1.0,1.0,success,
hotpotqa_5ab51dae5542991779162d82,qwen3:14b,retrieve_then_read,Retrieved Evidence,diagnostic_condition,evidence_narrowed_condition,True,hotpotqa,comparison,yes_no,4000,middle,low,unknown,no,no,p0001;p0002,p0001;p0002,True,1.0,1.0,1.0,1.0,1.0,1.0,1.0,1.0,1.0,1.0,success,
hotpotqa_5ab51dae5542991779162d82,qwen3:14b,oracle,Oracle Evidence,diagnostic_baseline,oracle_evidence_upper_reference,True,hotpotqa,comparison,yes_no,4000,middle,low,unknown,no,no,p0001;p0002,p0001;p0002,True,1.0,1.0,1.0,1.0,1.0,1.0,1.0,1.0,1.0,1.0,success,
hotpotqa_5ab2d3df554299194fa9352c,qwen3:14b,no_evidence,No Evidence,diagnostic_baseline,question_only_lower_bound,True,hotpotqa,multi_hop,string,8000,end,low,unknown,sovereignty,independence,p0001;p0002,,True,0.0,0.0,0.0,0.0,0.0,0.0,0.0,0.0,0.0,0.0,evidence_localization_failure,
hotpotqa_5ab2d3df554299194fa9352c,qwen3:14b,direct,Full Context,diagnostic_condition,full_context_condition,True,hotpotqa,multi_hop,string,8000,end,low,unknown,sovereignty,sovereignty,p0001;p0002,p0001;p0002,True,1.0,1.0,1.0,1.0,1.0,1.0,1.0,1.0,1.0,1.0,success,
hotpotqa_5ab2d3df554299194fa9352c,qwen3:14b,retrieve_then_read,Retrieved Evidence,diagnostic_condition,evidence_narrowed_condition,True,hotpotqa,multi_hop,string,8000,end,low,unknown,sovereignty,Ethiopian sovereignty,p0001;p0002,p0001,True,0.0,0.6666666666666666,0.0,0.6666666666666666,0.0,0.6666666666666666,1.0,0.5,0.6666666666666666,1.0,evidence_integration_failure,
hotpotqa_5ab2d3df554299194fa9352c,qwen3:14b,oracle,Oracle Evidence,diagnostic_baseline,oracle_evidence_upper_reference,True,hotpotqa,multi_hop,string,8000,end,low,unknown,sovereignty,sovereignty,p0001;p0002,p0001;p0002,True,1.0,1.0,1.0,1.0,1.0,1.0,1.0,1.0,1.0,1.0,success,
hotpotqa_5a7d54165542995f4f402256,qwen3:14b,no_evidence,No Evidence,diagnostic_baseline,question_only_lower_bound,True,hotpotqa,multi_hop,entity,16000,scattered,medium,unknown,Yellowcraig,North Sea,p0001;p0002;p0003;p0004,,True,0.0,0.0,0.0,0.0,0.0,0.0,0.0,0.0,0.0,0.0,evidence_localization_failure,
hotpotqa_5a7d54165542995f4f402256,qwen3:14b,direct,Full Context,diagnostic_condition,full_context_condition,True,hotpotqa,multi_hop,entity,16000,scattered,medium,unknown,Yellowcraig,Firth of Forth,p0001;p0002;p0003;p0004,p0004;p0003,True,0.0,0.0,0.0,0.0,0.0,0.0,1.0,0.5,0.6666666666666666,1.0,evidence_integration_failure,
hotpotqa_5a7d54165542995f4f402256,qwen3:14b,retrieve_then_read,Retrieved Evidence,diagnostic_condition,evidence_narrowed_condition,True,hotpotqa,multi_hop,entity,16000,scattered,medium,unknown,Yellowcraig,Firth of Forth,p0001;p0002;p0003;p0004,p0005,True,0.0,0.0,0.0,0.0,0.0,0.0,0.0,0.0,0.0,0.0,evidence_selection_failure,
hotpotqa_5a7d54165542995f4f402256,qwen3:14b,oracle,Oracle Evidence,diagnostic_baseline,oracle_evidence_upper_reference,True,hotpotqa,multi_hop,entity,16000,scattered,medium,unknown,Yellowcraig,Yellowcraigs,p0001;p0002;p0003;p0004,p0003;p0004,True,0.0,0.0,0.0,0.0,0.0,0.0,1.0,0.5,0.6666666666666666,1.0,evidence_integration_failure,
hotpotqa_5abbf698554299114383a0b5,qwen3:14b,no_evidence,No Evidence,diagnostic_baseline,question_only_lower_bound,True,hotpotqa,multi_hop,entity,4000,front,low,unknown,English Electric Canberra,Avro Lancaster,p0001;p0002,,True,0.0,0.0,0.0,0.0,0.0,0.0,0.0,0.0,0.0,0.0,evidence_localization_failure,
hotpotqa_5abbf698554299114383a0b5,qwen3:14b,direct,Full Context,diagnostic_condition,full_context_condition,True,hotpotqa,multi_hop,entity,4000,front,low,unknown,English Electric Canberra,English Electric Canberra,p0001;p0002,p0001;p0002,True,1.0,1.0,1.0,1.0,1.0,1.0,1.0,1.0,1.0,1.0,success,
hotpotqa_5abbf698554299114383a0b5,qwen3:14b,retrieve_then_read,Retrieved Evidence,diagnostic_condition,evidence_narrowed_condition,True,hotpotqa,multi_hop,entity,4000,front,low,unknown,English Electric Canberra,English Electric Canberra,p0001;p0002,p0002,True,1.0,1.0,1.0,1.0,1.0,1.0,1.0,0.5,0.6666666666666666,1.0,success,
hotpotqa_5abbf698554299114383a0b5,qwen3:14b,oracle,Oracle Evidence,diagnostic_baseline,oracle_evidence_upper_reference,True,hotpotqa,multi_hop,entity,4000,front,low,unknown,English Electric Canberra,English Electric Canberra,p0001;p0002,p0001;p0002,True,1.0,1.0,1.0,1.0,1.0,1.0,1.0,1.0,1.0,1.0,success,
hotpotqa_5ab84bf555429916710eb01f,qwen3:14b,no_evidence,No Evidence,diagnostic_baseline,question_only_lower_bound,True,hotpotqa,multi_hop,number,8000,middle,low,unknown,"1,462",105,p0001;p0002,,True,0.0,0.0,0.0,0.0,0.0,0.0,0.0,0.0,0.0,0.0,evidence_localization_failure,
hotpotqa_5ab84bf555429916710eb01f,qwen3:14b,direct,Full Context,diagnostic_condition,full_context_condition,True,hotpotqa,multi_hop,number,8000,middle,low,unknown,"1,462",1462,p0001;p0002,p0002,True,1.0,1.0,0.0,0.0,1.0,1.0,1.0,0.5,0.6666666666666666,1.0,success,
hotpotqa_5ab84bf555429916710eb01f,qwen3:14b,retrieve_then_read,Retrieved Evidence,diagnostic_condition,evidence_narrowed_condition,True,hotpotqa,multi_hop,number,8000,middle,low,unknown,"1,462",1462,p0001;p0002,p0002,True,1.0,1.0,0.0,0.0,1.0,1.0,1.0,0.5,0.6666666666666666,1.0,success,
hotpotqa_5ab84bf555429916710eb01f,qwen3:14b,oracle,Oracle Evidence,diagnostic_baseline,oracle_evidence_upper_reference,True,hotpotqa,multi_hop,number,8000,middle,low,unknown,"1,462",1462,p0001;p0002,p0001;p0002,True,1.0,1.0,0.0,0.0,1.0,1.0,1.0,1.0,1.0,1.0,success,
hotpotqa_5ab96ab755429970cfb8eacd,qwen3:14b,no_evidence,No Evidence,diagnostic_baseline,question_only_lower_bound,True,hotpotqa,multi_hop,string,16000,end,medium,unknown,"Max Martin, Savan Kotecha and Ilya Salmanzadeh",Sia Furler and James Newman,p0001;p0002;p0003;p0004,,True,0.0,0.16666666666666666,0.0,0.16666666666666666,0.0,0.16666666666666666,0.0,0.0,0.0,0.0,evidence_localization_failure,
hotpotqa_5ab96ab755429970cfb8eacd,qwen3:14b,direct,Full Context,diagnostic_condition,full_context_condition,True,hotpotqa,multi_hop,string,16000,end,medium,unknown,"Max Martin, Savan Kotecha and Ilya Salmanzadeh","Max Martin, Savan Kotecha, Ilya Salmanzadeh",p0001;p0002;p0003;p0004,p0004,True,0.0,0.923076923076923,0.0,0.923076923076923,0.0,0.923076923076923,1.0,0.25,0.4,1.0,evidence_integration_failure,
hotpotqa_5ab96ab755429970cfb8eacd,qwen3:14b,retrieve_then_read,Retrieved Evidence,diagnostic_condition,evidence_narrowed_condition,True,hotpotqa,multi_hop,string,16000,end,medium,unknown,"Max Martin, Savan Kotecha and Ilya Salmanzadeh",The Invisible Men,p0001;p0002;p0003;p0004,,True,0.0,0.0,0.0,0.0,0.0,0.0,0.0,0.0,0.0,0.0,evidence_localization_failure,
hotpotqa_5ab96ab755429970cfb8eacd,qwen3:14b,oracle,Oracle Evidence,diagnostic_baseline,oracle_evidence_upper_reference,True,hotpotqa,multi_hop,string,16000,end,medium,unknown,"Max Martin, Savan Kotecha and Ilya Salmanzadeh","Max Martin, Savan Kotecha, and Ilya Salmanzadeh",p0001;p0002;p0003;p0004,p0004,True,1.0,1.0,1.0,1.0,1.0,1.0,1.0,0.25,0.4,1.0,success,
hotpotqa_5ae5aba0554299546bf82f17,qwen3:14b,no_evidence,No Evidence,diagnostic_baseline,question_only_lower_bound,True,hotpotqa,multi_hop,entity,4000,scattered,low,unknown,Teen Titans Go!,Raven,p0001;p0002,,True,0.0,0.0,0.0,0.0,0.0,0.0,0.0,0.0,0.0,0.0,evidence_localization_failure,
hotpotqa_5ae5aba0554299546bf82f17,qwen3:14b,direct,Full Context,diagnostic_condition,full_context_condition,True,hotpotqa,multi_hop,entity,4000,scattered,low,unknown,Teen Titans Go!,Raven,p0001;p0002,p0006,True,0.0,0.0,0.0,0.0,0.0,0.0,0.0,0.0,0.0,0.0,evidence_selection_failure,
hotpotqa_5ae5aba0554299546bf82f17,qwen3:14b,retrieve_then_read,Retrieved Evidence,diagnostic_condition,evidence_narrowed_condition,True,hotpotqa,multi_hop,entity,4000,scattered,low,unknown,Teen Titans Go!,Raven,p0001;p0002,p0009,True,0.0,0.0,0.0,0.0,0.0,0.0,0.0,0.0,0.0,0.0,evidence_selection_failure,
hotpotqa_5ae5aba0554299546bf82f17,qwen3:14b,oracle,Oracle Evidence,diagnostic_baseline,oracle_evidence_upper_reference,True,hotpotqa,multi_hop,entity,4000,scattered,low,unknown,Teen Titans Go!,Teen Titans Go!,p0001;p0002,p0001;p0002,True,1.0,1.0,1.0,1.0,1.0,1.0,1.0,1.0,1.0,1.0,success,
hotpotqa_5ae7e1fc55429952e35ea9cc,qwen3:14b,no_evidence,No Evidence,diagnostic_baseline,question_only_lower_bound,True,hotpotqa,multi_hop,string,8000,front,low,unknown,orange,Orange,p0001;p0002,,True,1.0,1.0,1.0,1.0,1.0,1.0,0.0,0.0,0.0,0.0,success,
hotpotqa_5ae7e1fc55429952e35ea9cc,qwen3:14b,direct,Full Context,diagnostic_condition,full_context_condition,True,hotpotqa,multi_hop,string,8000,front,low,unknown,orange,orange,p0001;p0002,p0001,True,1.0,1.0,1.0,1.0,1.0,1.0,1.0,0.5,0.6666666666666666,1.0,success,
hotpotqa_5ae7e1fc55429952e35ea9cc,qwen3:14b,retrieve_then_read,Retrieved Evidence,diagnostic_condition,evidence_narrowed_condition,True,hotpotqa,multi_hop,string,8000,front,low,unknown,orange,orange,p0001;p0002,p0002,True,1.0,1.0,1.0,1.0,1.0,1.0,1.0,0.5,0.6666666666666666,1.0,success,
hotpotqa_5ae7e1fc55429952e35ea9cc,qwen3:14b,oracle,Oracle Evidence,diagnostic_baseline,oracle_evidence_upper_reference,True,hotpotqa,multi_hop,string,8000,front,low,unknown,orange,orange,p0001;p0002,p0001,True,1.0,1.0,1.0,1.0,1.0,1.0,1.0,0.5,0.6666666666666666,1.0,success,
hotpotqa_5ae37c765542992f92d822d4,qwen3:14b,no_evidence,No Evidence,diagnostic_baseline,question_only_lower_bound,True,hotpotqa,multi_hop,entity,16000,middle,low,unknown,Tromeo and Juliet,Assassins,p0001;p0002,,True,0.0,0.0,0.0,0.0,0.0,0.0,0.0,0.0,0.0,0.0,evidence_localization_failure,
hotpotqa_5ae37c765542992f92d822d4,qwen3:14b,direct,Full Context,diagnostic_condition,full_context_condition,True,hotpotqa,multi_hop,entity,16000,middle,low,unknown,Tromeo and Juliet,Tromeo and Juliet,p0001;p0002,p0001,True,1.0,1.0,1.0,1.0,1.0,1.0,1.0,0.5,0.6666666666666666,1.0,success,
hotpotqa_5ae37c765542992f92d822d4,qwen3:14b,retrieve_then_read,Retrieved Evidence,diagnostic_condition,evidence_narrowed_condition,True,hotpotqa,multi_hop,entity,16000,middle,low,unknown,Tromeo and Juliet,Romeo + Juliet,p0001;p0002,,True,0.0,0.4,0.0,0.3333333333333333,0.0,0.4,0.0,0.0,0.0,0.0,evidence_localization_failure,
hotpotqa_5ae37c765542992f92d822d4,qwen3:14b,oracle,Oracle Evidence,diagnostic_baseline,oracle_evidence_upper_reference,True,hotpotqa,multi_hop,entity,16000,middle,low,unknown,Tromeo and Juliet,Tromeo and Juliet,p0001;p0002,p0001;p0002,True,1.0,1.0,1.0,1.0,1.0,1.0,1.0,1.0,1.0,1.0,success,
hotpotqa_5abdf12255429976d4830a2f,qwen3:14b,no_evidence,No Evidence,diagnostic_baseline,question_only_lower_bound,True,hotpotqa,multi_hop,entity,4000,end,low,unknown,Bob Seger,Bob Seger,p0001;p0002,,True,1.0,1.0,1.0,1.0,1.0,1.0,0.0,0.0,0.0,0.0,success,
hotpotqa_5abdf12255429976d4830a2f,qwen3:14b,direct,Full Context,diagnostic_condition,full_context_condition,True,hotpotqa,multi_hop,entity,4000,end,low,unknown,Bob Seger,Bob Seger,p0001;p0002,p0001;p0002,True,1.0,1.0,1.0,1.0,1.0,1.0,1.0,1.0,1.0,1.0,success,
hotpotqa_5abdf12255429976d4830a2f,qwen3:14b,retrieve_then_read,Retrieved Evidence,diagnostic_condition,evidence_narrowed_condition,True,hotpotqa,multi_hop,entity,4000,end,low,unknown,Bob Seger,Bob Seger,p0001;p0002,p0001,True,1.0,1.0,1.0,1.0,1.0,1.0,1.0,0.5,0.6666666666666666,1.0,success,
hotpotqa_5abdf12255429976d4830a2f,qwen3:14b,oracle,Oracle Evidence,diagnostic_baseline,oracle_evidence_upper_reference,True,hotpotqa,multi_hop,entity,4000,end,low,unknown,Bob Seger,Bob Seger,p0001;p0002,p0001;p0002,True,1.0,1.0,1.0,1.0,1.0,1.0,1.0,1.0,1.0,1.0,success,
hotpotqa_5a88658955429938390d3f47,qwen3:14b,no_evidence,No Evidence,diagnostic_baseline,question_only_lower_bound,True,hotpotqa,multi_hop,entity,8000,scattered,medium,unknown,Conscription,excluding women,p0001;p0002;p0003,,True,0.0,0.0,0.0,0.0,0.0,0.0,0.0,0.0,0.0,0.0,evidence_localization_failure,
hotpotqa_5a88658955429938390d3f47,qwen3:14b,direct,Full Context,diagnostic_condition,full_context_condition,True,hotpotqa,multi_hop,entity,8000,scattered,medium,unknown,Conscription,requiring only men to register for the draft,p0001;p0002;p0003,p0001,True,0.0,0.0,0.0,0.0,0.0,0.0,1.0,0.3333333333333333,0.5,1.0,evidence_integration_failure,
hotpotqa_5a88658955429938390d3f47,qwen3:14b,retrieve_then_read,Retrieved Evidence,diagnostic_condition,evidence_narrowed_condition,True,hotpotqa,multi_hop,entity,8000,scattered,medium,unknown,Conscription,requiring only men to register for the draft,p0001;p0002;p0003,p0001,True,0.0,0.0,0.0,0.0,0.0,0.0,1.0,0.3333333333333333,0.5,1.0,evidence_integration_failure,
hotpotqa_5a88658955429938390d3f47,qwen3:14b,oracle,Oracle Evidence,diagnostic_baseline,oracle_evidence_upper_reference,True,hotpotqa,multi_hop,entity,8000,scattered,medium,unknown,Conscription,requiring only men to register for the draft,p0001;p0002;p0003,p0001,True,0.0,0.0,0.0,0.0,0.0,0.0,1.0,0.3333333333333333,0.5,1.0,evidence_integration_failure,
hotpotqa_5a86ebac55429960ec39b6d6,qwen3:14b,no_evidence,No Evidence,diagnostic_baseline,question_only_lower_bound,True,hotpotqa,multi_hop,entity,16000,front,low,unknown,"Mondelez International, Inc.",Mondelez International,p0001;p0002,,True,0.0,0.8,0.0,0.8,0.0,0.8,0.0,0.0,0.0,0.0,evidence_localization_failure,
hotpotqa_5a86ebac55429960ec39b6d6,qwen3:14b,direct,Full Context,diagnostic_condition,full_context_condition,True,hotpotqa,multi_hop,entity,16000,front,low,unknown,"Mondelez International, Inc.",Mondelez International,p0001;p0002,p0001;p0002,True,0.0,0.8,0.0,0.8,0.0,0.8,1.0,1.0,1.0,1.0,answer_conversion_failure,
hotpotqa_5a86ebac55429960ec39b6d6,qwen3:14b,retrieve_then_read,Retrieved Evidence,diagnostic_condition,evidence_narrowed_condition,True,hotpotqa,multi_hop,entity,16000,front,low,unknown,"Mondelez International, Inc.",Mondelez International,p0001;p0002,p0001;p0002,True,0.0,0.8,0.0,0.8,0.0,0.8,1.0,1.0,1.0,1.0,answer_conversion_failure,
hotpotqa_5a86ebac55429960ec39b6d6,qwen3:14b,oracle,Oracle Evidence,diagnostic_baseline,oracle_evidence_upper_reference,True,hotpotqa,multi_hop,entity,16000,front,low,unknown,"Mondelez International, Inc.",Mondelez International,p0001;p0002,p0001;p0002,True,0.0,0.8,0.0,0.8,0.0,0.8,1.0,1.0,1.0,1.0,answer_conversion_failure,
hotpotqa_5aba5d2e55429901930fa799,qwen3:14b,no_evidence,No Evidence,diagnostic_baseline,question_only_lower_bound,True,hotpotqa,multi_hop,entity,4000,middle,medium,unknown,Monica Lewinsky,Monica Lewinsky,p0001;p0002;p0003,,True,1.0,1.0,1.0,1.0,1.0,1.0,0.0,0.0,0.0,0.0,success,
hotpotqa_5aba5d2e55429901930fa799,qwen3:14b,direct,Full Context,diagnostic_condition,full_context_condition,True,hotpotqa,multi_hop,entity,4000,middle,medium,unknown,Monica Lewinsky,Monica Lewinsky,p0001;p0002;p0003,p0002;p0003,True,1.0,1.0,1.0,1.0,1.0,1.0,1.0,0.6666666666666666,0.8,1.0,success,
hotpotqa_5aba5d2e55429901930fa799,qwen3:14b,retrieve_then_read,Retrieved Evidence,diagnostic_condition,evidence_narrowed_condition,True,hotpotqa,multi_hop,entity,4000,middle,medium,unknown,Monica Lewinsky,unknown,p0001;p0002;p0003,,True,0.0,0.0,0.0,0.0,0.0,0.0,0.0,0.0,0.0,0.0,evidence_localization_failure,
hotpotqa_5aba5d2e55429901930fa799,qwen3:14b,oracle,Oracle Evidence,diagnostic_baseline,oracle_evidence_upper_reference,True,hotpotqa,multi_hop,entity,4000,middle,medium,unknown,Monica Lewinsky,Monica Lewinsky,p0001;p0002;p0003,p0001;p0002;p0003,True,1.0,1.0,1.0,1.0,1.0,1.0,1.0,1.0,1.0,1.0,success,
hotpotqa_5a7759fc5542993569682d60,qwen3:14b,no_evidence,No Evidence,diagnostic_baseline,question_only_lower_bound,True,hotpotqa,comparison,entity,8000,end,low,unknown,"Canary Islands, Spain",Tenerife and La Gomera,p0001;p0002,,True,0.0,0.0,0.0,0.0,0.0,0.0,0.0,0.0,0.0,0.0,evidence_localization_failure,
hotpotqa_5a7759fc5542993569682d60,qwen3:14b,direct,Full Context,diagnostic_condition,full_context_condition,True,hotpotqa,comparison,entity,8000,end,low,unknown,"Canary Islands, Spain","Canary Islands, Spain",p0001;p0002,p0001;p0002,True,1.0,1.0,1.0,1.0,1.0,1.0,1.0,1.0,1.0,1.0,success,
hotpotqa_5a7759fc5542993569682d60,qwen3:14b,retrieve_then_read,Retrieved Evidence,diagnostic_condition,evidence_narrowed_condition,True,hotpotqa,comparison,entity,8000,end,low,unknown,"Canary Islands, Spain","Canary Islands, Spain",p0001;p0002,p0001,True,1.0,1.0,1.0,1.0,1.0,1.0,1.0,0.5,0.6666666666666666,1.0,success,
hotpotqa_5a7759fc5542993569682d60,qwen3:14b,oracle,Oracle Evidence,diagnostic_baseline,oracle_evidence_upper_reference,True,hotpotqa,comparison,entity,8000,end,low,unknown,"Canary Islands, Spain",Tenerife and La Gomera,p0001;p0002,p0001;p0002,True,0.0,0.0,0.0,0.0,0.0,0.0,1.0,1.0,1.0,1.0,answer_conversion_failure,
hotpotqa_5abfb3425542990832d3a1c0,qwen3:14b,no_evidence,No Evidence,diagnostic_baseline,question_only_lower_bound,True,hotpotqa,multi_hop,entity,16000,scattered,low,unknown,The Conversation,The Walrus,p0001;p0002,,True,0.0,0.0,0.0,0.0,0.0,0.0,0.0,0.0,0.0,0.0,evidence_localization_failure,
hotpotqa_5abfb3425542990832d3a1c0,qwen3:14b,direct,Full Context,diagnostic_condition,full_context_condition,True,hotpotqa,multi_hop,entity,16000,scattered,low,unknown,The Conversation,The Conversation,p0001;p0002,p0001;p0002,True,1.0,1.0,1.0,1.0,1.0,1.0,1.0,1.0,1.0,1.0,success,
hotpotqa_5abfb3425542990832d3a1c0,qwen3:14b,retrieve_then_read,Retrieved Evidence,diagnostic_condition,evidence_narrowed_condition,True,hotpotqa,multi_hop,entity,16000,scattered,low,unknown,The Conversation,The Conversation,p0001;p0002,p0001,True,1.0,1.0,1.0,1.0,1.0,1.0,1.0,0.5,0.6666666666666666,1.0,success,
hotpotqa_5abfb3425542990832d3a1c0,qwen3:14b,oracle,Oracle Evidence,diagnostic_baseline,oracle_evidence_upper_reference,True,hotpotqa,multi_hop,entity,16000,scattered,low,unknown,The Conversation,The Conversation,p0001;p0002,p0001,True,1.0,1.0,1.0,1.0,1.0,1.0,1.0,0.5,0.6666666666666666,1.0,success,
hotpotqa_5ae2b770554299495565db0f,qwen3:14b,no_evidence,No Evidence,diagnostic_baseline,question_only_lower_bound,True,hotpotqa,multi_hop,entity,4000,front,medium,unknown,March and April,May,p0001;p0002;p0003;p0004,,True,0.0,0.0,0.0,0.0,0.0,0.0,0.0,0.0,0.0,0.0,evidence_localization_failure,
hotpotqa_5ae2b770554299495565db0f,qwen3:14b,direct,Full Context,diagnostic_condition,full_context_condition,True,hotpotqa,multi_hop,entity,4000,front,medium,unknown,March and April,March,p0001;p0002;p0003;p0004,p0001;p0003,True,0.0,0.5,0.0,0.5,0.0,0.5,1.0,0.5,0.6666666666666666,1.0,evidence_integration_failure,
hotpotqa_5ae2b770554299495565db0f,qwen3:14b,retrieve_then_read,Retrieved Evidence,diagnostic_condition,evidence_narrowed_condition,True,hotpotqa,multi_hop,entity,4000,front,medium,unknown,March and April,March,p0001;p0002;p0003;p0004,p0002;p0004,True,0.0,0.5,0.0,0.5,0.0,0.5,1.0,0.5,0.6666666666666666,1.0,evidence_integration_failure,
hotpotqa_5ae2b770554299495565db0f,qwen3:14b,oracle,Oracle Evidence,diagnostic_baseline,oracle_evidence_upper_reference,True,hotpotqa,multi_hop,entity,4000,front,medium,unknown,March and April,March,p0001;p0002;p0003;p0004,p0001;p0002;p0003,True,0.0,0.5,0.0,0.5,0.0,0.5,1.0,0.75,0.8571428571428571,1.0,evidence_integration_failure,
hotpotqa_5a80b3a9554299485f5986cc,qwen3:14b,no_evidence,No Evidence,diagnostic_baseline,question_only_lower_bound,True,hotpotqa,multi_hop,entity,8000,middle,low,unknown,Fairfax County,Prince William,p0001;p0002,,True,0.0,0.0,0.0,0.0,0.0,0.0,0.0,0.0,0.0,0.0,evidence_localization_failure,
hotpotqa_5a80b3a9554299485f5986cc,qwen3:14b,direct,Full Context,diagnostic_condition,full_context_condition,True,hotpotqa,multi_hop,entity,8000,middle,low,unknown,Fairfax County,Fairfax,p0001;p0002,p0002,True,0.0,0.6666666666666666,0.0,0.6666666666666666,0.0,0.6666666666666666,1.0,0.5,0.6666666666666666,1.0,evidence_integration_failure,
hotpotqa_5a80b3a9554299485f5986cc,qwen3:14b,retrieve_then_read,Retrieved Evidence,diagnostic_condition,evidence_narrowed_condition,True,hotpotqa,multi_hop,entity,8000,middle,low,unknown,Fairfax County,Fairfax,p0001;p0002,,True,0.0,0.6666666666666666,0.0,0.6666666666666666,0.0,0.6666666666666666,0.0,0.0,0.0,0.0,evidence_localization_failure,
hotpotqa_5a80b3a9554299485f5986cc,qwen3:14b,oracle,Oracle Evidence,diagnostic_baseline,oracle_evidence_upper_reference,True,hotpotqa,multi_hop,entity,8000,middle,low,unknown,Fairfax County,Fairfax,p0001;p0002,p0001;p0002,True,0.0,0.6666666666666666,0.0,0.6666666666666666,0.0,0.6666666666666666,1.0,1.0,1.0,1.0,answer_conversion_failure,
hotpotqa_5a818387554299260e20a291,qwen3:14b,no_evidence,No Evidence,diagnostic_baseline,question_only_lower_bound,True,hotpotqa,multi_hop,entity,16000,end,low,unknown,Blake Shelton,Blake Shelton,p0001;p0002,,True,1.0,1.0,1.0,1.0,1.0,1.0,0.0,0.0,0.0,0.0,success,
hotpotqa_5a818387554299260e20a291,qwen3:14b,direct,Full Context,diagnostic_condition,full_context_condition,True,hotpotqa,multi_hop,entity,16000,end,low,unknown,Blake Shelton,Blake Shelton,p0001;p0002,p0002,True,1.0,1.0,1.0,1.0,1.0,1.0,1.0,0.5,0.6666666666666666,1.0,success,
hotpotqa_5a818387554299260e20a291,qwen3:14b,retrieve_then_read,Retrieved Evidence,diagnostic_condition,evidence_narrowed_condition,True,hotpotqa,multi_hop,entity,16000,end,low,unknown,Blake Shelton,Blake Shelton,p0001;p0002,p0002,True,1.0,1.0,1.0,1.0,1.0,1.0,1.0,0.5,0.6666666666666666,1.0,success,
hotpotqa_5a818387554299260e20a291,qwen3:14b,oracle,Oracle Evidence,diagnostic_baseline,oracle_evidence_upper_reference,True,hotpotqa,multi_hop,entity,16000,end,low,unknown,Blake Shelton,Blake Shelton,p0001;p0002,p0001;p0002,True,1.0,1.0,1.0,1.0,1.0,1.0,1.0,1.0,1.0,1.0,success,
hotpotqa_5a89f5815542993b751ca9c5,qwen3:14b,no_evidence,No Evidence,diagnostic_baseline,question_only_lower_bound,True,hotpotqa,multi_hop,entity,4000,scattered,low,unknown,Princess Jessica,unknown,p0001;p0002,,True,0.0,0.0,0.0,0.0,0.0,0.0,0.0,0.0,0.0,0.0,evidence_localization_failure,
hotpotqa_5a89f5815542993b751ca9c5,qwen3:14b,direct,Full Context,diagnostic_condition,full_context_condition,True,hotpotqa,multi_hop,entity,4000,scattered,low,unknown,Princess Jessica,Princess Jessica,p0001;p0002,p0001,True,1.0,1.0,1.0,1.0,1.0,1.0,1.0,0.5,0.6666666666666666,1.0,success,
hotpotqa_5a89f5815542993b751ca9c5,qwen3:14b,retrieve_then_read,Retrieved Evidence,diagnostic_condition,evidence_narrowed_condition,True,hotpotqa,multi_hop,entity,4000,scattered,low,unknown,Princess Jessica,Princess Jessica,p0001;p0002,p0001,True,1.0,1.0,1.0,1.0,1.0,1.0,1.0,0.5,0.6666666666666666,1.0,success,
hotpotqa_5a89f5815542993b751ca9c5,qwen3:14b,oracle,Oracle Evidence,diagnostic_baseline,oracle_evidence_upper_reference,True,hotpotqa,multi_hop,entity,4000,scattered,low,unknown,Princess Jessica,Princess Jessica,p0001;p0002,p0001;p0002,True,1.0,1.0,1.0,1.0,1.0,1.0,1.0,1.0,1.0,1.0,success,
hotpotqa_5ac120c55542992a796dedfc,qwen3:14b,no_evidence,No Evidence,diagnostic_baseline,question_only_lower_bound,True,hotpotqa,multi_hop,entity,8000,front,medium,unknown,KKR & Co,Blackstone,p0001;p0002;p0003,,True,0.0,0.0,0.0,0.0,0.0,0.0,0.0,0.0,0.0,0.0,evidence_localization_failure,
hotpotqa_5ac120c55542992a796dedfc,qwen3:14b,direct,Full Context,diagnostic_condition,full_context_condition,True,hotpotqa,multi_hop,entity,8000,front,medium,unknown,KKR & Co,Kohlberg Kravis Roberts,p0001;p0002;p0003,p0001,True,0.0,0.0,0.0,0.0,0.0,0.0,1.0,0.3333333333333333,0.5,1.0,evidence_integration_failure,
hotpotqa_5ac120c55542992a796dedfc,qwen3:14b,retrieve_then_read,Retrieved Evidence,diagnostic_condition,evidence_narrowed_condition,True,hotpotqa,multi_hop,entity,8000,front,medium,unknown,KKR & Co,Kohlberg Kravis Roberts,p0001;p0002;p0003,p0002,True,0.0,0.0,0.0,0.0,0.0,0.0,1.0,0.3333333333333333,0.5,1.0,evidence_integration_failure,
hotpotqa_5ac120c55542992a796dedfc,qwen3:14b,oracle,Oracle Evidence,diagnostic_baseline,oracle_evidence_upper_reference,True,hotpotqa,multi_hop,entity,8000,front,medium,unknown,KKR & Co,Kohlberg Kravis Roberts,p0001;p0002;p0003,p0001;p0003,True,0.0,0.0,0.0,0.0,0.0,0.0,1.0,0.6666666666666666,0.8,1.0,evidence_integration_failure,
hotpotqa_5ab7c1a955429928e1fe38c8,qwen3:14b,no_evidence,No Evidence,diagnostic_baseline,question_only_lower_bound,True,hotpotqa,multi_hop,entity,16000,middle,medium,unknown,The Bye Bye Man,The Young Kieslitz,p0001;p0002;p0003,,True,0.0,0.0,0.0,0.0,0.0,0.0,0.0,0.0,0.0,0.0,evidence_localization_failure,
hotpotqa_5ab7c1a955429928e1fe38c8,qwen3:14b,direct,Full Context,diagnostic_condition,full_context_condition,True,hotpotqa,multi_hop,entity,16000,middle,medium,unknown,The Bye Bye Man,The Bye Bye Man,p0001;p0002;p0003,p0001;p0002;p0003,True,1.0,1.0,1.0,1.0,1.0,1.0,1.0,1.0,1.0,1.0,success,
hotpotqa_5ab7c1a955429928e1fe38c8,qwen3:14b,retrieve_then_read,Retrieved Evidence,diagnostic_condition,evidence_narrowed_condition,True,hotpotqa,multi_hop,entity,16000,middle,medium,unknown,The Bye Bye Man,Bottom of the World,p0001;p0002;p0003,,True,0.0,0.0,0.0,0.0,0.0,0.0,0.0,0.0,0.0,0.0,evidence_localization_failure,
hotpotqa_5ab7c1a955429928e1fe38c8,qwen3:14b,oracle,Oracle Evidence,diagnostic_baseline,oracle_evidence_upper_reference,True,hotpotqa,multi_hop,entity,16000,middle,medium,unknown,The Bye Bye Man,The Bye Bye Man,p0001;p0002;p0003,p0001;p0002;p0003,True,1.0,1.0,1.0,1.0,1.0,1.0,1.0,1.0,1.0,1.0,success,
hotpotqa_5abd01205542992ac4f3819b,qwen3:14b,no_evidence,No Evidence,diagnostic_baseline,question_only_lower_bound,True,hotpotqa,multi_hop,entity,4000,end,low,unknown,Richmond,Murchison River,p0001;p0002,,True,0.0,0.0,0.0,0.0,0.0,0.0,0.0,0.0,0.0,0.0,evidence_localization_failure,
hotpotqa_5abd01205542992ac4f3819b,qwen3:14b,direct,Full Context,diagnostic_condition,full_context_condition,True,hotpotqa,multi_hop,entity,4000,end,low,unknown,Richmond,Richmond River,p0001;p0002,p0001;p0008,True,0.0,0.6666666666666666,0.0,0.6666666666666666,0.0,0.6666666666666666,0.5,0.5,0.5,1.0,evidence_integration_failure,
hotpotqa_5abd01205542992ac4f3819b,qwen3:14b,retrieve_then_read,Retrieved Evidence,diagnostic_condition,evidence_narrowed_condition,True,hotpotqa,multi_hop,entity,4000,end,low,unknown,Richmond,Richmond River,p0001;p0002,p0001,True,0.0,0.6666666666666666,0.0,0.6666666666666666,0.0,0.6666666666666666,1.0,0.5,0.6666666666666666,1.0,evidence_integration_failure,
hotpotqa_5abd01205542992ac4f3819b,qwen3:14b,oracle,Oracle Evidence,diagnostic_baseline,oracle_evidence_upper_reference,True,hotpotqa,multi_hop,entity,4000,end,low,unknown,Richmond,Richmond River,p0001;p0002,p0001;p0002,True,0.0,0.6666666666666666,0.0,0.6666666666666666,0.0,0.6666666666666666,1.0,1.0,1.0,1.0,answer_conversion_failure,
hotpotqa_5a8574945542997b5ce3fffb,qwen3:14b,no_evidence,No Evidence,diagnostic_baseline,question_only_lower_bound,True,hotpotqa,comparison,string,8000,scattered,medium,unknown,LaLee's Kin: The Legacy of Cotton,Gimme Shelter,p0001;p0002;p0003,,True,0.0,0.0,0.0,0.0,0.0,0.0,0.0,0.0,0.0,0.0,evidence_localization_failure,
hotpotqa_5a8574945542997b5ce3fffb,qwen3:14b,direct,Full Context,diagnostic_condition,full_context_condition,True,hotpotqa,comparison,string,8000,scattered,medium,unknown,LaLee's Kin: The Legacy of Cotton,LaLee's Kin: The Legacy of Cotton,p0001;p0002;p0003,p0001,True,1.0,1.0,1.0,1.0,1.0,1.0,1.0,0.3333333333333333,0.5,1.0,success,
hotpotqa_5a8574945542997b5ce3fffb,qwen3:14b,retrieve_then_read,Retrieved Evidence,diagnostic_condition,evidence_narrowed_condition,True,hotpotqa,comparison,string,8000,scattered,medium,unknown,LaLee's Kin: The Legacy of Cotton,LaLee's Kin: The Legacy of Cotton,p0001;p0002;p0003,p0001,True,1.0,1.0,1.0,1.0,1.0,1.0,1.0,0.3333333333333333,0.5,1.0,success,
hotpotqa_5a8574945542997b5ce3fffb,qwen3:14b,oracle,Oracle Evidence,diagnostic_baseline,oracle_evidence_upper_reference,True,hotpotqa,comparison,string,8000,scattered,medium,unknown,LaLee's Kin: The Legacy of Cotton,LaLee's Kin: The Legacy of Cotton,p0001;p0002;p0003,p0002,True,1.0,1.0,1.0,1.0,1.0,1.0,1.0,0.3333333333333333,0.5,1.0,success,
hotpotqa_5a87d8215542994775f60800,qwen3:14b,no_evidence,No Evidence,diagnostic_baseline,question_only_lower_bound,True,hotpotqa,multi_hop,entity,16000,front,medium,unknown,Suicide Squad,The Heat,p0001;p0002;p0003;p0004,,True,0.0,0.0,0.0,0.0,0.0,0.0,0.0,0.0,0.0,0.0,evidence_localization_failure,
hotpotqa_5a87d8215542994775f60800,qwen3:14b,direct,Full Context,diagnostic_condition,full_context_condition,True,hotpotqa,multi_hop,entity,16000,front,medium,unknown,Suicide Squad,Training Day,p0001;p0002;p0003;p0004,p0002;p0004,True,0.0,0.0,0.0,0.0,0.0,0.0,1.0,0.5,0.6666666666666666,1.0,evidence_integration_failure,
hotpotqa_5a87d8215542994775f60800,qwen3:14b,retrieve_then_read,Retrieved Evidence,diagnostic_condition,evidence_narrowed_condition,True,hotpotqa,multi_hop,entity,16000,front,medium,unknown,Suicide Squad,Training Day,p0001;p0002;p0003;p0004,p0002;p0004,True,0.0,0.0,0.0,0.0,0.0,0.0,1.0,0.5,0.6666666666666666,1.0,evidence_integration_failure,
hotpotqa_5a87d8215542994775f60800,qwen3:14b,oracle,Oracle Evidence,diagnostic_baseline,oracle_evidence_upper_reference,True,hotpotqa,multi_hop,entity,16000,front,medium,unknown,Suicide Squad,Training Day,p0001;p0002;p0003;p0004,p0001;p0002;p0004,True,0.0,0.0,0.0,0.0,0.0,0.0,1.0,0.75,0.8571428571428571,1.0,evidence_integration_failure,
hotpotqa_5ac2d1d755429921a00ab053,qwen3:14b,no_evidence,No Evidence,diagnostic_baseline,question_only_lower_bound,True,hotpotqa,comparison,entity,4000,middle,medium,unknown,Roberta Vinci,Roberta Vinci,p0001;p0002;p0003,,True,1.0,1.0,1.0,1.0,1.0,1.0,0.0,0.0,0.0,0.0,success,
hotpotqa_5ac2d1d755429921a00ab053,qwen3:14b,direct,Full Context,diagnostic_condition,full_context_condition,True,hotpotqa,comparison,entity,4000,middle,medium,unknown,Roberta Vinci,Roberta Vinci,p0001;p0002;p0003,p0002,True,1.0,1.0,1.0,1.0,1.0,1.0,1.0,0.3333333333333333,0.5,1.0,success,
hotpotqa_5ac2d1d755429921a00ab053,qwen3:14b,retrieve_then_read,Retrieved Evidence,diagnostic_condition,evidence_narrowed_condition,True,hotpotqa,comparison,entity,4000,middle,medium,unknown,Roberta Vinci,Roberta Vinci,p0001;p0002;p0003,p0003,True,1.0,1.0,1.0,1.0,1.0,1.0,1.0,0.3333333333333333,0.5,1.0,success,
hotpotqa_5ac2d1d755429921a00ab053,qwen3:14b,oracle,Oracle Evidence,diagnostic_baseline,oracle_evidence_upper_reference,True,hotpotqa,comparison,entity,4000,middle,medium,unknown,Roberta Vinci,Roberta Vinci,p0001;p0002;p0003,p0002;p0003,True,1.0,1.0,1.0,1.0,1.0,1.0,1.0,0.6666666666666666,0.8,1.0,success,
hotpotqa_5a738d27554299623ed4abf3,qwen3:14b,no_evidence,No Evidence,diagnostic_baseline,question_only_lower_bound,True,hotpotqa,multi_hop,entity,8000,end,low,unknown,Erika Jayne,Erika Jayne,p0001;p0002,,True,1.0,1.0,1.0,1.0,1.0,1.0,0.0,0.0,0.0,0.0,success,
hotpotqa_5a738d27554299623ed4abf3,qwen3:14b,direct,Full Context,diagnostic_condition,full_context_condition,True,hotpotqa,multi_hop,entity,8000,end,low,unknown,Erika Jayne,Marco Da Silva,p0001;p0002,p0001;p0002,True,0.0,0.0,0.0,0.0,0.0,0.0,1.0,1.0,1.0,1.0,answer_conversion_failure,
hotpotqa_5a738d27554299623ed4abf3,qwen3:14b,retrieve_then_read,Retrieved Evidence,diagnostic_condition,evidence_narrowed_condition,True,hotpotqa,multi_hop,entity,8000,end,low,unknown,Erika Jayne,Marco Da Silva,p0001;p0002,p0002,True,0.0,0.0,0.0,0.0,0.0,0.0,1.0,0.5,0.6666666666666666,1.0,evidence_integration_failure,
hotpotqa_5a738d27554299623ed4abf3,qwen3:14b,oracle,Oracle Evidence,diagnostic_baseline,oracle_evidence_upper_reference,True,hotpotqa,multi_hop,entity,8000,end,low,unknown,Erika Jayne,Erika Jayne,p0001;p0002,p0001;p0002,True,1.0,1.0,1.0,1.0,1.0,1.0,1.0,1.0,1.0,1.0,success,
hotpotqa_5ab2a186554299295394677b,qwen3:14b,no_evidence,No Evidence,diagnostic_baseline,question_only_lower_bound,True,hotpotqa,multi_hop,number,16000,scattered,low,unknown,2009,1999,p0001;p0002,,True,0.0,0.0,0.0,0.0,0.0,0.0,0.0,0.0,0.0,0.0,evidence_localization_failure,
hotpotqa_5ab2a186554299295394677b,qwen3:14b,direct,Full Context,diagnostic_condition,full_context_condition,True,hotpotqa,multi_hop,number,16000,scattered,low,unknown,2009,2009,p0001;p0002,p0001,True,1.0,1.0,1.0,1.0,1.0,1.0,1.0,0.5,0.6666666666666666,1.0,success,
hotpotqa_5ab2a186554299295394677b,qwen3:14b,retrieve_then_read,Retrieved Evidence,diagnostic_condition,evidence_narrowed_condition,True,hotpotqa,multi_hop,number,16000,scattered,low,unknown,2009,2009,p0001;p0002,p0001,True,1.0,1.0,1.0,1.0,1.0,1.0,1.0,0.5,0.6666666666666666,1.0,success,
hotpotqa_5ab2a186554299295394677b,qwen3:14b,oracle,Oracle Evidence,diagnostic_baseline,oracle_evidence_upper_reference,True,hotpotqa,multi_hop,number,16000,scattered,low,unknown,2009,2009,p0001;p0002,p0001,True,1.0,1.0,1.0,1.0,1.0,1.0,1.0,0.5,0.6666666666666666,1.0,success,
hotpotqa_5a8704f8554299211dda2ba4,qwen3:14b,no_evidence,No Evidence,diagnostic_baseline,question_only_lower_bound,True,hotpotqa,multi_hop,entity,4000,front,medium,unknown,Kingdom of the Isles,Isles of Lewis and Harris,p0001;p0002;p0003,,True,0.0,0.5,0.0,0.5,0.0,0.5,0.0,0.0,0.0,0.0,evidence_localization_failure,
hotpotqa_5a8704f8554299211dda2ba4,qwen3:14b,direct,Full Context,diagnostic_condition,full_context_condition,True,hotpotqa,multi_hop,entity,4000,front,medium,unknown,Kingdom of the Isles,The Kingdom of the Isles,p0001;p0002;p0003,p0001;p0002;p0007,True,1.0,1.0,1.0,1.0,1.0,1.0,0.6666666666666666,0.6666666666666666,0.6666666666666666,1.0,success,
hotpotqa_5a8704f8554299211dda2ba4,qwen3:14b,retrieve_then_read,Retrieved Evidence,diagnostic_condition,evidence_narrowed_condition,True,hotpotqa,multi_hop,entity,4000,front,medium,unknown,Kingdom of the Isles,the Isles,p0001;p0002;p0003,p0001;p0002;p0003,True,0.0,0.5,0.0,0.5,0.0,0.5,1.0,1.0,1.0,1.0,answer_conversion_failure,
hotpotqa_5a8704f8554299211dda2ba4,qwen3:14b,oracle,Oracle Evidence,diagnostic_baseline,oracle_evidence_upper_reference,True,hotpotqa,multi_hop,entity,4000,front,medium,unknown,Kingdom of the Isles,Kingdom of the Isles,p0001;p0002;p0003,p0001;p0002;p0003,True,1.0,1.0,1.0,1.0,1.0,1.0,1.0,1.0,1.0,1.0,success,
hotpotqa_5ab5ed505542997d4ad1f255,qwen3:14b,no_evidence,No Evidence,diagnostic_baseline,question_only_lower_bound,True,hotpotqa,multi_hop,entity,8000,middle,low,unknown,The Beatles,The Beatles,p0001;p0002,,True,1.0,1.0,1.0,1.0,1.0,1.0,0.0,0.0,0.0,0.0,success,
hotpotqa_5ab5ed505542997d4ad1f255,qwen3:14b,direct,Full Context,diagnostic_condition,full_context_condition,True,hotpotqa,multi_hop,entity,8000,middle,low,unknown,The Beatles,The Beatles,p0001;p0002,p0001;p0009,True,1.0,1.0,1.0,1.0,1.0,1.0,0.5,0.5,0.5,1.0,success,
hotpotqa_5ab5ed505542997d4ad1f255,qwen3:14b,retrieve_then_read,Retrieved Evidence,diagnostic_condition,evidence_narrowed_condition,True,hotpotqa,multi_hop,entity,8000,middle,low,unknown,The Beatles,The Beatles,p0001;p0002,p0001;p0002,True,1.0,1.0,1.0,1.0,1.0,1.0,1.0,1.0,1.0,1.0,success,
hotpotqa_5ab5ed505542997d4ad1f255,qwen3:14b,oracle,Oracle Evidence,diagnostic_baseline,oracle_evidence_upper_reference,True,hotpotqa,multi_hop,entity,8000,middle,low,unknown,The Beatles,The Beatles,p0001;p0002,p0001;p0002,True,1.0,1.0,1.0,1.0,1.0,1.0,1.0,1.0,1.0,1.0,success,
hotpotqa_5ae748d1554299572ea547b0,qwen3:14b,no_evidence,No Evidence,diagnostic_baseline,question_only_lower_bound,True,hotpotqa,multi_hop,number,16000,end,medium,unknown,1901,1901,p0001;p0002;p0003,,True,1.0,1.0,1.0,1.0,1.0,1.0,0.0,0.0,0.0,0.0,success,
hotpotqa_5ae748d1554299572ea547b0,qwen3:14b,direct,Full Context,diagnostic_condition,full_context_condition,True,hotpotqa,multi_hop,number,16000,end,medium,unknown,1901,1901,p0001;p0002;p0003,p0002;p0003,True,1.0,1.0,1.0,1.0,1.0,1.0,1.0,0.6666666666666666,0.8,1.0,success,
hotpotqa_5ae748d1554299572ea547b0,qwen3:14b,retrieve_then_read,Retrieved Evidence,diagnostic_condition,evidence_narrowed_condition,True,hotpotqa,multi_hop,number,16000,end,medium,unknown,1901,1901,p0001;p0002;p0003,p0001;p0003,True,1.0,1.0,1.0,1.0,1.0,1.0,1.0,0.6666666666666666,0.8,1.0,success,
hotpotqa_5ae748d1554299572ea547b0,qwen3:14b,oracle,Oracle Evidence,diagnostic_baseline,oracle_evidence_upper_reference,True,hotpotqa,multi_hop,number,16000,end,medium,unknown,1901,1901,p0001;p0002;p0003,p0001;p0003,True,1.0,1.0,1.0,1.0,1.0,1.0,1.0,0.6666666666666666,0.8,1.0,success,
hotpotqa_5a7a8a9c554299042af8f666,qwen3:14b,no_evidence,No Evidence,diagnostic_baseline,question_only_lower_bound,True,hotpotqa,multi_hop,entity,4000,scattered,low,unknown,Argand lamp,Argand lamp,p0001;p0002,,True,1.0,1.0,1.0,1.0,1.0,1.0,0.0,0.0,0.0,0.0,success,
hotpotqa_5a7a8a9c554299042af8f666,qwen3:14b,direct,Full Context,diagnostic_condition,full_context_condition,True,hotpotqa,multi_hop,entity,4000,scattered,low,unknown,Argand lamp,Argand lamp,p0001;p0002,p0002;p0001,True,1.0,1.0,1.0,1.0,1.0,1.0,1.0,1.0,1.0,1.0,success,
hotpotqa_5a7a8a9c554299042af8f666,qwen3:14b,retrieve_then_read,Retrieved Evidence,diagnostic_condition,evidence_narrowed_condition,True,hotpotqa,multi_hop,entity,4000,scattered,low,unknown,Argand lamp,Lewis lamp,p0001;p0002,p0001,True,0.0,0.5,0.0,0.5,0.0,0.5,1.0,0.5,0.6666666666666666,1.0,evidence_integration_failure,
hotpotqa_5a7a8a9c554299042af8f666,qwen3:14b,oracle,Oracle Evidence,diagnostic_baseline,oracle_evidence_upper_reference,True,hotpotqa,multi_hop,entity,4000,scattered,low,unknown,Argand lamp,Argand lamp,p0001;p0002,p0001;p0002,True,1.0,1.0,1.0,1.0,1.0,1.0,1.0,1.0,1.0,1.0,success,
hotpotqa_5a8325b35542990548d0b18f,qwen3:14b,no_evidence,No Evidence,diagnostic_baseline,question_only_lower_bound,True,hotpotqa,multi_hop,entity,8000,front,low,unknown,Kathryn Jean Martin,Julie Bishop,p0001;p0002,,True,0.0,0.0,0.0,0.0,0.0,0.0,0.0,0.0,0.0,0.0,evidence_localization_failure,
hotpotqa_5a8325b35542990548d0b18f,qwen3:14b,direct,Full Context,diagnostic_condition,full_context_condition,True,hotpotqa,multi_hop,entity,8000,front,low,unknown,Kathryn Jean Martin,Roslyn Dundas,p0001;p0002,p0008,True,0.0,0.0,0.0,0.0,0.0,0.0,0.0,0.0,0.0,0.0,evidence_selection_failure,
hotpotqa_5a8325b35542990548d0b18f,qwen3:14b,retrieve_then_read,Retrieved Evidence,diagnostic_condition,evidence_narrowed_condition,True,hotpotqa,multi_hop,entity,8000,front,low,unknown,Kathryn Jean Martin,Bronwyn Kathleen Bishop,p0001;p0002,p0002,True,0.0,0.0,0.0,0.0,0.0,0.0,1.0,0.5,0.6666666666666666,1.0,evidence_integration_failure,
hotpotqa_5a8325b35542990548d0b18f,qwen3:14b,oracle,Oracle Evidence,diagnostic_baseline,oracle_evidence_upper_reference,True,hotpotqa,multi_hop,entity,8000,front,low,unknown,Kathryn Jean Martin,Kathy Sullivan,p0001;p0002,p0001;p0002,True,0.0,0.0,0.0,0.0,0.0,0.0,1.0,1.0,1.0,1.0,answer_conversion_failure,
hotpotqa_5a7ddc5a5542995f4f4022da,qwen3:14b,no_evidence,No Evidence,diagnostic_baseline,question_only_lower_bound,True,hotpotqa,multi_hop,entity,16000,middle,medium,unknown,Wichita,Wichita,p0001;p0002;p0003,,True,1.0,1.0,1.0,1.0,1.0,1.0,0.0,0.0,0.0,0.0,success,
hotpotqa_5a7ddc5a5542995f4f4022da,qwen3:14b,direct,Full Context,diagnostic_condition,full_context_condition,True,hotpotqa,multi_hop,entity,16000,middle,medium,unknown,Wichita,Wichita,p0001;p0002;p0003,p0001;p0002;p0003,True,1.0,1.0,1.0,1.0,1.0,1.0,1.0,1.0,1.0,1.0,success,
hotpotqa_5a7ddc5a5542995f4f4022da,qwen3:14b,retrieve_then_read,Retrieved Evidence,diagnostic_condition,evidence_narrowed_condition,True,hotpotqa,multi_hop,entity,16000,middle,medium,unknown,Wichita,Wichita,p0001;p0002;p0003,p0001;p0002,True,1.0,1.0,1.0,1.0,1.0,1.0,1.0,0.6666666666666666,0.8,1.0,success,
hotpotqa_5a7ddc5a5542995f4f4022da,qwen3:14b,oracle,Oracle Evidence,diagnostic_baseline,oracle_evidence_upper_reference,True,hotpotqa,multi_hop,entity,16000,middle,medium,unknown,Wichita,Wichita,p0001;p0002;p0003,p0001;p0003,True,1.0,1.0,1.0,1.0,1.0,1.0,1.0,0.6666666666666666,0.8,1.0,success,
hotpotqa_5a7a1cd85542990783324e65,qwen3:14b,no_evidence,No Evidence,diagnostic_baseline,question_only_lower_bound,True,hotpotqa,multi_hop,string,4000,end,low,unknown,United States presidential election of 2016,2020,p0001;p0002,,True,0.0,0.0,0.0,0.0,0.0,0.0,0.0,0.0,0.0,0.0,evidence_localization_failure,
hotpotqa_5a7a1cd85542990783324e65,qwen3:14b,direct,Full Context,diagnostic_condition,full_context_condition,True,hotpotqa,multi_hop,string,4000,end,low,unknown,United States presidential election of 2016,The United States presidential election of 2016,p0001;p0002,p0001;p0002,True,1.0,1.0,1.0,1.0,1.0,1.0,1.0,1.0,1.0,1.0,success,
hotpotqa_5a7a1cd85542990783324e65,qwen3:14b,retrieve_then_read,Retrieved Evidence,diagnostic_condition,evidence_narrowed_condition,True,hotpotqa,multi_hop,string,4000,end,low,unknown,United States presidential election of 2016,The 2016 U.S. presidential election,p0001;p0002,p0001;p0002,True,0.0,0.6,0.0,0.5454545454545454,0.0,0.6,1.0,1.0,1.0,1.0,answer_conversion_failure,
hotpotqa_5a7a1cd85542990783324e65,qwen3:14b,oracle,Oracle Evidence,diagnostic_baseline,oracle_evidence_upper_reference,True,hotpotqa,multi_hop,string,4000,end,low,unknown,United States presidential election of 2016,"United States presidential election, 2016",p0001;p0002,p0001;p0002,True,0.0,0.9090909090909091,0.0,0.9090909090909091,0.0,0.9090909090909091,1.0,1.0,1.0,1.0,answer_conversion_failure,
hotpotqa_5ae67dba55429908198fa5f0,qwen3:14b,no_evidence,No Evidence,diagnostic_baseline,question_only_lower_bound,True,hotpotqa,multi_hop,number,8000,scattered,medium,unknown,"48,982","646,889",p0001;p0002;p0003;p0004,,True,0.0,0.0,0.0,0.0,0.0,0.0,0.0,0.0,0.0,0.0,evidence_localization_failure,
hotpotqa_5ae67dba55429908198fa5f0,qwen3:14b,direct,Full Context,diagnostic_condition,full_context_condition,True,hotpotqa,multi_hop,number,8000,scattered,medium,unknown,"48,982",48982,p0001;p0002;p0003;p0004,p0004,True,1.0,1.0,0.0,0.0,1.0,1.0,1.0,0.25,0.4,1.0,success,
hotpotqa_5ae67dba55429908198fa5f0,qwen3:14b,retrieve_then_read,Retrieved Evidence,diagnostic_condition,evidence_narrowed_condition,True,hotpotqa,multi_hop,number,8000,scattered,medium,unknown,"48,982",33484,p0001;p0002;p0003;p0004,p0001,True,0.0,0.0,0.0,0.0,0.0,0.0,1.0,0.25,0.4,1.0,evidence_integration_failure,
hotpotqa_5ae67dba55429908198fa5f0,qwen3:14b,oracle,Oracle Evidence,diagnostic_baseline,oracle_evidence_upper_reference,True,hotpotqa,multi_hop,number,8000,scattered,medium,unknown,"48,982",48982,p0001;p0002;p0003;p0004,p0004,True,1.0,1.0,0.0,0.0,1.0,1.0,1.0,0.25,0.4,1.0,success,
hotpotqa_5a7b3f4d5542992d025e67bb,qwen3:14b,no_evidence,No Evidence,diagnostic_baseline,question_only_lower_bound,True,hotpotqa,multi_hop,entity,16000,front,medium,unknown,Pasek & Paul,Justin Hurwitz and Benj Pasek,p0001;p0002;p0003;p0004,,True,0.0,0.28571428571428575,0.0,0.28571428571428575,0.0,0.28571428571428575,0.0,0.0,0.0,0.0,evidence_localization_failure,
hotpotqa_5a7b3f4d5542992d025e67bb,qwen3:14b,direct,Full Context,diagnostic_condition,full_context_condition,True,hotpotqa,multi_hop,entity,16000,front,medium,unknown,Pasek & Paul,Pasek and Paul,p0001;p0002;p0003;p0004,p0002;p0003,True,0.0,0.8,0.0,0.8,0.0,0.8,1.0,0.5,0.6666666666666666,1.0,evidence_integration_failure,
hotpotqa_5a7b3f4d5542992d025e67bb,qwen3:14b,retrieve_then_read,Retrieved Evidence,diagnostic_condition,evidence_narrowed_condition,True,hotpotqa,multi_hop,entity,16000,front,medium,unknown,Pasek & Paul,Pasek & Paul,p0001;p0002;p0003;p0004,p0002;p0004,True,1.0,1.0,1.0,1.0,1.0,1.0,1.0,0.5,0.6666666666666666,1.0,success,
hotpotqa_5a7b3f4d5542992d025e67bb,qwen3:14b,oracle,Oracle Evidence,diagnostic_baseline,oracle_evidence_upper_reference,True,hotpotqa,multi_hop,entity,16000,front,medium,unknown,Pasek & Paul,Pasek & Paul,p0001;p0002;p0003;p0004,p0002;p0004,True,1.0,1.0,1.0,1.0,1.0,1.0,1.0,0.5,0.6666666666666666,1.0,success,
hotpotqa_5ab8854555429934fafe6e0c,qwen3:14b,no_evidence,No Evidence,diagnostic_baseline,question_only_lower_bound,True,hotpotqa,multi_hop,string,4000,middle,medium,unknown,drawings,works of art,p0001;p0002;p0003;p0004,,True,0.0,0.0,0.0,0.0,0.0,0.0,0.0,0.0,0.0,0.0,evidence_localization_failure,
hotpotqa_5ab8854555429934fafe6e0c,qwen3:14b,direct,Full Context,diagnostic_condition,full_context_condition,True,hotpotqa,multi_hop,string,4000,middle,medium,unknown,drawings,drawings and old master prints,p0001;p0002;p0003;p0004,p0004,True,0.0,0.33333333333333337,0.0,0.33333333333333337,0.0,0.33333333333333337,1.0,0.25,0.4,1.0,evidence_integration_failure,
hotpotqa_5ab8854555429934fafe6e0c,qwen3:14b,retrieve_then_read,Retrieved Evidence,diagnostic_condition,evidence_narrowed_condition,True,hotpotqa,multi_hop,string,4000,middle,medium,unknown,drawings,drawings,p0001;p0002;p0003;p0004,p0003,True,1.0,1.0,1.0,1.0,1.0,1.0,1.0,0.25,0.4,1.0,success,
hotpotqa_5ab8854555429934fafe6e0c,qwen3:14b,oracle,Oracle Evidence,diagnostic_baseline,oracle_evidence_upper_reference,True,hotpotqa,multi_hop,string,4000,middle,medium,unknown,drawings,drawings,p0001;p0002;p0003;p0004,p0002;p0004,True,1.0,1.0,1.0,1.0,1.0,1.0,1.0,0.5,0.6666666666666666,1.0,success,
hotpotqa_5a88dcf9554299206df2b383,qwen3:14b,no_evidence,No Evidence,diagnostic_baseline,question_only_lower_bound,True,hotpotqa,multi_hop,entity,8000,end,low,unknown,Scotland,Scotland,p0001;p0002,,True,1.0,1.0,1.0,1.0,1.0,1.0,0.0,0.0,0.0,0.0,success,
hotpotqa_5a88dcf9554299206df2b383,qwen3:14b,direct,Full Context,diagnostic_condition,full_context_condition,True,hotpotqa,multi_hop,entity,8000,end,low,unknown,Scotland,Scotland,p0001;p0002,p0001;p0002,True,1.0,1.0,1.0,1.0,1.0,1.0,1.0,1.0,1.0,1.0,success,
hotpotqa_5a88dcf9554299206df2b383,qwen3:14b,retrieve_then_read,Retrieved Evidence,diagnostic_condition,evidence_narrowed_condition,True,hotpotqa,multi_hop,entity,8000,end,low,unknown,Scotland,Scotland,p0001;p0002,p0001,True,1.0,1.0,1.0,1.0,1.0,1.0,1.0,0.5,0.6666666666666666,1.0,success,
hotpotqa_5a88dcf9554299206df2b383,qwen3:14b,oracle,Oracle Evidence,diagnostic_baseline,oracle_evidence_upper_reference,True,hotpotqa,multi_hop,entity,8000,end,low,unknown,Scotland,Scotland,p0001;p0002,p0001;p0002,True,1.0,1.0,1.0,1.0,1.0,1.0,1.0,1.0,1.0,1.0,success,
hotpotqa_5a8ee6915542990e94052bad,qwen3:14b,no_evidence,No Evidence,diagnostic_baseline,question_only_lower_bound,True,hotpotqa,multi_hop,string,16000,scattered,medium,unknown,third,Summer,p0001;p0002;p0003;p0004,,True,0.0,0.0,0.0,0.0,0.0,0.0,0.0,0.0,0.0,0.0,evidence_localization_failure,
hotpotqa_5a8ee6915542990e94052bad,qwen3:14b,direct,Full Context,diagnostic_condition,full_context_condition,True,hotpotqa,multi_hop,string,16000,scattered,medium,unknown,third,Book Three: Change,p0001;p0002;p0003;p0004,p0002;p0009,True,0.0,0.0,0.0,0.0,0.0,0.0,0.5,0.25,0.3333333333333333,1.0,evidence_integration_failure,
hotpotqa_5a8ee6915542990e94052bad,qwen3:14b,retrieve_then_read,Retrieved Evidence,diagnostic_condition,evidence_narrowed_condition,True,hotpotqa,multi_hop,string,16000,scattered,medium,unknown,third,Third,p0001;p0002;p0003;p0004,p0002,True,1.0,1.0,1.0,1.0,1.0,1.0,1.0,0.25,0.4,1.0,success,
hotpotqa_5a8ee6915542990e94052bad,qwen3:14b,oracle,Oracle Evidence,diagnostic_baseline,oracle_evidence_upper_reference,True,hotpotqa,multi_hop,string,16000,scattered,medium,unknown,third,,p0001;p0002;p0003;p0004,,True,0.0,0.0,0.0,0.0,0.0,0.0,0.0,0.0,0.0,0.0,evidence_localization_failure,json_object_not_found
hotpotqa_5ab271fe554299449642c8a6,qwen3:14b,no_evidence,No Evidence,diagnostic_baseline,question_only_lower_bound,True,hotpotqa,comparison,yes_no,4000,front,low,unknown,no,yes,p0001;p0002,,True,0.0,0.0,0.0,0.0,0.0,0.0,0.0,0.0,0.0,0.0,evidence_localization_failure,
hotpotqa_5ab271fe554299449642c8a6,qwen3:14b,direct,Full Context,diagnostic_condition,full_context_condition,True,hotpotqa,comparison,yes_no,4000,front,low,unknown,no,yes,p0001;p0002,p0001;p0002,True,0.0,0.0,0.0,0.0,0.0,0.0,1.0,1.0,1.0,1.0,answer_conversion_failure,
hotpotqa_5ab271fe554299449642c8a6,qwen3:14b,retrieve_then_read,Retrieved Evidence,diagnostic_condition,evidence_narrowed_condition,True,hotpotqa,comparison,yes_no,4000,front,low,unknown,no,yes,p0001;p0002,p0002,True,0.0,0.0,0.0,0.0,0.0,0.0,1.0,0.5,0.6666666666666666,1.0,evidence_integration_failure,
hotpotqa_5ab271fe554299449642c8a6,qwen3:14b,oracle,Oracle Evidence,diagnostic_baseline,oracle_evidence_upper_reference,True,hotpotqa,comparison,yes_no,4000,front,low,unknown,no,yes,p0001;p0002,p0001;p0002,True,0.0,0.0,0.0,0.0,0.0,0.0,1.0,1.0,1.0,1.0,answer_conversion_failure,
hotpotqa_5ae819ac55429952e35eaa16,qwen3:14b,no_evidence,No Evidence,diagnostic_baseline,question_only_lower_bound,True,hotpotqa,multi_hop,entity,8000,middle,low,unknown,National Broadcasting Company,The WB,p0001;p0002,,True,0.0,0.0,0.0,0.0,0.0,0.0,0.0,0.0,0.0,0.0,evidence_localization_failure,
hotpotqa_5ae819ac55429952e35eaa16,qwen3:14b,direct,Full Context,diagnostic_condition,full_context_condition,True,hotpotqa,multi_hop,entity,8000,middle,low,unknown,National Broadcasting Company,NBC,p0001;p0002,p0001;p0002,True,0.0,0.0,0.0,0.0,0.0,0.0,1.0,1.0,1.0,1.0,answer_conversion_failure,
hotpotqa_5ae819ac55429952e35eaa16,qwen3:14b,retrieve_then_read,Retrieved Evidence,diagnostic_condition,evidence_narrowed_condition,True,hotpotqa,multi_hop,entity,8000,middle,low,unknown,National Broadcasting Company,NBC,p0001;p0002,p0001,True,0.0,0.0,0.0,0.0,0.0,0.0,1.0,0.5,0.6666666666666666,1.0,evidence_integration_failure,
hotpotqa_5ae819ac55429952e35eaa16,qwen3:14b,oracle,Oracle Evidence,diagnostic_baseline,oracle_evidence_upper_reference,True,hotpotqa,multi_hop,entity,8000,middle,low,unknown,National Broadcasting Company,NBC,p0001;p0002,p0001,True,0.0,0.0,0.0,0.0,0.0,0.0,1.0,0.5,0.6666666666666666,1.0,evidence_integration_failure,
hotpotqa_5a87bada5542994846c1cddc,qwen3:14b,no_evidence,No Evidence,diagnostic_baseline,question_only_lower_bound,True,hotpotqa,multi_hop,entity,16000,end,medium,unknown,Murray Hill,Princeton,p0001;p0002;p0003,,True,0.0,0.0,0.0,0.0,0.0,0.0,0.0,0.0,0.0,0.0,evidence_localization_failure,
hotpotqa_5a87bada5542994846c1cddc,qwen3:14b,direct,Full Context,diagnostic_condition,full_context_condition,True,hotpotqa,multi_hop,entity,16000,end,medium,unknown,Murray Hill,Murray Hill,p0001;p0002;p0003,p0002;p0003,True,1.0,1.0,1.0,1.0,1.0,1.0,1.0,0.6666666666666666,0.8,1.0,success,
hotpotqa_5a87bada5542994846c1cddc,qwen3:14b,retrieve_then_read,Retrieved Evidence,diagnostic_condition,evidence_narrowed_condition,True,hotpotqa,multi_hop,entity,16000,end,medium,unknown,Murray Hill,Mississauga,p0001;p0002;p0003,,True,0.0,0.0,0.0,0.0,0.0,0.0,0.0,0.0,0.0,0.0,evidence_localization_failure,
hotpotqa_5a87bada5542994846c1cddc,qwen3:14b,oracle,Oracle Evidence,diagnostic_baseline,oracle_evidence_upper_reference,True,hotpotqa,multi_hop,entity,16000,end,medium,unknown,Murray Hill,Murray Hill,p0001;p0002;p0003,p0001;p0003,True,1.0,1.0,1.0,1.0,1.0,1.0,1.0,0.6666666666666666,0.8,1.0,success,
hotpotqa_5adf65555542992d7e9f9334,qwen3:14b,no_evidence,No Evidence,diagnostic_baseline,question_only_lower_bound,True,hotpotqa,multi_hop,entity,4000,scattered,low,unknown,Wendell Berry,Harlan Coben,p0001;p0002,,True,0.0,0.0,0.0,0.0,0.0,0.0,0.0,0.0,0.0,0.0,evidence_localization_failure,
hotpotqa_5adf65555542992d7e9f9334,qwen3:14b,direct,Full Context,diagnostic_condition,full_context_condition,True,hotpotqa,multi_hop,entity,4000,scattered,low,unknown,Wendell Berry,Unknown,p0001;p0002,,True,0.0,0.0,0.0,0.0,0.0,0.0,0.0,0.0,0.0,0.0,evidence_localization_failure,
hotpotqa_5adf65555542992d7e9f9334,qwen3:14b,retrieve_then_read,Retrieved Evidence,diagnostic_condition,evidence_narrowed_condition,True,hotpotqa,multi_hop,entity,4000,scattered,low,unknown,Wendell Berry,Unknown,p0001;p0002,,True,0.0,0.0,0.0,0.0,0.0,0.0,0.0,0.0,0.0,0.0,evidence_localization_failure,
hotpotqa_5adf65555542992d7e9f9334,qwen3:14b,oracle,Oracle Evidence,diagnostic_baseline,oracle_evidence_upper_reference,True,hotpotqa,multi_hop,entity,4000,scattered,low,unknown,Wendell Berry,Wendell Berry,p0001;p0002,p0001;p0002,True,1.0,1.0,1.0,1.0,1.0,1.0,1.0,1.0,1.0,1.0,success,
hotpotqa_5ade69e455429975fa854ec5,qwen3:14b,no_evidence,No Evidence,diagnostic_baseline,question_only_lower_bound,True,hotpotqa,multi_hop,entity,8000,front,medium,unknown,Tinu Suresh Desai,Sanjay Gupta,p0001;p0002;p0003;p0004;p0005,,True,0.0,0.0,0.0,0.0,0.0,0.0,0.0,0.0,0.0,0.0,evidence_localization_failure,
hotpotqa_5ade69e455429975fa854ec5,qwen3:14b,direct,Full Context,diagnostic_condition,full_context_condition,True,hotpotqa,multi_hop,entity,8000,front,medium,unknown,Tinu Suresh Desai,Vikram Bhatt,p0001;p0002;p0003;p0004;p0005,p0011,True,0.0,0.0,0.0,0.0,0.0,0.0,0.0,0.0,0.0,0.0,evidence_selection_failure,
hotpotqa_5ade69e455429975fa854ec5,qwen3:14b,retrieve_then_read,Retrieved Evidence,diagnostic_condition,evidence_narrowed_condition,True,hotpotqa,multi_hop,entity,8000,front,medium,unknown,Tinu Suresh Desai,Bhushan Patel,p0001;p0002;p0003;p0004;p0005,p0004,True,0.0,0.0,0.0,0.0,0.0,0.0,1.0,0.2,0.33333333333333337,1.0,evidence_integration_failure,
hotpotqa_5ade69e455429975fa854ec5,qwen3:14b,oracle,Oracle Evidence,diagnostic_baseline,oracle_evidence_upper_reference,True,hotpotqa,multi_hop,entity,8000,front,medium,unknown,Tinu Suresh Desai,Bhushan Patel,p0001;p0002;p0003;p0004;p0005,p0002;p0004;p0005,True,0.0,0.0,0.0,0.0,0.0,0.0,1.0,0.6,0.7499999999999999,1.0,evidence_integration_failure,
hotpotqa_5a7ed2c655429930675135e5,qwen3:14b,no_evidence,No Evidence,diagnostic_baseline,question_only_lower_bound,True,hotpotqa,multi_hop,string,16000,middle,low,unknown,multiple awards,"Breaking Bad won the Best Drama Series, Brooklyn Nine-Nine won the Best Comedy Series, and American Hustle won the Best Motion Picture - Musical or Comedy",p0001;p0002,,True,0.0,0.0,0.0,0.0,0.0,0.0,0.0,0.0,0.0,0.0,evidence_localization_failure,
hotpotqa_5a7ed2c655429930675135e5,qwen3:14b,direct,Full Context,diagnostic_condition,full_context_condition,True,hotpotqa,multi_hop,string,16000,middle,low,unknown,multiple awards,"Breaking Bad, police sitcom Brooklyn Nine-Nine and American Hustle attained multiple awards.",p0001;p0002,p0001,True,0.0,0.2857142857142857,0.0,0.2666666666666667,0.0,0.2857142857142857,1.0,0.5,0.6666666666666666,1.0,evidence_integration_failure,
hotpotqa_5a7ed2c655429930675135e5,qwen3:14b,retrieve_then_read,Retrieved Evidence,diagnostic_condition,evidence_narrowed_condition,True,hotpotqa,multi_hop,string,16000,middle,low,unknown,multiple awards,nominated for three awards,p0001;p0002,p0001,True,0.0,0.3333333333333333,0.0,0.3333333333333333,0.0,0.3333333333333333,1.0,0.5,0.6666666666666666,1.0,evidence_integration_failure,
hotpotqa_5a7ed2c655429930675135e5,qwen3:14b,oracle,Oracle Evidence,diagnostic_baseline,oracle_evidence_upper_reference,True,hotpotqa,multi_hop,string,16000,middle,low,unknown,multiple awards,received multiple awards,p0001;p0002,p0001,True,0.0,0.8,0.0,0.8,0.0,0.8,1.0,0.5,0.6666666666666666,1.0,evidence_integration_failure,
hotpotqa_5a7a276d5542996c55b2dd27,qwen3:14b,no_evidence,No Evidence,diagnostic_baseline,question_only_lower_bound,True,hotpotqa,multi_hop,entity,4000,end,medium,unknown,Colonel Charles Hastings Judd,Chamberlain,p0001;p0002;p0003,,True,0.0,0.0,0.0,0.0,0.0,0.0,0.0,0.0,0.0,0.0,evidence_localization_failure,
hotpotqa_5a7a276d5542996c55b2dd27,qwen3:14b,direct,Full Context,diagnostic_condition,full_context_condition,True,hotpotqa,multi_hop,entity,4000,end,medium,unknown,Colonel Charles Hastings Judd,George Walter Hunter Macfarlane,p0001;p0002;p0003,p0005;p0002,True,0.0,0.0,0.0,0.0,0.0,0.0,0.5,0.3333333333333333,0.4,1.0,evidence_integration_failure,
hotpotqa_5a7a276d5542996c55b2dd27,qwen3:14b,retrieve_then_read,Retrieved Evidence,diagnostic_condition,evidence_narrowed_condition,True,hotpotqa,multi_hop,entity,4000,end,medium,unknown,Colonel Charles Hastings Judd,George Walter Hunter Macfarlane,p0001;p0002;p0003,p0001,True,0.0,0.0,0.0,0.0,0.0,0.0,1.0,0.3333333333333333,0.5,1.0,evidence_integration_failure,
hotpotqa_5a7a276d5542996c55b2dd27,qwen3:14b,oracle,Oracle Evidence,diagnostic_baseline,oracle_evidence_upper_reference,True,hotpotqa,multi_hop,entity,4000,end,medium,unknown,Colonel Charles Hastings Judd,Charles Hastings Judd,p0001;p0002;p0003,p0001;p0002,True,0.0,0.8571428571428571,0.0,0.8571428571428571,0.0,0.8571428571428571,1.0,0.6666666666666666,0.8,1.0,evidence_integration_failure,
hotpotqa_5ab7e4dc5542995dae37e9df,qwen3:14b,no_evidence,No Evidence,diagnostic_baseline,question_only_lower_bound,True,hotpotqa,multi_hop,entity,8000,scattered,low,unknown,Jackson Storm,Jackson,p0001;p0002,,True,0.0,0.6666666666666666,0.0,0.6666666666666666,0.0,0.6666666666666666,0.0,0.0,0.0,0.0,evidence_localization_failure,
hotpotqa_5ab7e4dc5542995dae37e9df,qwen3:14b,direct,Full Context,diagnostic_condition,full_context_condition,True,hotpotqa,multi_hop,entity,8000,scattered,low,unknown,Jackson Storm,Lightning McQueen,p0001;p0002,p0007,True,0.0,0.0,0.0,0.0,0.0,0.0,0.0,0.0,0.0,0.0,evidence_selection_failure,
hotpotqa_5ab7e4dc5542995dae37e9df,qwen3:14b,retrieve_then_read,Retrieved Evidence,diagnostic_condition,evidence_narrowed_condition,True,hotpotqa,multi_hop,entity,8000,scattered,low,unknown,Jackson Storm,Jackson Storm,p0001;p0002,p0002,True,1.0,1.0,1.0,1.0,1.0,1.0,1.0,0.5,0.6666666666666666,1.0,success,
hotpotqa_5ab7e4dc5542995dae37e9df,qwen3:14b,oracle,Oracle Evidence,diagnostic_baseline,oracle_evidence_upper_reference,True,hotpotqa,multi_hop,entity,8000,scattered,low,unknown,Jackson Storm,Jackson Storm,p0001;p0002,p0001;p0002,True,1.0,1.0,1.0,1.0,1.0,1.0,1.0,1.0,1.0,1.0,success,
hotpotqa_5a834ed95542990548d0b1ca,qwen3:14b,no_evidence,No Evidence,diagnostic_baseline,question_only_lower_bound,True,hotpotqa,comparison,entity,16000,front,low,unknown,712 5th Avenue,712 Fifth Avenue,p0001;p0002,,True,0.0,0.6666666666666666,0.0,0.6666666666666666,0.0,0.6666666666666666,0.0,0.0,0.0,0.0,evidence_localization_failure,
hotpotqa_5a834ed95542990548d0b1ca,qwen3:14b,direct,Full Context,diagnostic_condition,full_context_condition,True,hotpotqa,comparison,entity,16000,front,low,unknown,712 5th Avenue,712 Fifth Avenue,p0001;p0002,p0001;p0002,True,0.0,0.6666666666666666,0.0,0.6666666666666666,0.0,0.6666666666666666,1.0,1.0,1.0,1.0,answer_conversion_failure,
hotpotqa_5a834ed95542990548d0b1ca,qwen3:14b,retrieve_then_read,Retrieved Evidence,diagnostic_condition,evidence_narrowed_condition,True,hotpotqa,comparison,entity,16000,front,low,unknown,712 5th Avenue,712 Fifth Avenue,p0001;p0002,,True,0.0,0.6666666666666666,0.0,0.6666666666666666,0.0,0.6666666666666666,0.0,0.0,0.0,0.0,evidence_localization_failure,
hotpotqa_5a834ed95542990548d0b1ca,qwen3:14b,oracle,Oracle Evidence,diagnostic_baseline,oracle_evidence_upper_reference,True,hotpotqa,comparison,entity,16000,front,low,unknown,712 5th Avenue,712 Fifth Avenue,p0001;p0002,p0001,True,0.0,0.6666666666666666,0.0,0.6666666666666666,0.0,0.6666666666666666,1.0,0.5,0.6666666666666666,1.0,evidence_integration_failure,
hotpotqa_5abaf3195542996cc5e49f2c,qwen3:14b,no_evidence,No Evidence,diagnostic_baseline,question_only_lower_bound,True,hotpotqa,multi_hop,entity,4000,middle,low,unknown,Samoa,India,p0001;p0002,,True,0.0,0.0,0.0,0.0,0.0,0.0,0.0,0.0,0.0,0.0,evidence_localization_failure,
hotpotqa_5abaf3195542996cc5e49f2c,qwen3:14b,direct,Full Context,diagnostic_condition,full_context_condition,True,hotpotqa,multi_hop,entity,4000,middle,low,unknown,Samoa,Samoa,p0001;p0002,p0001;p0002,True,1.0,1.0,1.0,1.0,1.0,1.0,1.0,1.0,1.0,1.0,success,
hotpotqa_5abaf3195542996cc5e49f2c,qwen3:14b,retrieve_then_read,Retrieved Evidence,diagnostic_condition,evidence_narrowed_condition,True,hotpotqa,multi_hop,entity,4000,middle,low,unknown,Samoa,India,p0001;p0002,,True,0.0,0.0,0.0,0.0,0.0,0.0,0.0,0.0,0.0,0.0,evidence_localization_failure,
hotpotqa_5abaf3195542996cc5e49f2c,qwen3:14b,oracle,Oracle Evidence,diagnostic_baseline,oracle_evidence_upper_reference,True,hotpotqa,multi_hop,entity,4000,middle,low,unknown,Samoa,Samoa,p0001;p0002,p0001;p0002,True,1.0,1.0,1.0,1.0,1.0,1.0,1.0,1.0,1.0,1.0,success,
hotpotqa_5a87ab9b5542996e4f3088c2,qwen3:14b,no_evidence,No Evidence,diagnostic_baseline,question_only_lower_bound,True,hotpotqa,multi_hop,string,8000,end,low,unknown,nineteenth,19th,p0001;p0002,,True,0.0,0.0,0.0,0.0,0.0,0.0,0.0,0.0,0.0,0.0,evidence_localization_failure,
hotpotqa_5a87ab9b5542996e4f3088c2,qwen3:14b,direct,Full Context,diagnostic_condition,full_context_condition,True,hotpotqa,multi_hop,string,8000,end,low,unknown,nineteenth,19th,p0001;p0002,p0002,True,0.0,0.0,0.0,0.0,0.0,0.0,1.0,0.5,0.6666666666666666,1.0,evidence_integration_failure,
hotpotqa_5a87ab9b5542996e4f3088c2,qwen3:14b,retrieve_then_read,Retrieved Evidence,diagnostic_condition,evidence_narrowed_condition,True,hotpotqa,multi_hop,string,8000,end,low,unknown,nineteenth,nineteenth,p0001;p0002,p0002,True,1.0,1.0,1.0,1.0,1.0,1.0,1.0,0.5,0.6666666666666666,1.0,success,
hotpotqa_5a87ab9b5542996e4f3088c2,qwen3:14b,oracle,Oracle Evidence,diagnostic_baseline,oracle_evidence_upper_reference,True,hotpotqa,multi_hop,string,8000,end,low,unknown,nineteenth,nineteenth,p0001;p0002,p0002,True,1.0,1.0,1.0,1.0,1.0,1.0,1.0,0.5,0.6666666666666666,1.0,success,
hotpotqa_5a738fe855429908901be2fb,qwen3:14b,no_evidence,No Evidence,diagnostic_baseline,question_only_lower_bound,True,hotpotqa,multi_hop,entity,16000,scattered,low,unknown,Awake,,p0001;p0002,,True,0.0,0.0,0.0,0.0,0.0,0.0,0.0,0.0,0.0,0.0,evidence_localization_failure,
hotpotqa_5a738fe855429908901be2fb,qwen3:14b,direct,Full Context,diagnostic_condition,full_context_condition,True,hotpotqa,multi_hop,entity,16000,scattered,low,unknown,Awake,Blog Wars,p0001;p0002,p0012,True,0.0,0.0,0.0,0.0,0.0,0.0,0.0,0.0,0.0,0.0,evidence_selection_failure,
hotpotqa_5a738fe855429908901be2fb,qwen3:14b,retrieve_then_read,Retrieved Evidence,diagnostic_condition,evidence_narrowed_condition,True,hotpotqa,multi_hop,entity,16000,scattered,low,unknown,Awake,Blog Wars,p0001;p0002,,True,0.0,0.0,0.0,0.0,0.0,0.0,0.0,0.0,0.0,0.0,evidence_localization_failure,
hotpotqa_5a738fe855429908901be2fb,qwen3:14b,oracle,Oracle Evidence,diagnostic_baseline,oracle_evidence_upper_reference,True,hotpotqa,multi_hop,entity,16000,scattered,low,unknown,Awake,Awake,p0001;p0002,p0001;p0002,True,1.0,1.0,1.0,1.0,1.0,1.0,1.0,1.0,1.0,1.0,success,
hotpotqa_5adf3e355542993a75d26440,qwen3:14b,no_evidence,No Evidence,diagnostic_baseline,question_only_lower_bound,True,hotpotqa,multi_hop,string,4000,front,medium,unknown,8 km,16.25,p0001;p0002;p0003,,True,0.0,0.0,0.0,0.0,0.0,0.0,0.0,0.0,0.0,0.0,evidence_localization_failure,
hotpotqa_5adf3e355542993a75d26440,qwen3:14b,direct,Full Context,diagnostic_condition,full_context_condition,True,hotpotqa,multi_hop,string,4000,front,medium,unknown,8 km,8,p0001;p0002;p0003,p0002,True,0.0,0.6666666666666666,0.0,0.6666666666666666,0.0,0.6666666666666666,1.0,0.3333333333333333,0.5,1.0,evidence_integration_failure,
hotpotqa_5adf3e355542993a75d26440,qwen3:14b,retrieve_then_read,Retrieved Evidence,diagnostic_condition,evidence_narrowed_condition,True,hotpotqa,multi_hop,string,4000,front,medium,unknown,8 km,28,p0001;p0002;p0003,p0001,True,0.0,0.0,0.0,0.0,0.0,0.0,1.0,0.3333333333333333,0.5,1.0,evidence_integration_failure,
hotpotqa_5adf3e355542993a75d26440,qwen3:14b,oracle,Oracle Evidence,diagnostic_baseline,oracle_evidence_upper_reference,True,hotpotqa,multi_hop,string,4000,front,medium,unknown,8 km,8 km,p0001;p0002;p0003,p0003,True,1.0,1.0,1.0,1.0,1.0,1.0,1.0,0.3333333333333333,0.5,1.0,success,
hotpotqa_5ae82ae555429952e35eaa71,qwen3:14b,no_evidence,No Evidence,diagnostic_baseline,question_only_lower_bound,True,hotpotqa,multi_hop,entity,8000,middle,medium,unknown,Rawhide,The Lone Ranger,p0001;p0002;p0003;p0004,,True,0.0,0.0,0.0,0.0,0.0,0.0,0.0,0.0,0.0,0.0,evidence_localization_failure,
hotpotqa_5ae82ae555429952e35eaa71,qwen3:14b,direct,Full Context,diagnostic_condition,full_context_condition,True,hotpotqa,multi_hop,entity,8000,middle,medium,unknown,Rawhide,Rawhide,p0001;p0002;p0003;p0004,p0002;p0004,True,1.0,1.0,1.0,1.0,1.0,1.0,1.0,0.5,0.6666666666666666,1.0,success,
hotpotqa_5ae82ae555429952e35eaa71,qwen3:14b,retrieve_then_read,Retrieved Evidence,diagnostic_condition,evidence_narrowed_condition,True,hotpotqa,multi_hop,entity,8000,middle,medium,unknown,Rawhide,Un Paso Adelante,p0001;p0002;p0003;p0004,p0001,True,0.0,0.0,0.0,0.0,0.0,0.0,1.0,0.25,0.4,1.0,evidence_integration_failure,
hotpotqa_5ae82ae555429952e35eaa71,qwen3:14b,oracle,Oracle Evidence,diagnostic_baseline,oracle_evidence_upper_reference,True,hotpotqa,multi_hop,entity,8000,middle,medium,unknown,Rawhide,Rawhide,p0001;p0002;p0003;p0004,p0002;p0004,True,1.0,1.0,1.0,1.0,1.0,1.0,1.0,0.5,0.6666666666666666,1.0,success,
hotpotqa_5ab8688b55429934fafe6daa,qwen3:14b,no_evidence,No Evidence,diagnostic_baseline,question_only_lower_bound,True,hotpotqa,multi_hop,entity,16000,end,medium,unknown,Starlite,The material is not specified in the question.,p0001;p0002;p0003,,True,0.0,0.0,0.0,0.0,0.0,0.0,0.0,0.0,0.0,0.0,evidence_localization_failure,
hotpotqa_5ab8688b55429934fafe6daa,qwen3:14b,direct,Full Context,diagnostic_condition,full_context_condition,True,hotpotqa,multi_hop,entity,16000,end,medium,unknown,Starlite,Starlite,p0001;p0002;p0003,p0001;p0002;p0003,True,1.0,1.0,1.0,1.0,1.0,1.0,1.0,1.0,1.0,1.0,success,
hotpotqa_5ab8688b55429934fafe6daa,qwen3:14b,retrieve_then_read,Retrieved Evidence,diagnostic_condition,evidence_narrowed_condition,True,hotpotqa,multi_hop,entity,16000,end,medium,unknown,Starlite,Starlite,p0001;p0002;p0003,p0002;p0003,True,1.0,1.0,1.0,1.0,1.0,1.0,1.0,0.6666666666666666,0.8,1.0,success,
hotpotqa_5ab8688b55429934fafe6daa,qwen3:14b,oracle,Oracle Evidence,diagnostic_baseline,oracle_evidence_upper_reference,True,hotpotqa,multi_hop,entity,16000,end,medium,unknown,Starlite,Starlite,p0001;p0002;p0003,p0001;p0002;p0003,True,1.0,1.0,1.0,1.0,1.0,1.0,1.0,1.0,1.0,1.0,success,
hotpotqa_5ab9b29c554299743d22ebae,qwen3:14b,no_evidence,No Evidence,diagnostic_baseline,question_only_lower_bound,True,hotpotqa,comparison,entity,4000,scattered,low,unknown,Craig v. Boren,Craig v. Boren,p0001;p0002,,True,1.0,1.0,1.0,1.0,1.0,1.0,0.0,0.0,0.0,0.0,success,
hotpotqa_5ab9b29c554299743d22ebae,qwen3:14b,direct,Full Context,diagnostic_condition,full_context_condition,True,hotpotqa,comparison,entity,4000,scattered,low,unknown,Craig v. Boren,"United States v. Paramount Pictures, Inc.",p0001;p0002,p0001;p0002,True,0.0,0.2222222222222222,0.0,0.2222222222222222,0.0,0.2222222222222222,1.0,1.0,1.0,1.0,answer_conversion_failure,
hotpotqa_5ab9b29c554299743d22ebae,qwen3:14b,retrieve_then_read,Retrieved Evidence,diagnostic_condition,evidence_narrowed_condition,True,hotpotqa,comparison,entity,4000,scattered,low,unknown,Craig v. Boren,Craig v. Boren,p0001;p0002,p0001,True,1.0,1.0,1.0,1.0,1.0,1.0,1.0,0.5,0.6666666666666666,1.0,success,
hotpotqa_5ab9b29c554299743d22ebae,qwen3:14b,oracle,Oracle Evidence,diagnostic_baseline,oracle_evidence_upper_reference,True,hotpotqa,comparison,entity,4000,scattered,low,unknown,Craig v. Boren,"United States v. Paramount Pictures, Inc.",p0001;p0002,p0002,True,0.0,0.2222222222222222,0.0,0.2222222222222222,0.0,0.2222222222222222,1.0,0.5,0.6666666666666666,1.0,evidence_integration_failure,
hotpotqa_5ade51b45542997c77adedf4,qwen3:14b,no_evidence,No Evidence,diagnostic_baseline,question_only_lower_bound,True,hotpotqa,multi_hop,entity,8000,front,medium,unknown,Arrowhead Stadium,Sears Field,p0001;p0002;p0003,,True,0.0,0.0,0.0,0.0,0.0,0.0,0.0,0.0,0.0,0.0,evidence_localization_failure,
hotpotqa_5ade51b45542997c77adedf4,qwen3:14b,direct,Full Context,diagnostic_condition,full_context_condition,True,hotpotqa,multi_hop,entity,8000,front,medium,unknown,Arrowhead Stadium,Arrowhead Stadium,p0001;p0002;p0003,p0002,True,1.0,1.0,1.0,1.0,1.0,1.0,1.0,0.3333333333333333,0.5,1.0,success,
hotpotqa_5ade51b45542997c77adedf4,qwen3:14b,retrieve_then_read,Retrieved Evidence,diagnostic_condition,evidence_narrowed_condition,True,hotpotqa,multi_hop,entity,8000,front,medium,unknown,Arrowhead Stadium,Arrowhead Stadium,p0001;p0002;p0003,,True,1.0,1.0,1.0,1.0,1.0,1.0,0.0,0.0,0.0,0.0,success,
hotpotqa_5ade51b45542997c77adedf4,qwen3:14b,oracle,Oracle Evidence,diagnostic_baseline,oracle_evidence_upper_reference,True,hotpotqa,multi_hop,entity,8000,front,medium,unknown,Arrowhead Stadium,Arrowhead Stadium,p0001;p0002;p0003,p0002,True,1.0,1.0,1.0,1.0,1.0,1.0,1.0,0.3333333333333333,0.5,1.0,success,
hotpotqa_5a7d3470554299452d57bb56,qwen3:14b,no_evidence,No Evidence,diagnostic_baseline,question_only_lower_bound,True,hotpotqa,multi_hop,entity,16000,middle,medium,unknown,Compliance,The Town,p0001;p0002;p0003;p0004,,True,0.0,0.0,0.0,0.0,0.0,0.0,0.0,0.0,0.0,0.0,evidence_localization_failure,
hotpotqa_5a7d3470554299452d57bb56,qwen3:14b,direct,Full Context,diagnostic_condition,full_context_condition,True,hotpotqa,multi_hop,entity,16000,middle,medium,unknown,Compliance,Compliance,p0001;p0002;p0003;p0004,p0001;p0002;p0003,True,1.0,1.0,1.0,1.0,1.0,1.0,1.0,0.75,0.8571428571428571,1.0,success,
hotpotqa_5a7d3470554299452d57bb56,qwen3:14b,retrieve_then_read,Retrieved Evidence,diagnostic_condition,evidence_narrowed_condition,True,hotpotqa,multi_hop,entity,16000,middle,medium,unknown,Compliance,Compliance,p0001;p0002;p0003;p0004,p0002;p0003;p0004,True,1.0,1.0,1.0,1.0,1.0,1.0,1.0,0.75,0.8571428571428571,1.0,success,
hotpotqa_5a7d3470554299452d57bb56,qwen3:14b,oracle,Oracle Evidence,diagnostic_baseline,oracle_evidence_upper_reference,True,hotpotqa,multi_hop,entity,16000,middle,medium,unknown,Compliance,Compliance,p0001;p0002;p0003;p0004,p0001;p0002;p0003,True,1.0,1.0,1.0,1.0,1.0,1.0,1.0,0.75,0.8571428571428571,1.0,success,
hotpotqa_5ab1d7ac554299449642c7e6,qwen3:14b,no_evidence,No Evidence,diagnostic_baseline,question_only_lower_bound,True,hotpotqa,comparison,entity,4000,end,medium,unknown,Ehretia,Ehretia,p0001;p0002;p0003,,True,1.0,1.0,1.0,1.0,1.0,1.0,0.0,0.0,0.0,0.0,success,
hotpotqa_5ab1d7ac554299449642c7e6,qwen3:14b,direct,Full Context,diagnostic_condition,full_context_condition,True,hotpotqa,comparison,entity,4000,end,medium,unknown,Ehretia,Ehretia,p0001;p0002;p0003,p0001;p0002,True,1.0,1.0,1.0,1.0,1.0,1.0,1.0,0.6666666666666666,0.8,1.0,success,
hotpotqa_5ab1d7ac554299449642c7e6,qwen3:14b,retrieve_then_read,Retrieved Evidence,diagnostic_condition,evidence_narrowed_condition,True,hotpotqa,comparison,entity,4000,end,medium,unknown,Ehretia,Ehretia,p0001;p0002;p0003,p0001;p0002,True,1.0,1.0,1.0,1.0,1.0,1.0,1.0,0.6666666666666666,0.8,1.0,success,
hotpotqa_5ab1d7ac554299449642c7e6,qwen3:14b,oracle,Oracle Evidence,diagnostic_baseline,oracle_evidence_upper_reference,True,hotpotqa,comparison,entity,4000,end,medium,unknown,Ehretia,Ehretia,p0001;p0002;p0003,p0001;p0002;p0003,True,1.0,1.0,1.0,1.0,1.0,1.0,1.0,1.0,1.0,1.0,success,
hotpotqa_5a73a7c755429978a71e9068,qwen3:14b,no_evidence,No Evidence,diagnostic_baseline,question_only_lower_bound,True,hotpotqa,multi_hop,entity,8000,scattered,low,unknown,Donna Paige Helmintoller,Angela Lansbury,p0001;p0002,,True,0.0,0.0,0.0,0.0,0.0,0.0,0.0,0.0,0.0,0.0,evidence_localization_failure,
hotpotqa_5a73a7c755429978a71e9068,qwen3:14b,direct,Full Context,diagnostic_condition,full_context_condition,True,hotpotqa,multi_hop,entity,8000,scattered,low,unknown,Donna Paige Helmintoller,Paige O'Hara,p0001;p0002,p0001;p0002,True,0.0,0.4,0.0,0.3333333333333333,0.0,0.4,1.0,1.0,1.0,1.0,answer_conversion_failure,
hotpotqa_5a73a7c755429978a71e9068,qwen3:14b,retrieve_then_read,Retrieved Evidence,diagnostic_condition,evidence_narrowed_condition,True,hotpotqa,multi_hop,entity,8000,scattered,low,unknown,Donna Paige Helmintoller,Angela Lansbury,p0001;p0002,,True,0.0,0.0,0.0,0.0,0.0,0.0,0.0,0.0,0.0,0.0,evidence_localization_failure,
hotpotqa_5a73a7c755429978a71e9068,qwen3:14b,oracle,Oracle Evidence,diagnostic_baseline,oracle_evidence_upper_reference,True,hotpotqa,multi_hop,entity,8000,scattered,low,unknown,Donna Paige Helmintoller,Paige O'Hara,p0001;p0002,p0001;p0002,True,0.0,0.4,0.0,0.3333333333333333,0.0,0.4,1.0,1.0,1.0,1.0,answer_conversion_failure,
hotpotqa_5ae4d3c95542990ba0bbb165,qwen3:14b,no_evidence,No Evidence,diagnostic_baseline,question_only_lower_bound,True,hotpotqa,comparison,entity,16000,front,low,unknown,"Istanbul, Turkey",Istanbul,p0001;p0002,,True,0.0,0.6666666666666666,0.0,0.6666666666666666,0.0,0.6666666666666666,0.0,0.0,0.0,0.0,evidence_localization_failure,
hotpotqa_5ae4d3c95542990ba0bbb165,qwen3:14b,direct,Full Context,diagnostic_condition,full_context_condition,True,hotpotqa,comparison,entity,16000,front,low,unknown,"Istanbul, Turkey",Istanbul,p0001;p0002,p0001,True,0.0,0.6666666666666666,0.0,0.6666666666666666,0.0,0.6666666666666666,1.0,0.5,0.6666666666666666,1.0,evidence_integration_failure,
hotpotqa_5ae4d3c95542990ba0bbb165,qwen3:14b,retrieve_then_read,Retrieved Evidence,diagnostic_condition,evidence_narrowed_condition,True,hotpotqa,comparison,entity,16000,front,low,unknown,"Istanbul, Turkey",Istanbul,p0001;p0002,p0001,True,0.0,0.6666666666666666,0.0,0.6666666666666666,0.0,0.6666666666666666,1.0,0.5,0.6666666666666666,1.0,evidence_integration_failure,
hotpotqa_5ae4d3c95542990ba0bbb165,qwen3:14b,oracle,Oracle Evidence,diagnostic_baseline,oracle_evidence_upper_reference,True,hotpotqa,comparison,entity,16000,front,low,unknown,"Istanbul, Turkey",Istanbul,p0001;p0002,p0001,True,0.0,0.6666666666666666,0.0,0.6666666666666666,0.0,0.6666666666666666,1.0,0.5,0.6666666666666666,1.0,evidence_integration_failure,
hotpotqa_5ab7f97a5542991d322237ef,qwen3:14b,no_evidence,No Evidence,diagnostic_baseline,question_only_lower_bound,True,hotpotqa,multi_hop,string,4000,middle,low,unknown,super-regional shopping mall,A shopping mall,p0001;p0002,,True,0.0,0.8,0.0,0.6666666666666666,0.0,0.8,0.0,0.0,0.0,0.0,evidence_localization_failure,
hotpotqa_5ab7f97a5542991d322237ef,qwen3:14b,direct,Full Context,diagnostic_condition,full_context_condition,True,hotpotqa,multi_hop,string,4000,middle,low,unknown,super-regional shopping mall,A super-regional shopping mall,p0001;p0002,p0002,True,1.0,1.0,1.0,1.0,1.0,1.0,1.0,0.5,0.6666666666666666,1.0,success,
hotpotqa_5ab7f97a5542991d322237ef,qwen3:14b,retrieve_then_read,Retrieved Evidence,diagnostic_condition,evidence_narrowed_condition,True,hotpotqa,multi_hop,string,4000,middle,low,unknown,super-regional shopping mall,a super-regional shopping mall,p0001;p0002,p0007,True,1.0,1.0,1.0,1.0,1.0,1.0,0.0,0.0,0.0,0.0,success,
hotpotqa_5ab7f97a5542991d322237ef,qwen3:14b,oracle,Oracle Evidence,diagnostic_baseline,oracle_evidence_upper_reference,True,hotpotqa,multi_hop,string,4000,middle,low,unknown,super-regional shopping mall,a super-regional shopping mall,p0001;p0002,p0002,True,1.0,1.0,1.0,1.0,1.0,1.0,1.0,0.5,0.6666666666666666,1.0,success,
hotpotqa_5ae4563e5542996836b02c7f,qwen3:14b,no_evidence,No Evidence,diagnostic_baseline,question_only_lower_bound,True,hotpotqa,multi_hop,string,8000,end,low,unknown,over 600 stores,"1,200",p0001;p0002,,True,0.0,0.0,0.0,0.0,0.0,0.0,0.0,0.0,0.0,0.0,evidence_localization_failure,
hotpotqa_5ae4563e5542996836b02c7f,qwen3:14b,direct,Full Context,diagnostic_condition,full_context_condition,True,hotpotqa,multi_hop,string,8000,end,low,unknown,over 600 stores,over 600,p0001;p0002,p0001;p0002,True,0.0,0.8,0.0,0.8,0.0,0.8,1.0,1.0,1.0,1.0,answer_conversion_failure,
hotpotqa_5ae4563e5542996836b02c7f,qwen3:14b,retrieve_then_read,Retrieved Evidence,diagnostic_condition,evidence_narrowed_condition,True,hotpotqa,multi_hop,string,8000,end,low,unknown,over 600 stores,over 600,p0001;p0002,p0002,True,0.0,0.8,0.0,0.8,0.0,0.8,1.0,0.5,0.6666666666666666,1.0,evidence_integration_failure,
hotpotqa_5ae4563e5542996836b02c7f,qwen3:14b,oracle,Oracle Evidence,diagnostic_baseline,oracle_evidence_upper_reference,True,hotpotqa,multi_hop,string,8000,end,low,unknown,over 600 stores,over 600,p0001;p0002,p0001;p0002,True,0.0,0.8,0.0,0.8,0.0,0.8,1.0,1.0,1.0,1.0,answer_conversion_failure,
hotpotqa_5ab6ff3a5542991d3222372a,qwen3:14b,no_evidence,No Evidence,diagnostic_baseline,question_only_lower_bound,True,hotpotqa,multi_hop,entity,16000,scattered,medium,unknown,Berea College,Wellesley College,p0001;p0002;p0003,,True,0.0,0.5,0.0,0.5,0.0,0.5,0.0,0.0,0.0,0.0,evidence_localization_failure,
hotpotqa_5ab6ff3a5542991d3222372a,qwen3:14b,direct,Full Context,diagnostic_condition,full_context_condition,True,hotpotqa,multi_hop,entity,16000,scattered,medium,unknown,Berea College,Berea College,p0001;p0002;p0003,p0001;p0002,True,1.0,1.0,1.0,1.0,1.0,1.0,1.0,0.6666666666666666,0.8,1.0,success,
hotpotqa_5ab6ff3a5542991d3222372a,qwen3:14b,retrieve_then_read,Retrieved Evidence,diagnostic_condition,evidence_narrowed_condition,True,hotpotqa,multi_hop,entity,16000,scattered,medium,unknown,Berea College,Alice Lloyd College,p0001;p0002;p0003,p0001,True,0.0,0.4,0.0,0.4,0.0,0.4,1.0,0.3333333333333333,0.5,1.0,evidence_integration_failure,
hotpotqa_5ab6ff3a5542991d3222372a,qwen3:14b,oracle,Oracle Evidence,diagnostic_baseline,oracle_evidence_upper_reference,True,hotpotqa,multi_hop,entity,16000,scattered,medium,unknown,Berea College,Berea College,p0001;p0002;p0003,p0001;p0003,True,1.0,1.0,1.0,1.0,1.0,1.0,1.0,0.6666666666666666,0.8,1.0,success,
hotpotqa_5ac1795f5542994ab5c67d5f,qwen3:14b,no_evidence,No Evidence,diagnostic_baseline,question_only_lower_bound,True,hotpotqa,multi_hop,entity,4000,front,low,unknown,James Burke,David Frost,p0001;p0002,,True,0.0,0.0,0.0,0.0,0.0,0.0,0.0,0.0,0.0,0.0,evidence_localization_failure,
hotpotqa_5ac1795f5542994ab5c67d5f,qwen3:14b,direct,Full Context,diagnostic_condition,full_context_condition,True,hotpotqa,multi_hop,entity,4000,front,low,unknown,James Burke,James Burke,p0001;p0002,p0001,True,1.0,1.0,1.0,1.0,1.0,1.0,1.0,0.5,0.6666666666666666,1.0,success,
hotpotqa_5ac1795f5542994ab5c67d5f,qwen3:14b,retrieve_then_read,Retrieved Evidence,diagnostic_condition,evidence_narrowed_condition,True,hotpotqa,multi_hop,entity,4000,front,low,unknown,James Burke,James Burke,p0001;p0002,p0001;p0002,True,1.0,1.0,1.0,1.0,1.0,1.0,1.0,1.0,1.0,1.0,success,
hotpotqa_5ac1795f5542994ab5c67d5f,qwen3:14b,oracle,Oracle Evidence,diagnostic_baseline,oracle_evidence_upper_reference,True,hotpotqa,multi_hop,entity,4000,front,low,unknown,James Burke,James Burke,p0001;p0002,p0001;p0002,True,1.0,1.0,1.0,1.0,1.0,1.0,1.0,1.0,1.0,1.0,success,
hotpotqa_5ae6f2a7554299572ea5464a,qwen3:14b,no_evidence,No Evidence,diagnostic_baseline,question_only_lower_bound,True,hotpotqa,multi_hop,entity,8000,middle,medium,unknown,Tybalt,Romeo,p0001;p0002;p0003;p0004,,True,0.0,0.0,0.0,0.0,0.0,0.0,0.0,0.0,0.0,0.0,evidence_localization_failure,
hotpotqa_5ae6f2a7554299572ea5464a,qwen3:14b,direct,Full Context,diagnostic_condition,full_context_condition,True,hotpotqa,multi_hop,entity,8000,middle,medium,unknown,Tybalt,Romeo Montague,p0001;p0002;p0003;p0004,p0002;p0003;p0001,True,0.0,0.0,0.0,0.0,0.0,0.0,1.0,0.75,0.8571428571428571,1.0,evidence_integration_failure,
hotpotqa_5ae6f2a7554299572ea5464a,qwen3:14b,retrieve_then_read,Retrieved Evidence,diagnostic_condition,evidence_narrowed_condition,True,hotpotqa,multi_hop,entity,8000,middle,medium,unknown,Tybalt,Juliet Capulet,p0001;p0002;p0003;p0004,,True,0.0,0.0,0.0,0.0,0.0,0.0,0.0,0.0,0.0,0.0,evidence_localization_failure,
hotpotqa_5ae6f2a7554299572ea5464a,qwen3:14b,oracle,Oracle Evidence,diagnostic_baseline,oracle_evidence_upper_reference,True,hotpotqa,multi_hop,entity,8000,middle,medium,unknown,Tybalt,Romeo,p0001;p0002;p0003;p0004,p0001;p0002;p0003,True,0.0,0.0,0.0,0.0,0.0,0.0,1.0,0.75,0.8571428571428571,1.0,evidence_integration_failure,
hotpotqa_5ae3ff575542995dadf242aa,qwen3:14b,no_evidence,No Evidence,diagnostic_baseline,question_only_lower_bound,True,hotpotqa,multi_hop,number,16000,end,low,unknown,"3,384,569",unknown,p0001;p0002,,True,0.0,0.0,0.0,0.0,0.0,0.0,0.0,0.0,0.0,0.0,evidence_localization_failure,
hotpotqa_5ae3ff575542995dadf242aa,qwen3:14b,direct,Full Context,diagnostic_condition,full_context_condition,True,hotpotqa,multi_hop,number,16000,end,low,unknown,"3,384,569","3,384,569",p0001;p0002,p0002,True,1.0,1.0,1.0,1.0,1.0,1.0,1.0,0.5,0.6666666666666666,1.0,success,
hotpotqa_5ae3ff575542995dadf242aa,qwen3:14b,retrieve_then_read,Retrieved Evidence,diagnostic_condition,evidence_narrowed_condition,True,hotpotqa,multi_hop,number,16000,end,low,unknown,"3,384,569",unknown,p0001;p0002,,True,0.0,0.0,0.0,0.0,0.0,0.0,0.0,0.0,0.0,0.0,evidence_localization_failure,
hotpotqa_5ae3ff575542995dadf242aa,qwen3:14b,oracle,Oracle Evidence,diagnostic_baseline,oracle_evidence_upper_reference,True,hotpotqa,multi_hop,number,16000,end,low,unknown,"3,384,569","3,384,569",p0001;p0002,p0001;p0002,True,1.0,1.0,1.0,1.0,1.0,1.0,1.0,1.0,1.0,1.0,success,
hotpotqa_5a89fb525542993b751ca9d6,qwen3:14b,no_evidence,No Evidence,diagnostic_baseline,question_only_lower_bound,True,hotpotqa,multi_hop,entity,4000,scattered,medium,unknown,Anna Clyne,unknown,p0001;p0002;p0003,,True,0.0,0.0,0.0,0.0,0.0,0.0,0.0,0.0,0.0,0.0,evidence_localization_failure,
hotpotqa_5a89fb525542993b751ca9d6,qwen3:14b,direct,Full Context,diagnostic_condition,full_context_condition,True,hotpotqa,multi_hop,entity,4000,scattered,medium,unknown,Anna Clyne,Anna Clyne,p0001;p0002;p0003,p0001,True,1.0,1.0,1.0,1.0,1.0,1.0,1.0,0.3333333333333333,0.5,1.0,success,
hotpotqa_5a89fb525542993b751ca9d6,qwen3:14b,retrieve_then_read,Retrieved Evidence,diagnostic_condition,evidence_narrowed_condition,True,hotpotqa,multi_hop,entity,4000,scattered,medium,unknown,Anna Clyne,Anna Clyne,p0001;p0002;p0003,p0001,True,1.0,1.0,1.0,1.0,1.0,1.0,1.0,0.3333333333333333,0.5,1.0,success,
hotpotqa_5a89fb525542993b751ca9d6,qwen3:14b,oracle,Oracle Evidence,diagnostic_baseline,oracle_evidence_upper_reference,True,hotpotqa,multi_hop,entity,4000,scattered,medium,unknown,Anna Clyne,Anna Clyne,p0001;p0002;p0003,p0001;p0002,True,1.0,1.0,1.0,1.0,1.0,1.0,1.0,0.6666666666666666,0.8,1.0,success,
hotpotqa_5adf9dc3554299025d62a2e6,qwen3:14b,no_evidence,No Evidence,diagnostic_baseline,question_only_lower_bound,True,hotpotqa,multi_hop,entity,8000,front,medium,unknown,Laura Ann Osnes,Sara Gettelfinger,p0001;p0002;p0003,,True,0.0,0.0,0.0,0.0,0.0,0.0,0.0,0.0,0.0,0.0,evidence_localization_failure,
hotpotqa_5adf9dc3554299025d62a2e6,qwen3:14b,direct,Full Context,diagnostic_condition,full_context_condition,True,hotpotqa,multi_hop,entity,8000,front,medium,unknown,Laura Ann Osnes,Laura Osnes,p0001;p0002;p0003,p0001;p0002;p0003,True,0.0,0.8,0.0,0.8,0.0,0.8,1.0,1.0,1.0,1.0,answer_conversion_failure,
hotpotqa_5adf9dc3554299025d62a2e6,qwen3:14b,retrieve_then_read,Retrieved Evidence,diagnostic_condition,evidence_narrowed_condition,True,hotpotqa,multi_hop,entity,8000,front,medium,unknown,Laura Ann Osnes,unknown,p0001;p0002;p0003,,True,0.0,0.0,0.0,0.0,0.0,0.0,0.0,0.0,0.0,0.0,evidence_localization_failure,
hotpotqa_5adf9dc3554299025d62a2e6,qwen3:14b,oracle,Oracle Evidence,diagnostic_baseline,oracle_evidence_upper_reference,True,hotpotqa,multi_hop,entity,8000,front,medium,unknown,Laura Ann Osnes,Laura Osnes,p0001;p0002;p0003,p0001;p0003,True,0.0,0.8,0.0,0.8,0.0,0.8,1.0,0.6666666666666666,0.8,1.0,evidence_integration_failure,
hotpotqa_5ab6369655429953192ad2a1,qwen3:14b,no_evidence,No Evidence,diagnostic_baseline,question_only_lower_bound,True,hotpotqa,comparison,entity,16000,middle,medium,unknown,Eucryphia,Eucryphia,p0001;p0002;p0003;p0004,,True,1.0,1.0,1.0,1.0,1.0,1.0,0.0,0.0,0.0,0.0,success,
hotpotqa_5ab6369655429953192ad2a1,qwen3:14b,direct,Full Context,diagnostic_condition,full_context_condition,True,hotpotqa,comparison,entity,16000,middle,medium,unknown,Eucryphia,Eucryphia,p0001;p0002;p0003;p0004,,True,1.0,1.0,1.0,1.0,1.0,1.0,0.0,0.0,0.0,0.0,success,
hotpotqa_5ab6369655429953192ad2a1,qwen3:14b,retrieve_then_read,Retrieved Evidence,diagnostic_condition,evidence_narrowed_condition,True,hotpotqa,comparison,entity,16000,middle,medium,unknown,Eucryphia,Eucryphia,p0001;p0002;p0003;p0004,p0003;p0004,True,1.0,1.0,1.0,1.0,1.0,1.0,1.0,0.5,0.6666666666666666,1.0,success,
hotpotqa_5ab6369655429953192ad2a1,qwen3:14b,oracle,Oracle Evidence,diagnostic_baseline,oracle_evidence_upper_reference,True,hotpotqa,comparison,entity,16000,middle,medium,unknown,Eucryphia,Eucryphia,p0001;p0002;p0003;p0004,p0003;p0004,True,1.0,1.0,1.0,1.0,1.0,1.0,1.0,0.5,0.6666666666666666,1.0,success,
hotpotqa_5adccdd55542992c1e3a2408,qwen3:14b,no_evidence,No Evidence,diagnostic_baseline,question_only_lower_bound,True,hotpotqa,multi_hop,entity,4000,end,low,unknown,Waimea Bay,Waimea Bay,p0001;p0002,,True,1.0,1.0,1.0,1.0,1.0,1.0,0.0,0.0,0.0,0.0,success,
hotpotqa_5adccdd55542992c1e3a2408,qwen3:14b,direct,Full Context,diagnostic_condition,full_context_condition,True,hotpotqa,multi_hop,entity,4000,end,low,unknown,Waimea Bay,Waimea Bay,p0001;p0002,p0001;p0011,True,1.0,1.0,1.0,1.0,1.0,1.0,0.5,0.5,0.5,1.0,success,
hotpotqa_5adccdd55542992c1e3a2408,qwen3:14b,retrieve_then_read,Retrieved Evidence,diagnostic_condition,evidence_narrowed_condition,True,hotpotqa,multi_hop,entity,4000,end,low,unknown,Waimea Bay,Waimea Bay,p0001;p0002,p0001,True,1.0,1.0,1.0,1.0,1.0,1.0,1.0,0.5,0.6666666666666666,1.0,success,
hotpotqa_5adccdd55542992c1e3a2408,qwen3:14b,oracle,Oracle Evidence,diagnostic_baseline,oracle_evidence_upper_reference,True,hotpotqa,multi_hop,entity,4000,end,low,unknown,Waimea Bay,Waimea Bay,p0001;p0002,p0001;p0002,True,1.0,1.0,1.0,1.0,1.0,1.0,1.0,1.0,1.0,1.0,success,
hotpotqa_5ab9debb55429955dce3ed97,qwen3:14b,no_evidence,No Evidence,diagnostic_baseline,question_only_lower_bound,True,hotpotqa,multi_hop,entity,8000,scattered,low,unknown,DI Humphrey Goodman,DI Richard Poole,p0001;p0002,,True,0.0,0.3333333333333333,0.0,0.3333333333333333,0.0,0.3333333333333333,0.0,0.0,0.0,0.0,evidence_localization_failure,
hotpotqa_5ab9debb55429955dce3ed97,qwen3:14b,direct,Full Context,diagnostic_condition,full_context_condition,True,hotpotqa,multi_hop,entity,8000,scattered,low,unknown,DI Humphrey Goodman,Detective Inspector Humphrey Goodman,p0001;p0002,p0001;p0008,True,0.0,0.5714285714285715,0.0,0.5714285714285715,0.0,0.5714285714285715,0.5,0.5,0.5,1.0,evidence_integration_failure,
hotpotqa_5ab9debb55429955dce3ed97,qwen3:14b,retrieve_then_read,Retrieved Evidence,diagnostic_condition,evidence_narrowed_condition,True,hotpotqa,multi_hop,entity,8000,scattered,low,unknown,DI Humphrey Goodman,Detective Inspector Humphrey Goodman,p0001;p0002,,True,0.0,0.5714285714285715,0.0,0.5714285714285715,0.0,0.5714285714285715,0.0,0.0,0.0,0.0,evidence_localization_failure,
hotpotqa_5ab9debb55429955dce3ed97,qwen3:14b,oracle,Oracle Evidence,diagnostic_baseline,oracle_evidence_upper_reference,True,hotpotqa,multi_hop,entity,8000,scattered,low,unknown,DI Humphrey Goodman,DI Humphrey Goodman,p0001;p0002,p0001,True,1.0,1.0,1.0,1.0,1.0,1.0,1.0,0.5,0.6666666666666666,1.0,success,
hotpotqa_5ae791ef55429952e35ea979,qwen3:14b,no_evidence,No Evidence,diagnostic_baseline,question_only_lower_bound,True,hotpotqa,multi_hop,entity,16000,front,low,unknown,February,unknown,p0001;p0002,,True,0.0,0.0,0.0,0.0,0.0,0.0,0.0,0.0,0.0,0.0,evidence_localization_failure,
hotpotqa_5ae791ef55429952e35ea979,qwen3:14b,direct,Full Context,diagnostic_condition,full_context_condition,True,hotpotqa,multi_hop,entity,16000,front,low,unknown,February,February,p0001;p0002,p0001,True,1.0,1.0,1.0,1.0,1.0,1.0,1.0,0.5,0.6666666666666666,1.0,success,
hotpotqa_5ae791ef55429952e35ea979,qwen3:14b,retrieve_then_read,Retrieved Evidence,diagnostic_condition,evidence_narrowed_condition,True,hotpotqa,multi_hop,entity,16000,front,low,unknown,February,May,p0001;p0002,,True,0.0,0.0,0.0,0.0,0.0,0.0,0.0,0.0,0.0,0.0,evidence_localization_failure,
hotpotqa_5ae791ef55429952e35ea979,qwen3:14b,oracle,Oracle Evidence,diagnostic_baseline,oracle_evidence_upper_reference,True,hotpotqa,multi_hop,entity,16000,front,low,unknown,February,February,p0001;p0002,p0001,True,1.0,1.0,1.0,1.0,1.0,1.0,1.0,0.5,0.6666666666666666,1.0,success,
hotpotqa_5ab8f7535542991b5579f0a7,qwen3:14b,no_evidence,No Evidence,diagnostic_baseline,question_only_lower_bound,True,hotpotqa,comparison,entity,4000,middle,low,unknown,Sacred Planet,Oz the Great and Powerful,p0001;p0002,,True,0.0,0.0,0.0,0.0,0.0,0.0,0.0,0.0,0.0,0.0,evidence_localization_failure,
hotpotqa_5ab8f7535542991b5579f0a7,qwen3:14b,direct,Full Context,diagnostic_condition,full_context_condition,True,hotpotqa,comparison,entity,4000,middle,low,unknown,Sacred Planet,Sacred Planet,p0001;p0002,p0001,True,1.0,1.0,1.0,1.0,1.0,1.0,1.0,0.5,0.6666666666666666,1.0,success,
hotpotqa_5ab8f7535542991b5579f0a7,qwen3:14b,retrieve_then_read,Retrieved Evidence,diagnostic_condition,evidence_narrowed_condition,True,hotpotqa,comparison,entity,4000,middle,low,unknown,Sacred Planet,Sacred Planet,p0001;p0002,p0002,True,1.0,1.0,1.0,1.0,1.0,1.0,1.0,0.5,0.6666666666666666,1.0,success,
hotpotqa_5ab8f7535542991b5579f0a7,qwen3:14b,oracle,Oracle Evidence,diagnostic_baseline,oracle_evidence_upper_reference,True,hotpotqa,comparison,entity,4000,middle,low,unknown,Sacred Planet,Sacred Planet,p0001;p0002,p0001,True,1.0,1.0,1.0,1.0,1.0,1.0,1.0,0.5,0.6666666666666666,1.0,success,
hotpotqa_5a8463545542990548d0b2a3,qwen3:14b,no_evidence,No Evidence,diagnostic_baseline,question_only_lower_bound,True,hotpotqa,multi_hop,string,8000,end,low,unknown,supervisor of the royal works,Royal Architect,p0001;p0002,,True,0.0,0.3333333333333333,0.0,0.3333333333333333,0.0,0.3333333333333333,0.0,0.0,0.0,0.0,evidence_localization_failure,
hotpotqa_5a8463545542990548d0b2a3,qwen3:14b,direct,Full Context,diagnostic_condition,full_context_condition,True,hotpotqa,multi_hop,string,8000,end,low,unknown,supervisor of the royal works,supervisor of the royal works,p0001;p0002,p0001;p0002,True,1.0,1.0,1.0,1.0,1.0,1.0,1.0,1.0,1.0,1.0,success,
hotpotqa_5a8463545542990548d0b2a3,qwen3:14b,retrieve_then_read,Retrieved Evidence,diagnostic_condition,evidence_narrowed_condition,True,hotpotqa,multi_hop,string,8000,end,low,unknown,supervisor of the royal works,supervisor of the royal works,p0001;p0002,p0002,True,1.0,1.0,1.0,1.0,1.0,1.0,1.0,0.5,0.6666666666666666,1.0,success,
hotpotqa_5a8463545542990548d0b2a3,qwen3:14b,oracle,Oracle Evidence,diagnostic_baseline,oracle_evidence_upper_reference,True,hotpotqa,multi_hop,string,8000,end,low,unknown,supervisor of the royal works,supervisor of the royal works,p0001;p0002,p0001,True,1.0,1.0,1.0,1.0,1.0,1.0,1.0,0.5,0.6666666666666666,1.0,success,
hotpotqa_5ae7edee554299540e5a56ad,qwen3:14b,no_evidence,No Evidence,diagnostic_baseline,question_only_lower_bound,True,hotpotqa,multi_hop,entity,16000,scattered,low,unknown,Macaronesia,Canary Islands,p0001;p0002,,True,0.0,0.0,0.0,0.0,0.0,0.0,0.0,0.0,0.0,0.0,evidence_localization_failure,
hotpotqa_5ae7edee554299540e5a56ad,qwen3:14b,direct,Full Context,diagnostic_condition,full_context_condition,True,hotpotqa,multi_hop,entity,16000,scattered,low,unknown,Macaronesia,Macaronesia,p0001;p0002,p0002;p0001,True,1.0,1.0,1.0,1.0,1.0,1.0,1.0,1.0,1.0,1.0,success,
hotpotqa_5ae7edee554299540e5a56ad,qwen3:14b,retrieve_then_read,Retrieved Evidence,diagnostic_condition,evidence_narrowed_condition,True,hotpotqa,multi_hop,entity,16000,scattered,low,unknown,Macaronesia,Ohio River,p0001;p0002,,True,0.0,0.0,0.0,0.0,0.0,0.0,0.0,0.0,0.0,0.0,evidence_localization_failure,
hotpotqa_5ae7edee554299540e5a56ad,qwen3:14b,oracle,Oracle Evidence,diagnostic_baseline,oracle_evidence_upper_reference,True,hotpotqa,multi_hop,entity,16000,scattered,low,unknown,Macaronesia,Macaronesia,p0001;p0002,p0001;p0002,True,1.0,1.0,1.0,1.0,1.0,1.0,1.0,1.0,1.0,1.0,success,
hotpotqa_5a8ee4315542990e94052ba7,qwen3:14b,no_evidence,No Evidence,diagnostic_baseline,question_only_lower_bound,True,hotpotqa,multi_hop,entity,4000,front,low,unknown,Treaty of Gandamak,The Treaty of Gandamak,p0001;p0002,,True,1.0,1.0,1.0,1.0,1.0,1.0,0.0,0.0,0.0,0.0,success,
hotpotqa_5a8ee4315542990e94052ba7,qwen3:14b,direct,Full Context,diagnostic_condition,full_context_condition,True,hotpotqa,multi_hop,entity,4000,front,low,unknown,Treaty of Gandamak,Treaty of Gandamak,p0001;p0002,p0001;p0003,True,1.0,1.0,1.0,1.0,1.0,1.0,0.5,0.5,0.5,1.0,success,
hotpotqa_5a8ee4315542990e94052ba7,qwen3:14b,retrieve_then_read,Retrieved Evidence,diagnostic_condition,evidence_narrowed_condition,True,hotpotqa,multi_hop,entity,4000,front,low,unknown,Treaty of Gandamak,Treaty of Gandamak,p0001;p0002,p0001,True,1.0,1.0,1.0,1.0,1.0,1.0,1.0,0.5,0.6666666666666666,1.0,success,
hotpotqa_5a8ee4315542990e94052ba7,qwen3:14b,oracle,Oracle Evidence,diagnostic_baseline,oracle_evidence_upper_reference,True,hotpotqa,multi_hop,entity,4000,front,low,unknown,Treaty of Gandamak,Treaty of Gandamak,p0001;p0002,p0002,True,1.0,1.0,1.0,1.0,1.0,1.0,1.0,0.5,0.6666666666666666,1.0,success,
hotpotqa_5ae4c39f5542995dadf243fb,qwen3:14b,no_evidence,No Evidence,diagnostic_baseline,question_only_lower_bound,True,hotpotqa,multi_hop,entity,8000,middle,low,unknown,Bolton,Bolton,p0001;p0002,,True,1.0,1.0,1.0,1.0,1.0,1.0,0.0,0.0,0.0,0.0,success,
hotpotqa_5ae4c39f5542995dadf243fb,qwen3:14b,direct,Full Context,diagnostic_condition,full_context_condition,True,hotpotqa,multi_hop,entity,8000,middle,low,unknown,Bolton,Rivington,p0001;p0002,p0001,True,0.0,0.0,0.0,0.0,0.0,0.0,1.0,0.5,0.6666666666666666,1.0,evidence_integration_failure,
hotpotqa_5ae4c39f5542995dadf243fb,qwen3:14b,retrieve_then_read,Retrieved Evidence,diagnostic_condition,evidence_narrowed_condition,True,hotpotqa,multi_hop,entity,8000,middle,low,unknown,Bolton,Wilton,p0001;p0002,p0004;p0006,True,0.0,0.0,0.0,0.0,0.0,0.0,0.0,0.0,0.0,0.0,evidence_selection_failure,
hotpotqa_5ae4c39f5542995dadf243fb,qwen3:14b,oracle,Oracle Evidence,diagnostic_baseline,oracle_evidence_upper_reference,True,hotpotqa,multi_hop,entity,8000,middle,low,unknown,Bolton,Bolton,p0001;p0002,p0001;p0002,True,1.0,1.0,1.0,1.0,1.0,1.0,1.0,1.0,1.0,1.0,success,
hotpotqa_5a79c6a55542994bb9457091,qwen3:14b,no_evidence,No Evidence,diagnostic_baseline,question_only_lower_bound,True,hotpotqa,multi_hop,entity,16000,end,low,unknown,George Cayley,John Smeaton,p0001;p0002,,True,0.0,0.0,0.0,0.0,0.0,0.0,0.0,0.0,0.0,0.0,evidence_localization_failure,
hotpotqa_5a79c6a55542994bb9457091,qwen3:14b,direct,Full Context,diagnostic_condition,full_context_condition,True,hotpotqa,multi_hop,entity,16000,end,low,unknown,George Cayley,Sir George Cayley,p0001;p0002,p0001;p0002,True,0.0,0.8,0.0,0.8,0.0,0.8,1.0,1.0,1.0,1.0,answer_conversion_failure,
hotpotqa_5a79c6a55542994bb9457091,qwen3:14b,retrieve_then_read,Retrieved Evidence,diagnostic_condition,evidence_narrowed_condition,True,hotpotqa,multi_hop,entity,16000,end,low,unknown,George Cayley,Sir George Cayley,p0001;p0002,p0002,True,0.0,0.8,0.0,0.8,0.0,0.8,1.0,0.5,0.6666666666666666,1.0,evidence_integration_failure,
hotpotqa_5a79c6a55542994bb9457091,qwen3:14b,oracle,Oracle Evidence,diagnostic_baseline,oracle_evidence_upper_reference,True,hotpotqa,multi_hop,entity,16000,end,low,unknown,George Cayley,Sir George Cayley,p0001;p0002,p0001;p0002,True,0.0,0.8,0.0,0.8,0.0,0.8,1.0,1.0,1.0,1.0,answer_conversion_failure,
hotpotqa_5a7be5bd5542997c3ec972ba,qwen3:14b,no_evidence,No Evidence,diagnostic_baseline,question_only_lower_bound,True,hotpotqa,comparison,string,4000,scattered,low,unknown,The Leonberger is a giant dog breed.,Leonberger,p0001;p0002,,True,0.0,0.33333333333333337,0.0,0.33333333333333337,0.0,0.33333333333333337,0.0,0.0,0.0,0.0,evidence_localization_failure,
hotpotqa_5a7be5bd5542997c3ec972ba,qwen3:14b,direct,Full Context,diagnostic_condition,full_context_condition,True,hotpotqa,comparison,string,4000,scattered,low,unknown,The Leonberger is a giant dog breed.,Leonberger,p0001;p0002,p0001,True,0.0,0.33333333333333337,0.0,0.33333333333333337,0.0,0.33333333333333337,1.0,0.5,0.6666666666666666,1.0,evidence_integration_failure,
hotpotqa_5a7be5bd5542997c3ec972ba,qwen3:14b,retrieve_then_read,Retrieved Evidence,diagnostic_condition,evidence_narrowed_condition,True,hotpotqa,comparison,string,4000,scattered,low,unknown,The Leonberger is a giant dog breed.,Leonberger,p0001;p0002,p0001,True,0.0,0.33333333333333337,0.0,0.33333333333333337,0.0,0.33333333333333337,1.0,0.5,0.6666666666666666,1.0,evidence_integration_failure,
hotpotqa_5a7be5bd5542997c3ec972ba,qwen3:14b,oracle,Oracle Evidence,diagnostic_baseline,oracle_evidence_upper_reference,True,hotpotqa,comparison,string,4000,scattered,low,unknown,The Leonberger is a giant dog breed.,Leonberger,p0001;p0002,p0001,True,0.0,0.33333333333333337,0.0,0.33333333333333337,0.0,0.33333333333333337,1.0,0.5,0.6666666666666666,1.0,evidence_integration_failure,
hotpotqa_5ab28b12554299449642c8ee,qwen3:14b,no_evidence,No Evidence,diagnostic_baseline,question_only_lower_bound,True,hotpotqa,multi_hop,entity,8000,front,medium,unknown,Northumbrian,Old English,p0001;p0002;p0003,,True,0.0,0.0,0.0,0.0,0.0,0.0,0.0,0.0,0.0,0.0,evidence_localization_failure,
hotpotqa_5ab28b12554299449642c8ee,qwen3:14b,direct,Full Context,diagnostic_condition,full_context_condition,True,hotpotqa,multi_hop,entity,8000,front,medium,unknown,Northumbrian,Northumbrian,p0001;p0002;p0003,p0001,True,1.0,1.0,1.0,1.0,1.0,1.0,1.0,0.3333333333333333,0.5,1.0,success,
hotpotqa_5ab28b12554299449642c8ee,qwen3:14b,retrieve_then_read,Retrieved Evidence,diagnostic_condition,evidence_narrowed_condition,True,hotpotqa,multi_hop,entity,8000,front,medium,unknown,Northumbrian,Northumbrian,p0001;p0002;p0003,p0002,True,1.0,1.0,1.0,1.0,1.0,1.0,1.0,0.3333333333333333,0.5,1.0,success,
hotpotqa_5ab28b12554299449642c8ee,qwen3:14b,oracle,Oracle Evidence,diagnostic_baseline,oracle_evidence_upper_reference,True,hotpotqa,multi_hop,entity,8000,front,medium,unknown,Northumbrian,Northumbrian,p0001;p0002;p0003,p0001;p0002;p0003,True,1.0,1.0,1.0,1.0,1.0,1.0,1.0,1.0,1.0,1.0,success,
hotpotqa_5a7133565542994082a3e65c,qwen3:14b,no_evidence,No Evidence,diagnostic_baseline,question_only_lower_bound,True,hotpotqa,multi_hop,entity,16000,middle,medium,unknown,Oldham County,Boone,p0001;p0002;p0003;p0004;p0005,,True,0.0,0.0,0.0,0.0,0.0,0.0,0.0,0.0,0.0,0.0,evidence_localization_failure,
hotpotqa_5a7133565542994082a3e65c,qwen3:14b,direct,Full Context,diagnostic_condition,full_context_condition,True,hotpotqa,multi_hop,entity,16000,middle,medium,unknown,Oldham County,Oldham,p0001;p0002;p0003;p0004;p0005,p0001;p0002;p0003,True,0.0,0.6666666666666666,0.0,0.6666666666666666,0.0,0.6666666666666666,1.0,0.6,0.7499999999999999,1.0,evidence_integration_failure,
hotpotqa_5a7133565542994082a3e65c,qwen3:14b,retrieve_then_read,Retrieved Evidence,diagnostic_condition,evidence_narrowed_condition,True,hotpotqa,multi_hop,entity,16000,middle,medium,unknown,Oldham County,Oldham County,p0001;p0002;p0003;p0004;p0005,p0001;p0002;p0004,True,1.0,1.0,1.0,1.0,1.0,1.0,1.0,0.6,0.7499999999999999,1.0,success,
hotpotqa_5a7133565542994082a3e65c,qwen3:14b,oracle,Oracle Evidence,diagnostic_baseline,oracle_evidence_upper_reference,True,hotpotqa,multi_hop,entity,16000,middle,medium,unknown,Oldham County,Oldham County,p0001;p0002;p0003;p0004;p0005,p0004;p0002,True,1.0,1.0,1.0,1.0,1.0,1.0,1.0,0.4,0.5714285714285715,1.0,success,
hotpotqa_5a886886554299206df2b258,qwen3:14b,no_evidence,No Evidence,diagnostic_baseline,question_only_lower_bound,True,hotpotqa,multi_hop,string,4000,end,low,unknown,international football competition,FIFA Women's World Cup,p0001;p0002,,True,0.0,0.0,0.0,0.0,0.0,0.0,0.0,0.0,0.0,0.0,evidence_localization_failure,
hotpotqa_5a886886554299206df2b258,qwen3:14b,direct,Full Context,diagnostic_condition,full_context_condition,True,hotpotqa,multi_hop,string,4000,end,low,unknown,international football competition,FIFA Women's World Cup,p0001;p0002,p0001;p0002,True,0.0,0.0,0.0,0.0,0.0,0.0,1.0,1.0,1.0,1.0,answer_conversion_failure,
hotpotqa_5a886886554299206df2b258,qwen3:14b,retrieve_then_read,Retrieved Evidence,diagnostic_condition,evidence_narrowed_condition,True,hotpotqa,multi_hop,string,4000,end,low,unknown,international football competition,FIFA Women's World Cup,p0001;p0002,p0002,True,0.0,0.0,0.0,0.0,0.0,0.0,1.0,0.5,0.6666666666666666,1.0,evidence_integration_failure,
hotpotqa_5a886886554299206df2b258,qwen3:14b,oracle,Oracle Evidence,diagnostic_baseline,oracle_evidence_upper_reference,True,hotpotqa,multi_hop,string,4000,end,low,unknown,international football competition,FIFA Women's World Cup,p0001;p0002,p0001;p0002,True,0.0,0.0,0.0,0.0,0.0,0.0,1.0,1.0,1.0,1.0,answer_conversion_failure,
hotpotqa_5a7c6bcc55429935c91b519c,qwen3:14b,no_evidence,No Evidence,diagnostic_baseline,question_only_lower_bound,True,hotpotqa,multi_hop,number,8000,scattered,low,unknown,1944,1947,p0001;p0002,,True,0.0,0.0,0.0,0.0,0.0,0.0,0.0,0.0,0.0,0.0,evidence_localization_failure,
hotpotqa_5a7c6bcc55429935c91b519c,qwen3:14b,direct,Full Context,diagnostic_condition,full_context_condition,True,hotpotqa,multi_hop,number,8000,scattered,low,unknown,1944,1944,p0001;p0002,p0002,True,1.0,1.0,1.0,1.0,1.0,1.0,1.0,0.5,0.6666666666666666,1.0,success,
hotpotqa_5a7c6bcc55429935c91b519c,qwen3:14b,retrieve_then_read,Retrieved Evidence,diagnostic_condition,evidence_narrowed_condition,True,hotpotqa,multi_hop,number,8000,scattered,low,unknown,1944,1944,p0001;p0002,p0001,True,1.0,1.0,1.0,1.0,1.0,1.0,1.0,0.5,0.6666666666666666,1.0,success,
hotpotqa_5a7c6bcc55429935c91b519c,qwen3:14b,oracle,Oracle Evidence,diagnostic_baseline,oracle_evidence_upper_reference,True,hotpotqa,multi_hop,number,8000,scattered,low,unknown,1944,1944,p0001;p0002,p0001;p0002,True,1.0,1.0,1.0,1.0,1.0,1.0,1.0,1.0,1.0,1.0,success,
hotpotqa_5a72a0be5542992359bc3143,qwen3:14b,no_evidence,No Evidence,diagnostic_baseline,question_only_lower_bound,True,hotpotqa,multi_hop,entity,16000,front,low,unknown,Oedipus Rex,Oedipus Rex,p0001;p0002,,True,1.0,1.0,1.0,1.0,1.0,1.0,0.0,0.0,0.0,0.0,success,
hotpotqa_5a72a0be5542992359bc3143,qwen3:14b,direct,Full Context,diagnostic_condition,full_context_condition,True,hotpotqa,multi_hop,entity,16000,front,low,unknown,Oedipus Rex,Oedipus Rex,p0001;p0002,p0001;p0002,True,1.0,1.0,1.0,1.0,1.0,1.0,1.0,1.0,1.0,1.0,success,
hotpotqa_5a72a0be5542992359bc3143,qwen3:14b,retrieve_then_read,Retrieved Evidence,diagnostic_condition,evidence_narrowed_condition,True,hotpotqa,multi_hop,entity,16000,front,low,unknown,Oedipus Rex,Oedipus Rex,p0001;p0002,p0001,True,1.0,1.0,1.0,1.0,1.0,1.0,1.0,0.5,0.6666666666666666,1.0,success,
hotpotqa_5a72a0be5542992359bc3143,qwen3:14b,oracle,Oracle Evidence,diagnostic_baseline,oracle_evidence_upper_reference,True,hotpotqa,multi_hop,entity,16000,front,low,unknown,Oedipus Rex,Oedipus Rex,p0001;p0002,p0001;p0002,True,1.0,1.0,1.0,1.0,1.0,1.0,1.0,1.0,1.0,1.0,success,
hotpotqa_5ade15f35542997545bbbe47,qwen3:14b,no_evidence,No Evidence,diagnostic_baseline,question_only_lower_bound,True,hotpotqa,multi_hop,entity,4000,middle,low,unknown,Steve Jobs,They both worked with Steve Jobs,p0001;p0002,,True,0.0,0.5,0.0,0.5,0.0,0.5,0.0,0.0,0.0,0.0,evidence_localization_failure,
hotpotqa_5ade15f35542997545bbbe47,qwen3:14b,direct,Full Context,diagnostic_condition,full_context_condition,True,hotpotqa,multi_hop,entity,4000,middle,low,unknown,Steve Jobs,child,p0001;p0002,p0002;p0003;p0011,True,0.0,0.0,0.0,0.0,0.0,0.0,0.3333333333333333,0.5,0.4,1.0,evidence_integration_failure,
hotpotqa_5ade15f35542997545bbbe47,qwen3:14b,retrieve_then_read,Retrieved Evidence,diagnostic_condition,evidence_narrowed_condition,True,hotpotqa,multi_hop,entity,4000,middle,low,unknown,Steve Jobs,child,p0001;p0002,,True,0.0,0.0,0.0,0.0,0.0,0.0,0.0,0.0,0.0,0.0,evidence_localization_failure,
hotpotqa_5ade15f35542997545bbbe47,qwen3:14b,oracle,Oracle Evidence,diagnostic_baseline,oracle_evidence_upper_reference,True,hotpotqa,multi_hop,entity,4000,middle,low,unknown,Steve Jobs,American,p0001;p0002,p0001;p0002,True,0.0,0.0,0.0,0.0,0.0,0.0,1.0,1.0,1.0,1.0,answer_conversion_failure,
hotpotqa_5a7f5c9f55429969796c1a0f,qwen3:14b,no_evidence,No Evidence,diagnostic_baseline,question_only_lower_bound,True,hotpotqa,multi_hop,entity,8000,end,low,unknown,Spring city,City of Flowers,p0001;p0002,,True,0.0,0.4,0.0,0.4,0.0,0.4,0.0,0.0,0.0,0.0,evidence_localization_failure,
hotpotqa_5a7f5c9f55429969796c1a0f,qwen3:14b,direct,Full Context,diagnostic_condition,full_context_condition,True,hotpotqa,multi_hop,entity,8000,end,low,unknown,Spring city,Spring city,p0001;p0002,p0002,True,1.0,1.0,1.0,1.0,1.0,1.0,1.0,0.5,0.6666666666666666,1.0,success,
hotpotqa_5a7f5c9f55429969796c1a0f,qwen3:14b,retrieve_then_read,Retrieved Evidence,diagnostic_condition,evidence_narrowed_condition,True,hotpotqa,multi_hop,entity,8000,end,low,unknown,Spring city,Kunming,p0001;p0002,,True,0.0,0.0,0.0,0.0,0.0,0.0,0.0,0.0,0.0,0.0,evidence_localization_failure,
hotpotqa_5a7f5c9f55429969796c1a0f,qwen3:14b,oracle,Oracle Evidence,diagnostic_baseline,oracle_evidence_upper_reference,True,hotpotqa,multi_hop,entity,8000,end,low,unknown,Spring city,Spring city,p0001;p0002,p0001;p0002,True,1.0,1.0,1.0,1.0,1.0,1.0,1.0,1.0,1.0,1.0,success,
hotpotqa_5a8e3dc05542995085b37401,qwen3:14b,no_evidence,No Evidence,diagnostic_baseline,question_only_lower_bound,True,hotpotqa,comparison,number,16000,scattered,medium,unknown,1964,Reynolds v. Sims,p0001;p0002;p0003,,True,0.0,0.0,0.0,0.0,0.0,0.0,0.0,0.0,0.0,0.0,evidence_localization_failure,
hotpotqa_5a8e3dc05542995085b37401,qwen3:14b,direct,Full Context,diagnostic_condition,full_context_condition,True,hotpotqa,comparison,number,16000,scattered,medium,unknown,1964,Selle v. Gibb,p0001;p0002;p0003,p0001,True,0.0,0.0,0.0,0.0,0.0,0.0,1.0,0.3333333333333333,0.5,1.0,evidence_integration_failure,
hotpotqa_5a8e3dc05542995085b37401,qwen3:14b,retrieve_then_read,Retrieved Evidence,diagnostic_condition,evidence_narrowed_condition,True,hotpotqa,comparison,number,16000,scattered,medium,unknown,1964,Reynolds v. Sims,p0001;p0002;p0003,p0001,True,0.0,0.0,0.0,0.0,0.0,0.0,1.0,0.3333333333333333,0.5,1.0,evidence_integration_failure,
hotpotqa_5a8e3dc05542995085b37401,qwen3:14b,oracle,Oracle Evidence,diagnostic_baseline,oracle_evidence_upper_reference,True,hotpotqa,comparison,number,16000,scattered,medium,unknown,1964,Reynolds v. Sims,p0001;p0002;p0003,p0003,True,0.0,0.0,0.0,0.0,0.0,0.0,1.0,0.3333333333333333,0.5,1.0,evidence_integration_failure,
hotpotqa_5ab5f854554299637185c64e,qwen3:14b,no_evidence,No Evidence,diagnostic_baseline,question_only_lower_bound,True,hotpotqa,multi_hop,entity,4000,front,low,unknown,Pakistani,Pakistan,p0001;p0002,,True,0.0,0.0,0.0,0.0,0.0,0.0,0.0,0.0,0.0,0.0,evidence_localization_failure,
hotpotqa_5ab5f854554299637185c64e,qwen3:14b,direct,Full Context,diagnostic_condition,full_context_condition,True,hotpotqa,multi_hop,entity,4000,front,low,unknown,Pakistani,Pakistan,p0001;p0002,p0001;p0002;p0011,True,0.0,0.0,0.0,0.0,0.0,0.0,0.6666666666666666,1.0,0.8,1.0,evidence_selection_failure,
hotpotqa_5ab5f854554299637185c64e,qwen3:14b,retrieve_then_read,Retrieved Evidence,diagnostic_condition,evidence_narrowed_condition,True,hotpotqa,multi_hop,entity,4000,front,low,unknown,Pakistani,Pakistan,p0001;p0002,p0009,True,0.0,0.0,0.0,0.0,0.0,0.0,0.0,0.0,0.0,0.0,evidence_selection_failure,
hotpotqa_5ab5f854554299637185c64e,qwen3:14b,oracle,Oracle Evidence,diagnostic_baseline,oracle_evidence_upper_reference,True,hotpotqa,multi_hop,entity,4000,front,low,unknown,Pakistani,Pakistan,p0001;p0002,p0001;p0002,True,0.0,0.0,0.0,0.0,0.0,0.0,1.0,1.0,1.0,1.0,answer_conversion_failure,
hotpotqa_5ab808ea5542991d3222380e,qwen3:14b,no_evidence,No Evidence,diagnostic_baseline,question_only_lower_bound,True,hotpotqa,multi_hop,number,8000,middle,low,unknown,"76,416",Arrowhead Stadium,p0001;p0002,,True,0.0,0.0,0.0,0.0,0.0,0.0,0.0,0.0,0.0,0.0,evidence_localization_failure,
hotpotqa_5ab808ea5542991d3222380e,qwen3:14b,direct,Full Context,diagnostic_condition,full_context_condition,True,hotpotqa,multi_hop,number,8000,middle,low,unknown,"76,416",76416,p0001;p0002,p0002,True,1.0,1.0,0.0,0.0,1.0,1.0,1.0,0.5,0.6666666666666666,1.0,success,
hotpotqa_5ab808ea5542991d3222380e,qwen3:14b,retrieve_then_read,Retrieved Evidence,diagnostic_condition,evidence_narrowed_condition,True,hotpotqa,multi_hop,number,8000,middle,low,unknown,"76,416",unknown,p0001;p0002,,True,0.0,0.0,0.0,0.0,0.0,0.0,0.0,0.0,0.0,0.0,evidence_localization_failure,
hotpotqa_5ab808ea5542991d3222380e,qwen3:14b,oracle,Oracle Evidence,diagnostic_baseline,oracle_evidence_upper_reference,True,hotpotqa,multi_hop,number,8000,middle,low,unknown,"76,416",76416,p0001;p0002,p0001;p0002,True,1.0,1.0,0.0,0.0,1.0,1.0,1.0,1.0,1.0,1.0,success,
hotpotqa_5ac01bca5542992a796dec8d,qwen3:14b,no_evidence,No Evidence,diagnostic_baseline,question_only_lower_bound,True,hotpotqa,multi_hop,entity,16000,end,low,unknown,Happy Death Day,Happy Death Day,p0001;p0002,,True,1.0,1.0,1.0,1.0,1.0,1.0,0.0,0.0,0.0,0.0,success,
hotpotqa_5ac01bca5542992a796dec8d,qwen3:14b,direct,Full Context,diagnostic_condition,full_context_condition,True,hotpotqa,multi_hop,entity,16000,end,low,unknown,Happy Death Day,Happy Death Day,p0001;p0002,p0001;p0002,True,1.0,1.0,1.0,1.0,1.0,1.0,1.0,1.0,1.0,1.0,success,
hotpotqa_5ac01bca5542992a796dec8d,qwen3:14b,retrieve_then_read,Retrieved Evidence,diagnostic_condition,evidence_narrowed_condition,True,hotpotqa,multi_hop,entity,16000,end,low,unknown,Happy Death Day,Forever My Girl,p0001;p0002,,True,0.0,0.0,0.0,0.0,0.0,0.0,0.0,0.0,0.0,0.0,evidence_localization_failure,
hotpotqa_5ac01bca5542992a796dec8d,qwen3:14b,oracle,Oracle Evidence,diagnostic_baseline,oracle_evidence_upper_reference,True,hotpotqa,multi_hop,entity,16000,end,low,unknown,Happy Death Day,Happy Death Day,p0001;p0002,p0001;p0002,True,1.0,1.0,1.0,1.0,1.0,1.0,1.0,1.0,1.0,1.0,success,
hotpotqa_5a8085705542992bc0c4a74b,qwen3:14b,no_evidence,No Evidence,diagnostic_baseline,question_only_lower_bound,True,hotpotqa,multi_hop,entity,4000,scattered,low,unknown,Australian Defence Force,Royal Australian Navy,p0001;p0002,,True,0.0,0.3333333333333333,0.0,0.3333333333333333,0.0,0.3333333333333333,0.0,0.0,0.0,0.0,evidence_localization_failure,
hotpotqa_5a8085705542992bc0c4a74b,qwen3:14b,direct,Full Context,diagnostic_condition,full_context_condition,True,hotpotqa,multi_hop,entity,4000,scattered,low,unknown,Australian Defence Force,Royal Australian Navy,p0001;p0002,p0001,True,0.0,0.3333333333333333,0.0,0.3333333333333333,0.0,0.3333333333333333,1.0,0.5,0.6666666666666666,1.0,evidence_integration_failure,
hotpotqa_5a8085705542992bc0c4a74b,qwen3:14b,retrieve_then_read,Retrieved Evidence,diagnostic_condition,evidence_narrowed_condition,True,hotpotqa,multi_hop,entity,4000,scattered,low,unknown,Australian Defence Force,Royal Australian Navy,p0001;p0002,p0001,True,0.0,0.3333333333333333,0.0,0.3333333333333333,0.0,0.3333333333333333,1.0,0.5,0.6666666666666666,1.0,evidence_integration_failure,
hotpotqa_5a8085705542992bc0c4a74b,qwen3:14b,oracle,Oracle Evidence,diagnostic_baseline,oracle_evidence_upper_reference,True,hotpotqa,multi_hop,entity,4000,scattered,low,unknown,Australian Defence Force,Australian Defence Force,p0001;p0002,p0001;p0002,True,1.0,1.0,1.0,1.0,1.0,1.0,1.0,1.0,1.0,1.0,success,
