sample_id,model_name,method,method_display_name,method_family,method_role,core_diagnostic,source,reasoning_type,answer_type,context_length,evidence_position,evidence_density,distractor_similarity,gold_answer,predicted_answer,gold_evidence_ids,predicted_evidence_ids,cue_applicable,exact_match_strict,answer_f1_strict,exact_match_relaxed,answer_f1_relaxed,exact_match,answer_f1,evidence_precision,evidence_recall,evidence_f1,citation_grounding,failure_type,parse_error
controlled_000655,qwen3:14b,no_evidence,No Evidence,diagnostic_baseline,question_only_lower_bound,True,controlled,comparison,entity,16000,front,medium,none,Model Alpha 00654,unknown,p0001;p0002,,True,0.0,0.0,0.0,0.0,0.0,0.0,0.0,0.0,0.0,0.0,evidence_localization_failure,
controlled_000655,qwen3:14b,direct,Full Context,diagnostic_condition,full_context_condition,True,controlled,comparison,entity,16000,front,medium,none,Model Alpha 00654,unknown,p0001;p0002,,True,0.0,0.0,0.0,0.0,0.0,0.0,0.0,0.0,0.0,0.0,evidence_localization_failure,
controlled_000655,qwen3:14b,retrieve_then_read,Retrieved Evidence,diagnostic_condition,evidence_narrowed_condition,True,controlled,comparison,entity,16000,front,medium,none,Model Alpha 00654,Model Alpha,p0001;p0002,p0001;p0002,True,0.0,0.8,1.0,1.0,0.0,0.8,1.0,1.0,1.0,1.0,answer_conversion_failure,
controlled_000655,qwen3:14b,oracle,Oracle Evidence,diagnostic_baseline,oracle_evidence_upper_reference,True,controlled,comparison,entity,16000,front,medium,none,Model Alpha 00654,Model Alpha,p0001;p0002,p0001;p0002,True,0.0,0.8,1.0,1.0,0.0,0.8,1.0,1.0,1.0,1.0,answer_conversion_failure,
controlled_000115,qwen3:14b,no_evidence,No Evidence,diagnostic_baseline,question_only_lower_bound,True,controlled,comparison,entity,4000,middle,medium,low,Model Alpha 00114,unknown,p0001;p0002,,True,0.0,0.0,0.0,0.0,0.0,0.0,0.0,0.0,0.0,0.0,evidence_localization_failure,
controlled_000115,qwen3:14b,direct,Full Context,diagnostic_condition,full_context_condition,True,controlled,comparison,entity,4000,middle,medium,low,Model Alpha 00114,Model Alpha,p0001;p0002,p0001;p0002,True,0.0,0.8,1.0,1.0,0.0,0.8,1.0,1.0,1.0,1.0,answer_conversion_failure,
controlled_000115,qwen3:14b,retrieve_then_read,Retrieved Evidence,diagnostic_condition,evidence_narrowed_condition,True,controlled,comparison,entity,4000,middle,medium,low,Model Alpha 00114,Model Alpha,p0001;p0002,p0001;p0002,True,0.0,0.8,1.0,1.0,0.0,0.8,1.0,1.0,1.0,1.0,answer_conversion_failure,
controlled_000115,qwen3:14b,oracle,Oracle Evidence,diagnostic_baseline,oracle_evidence_upper_reference,True,controlled,comparison,entity,4000,middle,medium,low,Model Alpha 00114,Model Alpha,p0001;p0002,p0001;p0002,True,0.0,0.8,1.0,1.0,0.0,0.8,1.0,1.0,1.0,1.0,answer_conversion_failure,
controlled_000026,qwen3:14b,no_evidence,No Evidence,diagnostic_baseline,question_only_lower_bound,True,controlled,multi_hop,entity,4000,front,medium,low,Zurich-00025,unknown,p0001;p0002,,True,0.0,0.0,0.0,0.0,0.0,0.0,0.0,0.0,0.0,0.0,evidence_localization_failure,
controlled_000026,qwen3:14b,direct,Full Context,diagnostic_condition,full_context_condition,True,controlled,multi_hop,entity,4000,front,medium,low,Zurich-00025,Zurich-00025,p0001;p0002,p0001;p0002,True,1.0,1.0,1.0,1.0,1.0,1.0,1.0,1.0,1.0,1.0,success,
controlled_000026,qwen3:14b,retrieve_then_read,Retrieved Evidence,diagnostic_condition,evidence_narrowed_condition,True,controlled,multi_hop,entity,4000,front,medium,low,Zurich-00025,Zurich-00025,p0001;p0002,p0001;p0002,True,1.0,1.0,1.0,1.0,1.0,1.0,1.0,1.0,1.0,1.0,success,
controlled_000026,qwen3:14b,oracle,Oracle Evidence,diagnostic_baseline,oracle_evidence_upper_reference,True,controlled,multi_hop,entity,4000,front,medium,low,Zurich-00025,Zurich-00025,p0001;p0002,p0001;p0002,True,1.0,1.0,1.0,1.0,1.0,1.0,1.0,1.0,1.0,1.0,success,
controlled_000760,qwen3:14b,no_evidence,No Evidence,diagnostic_baseline,question_only_lower_bound,True,controlled,arithmetic,number,16000,middle,medium,low,550,unknown,p0001;p0002,,True,0.0,0.0,0.0,0.0,0.0,0.0,0.0,0.0,0.0,0.0,evidence_localization_failure,
controlled_000760,qwen3:14b,direct,Full Context,diagnostic_condition,full_context_condition,True,controlled,arithmetic,number,16000,middle,medium,low,550,0,p0001;p0002,,True,0.0,0.0,0.0,0.0,0.0,0.0,0.0,0.0,0.0,0.0,evidence_localization_failure,
controlled_000760,qwen3:14b,retrieve_then_read,Retrieved Evidence,diagnostic_condition,evidence_narrowed_condition,True,controlled,arithmetic,number,16000,middle,medium,low,550,550,p0001;p0002,p0001;p0002,True,1.0,1.0,1.0,1.0,1.0,1.0,1.0,1.0,1.0,1.0,success,
controlled_000760,qwen3:14b,oracle,Oracle Evidence,diagnostic_baseline,oracle_evidence_upper_reference,True,controlled,arithmetic,number,16000,middle,medium,low,550,550,p0001;p0002,p0001;p0002,True,1.0,1.0,1.0,1.0,1.0,1.0,1.0,1.0,1.0,1.0,success,
controlled_000282,qwen3:14b,no_evidence,No Evidence,diagnostic_baseline,question_only_lower_bound,True,controlled,single_hop,entity,4000,scattered,low,high,Arcturus Systems 00281,unknown,p0001,,True,0.0,0.0,0.0,0.0,0.0,0.0,0.0,0.0,0.0,0.0,evidence_localization_failure,
controlled_000282,qwen3:14b,direct,Full Context,diagnostic_condition,full_context_condition,True,controlled,single_hop,entity,4000,scattered,low,high,Arcturus Systems 00281,Arcturus Systems 00281,p0001,p0001,True,1.0,1.0,1.0,1.0,1.0,1.0,1.0,1.0,1.0,1.0,success,
controlled_000282,qwen3:14b,retrieve_then_read,Retrieved Evidence,diagnostic_condition,evidence_narrowed_condition,True,controlled,single_hop,entity,4000,scattered,low,high,Arcturus Systems 00281,Arcturus Systems,p0001,p0001,True,0.0,0.8,1.0,1.0,0.0,0.8,1.0,1.0,1.0,1.0,answer_conversion_failure,
controlled_000282,qwen3:14b,oracle,Oracle Evidence,diagnostic_baseline,oracle_evidence_upper_reference,True,controlled,single_hop,entity,4000,scattered,low,high,Arcturus Systems 00281,Arcturus Systems,p0001,p0001,True,0.0,0.8,1.0,1.0,0.0,0.8,1.0,1.0,1.0,1.0,answer_conversion_failure,
controlled_000251,qwen3:14b,no_evidence,No Evidence,diagnostic_baseline,question_only_lower_bound,True,controlled,comparison,entity,4000,scattered,medium,none,Model Alpha 00250,unknown,p0001;p0002,,True,0.0,0.0,0.0,0.0,0.0,0.0,0.0,0.0,0.0,0.0,evidence_localization_failure,
controlled_000251,qwen3:14b,direct,Full Context,diagnostic_condition,full_context_condition,True,controlled,comparison,entity,4000,scattered,medium,none,Model Alpha 00250,Model Alpha,p0001;p0002,p0001,True,0.0,0.8,1.0,1.0,0.0,0.8,1.0,0.5,0.6666666666666666,1.0,evidence_integration_failure,
controlled_000251,qwen3:14b,retrieve_then_read,Retrieved Evidence,diagnostic_condition,evidence_narrowed_condition,True,controlled,comparison,entity,4000,scattered,medium,none,Model Alpha 00250,Model Alpha,p0001;p0002,p0001;p0002,True,0.0,0.8,1.0,1.0,0.0,0.8,1.0,1.0,1.0,1.0,answer_conversion_failure,
controlled_000251,qwen3:14b,oracle,Oracle Evidence,diagnostic_baseline,oracle_evidence_upper_reference,True,controlled,comparison,entity,4000,scattered,medium,none,Model Alpha 00250,Model Alpha,p0001;p0002,p0001;p0002,True,0.0,0.8,1.0,1.0,0.0,0.8,1.0,1.0,1.0,1.0,answer_conversion_failure,
controlled_000229,qwen3:14b,no_evidence,No Evidence,diagnostic_baseline,question_only_lower_bound,True,controlled,multi_hop,entity,4000,end,medium,conflicting,Zurich-00228,unknown,p0001;p0002,,True,0.0,0.0,0.0,0.0,0.0,0.0,0.0,0.0,0.0,0.0,evidence_localization_failure,
controlled_000229,qwen3:14b,direct,Full Context,diagnostic_condition,full_context_condition,True,controlled,multi_hop,entity,4000,end,medium,conflicting,Zurich-00228,Zurich-00228,p0001;p0002,p0001;p0002,True,1.0,1.0,1.0,1.0,1.0,1.0,1.0,1.0,1.0,1.0,success,
controlled_000229,qwen3:14b,retrieve_then_read,Retrieved Evidence,diagnostic_condition,evidence_narrowed_condition,True,controlled,multi_hop,entity,4000,end,medium,conflicting,Zurich-00228,Zurich-00228,p0001;p0002,p0001;p0002,True,1.0,1.0,1.0,1.0,1.0,1.0,1.0,1.0,1.0,1.0,success,
controlled_000229,qwen3:14b,oracle,Oracle Evidence,diagnostic_baseline,oracle_evidence_upper_reference,True,controlled,multi_hop,entity,4000,end,medium,conflicting,Zurich-00228,Zurich-00228,p0001;p0002,p0001;p0002,True,1.0,1.0,1.0,1.0,1.0,1.0,1.0,1.0,1.0,1.0,success,
controlled_000143,qwen3:14b,no_evidence,No Evidence,diagnostic_baseline,question_only_lower_bound,True,controlled,single_hop,entity,4000,middle,low,conflicting,Arcturus Systems 00142,unknown,p0001,,True,0.0,0.0,0.0,0.0,0.0,0.0,0.0,0.0,0.0,0.0,evidence_localization_failure,
controlled_000143,qwen3:14b,direct,Full Context,diagnostic_condition,full_context_condition,True,controlled,single_hop,entity,4000,middle,low,conflicting,Arcturus Systems 00142,Arcturus Systems,p0001,p0001,True,0.0,0.8,1.0,1.0,0.0,0.8,1.0,1.0,1.0,1.0,answer_conversion_failure,
controlled_000143,qwen3:14b,retrieve_then_read,Retrieved Evidence,diagnostic_condition,evidence_narrowed_condition,True,controlled,single_hop,entity,4000,middle,low,conflicting,Arcturus Systems 00142,Arcturus Systems,p0001,p0001,True,0.0,0.8,1.0,1.0,0.0,0.8,1.0,1.0,1.0,1.0,answer_conversion_failure,
controlled_000143,qwen3:14b,oracle,Oracle Evidence,diagnostic_baseline,oracle_evidence_upper_reference,True,controlled,single_hop,entity,4000,middle,low,conflicting,Arcturus Systems 00142,Arcturus Systems 00142,p0001,p0001,True,1.0,1.0,1.0,1.0,1.0,1.0,1.0,1.0,1.0,1.0,success,
controlled_000755,qwen3:14b,no_evidence,No Evidence,diagnostic_baseline,question_only_lower_bound,True,controlled,comparison,entity,16000,middle,medium,low,Model Alpha 00754,unknown,p0001;p0002,,True,0.0,0.0,0.0,0.0,0.0,0.0,0.0,0.0,0.0,0.0,evidence_localization_failure,
controlled_000755,qwen3:14b,direct,Full Context,diagnostic_condition,full_context_condition,True,controlled,comparison,entity,16000,middle,medium,low,Model Alpha 00754,unknown,p0001;p0002,,True,0.0,0.0,0.0,0.0,0.0,0.0,0.0,0.0,0.0,0.0,evidence_localization_failure,
controlled_000755,qwen3:14b,retrieve_then_read,Retrieved Evidence,diagnostic_condition,evidence_narrowed_condition,True,controlled,comparison,entity,16000,middle,medium,low,Model Alpha 00754,Model Alpha,p0001;p0002,p0001;p0002,True,0.0,0.8,1.0,1.0,0.0,0.8,1.0,1.0,1.0,1.0,answer_conversion_failure,
controlled_000755,qwen3:14b,oracle,Oracle Evidence,diagnostic_baseline,oracle_evidence_upper_reference,True,controlled,comparison,entity,16000,middle,medium,low,Model Alpha 00754,Model Alpha,p0001;p0002,p0001;p0002,True,0.0,0.8,1.0,1.0,0.0,0.8,1.0,1.0,1.0,1.0,answer_conversion_failure,
controlled_000105,qwen3:14b,no_evidence,No Evidence,diagnostic_baseline,question_only_lower_bound,True,controlled,single_hop,entity,4000,middle,low,low,Arcturus Systems 00104,unknown,p0001,,True,0.0,0.0,0.0,0.0,0.0,0.0,0.0,0.0,0.0,0.0,evidence_localization_failure,
controlled_000105,qwen3:14b,direct,Full Context,diagnostic_condition,full_context_condition,True,controlled,single_hop,entity,4000,middle,low,low,Arcturus Systems 00104,Arcturus Systems 00104,p0001,p0001,True,1.0,1.0,1.0,1.0,1.0,1.0,1.0,1.0,1.0,1.0,success,
controlled_000105,qwen3:14b,retrieve_then_read,Retrieved Evidence,diagnostic_condition,evidence_narrowed_condition,True,controlled,single_hop,entity,4000,middle,low,low,Arcturus Systems 00104,Arcturus Systems,p0001,p0001,True,0.0,0.8,1.0,1.0,0.0,0.8,1.0,1.0,1.0,1.0,answer_conversion_failure,
controlled_000105,qwen3:14b,oracle,Oracle Evidence,diagnostic_baseline,oracle_evidence_upper_reference,True,controlled,single_hop,entity,4000,middle,low,low,Arcturus Systems 00104,Arcturus Systems 00104,p0001,p0001,True,1.0,1.0,1.0,1.0,1.0,1.0,1.0,1.0,1.0,1.0,success,
controlled_000693,qwen3:14b,no_evidence,No Evidence,diagnostic_baseline,question_only_lower_bound,True,controlled,comparison,entity,16000,front,medium,high,Model Alpha 00692,unknown,p0001;p0002,,True,0.0,0.0,0.0,0.0,0.0,0.0,0.0,0.0,0.0,0.0,evidence_localization_failure,
controlled_000693,qwen3:14b,direct,Full Context,diagnostic_condition,full_context_condition,True,controlled,comparison,entity,16000,front,medium,high,Model Alpha 00692,unknown,p0001;p0002,,True,0.0,0.0,0.0,0.0,0.0,0.0,0.0,0.0,0.0,0.0,evidence_localization_failure,
controlled_000693,qwen3:14b,retrieve_then_read,Retrieved Evidence,diagnostic_condition,evidence_narrowed_condition,True,controlled,comparison,entity,16000,front,medium,high,Model Alpha 00692,Model Alpha,p0001;p0002,p0001;p0002,True,0.0,0.8,1.0,1.0,0.0,0.8,1.0,1.0,1.0,1.0,answer_conversion_failure,
controlled_000693,qwen3:14b,oracle,Oracle Evidence,diagnostic_baseline,oracle_evidence_upper_reference,True,controlled,comparison,entity,16000,front,medium,high,Model Alpha 00692,Model Alpha,p0001;p0002,p0001;p0002,True,0.0,0.8,1.0,1.0,0.0,0.8,1.0,1.0,1.0,1.0,answer_conversion_failure,
controlled_000759,qwen3:14b,no_evidence,No Evidence,diagnostic_baseline,question_only_lower_bound,True,controlled,arithmetic,number,16000,middle,medium,low,623,unknown,p0001;p0002,,True,0.0,0.0,0.0,0.0,0.0,0.0,0.0,0.0,0.0,0.0,evidence_localization_failure,
controlled_000759,qwen3:14b,direct,Full Context,diagnostic_condition,full_context_condition,True,controlled,arithmetic,number,16000,middle,medium,low,623,0,p0001;p0002,,True,0.0,0.0,0.0,0.0,0.0,0.0,0.0,0.0,0.0,0.0,evidence_localization_failure,
controlled_000759,qwen3:14b,retrieve_then_read,Retrieved Evidence,diagnostic_condition,evidence_narrowed_condition,True,controlled,arithmetic,number,16000,middle,medium,low,623,623,p0001;p0002,p0001;p0002,True,1.0,1.0,1.0,1.0,1.0,1.0,1.0,1.0,1.0,1.0,success,
controlled_000759,qwen3:14b,oracle,Oracle Evidence,diagnostic_baseline,oracle_evidence_upper_reference,True,controlled,arithmetic,number,16000,middle,medium,low,623,623,p0001;p0002,p0001;p0002,True,1.0,1.0,1.0,1.0,1.0,1.0,1.0,1.0,1.0,1.0,success,
controlled_000914,qwen3:14b,no_evidence,No Evidence,diagnostic_baseline,question_only_lower_bound,True,controlled,comparison,entity,16000,scattered,medium,low,Model Alpha 00913,unknown,p0001;p0002,,True,0.0,0.0,0.0,0.0,0.0,0.0,0.0,0.0,0.0,0.0,evidence_localization_failure,
controlled_000914,qwen3:14b,direct,Full Context,diagnostic_condition,full_context_condition,True,controlled,comparison,entity,16000,scattered,medium,low,Model Alpha 00913,unknown,p0001;p0002,,True,0.0,0.0,0.0,0.0,0.0,0.0,0.0,0.0,0.0,0.0,evidence_localization_failure,
controlled_000914,qwen3:14b,retrieve_then_read,Retrieved Evidence,diagnostic_condition,evidence_narrowed_condition,True,controlled,comparison,entity,16000,scattered,medium,low,Model Alpha 00913,Model Alpha,p0001;p0002,p0001,True,0.0,0.8,1.0,1.0,0.0,0.8,1.0,0.5,0.6666666666666666,1.0,evidence_integration_failure,
controlled_000914,qwen3:14b,oracle,Oracle Evidence,diagnostic_baseline,oracle_evidence_upper_reference,True,controlled,comparison,entity,16000,scattered,medium,low,Model Alpha 00913,Model Alpha,p0001;p0002,p0001;p0002,True,0.0,0.8,1.0,1.0,0.0,0.8,1.0,1.0,1.0,1.0,answer_conversion_failure,
controlled_000559,qwen3:14b,no_evidence,No Evidence,diagnostic_baseline,question_only_lower_bound,True,controlled,arithmetic,number,8000,end,medium,conflicting,391,unknown,p0001;p0002,,True,0.0,0.0,0.0,0.0,0.0,0.0,0.0,0.0,0.0,0.0,evidence_localization_failure,
controlled_000559,qwen3:14b,direct,Full Context,diagnostic_condition,full_context_condition,True,controlled,arithmetic,number,8000,end,medium,conflicting,391,391,p0001;p0002,p0001;p0002,True,1.0,1.0,1.0,1.0,1.0,1.0,1.0,1.0,1.0,1.0,success,
controlled_000559,qwen3:14b,retrieve_then_read,Retrieved Evidence,diagnostic_condition,evidence_narrowed_condition,True,controlled,arithmetic,number,8000,end,medium,conflicting,391,391,p0001;p0002,p0001;p0002,True,1.0,1.0,1.0,1.0,1.0,1.0,1.0,1.0,1.0,1.0,success,
controlled_000559,qwen3:14b,oracle,Oracle Evidence,diagnostic_baseline,oracle_evidence_upper_reference,True,controlled,arithmetic,number,8000,end,medium,conflicting,391,391,p0001;p0002,p0001;p0002,True,1.0,1.0,1.0,1.0,1.0,1.0,1.0,1.0,1.0,1.0,success,
controlled_000090,qwen3:14b,no_evidence,No Evidence,diagnostic_baseline,question_only_lower_bound,True,controlled,multi_hop,entity,4000,middle,medium,none,Zurich-00089,unknown,p0001;p0002,,True,0.0,0.0,0.0,0.0,0.0,0.0,0.0,0.0,0.0,0.0,evidence_localization_failure,
controlled_000090,qwen3:14b,direct,Full Context,diagnostic_condition,full_context_condition,True,controlled,multi_hop,entity,4000,middle,medium,none,Zurich-00089,Zurich-00089,p0001;p0002,p0002,True,1.0,1.0,1.0,1.0,1.0,1.0,1.0,0.5,0.6666666666666666,1.0,success,
controlled_000090,qwen3:14b,retrieve_then_read,Retrieved Evidence,diagnostic_condition,evidence_narrowed_condition,True,controlled,multi_hop,entity,4000,middle,medium,none,Zurich-00089,Zurich-00089,p0001;p0002,p0001;p0002,True,1.0,1.0,1.0,1.0,1.0,1.0,1.0,1.0,1.0,1.0,success,
controlled_000090,qwen3:14b,oracle,Oracle Evidence,diagnostic_baseline,oracle_evidence_upper_reference,True,controlled,multi_hop,entity,4000,middle,medium,none,Zurich-00089,Zurich-00089,p0001;p0002,p0001;p0002,True,1.0,1.0,1.0,1.0,1.0,1.0,1.0,1.0,1.0,1.0,success,
controlled_000605,qwen3:14b,no_evidence,No Evidence,diagnostic_baseline,question_only_lower_bound,True,controlled,single_hop,entity,8000,scattered,low,high,Arcturus Systems 00604,unknown,p0001,,True,0.0,0.0,0.0,0.0,0.0,0.0,0.0,0.0,0.0,0.0,evidence_localization_failure,
controlled_000605,qwen3:14b,direct,Full Context,diagnostic_condition,full_context_condition,True,controlled,single_hop,entity,8000,scattered,low,high,Arcturus Systems 00604,ArcticMind,p0001,p0001,True,0.0,0.0,0.0,0.0,0.0,0.0,1.0,1.0,1.0,1.0,answer_conversion_failure,
controlled_000605,qwen3:14b,retrieve_then_read,Retrieved Evidence,diagnostic_condition,evidence_narrowed_condition,True,controlled,single_hop,entity,8000,scattered,low,high,Arcturus Systems 00604,Arcturus Systems 00604,p0001,p0001,True,1.0,1.0,1.0,1.0,1.0,1.0,1.0,1.0,1.0,1.0,success,
controlled_000605,qwen3:14b,oracle,Oracle Evidence,diagnostic_baseline,oracle_evidence_upper_reference,True,controlled,single_hop,entity,8000,scattered,low,high,Arcturus Systems 00604,Arcturus Systems 00604,p0001,p0001,True,1.0,1.0,1.0,1.0,1.0,1.0,1.0,1.0,1.0,1.0,success,
controlled_000433,qwen3:14b,no_evidence,No Evidence,diagnostic_baseline,question_only_lower_bound,True,controlled,comparison,entity,8000,middle,medium,low,Model Alpha 00432,unknown,p0001;p0002,,True,0.0,0.0,0.0,0.0,0.0,0.0,0.0,0.0,0.0,0.0,evidence_localization_failure,
controlled_000433,qwen3:14b,direct,Full Context,diagnostic_condition,full_context_condition,True,controlled,comparison,entity,8000,middle,medium,low,Model Alpha 00432,Model Alpha,p0001;p0002,p0001,True,0.0,0.8,1.0,1.0,0.0,0.8,1.0,0.5,0.6666666666666666,1.0,evidence_integration_failure,
controlled_000433,qwen3:14b,retrieve_then_read,Retrieved Evidence,diagnostic_condition,evidence_narrowed_condition,True,controlled,comparison,entity,8000,middle,medium,low,Model Alpha 00432,Model Alpha,p0001;p0002,p0001;p0002,True,0.0,0.8,1.0,1.0,0.0,0.8,1.0,1.0,1.0,1.0,answer_conversion_failure,
controlled_000433,qwen3:14b,oracle,Oracle Evidence,diagnostic_baseline,oracle_evidence_upper_reference,True,controlled,comparison,entity,8000,middle,medium,low,Model Alpha 00432,Model Alpha,p0001;p0002,p0001;p0002,True,0.0,0.8,1.0,1.0,0.0,0.8,1.0,1.0,1.0,1.0,answer_conversion_failure,
controlled_000033,qwen3:14b,no_evidence,No Evidence,diagnostic_baseline,question_only_lower_bound,True,controlled,comparison,entity,4000,front,medium,low,Model Alpha 00032,Model B,p0001;p0002,,True,0.0,0.4,0.0,0.5,0.0,0.4,0.0,0.0,0.0,0.0,evidence_localization_failure,
controlled_000033,qwen3:14b,direct,Full Context,diagnostic_condition,full_context_condition,True,controlled,comparison,entity,4000,front,medium,low,Model Alpha 00032,Model Alpha,p0001;p0002,p0001;p0002,True,0.0,0.8,1.0,1.0,0.0,0.8,1.0,1.0,1.0,1.0,answer_conversion_failure,
controlled_000033,qwen3:14b,retrieve_then_read,Retrieved Evidence,diagnostic_condition,evidence_narrowed_condition,True,controlled,comparison,entity,4000,front,medium,low,Model Alpha 00032,Model Alpha,p0001;p0002,p0001;p0002,True,0.0,0.8,1.0,1.0,0.0,0.8,1.0,1.0,1.0,1.0,answer_conversion_failure,
controlled_000033,qwen3:14b,oracle,Oracle Evidence,diagnostic_baseline,oracle_evidence_upper_reference,True,controlled,comparison,entity,4000,front,medium,low,Model Alpha 00032,Model Alpha,p0001;p0002,p0001;p0002,True,0.0,0.8,1.0,1.0,0.0,0.8,1.0,1.0,1.0,1.0,answer_conversion_failure,
controlled_000031,qwen3:14b,no_evidence,No Evidence,diagnostic_baseline,question_only_lower_bound,True,controlled,comparison,entity,4000,front,medium,low,Model Alpha 00030,Model B,p0001;p0002,,True,0.0,0.4,0.0,0.5,0.0,0.4,0.0,0.0,0.0,0.0,evidence_localization_failure,
controlled_000031,qwen3:14b,direct,Full Context,diagnostic_condition,full_context_condition,True,controlled,comparison,entity,4000,front,medium,low,Model Alpha 00030,Model Alpha,p0001;p0002,p0001;p0002,True,0.0,0.8,1.0,1.0,0.0,0.8,1.0,1.0,1.0,1.0,answer_conversion_failure,
controlled_000031,qwen3:14b,retrieve_then_read,Retrieved Evidence,diagnostic_condition,evidence_narrowed_condition,True,controlled,comparison,entity,4000,front,medium,low,Model Alpha 00030,Model Alpha,p0001;p0002,p0001;p0002,True,0.0,0.8,1.0,1.0,0.0,0.8,1.0,1.0,1.0,1.0,answer_conversion_failure,
controlled_000031,qwen3:14b,oracle,Oracle Evidence,diagnostic_baseline,oracle_evidence_upper_reference,True,controlled,comparison,entity,4000,front,medium,low,Model Alpha 00030,Model Alpha,p0001;p0002,p0001;p0002,True,0.0,0.8,1.0,1.0,0.0,0.8,1.0,1.0,1.0,1.0,answer_conversion_failure,
controlled_000096,qwen3:14b,no_evidence,No Evidence,diagnostic_baseline,question_only_lower_bound,True,controlled,arithmetic,number,4000,middle,medium,none,583,unknown,p0001;p0002,,True,0.0,0.0,0.0,0.0,0.0,0.0,0.0,0.0,0.0,0.0,evidence_localization_failure,
controlled_000096,qwen3:14b,direct,Full Context,diagnostic_condition,full_context_condition,True,controlled,arithmetic,number,4000,middle,medium,none,583,583,p0001;p0002,p0001;p0002,True,1.0,1.0,1.0,1.0,1.0,1.0,1.0,1.0,1.0,1.0,success,
controlled_000096,qwen3:14b,retrieve_then_read,Retrieved Evidence,diagnostic_condition,evidence_narrowed_condition,True,controlled,arithmetic,number,4000,middle,medium,none,583,583,p0001;p0002,p0001;p0002,True,1.0,1.0,1.0,1.0,1.0,1.0,1.0,1.0,1.0,1.0,success,
controlled_000096,qwen3:14b,oracle,Oracle Evidence,diagnostic_baseline,oracle_evidence_upper_reference,True,controlled,arithmetic,number,4000,middle,medium,none,583,583,p0001;p0002,p0001;p0002,True,1.0,1.0,1.0,1.0,1.0,1.0,1.0,1.0,1.0,1.0,success,
controlled_000224,qwen3:14b,no_evidence,No Evidence,diagnostic_baseline,question_only_lower_bound,True,controlled,single_hop,entity,4000,end,low,conflicting,Arcturus Systems 00223,unknown,p0001,,True,0.0,0.0,0.0,0.0,0.0,0.0,0.0,0.0,0.0,0.0,evidence_localization_failure,
controlled_000224,qwen3:14b,direct,Full Context,diagnostic_condition,full_context_condition,True,controlled,single_hop,entity,4000,end,low,conflicting,Arcturus Systems 00223,Arcturus Systems 00223,p0001,p0001,True,1.0,1.0,1.0,1.0,1.0,1.0,1.0,1.0,1.0,1.0,success,
controlled_000224,qwen3:14b,retrieve_then_read,Retrieved Evidence,diagnostic_condition,evidence_narrowed_condition,True,controlled,single_hop,entity,4000,end,low,conflicting,Arcturus Systems 00223,Arcturus Systems,p0001,p0001,True,0.0,0.8,1.0,1.0,0.0,0.8,1.0,1.0,1.0,1.0,answer_conversion_failure,
controlled_000224,qwen3:14b,oracle,Oracle Evidence,diagnostic_baseline,oracle_evidence_upper_reference,True,controlled,single_hop,entity,4000,end,low,conflicting,Arcturus Systems 00223,Arcturus Systems 00223,p0001,p0001,True,1.0,1.0,1.0,1.0,1.0,1.0,1.0,1.0,1.0,1.0,success,
controlled_000239,qwen3:14b,no_evidence,No Evidence,diagnostic_baseline,question_only_lower_bound,True,controlled,arithmetic,number,4000,end,medium,conflicting,494,unknown,p0001;p0002,,True,0.0,0.0,0.0,0.0,0.0,0.0,0.0,0.0,0.0,0.0,evidence_localization_failure,
controlled_000239,qwen3:14b,direct,Full Context,diagnostic_condition,full_context_condition,True,controlled,arithmetic,number,4000,end,medium,conflicting,494,494,p0001;p0002,p0001;p0002,True,1.0,1.0,1.0,1.0,1.0,1.0,1.0,1.0,1.0,1.0,success,
controlled_000239,qwen3:14b,retrieve_then_read,Retrieved Evidence,diagnostic_condition,evidence_narrowed_condition,True,controlled,arithmetic,number,4000,end,medium,conflicting,494,494,p0001;p0002,p0001;p0002,True,1.0,1.0,1.0,1.0,1.0,1.0,1.0,1.0,1.0,1.0,success,
controlled_000239,qwen3:14b,oracle,Oracle Evidence,diagnostic_baseline,oracle_evidence_upper_reference,True,controlled,arithmetic,number,4000,end,medium,conflicting,494,494,p0001;p0002,p0001;p0002,True,1.0,1.0,1.0,1.0,1.0,1.0,1.0,1.0,1.0,1.0,success,
controlled_000518,qwen3:14b,no_evidence,No Evidence,diagnostic_baseline,question_only_lower_bound,True,controlled,arithmetic,number,8000,end,medium,low,616,unknown,p0001;p0002,,True,0.0,0.0,0.0,0.0,0.0,0.0,0.0,0.0,0.0,0.0,evidence_localization_failure,
controlled_000518,qwen3:14b,direct,Full Context,diagnostic_condition,full_context_condition,True,controlled,arithmetic,number,8000,end,medium,low,616,616,p0001;p0002,p0001;p0002,True,1.0,1.0,1.0,1.0,1.0,1.0,1.0,1.0,1.0,1.0,success,
controlled_000518,qwen3:14b,retrieve_then_read,Retrieved Evidence,diagnostic_condition,evidence_narrowed_condition,True,controlled,arithmetic,number,8000,end,medium,low,616,616,p0001;p0002,p0001;p0002,True,1.0,1.0,1.0,1.0,1.0,1.0,1.0,1.0,1.0,1.0,success,
controlled_000518,qwen3:14b,oracle,Oracle Evidence,diagnostic_baseline,oracle_evidence_upper_reference,True,controlled,arithmetic,number,8000,end,medium,low,616,616,p0001;p0002,p0001;p0002,True,1.0,1.0,1.0,1.0,1.0,1.0,1.0,1.0,1.0,1.0,success,
controlled_000617,qwen3:14b,no_evidence,No Evidence,diagnostic_baseline,question_only_lower_bound,True,controlled,arithmetic,number,8000,scattered,medium,high,506,unknown,p0001;p0002,,True,0.0,0.0,0.0,0.0,0.0,0.0,0.0,0.0,0.0,0.0,evidence_localization_failure,
controlled_000617,qwen3:14b,direct,Full Context,diagnostic_condition,full_context_condition,True,controlled,arithmetic,number,8000,scattered,medium,high,506,100,p0001;p0002,p0001;p0002,True,0.0,0.0,0.0,0.0,0.0,0.0,1.0,1.0,1.0,1.0,answer_conversion_failure,
controlled_000617,qwen3:14b,retrieve_then_read,Retrieved Evidence,diagnostic_condition,evidence_narrowed_condition,True,controlled,arithmetic,number,8000,scattered,medium,high,506,409,p0001;p0002,p0001,True,0.0,0.0,0.0,0.0,0.0,0.0,1.0,0.5,0.6666666666666666,1.0,evidence_integration_failure,
controlled_000617,qwen3:14b,oracle,Oracle Evidence,diagnostic_baseline,oracle_evidence_upper_reference,True,controlled,arithmetic,number,8000,scattered,medium,high,506,506,p0001;p0002,p0001;p0002,True,1.0,1.0,1.0,1.0,1.0,1.0,1.0,1.0,1.0,1.0,success,
controlled_000028,qwen3:14b,no_evidence,No Evidence,diagnostic_baseline,question_only_lower_bound,True,controlled,multi_hop,entity,4000,front,medium,low,Zurich-00027,unknown,p0001;p0002,,True,0.0,0.0,0.0,0.0,0.0,0.0,0.0,0.0,0.0,0.0,evidence_localization_failure,
controlled_000028,qwen3:14b,direct,Full Context,diagnostic_condition,full_context_condition,True,controlled,multi_hop,entity,4000,front,medium,low,Zurich-00027,Zurich-00027,p0001;p0002,p0001;p0002,True,1.0,1.0,1.0,1.0,1.0,1.0,1.0,1.0,1.0,1.0,success,
controlled_000028,qwen3:14b,retrieve_then_read,Retrieved Evidence,diagnostic_condition,evidence_narrowed_condition,True,controlled,multi_hop,entity,4000,front,medium,low,Zurich-00027,Zurich-00027,p0001;p0002,p0001;p0002,True,1.0,1.0,1.0,1.0,1.0,1.0,1.0,1.0,1.0,1.0,success,
controlled_000028,qwen3:14b,oracle,Oracle Evidence,diagnostic_baseline,oracle_evidence_upper_reference,True,controlled,multi_hop,entity,4000,front,medium,low,Zurich-00027,Zurich-00027,p0001;p0002,p0001;p0002,True,1.0,1.0,1.0,1.0,1.0,1.0,1.0,1.0,1.0,1.0,success,
controlled_000575,qwen3:14b,no_evidence,No Evidence,diagnostic_baseline,question_only_lower_bound,True,controlled,comparison,entity,8000,scattered,medium,none,Model Alpha 00574,unknown,p0001;p0002,,True,0.0,0.0,0.0,0.0,0.0,0.0,0.0,0.0,0.0,0.0,evidence_localization_failure,
controlled_000575,qwen3:14b,direct,Full Context,diagnostic_condition,full_context_condition,True,controlled,comparison,entity,8000,scattered,medium,none,Model Alpha 00574,Model Beta,p0001;p0002,p0001,True,0.0,0.4,0.0,0.5,0.0,0.4,1.0,0.5,0.6666666666666666,1.0,evidence_integration_failure,
controlled_000575,qwen3:14b,retrieve_then_read,Retrieved Evidence,diagnostic_condition,evidence_narrowed_condition,True,controlled,comparison,entity,8000,scattered,medium,none,Model Alpha 00574,Model Alpha,p0001;p0002,p0001,True,0.0,0.8,1.0,1.0,0.0,0.8,1.0,0.5,0.6666666666666666,1.0,evidence_integration_failure,
controlled_000575,qwen3:14b,oracle,Oracle Evidence,diagnostic_baseline,oracle_evidence_upper_reference,True,controlled,comparison,entity,8000,scattered,medium,none,Model Alpha 00574,Model Alpha,p0001;p0002,p0001;p0002,True,0.0,0.8,1.0,1.0,0.0,0.8,1.0,1.0,1.0,1.0,answer_conversion_failure,
controlled_000204,qwen3:14b,no_evidence,No Evidence,diagnostic_baseline,question_only_lower_bound,True,controlled,single_hop,entity,4000,end,low,high,Arcturus Systems 00203,unknown,p0001,,True,0.0,0.0,0.0,0.0,0.0,0.0,0.0,0.0,0.0,0.0,evidence_localization_failure,
controlled_000204,qwen3:14b,direct,Full Context,diagnostic_condition,full_context_condition,True,controlled,single_hop,entity,4000,end,low,high,Arcturus Systems 00203,Arcturus Systems 00203,p0001,p0001,True,1.0,1.0,1.0,1.0,1.0,1.0,1.0,1.0,1.0,1.0,success,
controlled_000204,qwen3:14b,retrieve_then_read,Retrieved Evidence,diagnostic_condition,evidence_narrowed_condition,True,controlled,single_hop,entity,4000,end,low,high,Arcturus Systems 00203,Arcturus Systems,p0001,p0001,True,0.0,0.8,1.0,1.0,0.0,0.8,1.0,1.0,1.0,1.0,answer_conversion_failure,
controlled_000204,qwen3:14b,oracle,Oracle Evidence,diagnostic_baseline,oracle_evidence_upper_reference,True,controlled,single_hop,entity,4000,end,low,high,Arcturus Systems 00203,Arcturus Systems 00203,p0001,p0001,True,1.0,1.0,1.0,1.0,1.0,1.0,1.0,1.0,1.0,1.0,success,
controlled_000734,qwen3:14b,no_evidence,No Evidence,diagnostic_baseline,question_only_lower_bound,True,controlled,comparison,entity,16000,middle,medium,none,Model Alpha 00733,unknown,p0001;p0002,,True,0.0,0.0,0.0,0.0,0.0,0.0,0.0,0.0,0.0,0.0,evidence_localization_failure,
controlled_000734,qwen3:14b,direct,Full Context,diagnostic_condition,full_context_condition,True,controlled,comparison,entity,16000,middle,medium,none,Model Alpha 00733,unknown,p0001;p0002,,True,0.0,0.0,0.0,0.0,0.0,0.0,0.0,0.0,0.0,0.0,evidence_localization_failure,
controlled_000734,qwen3:14b,retrieve_then_read,Retrieved Evidence,diagnostic_condition,evidence_narrowed_condition,True,controlled,comparison,entity,16000,middle,medium,none,Model Alpha 00733,Model Alpha,p0001;p0002,p0001;p0002,True,0.0,0.8,1.0,1.0,0.0,0.8,1.0,1.0,1.0,1.0,answer_conversion_failure,
controlled_000734,qwen3:14b,oracle,Oracle Evidence,diagnostic_baseline,oracle_evidence_upper_reference,True,controlled,comparison,entity,16000,middle,medium,none,Model Alpha 00733,Model Alpha,p0001;p0002,p0001;p0002,True,0.0,0.8,1.0,1.0,0.0,0.8,1.0,1.0,1.0,1.0,answer_conversion_failure,
controlled_000666,qwen3:14b,no_evidence,No Evidence,diagnostic_baseline,question_only_lower_bound,True,controlled,multi_hop,entity,16000,front,medium,low,Zurich-00665,unknown,p0001;p0002,,True,0.0,0.0,0.0,0.0,0.0,0.0,0.0,0.0,0.0,0.0,evidence_localization_failure,
controlled_000666,qwen3:14b,direct,Full Context,diagnostic_condition,full_context_condition,True,controlled,multi_hop,entity,16000,front,medium,low,Zurich-00665,San Francisco,p0001;p0002,p0001,True,0.0,0.0,0.0,0.0,0.0,0.0,1.0,0.5,0.6666666666666666,1.0,evidence_integration_failure,
controlled_000666,qwen3:14b,retrieve_then_read,Retrieved Evidence,diagnostic_condition,evidence_narrowed_condition,True,controlled,multi_hop,entity,16000,front,medium,low,Zurich-00665,Zurich-00665,p0001;p0002,p0001;p0002,True,1.0,1.0,1.0,1.0,1.0,1.0,1.0,1.0,1.0,1.0,success,
controlled_000666,qwen3:14b,oracle,Oracle Evidence,diagnostic_baseline,oracle_evidence_upper_reference,True,controlled,multi_hop,entity,16000,front,medium,low,Zurich-00665,Zurich-00665,p0001;p0002,p0001;p0002,True,1.0,1.0,1.0,1.0,1.0,1.0,1.0,1.0,1.0,1.0,success,
controlled_000719,qwen3:14b,no_evidence,No Evidence,diagnostic_baseline,question_only_lower_bound,True,controlled,arithmetic,number,16000,front,medium,conflicting,573,unknown,p0001;p0002,,True,0.0,0.0,0.0,0.0,0.0,0.0,0.0,0.0,0.0,0.0,evidence_localization_failure,
controlled_000719,qwen3:14b,direct,Full Context,diagnostic_condition,full_context_condition,True,controlled,arithmetic,number,16000,front,medium,conflicting,573,0,p0001;p0002,,True,0.0,0.0,0.0,0.0,0.0,0.0,0.0,0.0,0.0,0.0,evidence_localization_failure,
controlled_000719,qwen3:14b,retrieve_then_read,Retrieved Evidence,diagnostic_condition,evidence_narrowed_condition,True,controlled,arithmetic,number,16000,front,medium,conflicting,573,573,p0001;p0002,p0001;p0002,True,1.0,1.0,1.0,1.0,1.0,1.0,1.0,1.0,1.0,1.0,success,
controlled_000719,qwen3:14b,oracle,Oracle Evidence,diagnostic_baseline,oracle_evidence_upper_reference,True,controlled,arithmetic,number,16000,front,medium,conflicting,573,573,p0001;p0002,p0001;p0002,True,1.0,1.0,1.0,1.0,1.0,1.0,1.0,1.0,1.0,1.0,success,
controlled_000947,qwen3:14b,no_evidence,No Evidence,diagnostic_baseline,question_only_lower_bound,True,controlled,multi_hop,entity,16000,scattered,medium,conflicting,Zurich-00946,unknown,p0001;p0002,,True,0.0,0.0,0.0,0.0,0.0,0.0,0.0,0.0,0.0,0.0,evidence_localization_failure,
controlled_000947,qwen3:14b,direct,Full Context,diagnostic_condition,full_context_condition,True,controlled,multi_hop,entity,16000,scattered,medium,conflicting,Zurich-00946,San Francisco,p0001;p0002,p0001,True,0.0,0.0,0.0,0.0,0.0,0.0,1.0,0.5,0.6666666666666666,1.0,evidence_integration_failure,
controlled_000947,qwen3:14b,retrieve_then_read,Retrieved Evidence,diagnostic_condition,evidence_narrowed_condition,True,controlled,multi_hop,entity,16000,scattered,medium,conflicting,Zurich-00946,Zurich-00946,p0001;p0002,p0001;p0002,True,1.0,1.0,1.0,1.0,1.0,1.0,1.0,1.0,1.0,1.0,success,
controlled_000947,qwen3:14b,oracle,Oracle Evidence,diagnostic_baseline,oracle_evidence_upper_reference,True,controlled,multi_hop,entity,16000,scattered,medium,conflicting,Zurich-00946,Zurich-00946,p0001;p0002,p0001;p0002,True,1.0,1.0,1.0,1.0,1.0,1.0,1.0,1.0,1.0,1.0,success,
controlled_000430,qwen3:14b,no_evidence,No Evidence,diagnostic_baseline,question_only_lower_bound,True,controlled,multi_hop,entity,8000,middle,medium,low,Zurich-00429,unknown,p0001;p0002,,True,0.0,0.0,0.0,0.0,0.0,0.0,0.0,0.0,0.0,0.0,evidence_localization_failure,
controlled_000430,qwen3:14b,direct,Full Context,diagnostic_condition,full_context_condition,True,controlled,multi_hop,entity,8000,middle,medium,low,Zurich-00429,Zurich,p0001;p0002,p0001;p0002,True,0.0,0.0,1.0,1.0,0.0,0.0,1.0,1.0,1.0,1.0,answer_conversion_failure,
controlled_000430,qwen3:14b,retrieve_then_read,Retrieved Evidence,diagnostic_condition,evidence_narrowed_condition,True,controlled,multi_hop,entity,8000,middle,medium,low,Zurich-00429,Zurich-00429,p0001;p0002,p0001;p0002,True,1.0,1.0,1.0,1.0,1.0,1.0,1.0,1.0,1.0,1.0,success,
controlled_000430,qwen3:14b,oracle,Oracle Evidence,diagnostic_baseline,oracle_evidence_upper_reference,True,controlled,multi_hop,entity,8000,middle,medium,low,Zurich-00429,Zurich-00429,p0001;p0002,p0001;p0002,True,1.0,1.0,1.0,1.0,1.0,1.0,1.0,1.0,1.0,1.0,success,
controlled_000226,qwen3:14b,no_evidence,No Evidence,diagnostic_baseline,question_only_lower_bound,True,controlled,multi_hop,entity,4000,end,medium,conflicting,Zurich-00225,,p0001;p0002,,True,0.0,0.0,0.0,0.0,0.0,0.0,0.0,0.0,0.0,0.0,evidence_localization_failure,
controlled_000226,qwen3:14b,direct,Full Context,diagnostic_condition,full_context_condition,True,controlled,multi_hop,entity,4000,end,medium,conflicting,Zurich-00225,Zurich-00225,p0001;p0002,p0001;p0002,True,1.0,1.0,1.0,1.0,1.0,1.0,1.0,1.0,1.0,1.0,success,
controlled_000226,qwen3:14b,retrieve_then_read,Retrieved Evidence,diagnostic_condition,evidence_narrowed_condition,True,controlled,multi_hop,entity,4000,end,medium,conflicting,Zurich-00225,Zurich-00225,p0001;p0002,p0001;p0002,True,1.0,1.0,1.0,1.0,1.0,1.0,1.0,1.0,1.0,1.0,success,
controlled_000226,qwen3:14b,oracle,Oracle Evidence,diagnostic_baseline,oracle_evidence_upper_reference,True,controlled,multi_hop,entity,4000,end,medium,conflicting,Zurich-00225,Zurich-00225,p0001;p0002,p0001;p0002,True,1.0,1.0,1.0,1.0,1.0,1.0,1.0,1.0,1.0,1.0,success,
controlled_000460,qwen3:14b,no_evidence,No Evidence,diagnostic_baseline,question_only_lower_bound,True,controlled,arithmetic,number,8000,middle,medium,high,438,unknown,p0001;p0002,,True,0.0,0.0,0.0,0.0,0.0,0.0,0.0,0.0,0.0,0.0,evidence_localization_failure,
controlled_000460,qwen3:14b,direct,Full Context,diagnostic_condition,full_context_condition,True,controlled,arithmetic,number,8000,middle,medium,high,438,346,p0001;p0002,p0001;p0002,True,0.0,0.0,0.0,0.0,0.0,0.0,1.0,1.0,1.0,1.0,answer_conversion_failure,
controlled_000460,qwen3:14b,retrieve_then_read,Retrieved Evidence,diagnostic_condition,evidence_narrowed_condition,True,controlled,arithmetic,number,8000,middle,medium,high,438,438,p0001;p0002,p0001;p0002,True,1.0,1.0,1.0,1.0,1.0,1.0,1.0,1.0,1.0,1.0,success,
controlled_000460,qwen3:14b,oracle,Oracle Evidence,diagnostic_baseline,oracle_evidence_upper_reference,True,controlled,arithmetic,number,8000,middle,medium,high,438,438,p0001;p0002,p0001;p0002,True,1.0,1.0,1.0,1.0,1.0,1.0,1.0,1.0,1.0,1.0,success,
controlled_000604,qwen3:14b,no_evidence,No Evidence,diagnostic_baseline,question_only_lower_bound,True,controlled,single_hop,entity,8000,scattered,low,high,Arcturus Systems 00603,unknown,p0001,,True,0.0,0.0,0.0,0.0,0.0,0.0,0.0,0.0,0.0,0.0,evidence_localization_failure,
controlled_000604,qwen3:14b,direct,Full Context,diagnostic_condition,full_context_condition,True,controlled,single_hop,entity,8000,scattered,low,high,Arcturus Systems 00603,Archer-Daniels-Midland,p0001,p0001,True,0.0,0.0,0.0,0.0,0.0,0.0,1.0,1.0,1.0,1.0,answer_conversion_failure,
controlled_000604,qwen3:14b,retrieve_then_read,Retrieved Evidence,diagnostic_condition,evidence_narrowed_condition,True,controlled,single_hop,entity,8000,scattered,low,high,Arcturus Systems 00603,Arcturus Systems 00603,p0001,p0001,True,1.0,1.0,1.0,1.0,1.0,1.0,1.0,1.0,1.0,1.0,success,
controlled_000604,qwen3:14b,oracle,Oracle Evidence,diagnostic_baseline,oracle_evidence_upper_reference,True,controlled,single_hop,entity,8000,scattered,low,high,Arcturus Systems 00603,Arcturus Systems 00603,p0001,p0001,True,1.0,1.0,1.0,1.0,1.0,1.0,1.0,1.0,1.0,1.0,success,
controlled_000285,qwen3:14b,no_evidence,No Evidence,diagnostic_baseline,question_only_lower_bound,True,controlled,single_hop,entity,4000,scattered,low,high,Arcturus Systems 00284,unknown,p0001,,True,0.0,0.0,0.0,0.0,0.0,0.0,0.0,0.0,0.0,0.0,evidence_localization_failure,
controlled_000285,qwen3:14b,direct,Full Context,diagnostic_condition,full_context_condition,True,controlled,single_hop,entity,4000,scattered,low,high,Arcturus Systems 00284,Arcturus Systems 00284,p0001,p0001,True,1.0,1.0,1.0,1.0,1.0,1.0,1.0,1.0,1.0,1.0,success,
controlled_000285,qwen3:14b,retrieve_then_read,Retrieved Evidence,diagnostic_condition,evidence_narrowed_condition,True,controlled,single_hop,entity,4000,scattered,low,high,Arcturus Systems 00284,Arcturus Systems,p0001,p0001,True,0.0,0.8,1.0,1.0,0.0,0.8,1.0,1.0,1.0,1.0,answer_conversion_failure,
controlled_000285,qwen3:14b,oracle,Oracle Evidence,diagnostic_baseline,oracle_evidence_upper_reference,True,controlled,single_hop,entity,4000,scattered,low,high,Arcturus Systems 00284,Arcturus Systems,p0001,p0001,True,0.0,0.8,1.0,1.0,0.0,0.8,1.0,1.0,1.0,1.0,answer_conversion_failure,
controlled_000829,qwen3:14b,no_evidence,No Evidence,diagnostic_baseline,question_only_lower_bound,True,controlled,multi_hop,entity,16000,end,medium,low,Zurich-00828,unknown,p0001;p0002,,True,0.0,0.0,0.0,0.0,0.0,0.0,0.0,0.0,0.0,0.0,evidence_localization_failure,
controlled_000829,qwen3:14b,direct,Full Context,diagnostic_condition,full_context_condition,True,controlled,multi_hop,entity,16000,end,medium,low,Zurich-00828,Zurich-00828,p0001;p0002,p0002,True,1.0,1.0,1.0,1.0,1.0,1.0,1.0,0.5,0.6666666666666666,1.0,success,
controlled_000829,qwen3:14b,retrieve_then_read,Retrieved Evidence,diagnostic_condition,evidence_narrowed_condition,True,controlled,multi_hop,entity,16000,end,medium,low,Zurich-00828,Zurich-00828,p0001;p0002,p0001;p0002,True,1.0,1.0,1.0,1.0,1.0,1.0,1.0,1.0,1.0,1.0,success,
controlled_000829,qwen3:14b,oracle,Oracle Evidence,diagnostic_baseline,oracle_evidence_upper_reference,True,controlled,multi_hop,entity,16000,end,medium,low,Zurich-00828,Zurich-00828,p0001;p0002,p0001;p0002,True,1.0,1.0,1.0,1.0,1.0,1.0,1.0,1.0,1.0,1.0,success,
controlled_000891,qwen3:14b,no_evidence,No Evidence,diagnostic_baseline,question_only_lower_bound,True,controlled,comparison,entity,16000,scattered,medium,none,Model Alpha 00890,unknown,p0001;p0002,,True,0.0,0.0,0.0,0.0,0.0,0.0,0.0,0.0,0.0,0.0,evidence_localization_failure,
controlled_000891,qwen3:14b,direct,Full Context,diagnostic_condition,full_context_condition,True,controlled,comparison,entity,16000,scattered,medium,none,Model Alpha 00890,unknown,p0001;p0002,,True,0.0,0.0,0.0,0.0,0.0,0.0,0.0,0.0,0.0,0.0,evidence_localization_failure,
controlled_000891,qwen3:14b,retrieve_then_read,Retrieved Evidence,diagnostic_condition,evidence_narrowed_condition,True,controlled,comparison,entity,16000,scattered,medium,none,Model Alpha 00890,Model Alpha,p0001;p0002,p0001,True,0.0,0.8,1.0,1.0,0.0,0.8,1.0,0.5,0.6666666666666666,1.0,evidence_integration_failure,
controlled_000891,qwen3:14b,oracle,Oracle Evidence,diagnostic_baseline,oracle_evidence_upper_reference,True,controlled,comparison,entity,16000,scattered,medium,none,Model Alpha 00890,Model Alpha,p0001;p0002,p0001;p0002,True,0.0,0.8,1.0,1.0,0.0,0.8,1.0,1.0,1.0,1.0,answer_conversion_failure,
controlled_000007,qwen3:14b,no_evidence,No Evidence,diagnostic_baseline,question_only_lower_bound,True,controlled,multi_hop,entity,4000,front,medium,none,Zurich-00006,unknown,p0001;p0002,,True,0.0,0.0,0.0,0.0,0.0,0.0,0.0,0.0,0.0,0.0,evidence_localization_failure,
controlled_000007,qwen3:14b,direct,Full Context,diagnostic_condition,full_context_condition,True,controlled,multi_hop,entity,4000,front,medium,none,Zurich-00006,Zurich-00006,p0001;p0002,p0001;p0002,True,1.0,1.0,1.0,1.0,1.0,1.0,1.0,1.0,1.0,1.0,success,
controlled_000007,qwen3:14b,retrieve_then_read,Retrieved Evidence,diagnostic_condition,evidence_narrowed_condition,True,controlled,multi_hop,entity,4000,front,medium,none,Zurich-00006,Zurich-00006,p0001;p0002,p0001;p0002,True,1.0,1.0,1.0,1.0,1.0,1.0,1.0,1.0,1.0,1.0,success,
controlled_000007,qwen3:14b,oracle,Oracle Evidence,diagnostic_baseline,oracle_evidence_upper_reference,True,controlled,multi_hop,entity,4000,front,medium,none,Zurich-00006,Zurich-00006,p0001;p0002,p0001;p0002,True,1.0,1.0,1.0,1.0,1.0,1.0,1.0,1.0,1.0,1.0,success,
controlled_000778,qwen3:14b,no_evidence,No Evidence,diagnostic_baseline,question_only_lower_bound,True,controlled,arithmetic,number,16000,middle,medium,high,609,unknown,p0001;p0002,,True,0.0,0.0,0.0,0.0,0.0,0.0,0.0,0.0,0.0,0.0,evidence_localization_failure,
controlled_000778,qwen3:14b,direct,Full Context,diagnostic_condition,full_context_condition,True,controlled,arithmetic,number,16000,middle,medium,high,609,0,p0001;p0002,,True,0.0,0.0,0.0,0.0,0.0,0.0,0.0,0.0,0.0,0.0,evidence_localization_failure,
controlled_000778,qwen3:14b,retrieve_then_read,Retrieved Evidence,diagnostic_condition,evidence_narrowed_condition,True,controlled,arithmetic,number,16000,middle,medium,high,609,609,p0001;p0002,p0001;p0002,True,1.0,1.0,1.0,1.0,1.0,1.0,1.0,1.0,1.0,1.0,success,
controlled_000778,qwen3:14b,oracle,Oracle Evidence,diagnostic_baseline,oracle_evidence_upper_reference,True,controlled,arithmetic,number,16000,middle,medium,high,609,609,p0001;p0002,p0001;p0002,True,1.0,1.0,1.0,1.0,1.0,1.0,1.0,1.0,1.0,1.0,success,
controlled_000826,qwen3:14b,no_evidence,No Evidence,diagnostic_baseline,question_only_lower_bound,True,controlled,multi_hop,entity,16000,end,medium,low,Zurich-00825,unknown,p0001;p0002,,True,0.0,0.0,0.0,0.0,0.0,0.0,0.0,0.0,0.0,0.0,evidence_localization_failure,
controlled_000826,qwen3:14b,direct,Full Context,diagnostic_condition,full_context_condition,True,controlled,multi_hop,entity,16000,end,medium,low,Zurich-00825,Zurich-00825,p0001;p0002,p0001;p0002,True,1.0,1.0,1.0,1.0,1.0,1.0,1.0,1.0,1.0,1.0,success,
controlled_000826,qwen3:14b,retrieve_then_read,Retrieved Evidence,diagnostic_condition,evidence_narrowed_condition,True,controlled,multi_hop,entity,16000,end,medium,low,Zurich-00825,Zurich-00825,p0001;p0002,p0001;p0002,True,1.0,1.0,1.0,1.0,1.0,1.0,1.0,1.0,1.0,1.0,success,
controlled_000826,qwen3:14b,oracle,Oracle Evidence,diagnostic_baseline,oracle_evidence_upper_reference,True,controlled,multi_hop,entity,16000,end,medium,low,Zurich-00825,Zurich-00825,p0001;p0002,p0001;p0002,True,1.0,1.0,1.0,1.0,1.0,1.0,1.0,1.0,1.0,1.0,success,
controlled_000164,qwen3:14b,no_evidence,No Evidence,diagnostic_baseline,question_only_lower_bound,True,controlled,single_hop,entity,4000,end,low,none,Arcturus Systems 00163,unknown,p0001,,True,0.0,0.0,0.0,0.0,0.0,0.0,0.0,0.0,0.0,0.0,evidence_localization_failure,
controlled_000164,qwen3:14b,direct,Full Context,diagnostic_condition,full_context_condition,True,controlled,single_hop,entity,4000,end,low,none,Arcturus Systems 00163,Arcturus Systems 00163,p0001,p0001,True,1.0,1.0,1.0,1.0,1.0,1.0,1.0,1.0,1.0,1.0,success,
controlled_000164,qwen3:14b,retrieve_then_read,Retrieved Evidence,diagnostic_condition,evidence_narrowed_condition,True,controlled,single_hop,entity,4000,end,low,none,Arcturus Systems 00163,Arcturus Systems,p0001,p0001,True,0.0,0.8,1.0,1.0,0.0,0.8,1.0,1.0,1.0,1.0,answer_conversion_failure,
controlled_000164,qwen3:14b,oracle,Oracle Evidence,diagnostic_baseline,oracle_evidence_upper_reference,True,controlled,single_hop,entity,4000,end,low,none,Arcturus Systems 00163,Arcturus Systems 00163,p0001,p0001,True,1.0,1.0,1.0,1.0,1.0,1.0,1.0,1.0,1.0,1.0,success,
controlled_000715,qwen3:14b,no_evidence,No Evidence,diagnostic_baseline,question_only_lower_bound,True,controlled,comparison,entity,16000,front,medium,conflicting,Model Alpha 00714,unknown,p0001;p0002,,True,0.0,0.0,0.0,0.0,0.0,0.0,0.0,0.0,0.0,0.0,evidence_localization_failure,
controlled_000715,qwen3:14b,direct,Full Context,diagnostic_condition,full_context_condition,True,controlled,comparison,entity,16000,front,medium,conflicting,Model Alpha 00714,unknown,p0001;p0002,,True,0.0,0.0,0.0,0.0,0.0,0.0,0.0,0.0,0.0,0.0,evidence_localization_failure,
controlled_000715,qwen3:14b,retrieve_then_read,Retrieved Evidence,diagnostic_condition,evidence_narrowed_condition,True,controlled,comparison,entity,16000,front,medium,conflicting,Model Alpha 00714,Model Alpha,p0001;p0002,p0001;p0002,True,0.0,0.8,1.0,1.0,0.0,0.8,1.0,1.0,1.0,1.0,answer_conversion_failure,
controlled_000715,qwen3:14b,oracle,Oracle Evidence,diagnostic_baseline,oracle_evidence_upper_reference,True,controlled,comparison,entity,16000,front,medium,conflicting,Model Alpha 00714,Model Alpha,p0001;p0002,p0001;p0002,True,0.0,0.8,1.0,1.0,0.0,0.8,1.0,1.0,1.0,1.0,answer_conversion_failure,
controlled_000944,qwen3:14b,no_evidence,No Evidence,diagnostic_baseline,question_only_lower_bound,True,controlled,single_hop,entity,16000,scattered,low,conflicting,Arcturus Systems 00943,unknown,p0001,,True,0.0,0.0,0.0,0.0,0.0,0.0,0.0,0.0,0.0,0.0,evidence_localization_failure,
controlled_000944,qwen3:14b,direct,Full Context,diagnostic_condition,full_context_condition,True,controlled,single_hop,entity,16000,scattered,low,conflicting,Arcturus Systems 00943,Acme Corp,p0001,p0001,True,0.0,0.0,0.0,0.0,0.0,0.0,1.0,1.0,1.0,1.0,answer_conversion_failure,
controlled_000944,qwen3:14b,retrieve_then_read,Retrieved Evidence,diagnostic_condition,evidence_narrowed_condition,True,controlled,single_hop,entity,16000,scattered,low,conflicting,Arcturus Systems 00943,Arcturus Systems,p0001,p0001,True,0.0,0.8,1.0,1.0,0.0,0.8,1.0,1.0,1.0,1.0,answer_conversion_failure,
controlled_000944,qwen3:14b,oracle,Oracle Evidence,diagnostic_baseline,oracle_evidence_upper_reference,True,controlled,single_hop,entity,16000,scattered,low,conflicting,Arcturus Systems 00943,Arcturus Systems 00943,p0001,p0001,True,1.0,1.0,1.0,1.0,1.0,1.0,1.0,1.0,1.0,1.0,success,
controlled_000349,qwen3:14b,no_evidence,No Evidence,diagnostic_baseline,question_only_lower_bound,True,controlled,multi_hop,entity,8000,front,medium,low,Zurich-00348,unknown,p0001;p0002,,True,0.0,0.0,0.0,0.0,0.0,0.0,0.0,0.0,0.0,0.0,evidence_localization_failure,
controlled_000349,qwen3:14b,direct,Full Context,diagnostic_condition,full_context_condition,True,controlled,multi_hop,entity,8000,front,medium,low,Zurich-00348,unknown,p0001;p0002,,True,0.0,0.0,0.0,0.0,0.0,0.0,0.0,0.0,0.0,0.0,evidence_localization_failure,
controlled_000349,qwen3:14b,retrieve_then_read,Retrieved Evidence,diagnostic_condition,evidence_narrowed_condition,True,controlled,multi_hop,entity,8000,front,medium,low,Zurich-00348,Zurich-00348,p0001;p0002,p0001;p0002,True,1.0,1.0,1.0,1.0,1.0,1.0,1.0,1.0,1.0,1.0,success,
controlled_000349,qwen3:14b,oracle,Oracle Evidence,diagnostic_baseline,oracle_evidence_upper_reference,True,controlled,multi_hop,entity,8000,front,medium,low,Zurich-00348,Zurich-00348,p0001;p0002,p0001;p0002,True,1.0,1.0,1.0,1.0,1.0,1.0,1.0,1.0,1.0,1.0,success,
controlled_000925,qwen3:14b,no_evidence,No Evidence,diagnostic_baseline,question_only_lower_bound,True,controlled,single_hop,entity,16000,scattered,low,high,Arcturus Systems 00924,unknown,p0001,,True,0.0,0.0,0.0,0.0,0.0,0.0,0.0,0.0,0.0,0.0,evidence_localization_failure,
controlled_000925,qwen3:14b,direct,Full Context,diagnostic_condition,full_context_condition,True,controlled,single_hop,entity,16000,scattered,low,high,Arcturus Systems 00924,QuantumTech Innovations,p0001,p0001,True,0.0,0.0,0.0,0.0,0.0,0.0,1.0,1.0,1.0,1.0,answer_conversion_failure,
controlled_000925,qwen3:14b,retrieve_then_read,Retrieved Evidence,diagnostic_condition,evidence_narrowed_condition,True,controlled,single_hop,entity,16000,scattered,low,high,Arcturus Systems 00924,Arcturus Systems,p0001,p0001,True,0.0,0.8,1.0,1.0,0.0,0.8,1.0,1.0,1.0,1.0,answer_conversion_failure,
controlled_000925,qwen3:14b,oracle,Oracle Evidence,diagnostic_baseline,oracle_evidence_upper_reference,True,controlled,single_hop,entity,16000,scattered,low,high,Arcturus Systems 00924,Arcturus Systems 00924,p0001,p0001,True,1.0,1.0,1.0,1.0,1.0,1.0,1.0,1.0,1.0,1.0,success,
controlled_000160,qwen3:14b,no_evidence,No Evidence,diagnostic_baseline,question_only_lower_bound,True,controlled,arithmetic,number,4000,middle,medium,conflicting,570,unknown,p0001;p0002,,True,0.0,0.0,0.0,0.0,0.0,0.0,0.0,0.0,0.0,0.0,evidence_localization_failure,
controlled_000160,qwen3:14b,direct,Full Context,diagnostic_condition,full_context_condition,True,controlled,arithmetic,number,4000,middle,medium,conflicting,570,570,p0001;p0002,p0001;p0002,True,1.0,1.0,1.0,1.0,1.0,1.0,1.0,1.0,1.0,1.0,success,
controlled_000160,qwen3:14b,retrieve_then_read,Retrieved Evidence,diagnostic_condition,evidence_narrowed_condition,True,controlled,arithmetic,number,4000,middle,medium,conflicting,570,570,p0001;p0002,p0001;p0002,True,1.0,1.0,1.0,1.0,1.0,1.0,1.0,1.0,1.0,1.0,success,
controlled_000160,qwen3:14b,oracle,Oracle Evidence,diagnostic_baseline,oracle_evidence_upper_reference,True,controlled,arithmetic,number,4000,middle,medium,conflicting,570,570,p0001;p0002,p0001;p0002,True,1.0,1.0,1.0,1.0,1.0,1.0,1.0,1.0,1.0,1.0,success,
controlled_000221,qwen3:14b,no_evidence,No Evidence,diagnostic_baseline,question_only_lower_bound,True,controlled,single_hop,entity,4000,end,low,conflicting,Arcturus Systems 00220,unknown,p0001,,True,0.0,0.0,0.0,0.0,0.0,0.0,0.0,0.0,0.0,0.0,evidence_localization_failure,
controlled_000221,qwen3:14b,direct,Full Context,diagnostic_condition,full_context_condition,True,controlled,single_hop,entity,4000,end,low,conflicting,Arcturus Systems 00220,Arcturus Systems 00220,p0001,p0001,True,1.0,1.0,1.0,1.0,1.0,1.0,1.0,1.0,1.0,1.0,success,
controlled_000221,qwen3:14b,retrieve_then_read,Retrieved Evidence,diagnostic_condition,evidence_narrowed_condition,True,controlled,single_hop,entity,4000,end,low,conflicting,Arcturus Systems 00220,Arcturus Systems 00220,p0001,p0001,True,1.0,1.0,1.0,1.0,1.0,1.0,1.0,1.0,1.0,1.0,success,
controlled_000221,qwen3:14b,oracle,Oracle Evidence,diagnostic_baseline,oracle_evidence_upper_reference,True,controlled,single_hop,entity,4000,end,low,conflicting,Arcturus Systems 00220,Arcturus Systems 00220,p0001,p0001,True,1.0,1.0,1.0,1.0,1.0,1.0,1.0,1.0,1.0,1.0,success,
controlled_000782,qwen3:14b,no_evidence,No Evidence,diagnostic_baseline,question_only_lower_bound,True,controlled,single_hop,entity,16000,middle,low,conflicting,Arcturus Systems 00781,unknown,p0001,,True,0.0,0.0,0.0,0.0,0.0,0.0,0.0,0.0,0.0,0.0,evidence_localization_failure,
controlled_000782,qwen3:14b,direct,Full Context,diagnostic_condition,full_context_condition,True,controlled,single_hop,entity,16000,middle,low,conflicting,Arcturus Systems 00781,Acme Corp,p0001,p0001,True,0.0,0.0,0.0,0.0,0.0,0.0,1.0,1.0,1.0,1.0,answer_conversion_failure,
controlled_000782,qwen3:14b,retrieve_then_read,Retrieved Evidence,diagnostic_condition,evidence_narrowed_condition,True,controlled,single_hop,entity,16000,middle,low,conflicting,Arcturus Systems 00781,Arcturus Systems,p0001,p0001,True,0.0,0.8,1.0,1.0,0.0,0.8,1.0,1.0,1.0,1.0,answer_conversion_failure,
controlled_000782,qwen3:14b,oracle,Oracle Evidence,diagnostic_baseline,oracle_evidence_upper_reference,True,controlled,single_hop,entity,16000,middle,low,conflicting,Arcturus Systems 00781,Arcturus Systems 00781,p0001,p0001,True,1.0,1.0,1.0,1.0,1.0,1.0,1.0,1.0,1.0,1.0,success,
controlled_000345,qwen3:14b,no_evidence,No Evidence,diagnostic_baseline,question_only_lower_bound,True,controlled,single_hop,entity,8000,front,low,low,Arcturus Systems 00344,unknown,p0001,,True,0.0,0.0,0.0,0.0,0.0,0.0,0.0,0.0,0.0,0.0,evidence_localization_failure,
controlled_000345,qwen3:14b,direct,Full Context,diagnostic_condition,full_context_condition,True,controlled,single_hop,entity,8000,front,low,low,Arcturus Systems 00344,unknown,p0001,,True,0.0,0.0,0.0,0.0,0.0,0.0,0.0,0.0,0.0,0.0,evidence_localization_failure,
controlled_000345,qwen3:14b,retrieve_then_read,Retrieved Evidence,diagnostic_condition,evidence_narrowed_condition,True,controlled,single_hop,entity,8000,front,low,low,Arcturus Systems 00344,Arcturus Systems,p0001,p0001,True,0.0,0.8,1.0,1.0,0.0,0.8,1.0,1.0,1.0,1.0,answer_conversion_failure,
controlled_000345,qwen3:14b,oracle,Oracle Evidence,diagnostic_baseline,oracle_evidence_upper_reference,True,controlled,single_hop,entity,8000,front,low,low,Arcturus Systems 00344,Arcturus Systems,p0001,p0001,True,0.0,0.8,1.0,1.0,0.0,0.8,1.0,1.0,1.0,1.0,answer_conversion_failure,
controlled_000951,qwen3:14b,no_evidence,No Evidence,diagnostic_baseline,question_only_lower_bound,True,controlled,comparison,entity,16000,scattered,medium,conflicting,Model Alpha 00950,unknown,p0001;p0002,,True,0.0,0.0,0.0,0.0,0.0,0.0,0.0,0.0,0.0,0.0,evidence_localization_failure,
controlled_000951,qwen3:14b,direct,Full Context,diagnostic_condition,full_context_condition,True,controlled,comparison,entity,16000,scattered,medium,conflicting,Model Alpha 00950,unknown,p0001;p0002,,True,0.0,0.0,0.0,0.0,0.0,0.0,0.0,0.0,0.0,0.0,evidence_localization_failure,
controlled_000951,qwen3:14b,retrieve_then_read,Retrieved Evidence,diagnostic_condition,evidence_narrowed_condition,True,controlled,comparison,entity,16000,scattered,medium,conflicting,Model Alpha 00950,Model Alpha 00950,p0001;p0002,p0001;p0002;p0003,True,1.0,1.0,1.0,1.0,1.0,1.0,0.6666666666666666,1.0,0.8,1.0,success,
controlled_000951,qwen3:14b,oracle,Oracle Evidence,diagnostic_baseline,oracle_evidence_upper_reference,True,controlled,comparison,entity,16000,scattered,medium,conflicting,Model Alpha 00950,Model Alpha,p0001;p0002,p0001;p0002,True,0.0,0.8,1.0,1.0,0.0,0.8,1.0,1.0,1.0,1.0,answer_conversion_failure,
controlled_000095,qwen3:14b,no_evidence,No Evidence,diagnostic_baseline,question_only_lower_bound,True,controlled,comparison,entity,4000,middle,medium,none,Model Alpha 00094,unknown,p0001;p0002,,True,0.0,0.0,0.0,0.0,0.0,0.0,0.0,0.0,0.0,0.0,evidence_localization_failure,
controlled_000095,qwen3:14b,direct,Full Context,diagnostic_condition,full_context_condition,True,controlled,comparison,entity,4000,middle,medium,none,Model Alpha 00094,Model Alpha,p0001;p0002,p0001;p0002,True,0.0,0.8,1.0,1.0,0.0,0.8,1.0,1.0,1.0,1.0,answer_conversion_failure,
controlled_000095,qwen3:14b,retrieve_then_read,Retrieved Evidence,diagnostic_condition,evidence_narrowed_condition,True,controlled,comparison,entity,4000,middle,medium,none,Model Alpha 00094,Model Alpha,p0001;p0002,p0001;p0002,True,0.0,0.8,1.0,1.0,0.0,0.8,1.0,1.0,1.0,1.0,answer_conversion_failure,
controlled_000095,qwen3:14b,oracle,Oracle Evidence,diagnostic_baseline,oracle_evidence_upper_reference,True,controlled,comparison,entity,4000,middle,medium,none,Model Alpha 00094,Model Alpha,p0001;p0002,p0001;p0002,True,0.0,0.8,1.0,1.0,0.0,0.8,1.0,1.0,1.0,1.0,answer_conversion_failure,
controlled_000390,qwen3:14b,no_evidence,No Evidence,diagnostic_baseline,question_only_lower_bound,True,controlled,multi_hop,entity,8000,front,medium,conflicting,Zurich-00389,,p0001;p0002,,True,0.0,0.0,0.0,0.0,0.0,0.0,0.0,0.0,0.0,0.0,evidence_localization_failure,
controlled_000390,qwen3:14b,direct,Full Context,diagnostic_condition,full_context_condition,True,controlled,multi_hop,entity,8000,front,medium,conflicting,Zurich-00389,Oslo,p0001;p0002,p0001,True,0.0,0.0,0.0,0.0,0.0,0.0,1.0,0.5,0.6666666666666666,1.0,evidence_integration_failure,
controlled_000390,qwen3:14b,retrieve_then_read,Retrieved Evidence,diagnostic_condition,evidence_narrowed_condition,True,controlled,multi_hop,entity,8000,front,medium,conflicting,Zurich-00389,Zurich-00389,p0001;p0002,p0001;p0002,True,1.0,1.0,1.0,1.0,1.0,1.0,1.0,1.0,1.0,1.0,success,
controlled_000390,qwen3:14b,oracle,Oracle Evidence,diagnostic_baseline,oracle_evidence_upper_reference,True,controlled,multi_hop,entity,8000,front,medium,conflicting,Zurich-00389,Zurich-00389,p0001;p0002,p0001;p0002,True,1.0,1.0,1.0,1.0,1.0,1.0,1.0,1.0,1.0,1.0,success,
controlled_000100,qwen3:14b,no_evidence,No Evidence,diagnostic_baseline,question_only_lower_bound,True,controlled,arithmetic,number,4000,middle,medium,none,686,unknown,p0001;p0002,,True,0.0,0.0,0.0,0.0,0.0,0.0,0.0,0.0,0.0,0.0,evidence_localization_failure,
controlled_000100,qwen3:14b,direct,Full Context,diagnostic_condition,full_context_condition,True,controlled,arithmetic,number,4000,middle,medium,none,686,686,p0001;p0002,p0001;p0002,True,1.0,1.0,1.0,1.0,1.0,1.0,1.0,1.0,1.0,1.0,success,
controlled_000100,qwen3:14b,retrieve_then_read,Retrieved Evidence,diagnostic_condition,evidence_narrowed_condition,True,controlled,arithmetic,number,4000,middle,medium,none,686,686,p0001;p0002,p0001;p0002,True,1.0,1.0,1.0,1.0,1.0,1.0,1.0,1.0,1.0,1.0,success,
controlled_000100,qwen3:14b,oracle,Oracle Evidence,diagnostic_baseline,oracle_evidence_upper_reference,True,controlled,arithmetic,number,4000,middle,medium,none,686,686,p0001;p0002,p0001;p0002,True,1.0,1.0,1.0,1.0,1.0,1.0,1.0,1.0,1.0,1.0,success,
controlled_000368,qwen3:14b,no_evidence,No Evidence,diagnostic_baseline,question_only_lower_bound,True,controlled,multi_hop,entity,8000,front,medium,high,Zurich-00367,unknown,p0001;p0002,,True,0.0,0.0,0.0,0.0,0.0,0.0,0.0,0.0,0.0,0.0,evidence_localization_failure,
controlled_000368,qwen3:14b,direct,Full Context,diagnostic_condition,full_context_condition,True,controlled,multi_hop,entity,8000,front,medium,high,Zurich-00367,Zurich,p0001;p0002,p0001,True,0.0,0.0,1.0,1.0,0.0,0.0,1.0,0.5,0.6666666666666666,1.0,evidence_integration_failure,
controlled_000368,qwen3:14b,retrieve_then_read,Retrieved Evidence,diagnostic_condition,evidence_narrowed_condition,True,controlled,multi_hop,entity,8000,front,medium,high,Zurich-00367,Zurich-00367,p0001;p0002,p0001;p0002,True,1.0,1.0,1.0,1.0,1.0,1.0,1.0,1.0,1.0,1.0,success,
controlled_000368,qwen3:14b,oracle,Oracle Evidence,diagnostic_baseline,oracle_evidence_upper_reference,True,controlled,multi_hop,entity,8000,front,medium,high,Zurich-00367,Zurich-00367,p0001;p0002,p0001;p0002,True,1.0,1.0,1.0,1.0,1.0,1.0,1.0,1.0,1.0,1.0,success,
controlled_000868,qwen3:14b,no_evidence,No Evidence,diagnostic_baseline,question_only_lower_bound,True,controlled,multi_hop,entity,16000,end,medium,conflicting,Zurich-00867,unknown,p0001;p0002,,True,0.0,0.0,0.0,0.0,0.0,0.0,0.0,0.0,0.0,0.0,evidence_localization_failure,
controlled_000868,qwen3:14b,direct,Full Context,diagnostic_condition,full_context_condition,True,controlled,multi_hop,entity,16000,end,medium,conflicting,Zurich-00867,Zurich-00867,p0001;p0002,p0002,True,1.0,1.0,1.0,1.0,1.0,1.0,1.0,0.5,0.6666666666666666,1.0,success,
controlled_000868,qwen3:14b,retrieve_then_read,Retrieved Evidence,diagnostic_condition,evidence_narrowed_condition,True,controlled,multi_hop,entity,16000,end,medium,conflicting,Zurich-00867,Zurich-00867,p0001;p0002,p0001;p0002,True,1.0,1.0,1.0,1.0,1.0,1.0,1.0,1.0,1.0,1.0,success,
controlled_000868,qwen3:14b,oracle,Oracle Evidence,diagnostic_baseline,oracle_evidence_upper_reference,True,controlled,multi_hop,entity,16000,end,medium,conflicting,Zurich-00867,Zurich-00867,p0001;p0002,p0001;p0002,True,1.0,1.0,1.0,1.0,1.0,1.0,1.0,1.0,1.0,1.0,success,
controlled_000353,qwen3:14b,no_evidence,No Evidence,diagnostic_baseline,question_only_lower_bound,True,controlled,comparison,entity,8000,front,medium,low,Model Alpha 00352,unknown,p0001;p0002,,True,0.0,0.0,0.0,0.0,0.0,0.0,0.0,0.0,0.0,0.0,evidence_localization_failure,
controlled_000353,qwen3:14b,direct,Full Context,diagnostic_condition,full_context_condition,True,controlled,comparison,entity,8000,front,medium,low,Model Alpha 00352,Unknown,p0001;p0002,,True,0.0,0.0,0.0,0.0,0.0,0.0,0.0,0.0,0.0,0.0,evidence_localization_failure,
controlled_000353,qwen3:14b,retrieve_then_read,Retrieved Evidence,diagnostic_condition,evidence_narrowed_condition,True,controlled,comparison,entity,8000,front,medium,low,Model Alpha 00352,Model Alpha,p0001;p0002,p0001;p0002,True,0.0,0.8,1.0,1.0,0.0,0.8,1.0,1.0,1.0,1.0,answer_conversion_failure,
controlled_000353,qwen3:14b,oracle,Oracle Evidence,diagnostic_baseline,oracle_evidence_upper_reference,True,controlled,comparison,entity,8000,front,medium,low,Model Alpha 00352,Model Alpha,p0001;p0002,p0001;p0002,True,0.0,0.8,1.0,1.0,0.0,0.8,1.0,1.0,1.0,1.0,answer_conversion_failure,
controlled_000619,qwen3:14b,no_evidence,No Evidence,diagnostic_baseline,question_only_lower_bound,True,controlled,arithmetic,number,8000,scattered,medium,high,477,unknown,p0001;p0002,,True,0.0,0.0,0.0,0.0,0.0,0.0,0.0,0.0,0.0,0.0,evidence_localization_failure,
controlled_000619,qwen3:14b,direct,Full Context,diagnostic_condition,full_context_condition,True,controlled,arithmetic,number,8000,scattered,medium,high,477,103,p0001;p0002,p0001;p0002,True,0.0,0.0,0.0,0.0,0.0,0.0,1.0,1.0,1.0,1.0,answer_conversion_failure,
controlled_000619,qwen3:14b,retrieve_then_read,Retrieved Evidence,diagnostic_condition,evidence_narrowed_condition,True,controlled,arithmetic,number,8000,scattered,medium,high,477,477,p0001;p0002,p0001;p0002,True,1.0,1.0,1.0,1.0,1.0,1.0,1.0,1.0,1.0,1.0,success,
controlled_000619,qwen3:14b,oracle,Oracle Evidence,diagnostic_baseline,oracle_evidence_upper_reference,True,controlled,arithmetic,number,8000,scattered,medium,high,477,477,p0001;p0002,p0001;p0002,True,1.0,1.0,1.0,1.0,1.0,1.0,1.0,1.0,1.0,1.0,success,
controlled_000271,qwen3:14b,no_evidence,No Evidence,diagnostic_baseline,question_only_lower_bound,True,controlled,comparison,entity,4000,scattered,medium,low,Model Alpha 00270,unknown,p0001;p0002,,True,0.0,0.0,0.0,0.0,0.0,0.0,0.0,0.0,0.0,0.0,evidence_localization_failure,
controlled_000271,qwen3:14b,direct,Full Context,diagnostic_condition,full_context_condition,True,controlled,comparison,entity,4000,scattered,medium,low,Model Alpha 00270,Model Alpha,p0001;p0002,p0001;p0002,True,0.0,0.8,1.0,1.0,0.0,0.8,1.0,1.0,1.0,1.0,answer_conversion_failure,
controlled_000271,qwen3:14b,retrieve_then_read,Retrieved Evidence,diagnostic_condition,evidence_narrowed_condition,True,controlled,comparison,entity,4000,scattered,medium,low,Model Alpha 00270,Model Alpha,p0001;p0002,p0001;p0002,True,0.0,0.8,1.0,1.0,0.0,0.8,1.0,1.0,1.0,1.0,answer_conversion_failure,
controlled_000271,qwen3:14b,oracle,Oracle Evidence,diagnostic_baseline,oracle_evidence_upper_reference,True,controlled,comparison,entity,4000,scattered,medium,low,Model Alpha 00270,Model Alpha,p0001;p0002,p0001;p0002,True,0.0,0.8,1.0,1.0,0.0,0.8,1.0,1.0,1.0,1.0,answer_conversion_failure,
controlled_000827,qwen3:14b,no_evidence,No Evidence,diagnostic_baseline,question_only_lower_bound,True,controlled,multi_hop,entity,16000,end,medium,low,Zurich-00826,unknown,p0001;p0002,,True,0.0,0.0,0.0,0.0,0.0,0.0,0.0,0.0,0.0,0.0,evidence_localization_failure,
controlled_000827,qwen3:14b,direct,Full Context,diagnostic_condition,full_context_condition,True,controlled,multi_hop,entity,16000,end,medium,low,Zurich-00826,Zurich-00826,p0001;p0002,p0002,True,1.0,1.0,1.0,1.0,1.0,1.0,1.0,0.5,0.6666666666666666,1.0,success,
controlled_000827,qwen3:14b,retrieve_then_read,Retrieved Evidence,diagnostic_condition,evidence_narrowed_condition,True,controlled,multi_hop,entity,16000,end,medium,low,Zurich-00826,Zurich-00826,p0001;p0002,p0001;p0002,True,1.0,1.0,1.0,1.0,1.0,1.0,1.0,1.0,1.0,1.0,success,
controlled_000827,qwen3:14b,oracle,Oracle Evidence,diagnostic_baseline,oracle_evidence_upper_reference,True,controlled,multi_hop,entity,16000,end,medium,low,Zurich-00826,Zurich-00826,p0001;p0002,p0001;p0002,True,1.0,1.0,1.0,1.0,1.0,1.0,1.0,1.0,1.0,1.0,success,
controlled_000045,qwen3:14b,no_evidence,No Evidence,diagnostic_baseline,question_only_lower_bound,True,controlled,single_hop,entity,4000,front,low,high,Arcturus Systems 00044,unknown,p0001,,True,0.0,0.0,0.0,0.0,0.0,0.0,0.0,0.0,0.0,0.0,evidence_localization_failure,
controlled_000045,qwen3:14b,direct,Full Context,diagnostic_condition,full_context_condition,True,controlled,single_hop,entity,4000,front,low,high,Arcturus Systems 00044,Arcturus Systems,p0001,p0001,True,0.0,0.8,1.0,1.0,0.0,0.8,1.0,1.0,1.0,1.0,answer_conversion_failure,
controlled_000045,qwen3:14b,retrieve_then_read,Retrieved Evidence,diagnostic_condition,evidence_narrowed_condition,True,controlled,single_hop,entity,4000,front,low,high,Arcturus Systems 00044,Arcturus Systems,p0001,p0001,True,0.0,0.8,1.0,1.0,0.0,0.8,1.0,1.0,1.0,1.0,answer_conversion_failure,
controlled_000045,qwen3:14b,oracle,Oracle Evidence,diagnostic_baseline,oracle_evidence_upper_reference,True,controlled,single_hop,entity,4000,front,low,high,Arcturus Systems 00044,Arcturus Systems 00044,p0001,p0001,True,1.0,1.0,1.0,1.0,1.0,1.0,1.0,1.0,1.0,1.0,success,
controlled_000748,qwen3:14b,no_evidence,No Evidence,diagnostic_baseline,question_only_lower_bound,True,controlled,multi_hop,entity,16000,middle,medium,low,Zurich-00747,unknown,p0001;p0002,,True,0.0,0.0,0.0,0.0,0.0,0.0,0.0,0.0,0.0,0.0,evidence_localization_failure,
controlled_000748,qwen3:14b,direct,Full Context,diagnostic_condition,full_context_condition,True,controlled,multi_hop,entity,16000,middle,medium,low,Zurich-00747,San Francisco,p0001;p0002,p0001,True,0.0,0.0,0.0,0.0,0.0,0.0,1.0,0.5,0.6666666666666666,1.0,evidence_integration_failure,
controlled_000748,qwen3:14b,retrieve_then_read,Retrieved Evidence,diagnostic_condition,evidence_narrowed_condition,True,controlled,multi_hop,entity,16000,middle,medium,low,Zurich-00747,Zurich-00747,p0001;p0002,p0001;p0002,True,1.0,1.0,1.0,1.0,1.0,1.0,1.0,1.0,1.0,1.0,success,
controlled_000748,qwen3:14b,oracle,Oracle Evidence,diagnostic_baseline,oracle_evidence_upper_reference,True,controlled,multi_hop,entity,16000,middle,medium,low,Zurich-00747,Zurich-00747,p0001;p0002,p0001;p0002,True,1.0,1.0,1.0,1.0,1.0,1.0,1.0,1.0,1.0,1.0,success,
controlled_000471,qwen3:14b,no_evidence,No Evidence,diagnostic_baseline,question_only_lower_bound,True,controlled,comparison,entity,8000,middle,medium,conflicting,Model Alpha 00470,unknown,p0001;p0002,,True,0.0,0.0,0.0,0.0,0.0,0.0,0.0,0.0,0.0,0.0,evidence_localization_failure,
controlled_000471,qwen3:14b,direct,Full Context,diagnostic_condition,full_context_condition,True,controlled,comparison,entity,8000,middle,medium,conflicting,Model Alpha 00470,Model Alpha,p0001;p0002,p0001;p0002,True,0.0,0.8,1.0,1.0,0.0,0.8,1.0,1.0,1.0,1.0,answer_conversion_failure,
controlled_000471,qwen3:14b,retrieve_then_read,Retrieved Evidence,diagnostic_condition,evidence_narrowed_condition,True,controlled,comparison,entity,8000,middle,medium,conflicting,Model Alpha 00470,Model Alpha 00470,p0001;p0002,p0001;p0002;p0003,True,1.0,1.0,1.0,1.0,1.0,1.0,0.6666666666666666,1.0,0.8,1.0,success,
controlled_000471,qwen3:14b,oracle,Oracle Evidence,diagnostic_baseline,oracle_evidence_upper_reference,True,controlled,comparison,entity,8000,middle,medium,conflicting,Model Alpha 00470,Model Alpha,p0001;p0002,p0001;p0002,True,0.0,0.8,1.0,1.0,0.0,0.8,1.0,1.0,1.0,1.0,answer_conversion_failure,
controlled_000550,qwen3:14b,no_evidence,No Evidence,diagnostic_baseline,question_only_lower_bound,True,controlled,multi_hop,entity,8000,end,medium,conflicting,Zurich-00549,unknown,p0001;p0002,,True,0.0,0.0,0.0,0.0,0.0,0.0,0.0,0.0,0.0,0.0,evidence_localization_failure,
controlled_000550,qwen3:14b,direct,Full Context,diagnostic_condition,full_context_condition,True,controlled,multi_hop,entity,8000,end,medium,conflicting,Zurich-00549,Zurich-00549,p0001;p0002,p0001;p0002,True,1.0,1.0,1.0,1.0,1.0,1.0,1.0,1.0,1.0,1.0,success,
controlled_000550,qwen3:14b,retrieve_then_read,Retrieved Evidence,diagnostic_condition,evidence_narrowed_condition,True,controlled,multi_hop,entity,8000,end,medium,conflicting,Zurich-00549,Zurich-00549,p0001;p0002,p0001;p0002,True,1.0,1.0,1.0,1.0,1.0,1.0,1.0,1.0,1.0,1.0,success,
controlled_000550,qwen3:14b,oracle,Oracle Evidence,diagnostic_baseline,oracle_evidence_upper_reference,True,controlled,multi_hop,entity,8000,end,medium,conflicting,Zurich-00549,Zurich-00549,p0001;p0002,p0001;p0002,True,1.0,1.0,1.0,1.0,1.0,1.0,1.0,1.0,1.0,1.0,success,
controlled_000128,qwen3:14b,no_evidence,No Evidence,diagnostic_baseline,question_only_lower_bound,True,controlled,multi_hop,entity,4000,middle,medium,high,Zurich-00127,unknown,p0001;p0002,,True,0.0,0.0,0.0,0.0,0.0,0.0,0.0,0.0,0.0,0.0,evidence_localization_failure,
controlled_000128,qwen3:14b,direct,Full Context,diagnostic_condition,full_context_condition,True,controlled,multi_hop,entity,4000,middle,medium,high,Zurich-00127,Zurich-00127,p0001;p0002,p0001;p0002,True,1.0,1.0,1.0,1.0,1.0,1.0,1.0,1.0,1.0,1.0,success,
controlled_000128,qwen3:14b,retrieve_then_read,Retrieved Evidence,diagnostic_condition,evidence_narrowed_condition,True,controlled,multi_hop,entity,4000,middle,medium,high,Zurich-00127,Zurich-00127,p0001;p0002,p0001;p0002,True,1.0,1.0,1.0,1.0,1.0,1.0,1.0,1.0,1.0,1.0,success,
controlled_000128,qwen3:14b,oracle,Oracle Evidence,diagnostic_baseline,oracle_evidence_upper_reference,True,controlled,multi_hop,entity,4000,middle,medium,high,Zurich-00127,Zurich-00127,p0001;p0002,p0001;p0002,True,1.0,1.0,1.0,1.0,1.0,1.0,1.0,1.0,1.0,1.0,success,
controlled_000388,qwen3:14b,no_evidence,No Evidence,diagnostic_baseline,question_only_lower_bound,True,controlled,multi_hop,entity,8000,front,medium,conflicting,Zurich-00387,unknown,p0001;p0002,,True,0.0,0.0,0.0,0.0,0.0,0.0,0.0,0.0,0.0,0.0,evidence_localization_failure,
controlled_000388,qwen3:14b,direct,Full Context,diagnostic_condition,full_context_condition,True,controlled,multi_hop,entity,8000,front,medium,conflicting,Zurich-00387,Oslo,p0001;p0002,p0001,True,0.0,0.0,0.0,0.0,0.0,0.0,1.0,0.5,0.6666666666666666,1.0,evidence_integration_failure,
controlled_000388,qwen3:14b,retrieve_then_read,Retrieved Evidence,diagnostic_condition,evidence_narrowed_condition,True,controlled,multi_hop,entity,8000,front,medium,conflicting,Zurich-00387,Zurich-00387,p0001;p0002,p0001;p0002,True,1.0,1.0,1.0,1.0,1.0,1.0,1.0,1.0,1.0,1.0,success,
controlled_000388,qwen3:14b,oracle,Oracle Evidence,diagnostic_baseline,oracle_evidence_upper_reference,True,controlled,multi_hop,entity,8000,front,medium,conflicting,Zurich-00387,Zurich-00387,p0001;p0002,p0001;p0002,True,1.0,1.0,1.0,1.0,1.0,1.0,1.0,1.0,1.0,1.0,success,
controlled_000081,qwen3:14b,no_evidence,No Evidence,diagnostic_baseline,question_only_lower_bound,True,controlled,single_hop,entity,4000,middle,low,none,Arcturus Systems 00080,unknown,p0001,,True,0.0,0.0,0.0,0.0,0.0,0.0,0.0,0.0,0.0,0.0,evidence_localization_failure,
controlled_000081,qwen3:14b,direct,Full Context,diagnostic_condition,full_context_condition,True,controlled,single_hop,entity,4000,middle,low,none,Arcturus Systems 00080,Arcturus Systems 00080,p0001,p0001,True,1.0,1.0,1.0,1.0,1.0,1.0,1.0,1.0,1.0,1.0,success,
controlled_000081,qwen3:14b,retrieve_then_read,Retrieved Evidence,diagnostic_condition,evidence_narrowed_condition,True,controlled,single_hop,entity,4000,middle,low,none,Arcturus Systems 00080,Arcturus Systems,p0001,p0001,True,0.0,0.8,1.0,1.0,0.0,0.8,1.0,1.0,1.0,1.0,answer_conversion_failure,
controlled_000081,qwen3:14b,oracle,Oracle Evidence,diagnostic_baseline,oracle_evidence_upper_reference,True,controlled,single_hop,entity,4000,middle,low,none,Arcturus Systems 00080,Arcturus Systems 00080,p0001,p0001,True,1.0,1.0,1.0,1.0,1.0,1.0,1.0,1.0,1.0,1.0,success,
controlled_000566,qwen3:14b,no_evidence,No Evidence,diagnostic_baseline,question_only_lower_bound,True,controlled,multi_hop,entity,8000,scattered,medium,none,Zurich-00565,unknown,p0001;p0002,,True,0.0,0.0,0.0,0.0,0.0,0.0,0.0,0.0,0.0,0.0,evidence_localization_failure,
controlled_000566,qwen3:14b,direct,Full Context,diagnostic_condition,full_context_condition,True,controlled,multi_hop,entity,8000,scattered,medium,none,Zurich-00565,Zurich,p0001;p0002,p0001,True,0.0,0.0,1.0,1.0,0.0,0.0,1.0,0.5,0.6666666666666666,1.0,evidence_integration_failure,
controlled_000566,qwen3:14b,retrieve_then_read,Retrieved Evidence,diagnostic_condition,evidence_narrowed_condition,True,controlled,multi_hop,entity,8000,scattered,medium,none,Zurich-00565,Zurich-00565,p0001;p0002,p0001;p0002,True,1.0,1.0,1.0,1.0,1.0,1.0,1.0,1.0,1.0,1.0,success,
controlled_000566,qwen3:14b,oracle,Oracle Evidence,diagnostic_baseline,oracle_evidence_upper_reference,True,controlled,multi_hop,entity,8000,scattered,medium,none,Zurich-00565,Zurich-00565,p0001;p0002,p0001;p0002,True,1.0,1.0,1.0,1.0,1.0,1.0,1.0,1.0,1.0,1.0,success,
controlled_000301,qwen3:14b,no_evidence,No Evidence,diagnostic_baseline,question_only_lower_bound,True,controlled,single_hop,entity,4000,scattered,low,conflicting,Arcturus Systems 00300,unknown,p0001,,True,0.0,0.0,0.0,0.0,0.0,0.0,0.0,0.0,0.0,0.0,evidence_localization_failure,
controlled_000301,qwen3:14b,direct,Full Context,diagnostic_condition,full_context_condition,True,controlled,single_hop,entity,4000,scattered,low,conflicting,Arcturus Systems 00300,Arcturus Systems 00300,p0001,p0001,True,1.0,1.0,1.0,1.0,1.0,1.0,1.0,1.0,1.0,1.0,success,
controlled_000301,qwen3:14b,retrieve_then_read,Retrieved Evidence,diagnostic_condition,evidence_narrowed_condition,True,controlled,single_hop,entity,4000,scattered,low,conflicting,Arcturus Systems 00300,Arcturus Systems,p0001,p0001,True,0.0,0.8,1.0,1.0,0.0,0.8,1.0,1.0,1.0,1.0,answer_conversion_failure,
controlled_000301,qwen3:14b,oracle,Oracle Evidence,diagnostic_baseline,oracle_evidence_upper_reference,True,controlled,single_hop,entity,4000,scattered,low,conflicting,Arcturus Systems 00300,Arcturus Systems 00300,p0001,p0001,True,1.0,1.0,1.0,1.0,1.0,1.0,1.0,1.0,1.0,1.0,success,
controlled_000850,qwen3:14b,no_evidence,No Evidence,diagnostic_baseline,question_only_lower_bound,True,controlled,multi_hop,entity,16000,end,medium,high,Zurich-00849,unknown,p0001;p0002,,True,0.0,0.0,0.0,0.0,0.0,0.0,0.0,0.0,0.0,0.0,evidence_localization_failure,
controlled_000850,qwen3:14b,direct,Full Context,diagnostic_condition,full_context_condition,True,controlled,multi_hop,entity,16000,end,medium,high,Zurich-00849,Zurich-00849,p0001;p0002,p0001;p0002,True,1.0,1.0,1.0,1.0,1.0,1.0,1.0,1.0,1.0,1.0,success,
controlled_000850,qwen3:14b,retrieve_then_read,Retrieved Evidence,diagnostic_condition,evidence_narrowed_condition,True,controlled,multi_hop,entity,16000,end,medium,high,Zurich-00849,Zurich-00849,p0001;p0002,p0001;p0002,True,1.0,1.0,1.0,1.0,1.0,1.0,1.0,1.0,1.0,1.0,success,
controlled_000850,qwen3:14b,oracle,Oracle Evidence,diagnostic_baseline,oracle_evidence_upper_reference,True,controlled,multi_hop,entity,16000,end,medium,high,Zurich-00849,Zurich-00849,p0001;p0002,p0001;p0002,True,1.0,1.0,1.0,1.0,1.0,1.0,1.0,1.0,1.0,1.0,success,
controlled_000644,qwen3:14b,no_evidence,No Evidence,diagnostic_baseline,question_only_lower_bound,True,controlled,single_hop,entity,16000,front,low,none,Arcturus Systems 00643,unknown,p0001,,True,0.0,0.0,0.0,0.0,0.0,0.0,0.0,0.0,0.0,0.0,evidence_localization_failure,
controlled_000644,qwen3:14b,direct,Full Context,diagnostic_condition,full_context_condition,True,controlled,single_hop,entity,16000,front,low,none,Arcturus Systems 00643,unknown,p0001,,True,0.0,0.0,0.0,0.0,0.0,0.0,0.0,0.0,0.0,0.0,evidence_localization_failure,
controlled_000644,qwen3:14b,retrieve_then_read,Retrieved Evidence,diagnostic_condition,evidence_narrowed_condition,True,controlled,single_hop,entity,16000,front,low,none,Arcturus Systems 00643,Arcturus Systems,p0001,p0001,True,0.0,0.8,1.0,1.0,0.0,0.8,1.0,1.0,1.0,1.0,answer_conversion_failure,
controlled_000644,qwen3:14b,oracle,Oracle Evidence,diagnostic_baseline,oracle_evidence_upper_reference,True,controlled,single_hop,entity,16000,front,low,none,Arcturus Systems 00643,Arcturus Systems,p0001,p0001,True,0.0,0.8,1.0,1.0,0.0,0.8,1.0,1.0,1.0,1.0,answer_conversion_failure,
controlled_000634,qwen3:14b,no_evidence,No Evidence,diagnostic_baseline,question_only_lower_bound,True,controlled,comparison,entity,8000,scattered,medium,conflicting,Model Alpha 00633,unknown,p0001;p0002,,True,0.0,0.0,0.0,0.0,0.0,0.0,0.0,0.0,0.0,0.0,evidence_localization_failure,
controlled_000634,qwen3:14b,direct,Full Context,diagnostic_condition,full_context_condition,True,controlled,comparison,entity,8000,scattered,medium,conflicting,Model Alpha 00633,Model Beta,p0001;p0002,p0001;p0002,True,0.0,0.4,0.0,0.5,0.0,0.4,1.0,1.0,1.0,1.0,answer_conversion_failure,
controlled_000634,qwen3:14b,retrieve_then_read,Retrieved Evidence,diagnostic_condition,evidence_narrowed_condition,True,controlled,comparison,entity,8000,scattered,medium,conflicting,Model Alpha 00633,Model Alpha 00633,p0001;p0002,p0001;p0002;p0003,True,1.0,1.0,1.0,1.0,1.0,1.0,0.6666666666666666,1.0,0.8,1.0,success,
controlled_000634,qwen3:14b,oracle,Oracle Evidence,diagnostic_baseline,oracle_evidence_upper_reference,True,controlled,comparison,entity,8000,scattered,medium,conflicting,Model Alpha 00633,Model Alpha,p0001;p0002,p0001;p0002,True,0.0,0.8,1.0,1.0,0.0,0.8,1.0,1.0,1.0,1.0,answer_conversion_failure,
controlled_000883,qwen3:14b,no_evidence,No Evidence,diagnostic_baseline,question_only_lower_bound,True,controlled,single_hop,entity,16000,scattered,low,none,Arcturus Systems 00882,unknown,p0001,,True,0.0,0.0,0.0,0.0,0.0,0.0,0.0,0.0,0.0,0.0,evidence_localization_failure,
controlled_000883,qwen3:14b,direct,Full Context,diagnostic_condition,full_context_condition,True,controlled,single_hop,entity,16000,scattered,low,none,Arcturus Systems 00882,QuantumTech Innovations,p0001,p0001,True,0.0,0.0,0.0,0.0,0.0,0.0,1.0,1.0,1.0,1.0,answer_conversion_failure,
controlled_000883,qwen3:14b,retrieve_then_read,Retrieved Evidence,diagnostic_condition,evidence_narrowed_condition,True,controlled,single_hop,entity,16000,scattered,low,none,Arcturus Systems 00882,Arcturus Systems,p0001,p0001,True,0.0,0.8,1.0,1.0,0.0,0.8,1.0,1.0,1.0,1.0,answer_conversion_failure,
controlled_000883,qwen3:14b,oracle,Oracle Evidence,diagnostic_baseline,oracle_evidence_upper_reference,True,controlled,single_hop,entity,16000,scattered,low,none,Arcturus Systems 00882,Arcturus Systems 00882,p0001,p0001,True,1.0,1.0,1.0,1.0,1.0,1.0,1.0,1.0,1.0,1.0,success,
controlled_000371,qwen3:14b,no_evidence,No Evidence,diagnostic_baseline,question_only_lower_bound,True,controlled,comparison,entity,8000,front,medium,high,Model Alpha 00370,unknown,p0001;p0002,,True,0.0,0.0,0.0,0.0,0.0,0.0,0.0,0.0,0.0,0.0,evidence_localization_failure,
controlled_000371,qwen3:14b,direct,Full Context,diagnostic_condition,full_context_condition,True,controlled,comparison,entity,8000,front,medium,high,Model Alpha 00370,Model Beta,p0001;p0002,p0001,True,0.0,0.4,0.0,0.5,0.0,0.4,1.0,0.5,0.6666666666666666,1.0,evidence_integration_failure,
controlled_000371,qwen3:14b,retrieve_then_read,Retrieved Evidence,diagnostic_condition,evidence_narrowed_condition,True,controlled,comparison,entity,8000,front,medium,high,Model Alpha 00370,Model Alpha,p0001;p0002,p0001;p0002,True,0.0,0.8,1.0,1.0,0.0,0.8,1.0,1.0,1.0,1.0,answer_conversion_failure,
controlled_000371,qwen3:14b,oracle,Oracle Evidence,diagnostic_baseline,oracle_evidence_upper_reference,True,controlled,comparison,entity,8000,front,medium,high,Model Alpha 00370,Model Alpha,p0001;p0002,p0001;p0002,True,0.0,0.8,1.0,1.0,0.0,0.8,1.0,1.0,1.0,1.0,answer_conversion_failure,
controlled_000592,qwen3:14b,no_evidence,No Evidence,diagnostic_baseline,question_only_lower_bound,True,controlled,comparison,entity,8000,scattered,medium,low,Model Alpha 00591,unknown,p0001;p0002,,True,0.0,0.0,0.0,0.0,0.0,0.0,0.0,0.0,0.0,0.0,evidence_localization_failure,
controlled_000592,qwen3:14b,direct,Full Context,diagnostic_condition,full_context_condition,True,controlled,comparison,entity,8000,scattered,medium,low,Model Alpha 00591,Model Beta,p0001;p0002,p0001;p0002,True,0.0,0.4,0.0,0.5,0.0,0.4,1.0,1.0,1.0,1.0,answer_conversion_failure,
controlled_000592,qwen3:14b,retrieve_then_read,Retrieved Evidence,diagnostic_condition,evidence_narrowed_condition,True,controlled,comparison,entity,8000,scattered,medium,low,Model Alpha 00591,Model Alpha,p0001;p0002,p0001,True,0.0,0.8,1.0,1.0,0.0,0.8,1.0,0.5,0.6666666666666666,1.0,evidence_integration_failure,
controlled_000592,qwen3:14b,oracle,Oracle Evidence,diagnostic_baseline,oracle_evidence_upper_reference,True,controlled,comparison,entity,8000,scattered,medium,low,Model Alpha 00591,Model Alpha,p0001;p0002,p0001;p0002,True,0.0,0.8,1.0,1.0,0.0,0.8,1.0,1.0,1.0,1.0,answer_conversion_failure,
controlled_000197,qwen3:14b,no_evidence,No Evidence,diagnostic_baseline,question_only_lower_bound,True,controlled,arithmetic,number,4000,end,medium,low,646,unknown,p0001;p0002,,True,0.0,0.0,0.0,0.0,0.0,0.0,0.0,0.0,0.0,0.0,evidence_localization_failure,
controlled_000197,qwen3:14b,direct,Full Context,diagnostic_condition,full_context_condition,True,controlled,arithmetic,number,4000,end,medium,low,646,646,p0001;p0002,p0001;p0002,True,1.0,1.0,1.0,1.0,1.0,1.0,1.0,1.0,1.0,1.0,success,
controlled_000197,qwen3:14b,retrieve_then_read,Retrieved Evidence,diagnostic_condition,evidence_narrowed_condition,True,controlled,arithmetic,number,4000,end,medium,low,646,646,p0001;p0002,p0001;p0002,True,1.0,1.0,1.0,1.0,1.0,1.0,1.0,1.0,1.0,1.0,success,
controlled_000197,qwen3:14b,oracle,Oracle Evidence,diagnostic_baseline,oracle_evidence_upper_reference,True,controlled,arithmetic,number,4000,end,medium,low,646,646,p0001;p0002,p0001;p0002,True,1.0,1.0,1.0,1.0,1.0,1.0,1.0,1.0,1.0,1.0,success,
controlled_000722,qwen3:14b,no_evidence,No Evidence,diagnostic_baseline,question_only_lower_bound,True,controlled,single_hop,entity,16000,middle,low,none,Arcturus Systems 00721,unknown,p0001,,True,0.0,0.0,0.0,0.0,0.0,0.0,0.0,0.0,0.0,0.0,evidence_localization_failure,
controlled_000722,qwen3:14b,direct,Full Context,diagnostic_condition,full_context_condition,True,controlled,single_hop,entity,16000,middle,low,none,Arcturus Systems 00721,Acme Corp,p0001,p0001,True,0.0,0.0,0.0,0.0,0.0,0.0,1.0,1.0,1.0,1.0,answer_conversion_failure,
controlled_000722,qwen3:14b,retrieve_then_read,Retrieved Evidence,diagnostic_condition,evidence_narrowed_condition,True,controlled,single_hop,entity,16000,middle,low,none,Arcturus Systems 00721,Arcturus Systems,p0001,p0001,True,0.0,0.8,1.0,1.0,0.0,0.8,1.0,1.0,1.0,1.0,answer_conversion_failure,
controlled_000722,qwen3:14b,oracle,Oracle Evidence,diagnostic_baseline,oracle_evidence_upper_reference,True,controlled,single_hop,entity,16000,middle,low,none,Arcturus Systems 00721,Arcturus Systems 00721,p0001,p0001,True,1.0,1.0,1.0,1.0,1.0,1.0,1.0,1.0,1.0,1.0,success,
controlled_000072,qwen3:14b,no_evidence,No Evidence,diagnostic_baseline,question_only_lower_bound,True,controlled,comparison,entity,4000,front,medium,conflicting,Model Alpha 00071,unknown,p0001;p0002,,True,0.0,0.0,0.0,0.0,0.0,0.0,0.0,0.0,0.0,0.0,evidence_localization_failure,
controlled_000072,qwen3:14b,direct,Full Context,diagnostic_condition,full_context_condition,True,controlled,comparison,entity,4000,front,medium,conflicting,Model Alpha 00071,Model Beta,p0001;p0002,p0002;p0003,True,0.0,0.4,0.0,0.5,0.0,0.4,0.5,0.5,0.5,1.0,evidence_integration_failure,
controlled_000072,qwen3:14b,retrieve_then_read,Retrieved Evidence,diagnostic_condition,evidence_narrowed_condition,True,controlled,comparison,entity,4000,front,medium,conflicting,Model Alpha 00071,Model Alpha 00071,p0001;p0002,p0001;p0002;p0003,True,1.0,1.0,1.0,1.0,1.0,1.0,0.6666666666666666,1.0,0.8,1.0,success,
controlled_000072,qwen3:14b,oracle,Oracle Evidence,diagnostic_baseline,oracle_evidence_upper_reference,True,controlled,comparison,entity,4000,front,medium,conflicting,Model Alpha 00071,Model Alpha,p0001;p0002,p0001;p0002,True,0.0,0.8,1.0,1.0,0.0,0.8,1.0,1.0,1.0,1.0,answer_conversion_failure,
controlled_000047,qwen3:14b,no_evidence,No Evidence,diagnostic_baseline,question_only_lower_bound,True,controlled,multi_hop,entity,4000,front,medium,high,Zurich-00046,unknown,p0001;p0002,,True,0.0,0.0,0.0,0.0,0.0,0.0,0.0,0.0,0.0,0.0,evidence_localization_failure,
controlled_000047,qwen3:14b,direct,Full Context,diagnostic_condition,full_context_condition,True,controlled,multi_hop,entity,4000,front,medium,high,Zurich-00046,Zurich-00046,p0001;p0002,p0001;p0002,True,1.0,1.0,1.0,1.0,1.0,1.0,1.0,1.0,1.0,1.0,success,
controlled_000047,qwen3:14b,retrieve_then_read,Retrieved Evidence,diagnostic_condition,evidence_narrowed_condition,True,controlled,multi_hop,entity,4000,front,medium,high,Zurich-00046,Zurich-00046,p0001;p0002,p0001;p0002,True,1.0,1.0,1.0,1.0,1.0,1.0,1.0,1.0,1.0,1.0,success,
controlled_000047,qwen3:14b,oracle,Oracle Evidence,diagnostic_baseline,oracle_evidence_upper_reference,True,controlled,multi_hop,entity,4000,front,medium,high,Zurich-00046,Zurich-00046,p0001;p0002,p0001;p0002,True,1.0,1.0,1.0,1.0,1.0,1.0,1.0,1.0,1.0,1.0,success,
controlled_000678,qwen3:14b,no_evidence,No Evidence,diagnostic_baseline,question_only_lower_bound,True,controlled,arithmetic,number,16000,front,medium,low,559,unknown,p0001;p0002,,True,0.0,0.0,0.0,0.0,0.0,0.0,0.0,0.0,0.0,0.0,evidence_localization_failure,
controlled_000678,qwen3:14b,direct,Full Context,diagnostic_condition,full_context_condition,True,controlled,arithmetic,number,16000,front,medium,low,559,0,p0001;p0002,,True,0.0,0.0,0.0,0.0,0.0,0.0,0.0,0.0,0.0,0.0,evidence_localization_failure,
controlled_000678,qwen3:14b,retrieve_then_read,Retrieved Evidence,diagnostic_condition,evidence_narrowed_condition,True,controlled,arithmetic,number,16000,front,medium,low,559,559,p0001;p0002,p0001;p0002,True,1.0,1.0,1.0,1.0,1.0,1.0,1.0,1.0,1.0,1.0,success,
controlled_000678,qwen3:14b,oracle,Oracle Evidence,diagnostic_baseline,oracle_evidence_upper_reference,True,controlled,arithmetic,number,16000,front,medium,low,559,559,p0001;p0002,p0001;p0002,True,1.0,1.0,1.0,1.0,1.0,1.0,1.0,1.0,1.0,1.0,success,
controlled_000234,qwen3:14b,no_evidence,No Evidence,diagnostic_baseline,question_only_lower_bound,True,controlled,comparison,entity,4000,end,medium,conflicting,Model Alpha 00233,unknown,p0001;p0002,,True,0.0,0.0,0.0,0.0,0.0,0.0,0.0,0.0,0.0,0.0,evidence_localization_failure,
controlled_000234,qwen3:14b,direct,Full Context,diagnostic_condition,full_context_condition,True,controlled,comparison,entity,4000,end,medium,conflicting,Model Alpha 00233,Model Alpha 00233,p0001;p0002,p0001;p0002,True,1.0,1.0,1.0,1.0,1.0,1.0,1.0,1.0,1.0,1.0,success,
controlled_000234,qwen3:14b,retrieve_then_read,Retrieved Evidence,diagnostic_condition,evidence_narrowed_condition,True,controlled,comparison,entity,4000,end,medium,conflicting,Model Alpha 00233,Model Alpha 00233,p0001;p0002,p0001;p0002,True,1.0,1.0,1.0,1.0,1.0,1.0,1.0,1.0,1.0,1.0,success,
controlled_000234,qwen3:14b,oracle,Oracle Evidence,diagnostic_baseline,oracle_evidence_upper_reference,True,controlled,comparison,entity,4000,end,medium,conflicting,Model Alpha 00233,Model Alpha,p0001;p0002,p0001;p0002,True,0.0,0.8,1.0,1.0,0.0,0.8,1.0,1.0,1.0,1.0,answer_conversion_failure,
controlled_000792,qwen3:14b,no_evidence,No Evidence,diagnostic_baseline,question_only_lower_bound,True,controlled,comparison,entity,16000,middle,medium,conflicting,Model Alpha 00791,unknown,p0001;p0002,,True,0.0,0.0,0.0,0.0,0.0,0.0,0.0,0.0,0.0,0.0,evidence_localization_failure,
controlled_000792,qwen3:14b,direct,Full Context,diagnostic_condition,full_context_condition,True,controlled,comparison,entity,16000,middle,medium,conflicting,Model Alpha 00791,unknown,p0001;p0002,,True,0.0,0.0,0.0,0.0,0.0,0.0,0.0,0.0,0.0,0.0,evidence_localization_failure,
controlled_000792,qwen3:14b,retrieve_then_read,Retrieved Evidence,diagnostic_condition,evidence_narrowed_condition,True,controlled,comparison,entity,16000,middle,medium,conflicting,Model Alpha 00791,Model Alpha,p0001;p0002,p0001;p0002,True,0.0,0.8,1.0,1.0,0.0,0.8,1.0,1.0,1.0,1.0,answer_conversion_failure,
controlled_000792,qwen3:14b,oracle,Oracle Evidence,diagnostic_baseline,oracle_evidence_upper_reference,True,controlled,comparison,entity,16000,middle,medium,conflicting,Model Alpha 00791,Model Alpha,p0001;p0002,p0001;p0002,True,0.0,0.8,1.0,1.0,0.0,0.8,1.0,1.0,1.0,1.0,answer_conversion_failure,
controlled_000297,qwen3:14b,no_evidence,No Evidence,diagnostic_baseline,question_only_lower_bound,True,controlled,arithmetic,number,4000,scattered,medium,high,456,unknown,p0001;p0002,,True,0.0,0.0,0.0,0.0,0.0,0.0,0.0,0.0,0.0,0.0,evidence_localization_failure,
controlled_000297,qwen3:14b,direct,Full Context,diagnostic_condition,full_context_condition,True,controlled,arithmetic,number,4000,scattered,medium,high,456,456,p0001;p0002,p0001;p0002,True,1.0,1.0,1.0,1.0,1.0,1.0,1.0,1.0,1.0,1.0,success,
controlled_000297,qwen3:14b,retrieve_then_read,Retrieved Evidence,diagnostic_condition,evidence_narrowed_condition,True,controlled,arithmetic,number,4000,scattered,medium,high,456,456,p0001;p0002,p0001;p0002,True,1.0,1.0,1.0,1.0,1.0,1.0,1.0,1.0,1.0,1.0,success,
controlled_000297,qwen3:14b,oracle,Oracle Evidence,diagnostic_baseline,oracle_evidence_upper_reference,True,controlled,arithmetic,number,4000,scattered,medium,high,456,456,p0001;p0002,p0001;p0002,True,1.0,1.0,1.0,1.0,1.0,1.0,1.0,1.0,1.0,1.0,success,
controlled_000082,qwen3:14b,no_evidence,No Evidence,diagnostic_baseline,question_only_lower_bound,True,controlled,single_hop,entity,4000,middle,low,none,Arcturus Systems 00081,unknown,p0001,,True,0.0,0.0,0.0,0.0,0.0,0.0,0.0,0.0,0.0,0.0,evidence_localization_failure,
controlled_000082,qwen3:14b,direct,Full Context,diagnostic_condition,full_context_condition,True,controlled,single_hop,entity,4000,middle,low,none,Arcturus Systems 00081,Arcturus Systems 00081,p0001,p0001,True,1.0,1.0,1.0,1.0,1.0,1.0,1.0,1.0,1.0,1.0,success,
controlled_000082,qwen3:14b,retrieve_then_read,Retrieved Evidence,diagnostic_condition,evidence_narrowed_condition,True,controlled,single_hop,entity,4000,middle,low,none,Arcturus Systems 00081,Arcturus Systems,p0001,p0001,True,0.0,0.8,1.0,1.0,0.0,0.8,1.0,1.0,1.0,1.0,answer_conversion_failure,
controlled_000082,qwen3:14b,oracle,Oracle Evidence,diagnostic_baseline,oracle_evidence_upper_reference,True,controlled,single_hop,entity,4000,middle,low,none,Arcturus Systems 00081,Arcturus Systems 00081,p0001,p0001,True,1.0,1.0,1.0,1.0,1.0,1.0,1.0,1.0,1.0,1.0,success,
controlled_000876,qwen3:14b,no_evidence,No Evidence,diagnostic_baseline,question_only_lower_bound,True,controlled,arithmetic,number,16000,end,medium,conflicting,599,unknown,p0001;p0002,,True,0.0,0.0,0.0,0.0,0.0,0.0,0.0,0.0,0.0,0.0,evidence_localization_failure,
controlled_000876,qwen3:14b,direct,Full Context,diagnostic_condition,full_context_condition,True,controlled,arithmetic,number,16000,end,medium,conflicting,599,600,p0001;p0002,p0001;p0002,True,0.0,0.0,0.0,0.0,0.0,0.0,1.0,1.0,1.0,1.0,answer_conversion_failure,
controlled_000876,qwen3:14b,retrieve_then_read,Retrieved Evidence,diagnostic_condition,evidence_narrowed_condition,True,controlled,arithmetic,number,16000,end,medium,conflicting,599,599,p0001;p0002,p0001;p0002,True,1.0,1.0,1.0,1.0,1.0,1.0,1.0,1.0,1.0,1.0,success,
controlled_000876,qwen3:14b,oracle,Oracle Evidence,diagnostic_baseline,oracle_evidence_upper_reference,True,controlled,arithmetic,number,16000,end,medium,conflicting,599,600,p0001;p0002,p0001;p0002,True,0.0,0.0,0.0,0.0,0.0,0.0,1.0,1.0,1.0,1.0,answer_conversion_failure,
controlled_000939,qwen3:14b,no_evidence,No Evidence,diagnostic_baseline,question_only_lower_bound,True,controlled,arithmetic,number,16000,scattered,medium,high,464,unknown,p0001;p0002,,True,0.0,0.0,0.0,0.0,0.0,0.0,0.0,0.0,0.0,0.0,evidence_localization_failure,
controlled_000939,qwen3:14b,direct,Full Context,diagnostic_condition,full_context_condition,True,controlled,arithmetic,number,16000,scattered,medium,high,464,0,p0001;p0002,,True,0.0,0.0,0.0,0.0,0.0,0.0,0.0,0.0,0.0,0.0,evidence_localization_failure,
controlled_000939,qwen3:14b,retrieve_then_read,Retrieved Evidence,diagnostic_condition,evidence_narrowed_condition,True,controlled,arithmetic,number,16000,scattered,medium,high,464,464,p0001;p0002,p0001;p0002,True,1.0,1.0,1.0,1.0,1.0,1.0,1.0,1.0,1.0,1.0,success,
controlled_000939,qwen3:14b,oracle,Oracle Evidence,diagnostic_baseline,oracle_evidence_upper_reference,True,controlled,arithmetic,number,16000,scattered,medium,high,464,464,p0001;p0002,p0001;p0002,True,1.0,1.0,1.0,1.0,1.0,1.0,1.0,1.0,1.0,1.0,success,
controlled_000104,qwen3:14b,no_evidence,No Evidence,diagnostic_baseline,question_only_lower_bound,True,controlled,single_hop,entity,4000,middle,low,low,Arcturus Systems 00103,unknown,p0001,,True,0.0,0.0,0.0,0.0,0.0,0.0,0.0,0.0,0.0,0.0,evidence_localization_failure,
controlled_000104,qwen3:14b,direct,Full Context,diagnostic_condition,full_context_condition,True,controlled,single_hop,entity,4000,middle,low,low,Arcturus Systems 00103,Arcturus Systems 00103,p0001,p0001,True,1.0,1.0,1.0,1.0,1.0,1.0,1.0,1.0,1.0,1.0,success,
controlled_000104,qwen3:14b,retrieve_then_read,Retrieved Evidence,diagnostic_condition,evidence_narrowed_condition,True,controlled,single_hop,entity,4000,middle,low,low,Arcturus Systems 00103,Arcturus Systems,p0001,p0001,True,0.0,0.8,1.0,1.0,0.0,0.8,1.0,1.0,1.0,1.0,answer_conversion_failure,
controlled_000104,qwen3:14b,oracle,Oracle Evidence,diagnostic_baseline,oracle_evidence_upper_reference,True,controlled,single_hop,entity,4000,middle,low,low,Arcturus Systems 00103,Arcturus Systems 00103,p0001,p0001,True,1.0,1.0,1.0,1.0,1.0,1.0,1.0,1.0,1.0,1.0,success,
controlled_000908,qwen3:14b,no_evidence,No Evidence,diagnostic_baseline,question_only_lower_bound,True,controlled,multi_hop,entity,16000,scattered,medium,low,Zurich-00907,,p0001;p0002,,True,0.0,0.0,0.0,0.0,0.0,0.0,0.0,0.0,0.0,0.0,evidence_localization_failure,
controlled_000908,qwen3:14b,direct,Full Context,diagnostic_condition,full_context_condition,True,controlled,multi_hop,entity,16000,scattered,medium,low,Zurich-00907,San Francisco,p0001;p0002,p0001,True,0.0,0.0,0.0,0.0,0.0,0.0,1.0,0.5,0.6666666666666666,1.0,evidence_integration_failure,
controlled_000908,qwen3:14b,retrieve_then_read,Retrieved Evidence,diagnostic_condition,evidence_narrowed_condition,True,controlled,multi_hop,entity,16000,scattered,medium,low,Zurich-00907,Zurich-00907,p0001;p0002,p0001;p0002,True,1.0,1.0,1.0,1.0,1.0,1.0,1.0,1.0,1.0,1.0,success,
controlled_000908,qwen3:14b,oracle,Oracle Evidence,diagnostic_baseline,oracle_evidence_upper_reference,True,controlled,multi_hop,entity,16000,scattered,medium,low,Zurich-00907,Zurich-00907,p0001;p0002,p0001;p0002,True,1.0,1.0,1.0,1.0,1.0,1.0,1.0,1.0,1.0,1.0,success,
controlled_000915,qwen3:14b,no_evidence,No Evidence,diagnostic_baseline,question_only_lower_bound,True,controlled,comparison,entity,16000,scattered,medium,low,Model Alpha 00914,unknown,p0001;p0002,,True,0.0,0.0,0.0,0.0,0.0,0.0,0.0,0.0,0.0,0.0,evidence_localization_failure,
controlled_000915,qwen3:14b,direct,Full Context,diagnostic_condition,full_context_condition,True,controlled,comparison,entity,16000,scattered,medium,low,Model Alpha 00914,unknown,p0001;p0002,,True,0.0,0.0,0.0,0.0,0.0,0.0,0.0,0.0,0.0,0.0,evidence_localization_failure,
controlled_000915,qwen3:14b,retrieve_then_read,Retrieved Evidence,diagnostic_condition,evidence_narrowed_condition,True,controlled,comparison,entity,16000,scattered,medium,low,Model Alpha 00914,Model Alpha,p0001;p0002,p0001;p0002,True,0.0,0.8,1.0,1.0,0.0,0.8,1.0,1.0,1.0,1.0,answer_conversion_failure,
controlled_000915,qwen3:14b,oracle,Oracle Evidence,diagnostic_baseline,oracle_evidence_upper_reference,True,controlled,comparison,entity,16000,scattered,medium,low,Model Alpha 00914,Model Alpha,p0001;p0002,p0001;p0002,True,0.0,0.8,1.0,1.0,0.0,0.8,1.0,1.0,1.0,1.0,answer_conversion_failure,
controlled_000465,qwen3:14b,no_evidence,No Evidence,diagnostic_baseline,question_only_lower_bound,True,controlled,single_hop,entity,8000,middle,low,conflicting,Arcturus Systems 00464,unknown,p0001,,True,0.0,0.0,0.0,0.0,0.0,0.0,0.0,0.0,0.0,0.0,evidence_localization_failure,
controlled_000465,qwen3:14b,direct,Full Context,diagnostic_condition,full_context_condition,True,controlled,single_hop,entity,8000,middle,low,conflicting,Arcturus Systems 00464,Arctic Technologies,p0001,p0001,True,0.0,0.0,0.0,0.0,0.0,0.0,1.0,1.0,1.0,1.0,answer_conversion_failure,
controlled_000465,qwen3:14b,retrieve_then_read,Retrieved Evidence,diagnostic_condition,evidence_narrowed_condition,True,controlled,single_hop,entity,8000,middle,low,conflicting,Arcturus Systems 00464,Arcturus Systems,p0001,p0001,True,0.0,0.8,1.0,1.0,0.0,0.8,1.0,1.0,1.0,1.0,answer_conversion_failure,
controlled_000465,qwen3:14b,oracle,Oracle Evidence,diagnostic_baseline,oracle_evidence_upper_reference,True,controlled,single_hop,entity,8000,middle,low,conflicting,Arcturus Systems 00464,Arcturus Systems,p0001,p0001,True,0.0,0.8,1.0,1.0,0.0,0.8,1.0,1.0,1.0,1.0,answer_conversion_failure,
controlled_000651,qwen3:14b,no_evidence,No Evidence,diagnostic_baseline,question_only_lower_bound,True,controlled,comparison,entity,16000,front,medium,none,Model Alpha 00650,unknown,p0001;p0002,,True,0.0,0.0,0.0,0.0,0.0,0.0,0.0,0.0,0.0,0.0,evidence_localization_failure,
controlled_000651,qwen3:14b,direct,Full Context,diagnostic_condition,full_context_condition,True,controlled,comparison,entity,16000,front,medium,none,Model Alpha 00650,unknown,p0001;p0002,,True,0.0,0.0,0.0,0.0,0.0,0.0,0.0,0.0,0.0,0.0,evidence_localization_failure,
controlled_000651,qwen3:14b,retrieve_then_read,Retrieved Evidence,diagnostic_condition,evidence_narrowed_condition,True,controlled,comparison,entity,16000,front,medium,none,Model Alpha 00650,Model Alpha,p0001;p0002,p0001;p0002,True,0.0,0.8,1.0,1.0,0.0,0.8,1.0,1.0,1.0,1.0,answer_conversion_failure,
controlled_000651,qwen3:14b,oracle,Oracle Evidence,diagnostic_baseline,oracle_evidence_upper_reference,True,controlled,comparison,entity,16000,front,medium,none,Model Alpha 00650,Model Alpha,p0001;p0002,p0001;p0002,True,0.0,0.8,1.0,1.0,0.0,0.8,1.0,1.0,1.0,1.0,answer_conversion_failure,
controlled_000855,qwen3:14b,no_evidence,No Evidence,diagnostic_baseline,question_only_lower_bound,True,controlled,comparison,entity,16000,end,medium,high,Model Alpha 00854,unknown,p0001;p0002,,True,0.0,0.0,0.0,0.0,0.0,0.0,0.0,0.0,0.0,0.0,evidence_localization_failure,
controlled_000855,qwen3:14b,direct,Full Context,diagnostic_condition,full_context_condition,True,controlled,comparison,entity,16000,end,medium,high,Model Alpha 00854,Model Alpha,p0001;p0002,p0001;p0002,True,0.0,0.8,1.0,1.0,0.0,0.8,1.0,1.0,1.0,1.0,answer_conversion_failure,
controlled_000855,qwen3:14b,retrieve_then_read,Retrieved Evidence,diagnostic_condition,evidence_narrowed_condition,True,controlled,comparison,entity,16000,end,medium,high,Model Alpha 00854,Model Alpha,p0001;p0002,p0001;p0002,True,0.0,0.8,1.0,1.0,0.0,0.8,1.0,1.0,1.0,1.0,answer_conversion_failure,
controlled_000855,qwen3:14b,oracle,Oracle Evidence,diagnostic_baseline,oracle_evidence_upper_reference,True,controlled,comparison,entity,16000,end,medium,high,Model Alpha 00854,Model Alpha,p0001;p0002,p0001;p0002,True,0.0,0.8,1.0,1.0,0.0,0.8,1.0,1.0,1.0,1.0,answer_conversion_failure,
controlled_000374,qwen3:14b,no_evidence,No Evidence,diagnostic_baseline,question_only_lower_bound,True,controlled,comparison,entity,8000,front,medium,high,Model Alpha 00373,unknown,p0001;p0002,,True,0.0,0.0,0.0,0.0,0.0,0.0,0.0,0.0,0.0,0.0,evidence_localization_failure,
controlled_000374,qwen3:14b,direct,Full Context,diagnostic_condition,full_context_condition,True,controlled,comparison,entity,8000,front,medium,high,Model Alpha 00373,Model Beta,p0001;p0002,p0001,True,0.0,0.4,0.0,0.5,0.0,0.4,1.0,0.5,0.6666666666666666,1.0,evidence_integration_failure,
controlled_000374,qwen3:14b,retrieve_then_read,Retrieved Evidence,diagnostic_condition,evidence_narrowed_condition,True,controlled,comparison,entity,8000,front,medium,high,Model Alpha 00373,Model Alpha,p0001;p0002,p0001;p0002,True,0.0,0.8,1.0,1.0,0.0,0.8,1.0,1.0,1.0,1.0,answer_conversion_failure,
controlled_000374,qwen3:14b,oracle,Oracle Evidence,diagnostic_baseline,oracle_evidence_upper_reference,True,controlled,comparison,entity,8000,front,medium,high,Model Alpha 00373,Model Alpha,p0001;p0002,p0001;p0002,True,0.0,0.8,1.0,1.0,0.0,0.8,1.0,1.0,1.0,1.0,answer_conversion_failure,
controlled_000167,qwen3:14b,no_evidence,No Evidence,diagnostic_baseline,question_only_lower_bound,True,controlled,multi_hop,entity,4000,end,medium,none,Zurich-00166,unknown,p0001;p0002,,True,0.0,0.0,0.0,0.0,0.0,0.0,0.0,0.0,0.0,0.0,evidence_localization_failure,
controlled_000167,qwen3:14b,direct,Full Context,diagnostic_condition,full_context_condition,True,controlled,multi_hop,entity,4000,end,medium,none,Zurich-00166,Zurich-00166,p0001;p0002,p0001;p0002,True,1.0,1.0,1.0,1.0,1.0,1.0,1.0,1.0,1.0,1.0,success,
controlled_000167,qwen3:14b,retrieve_then_read,Retrieved Evidence,diagnostic_condition,evidence_narrowed_condition,True,controlled,multi_hop,entity,4000,end,medium,none,Zurich-00166,Zurich-00166,p0001;p0002,p0001;p0002,True,1.0,1.0,1.0,1.0,1.0,1.0,1.0,1.0,1.0,1.0,success,
controlled_000167,qwen3:14b,oracle,Oracle Evidence,diagnostic_baseline,oracle_evidence_upper_reference,True,controlled,multi_hop,entity,4000,end,medium,none,Zurich-00166,Zurich-00166,p0001;p0002,p0001;p0002,True,1.0,1.0,1.0,1.0,1.0,1.0,1.0,1.0,1.0,1.0,success,
controlled_000380,qwen3:14b,no_evidence,No Evidence,diagnostic_baseline,question_only_lower_bound,True,controlled,arithmetic,number,8000,front,medium,high,439,unknown,p0001;p0002,,True,0.0,0.0,0.0,0.0,0.0,0.0,0.0,0.0,0.0,0.0,evidence_localization_failure,
controlled_000380,qwen3:14b,direct,Full Context,diagnostic_condition,full_context_condition,True,controlled,arithmetic,number,8000,front,medium,high,439,unknown,p0001;p0002,,True,0.0,0.0,0.0,0.0,0.0,0.0,0.0,0.0,0.0,0.0,evidence_localization_failure,
controlled_000380,qwen3:14b,retrieve_then_read,Retrieved Evidence,diagnostic_condition,evidence_narrowed_condition,True,controlled,arithmetic,number,8000,front,medium,high,439,439,p0001;p0002,p0001;p0002,True,1.0,1.0,1.0,1.0,1.0,1.0,1.0,1.0,1.0,1.0,success,
controlled_000380,qwen3:14b,oracle,Oracle Evidence,diagnostic_baseline,oracle_evidence_upper_reference,True,controlled,arithmetic,number,8000,front,medium,high,439,439,p0001;p0002,p0001;p0002,True,1.0,1.0,1.0,1.0,1.0,1.0,1.0,1.0,1.0,1.0,success,
controlled_000364,qwen3:14b,no_evidence,No Evidence,diagnostic_baseline,question_only_lower_bound,True,controlled,single_hop,entity,8000,front,low,high,Arcturus Systems 00363,unknown,p0001,,True,0.0,0.0,0.0,0.0,0.0,0.0,0.0,0.0,0.0,0.0,evidence_localization_failure,
controlled_000364,qwen3:14b,direct,Full Context,diagnostic_condition,full_context_condition,True,controlled,single_hop,entity,8000,front,low,high,Arcturus Systems 00363,HelixTech,p0001,p0001,True,0.0,0.0,0.0,0.0,0.0,0.0,1.0,1.0,1.0,1.0,answer_conversion_failure,
controlled_000364,qwen3:14b,retrieve_then_read,Retrieved Evidence,diagnostic_condition,evidence_narrowed_condition,True,controlled,single_hop,entity,8000,front,low,high,Arcturus Systems 00363,Arcturus Systems,p0001,p0001,True,0.0,0.8,1.0,1.0,0.0,0.8,1.0,1.0,1.0,1.0,answer_conversion_failure,
controlled_000364,qwen3:14b,oracle,Oracle Evidence,diagnostic_baseline,oracle_evidence_upper_reference,True,controlled,single_hop,entity,8000,front,low,high,Arcturus Systems 00363,Arcturus Systems,p0001,p0001,True,0.0,0.8,1.0,1.0,0.0,0.8,1.0,1.0,1.0,1.0,answer_conversion_failure,
controlled_000215,qwen3:14b,no_evidence,No Evidence,diagnostic_baseline,question_only_lower_bound,True,controlled,comparison,entity,4000,end,medium,high,Model Alpha 00214,unknown,p0001;p0002,,True,0.0,0.0,0.0,0.0,0.0,0.0,0.0,0.0,0.0,0.0,evidence_localization_failure,
controlled_000215,qwen3:14b,direct,Full Context,diagnostic_condition,full_context_condition,True,controlled,comparison,entity,4000,end,medium,high,Model Alpha 00214,Model Beta 00214,p0001;p0002,p0001;p0002;p0003,True,0.0,0.6666666666666666,0.0,0.5,0.0,0.6666666666666666,0.6666666666666666,1.0,0.8,1.0,evidence_selection_failure,
controlled_000215,qwen3:14b,retrieve_then_read,Retrieved Evidence,diagnostic_condition,evidence_narrowed_condition,True,controlled,comparison,entity,4000,end,medium,high,Model Alpha 00214,Model Alpha,p0001;p0002,p0001;p0002,True,0.0,0.8,1.0,1.0,0.0,0.8,1.0,1.0,1.0,1.0,answer_conversion_failure,
controlled_000215,qwen3:14b,oracle,Oracle Evidence,diagnostic_baseline,oracle_evidence_upper_reference,True,controlled,comparison,entity,4000,end,medium,high,Model Alpha 00214,Model Alpha,p0001;p0002,p0001;p0002,True,0.0,0.8,1.0,1.0,0.0,0.8,1.0,1.0,1.0,1.0,answer_conversion_failure,
controlled_000687,qwen3:14b,no_evidence,No Evidence,diagnostic_baseline,question_only_lower_bound,True,controlled,multi_hop,entity,16000,front,medium,high,Zurich-00686,,p0001;p0002,,True,0.0,0.0,0.0,0.0,0.0,0.0,0.0,0.0,0.0,0.0,evidence_localization_failure,
controlled_000687,qwen3:14b,direct,Full Context,diagnostic_condition,full_context_condition,True,controlled,multi_hop,entity,16000,front,medium,high,Zurich-00686,San Francisco,p0001;p0002,p0001,True,0.0,0.0,0.0,0.0,0.0,0.0,1.0,0.5,0.6666666666666666,1.0,evidence_integration_failure,
controlled_000687,qwen3:14b,retrieve_then_read,Retrieved Evidence,diagnostic_condition,evidence_narrowed_condition,True,controlled,multi_hop,entity,16000,front,medium,high,Zurich-00686,Zurich-00686,p0001;p0002,p0001;p0002,True,1.0,1.0,1.0,1.0,1.0,1.0,1.0,1.0,1.0,1.0,success,
controlled_000687,qwen3:14b,oracle,Oracle Evidence,diagnostic_baseline,oracle_evidence_upper_reference,True,controlled,multi_hop,entity,16000,front,medium,high,Zurich-00686,Zurich-00686,p0001;p0002,p0001;p0002,True,1.0,1.0,1.0,1.0,1.0,1.0,1.0,1.0,1.0,1.0,success,
controlled_000274,qwen3:14b,no_evidence,No Evidence,diagnostic_baseline,question_only_lower_bound,True,controlled,comparison,entity,4000,scattered,medium,low,Model Alpha 00273,unknown,p0001;p0002,,True,0.0,0.0,0.0,0.0,0.0,0.0,0.0,0.0,0.0,0.0,evidence_localization_failure,
controlled_000274,qwen3:14b,direct,Full Context,diagnostic_condition,full_context_condition,True,controlled,comparison,entity,4000,scattered,medium,low,Model Alpha 00273,Model Alpha,p0001;p0002,p0001;p0002,True,0.0,0.8,1.0,1.0,0.0,0.8,1.0,1.0,1.0,1.0,answer_conversion_failure,
controlled_000274,qwen3:14b,retrieve_then_read,Retrieved Evidence,diagnostic_condition,evidence_narrowed_condition,True,controlled,comparison,entity,4000,scattered,medium,low,Model Alpha 00273,Model Alpha,p0001;p0002,p0001;p0002,True,0.0,0.8,1.0,1.0,0.0,0.8,1.0,1.0,1.0,1.0,answer_conversion_failure,
controlled_000274,qwen3:14b,oracle,Oracle Evidence,diagnostic_baseline,oracle_evidence_upper_reference,True,controlled,comparison,entity,4000,scattered,medium,low,Model Alpha 00273,Model Alpha,p0001;p0002,p0001;p0002,True,0.0,0.8,1.0,1.0,0.0,0.8,1.0,1.0,1.0,1.0,answer_conversion_failure,
controlled_000931,qwen3:14b,no_evidence,No Evidence,diagnostic_baseline,question_only_lower_bound,True,controlled,comparison,entity,16000,scattered,medium,high,Model Alpha 00930,unknown,p0001;p0002,,True,0.0,0.0,0.0,0.0,0.0,0.0,0.0,0.0,0.0,0.0,evidence_localization_failure,
controlled_000931,qwen3:14b,direct,Full Context,diagnostic_condition,full_context_condition,True,controlled,comparison,entity,16000,scattered,medium,high,Model Alpha 00930,unknown,p0001;p0002,,True,0.0,0.0,0.0,0.0,0.0,0.0,0.0,0.0,0.0,0.0,evidence_localization_failure,
controlled_000931,qwen3:14b,retrieve_then_read,Retrieved Evidence,diagnostic_condition,evidence_narrowed_condition,True,controlled,comparison,entity,16000,scattered,medium,high,Model Alpha 00930,Model Beta,p0001;p0002,p0003;p0002,True,0.0,0.4,0.0,0.5,0.0,0.4,0.5,0.5,0.5,1.0,evidence_integration_failure,
controlled_000931,qwen3:14b,oracle,Oracle Evidence,diagnostic_baseline,oracle_evidence_upper_reference,True,controlled,comparison,entity,16000,scattered,medium,high,Model Alpha 00930,Model Alpha,p0001;p0002,p0001;p0002,True,0.0,0.8,1.0,1.0,0.0,0.8,1.0,1.0,1.0,1.0,answer_conversion_failure,
