sample_id,model_name,method,method_display_name,method_family,method_role,core_diagnostic,source,reasoning_type,answer_type,context_length,evidence_position,evidence_density,distractor_similarity,gold_answer,predicted_answer,gold_evidence_ids,predicted_evidence_ids,cue_applicable,exact_match_strict,answer_f1_strict,exact_match_relaxed,answer_f1_relaxed,exact_match,answer_f1,evidence_precision,evidence_recall,evidence_f1,citation_grounding,failure_type,parse_error
hotpotqa_5adbf0a255429947ff17385a,mistral-small3.1:24b,no_evidence,No Evidence,diagnostic_baseline,question_only_lower_bound,True,hotpotqa,comparison,yes_no,4000,front,low,unknown,no,no,p0001;p0002,,True,1.0,1.0,1.0,1.0,1.0,1.0,0.0,0.0,0.0,0.0,success,
hotpotqa_5adbf0a255429947ff17385a,mistral-small3.1:24b,direct,Full Context,diagnostic_condition,full_context_condition,True,hotpotqa,comparison,yes_no,4000,front,low,unknown,no,no,p0001;p0002,p0001;p0002,True,1.0,1.0,1.0,1.0,1.0,1.0,1.0,1.0,1.0,1.0,success,
hotpotqa_5adbf0a255429947ff17385a,mistral-small3.1:24b,retrieve_then_read,Retrieved Evidence,diagnostic_condition,evidence_narrowed_condition,True,hotpotqa,comparison,yes_no,4000,front,low,unknown,no,no,p0001;p0002,p0002,True,1.0,1.0,1.0,1.0,1.0,1.0,1.0,0.5,0.6666666666666666,1.0,success,
hotpotqa_5adbf0a255429947ff17385a,mistral-small3.1:24b,oracle,Oracle Evidence,diagnostic_baseline,oracle_evidence_upper_reference,True,hotpotqa,comparison,yes_no,4000,front,low,unknown,no,no,p0001;p0002,p0001;p0002,True,1.0,1.0,1.0,1.0,1.0,1.0,1.0,1.0,1.0,1.0,success,
hotpotqa_5ab56e32554299637185c594,mistral-small3.1:24b,no_evidence,No Evidence,diagnostic_baseline,question_only_lower_bound,True,hotpotqa,comparison,yes_no,8000,middle,low,unknown,no,yes,p0001;p0002,,True,0.0,0.0,0.0,0.0,0.0,0.0,0.0,0.0,0.0,0.0,evidence_localization_failure,
hotpotqa_5ab56e32554299637185c594,mistral-small3.1:24b,direct,Full Context,diagnostic_condition,full_context_condition,True,hotpotqa,comparison,yes_no,8000,middle,low,unknown,no,no,p0001;p0002,p0001;p0003,True,1.0,1.0,1.0,1.0,1.0,1.0,0.5,0.5,0.5,1.0,success,
hotpotqa_5ab56e32554299637185c594,mistral-small3.1:24b,retrieve_then_read,Retrieved Evidence,diagnostic_condition,evidence_narrowed_condition,True,hotpotqa,comparison,yes_no,8000,middle,low,unknown,no,no,p0001;p0002,,True,1.0,1.0,1.0,1.0,1.0,1.0,0.0,0.0,0.0,0.0,success,
hotpotqa_5ab56e32554299637185c594,mistral-small3.1:24b,oracle,Oracle Evidence,diagnostic_baseline,oracle_evidence_upper_reference,True,hotpotqa,comparison,yes_no,8000,middle,low,unknown,no,Random House Tower,p0001;p0002,p0001;p0002,True,0.0,0.0,0.0,0.0,0.0,0.0,1.0,1.0,1.0,1.0,answer_conversion_failure,
hotpotqa_5ab6d09255429954757d337d,mistral-small3.1:24b,no_evidence,No Evidence,diagnostic_baseline,question_only_lower_bound,True,hotpotqa,multi_hop,string,16000,end,medium,unknown,from 1986 to 2013,1986-2013,p0001;p0002;p0003,,True,0.0,0.0,0.0,0.6666666666666666,0.0,0.0,0.0,0.0,0.0,0.0,evidence_localization_failure,
hotpotqa_5ab6d09255429954757d337d,mistral-small3.1:24b,direct,Full Context,diagnostic_condition,full_context_condition,True,hotpotqa,multi_hop,string,16000,end,medium,unknown,from 1986 to 2013,1986 to 2013,p0001;p0002;p0003,p0003,True,0.0,0.8571428571428571,0.0,0.8571428571428571,0.0,0.8571428571428571,1.0,0.3333333333333333,0.5,1.0,evidence_integration_failure,
hotpotqa_5ab6d09255429954757d337d,mistral-small3.1:24b,retrieve_then_read,Retrieved Evidence,diagnostic_condition,evidence_narrowed_condition,True,hotpotqa,multi_hop,string,16000,end,medium,unknown,from 1986 to 2013,1945 and 1969,p0001;p0002;p0003,,True,0.0,0.0,0.0,0.0,0.0,0.0,0.0,0.0,0.0,0.0,evidence_localization_failure,
hotpotqa_5ab6d09255429954757d337d,mistral-small3.1:24b,oracle,Oracle Evidence,diagnostic_baseline,oracle_evidence_upper_reference,True,hotpotqa,multi_hop,string,16000,end,medium,unknown,from 1986 to 2013,1986 to 2013,p0001;p0002;p0003,p0002;p0003,True,0.0,0.8571428571428571,0.0,0.8571428571428571,0.0,0.8571428571428571,1.0,0.6666666666666666,0.8,1.0,evidence_integration_failure,
hotpotqa_5adddccd5542997dc7907069,mistral-small3.1:24b,no_evidence,No Evidence,diagnostic_baseline,question_only_lower_bound,True,hotpotqa,multi_hop,string,4000,scattered,medium,unknown,keyboard function keys,Apple TV Remote,p0001;p0002;p0003;p0004,,True,0.0,0.0,0.0,0.0,0.0,0.0,0.0,0.0,0.0,0.0,evidence_localization_failure,
hotpotqa_5adddccd5542997dc7907069,mistral-small3.1:24b,direct,Full Context,diagnostic_condition,full_context_condition,True,hotpotqa,multi_hop,string,4000,scattered,medium,unknown,keyboard function keys,Apple Remote,p0001;p0002;p0003;p0004,p0001;p0003,True,0.0,0.0,0.0,0.0,0.0,0.0,1.0,0.5,0.6666666666666666,1.0,evidence_integration_failure,
hotpotqa_5adddccd5542997dc7907069,mistral-small3.1:24b,retrieve_then_read,Retrieved Evidence,diagnostic_condition,evidence_narrowed_condition,True,hotpotqa,multi_hop,string,4000,scattered,medium,unknown,keyboard function keys,Siri Remote,p0001;p0002;p0003;p0004,,True,0.0,0.0,0.0,0.0,0.0,0.0,0.0,0.0,0.0,0.0,evidence_localization_failure,
hotpotqa_5adddccd5542997dc7907069,mistral-small3.1:24b,oracle,Oracle Evidence,diagnostic_baseline,oracle_evidence_upper_reference,True,hotpotqa,multi_hop,string,4000,scattered,medium,unknown,keyboard function keys,keyboard,p0001;p0002;p0003;p0004,p0002;p0004,True,0.0,0.5,0.0,0.5,0.0,0.5,1.0,0.5,0.6666666666666666,1.0,evidence_integration_failure,
hotpotqa_5ae22b8d554299234fd0440f,mistral-small3.1:24b,no_evidence,No Evidence,diagnostic_baseline,question_only_lower_bound,True,hotpotqa,multi_hop,entity,8000,front,medium,unknown,World's Best Goalkeeper,World's Best Goalkeeper,p0001;p0002;p0003,,True,1.0,1.0,1.0,1.0,1.0,1.0,0.0,0.0,0.0,0.0,success,
hotpotqa_5ae22b8d554299234fd0440f,mistral-small3.1:24b,direct,Full Context,diagnostic_condition,full_context_condition,True,hotpotqa,multi_hop,entity,8000,front,medium,unknown,World's Best Goalkeeper,World's Best Goalkeeper,p0001;p0002;p0003,p0001;p0003,True,1.0,1.0,1.0,1.0,1.0,1.0,1.0,0.6666666666666666,0.8,1.0,success,
hotpotqa_5ae22b8d554299234fd0440f,mistral-small3.1:24b,retrieve_then_read,Retrieved Evidence,diagnostic_condition,evidence_narrowed_condition,True,hotpotqa,multi_hop,entity,8000,front,medium,unknown,World's Best Goalkeeper,World's Best Goalkeeper,p0001;p0002;p0003,p0001;p0003,True,1.0,1.0,1.0,1.0,1.0,1.0,1.0,0.6666666666666666,0.8,1.0,success,
hotpotqa_5ae22b8d554299234fd0440f,mistral-small3.1:24b,oracle,Oracle Evidence,diagnostic_baseline,oracle_evidence_upper_reference,True,hotpotqa,multi_hop,entity,8000,front,medium,unknown,World's Best Goalkeeper,World's Best Goalkeeper,p0001;p0002;p0003,p0001;p0003,True,1.0,1.0,1.0,1.0,1.0,1.0,1.0,0.6666666666666666,0.8,1.0,success,
hotpotqa_5a828c8355429966c78a6a50,mistral-small3.1:24b,no_evidence,No Evidence,diagnostic_baseline,question_only_lower_bound,True,hotpotqa,multi_hop,entity,16000,middle,medium,unknown,Henry J. Kaiser,Henry Kaiser,p0001;p0002;p0003,,True,0.0,0.8,0.0,0.8,0.0,0.8,0.0,0.0,0.0,0.0,evidence_localization_failure,
hotpotqa_5a828c8355429966c78a6a50,mistral-small3.1:24b,direct,Full Context,diagnostic_condition,full_context_condition,True,hotpotqa,multi_hop,entity,16000,middle,medium,unknown,Henry J. Kaiser,Henry J. Kaiser,p0001;p0002;p0003,p0001;p0003,True,1.0,1.0,1.0,1.0,1.0,1.0,1.0,0.6666666666666666,0.8,1.0,success,
hotpotqa_5a828c8355429966c78a6a50,mistral-small3.1:24b,retrieve_then_read,Retrieved Evidence,diagnostic_condition,evidence_narrowed_condition,True,hotpotqa,multi_hop,entity,16000,middle,medium,unknown,Henry J. Kaiser,John Roach,p0001;p0002;p0003,,True,0.0,0.0,0.0,0.0,0.0,0.0,0.0,0.0,0.0,0.0,evidence_localization_failure,
hotpotqa_5a828c8355429966c78a6a50,mistral-small3.1:24b,oracle,Oracle Evidence,diagnostic_baseline,oracle_evidence_upper_reference,True,hotpotqa,multi_hop,entity,16000,middle,medium,unknown,Henry J. Kaiser,Henry J. Kaiser,p0001;p0002;p0003,p0001;p0002;p0003,True,1.0,1.0,1.0,1.0,1.0,1.0,1.0,1.0,1.0,1.0,success,
hotpotqa_5ae0361155429925eb1afc2c,mistral-small3.1:24b,no_evidence,No Evidence,diagnostic_baseline,question_only_lower_bound,True,hotpotqa,multi_hop,entity,4000,end,low,unknown,Charles Eugène,Charles Nungesser,p0001;p0002,,True,0.0,0.5,0.0,0.5,0.0,0.5,0.0,0.0,0.0,0.0,evidence_localization_failure,
hotpotqa_5ae0361155429925eb1afc2c,mistral-small3.1:24b,direct,Full Context,diagnostic_condition,full_context_condition,True,hotpotqa,multi_hop,entity,4000,end,low,unknown,Charles Eugène,Charles Nungesser,p0001;p0002,p0001,True,0.0,0.5,0.0,0.5,0.0,0.5,1.0,0.5,0.6666666666666666,1.0,evidence_integration_failure,
hotpotqa_5ae0361155429925eb1afc2c,mistral-small3.1:24b,retrieve_then_read,Retrieved Evidence,diagnostic_condition,evidence_narrowed_condition,True,hotpotqa,multi_hop,entity,4000,end,low,unknown,Charles Eugène,Charles Nungesser,p0001;p0002,p0001;p0002,True,0.0,0.5,0.0,0.5,0.0,0.5,1.0,1.0,1.0,1.0,answer_conversion_failure,
hotpotqa_5ae0361155429925eb1afc2c,mistral-small3.1:24b,oracle,Oracle Evidence,diagnostic_baseline,oracle_evidence_upper_reference,True,hotpotqa,multi_hop,entity,4000,end,low,unknown,Charles Eugène,Charles Nungesser,p0001;p0002,p0001;p0002,True,0.0,0.5,0.0,0.5,0.0,0.5,1.0,1.0,1.0,1.0,answer_conversion_failure,
hotpotqa_5abc0a5d5542993f40c73c64,mistral-small3.1:24b,no_evidence,No Evidence,diagnostic_baseline,question_only_lower_bound,True,hotpotqa,comparison,yes_no,8000,scattered,low,unknown,no,no,p0001;p0002,,True,1.0,1.0,1.0,1.0,1.0,1.0,0.0,0.0,0.0,0.0,success,
hotpotqa_5abc0a5d5542993f40c73c64,mistral-small3.1:24b,direct,Full Context,diagnostic_condition,full_context_condition,True,hotpotqa,comparison,yes_no,8000,scattered,low,unknown,no,no,p0001;p0002,p0002,True,1.0,1.0,1.0,1.0,1.0,1.0,1.0,0.5,0.6666666666666666,1.0,success,
hotpotqa_5abc0a5d5542993f40c73c64,mistral-small3.1:24b,retrieve_then_read,Retrieved Evidence,diagnostic_condition,evidence_narrowed_condition,True,hotpotqa,comparison,yes_no,8000,scattered,low,unknown,no,Freakonomics,p0001;p0002,,True,0.0,0.0,0.0,0.0,0.0,0.0,0.0,0.0,0.0,0.0,evidence_localization_failure,
hotpotqa_5abc0a5d5542993f40c73c64,mistral-small3.1:24b,oracle,Oracle Evidence,diagnostic_baseline,oracle_evidence_upper_reference,True,hotpotqa,comparison,yes_no,8000,scattered,low,unknown,no,Freakonomics,p0001;p0002,p0001;p0002,True,0.0,0.0,0.0,0.0,0.0,0.0,1.0,1.0,1.0,1.0,answer_conversion_failure,
hotpotqa_5abf63f15542997ec76fd3ea,mistral-small3.1:24b,no_evidence,No Evidence,diagnostic_baseline,question_only_lower_bound,True,hotpotqa,multi_hop,entity,16000,front,low,unknown,October 1922,1923,p0001;p0002,,True,0.0,0.0,0.0,0.0,0.0,0.0,0.0,0.0,0.0,0.0,evidence_localization_failure,
hotpotqa_5abf63f15542997ec76fd3ea,mistral-small3.1:24b,direct,Full Context,diagnostic_condition,full_context_condition,True,hotpotqa,multi_hop,entity,16000,front,low,unknown,October 1922,1922,p0001;p0002,p0002,True,0.0,0.6666666666666666,0.0,0.6666666666666666,0.0,0.6666666666666666,1.0,0.5,0.6666666666666666,1.0,evidence_integration_failure,
hotpotqa_5abf63f15542997ec76fd3ea,mistral-small3.1:24b,retrieve_then_read,Retrieved Evidence,diagnostic_condition,evidence_narrowed_condition,True,hotpotqa,multi_hop,entity,16000,front,low,unknown,October 1922,October 1922,p0001;p0002,p0001;p0002,True,1.0,1.0,1.0,1.0,1.0,1.0,1.0,1.0,1.0,1.0,success,
hotpotqa_5abf63f15542997ec76fd3ea,mistral-small3.1:24b,oracle,Oracle Evidence,diagnostic_baseline,oracle_evidence_upper_reference,True,hotpotqa,multi_hop,entity,16000,front,low,unknown,October 1922,October 1922,p0001;p0002,p0001;p0002,True,1.0,1.0,1.0,1.0,1.0,1.0,1.0,1.0,1.0,1.0,success,
hotpotqa_5ab51dae5542991779162d82,mistral-small3.1:24b,no_evidence,No Evidence,diagnostic_baseline,question_only_lower_bound,True,hotpotqa,comparison,yes_no,4000,middle,low,unknown,no,no,p0001;p0002,,True,1.0,1.0,1.0,1.0,1.0,1.0,0.0,0.0,0.0,0.0,success,
hotpotqa_5ab51dae5542991779162d82,mistral-small3.1:24b,direct,Full Context,diagnostic_condition,full_context_condition,True,hotpotqa,comparison,yes_no,4000,middle,low,unknown,no,no,p0001;p0002,p0001;p0002,True,1.0,1.0,1.0,1.0,1.0,1.0,1.0,1.0,1.0,1.0,success,
hotpotqa_5ab51dae5542991779162d82,mistral-small3.1:24b,retrieve_then_read,Retrieved Evidence,diagnostic_condition,evidence_narrowed_condition,True,hotpotqa,comparison,yes_no,4000,middle,low,unknown,no,no,p0001;p0002,p0001;p0002,True,1.0,1.0,1.0,1.0,1.0,1.0,1.0,1.0,1.0,1.0,success,
hotpotqa_5ab51dae5542991779162d82,mistral-small3.1:24b,oracle,Oracle Evidence,diagnostic_baseline,oracle_evidence_upper_reference,True,hotpotqa,comparison,yes_no,4000,middle,low,unknown,no,no,p0001;p0002,p0001;p0002,True,1.0,1.0,1.0,1.0,1.0,1.0,1.0,1.0,1.0,1.0,success,
hotpotqa_5ab2d3df554299194fa9352c,mistral-small3.1:24b,no_evidence,No Evidence,diagnostic_baseline,question_only_lower_bound,True,hotpotqa,multi_hop,string,8000,end,low,unknown,sovereignty,independence,p0001;p0002,,True,0.0,0.0,0.0,0.0,0.0,0.0,0.0,0.0,0.0,0.0,evidence_localization_failure,
hotpotqa_5ab2d3df554299194fa9352c,mistral-small3.1:24b,direct,Full Context,diagnostic_condition,full_context_condition,True,hotpotqa,multi_hop,string,8000,end,low,unknown,sovereignty,sovereignty,p0001;p0002,p0001;p0002,True,1.0,1.0,1.0,1.0,1.0,1.0,1.0,1.0,1.0,1.0,success,
hotpotqa_5ab2d3df554299194fa9352c,mistral-small3.1:24b,retrieve_then_read,Retrieved Evidence,diagnostic_condition,evidence_narrowed_condition,True,hotpotqa,multi_hop,string,8000,end,low,unknown,sovereignty,sovereignty,p0001;p0002,p0001,True,1.0,1.0,1.0,1.0,1.0,1.0,1.0,0.5,0.6666666666666666,1.0,success,
hotpotqa_5ab2d3df554299194fa9352c,mistral-small3.1:24b,oracle,Oracle Evidence,diagnostic_baseline,oracle_evidence_upper_reference,True,hotpotqa,multi_hop,string,8000,end,low,unknown,sovereignty,Ethiopian sovereignty,p0001;p0002,p0001;p0002,True,0.0,0.6666666666666666,0.0,0.6666666666666666,0.0,0.6666666666666666,1.0,1.0,1.0,1.0,answer_conversion_failure,
hotpotqa_5a7d54165542995f4f402256,mistral-small3.1:24b,no_evidence,No Evidence,diagnostic_baseline,question_only_lower_bound,True,hotpotqa,multi_hop,entity,16000,scattered,medium,unknown,Yellowcraig,Firth of Forth,p0001;p0002;p0003;p0004,,True,0.0,0.0,0.0,0.0,0.0,0.0,0.0,0.0,0.0,0.0,evidence_localization_failure,
hotpotqa_5a7d54165542995f4f402256,mistral-small3.1:24b,direct,Full Context,diagnostic_condition,full_context_condition,True,hotpotqa,multi_hop,entity,16000,scattered,medium,unknown,Yellowcraig,Yellowcraig,p0001;p0002;p0003;p0004,p0001,True,1.0,1.0,1.0,1.0,1.0,1.0,1.0,0.25,0.4,1.0,success,
hotpotqa_5a7d54165542995f4f402256,mistral-small3.1:24b,retrieve_then_read,Retrieved Evidence,diagnostic_condition,evidence_narrowed_condition,True,hotpotqa,multi_hop,entity,16000,scattered,medium,unknown,Yellowcraig,Firth of Forth,p0001;p0002;p0003;p0004,p0004;p0005,True,0.0,0.0,0.0,0.0,0.0,0.0,0.5,0.25,0.3333333333333333,1.0,evidence_integration_failure,
hotpotqa_5a7d54165542995f4f402256,mistral-small3.1:24b,oracle,Oracle Evidence,diagnostic_baseline,oracle_evidence_upper_reference,True,hotpotqa,multi_hop,entity,16000,scattered,medium,unknown,Yellowcraig,Yellowcraig,p0001;p0002;p0003;p0004,p0001;p0003,True,1.0,1.0,1.0,1.0,1.0,1.0,1.0,0.5,0.6666666666666666,1.0,success,
hotpotqa_5abbf698554299114383a0b5,mistral-small3.1:24b,no_evidence,No Evidence,diagnostic_baseline,question_only_lower_bound,True,hotpotqa,multi_hop,entity,4000,front,low,unknown,English Electric Canberra,de Havilland Mosquito,p0001;p0002,,True,0.0,0.0,0.0,0.0,0.0,0.0,0.0,0.0,0.0,0.0,evidence_localization_failure,
hotpotqa_5abbf698554299114383a0b5,mistral-small3.1:24b,direct,Full Context,diagnostic_condition,full_context_condition,True,hotpotqa,multi_hop,entity,4000,front,low,unknown,English Electric Canberra,English Electric Canberra,p0001;p0002,p0001,True,1.0,1.0,1.0,1.0,1.0,1.0,1.0,0.5,0.6666666666666666,1.0,success,
hotpotqa_5abbf698554299114383a0b5,mistral-small3.1:24b,retrieve_then_read,Retrieved Evidence,diagnostic_condition,evidence_narrowed_condition,True,hotpotqa,multi_hop,entity,4000,front,low,unknown,English Electric Canberra,English Electric Canberra,p0001;p0002,p0001;p0002,True,1.0,1.0,1.0,1.0,1.0,1.0,1.0,1.0,1.0,1.0,success,
hotpotqa_5abbf698554299114383a0b5,mistral-small3.1:24b,oracle,Oracle Evidence,diagnostic_baseline,oracle_evidence_upper_reference,True,hotpotqa,multi_hop,entity,4000,front,low,unknown,English Electric Canberra,English Electric Canberra,p0001;p0002,p0001;p0002,True,1.0,1.0,1.0,1.0,1.0,1.0,1.0,1.0,1.0,1.0,success,
hotpotqa_5ab84bf555429916710eb01f,mistral-small3.1:24b,no_evidence,No Evidence,diagnostic_baseline,question_only_lower_bound,True,hotpotqa,multi_hop,number,8000,middle,low,unknown,"1,462",unknown,p0001;p0002,,True,0.0,0.0,0.0,0.0,0.0,0.0,0.0,0.0,0.0,0.0,evidence_localization_failure,
hotpotqa_5ab84bf555429916710eb01f,mistral-small3.1:24b,direct,Full Context,diagnostic_condition,full_context_condition,True,hotpotqa,multi_hop,number,8000,middle,low,unknown,"1,462",1462,p0001;p0002,p0001;p0002,True,1.0,1.0,0.0,0.0,1.0,1.0,1.0,1.0,1.0,1.0,success,
hotpotqa_5ab84bf555429916710eb01f,mistral-small3.1:24b,retrieve_then_read,Retrieved Evidence,diagnostic_condition,evidence_narrowed_condition,True,hotpotqa,multi_hop,number,8000,middle,low,unknown,"1,462",1462,p0001;p0002,p0001,True,1.0,1.0,0.0,0.0,1.0,1.0,1.0,0.5,0.6666666666666666,1.0,success,
hotpotqa_5ab84bf555429916710eb01f,mistral-small3.1:24b,oracle,Oracle Evidence,diagnostic_baseline,oracle_evidence_upper_reference,True,hotpotqa,multi_hop,number,8000,middle,low,unknown,"1,462",1462,p0001;p0002,p0001;p0002,True,1.0,1.0,0.0,0.0,1.0,1.0,1.0,1.0,1.0,1.0,success,
hotpotqa_5ab96ab755429970cfb8eacd,mistral-small3.1:24b,no_evidence,No Evidence,diagnostic_baseline,question_only_lower_bound,True,hotpotqa,multi_hop,string,16000,end,medium,unknown,"Max Martin, Savan Kotecha and Ilya Salmanzadeh","Noel Zancanella, Ryan Tedder, and Max Martin",p0001;p0002;p0003;p0004,,True,0.0,0.42857142857142855,0.0,0.42857142857142855,0.0,0.42857142857142855,0.0,0.0,0.0,0.0,evidence_localization_failure,
hotpotqa_5ab96ab755429970cfb8eacd,mistral-small3.1:24b,direct,Full Context,diagnostic_condition,full_context_condition,True,hotpotqa,multi_hop,string,16000,end,medium,unknown,"Max Martin, Savan Kotecha and Ilya Salmanzadeh","Max Martin, Savan Kotecha, Ilya Salmanzadeh",p0001;p0002;p0003;p0004,p0003,True,0.0,0.923076923076923,0.0,0.923076923076923,0.0,0.923076923076923,1.0,0.25,0.4,1.0,evidence_integration_failure,
hotpotqa_5ab96ab755429970cfb8eacd,mistral-small3.1:24b,retrieve_then_read,Retrieved Evidence,diagnostic_condition,evidence_narrowed_condition,True,hotpotqa,multi_hop,string,16000,end,medium,unknown,"Max Martin, Savan Kotecha and Ilya Salmanzadeh",The Invisible Men,p0001;p0002;p0003;p0004,,True,0.0,0.0,0.0,0.0,0.0,0.0,0.0,0.0,0.0,0.0,evidence_localization_failure,
hotpotqa_5ab96ab755429970cfb8eacd,mistral-small3.1:24b,oracle,Oracle Evidence,diagnostic_baseline,oracle_evidence_upper_reference,True,hotpotqa,multi_hop,string,16000,end,medium,unknown,"Max Martin, Savan Kotecha and Ilya Salmanzadeh","Max Martin, Savan Kotecha, Ilya Salmanzadeh",p0001;p0002;p0003;p0004,p0001;p0003;p0004,True,0.0,0.923076923076923,0.0,0.923076923076923,0.0,0.923076923076923,1.0,0.75,0.8571428571428571,1.0,evidence_integration_failure,
hotpotqa_5ae5aba0554299546bf82f17,mistral-small3.1:24b,no_evidence,No Evidence,diagnostic_baseline,question_only_lower_bound,True,hotpotqa,multi_hop,entity,4000,scattered,low,unknown,Teen Titans Go!,Raven,p0001;p0002,,True,0.0,0.0,0.0,0.0,0.0,0.0,0.0,0.0,0.0,0.0,evidence_localization_failure,
hotpotqa_5ae5aba0554299546bf82f17,mistral-small3.1:24b,direct,Full Context,diagnostic_condition,full_context_condition,True,hotpotqa,multi_hop,entity,4000,scattered,low,unknown,Teen Titans Go!,Teen Titans,p0001;p0002,p0001,True,0.0,0.8,0.0,0.8,0.0,0.8,1.0,0.5,0.6666666666666666,1.0,evidence_integration_failure,
hotpotqa_5ae5aba0554299546bf82f17,mistral-small3.1:24b,retrieve_then_read,Retrieved Evidence,diagnostic_condition,evidence_narrowed_condition,True,hotpotqa,multi_hop,entity,4000,scattered,low,unknown,Teen Titans Go!,Raven,p0001;p0002,p0009,True,0.0,0.0,0.0,0.0,0.0,0.0,0.0,0.0,0.0,0.0,evidence_selection_failure,
hotpotqa_5ae5aba0554299546bf82f17,mistral-small3.1:24b,oracle,Oracle Evidence,diagnostic_baseline,oracle_evidence_upper_reference,True,hotpotqa,multi_hop,entity,4000,scattered,low,unknown,Teen Titans Go!,Teen Titans Go!,p0001;p0002,p0001;p0002,True,1.0,1.0,1.0,1.0,1.0,1.0,1.0,1.0,1.0,1.0,success,
hotpotqa_5ae7e1fc55429952e35ea9cc,mistral-small3.1:24b,no_evidence,No Evidence,diagnostic_baseline,question_only_lower_bound,True,hotpotqa,multi_hop,string,8000,front,low,unknown,orange,orange,p0001;p0002,,True,1.0,1.0,1.0,1.0,1.0,1.0,0.0,0.0,0.0,0.0,success,
hotpotqa_5ae7e1fc55429952e35ea9cc,mistral-small3.1:24b,direct,Full Context,diagnostic_condition,full_context_condition,True,hotpotqa,multi_hop,string,8000,front,low,unknown,orange,orange,p0001;p0002,p0001,True,1.0,1.0,1.0,1.0,1.0,1.0,1.0,0.5,0.6666666666666666,1.0,success,
hotpotqa_5ae7e1fc55429952e35ea9cc,mistral-small3.1:24b,retrieve_then_read,Retrieved Evidence,diagnostic_condition,evidence_narrowed_condition,True,hotpotqa,multi_hop,string,8000,front,low,unknown,orange,orange,p0001;p0002,p0002,True,1.0,1.0,1.0,1.0,1.0,1.0,1.0,0.5,0.6666666666666666,1.0,success,
hotpotqa_5ae7e1fc55429952e35ea9cc,mistral-small3.1:24b,oracle,Oracle Evidence,diagnostic_baseline,oracle_evidence_upper_reference,True,hotpotqa,multi_hop,string,8000,front,low,unknown,orange,orange,p0001;p0002,p0001,True,1.0,1.0,1.0,1.0,1.0,1.0,1.0,0.5,0.6666666666666666,1.0,success,
hotpotqa_5ae37c765542992f92d822d4,mistral-small3.1:24b,no_evidence,No Evidence,diagnostic_baseline,question_only_lower_bound,True,hotpotqa,multi_hop,entity,16000,middle,low,unknown,Tromeo and Juliet,Romeo + Juliet,p0001;p0002,,True,0.0,0.4,0.0,0.3333333333333333,0.0,0.4,0.0,0.0,0.0,0.0,evidence_localization_failure,
hotpotqa_5ae37c765542992f92d822d4,mistral-small3.1:24b,direct,Full Context,diagnostic_condition,full_context_condition,True,hotpotqa,multi_hop,entity,16000,middle,low,unknown,Tromeo and Juliet,Tromeo and Juliet,p0001;p0002,p0001,True,1.0,1.0,1.0,1.0,1.0,1.0,1.0,0.5,0.6666666666666666,1.0,success,
hotpotqa_5ae37c765542992f92d822d4,mistral-small3.1:24b,retrieve_then_read,Retrieved Evidence,diagnostic_condition,evidence_narrowed_condition,True,hotpotqa,multi_hop,entity,16000,middle,low,unknown,Tromeo and Juliet,Romeo + Juliet,p0001;p0002,,True,0.0,0.4,0.0,0.3333333333333333,0.0,0.4,0.0,0.0,0.0,0.0,evidence_localization_failure,
hotpotqa_5ae37c765542992f92d822d4,mistral-small3.1:24b,oracle,Oracle Evidence,diagnostic_baseline,oracle_evidence_upper_reference,True,hotpotqa,multi_hop,entity,16000,middle,low,unknown,Tromeo and Juliet,Tromeo and Juliet,p0001;p0002,p0001;p0002,True,1.0,1.0,1.0,1.0,1.0,1.0,1.0,1.0,1.0,1.0,success,
hotpotqa_5abdf12255429976d4830a2f,mistral-small3.1:24b,no_evidence,No Evidence,diagnostic_baseline,question_only_lower_bound,True,hotpotqa,multi_hop,entity,4000,end,low,unknown,Bob Seger,Bob Seger,p0001;p0002,,True,1.0,1.0,1.0,1.0,1.0,1.0,0.0,0.0,0.0,0.0,success,
hotpotqa_5abdf12255429976d4830a2f,mistral-small3.1:24b,direct,Full Context,diagnostic_condition,full_context_condition,True,hotpotqa,multi_hop,entity,4000,end,low,unknown,Bob Seger,Bob Seger,p0001;p0002,p0001,True,1.0,1.0,1.0,1.0,1.0,1.0,1.0,0.5,0.6666666666666666,1.0,success,
hotpotqa_5abdf12255429976d4830a2f,mistral-small3.1:24b,retrieve_then_read,Retrieved Evidence,diagnostic_condition,evidence_narrowed_condition,True,hotpotqa,multi_hop,entity,4000,end,low,unknown,Bob Seger,Bob Seger,p0001;p0002,p0001,True,1.0,1.0,1.0,1.0,1.0,1.0,1.0,0.5,0.6666666666666666,1.0,success,
hotpotqa_5abdf12255429976d4830a2f,mistral-small3.1:24b,oracle,Oracle Evidence,diagnostic_baseline,oracle_evidence_upper_reference,True,hotpotqa,multi_hop,entity,4000,end,low,unknown,Bob Seger,Bob Seger,p0001;p0002,p0001;p0002,True,1.0,1.0,1.0,1.0,1.0,1.0,1.0,1.0,1.0,1.0,success,
hotpotqa_5a88658955429938390d3f47,mistral-small3.1:24b,no_evidence,No Evidence,diagnostic_baseline,question_only_lower_bound,True,hotpotqa,multi_hop,entity,8000,scattered,medium,unknown,Conscription,drafting,p0001;p0002;p0003,,True,0.0,0.0,0.0,0.0,0.0,0.0,0.0,0.0,0.0,0.0,evidence_localization_failure,
hotpotqa_5a88658955429938390d3f47,mistral-small3.1:24b,direct,Full Context,diagnostic_condition,full_context_condition,True,hotpotqa,multi_hop,entity,8000,scattered,medium,unknown,Conscription,requiring only men to register for the draft,p0001;p0002;p0003,p0001,True,0.0,0.0,0.0,0.0,0.0,0.0,1.0,0.3333333333333333,0.5,1.0,evidence_integration_failure,
hotpotqa_5a88658955429938390d3f47,mistral-small3.1:24b,retrieve_then_read,Retrieved Evidence,diagnostic_condition,evidence_narrowed_condition,True,hotpotqa,multi_hop,entity,8000,scattered,medium,unknown,Conscription,requiring only men to register for the draft,p0001;p0002;p0003,p0001,True,0.0,0.0,0.0,0.0,0.0,0.0,1.0,0.3333333333333333,0.5,1.0,evidence_integration_failure,
hotpotqa_5a88658955429938390d3f47,mistral-small3.1:24b,oracle,Oracle Evidence,diagnostic_baseline,oracle_evidence_upper_reference,True,hotpotqa,multi_hop,entity,8000,scattered,medium,unknown,Conscription,requiring only men to register for the draft,p0001;p0002;p0003,p0001,True,0.0,0.0,0.0,0.0,0.0,0.0,1.0,0.3333333333333333,0.5,1.0,evidence_integration_failure,
hotpotqa_5a86ebac55429960ec39b6d6,mistral-small3.1:24b,no_evidence,No Evidence,diagnostic_baseline,question_only_lower_bound,True,hotpotqa,multi_hop,entity,16000,front,low,unknown,"Mondelez International, Inc.",Mondelez International,p0001;p0002,,True,0.0,0.8,0.0,0.8,0.0,0.8,0.0,0.0,0.0,0.0,evidence_localization_failure,
hotpotqa_5a86ebac55429960ec39b6d6,mistral-small3.1:24b,direct,Full Context,diagnostic_condition,full_context_condition,True,hotpotqa,multi_hop,entity,16000,front,low,unknown,"Mondelez International, Inc.",Mondelez International,p0001;p0002,p0001,True,0.0,0.8,0.0,0.8,0.0,0.8,1.0,0.5,0.6666666666666666,1.0,evidence_integration_failure,
hotpotqa_5a86ebac55429960ec39b6d6,mistral-small3.1:24b,retrieve_then_read,Retrieved Evidence,diagnostic_condition,evidence_narrowed_condition,True,hotpotqa,multi_hop,entity,16000,front,low,unknown,"Mondelez International, Inc.",Mondelez International,p0001;p0002,p0001;p0002,True,0.0,0.8,0.0,0.8,0.0,0.8,1.0,1.0,1.0,1.0,answer_conversion_failure,
hotpotqa_5a86ebac55429960ec39b6d6,mistral-small3.1:24b,oracle,Oracle Evidence,diagnostic_baseline,oracle_evidence_upper_reference,True,hotpotqa,multi_hop,entity,16000,front,low,unknown,"Mondelez International, Inc.",Mondelez International,p0001;p0002,p0001;p0002,True,0.0,0.8,0.0,0.8,0.0,0.8,1.0,1.0,1.0,1.0,answer_conversion_failure,
hotpotqa_5aba5d2e55429901930fa799,mistral-small3.1:24b,no_evidence,No Evidence,diagnostic_baseline,question_only_lower_bound,True,hotpotqa,multi_hop,entity,4000,middle,medium,unknown,Monica Lewinsky,Kathleen Willey,p0001;p0002;p0003,,True,0.0,0.0,0.0,0.0,0.0,0.0,0.0,0.0,0.0,0.0,evidence_localization_failure,
hotpotqa_5aba5d2e55429901930fa799,mistral-small3.1:24b,direct,Full Context,diagnostic_condition,full_context_condition,True,hotpotqa,multi_hop,entity,4000,middle,medium,unknown,Monica Lewinsky,Monica Lewinsky,p0001;p0002;p0003,p0001;p0003,True,1.0,1.0,1.0,1.0,1.0,1.0,1.0,0.6666666666666666,0.8,1.0,success,
hotpotqa_5aba5d2e55429901930fa799,mistral-small3.1:24b,retrieve_then_read,Retrieved Evidence,diagnostic_condition,evidence_narrowed_condition,True,hotpotqa,multi_hop,entity,4000,middle,medium,unknown,Monica Lewinsky,Kathleen Willey,p0001;p0002;p0003,,True,0.0,0.0,0.0,0.0,0.0,0.0,0.0,0.0,0.0,0.0,evidence_localization_failure,
hotpotqa_5aba5d2e55429901930fa799,mistral-small3.1:24b,oracle,Oracle Evidence,diagnostic_baseline,oracle_evidence_upper_reference,True,hotpotqa,multi_hop,entity,4000,middle,medium,unknown,Monica Lewinsky,Monica Lewinsky,p0001;p0002;p0003,p0001;p0002;p0003,True,1.0,1.0,1.0,1.0,1.0,1.0,1.0,1.0,1.0,1.0,success,
hotpotqa_5a7759fc5542993569682d60,mistral-small3.1:24b,no_evidence,No Evidence,diagnostic_baseline,question_only_lower_bound,True,hotpotqa,comparison,entity,8000,end,low,unknown,"Canary Islands, Spain",Tenerife and La Gomera,p0001;p0002,,True,0.0,0.0,0.0,0.0,0.0,0.0,0.0,0.0,0.0,0.0,evidence_localization_failure,
hotpotqa_5a7759fc5542993569682d60,mistral-small3.1:24b,direct,Full Context,diagnostic_condition,full_context_condition,True,hotpotqa,comparison,entity,8000,end,low,unknown,"Canary Islands, Spain",Canary Islands,p0001;p0002,p0001;p0002,True,0.0,0.8,0.0,0.8,0.0,0.8,1.0,1.0,1.0,1.0,answer_conversion_failure,
hotpotqa_5a7759fc5542993569682d60,mistral-small3.1:24b,retrieve_then_read,Retrieved Evidence,diagnostic_condition,evidence_narrowed_condition,True,hotpotqa,comparison,entity,8000,end,low,unknown,"Canary Islands, Spain","Canary Islands, Spain",p0001;p0002,p0001;p0002,True,1.0,1.0,1.0,1.0,1.0,1.0,1.0,1.0,1.0,1.0,success,
hotpotqa_5a7759fc5542993569682d60,mistral-small3.1:24b,oracle,Oracle Evidence,diagnostic_baseline,oracle_evidence_upper_reference,True,hotpotqa,comparison,entity,8000,end,low,unknown,"Canary Islands, Spain",Canary Islands,p0001;p0002,p0001;p0002,True,0.0,0.8,0.0,0.8,0.0,0.8,1.0,1.0,1.0,1.0,answer_conversion_failure,
hotpotqa_5abfb3425542990832d3a1c0,mistral-small3.1:24b,no_evidence,No Evidence,diagnostic_baseline,question_only_lower_bound,True,hotpotqa,multi_hop,entity,16000,scattered,low,unknown,The Conversation,The Global Mail,p0001;p0002,,True,0.0,0.0,0.0,0.0,0.0,0.0,0.0,0.0,0.0,0.0,evidence_localization_failure,
hotpotqa_5abfb3425542990832d3a1c0,mistral-small3.1:24b,direct,Full Context,diagnostic_condition,full_context_condition,True,hotpotqa,multi_hop,entity,16000,scattered,low,unknown,The Conversation,The Conversation,p0001;p0002,p0001,True,1.0,1.0,1.0,1.0,1.0,1.0,1.0,0.5,0.6666666666666666,1.0,success,
hotpotqa_5abfb3425542990832d3a1c0,mistral-small3.1:24b,retrieve_then_read,Retrieved Evidence,diagnostic_condition,evidence_narrowed_condition,True,hotpotqa,multi_hop,entity,16000,scattered,low,unknown,The Conversation,The Conversation,p0001;p0002,p0001,True,1.0,1.0,1.0,1.0,1.0,1.0,1.0,0.5,0.6666666666666666,1.0,success,
hotpotqa_5abfb3425542990832d3a1c0,mistral-small3.1:24b,oracle,Oracle Evidence,diagnostic_baseline,oracle_evidence_upper_reference,True,hotpotqa,multi_hop,entity,16000,scattered,low,unknown,The Conversation,The Conversation,p0001;p0002,p0001,True,1.0,1.0,1.0,1.0,1.0,1.0,1.0,0.5,0.6666666666666666,1.0,success,
hotpotqa_5ae2b770554299495565db0f,mistral-small3.1:24b,no_evidence,No Evidence,diagnostic_baseline,question_only_lower_bound,True,hotpotqa,multi_hop,entity,4000,front,medium,unknown,March and April,April,p0001;p0002;p0003;p0004,,True,0.0,0.5,0.0,0.5,0.0,0.5,0.0,0.0,0.0,0.0,evidence_localization_failure,
hotpotqa_5ae2b770554299495565db0f,mistral-small3.1:24b,direct,Full Context,diagnostic_condition,full_context_condition,True,hotpotqa,multi_hop,entity,4000,front,medium,unknown,March and April,March and April,p0001;p0002;p0003;p0004,p0001,True,1.0,1.0,1.0,1.0,1.0,1.0,1.0,0.25,0.4,1.0,success,
hotpotqa_5ae2b770554299495565db0f,mistral-small3.1:24b,retrieve_then_read,Retrieved Evidence,diagnostic_condition,evidence_narrowed_condition,True,hotpotqa,multi_hop,entity,4000,front,medium,unknown,March and April,March,p0001;p0002;p0003;p0004,p0002;p0003;p0004,True,0.0,0.5,0.0,0.5,0.0,0.5,1.0,0.75,0.8571428571428571,1.0,evidence_integration_failure,
hotpotqa_5ae2b770554299495565db0f,mistral-small3.1:24b,oracle,Oracle Evidence,diagnostic_baseline,oracle_evidence_upper_reference,True,hotpotqa,multi_hop,entity,4000,front,medium,unknown,March and April,March and April,p0001;p0002;p0003;p0004,p0001;p0002;p0004,True,1.0,1.0,1.0,1.0,1.0,1.0,1.0,0.75,0.8571428571428571,1.0,success,
hotpotqa_5a80b3a9554299485f5986cc,mistral-small3.1:24b,no_evidence,No Evidence,diagnostic_baseline,question_only_lower_bound,True,hotpotqa,multi_hop,entity,8000,middle,low,unknown,Fairfax County,Fairfax County,p0001;p0002,,True,1.0,1.0,1.0,1.0,1.0,1.0,0.0,0.0,0.0,0.0,success,
hotpotqa_5a80b3a9554299485f5986cc,mistral-small3.1:24b,direct,Full Context,diagnostic_condition,full_context_condition,True,hotpotqa,multi_hop,entity,8000,middle,low,unknown,Fairfax County,Fairfax County,p0001;p0002,p0007,True,1.0,1.0,1.0,1.0,1.0,1.0,0.0,0.0,0.0,0.0,success,
hotpotqa_5a80b3a9554299485f5986cc,mistral-small3.1:24b,retrieve_then_read,Retrieved Evidence,diagnostic_condition,evidence_narrowed_condition,True,hotpotqa,multi_hop,entity,8000,middle,low,unknown,Fairfax County,Fairfax County,p0001;p0002,,True,1.0,1.0,1.0,1.0,1.0,1.0,0.0,0.0,0.0,0.0,success,
hotpotqa_5a80b3a9554299485f5986cc,mistral-small3.1:24b,oracle,Oracle Evidence,diagnostic_baseline,oracle_evidence_upper_reference,True,hotpotqa,multi_hop,entity,8000,middle,low,unknown,Fairfax County,Fairfax County,p0001;p0002,p0001;p0002,True,1.0,1.0,1.0,1.0,1.0,1.0,1.0,1.0,1.0,1.0,success,
hotpotqa_5a818387554299260e20a291,mistral-small3.1:24b,no_evidence,No Evidence,diagnostic_baseline,question_only_lower_bound,True,hotpotqa,multi_hop,entity,16000,end,low,unknown,Blake Shelton,Garth Brooks,p0001;p0002,,True,0.0,0.0,0.0,0.0,0.0,0.0,0.0,0.0,0.0,0.0,evidence_localization_failure,
hotpotqa_5a818387554299260e20a291,mistral-small3.1:24b,direct,Full Context,diagnostic_condition,full_context_condition,True,hotpotqa,multi_hop,entity,16000,end,low,unknown,Blake Shelton,Blake Shelton,p0001;p0002,p0001,True,1.0,1.0,1.0,1.0,1.0,1.0,1.0,0.5,0.6666666666666666,1.0,success,
hotpotqa_5a818387554299260e20a291,mistral-small3.1:24b,retrieve_then_read,Retrieved Evidence,diagnostic_condition,evidence_narrowed_condition,True,hotpotqa,multi_hop,entity,16000,end,low,unknown,Blake Shelton,Blake Shelton,p0001;p0002,p0001;p0002,True,1.0,1.0,1.0,1.0,1.0,1.0,1.0,1.0,1.0,1.0,success,
hotpotqa_5a818387554299260e20a291,mistral-small3.1:24b,oracle,Oracle Evidence,diagnostic_baseline,oracle_evidence_upper_reference,True,hotpotqa,multi_hop,entity,16000,end,low,unknown,Blake Shelton,Blake Shelton,p0001;p0002,p0001;p0002,True,1.0,1.0,1.0,1.0,1.0,1.0,1.0,1.0,1.0,1.0,success,
hotpotqa_5a89f5815542993b751ca9c5,mistral-small3.1:24b,no_evidence,No Evidence,diagnostic_baseline,question_only_lower_bound,True,hotpotqa,multi_hop,entity,4000,scattered,low,unknown,Princess Jessica,The Fairy Godmother,p0001;p0002,,True,0.0,0.0,0.0,0.0,0.0,0.0,0.0,0.0,0.0,0.0,evidence_localization_failure,
hotpotqa_5a89f5815542993b751ca9c5,mistral-small3.1:24b,direct,Full Context,diagnostic_condition,full_context_condition,True,hotpotqa,multi_hop,entity,4000,scattered,low,unknown,Princess Jessica,Princess Jessica,p0001;p0002,p0001,True,1.0,1.0,1.0,1.0,1.0,1.0,1.0,0.5,0.6666666666666666,1.0,success,
hotpotqa_5a89f5815542993b751ca9c5,mistral-small3.1:24b,retrieve_then_read,Retrieved Evidence,diagnostic_condition,evidence_narrowed_condition,True,hotpotqa,multi_hop,entity,4000,scattered,low,unknown,Princess Jessica,Princess Jessica,p0001;p0002,p0001,True,1.0,1.0,1.0,1.0,1.0,1.0,1.0,0.5,0.6666666666666666,1.0,success,
hotpotqa_5a89f5815542993b751ca9c5,mistral-small3.1:24b,oracle,Oracle Evidence,diagnostic_baseline,oracle_evidence_upper_reference,True,hotpotqa,multi_hop,entity,4000,scattered,low,unknown,Princess Jessica,Princess Jessica,p0001;p0002,p0001;p0002,True,1.0,1.0,1.0,1.0,1.0,1.0,1.0,1.0,1.0,1.0,success,
hotpotqa_5ac120c55542992a796dedfc,mistral-small3.1:24b,no_evidence,No Evidence,diagnostic_baseline,question_only_lower_bound,True,hotpotqa,multi_hop,entity,8000,front,medium,unknown,KKR & Co,KKR,p0001;p0002;p0003,,True,0.0,0.6666666666666666,0.0,0.6666666666666666,0.0,0.6666666666666666,0.0,0.0,0.0,0.0,evidence_localization_failure,
hotpotqa_5ac120c55542992a796dedfc,mistral-small3.1:24b,direct,Full Context,diagnostic_condition,full_context_condition,True,hotpotqa,multi_hop,entity,8000,front,medium,unknown,KKR & Co,Kohlberg Kravis Roberts,p0001;p0002;p0003,p0001,True,0.0,0.0,0.0,0.0,0.0,0.0,1.0,0.3333333333333333,0.5,1.0,evidence_integration_failure,
hotpotqa_5ac120c55542992a796dedfc,mistral-small3.1:24b,retrieve_then_read,Retrieved Evidence,diagnostic_condition,evidence_narrowed_condition,True,hotpotqa,multi_hop,entity,8000,front,medium,unknown,KKR & Co,Kohlberg Kravis Roberts,p0001;p0002;p0003,p0001,True,0.0,0.0,0.0,0.0,0.0,0.0,1.0,0.3333333333333333,0.5,1.0,evidence_integration_failure,
hotpotqa_5ac120c55542992a796dedfc,mistral-small3.1:24b,oracle,Oracle Evidence,diagnostic_baseline,oracle_evidence_upper_reference,True,hotpotqa,multi_hop,entity,8000,front,medium,unknown,KKR & Co,Kohlberg Kravis Roberts,p0001;p0002;p0003,p0001;p0003,True,0.0,0.0,0.0,0.0,0.0,0.0,1.0,0.6666666666666666,0.8,1.0,evidence_integration_failure,
hotpotqa_5ab7c1a955429928e1fe38c8,mistral-small3.1:24b,no_evidence,No Evidence,diagnostic_baseline,question_only_lower_bound,True,hotpotqa,multi_hop,entity,16000,middle,medium,unknown,The Bye Bye Man,The Little Hours,p0001;p0002;p0003,,True,0.0,0.0,0.0,0.0,0.0,0.0,0.0,0.0,0.0,0.0,evidence_localization_failure,
hotpotqa_5ab7c1a955429928e1fe38c8,mistral-small3.1:24b,direct,Full Context,diagnostic_condition,full_context_condition,True,hotpotqa,multi_hop,entity,16000,middle,medium,unknown,The Bye Bye Man,The Bye Bye Man,p0001;p0002;p0003,p0001;p0002,True,1.0,1.0,1.0,1.0,1.0,1.0,1.0,0.6666666666666666,0.8,1.0,success,
hotpotqa_5ab7c1a955429928e1fe38c8,mistral-small3.1:24b,retrieve_then_read,Retrieved Evidence,diagnostic_condition,evidence_narrowed_condition,True,hotpotqa,multi_hop,entity,16000,middle,medium,unknown,The Bye Bye Man,Bottom of the World,p0001;p0002;p0003,,True,0.0,0.0,0.0,0.0,0.0,0.0,0.0,0.0,0.0,0.0,evidence_localization_failure,
hotpotqa_5ab7c1a955429928e1fe38c8,mistral-small3.1:24b,oracle,Oracle Evidence,diagnostic_baseline,oracle_evidence_upper_reference,True,hotpotqa,multi_hop,entity,16000,middle,medium,unknown,The Bye Bye Man,The Bye Bye Man,p0001;p0002;p0003,p0001;p0002;p0003,True,1.0,1.0,1.0,1.0,1.0,1.0,1.0,1.0,1.0,1.0,success,
hotpotqa_5abd01205542992ac4f3819b,mistral-small3.1:24b,no_evidence,No Evidence,diagnostic_baseline,question_only_lower_bound,True,hotpotqa,multi_hop,entity,4000,end,low,unknown,Richmond,Gwydir River,p0001;p0002,,True,0.0,0.0,0.0,0.0,0.0,0.0,0.0,0.0,0.0,0.0,evidence_localization_failure,
hotpotqa_5abd01205542992ac4f3819b,mistral-small3.1:24b,direct,Full Context,diagnostic_condition,full_context_condition,True,hotpotqa,multi_hop,entity,4000,end,low,unknown,Richmond,Richmond River,p0001;p0002,p0001;p0002,True,0.0,0.6666666666666666,0.0,0.6666666666666666,0.0,0.6666666666666666,1.0,1.0,1.0,1.0,answer_conversion_failure,
hotpotqa_5abd01205542992ac4f3819b,mistral-small3.1:24b,retrieve_then_read,Retrieved Evidence,diagnostic_condition,evidence_narrowed_condition,True,hotpotqa,multi_hop,entity,4000,end,low,unknown,Richmond,Richmond River,p0001;p0002,p0001,True,0.0,0.6666666666666666,0.0,0.6666666666666666,0.0,0.6666666666666666,1.0,0.5,0.6666666666666666,1.0,evidence_integration_failure,
hotpotqa_5abd01205542992ac4f3819b,mistral-small3.1:24b,oracle,Oracle Evidence,diagnostic_baseline,oracle_evidence_upper_reference,True,hotpotqa,multi_hop,entity,4000,end,low,unknown,Richmond,Richmond River,p0001;p0002,p0001;p0002,True,0.0,0.6666666666666666,0.0,0.6666666666666666,0.0,0.6666666666666666,1.0,1.0,1.0,1.0,answer_conversion_failure,
hotpotqa_5a8574945542997b5ce3fffb,mistral-small3.1:24b,no_evidence,No Evidence,diagnostic_baseline,question_only_lower_bound,True,hotpotqa,comparison,string,8000,scattered,medium,unknown,LaLee's Kin: The Legacy of Cotton,Gimme Shelter,p0001;p0002;p0003,,True,0.0,0.0,0.0,0.0,0.0,0.0,0.0,0.0,0.0,0.0,evidence_localization_failure,
hotpotqa_5a8574945542997b5ce3fffb,mistral-small3.1:24b,direct,Full Context,diagnostic_condition,full_context_condition,True,hotpotqa,comparison,string,8000,scattered,medium,unknown,LaLee's Kin: The Legacy of Cotton,Gimme Shelter,p0001;p0002;p0003,p0002,True,0.0,0.0,0.0,0.0,0.0,0.0,1.0,0.3333333333333333,0.5,1.0,evidence_integration_failure,
hotpotqa_5a8574945542997b5ce3fffb,mistral-small3.1:24b,retrieve_then_read,Retrieved Evidence,diagnostic_condition,evidence_narrowed_condition,True,hotpotqa,comparison,string,8000,scattered,medium,unknown,LaLee's Kin: The Legacy of Cotton,Gimme Shelter,p0001;p0002;p0003,p0002,True,0.0,0.0,0.0,0.0,0.0,0.0,1.0,0.3333333333333333,0.5,1.0,evidence_integration_failure,
hotpotqa_5a8574945542997b5ce3fffb,mistral-small3.1:24b,oracle,Oracle Evidence,diagnostic_baseline,oracle_evidence_upper_reference,True,hotpotqa,comparison,string,8000,scattered,medium,unknown,LaLee's Kin: The Legacy of Cotton,LaLee's Kin: The Legacy of Cotton,p0001;p0002;p0003,p0001;p0002,True,1.0,1.0,1.0,1.0,1.0,1.0,1.0,0.6666666666666666,0.8,1.0,success,
hotpotqa_5a87d8215542994775f60800,mistral-small3.1:24b,no_evidence,No Evidence,diagnostic_baseline,question_only_lower_bound,True,hotpotqa,multi_hop,entity,16000,front,medium,unknown,Suicide Squad,Training Day,p0001;p0002;p0003;p0004,,True,0.0,0.0,0.0,0.0,0.0,0.0,0.0,0.0,0.0,0.0,evidence_localization_failure,
hotpotqa_5a87d8215542994775f60800,mistral-small3.1:24b,direct,Full Context,diagnostic_condition,full_context_condition,True,hotpotqa,multi_hop,entity,16000,front,medium,unknown,Suicide Squad,Training Day,p0001;p0002;p0003;p0004,p0004,True,0.0,0.0,0.0,0.0,0.0,0.0,1.0,0.25,0.4,1.0,evidence_integration_failure,
hotpotqa_5a87d8215542994775f60800,mistral-small3.1:24b,retrieve_then_read,Retrieved Evidence,diagnostic_condition,evidence_narrowed_condition,True,hotpotqa,multi_hop,entity,16000,front,medium,unknown,Suicide Squad,Suicide Squad,p0001;p0002;p0003;p0004,p0002;p0004,True,1.0,1.0,1.0,1.0,1.0,1.0,1.0,0.5,0.6666666666666666,1.0,success,
hotpotqa_5a87d8215542994775f60800,mistral-small3.1:24b,oracle,Oracle Evidence,diagnostic_baseline,oracle_evidence_upper_reference,True,hotpotqa,multi_hop,entity,16000,front,medium,unknown,Suicide Squad,Suicide Squad,p0001;p0002;p0003;p0004,p0001;p0004,True,1.0,1.0,1.0,1.0,1.0,1.0,1.0,0.5,0.6666666666666666,1.0,success,
hotpotqa_5ac2d1d755429921a00ab053,mistral-small3.1:24b,no_evidence,No Evidence,diagnostic_baseline,question_only_lower_bound,True,hotpotqa,comparison,entity,4000,middle,medium,unknown,Roberta Vinci,Roberta Vinci,p0001;p0002;p0003,,True,1.0,1.0,1.0,1.0,1.0,1.0,0.0,0.0,0.0,0.0,success,
hotpotqa_5ac2d1d755429921a00ab053,mistral-small3.1:24b,direct,Full Context,diagnostic_condition,full_context_condition,True,hotpotqa,comparison,entity,4000,middle,medium,unknown,Roberta Vinci,Roberta Vinci,p0001;p0002;p0003,p0001;p0003,True,1.0,1.0,1.0,1.0,1.0,1.0,1.0,0.6666666666666666,0.8,1.0,success,
hotpotqa_5ac2d1d755429921a00ab053,mistral-small3.1:24b,retrieve_then_read,Retrieved Evidence,diagnostic_condition,evidence_narrowed_condition,True,hotpotqa,comparison,entity,4000,middle,medium,unknown,Roberta Vinci,Roberta Vinci,p0001;p0002;p0003,p0001;p0003,True,1.0,1.0,1.0,1.0,1.0,1.0,1.0,0.6666666666666666,0.8,1.0,success,
hotpotqa_5ac2d1d755429921a00ab053,mistral-small3.1:24b,oracle,Oracle Evidence,diagnostic_baseline,oracle_evidence_upper_reference,True,hotpotqa,comparison,entity,4000,middle,medium,unknown,Roberta Vinci,Roberta Vinci,p0001;p0002;p0003,p0002;p0003,True,1.0,1.0,1.0,1.0,1.0,1.0,1.0,0.6666666666666666,0.8,1.0,success,
hotpotqa_5a738d27554299623ed4abf3,mistral-small3.1:24b,no_evidence,No Evidence,diagnostic_baseline,question_only_lower_bound,True,hotpotqa,multi_hop,entity,8000,end,low,unknown,Erika Jayne,Erika Jayne,p0001;p0002,,True,1.0,1.0,1.0,1.0,1.0,1.0,0.0,0.0,0.0,0.0,success,
hotpotqa_5a738d27554299623ed4abf3,mistral-small3.1:24b,direct,Full Context,diagnostic_condition,full_context_condition,True,hotpotqa,multi_hop,entity,8000,end,low,unknown,Erika Jayne,Marco Da Silva,p0001;p0002,p0001;p0002,True,0.0,0.0,0.0,0.0,0.0,0.0,1.0,1.0,1.0,1.0,answer_conversion_failure,
hotpotqa_5a738d27554299623ed4abf3,mistral-small3.1:24b,retrieve_then_read,Retrieved Evidence,diagnostic_condition,evidence_narrowed_condition,True,hotpotqa,multi_hop,entity,8000,end,low,unknown,Erika Jayne,Erika Jayne,p0001;p0002,p0001,True,1.0,1.0,1.0,1.0,1.0,1.0,1.0,0.5,0.6666666666666666,1.0,success,
hotpotqa_5a738d27554299623ed4abf3,mistral-small3.1:24b,oracle,Oracle Evidence,diagnostic_baseline,oracle_evidence_upper_reference,True,hotpotqa,multi_hop,entity,8000,end,low,unknown,Erika Jayne,Erika Jayne,p0001;p0002,p0001;p0002,True,1.0,1.0,1.0,1.0,1.0,1.0,1.0,1.0,1.0,1.0,success,
hotpotqa_5ab2a186554299295394677b,mistral-small3.1:24b,no_evidence,No Evidence,diagnostic_baseline,question_only_lower_bound,True,hotpotqa,multi_hop,number,16000,scattered,low,unknown,2009,unknown,p0001;p0002,,True,0.0,0.0,0.0,0.0,0.0,0.0,0.0,0.0,0.0,0.0,evidence_localization_failure,
hotpotqa_5ab2a186554299295394677b,mistral-small3.1:24b,direct,Full Context,diagnostic_condition,full_context_condition,True,hotpotqa,multi_hop,number,16000,scattered,low,unknown,2009,2009,p0001;p0002,p0001,True,1.0,1.0,1.0,1.0,1.0,1.0,1.0,0.5,0.6666666666666666,1.0,success,
hotpotqa_5ab2a186554299295394677b,mistral-small3.1:24b,retrieve_then_read,Retrieved Evidence,diagnostic_condition,evidence_narrowed_condition,True,hotpotqa,multi_hop,number,16000,scattered,low,unknown,2009,2009,p0001;p0002,p0001,True,1.0,1.0,1.0,1.0,1.0,1.0,1.0,0.5,0.6666666666666666,1.0,success,
hotpotqa_5ab2a186554299295394677b,mistral-small3.1:24b,oracle,Oracle Evidence,diagnostic_baseline,oracle_evidence_upper_reference,True,hotpotqa,multi_hop,number,16000,scattered,low,unknown,2009,2009,p0001;p0002,p0001,True,1.0,1.0,1.0,1.0,1.0,1.0,1.0,0.5,0.6666666666666666,1.0,success,
hotpotqa_5a8704f8554299211dda2ba4,mistral-small3.1:24b,no_evidence,No Evidence,diagnostic_baseline,question_only_lower_bound,True,hotpotqa,multi_hop,entity,4000,front,medium,unknown,Kingdom of the Isles,Isle of Man,p0001;p0002;p0003,,True,0.0,0.3333333333333333,0.0,0.3333333333333333,0.0,0.3333333333333333,0.0,0.0,0.0,0.0,evidence_localization_failure,
hotpotqa_5a8704f8554299211dda2ba4,mistral-small3.1:24b,direct,Full Context,diagnostic_condition,full_context_condition,True,hotpotqa,multi_hop,entity,4000,front,medium,unknown,Kingdom of the Isles,Kingdom of the Isles,p0001;p0002;p0003,p0001;p0002;p0007,True,1.0,1.0,1.0,1.0,1.0,1.0,0.6666666666666666,0.6666666666666666,0.6666666666666666,1.0,success,
hotpotqa_5a8704f8554299211dda2ba4,mistral-small3.1:24b,retrieve_then_read,Retrieved Evidence,diagnostic_condition,evidence_narrowed_condition,True,hotpotqa,multi_hop,entity,4000,front,medium,unknown,Kingdom of the Isles,Kingdom of the Isles,p0001;p0002;p0003,p0001;p0003,True,1.0,1.0,1.0,1.0,1.0,1.0,1.0,0.6666666666666666,0.8,1.0,success,
hotpotqa_5a8704f8554299211dda2ba4,mistral-small3.1:24b,oracle,Oracle Evidence,diagnostic_baseline,oracle_evidence_upper_reference,True,hotpotqa,multi_hop,entity,4000,front,medium,unknown,Kingdom of the Isles,Kingdom of the Isles,p0001;p0002;p0003,p0001;p0002;p0003,True,1.0,1.0,1.0,1.0,1.0,1.0,1.0,1.0,1.0,1.0,success,
hotpotqa_5ab5ed505542997d4ad1f255,mistral-small3.1:24b,no_evidence,No Evidence,diagnostic_baseline,question_only_lower_bound,True,hotpotqa,multi_hop,entity,8000,middle,low,unknown,The Beatles,The Beatles,p0001;p0002,,True,1.0,1.0,1.0,1.0,1.0,1.0,0.0,0.0,0.0,0.0,success,
hotpotqa_5ab5ed505542997d4ad1f255,mistral-small3.1:24b,direct,Full Context,diagnostic_condition,full_context_condition,True,hotpotqa,multi_hop,entity,8000,middle,low,unknown,The Beatles,The Beatles,p0001;p0002,p0001;p0002,True,1.0,1.0,1.0,1.0,1.0,1.0,1.0,1.0,1.0,1.0,success,
hotpotqa_5ab5ed505542997d4ad1f255,mistral-small3.1:24b,retrieve_then_read,Retrieved Evidence,diagnostic_condition,evidence_narrowed_condition,True,hotpotqa,multi_hop,entity,8000,middle,low,unknown,The Beatles,The Beatles,p0001;p0002,p0001;p0002,True,1.0,1.0,1.0,1.0,1.0,1.0,1.0,1.0,1.0,1.0,success,
hotpotqa_5ab5ed505542997d4ad1f255,mistral-small3.1:24b,oracle,Oracle Evidence,diagnostic_baseline,oracle_evidence_upper_reference,True,hotpotqa,multi_hop,entity,8000,middle,low,unknown,The Beatles,The Beatles,p0001;p0002,p0001;p0002,True,1.0,1.0,1.0,1.0,1.0,1.0,1.0,1.0,1.0,1.0,success,
hotpotqa_5ae748d1554299572ea547b0,mistral-small3.1:24b,no_evidence,No Evidence,diagnostic_baseline,question_only_lower_bound,True,hotpotqa,multi_hop,number,16000,end,medium,unknown,1901,1901,p0001;p0002;p0003,,True,1.0,1.0,1.0,1.0,1.0,1.0,0.0,0.0,0.0,0.0,success,
hotpotqa_5ae748d1554299572ea547b0,mistral-small3.1:24b,direct,Full Context,diagnostic_condition,full_context_condition,True,hotpotqa,multi_hop,number,16000,end,medium,unknown,1901,1901,p0001;p0002;p0003,p0002,True,1.0,1.0,1.0,1.0,1.0,1.0,1.0,0.3333333333333333,0.5,1.0,success,
hotpotqa_5ae748d1554299572ea547b0,mistral-small3.1:24b,retrieve_then_read,Retrieved Evidence,diagnostic_condition,evidence_narrowed_condition,True,hotpotqa,multi_hop,number,16000,end,medium,unknown,1901,1901,p0001;p0002;p0003,p0001;p0003,True,1.0,1.0,1.0,1.0,1.0,1.0,1.0,0.6666666666666666,0.8,1.0,success,
hotpotqa_5ae748d1554299572ea547b0,mistral-small3.1:24b,oracle,Oracle Evidence,diagnostic_baseline,oracle_evidence_upper_reference,True,hotpotqa,multi_hop,number,16000,end,medium,unknown,1901,1901,p0001;p0002;p0003,p0001;p0003,True,1.0,1.0,1.0,1.0,1.0,1.0,1.0,0.6666666666666666,0.8,1.0,success,
hotpotqa_5a7a8a9c554299042af8f666,mistral-small3.1:24b,no_evidence,No Evidence,diagnostic_baseline,question_only_lower_bound,True,hotpotqa,multi_hop,entity,4000,scattered,low,unknown,Argand lamp,Argand lamp,p0001;p0002,,True,1.0,1.0,1.0,1.0,1.0,1.0,0.0,0.0,0.0,0.0,success,
hotpotqa_5a7a8a9c554299042af8f666,mistral-small3.1:24b,direct,Full Context,diagnostic_condition,full_context_condition,True,hotpotqa,multi_hop,entity,4000,scattered,low,unknown,Argand lamp,Argand lamp,p0001;p0002,p0001;p0002,True,1.0,1.0,1.0,1.0,1.0,1.0,1.0,1.0,1.0,1.0,success,
hotpotqa_5a7a8a9c554299042af8f666,mistral-small3.1:24b,retrieve_then_read,Retrieved Evidence,diagnostic_condition,evidence_narrowed_condition,True,hotpotqa,multi_hop,entity,4000,scattered,low,unknown,Argand lamp,Argand lamp,p0001;p0002,p0001;p0002,True,1.0,1.0,1.0,1.0,1.0,1.0,1.0,1.0,1.0,1.0,success,
hotpotqa_5a7a8a9c554299042af8f666,mistral-small3.1:24b,oracle,Oracle Evidence,diagnostic_baseline,oracle_evidence_upper_reference,True,hotpotqa,multi_hop,entity,4000,scattered,low,unknown,Argand lamp,Argand lamp,p0001;p0002,p0001;p0002,True,1.0,1.0,1.0,1.0,1.0,1.0,1.0,1.0,1.0,1.0,success,
hotpotqa_5a8325b35542990548d0b18f,mistral-small3.1:24b,no_evidence,No Evidence,diagnostic_baseline,question_only_lower_bound,True,hotpotqa,multi_hop,entity,8000,front,low,unknown,Kathryn Jean Martin,Susan Ryan,p0001;p0002,,True,0.0,0.0,0.0,0.0,0.0,0.0,0.0,0.0,0.0,0.0,evidence_localization_failure,
hotpotqa_5a8325b35542990548d0b18f,mistral-small3.1:24b,direct,Full Context,diagnostic_condition,full_context_condition,True,hotpotqa,multi_hop,entity,8000,front,low,unknown,Kathryn Jean Martin,Kathy Sullivan,p0001;p0002,p0001;p0002,True,0.0,0.0,0.0,0.0,0.0,0.0,1.0,1.0,1.0,1.0,answer_conversion_failure,
hotpotqa_5a8325b35542990548d0b18f,mistral-small3.1:24b,retrieve_then_read,Retrieved Evidence,diagnostic_condition,evidence_narrowed_condition,True,hotpotqa,multi_hop,entity,8000,front,low,unknown,Kathryn Jean Martin,Bronwyn Kathleen Bishop,p0001;p0002,p0002,True,0.0,0.0,0.0,0.0,0.0,0.0,1.0,0.5,0.6666666666666666,1.0,evidence_integration_failure,
hotpotqa_5a8325b35542990548d0b18f,mistral-small3.1:24b,oracle,Oracle Evidence,diagnostic_baseline,oracle_evidence_upper_reference,True,hotpotqa,multi_hop,entity,8000,front,low,unknown,Kathryn Jean Martin,Kathy Sullivan,p0001;p0002,p0001;p0002,True,0.0,0.0,0.0,0.0,0.0,0.0,1.0,1.0,1.0,1.0,answer_conversion_failure,
hotpotqa_5a7ddc5a5542995f4f4022da,mistral-small3.1:24b,no_evidence,No Evidence,diagnostic_baseline,question_only_lower_bound,True,hotpotqa,multi_hop,entity,16000,middle,medium,unknown,Wichita,Wichita,p0001;p0002;p0003,,True,1.0,1.0,1.0,1.0,1.0,1.0,0.0,0.0,0.0,0.0,success,
hotpotqa_5a7ddc5a5542995f4f4022da,mistral-small3.1:24b,direct,Full Context,diagnostic_condition,full_context_condition,True,hotpotqa,multi_hop,entity,16000,middle,medium,unknown,Wichita,Wichita,p0001;p0002;p0003,p0001;p0002,True,1.0,1.0,1.0,1.0,1.0,1.0,1.0,0.6666666666666666,0.8,1.0,success,
hotpotqa_5a7ddc5a5542995f4f4022da,mistral-small3.1:24b,retrieve_then_read,Retrieved Evidence,diagnostic_condition,evidence_narrowed_condition,True,hotpotqa,multi_hop,entity,16000,middle,medium,unknown,Wichita,Wichita,p0001;p0002;p0003,p0001;p0002,True,1.0,1.0,1.0,1.0,1.0,1.0,1.0,0.6666666666666666,0.8,1.0,success,
hotpotqa_5a7ddc5a5542995f4f4022da,mistral-small3.1:24b,oracle,Oracle Evidence,diagnostic_baseline,oracle_evidence_upper_reference,True,hotpotqa,multi_hop,entity,16000,middle,medium,unknown,Wichita,Wichita,p0001;p0002;p0003,p0001;p0002,True,1.0,1.0,1.0,1.0,1.0,1.0,1.0,0.6666666666666666,0.8,1.0,success,
hotpotqa_5a7a1cd85542990783324e65,mistral-small3.1:24b,no_evidence,No Evidence,diagnostic_baseline,question_only_lower_bound,True,hotpotqa,multi_hop,string,4000,end,low,unknown,United States presidential election of 2016,2020,p0001;p0002,,True,0.0,0.0,0.0,0.0,0.0,0.0,0.0,0.0,0.0,0.0,evidence_localization_failure,
hotpotqa_5a7a1cd85542990783324e65,mistral-small3.1:24b,direct,Full Context,diagnostic_condition,full_context_condition,True,hotpotqa,multi_hop,string,4000,end,low,unknown,United States presidential election of 2016,The United States presidential election of 2016,p0001;p0002,p0001;p0002,True,1.0,1.0,1.0,1.0,1.0,1.0,1.0,1.0,1.0,1.0,success,
hotpotqa_5a7a1cd85542990783324e65,mistral-small3.1:24b,retrieve_then_read,Retrieved Evidence,diagnostic_condition,evidence_narrowed_condition,True,hotpotqa,multi_hop,string,4000,end,low,unknown,United States presidential election of 2016,2020,p0001;p0002,p0001;p0002;p0007,True,0.0,0.0,0.0,0.0,0.0,0.0,0.6666666666666666,1.0,0.8,1.0,evidence_selection_failure,
hotpotqa_5a7a1cd85542990783324e65,mistral-small3.1:24b,oracle,Oracle Evidence,diagnostic_baseline,oracle_evidence_upper_reference,True,hotpotqa,multi_hop,string,4000,end,low,unknown,United States presidential election of 2016,United States presidential election,p0001;p0002,p0001;p0002,True,0.0,0.8,0.0,0.8,0.0,0.8,1.0,1.0,1.0,1.0,answer_conversion_failure,
hotpotqa_5ae67dba55429908198fa5f0,mistral-small3.1:24b,no_evidence,No Evidence,diagnostic_baseline,question_only_lower_bound,True,hotpotqa,multi_hop,number,8000,scattered,medium,unknown,"48,982","1,317,304",p0001;p0002;p0003;p0004,,True,0.0,0.0,0.0,0.0,0.0,0.0,0.0,0.0,0.0,0.0,evidence_localization_failure,
hotpotqa_5ae67dba55429908198fa5f0,mistral-small3.1:24b,direct,Full Context,diagnostic_condition,full_context_condition,True,hotpotqa,multi_hop,number,8000,scattered,medium,unknown,"48,982",48982,p0001;p0002;p0003;p0004,p0001,True,1.0,1.0,0.0,0.0,1.0,1.0,1.0,0.25,0.4,1.0,success,
hotpotqa_5ae67dba55429908198fa5f0,mistral-small3.1:24b,retrieve_then_read,Retrieved Evidence,diagnostic_condition,evidence_narrowed_condition,True,hotpotqa,multi_hop,number,8000,scattered,medium,unknown,"48,982",646884,p0001;p0002;p0003;p0004,p0001,True,0.0,0.0,0.0,0.0,0.0,0.0,1.0,0.25,0.4,1.0,evidence_integration_failure,
hotpotqa_5ae67dba55429908198fa5f0,mistral-small3.1:24b,oracle,Oracle Evidence,diagnostic_baseline,oracle_evidence_upper_reference,True,hotpotqa,multi_hop,number,8000,scattered,medium,unknown,"48,982",48982,p0001;p0002;p0003;p0004,p0001;p0002;p0004,True,1.0,1.0,0.0,0.0,1.0,1.0,1.0,0.75,0.8571428571428571,1.0,success,
hotpotqa_5a7b3f4d5542992d025e67bb,mistral-small3.1:24b,no_evidence,No Evidence,diagnostic_baseline,question_only_lower_bound,True,hotpotqa,multi_hop,entity,16000,front,medium,unknown,Pasek & Paul,Justin Hurwitz and Pasek and Paul,p0001;p0002;p0003;p0004,,True,0.0,0.5,0.0,0.5,0.0,0.5,0.0,0.0,0.0,0.0,evidence_localization_failure,
hotpotqa_5a7b3f4d5542992d025e67bb,mistral-small3.1:24b,direct,Full Context,diagnostic_condition,full_context_condition,True,hotpotqa,multi_hop,entity,16000,front,medium,unknown,Pasek & Paul,Benj Pasek and Justin Paul,p0001;p0002;p0003;p0004,p0001;p0003,True,0.0,0.5714285714285715,0.0,0.5714285714285715,0.0,0.5714285714285715,1.0,0.5,0.6666666666666666,1.0,evidence_integration_failure,
hotpotqa_5a7b3f4d5542992d025e67bb,mistral-small3.1:24b,retrieve_then_read,Retrieved Evidence,diagnostic_condition,evidence_narrowed_condition,True,hotpotqa,multi_hop,entity,16000,front,medium,unknown,Pasek & Paul,Pasek & Paul,p0001;p0002;p0003;p0004,p0002;p0003,True,1.0,1.0,1.0,1.0,1.0,1.0,1.0,0.5,0.6666666666666666,1.0,success,
hotpotqa_5a7b3f4d5542992d025e67bb,mistral-small3.1:24b,oracle,Oracle Evidence,diagnostic_baseline,oracle_evidence_upper_reference,True,hotpotqa,multi_hop,entity,16000,front,medium,unknown,Pasek & Paul,Pasek and Paul,p0001;p0002;p0003;p0004,p0001;p0002;p0004,True,0.0,0.8,0.0,0.8,0.0,0.8,1.0,0.75,0.8571428571428571,1.0,evidence_integration_failure,
hotpotqa_5ab8854555429934fafe6e0c,mistral-small3.1:24b,no_evidence,No Evidence,diagnostic_baseline,question_only_lower_bound,True,hotpotqa,multi_hop,string,4000,middle,medium,unknown,drawings,artworks,p0001;p0002;p0003;p0004,,True,0.0,0.0,0.0,0.0,0.0,0.0,0.0,0.0,0.0,0.0,evidence_localization_failure,
hotpotqa_5ab8854555429934fafe6e0c,mistral-small3.1:24b,direct,Full Context,diagnostic_condition,full_context_condition,True,hotpotqa,multi_hop,string,4000,middle,medium,unknown,drawings,drawings,p0001;p0002;p0003;p0004,p0001;p0004,True,1.0,1.0,1.0,1.0,1.0,1.0,1.0,0.5,0.6666666666666666,1.0,success,
hotpotqa_5ab8854555429934fafe6e0c,mistral-small3.1:24b,retrieve_then_read,Retrieved Evidence,diagnostic_condition,evidence_narrowed_condition,True,hotpotqa,multi_hop,string,4000,middle,medium,unknown,drawings,drawings,p0001;p0002;p0003;p0004,p0001;p0003,True,1.0,1.0,1.0,1.0,1.0,1.0,1.0,0.5,0.6666666666666666,1.0,success,
hotpotqa_5ab8854555429934fafe6e0c,mistral-small3.1:24b,oracle,Oracle Evidence,diagnostic_baseline,oracle_evidence_upper_reference,True,hotpotqa,multi_hop,string,4000,middle,medium,unknown,drawings,drawings,p0001;p0002;p0003;p0004,p0001;p0002;p0004,True,1.0,1.0,1.0,1.0,1.0,1.0,1.0,0.75,0.8571428571428571,1.0,success,
hotpotqa_5a88dcf9554299206df2b383,mistral-small3.1:24b,no_evidence,No Evidence,diagnostic_baseline,question_only_lower_bound,True,hotpotqa,multi_hop,entity,8000,end,low,unknown,Scotland,Scotland,p0001;p0002,,True,1.0,1.0,1.0,1.0,1.0,1.0,0.0,0.0,0.0,0.0,success,
hotpotqa_5a88dcf9554299206df2b383,mistral-small3.1:24b,direct,Full Context,diagnostic_condition,full_context_condition,True,hotpotqa,multi_hop,entity,8000,end,low,unknown,Scotland,Scotland,p0001;p0002,p0001;p0002,True,1.0,1.0,1.0,1.0,1.0,1.0,1.0,1.0,1.0,1.0,success,
hotpotqa_5a88dcf9554299206df2b383,mistral-small3.1:24b,retrieve_then_read,Retrieved Evidence,diagnostic_condition,evidence_narrowed_condition,True,hotpotqa,multi_hop,entity,8000,end,low,unknown,Scotland,Scotland,p0001;p0002,p0001;p0002,True,1.0,1.0,1.0,1.0,1.0,1.0,1.0,1.0,1.0,1.0,success,
hotpotqa_5a88dcf9554299206df2b383,mistral-small3.1:24b,oracle,Oracle Evidence,diagnostic_baseline,oracle_evidence_upper_reference,True,hotpotqa,multi_hop,entity,8000,end,low,unknown,Scotland,Scotland,p0001;p0002,p0001;p0002,True,1.0,1.0,1.0,1.0,1.0,1.0,1.0,1.0,1.0,1.0,success,
hotpotqa_5a8ee6915542990e94052bad,mistral-small3.1:24b,no_evidence,No Evidence,diagnostic_baseline,question_only_lower_bound,True,hotpotqa,multi_hop,string,16000,scattered,medium,unknown,third,unknown,p0001;p0002;p0003;p0004,,True,0.0,0.0,0.0,0.0,0.0,0.0,0.0,0.0,0.0,0.0,evidence_localization_failure,
hotpotqa_5a8ee6915542990e94052bad,mistral-small3.1:24b,direct,Full Context,diagnostic_condition,full_context_condition,True,hotpotqa,multi_hop,string,16000,scattered,medium,unknown,third,third season,p0001;p0002;p0003;p0004,p0002,True,0.0,0.6666666666666666,0.0,0.6666666666666666,0.0,0.6666666666666666,1.0,0.25,0.4,1.0,evidence_integration_failure,
hotpotqa_5a8ee6915542990e94052bad,mistral-small3.1:24b,retrieve_then_read,Retrieved Evidence,diagnostic_condition,evidence_narrowed_condition,True,hotpotqa,multi_hop,string,16000,scattered,medium,unknown,third,third season,p0001;p0002;p0003;p0004,p0002,True,0.0,0.6666666666666666,0.0,0.6666666666666666,0.0,0.6666666666666666,1.0,0.25,0.4,1.0,evidence_integration_failure,
hotpotqa_5a8ee6915542990e94052bad,mistral-small3.1:24b,oracle,Oracle Evidence,diagnostic_baseline,oracle_evidence_upper_reference,True,hotpotqa,multi_hop,string,16000,scattered,medium,unknown,third,third,p0001;p0002;p0003;p0004,p0001;p0002;p0004,True,1.0,1.0,1.0,1.0,1.0,1.0,1.0,0.75,0.8571428571428571,1.0,success,
hotpotqa_5ab271fe554299449642c8a6,mistral-small3.1:24b,no_evidence,No Evidence,diagnostic_baseline,question_only_lower_bound,True,hotpotqa,comparison,yes_no,4000,front,low,unknown,no,yes,p0001;p0002,,True,0.0,0.0,0.0,0.0,0.0,0.0,0.0,0.0,0.0,0.0,evidence_localization_failure,
hotpotqa_5ab271fe554299449642c8a6,mistral-small3.1:24b,direct,Full Context,diagnostic_condition,full_context_condition,True,hotpotqa,comparison,yes_no,4000,front,low,unknown,no,The Importance of Being Icelandic,p0001;p0002,p0001;p0002,True,0.0,0.0,0.0,0.0,0.0,0.0,1.0,1.0,1.0,1.0,answer_conversion_failure,
hotpotqa_5ab271fe554299449642c8a6,mistral-small3.1:24b,retrieve_then_read,Retrieved Evidence,diagnostic_condition,evidence_narrowed_condition,True,hotpotqa,comparison,yes_no,4000,front,low,unknown,no,The Importance of Being Icelandic,p0001;p0002,p0001;p0002,True,0.0,0.0,0.0,0.0,0.0,0.0,1.0,1.0,1.0,1.0,answer_conversion_failure,
hotpotqa_5ab271fe554299449642c8a6,mistral-small3.1:24b,oracle,Oracle Evidence,diagnostic_baseline,oracle_evidence_upper_reference,True,hotpotqa,comparison,yes_no,4000,front,low,unknown,no,The Importance of Being Icelandic,p0001;p0002,p0001;p0002,True,0.0,0.0,0.0,0.0,0.0,0.0,1.0,1.0,1.0,1.0,answer_conversion_failure,
hotpotqa_5ae819ac55429952e35eaa16,mistral-small3.1:24b,no_evidence,No Evidence,diagnostic_baseline,question_only_lower_bound,True,hotpotqa,multi_hop,entity,8000,middle,low,unknown,National Broadcasting Company,CBS,p0001;p0002,,True,0.0,0.0,0.0,0.0,0.0,0.0,0.0,0.0,0.0,0.0,evidence_localization_failure,
hotpotqa_5ae819ac55429952e35eaa16,mistral-small3.1:24b,direct,Full Context,diagnostic_condition,full_context_condition,True,hotpotqa,multi_hop,entity,8000,middle,low,unknown,National Broadcasting Company,NBC,p0001;p0002,p0001,True,0.0,0.0,0.0,0.0,0.0,0.0,1.0,0.5,0.6666666666666666,1.0,evidence_integration_failure,
hotpotqa_5ae819ac55429952e35eaa16,mistral-small3.1:24b,retrieve_then_read,Retrieved Evidence,diagnostic_condition,evidence_narrowed_condition,True,hotpotqa,multi_hop,entity,8000,middle,low,unknown,National Broadcasting Company,National Broadcasting Company,p0001;p0002,p0001,True,1.0,1.0,1.0,1.0,1.0,1.0,1.0,0.5,0.6666666666666666,1.0,success,
hotpotqa_5ae819ac55429952e35eaa16,mistral-small3.1:24b,oracle,Oracle Evidence,diagnostic_baseline,oracle_evidence_upper_reference,True,hotpotqa,multi_hop,entity,8000,middle,low,unknown,National Broadcasting Company,National Broadcasting Company,p0001;p0002,p0001;p0002,True,1.0,1.0,1.0,1.0,1.0,1.0,1.0,1.0,1.0,1.0,success,
hotpotqa_5a87bada5542994846c1cddc,mistral-small3.1:24b,no_evidence,No Evidence,diagnostic_baseline,question_only_lower_bound,True,hotpotqa,multi_hop,entity,16000,end,medium,unknown,Murray Hill,Princeton,p0001;p0002;p0003,,True,0.0,0.0,0.0,0.0,0.0,0.0,0.0,0.0,0.0,0.0,evidence_localization_failure,
hotpotqa_5a87bada5542994846c1cddc,mistral-small3.1:24b,direct,Full Context,diagnostic_condition,full_context_condition,True,hotpotqa,multi_hop,entity,16000,end,medium,unknown,Murray Hill,Murray Hill,p0001;p0002;p0003,p0001;p0002;p0003,True,1.0,1.0,1.0,1.0,1.0,1.0,1.0,1.0,1.0,1.0,success,
hotpotqa_5a87bada5542994846c1cddc,mistral-small3.1:24b,retrieve_then_read,Retrieved Evidence,diagnostic_condition,evidence_narrowed_condition,True,hotpotqa,multi_hop,entity,16000,end,medium,unknown,Murray Hill,Mississauga,p0001;p0002;p0003,,True,0.0,0.0,0.0,0.0,0.0,0.0,0.0,0.0,0.0,0.0,evidence_localization_failure,
hotpotqa_5a87bada5542994846c1cddc,mistral-small3.1:24b,oracle,Oracle Evidence,diagnostic_baseline,oracle_evidence_upper_reference,True,hotpotqa,multi_hop,entity,16000,end,medium,unknown,Murray Hill,Murray Hill,p0001;p0002;p0003,p0001;p0002;p0003,True,1.0,1.0,1.0,1.0,1.0,1.0,1.0,1.0,1.0,1.0,success,
hotpotqa_5adf65555542992d7e9f9334,mistral-small3.1:24b,no_evidence,No Evidence,diagnostic_baseline,question_only_lower_bound,True,hotpotqa,multi_hop,entity,4000,scattered,low,unknown,Wendell Berry,Silas House,p0001;p0002,,True,0.0,0.0,0.0,0.0,0.0,0.0,0.0,0.0,0.0,0.0,evidence_localization_failure,
hotpotqa_5adf65555542992d7e9f9334,mistral-small3.1:24b,direct,Full Context,diagnostic_condition,full_context_condition,True,hotpotqa,multi_hop,entity,4000,scattered,low,unknown,Wendell Berry,Jonathan Greene,p0001;p0002,p0001,True,0.0,0.0,0.0,0.0,0.0,0.0,1.0,0.5,0.6666666666666666,1.0,evidence_integration_failure,
hotpotqa_5adf65555542992d7e9f9334,mistral-small3.1:24b,retrieve_then_read,Retrieved Evidence,diagnostic_condition,evidence_narrowed_condition,True,hotpotqa,multi_hop,entity,4000,scattered,low,unknown,Wendell Berry,Silas House,p0001;p0002,,True,0.0,0.0,0.0,0.0,0.0,0.0,0.0,0.0,0.0,0.0,evidence_localization_failure,
hotpotqa_5adf65555542992d7e9f9334,mistral-small3.1:24b,oracle,Oracle Evidence,diagnostic_baseline,oracle_evidence_upper_reference,True,hotpotqa,multi_hop,entity,4000,scattered,low,unknown,Wendell Berry,Wendell Berry,p0001;p0002,p0001;p0002,True,1.0,1.0,1.0,1.0,1.0,1.0,1.0,1.0,1.0,1.0,success,
hotpotqa_5ade69e455429975fa854ec5,mistral-small3.1:24b,no_evidence,No Evidence,diagnostic_baseline,question_only_lower_bound,True,hotpotqa,multi_hop,entity,8000,front,medium,unknown,Tinu Suresh Desai,Mohit Suri,p0001;p0002;p0003;p0004;p0005,,True,0.0,0.0,0.0,0.0,0.0,0.0,0.0,0.0,0.0,0.0,evidence_localization_failure,
hotpotqa_5ade69e455429975fa854ec5,mistral-small3.1:24b,direct,Full Context,diagnostic_condition,full_context_condition,True,hotpotqa,multi_hop,entity,8000,front,medium,unknown,Tinu Suresh Desai,Vikram Bhatt,p0001;p0002;p0003;p0004;p0005,p0004;p0011,True,0.0,0.0,0.0,0.0,0.0,0.0,0.5,0.2,0.28571428571428575,1.0,evidence_integration_failure,
hotpotqa_5ade69e455429975fa854ec5,mistral-small3.1:24b,retrieve_then_read,Retrieved Evidence,diagnostic_condition,evidence_narrowed_condition,True,hotpotqa,multi_hop,entity,8000,front,medium,unknown,Tinu Suresh Desai,Vikram Bhatt,p0001;p0002;p0003;p0004;p0005,p0004;p0005,True,0.0,0.0,0.0,0.0,0.0,0.0,1.0,0.4,0.5714285714285715,1.0,evidence_integration_failure,
hotpotqa_5ade69e455429975fa854ec5,mistral-small3.1:24b,oracle,Oracle Evidence,diagnostic_baseline,oracle_evidence_upper_reference,True,hotpotqa,multi_hop,entity,8000,front,medium,unknown,Tinu Suresh Desai,Vikram Bhatt,p0001;p0002;p0003;p0004;p0005,p0001;p0004;p0005,True,0.0,0.0,0.0,0.0,0.0,0.0,1.0,0.6,0.7499999999999999,1.0,evidence_integration_failure,
hotpotqa_5a7ed2c655429930675135e5,mistral-small3.1:24b,no_evidence,No Evidence,diagnostic_baseline,question_only_lower_bound,True,hotpotqa,multi_hop,string,16000,middle,low,unknown,multiple awards,"Best Television Series – Drama, Best Television Series – Musical or Comedy, Best Motion Picture – Musical or Comedy",p0001;p0002,,True,0.0,0.0,0.0,0.0,0.0,0.0,0.0,0.0,0.0,0.0,evidence_localization_failure,
hotpotqa_5a7ed2c655429930675135e5,mistral-small3.1:24b,direct,Full Context,diagnostic_condition,full_context_condition,True,hotpotqa,multi_hop,string,16000,middle,low,unknown,multiple awards,received multiple awards,p0001;p0002,p0001,True,0.0,0.8,0.0,0.8,0.0,0.8,1.0,0.5,0.6666666666666666,1.0,evidence_integration_failure,
hotpotqa_5a7ed2c655429930675135e5,mistral-small3.1:24b,retrieve_then_read,Retrieved Evidence,diagnostic_condition,evidence_narrowed_condition,True,hotpotqa,multi_hop,string,16000,middle,low,unknown,multiple awards,received multiple awards,p0001;p0002,p0002,True,0.0,0.8,0.0,0.8,0.0,0.8,1.0,0.5,0.6666666666666666,1.0,evidence_integration_failure,
hotpotqa_5a7ed2c655429930675135e5,mistral-small3.1:24b,oracle,Oracle Evidence,diagnostic_baseline,oracle_evidence_upper_reference,True,hotpotqa,multi_hop,string,16000,middle,low,unknown,multiple awards,received multiple awards,p0001;p0002,p0001,True,0.0,0.8,0.0,0.8,0.0,0.8,1.0,0.5,0.6666666666666666,1.0,evidence_integration_failure,
hotpotqa_5a7a276d5542996c55b2dd27,mistral-small3.1:24b,no_evidence,No Evidence,diagnostic_baseline,question_only_lower_bound,True,hotpotqa,multi_hop,entity,4000,end,medium,unknown,Colonel Charles Hastings Judd,John Chamberlain,p0001;p0002;p0003,,True,0.0,0.0,0.0,0.0,0.0,0.0,0.0,0.0,0.0,0.0,evidence_localization_failure,
hotpotqa_5a7a276d5542996c55b2dd27,mistral-small3.1:24b,direct,Full Context,diagnostic_condition,full_context_condition,True,hotpotqa,multi_hop,entity,4000,end,medium,unknown,Colonel Charles Hastings Judd,Colonel Charles Hastings Judd,p0001;p0002;p0003,p0001;p0002,True,1.0,1.0,1.0,1.0,1.0,1.0,1.0,0.6666666666666666,0.8,1.0,success,
hotpotqa_5a7a276d5542996c55b2dd27,mistral-small3.1:24b,retrieve_then_read,Retrieved Evidence,diagnostic_condition,evidence_narrowed_condition,True,hotpotqa,multi_hop,entity,4000,end,medium,unknown,Colonel Charles Hastings Judd,Colonel Charles Hastings Judd,p0001;p0002;p0003,p0002,True,1.0,1.0,1.0,1.0,1.0,1.0,1.0,0.3333333333333333,0.5,1.0,success,
hotpotqa_5a7a276d5542996c55b2dd27,mistral-small3.1:24b,oracle,Oracle Evidence,diagnostic_baseline,oracle_evidence_upper_reference,True,hotpotqa,multi_hop,entity,4000,end,medium,unknown,Colonel Charles Hastings Judd,Charles Hastings Judd,p0001;p0002;p0003,p0001;p0002;p0003,True,0.0,0.8571428571428571,0.0,0.8571428571428571,0.0,0.8571428571428571,1.0,1.0,1.0,1.0,answer_conversion_failure,
hotpotqa_5ab7e4dc5542995dae37e9df,mistral-small3.1:24b,no_evidence,No Evidence,diagnostic_baseline,question_only_lower_bound,True,hotpotqa,multi_hop,entity,8000,scattered,low,unknown,Jackson Storm,Jackson Storm,p0001;p0002,,True,1.0,1.0,1.0,1.0,1.0,1.0,0.0,0.0,0.0,0.0,success,
hotpotqa_5ab7e4dc5542995dae37e9df,mistral-small3.1:24b,direct,Full Context,diagnostic_condition,full_context_condition,True,hotpotqa,multi_hop,entity,8000,scattered,low,unknown,Jackson Storm,Jackson Storm,p0001;p0002,p0001,True,1.0,1.0,1.0,1.0,1.0,1.0,1.0,0.5,0.6666666666666666,1.0,success,
hotpotqa_5ab7e4dc5542995dae37e9df,mistral-small3.1:24b,retrieve_then_read,Retrieved Evidence,diagnostic_condition,evidence_narrowed_condition,True,hotpotqa,multi_hop,entity,8000,scattered,low,unknown,Jackson Storm,Jackson Storm,p0001;p0002,p0002,True,1.0,1.0,1.0,1.0,1.0,1.0,1.0,0.5,0.6666666666666666,1.0,success,
hotpotqa_5ab7e4dc5542995dae37e9df,mistral-small3.1:24b,oracle,Oracle Evidence,diagnostic_baseline,oracle_evidence_upper_reference,True,hotpotqa,multi_hop,entity,8000,scattered,low,unknown,Jackson Storm,Jackson Storm,p0001;p0002,p0001;p0002,True,1.0,1.0,1.0,1.0,1.0,1.0,1.0,1.0,1.0,1.0,success,
hotpotqa_5a834ed95542990548d0b1ca,mistral-small3.1:24b,no_evidence,No Evidence,diagnostic_baseline,question_only_lower_bound,True,hotpotqa,comparison,entity,16000,front,low,unknown,712 5th Avenue,Manhattan Life Insurance Building,p0001;p0002,,True,0.0,0.0,0.0,0.0,0.0,0.0,0.0,0.0,0.0,0.0,evidence_localization_failure,
hotpotqa_5a834ed95542990548d0b1ca,mistral-small3.1:24b,direct,Full Context,diagnostic_condition,full_context_condition,True,hotpotqa,comparison,entity,16000,front,low,unknown,712 5th Avenue,712 Fifth Avenue,p0001;p0002,p0001;p0002,True,0.0,0.6666666666666666,0.0,0.6666666666666666,0.0,0.6666666666666666,1.0,1.0,1.0,1.0,answer_conversion_failure,
hotpotqa_5a834ed95542990548d0b1ca,mistral-small3.1:24b,retrieve_then_read,Retrieved Evidence,diagnostic_condition,evidence_narrowed_condition,True,hotpotqa,comparison,entity,16000,front,low,unknown,712 5th Avenue,Manhattan Life Insurance Company Tower,p0001;p0002,,True,0.0,0.0,0.0,0.0,0.0,0.0,0.0,0.0,0.0,0.0,evidence_localization_failure,
hotpotqa_5a834ed95542990548d0b1ca,mistral-small3.1:24b,oracle,Oracle Evidence,diagnostic_baseline,oracle_evidence_upper_reference,True,hotpotqa,comparison,entity,16000,front,low,unknown,712 5th Avenue,712 Fifth Avenue,p0001;p0002,p0001;p0002,True,0.0,0.6666666666666666,0.0,0.6666666666666666,0.0,0.6666666666666666,1.0,1.0,1.0,1.0,answer_conversion_failure,
hotpotqa_5abaf3195542996cc5e49f2c,mistral-small3.1:24b,no_evidence,No Evidence,diagnostic_baseline,question_only_lower_bound,True,hotpotqa,multi_hop,entity,4000,middle,low,unknown,Samoa,India,p0001;p0002,,True,0.0,0.0,0.0,0.0,0.0,0.0,0.0,0.0,0.0,0.0,evidence_localization_failure,
hotpotqa_5abaf3195542996cc5e49f2c,mistral-small3.1:24b,direct,Full Context,diagnostic_condition,full_context_condition,True,hotpotqa,multi_hop,entity,4000,middle,low,unknown,Samoa,Samoa,p0001;p0002,p0001,True,1.0,1.0,1.0,1.0,1.0,1.0,1.0,0.5,0.6666666666666666,1.0,success,
hotpotqa_5abaf3195542996cc5e49f2c,mistral-small3.1:24b,retrieve_then_read,Retrieved Evidence,diagnostic_condition,evidence_narrowed_condition,True,hotpotqa,multi_hop,entity,4000,middle,low,unknown,Samoa,India,p0001;p0002,,True,0.0,0.0,0.0,0.0,0.0,0.0,0.0,0.0,0.0,0.0,evidence_localization_failure,
hotpotqa_5abaf3195542996cc5e49f2c,mistral-small3.1:24b,oracle,Oracle Evidence,diagnostic_baseline,oracle_evidence_upper_reference,True,hotpotqa,multi_hop,entity,4000,middle,low,unknown,Samoa,Samoa,p0001;p0002,p0001;p0002,True,1.0,1.0,1.0,1.0,1.0,1.0,1.0,1.0,1.0,1.0,success,
hotpotqa_5a87ab9b5542996e4f3088c2,mistral-small3.1:24b,no_evidence,No Evidence,diagnostic_baseline,question_only_lower_bound,True,hotpotqa,multi_hop,string,8000,end,low,unknown,nineteenth,19th,p0001;p0002,,True,0.0,0.0,0.0,0.0,0.0,0.0,0.0,0.0,0.0,0.0,evidence_localization_failure,
hotpotqa_5a87ab9b5542996e4f3088c2,mistral-small3.1:24b,direct,Full Context,diagnostic_condition,full_context_condition,True,hotpotqa,multi_hop,string,8000,end,low,unknown,nineteenth,19th,p0001;p0002,p0001;p0002,True,0.0,0.0,0.0,0.0,0.0,0.0,1.0,1.0,1.0,1.0,answer_conversion_failure,
hotpotqa_5a87ab9b5542996e4f3088c2,mistral-small3.1:24b,retrieve_then_read,Retrieved Evidence,diagnostic_condition,evidence_narrowed_condition,True,hotpotqa,multi_hop,string,8000,end,low,unknown,nineteenth,19th,p0001;p0002,p0001,True,0.0,0.0,0.0,0.0,0.0,0.0,1.0,0.5,0.6666666666666666,1.0,evidence_integration_failure,
hotpotqa_5a87ab9b5542996e4f3088c2,mistral-small3.1:24b,oracle,Oracle Evidence,diagnostic_baseline,oracle_evidence_upper_reference,True,hotpotqa,multi_hop,string,8000,end,low,unknown,nineteenth,nineteenth,p0001;p0002,p0001;p0002,True,1.0,1.0,1.0,1.0,1.0,1.0,1.0,1.0,1.0,1.0,success,
hotpotqa_5a738fe855429908901be2fb,mistral-small3.1:24b,no_evidence,No Evidence,diagnostic_baseline,question_only_lower_bound,True,hotpotqa,multi_hop,entity,16000,scattered,low,unknown,Awake,Middlemarch,p0001;p0002,,True,0.0,0.0,0.0,0.0,0.0,0.0,0.0,0.0,0.0,0.0,evidence_localization_failure,
hotpotqa_5a738fe855429908901be2fb,mistral-small3.1:24b,direct,Full Context,diagnostic_condition,full_context_condition,True,hotpotqa,multi_hop,entity,16000,scattered,low,unknown,Awake,Blog Wars,p0001;p0002,p0012,True,0.0,0.0,0.0,0.0,0.0,0.0,0.0,0.0,0.0,0.0,evidence_selection_failure,
hotpotqa_5a738fe855429908901be2fb,mistral-small3.1:24b,retrieve_then_read,Retrieved Evidence,diagnostic_condition,evidence_narrowed_condition,True,hotpotqa,multi_hop,entity,16000,scattered,low,unknown,Awake,Blog Wars,p0001;p0002,,True,0.0,0.0,0.0,0.0,0.0,0.0,0.0,0.0,0.0,0.0,evidence_localization_failure,
hotpotqa_5a738fe855429908901be2fb,mistral-small3.1:24b,oracle,Oracle Evidence,diagnostic_baseline,oracle_evidence_upper_reference,True,hotpotqa,multi_hop,entity,16000,scattered,low,unknown,Awake,Awake,p0001;p0002,p0001;p0002,True,1.0,1.0,1.0,1.0,1.0,1.0,1.0,1.0,1.0,1.0,success,
hotpotqa_5adf3e355542993a75d26440,mistral-small3.1:24b,no_evidence,No Evidence,diagnostic_baseline,question_only_lower_bound,True,hotpotqa,multi_hop,string,4000,front,medium,unknown,8 km,16 kilometers,p0001;p0002;p0003,,True,0.0,0.0,0.0,0.0,0.0,0.0,0.0,0.0,0.0,0.0,evidence_localization_failure,
hotpotqa_5adf3e355542993a75d26440,mistral-small3.1:24b,direct,Full Context,diagnostic_condition,full_context_condition,True,hotpotqa,multi_hop,string,4000,front,medium,unknown,8 km,8 km,p0001;p0002;p0003,p0001,True,1.0,1.0,1.0,1.0,1.0,1.0,1.0,0.3333333333333333,0.5,1.0,success,
hotpotqa_5adf3e355542993a75d26440,mistral-small3.1:24b,retrieve_then_read,Retrieved Evidence,diagnostic_condition,evidence_narrowed_condition,True,hotpotqa,multi_hop,string,4000,front,medium,unknown,8 km,28 km,p0001;p0002;p0003,p0001,True,0.0,0.5,0.0,0.5,0.0,0.5,1.0,0.3333333333333333,0.5,1.0,evidence_integration_failure,
hotpotqa_5adf3e355542993a75d26440,mistral-small3.1:24b,oracle,Oracle Evidence,diagnostic_baseline,oracle_evidence_upper_reference,True,hotpotqa,multi_hop,string,4000,front,medium,unknown,8 km,8 km,p0001;p0002;p0003,p0001;p0002;p0003,True,1.0,1.0,1.0,1.0,1.0,1.0,1.0,1.0,1.0,1.0,success,
hotpotqa_5ae82ae555429952e35eaa71,mistral-small3.1:24b,no_evidence,No Evidence,diagnostic_baseline,question_only_lower_bound,True,hotpotqa,multi_hop,entity,8000,middle,medium,unknown,Rawhide,Gunsmoke,p0001;p0002;p0003;p0004,,True,0.0,0.0,0.0,0.0,0.0,0.0,0.0,0.0,0.0,0.0,evidence_localization_failure,
hotpotqa_5ae82ae555429952e35eaa71,mistral-small3.1:24b,direct,Full Context,diagnostic_condition,full_context_condition,True,hotpotqa,multi_hop,entity,8000,middle,medium,unknown,Rawhide,Rawhide,p0001;p0002;p0003;p0004,p0001;p0002,True,1.0,1.0,1.0,1.0,1.0,1.0,1.0,0.5,0.6666666666666666,1.0,success,
hotpotqa_5ae82ae555429952e35eaa71,mistral-small3.1:24b,retrieve_then_read,Retrieved Evidence,diagnostic_condition,evidence_narrowed_condition,True,hotpotqa,multi_hop,entity,8000,middle,medium,unknown,Rawhide,Dr. Kildare,p0001;p0002;p0003;p0004,p0001;p0002,True,0.0,0.0,0.0,0.0,0.0,0.0,1.0,0.5,0.6666666666666666,1.0,evidence_integration_failure,
hotpotqa_5ae82ae555429952e35eaa71,mistral-small3.1:24b,oracle,Oracle Evidence,diagnostic_baseline,oracle_evidence_upper_reference,True,hotpotqa,multi_hop,entity,8000,middle,medium,unknown,Rawhide,Rawhide,p0001;p0002;p0003;p0004,p0001;p0002;p0004,True,1.0,1.0,1.0,1.0,1.0,1.0,1.0,0.75,0.8571428571428571,1.0,success,
hotpotqa_5ab8688b55429934fafe6daa,mistral-small3.1:24b,no_evidence,No Evidence,diagnostic_baseline,question_only_lower_bound,True,hotpotqa,multi_hop,entity,16000,end,medium,unknown,Starlite,Superglue,p0001;p0002;p0003,,True,0.0,0.0,0.0,0.0,0.0,0.0,0.0,0.0,0.0,0.0,evidence_localization_failure,
hotpotqa_5ab8688b55429934fafe6daa,mistral-small3.1:24b,direct,Full Context,diagnostic_condition,full_context_condition,True,hotpotqa,multi_hop,entity,16000,end,medium,unknown,Starlite,Starlite,p0001;p0002;p0003,p0001;p0002,True,1.0,1.0,1.0,1.0,1.0,1.0,1.0,0.6666666666666666,0.8,1.0,success,
hotpotqa_5ab8688b55429934fafe6daa,mistral-small3.1:24b,retrieve_then_read,Retrieved Evidence,diagnostic_condition,evidence_narrowed_condition,True,hotpotqa,multi_hop,entity,16000,end,medium,unknown,Starlite,Starlite,p0001;p0002;p0003,p0002;p0003,True,1.0,1.0,1.0,1.0,1.0,1.0,1.0,0.6666666666666666,0.8,1.0,success,
hotpotqa_5ab8688b55429934fafe6daa,mistral-small3.1:24b,oracle,Oracle Evidence,diagnostic_baseline,oracle_evidence_upper_reference,True,hotpotqa,multi_hop,entity,16000,end,medium,unknown,Starlite,Starlite,p0001;p0002;p0003,p0001;p0002;p0003,True,1.0,1.0,1.0,1.0,1.0,1.0,1.0,1.0,1.0,1.0,success,
hotpotqa_5ab9b29c554299743d22ebae,mistral-small3.1:24b,no_evidence,No Evidence,diagnostic_baseline,question_only_lower_bound,True,hotpotqa,comparison,entity,4000,scattered,low,unknown,Craig v. Boren,"United States v. Paramount Pictures, Inc.",p0001;p0002,,True,0.0,0.2222222222222222,0.0,0.2222222222222222,0.0,0.2222222222222222,0.0,0.0,0.0,0.0,evidence_localization_failure,
hotpotqa_5ab9b29c554299743d22ebae,mistral-small3.1:24b,direct,Full Context,diagnostic_condition,full_context_condition,True,hotpotqa,comparison,entity,4000,scattered,low,unknown,Craig v. Boren,Craig v. Boren,p0001;p0002,p0001,True,1.0,1.0,1.0,1.0,1.0,1.0,1.0,0.5,0.6666666666666666,1.0,success,
hotpotqa_5ab9b29c554299743d22ebae,mistral-small3.1:24b,retrieve_then_read,Retrieved Evidence,diagnostic_condition,evidence_narrowed_condition,True,hotpotqa,comparison,entity,4000,scattered,low,unknown,Craig v. Boren,"United States v. Paramount Pictures, Inc.",p0001;p0002,p0001,True,0.0,0.2222222222222222,0.0,0.2222222222222222,0.0,0.2222222222222222,1.0,0.5,0.6666666666666666,1.0,evidence_integration_failure,
hotpotqa_5ab9b29c554299743d22ebae,mistral-small3.1:24b,oracle,Oracle Evidence,diagnostic_baseline,oracle_evidence_upper_reference,True,hotpotqa,comparison,entity,4000,scattered,low,unknown,Craig v. Boren,"United States v. Paramount Pictures, Inc.",p0001;p0002,p0001;p0002,True,0.0,0.2222222222222222,0.0,0.2222222222222222,0.0,0.2222222222222222,1.0,1.0,1.0,1.0,answer_conversion_failure,
hotpotqa_5ade51b45542997c77adedf4,mistral-small3.1:24b,no_evidence,No Evidence,diagnostic_baseline,question_only_lower_bound,True,hotpotqa,multi_hop,entity,8000,front,medium,unknown,Arrowhead Stadium,Arrowhead Stadium,p0001;p0002;p0003,,True,1.0,1.0,1.0,1.0,1.0,1.0,0.0,0.0,0.0,0.0,success,
hotpotqa_5ade51b45542997c77adedf4,mistral-small3.1:24b,direct,Full Context,diagnostic_condition,full_context_condition,True,hotpotqa,multi_hop,entity,8000,front,medium,unknown,Arrowhead Stadium,Arrowhead Stadium,p0001;p0002;p0003,p0002,True,1.0,1.0,1.0,1.0,1.0,1.0,1.0,0.3333333333333333,0.5,1.0,success,
hotpotqa_5ade51b45542997c77adedf4,mistral-small3.1:24b,retrieve_then_read,Retrieved Evidence,diagnostic_condition,evidence_narrowed_condition,True,hotpotqa,multi_hop,entity,8000,front,medium,unknown,Arrowhead Stadium,Arrowhead Stadium,p0001;p0002;p0003,,True,1.0,1.0,1.0,1.0,1.0,1.0,0.0,0.0,0.0,0.0,success,
hotpotqa_5ade51b45542997c77adedf4,mistral-small3.1:24b,oracle,Oracle Evidence,diagnostic_baseline,oracle_evidence_upper_reference,True,hotpotqa,multi_hop,entity,8000,front,medium,unknown,Arrowhead Stadium,Arrowhead Stadium,p0001;p0002;p0003,p0002,True,1.0,1.0,1.0,1.0,1.0,1.0,1.0,0.3333333333333333,0.5,1.0,success,
hotpotqa_5a7d3470554299452d57bb56,mistral-small3.1:24b,no_evidence,No Evidence,diagnostic_baseline,question_only_lower_bound,True,hotpotqa,multi_hop,entity,16000,middle,medium,unknown,Compliance,The Imposter,p0001;p0002;p0003;p0004,,True,0.0,0.0,0.0,0.0,0.0,0.0,0.0,0.0,0.0,0.0,evidence_localization_failure,
hotpotqa_5a7d3470554299452d57bb56,mistral-small3.1:24b,direct,Full Context,diagnostic_condition,full_context_condition,True,hotpotqa,multi_hop,entity,16000,middle,medium,unknown,Compliance,Compliance,p0001;p0002;p0003;p0004,p0001;p0002,True,1.0,1.0,1.0,1.0,1.0,1.0,1.0,0.5,0.6666666666666666,1.0,success,
hotpotqa_5a7d3470554299452d57bb56,mistral-small3.1:24b,retrieve_then_read,Retrieved Evidence,diagnostic_condition,evidence_narrowed_condition,True,hotpotqa,multi_hop,entity,16000,middle,medium,unknown,Compliance,Compliance,p0001;p0002;p0003;p0004,p0002;p0003,True,1.0,1.0,1.0,1.0,1.0,1.0,1.0,0.5,0.6666666666666666,1.0,success,
hotpotqa_5a7d3470554299452d57bb56,mistral-small3.1:24b,oracle,Oracle Evidence,diagnostic_baseline,oracle_evidence_upper_reference,True,hotpotqa,multi_hop,entity,16000,middle,medium,unknown,Compliance,Compliance,p0001;p0002;p0003;p0004,p0001;p0002;p0003,True,1.0,1.0,1.0,1.0,1.0,1.0,1.0,0.75,0.8571428571428571,1.0,success,
hotpotqa_5ab1d7ac554299449642c7e6,mistral-small3.1:24b,no_evidence,No Evidence,diagnostic_baseline,question_only_lower_bound,True,hotpotqa,comparison,entity,4000,end,medium,unknown,Ehretia,unknown,p0001;p0002;p0003,,True,0.0,0.0,0.0,0.0,0.0,0.0,0.0,0.0,0.0,0.0,evidence_localization_failure,
hotpotqa_5ab1d7ac554299449642c7e6,mistral-small3.1:24b,direct,Full Context,diagnostic_condition,full_context_condition,True,hotpotqa,comparison,entity,4000,end,medium,unknown,Ehretia,Ehretia,p0001;p0002;p0003,p0002,True,1.0,1.0,1.0,1.0,1.0,1.0,1.0,0.3333333333333333,0.5,1.0,success,
hotpotqa_5ab1d7ac554299449642c7e6,mistral-small3.1:24b,retrieve_then_read,Retrieved Evidence,diagnostic_condition,evidence_narrowed_condition,True,hotpotqa,comparison,entity,4000,end,medium,unknown,Ehretia,Ehretia,p0001;p0002;p0003,p0002,True,1.0,1.0,1.0,1.0,1.0,1.0,1.0,0.3333333333333333,0.5,1.0,success,
hotpotqa_5ab1d7ac554299449642c7e6,mistral-small3.1:24b,oracle,Oracle Evidence,diagnostic_baseline,oracle_evidence_upper_reference,True,hotpotqa,comparison,entity,4000,end,medium,unknown,Ehretia,Ehretia,p0001;p0002;p0003,p0001;p0003,True,1.0,1.0,1.0,1.0,1.0,1.0,1.0,0.6666666666666666,0.8,1.0,success,
hotpotqa_5a73a7c755429978a71e9068,mistral-small3.1:24b,no_evidence,No Evidence,diagnostic_baseline,question_only_lower_bound,True,hotpotqa,multi_hop,entity,8000,scattered,low,unknown,Donna Paige Helmintoller,Paula Abdul,p0001;p0002,,True,0.0,0.0,0.0,0.0,0.0,0.0,0.0,0.0,0.0,0.0,evidence_localization_failure,
hotpotqa_5a73a7c755429978a71e9068,mistral-small3.1:24b,direct,Full Context,diagnostic_condition,full_context_condition,True,hotpotqa,multi_hop,entity,8000,scattered,low,unknown,Donna Paige Helmintoller,Paige O'Hara,p0001;p0002,p0001,True,0.0,0.4,0.0,0.3333333333333333,0.0,0.4,1.0,0.5,0.6666666666666666,1.0,evidence_integration_failure,
hotpotqa_5a73a7c755429978a71e9068,mistral-small3.1:24b,retrieve_then_read,Retrieved Evidence,diagnostic_condition,evidence_narrowed_condition,True,hotpotqa,multi_hop,entity,8000,scattered,low,unknown,Donna Paige Helmintoller,Angela Lansbury,p0001;p0002,,True,0.0,0.0,0.0,0.0,0.0,0.0,0.0,0.0,0.0,0.0,evidence_localization_failure,
hotpotqa_5a73a7c755429978a71e9068,mistral-small3.1:24b,oracle,Oracle Evidence,diagnostic_baseline,oracle_evidence_upper_reference,True,hotpotqa,multi_hop,entity,8000,scattered,low,unknown,Donna Paige Helmintoller,Paige O'Hara,p0001;p0002,p0001;p0002,True,0.0,0.4,0.0,0.3333333333333333,0.0,0.4,1.0,1.0,1.0,1.0,answer_conversion_failure,
hotpotqa_5ae4d3c95542990ba0bbb165,mistral-small3.1:24b,no_evidence,No Evidence,diagnostic_baseline,question_only_lower_bound,True,hotpotqa,comparison,entity,16000,front,low,unknown,"Istanbul, Turkey",Istanbul,p0001;p0002,,True,0.0,0.6666666666666666,0.0,0.6666666666666666,0.0,0.6666666666666666,0.0,0.0,0.0,0.0,evidence_localization_failure,
hotpotqa_5ae4d3c95542990ba0bbb165,mistral-small3.1:24b,direct,Full Context,diagnostic_condition,full_context_condition,True,hotpotqa,comparison,entity,16000,front,low,unknown,"Istanbul, Turkey",Istanbul,p0001;p0002,p0001,True,0.0,0.6666666666666666,0.0,0.6666666666666666,0.0,0.6666666666666666,1.0,0.5,0.6666666666666666,1.0,evidence_integration_failure,
hotpotqa_5ae4d3c95542990ba0bbb165,mistral-small3.1:24b,retrieve_then_read,Retrieved Evidence,diagnostic_condition,evidence_narrowed_condition,True,hotpotqa,comparison,entity,16000,front,low,unknown,"Istanbul, Turkey",Istanbul,p0001;p0002,p0002,True,0.0,0.6666666666666666,0.0,0.6666666666666666,0.0,0.6666666666666666,1.0,0.5,0.6666666666666666,1.0,evidence_integration_failure,
hotpotqa_5ae4d3c95542990ba0bbb165,mistral-small3.1:24b,oracle,Oracle Evidence,diagnostic_baseline,oracle_evidence_upper_reference,True,hotpotqa,comparison,entity,16000,front,low,unknown,"Istanbul, Turkey",Istanbul,p0001;p0002,p0001;p0002,True,0.0,0.6666666666666666,0.0,0.6666666666666666,0.0,0.6666666666666666,1.0,1.0,1.0,1.0,answer_conversion_failure,
hotpotqa_5ab7f97a5542991d322237ef,mistral-small3.1:24b,no_evidence,No Evidence,diagnostic_baseline,question_only_lower_bound,True,hotpotqa,multi_hop,string,4000,middle,low,unknown,super-regional shopping mall,a shopping mall,p0001;p0002,,True,0.0,0.8,0.0,0.6666666666666666,0.0,0.8,0.0,0.0,0.0,0.0,evidence_localization_failure,
hotpotqa_5ab7f97a5542991d322237ef,mistral-small3.1:24b,direct,Full Context,diagnostic_condition,full_context_condition,True,hotpotqa,multi_hop,string,4000,middle,low,unknown,super-regional shopping mall,a super-regional shopping mall,p0001;p0002,p0002,True,1.0,1.0,1.0,1.0,1.0,1.0,1.0,0.5,0.6666666666666666,1.0,success,
hotpotqa_5ab7f97a5542991d322237ef,mistral-small3.1:24b,retrieve_then_read,Retrieved Evidence,diagnostic_condition,evidence_narrowed_condition,True,hotpotqa,multi_hop,string,4000,middle,low,unknown,super-regional shopping mall,a super-regional shopping mall,p0001;p0002,p0007,True,1.0,1.0,1.0,1.0,1.0,1.0,0.0,0.0,0.0,0.0,success,
hotpotqa_5ab7f97a5542991d322237ef,mistral-small3.1:24b,oracle,Oracle Evidence,diagnostic_baseline,oracle_evidence_upper_reference,True,hotpotqa,multi_hop,string,4000,middle,low,unknown,super-regional shopping mall,a super-regional shopping mall,p0001;p0002,p0002,True,1.0,1.0,1.0,1.0,1.0,1.0,1.0,0.5,0.6666666666666666,1.0,success,
hotpotqa_5ae4563e5542996836b02c7f,mistral-small3.1:24b,no_evidence,No Evidence,diagnostic_baseline,question_only_lower_bound,True,hotpotqa,multi_hop,string,8000,end,low,unknown,over 600 stores,1200,p0001;p0002,,True,0.0,0.0,0.0,0.0,0.0,0.0,0.0,0.0,0.0,0.0,evidence_localization_failure,
hotpotqa_5ae4563e5542996836b02c7f,mistral-small3.1:24b,direct,Full Context,diagnostic_condition,full_context_condition,True,hotpotqa,multi_hop,string,8000,end,low,unknown,over 600 stores,600,p0001;p0002,p0001,True,0.0,0.5,0.0,0.5,0.0,0.5,1.0,0.5,0.6666666666666666,1.0,evidence_integration_failure,
hotpotqa_5ae4563e5542996836b02c7f,mistral-small3.1:24b,retrieve_then_read,Retrieved Evidence,diagnostic_condition,evidence_narrowed_condition,True,hotpotqa,multi_hop,string,8000,end,low,unknown,over 600 stores,over 600,p0001;p0002,p0001;p0002,True,0.0,0.8,0.0,0.8,0.0,0.8,1.0,1.0,1.0,1.0,answer_conversion_failure,
hotpotqa_5ae4563e5542996836b02c7f,mistral-small3.1:24b,oracle,Oracle Evidence,diagnostic_baseline,oracle_evidence_upper_reference,True,hotpotqa,multi_hop,string,8000,end,low,unknown,over 600 stores,over 600,p0001;p0002,p0001;p0002,True,0.0,0.8,0.0,0.8,0.0,0.8,1.0,1.0,1.0,1.0,answer_conversion_failure,
hotpotqa_5ab6ff3a5542991d3222372a,mistral-small3.1:24b,no_evidence,No Evidence,diagnostic_baseline,question_only_lower_bound,True,hotpotqa,multi_hop,entity,16000,scattered,medium,unknown,Berea College,Grinnell College,p0001;p0002;p0003,,True,0.0,0.5,0.0,0.5,0.0,0.5,0.0,0.0,0.0,0.0,evidence_localization_failure,
hotpotqa_5ab6ff3a5542991d3222372a,mistral-small3.1:24b,direct,Full Context,diagnostic_condition,full_context_condition,True,hotpotqa,multi_hop,entity,16000,scattered,medium,unknown,Berea College,Berea College,p0001;p0002;p0003,p0001;p0002,True,1.0,1.0,1.0,1.0,1.0,1.0,1.0,0.6666666666666666,0.8,1.0,success,
hotpotqa_5ab6ff3a5542991d3222372a,mistral-small3.1:24b,retrieve_then_read,Retrieved Evidence,diagnostic_condition,evidence_narrowed_condition,True,hotpotqa,multi_hop,entity,16000,scattered,medium,unknown,Berea College,Berea College,p0001;p0002;p0003,p0001,True,1.0,1.0,1.0,1.0,1.0,1.0,1.0,0.3333333333333333,0.5,1.0,success,
hotpotqa_5ab6ff3a5542991d3222372a,mistral-small3.1:24b,oracle,Oracle Evidence,diagnostic_baseline,oracle_evidence_upper_reference,True,hotpotqa,multi_hop,entity,16000,scattered,medium,unknown,Berea College,Berea College,p0001;p0002;p0003,p0001;p0003,True,1.0,1.0,1.0,1.0,1.0,1.0,1.0,0.6666666666666666,0.8,1.0,success,
hotpotqa_5ac1795f5542994ab5c67d5f,mistral-small3.1:24b,no_evidence,No Evidence,diagnostic_baseline,question_only_lower_bound,True,hotpotqa,multi_hop,entity,4000,front,low,unknown,James Burke,Adam Savage,p0001;p0002,,True,0.0,0.0,0.0,0.0,0.0,0.0,0.0,0.0,0.0,0.0,evidence_localization_failure,
hotpotqa_5ac1795f5542994ab5c67d5f,mistral-small3.1:24b,direct,Full Context,diagnostic_condition,full_context_condition,True,hotpotqa,multi_hop,entity,4000,front,low,unknown,James Burke,James Burke,p0001;p0002,p0001,True,1.0,1.0,1.0,1.0,1.0,1.0,1.0,0.5,0.6666666666666666,1.0,success,
hotpotqa_5ac1795f5542994ab5c67d5f,mistral-small3.1:24b,retrieve_then_read,Retrieved Evidence,diagnostic_condition,evidence_narrowed_condition,True,hotpotqa,multi_hop,entity,4000,front,low,unknown,James Burke,James Burke,p0001;p0002,p0001,True,1.0,1.0,1.0,1.0,1.0,1.0,1.0,0.5,0.6666666666666666,1.0,success,
hotpotqa_5ac1795f5542994ab5c67d5f,mistral-small3.1:24b,oracle,Oracle Evidence,diagnostic_baseline,oracle_evidence_upper_reference,True,hotpotqa,multi_hop,entity,4000,front,low,unknown,James Burke,James Burke,p0001;p0002,p0001;p0002,True,1.0,1.0,1.0,1.0,1.0,1.0,1.0,1.0,1.0,1.0,success,
hotpotqa_5ae6f2a7554299572ea5464a,mistral-small3.1:24b,no_evidence,No Evidence,diagnostic_baseline,question_only_lower_bound,True,hotpotqa,multi_hop,entity,8000,middle,medium,unknown,Tybalt,Romeo,p0001;p0002;p0003;p0004,,True,0.0,0.0,0.0,0.0,0.0,0.0,0.0,0.0,0.0,0.0,evidence_localization_failure,
hotpotqa_5ae6f2a7554299572ea5464a,mistral-small3.1:24b,direct,Full Context,diagnostic_condition,full_context_condition,True,hotpotqa,multi_hop,entity,8000,middle,medium,unknown,Tybalt,Romeo Montague,p0001;p0002;p0003;p0004,p0001;p0002;p0003,True,0.0,0.0,0.0,0.0,0.0,0.0,1.0,0.75,0.8571428571428571,1.0,evidence_integration_failure,
hotpotqa_5ae6f2a7554299572ea5464a,mistral-small3.1:24b,retrieve_then_read,Retrieved Evidence,diagnostic_condition,evidence_narrowed_condition,True,hotpotqa,multi_hop,entity,8000,middle,medium,unknown,Tybalt,Juliet Capulet,p0001;p0002;p0003;p0004,,True,0.0,0.0,0.0,0.0,0.0,0.0,0.0,0.0,0.0,0.0,evidence_localization_failure,
hotpotqa_5ae6f2a7554299572ea5464a,mistral-small3.1:24b,oracle,Oracle Evidence,diagnostic_baseline,oracle_evidence_upper_reference,True,hotpotqa,multi_hop,entity,8000,middle,medium,unknown,Tybalt,Romeo,p0001;p0002;p0003;p0004,p0001;p0002;p0003,True,0.0,0.0,0.0,0.0,0.0,0.0,1.0,0.75,0.8571428571428571,1.0,evidence_integration_failure,
hotpotqa_5ae3ff575542995dadf242aa,mistral-small3.1:24b,no_evidence,No Evidence,diagnostic_baseline,question_only_lower_bound,True,hotpotqa,multi_hop,number,16000,end,low,unknown,"3,384,569","3,181,000",p0001;p0002,,True,0.0,0.0,0.0,0.3333333333333333,0.0,0.0,0.0,0.0,0.0,0.0,evidence_localization_failure,
hotpotqa_5ae3ff575542995dadf242aa,mistral-small3.1:24b,direct,Full Context,diagnostic_condition,full_context_condition,True,hotpotqa,multi_hop,number,16000,end,low,unknown,"3,384,569",3384569,p0001;p0002,p0001,True,1.0,1.0,0.0,0.0,1.0,1.0,1.0,0.5,0.6666666666666666,1.0,success,
hotpotqa_5ae3ff575542995dadf242aa,mistral-small3.1:24b,retrieve_then_read,Retrieved Evidence,diagnostic_condition,evidence_narrowed_condition,True,hotpotqa,multi_hop,number,16000,end,low,unknown,"3,384,569",73754688,p0001;p0002,,True,0.0,0.0,0.0,0.0,0.0,0.0,0.0,0.0,0.0,0.0,evidence_localization_failure,
hotpotqa_5ae3ff575542995dadf242aa,mistral-small3.1:24b,oracle,Oracle Evidence,diagnostic_baseline,oracle_evidence_upper_reference,True,hotpotqa,multi_hop,number,16000,end,low,unknown,"3,384,569",3384569,p0001;p0002,p0001;p0002,True,1.0,1.0,0.0,0.0,1.0,1.0,1.0,1.0,1.0,1.0,success,
hotpotqa_5a89fb525542993b751ca9d6,mistral-small3.1:24b,no_evidence,No Evidence,diagnostic_baseline,question_only_lower_bound,True,hotpotqa,multi_hop,entity,4000,scattered,medium,unknown,Anna Clyne,unknown,p0001;p0002;p0003,,True,0.0,0.0,0.0,0.0,0.0,0.0,0.0,0.0,0.0,0.0,evidence_localization_failure,
hotpotqa_5a89fb525542993b751ca9d6,mistral-small3.1:24b,direct,Full Context,diagnostic_condition,full_context_condition,True,hotpotqa,multi_hop,entity,4000,scattered,medium,unknown,Anna Clyne,Anna Clyne,p0001;p0002;p0003,p0001,True,1.0,1.0,1.0,1.0,1.0,1.0,1.0,0.3333333333333333,0.5,1.0,success,
hotpotqa_5a89fb525542993b751ca9d6,mistral-small3.1:24b,retrieve_then_read,Retrieved Evidence,diagnostic_condition,evidence_narrowed_condition,True,hotpotqa,multi_hop,entity,4000,scattered,medium,unknown,Anna Clyne,Anna Clyne,p0001;p0002;p0003,p0001,True,1.0,1.0,1.0,1.0,1.0,1.0,1.0,0.3333333333333333,0.5,1.0,success,
hotpotqa_5a89fb525542993b751ca9d6,mistral-small3.1:24b,oracle,Oracle Evidence,diagnostic_baseline,oracle_evidence_upper_reference,True,hotpotqa,multi_hop,entity,4000,scattered,medium,unknown,Anna Clyne,Anna Clyne,p0001;p0002;p0003,p0001;p0002,True,1.0,1.0,1.0,1.0,1.0,1.0,1.0,0.6666666666666666,0.8,1.0,success,
hotpotqa_5adf9dc3554299025d62a2e6,mistral-small3.1:24b,no_evidence,No Evidence,diagnostic_baseline,question_only_lower_bound,True,hotpotqa,multi_hop,entity,8000,front,medium,unknown,Laura Ann Osnes,Vanessa Hudgens,p0001;p0002;p0003,,True,0.0,0.0,0.0,0.0,0.0,0.0,0.0,0.0,0.0,0.0,evidence_localization_failure,
hotpotqa_5adf9dc3554299025d62a2e6,mistral-small3.1:24b,direct,Full Context,diagnostic_condition,full_context_condition,True,hotpotqa,multi_hop,entity,8000,front,medium,unknown,Laura Ann Osnes,Laura Osnes,p0001;p0002;p0003,p0001;p0002,True,0.0,0.8,0.0,0.8,0.0,0.8,1.0,0.6666666666666666,0.8,1.0,evidence_integration_failure,
hotpotqa_5adf9dc3554299025d62a2e6,mistral-small3.1:24b,retrieve_then_read,Retrieved Evidence,diagnostic_condition,evidence_narrowed_condition,True,hotpotqa,multi_hop,entity,8000,front,medium,unknown,Laura Ann Osnes,unknown,p0001;p0002;p0003,,True,0.0,0.0,0.0,0.0,0.0,0.0,0.0,0.0,0.0,0.0,evidence_localization_failure,
hotpotqa_5adf9dc3554299025d62a2e6,mistral-small3.1:24b,oracle,Oracle Evidence,diagnostic_baseline,oracle_evidence_upper_reference,True,hotpotqa,multi_hop,entity,8000,front,medium,unknown,Laura Ann Osnes,Laura Osnes,p0001;p0002;p0003,p0001;p0003,True,0.0,0.8,0.0,0.8,0.0,0.8,1.0,0.6666666666666666,0.8,1.0,evidence_integration_failure,
hotpotqa_5ab6369655429953192ad2a1,mistral-small3.1:24b,no_evidence,No Evidence,diagnostic_baseline,question_only_lower_bound,True,hotpotqa,comparison,entity,16000,middle,medium,unknown,Eucryphia,Eucryphia,p0001;p0002;p0003;p0004,,True,1.0,1.0,1.0,1.0,1.0,1.0,0.0,0.0,0.0,0.0,success,
hotpotqa_5ab6369655429953192ad2a1,mistral-small3.1:24b,direct,Full Context,diagnostic_condition,full_context_condition,True,hotpotqa,comparison,entity,16000,middle,medium,unknown,Eucryphia,Eucryphia,p0001;p0002;p0003;p0004,p0001,True,1.0,1.0,1.0,1.0,1.0,1.0,1.0,0.25,0.4,1.0,success,
hotpotqa_5ab6369655429953192ad2a1,mistral-small3.1:24b,retrieve_then_read,Retrieved Evidence,diagnostic_condition,evidence_narrowed_condition,True,hotpotqa,comparison,entity,16000,middle,medium,unknown,Eucryphia,Eucryphia,p0001;p0002;p0003;p0004,p0001;p0003;p0004,True,1.0,1.0,1.0,1.0,1.0,1.0,1.0,0.75,0.8571428571428571,1.0,success,
hotpotqa_5ab6369655429953192ad2a1,mistral-small3.1:24b,oracle,Oracle Evidence,diagnostic_baseline,oracle_evidence_upper_reference,True,hotpotqa,comparison,entity,16000,middle,medium,unknown,Eucryphia,Eucryphia,p0001;p0002;p0003;p0004,p0003;p0004,True,1.0,1.0,1.0,1.0,1.0,1.0,1.0,0.5,0.6666666666666666,1.0,success,
hotpotqa_5adccdd55542992c1e3a2408,mistral-small3.1:24b,no_evidence,No Evidence,diagnostic_baseline,question_only_lower_bound,True,hotpotqa,multi_hop,entity,4000,end,low,unknown,Waimea Bay,Waimea Bay,p0001;p0002,,True,1.0,1.0,1.0,1.0,1.0,1.0,0.0,0.0,0.0,0.0,success,
hotpotqa_5adccdd55542992c1e3a2408,mistral-small3.1:24b,direct,Full Context,diagnostic_condition,full_context_condition,True,hotpotqa,multi_hop,entity,4000,end,low,unknown,Waimea Bay,Waimea Bay,p0001;p0002,p0001,True,1.0,1.0,1.0,1.0,1.0,1.0,1.0,0.5,0.6666666666666666,1.0,success,
hotpotqa_5adccdd55542992c1e3a2408,mistral-small3.1:24b,retrieve_then_read,Retrieved Evidence,diagnostic_condition,evidence_narrowed_condition,True,hotpotqa,multi_hop,entity,4000,end,low,unknown,Waimea Bay,Waimea Bay,p0001;p0002,p0001,True,1.0,1.0,1.0,1.0,1.0,1.0,1.0,0.5,0.6666666666666666,1.0,success,
hotpotqa_5adccdd55542992c1e3a2408,mistral-small3.1:24b,oracle,Oracle Evidence,diagnostic_baseline,oracle_evidence_upper_reference,True,hotpotqa,multi_hop,entity,4000,end,low,unknown,Waimea Bay,Waimea Bay,p0001;p0002,p0001;p0002,True,1.0,1.0,1.0,1.0,1.0,1.0,1.0,1.0,1.0,1.0,success,
hotpotqa_5ab9debb55429955dce3ed97,mistral-small3.1:24b,no_evidence,No Evidence,diagnostic_baseline,question_only_lower_bound,True,hotpotqa,multi_hop,entity,8000,scattered,low,unknown,DI Humphrey Goodman,DI Humphrey Goodman,p0001;p0002,,True,1.0,1.0,1.0,1.0,1.0,1.0,0.0,0.0,0.0,0.0,success,
hotpotqa_5ab9debb55429955dce3ed97,mistral-small3.1:24b,direct,Full Context,diagnostic_condition,full_context_condition,True,hotpotqa,multi_hop,entity,8000,scattered,low,unknown,DI Humphrey Goodman,Detective Inspector Humphrey Goodman,p0001;p0002,p0001,True,0.0,0.5714285714285715,0.0,0.5714285714285715,0.0,0.5714285714285715,1.0,0.5,0.6666666666666666,1.0,evidence_integration_failure,
hotpotqa_5ab9debb55429955dce3ed97,mistral-small3.1:24b,retrieve_then_read,Retrieved Evidence,diagnostic_condition,evidence_narrowed_condition,True,hotpotqa,multi_hop,entity,8000,scattered,low,unknown,DI Humphrey Goodman,Detective Inspector Humphrey Goodman,p0001;p0002,,True,0.0,0.5714285714285715,0.0,0.5714285714285715,0.0,0.5714285714285715,0.0,0.0,0.0,0.0,evidence_localization_failure,
hotpotqa_5ab9debb55429955dce3ed97,mistral-small3.1:24b,oracle,Oracle Evidence,diagnostic_baseline,oracle_evidence_upper_reference,True,hotpotqa,multi_hop,entity,8000,scattered,low,unknown,DI Humphrey Goodman,DI Humphrey Goodman,p0001;p0002,p0001;p0002,True,1.0,1.0,1.0,1.0,1.0,1.0,1.0,1.0,1.0,1.0,success,
hotpotqa_5ae791ef55429952e35ea979,mistral-small3.1:24b,no_evidence,No Evidence,diagnostic_baseline,question_only_lower_bound,True,hotpotqa,multi_hop,entity,16000,front,low,unknown,February,April,p0001;p0002,,True,0.0,0.0,0.0,0.0,0.0,0.0,0.0,0.0,0.0,0.0,evidence_localization_failure,
hotpotqa_5ae791ef55429952e35ea979,mistral-small3.1:24b,direct,Full Context,diagnostic_condition,full_context_condition,True,hotpotqa,multi_hop,entity,16000,front,low,unknown,February,February,p0001;p0002,p0001,True,1.0,1.0,1.0,1.0,1.0,1.0,1.0,0.5,0.6666666666666666,1.0,success,
hotpotqa_5ae791ef55429952e35ea979,mistral-small3.1:24b,retrieve_then_read,Retrieved Evidence,diagnostic_condition,evidence_narrowed_condition,True,hotpotqa,multi_hop,entity,16000,front,low,unknown,February,May,p0001;p0002,,True,0.0,0.0,0.0,0.0,0.0,0.0,0.0,0.0,0.0,0.0,evidence_localization_failure,
hotpotqa_5ae791ef55429952e35ea979,mistral-small3.1:24b,oracle,Oracle Evidence,diagnostic_baseline,oracle_evidence_upper_reference,True,hotpotqa,multi_hop,entity,16000,front,low,unknown,February,February,p0001;p0002,p0001;p0002,True,1.0,1.0,1.0,1.0,1.0,1.0,1.0,1.0,1.0,1.0,success,
hotpotqa_5ab8f7535542991b5579f0a7,mistral-small3.1:24b,no_evidence,No Evidence,diagnostic_baseline,question_only_lower_bound,True,hotpotqa,comparison,entity,4000,middle,low,unknown,Sacred Planet,Oz the Great and Powerful,p0001;p0002,,True,0.0,0.0,0.0,0.0,0.0,0.0,0.0,0.0,0.0,0.0,evidence_localization_failure,
hotpotqa_5ab8f7535542991b5579f0a7,mistral-small3.1:24b,direct,Full Context,diagnostic_condition,full_context_condition,True,hotpotqa,comparison,entity,4000,middle,low,unknown,Sacred Planet,Sacred Planet,p0001;p0002,p0001;p0002,True,1.0,1.0,1.0,1.0,1.0,1.0,1.0,1.0,1.0,1.0,success,
hotpotqa_5ab8f7535542991b5579f0a7,mistral-small3.1:24b,retrieve_then_read,Retrieved Evidence,diagnostic_condition,evidence_narrowed_condition,True,hotpotqa,comparison,entity,4000,middle,low,unknown,Sacred Planet,Sacred Planet,p0001;p0002,p0002,True,1.0,1.0,1.0,1.0,1.0,1.0,1.0,0.5,0.6666666666666666,1.0,success,
hotpotqa_5ab8f7535542991b5579f0a7,mistral-small3.1:24b,oracle,Oracle Evidence,diagnostic_baseline,oracle_evidence_upper_reference,True,hotpotqa,comparison,entity,4000,middle,low,unknown,Sacred Planet,Sacred Planet,p0001;p0002,p0001;p0002,True,1.0,1.0,1.0,1.0,1.0,1.0,1.0,1.0,1.0,1.0,success,
hotpotqa_5a8463545542990548d0b2a3,mistral-small3.1:24b,no_evidence,No Evidence,diagnostic_baseline,question_only_lower_bound,True,hotpotqa,multi_hop,string,8000,end,low,unknown,supervisor of the royal works,Architect,p0001;p0002,,True,0.0,0.0,0.0,0.0,0.0,0.0,0.0,0.0,0.0,0.0,evidence_localization_failure,
hotpotqa_5a8463545542990548d0b2a3,mistral-small3.1:24b,direct,Full Context,diagnostic_condition,full_context_condition,True,hotpotqa,multi_hop,string,8000,end,low,unknown,supervisor of the royal works,supervisor of the royal works,p0001;p0002,p0001,True,1.0,1.0,1.0,1.0,1.0,1.0,1.0,0.5,0.6666666666666666,1.0,success,
hotpotqa_5a8463545542990548d0b2a3,mistral-small3.1:24b,retrieve_then_read,Retrieved Evidence,diagnostic_condition,evidence_narrowed_condition,True,hotpotqa,multi_hop,string,8000,end,low,unknown,supervisor of the royal works,supervisor of the royal works,p0001;p0002,p0001,True,1.0,1.0,1.0,1.0,1.0,1.0,1.0,0.5,0.6666666666666666,1.0,success,
hotpotqa_5a8463545542990548d0b2a3,mistral-small3.1:24b,oracle,Oracle Evidence,diagnostic_baseline,oracle_evidence_upper_reference,True,hotpotqa,multi_hop,string,8000,end,low,unknown,supervisor of the royal works,supervisor of the royal works,p0001;p0002,p0001;p0002,True,1.0,1.0,1.0,1.0,1.0,1.0,1.0,1.0,1.0,1.0,success,
hotpotqa_5ae7edee554299540e5a56ad,mistral-small3.1:24b,no_evidence,No Evidence,diagnostic_baseline,question_only_lower_bound,True,hotpotqa,multi_hop,entity,16000,scattered,low,unknown,Macaronesia,Canary Islands,p0001;p0002,,True,0.0,0.0,0.0,0.0,0.0,0.0,0.0,0.0,0.0,0.0,evidence_localization_failure,
hotpotqa_5ae7edee554299540e5a56ad,mistral-small3.1:24b,direct,Full Context,diagnostic_condition,full_context_condition,True,hotpotqa,multi_hop,entity,16000,scattered,low,unknown,Macaronesia,Canary Islands,p0001;p0002,p0001;p0002,True,0.0,0.0,0.0,0.0,0.0,0.0,1.0,1.0,1.0,1.0,answer_conversion_failure,
hotpotqa_5ae7edee554299540e5a56ad,mistral-small3.1:24b,retrieve_then_read,Retrieved Evidence,diagnostic_condition,evidence_narrowed_condition,True,hotpotqa,multi_hop,entity,16000,scattered,low,unknown,Macaronesia,Ohio River,p0001;p0002,,True,0.0,0.0,0.0,0.0,0.0,0.0,0.0,0.0,0.0,0.0,evidence_localization_failure,
hotpotqa_5ae7edee554299540e5a56ad,mistral-small3.1:24b,oracle,Oracle Evidence,diagnostic_baseline,oracle_evidence_upper_reference,True,hotpotqa,multi_hop,entity,16000,scattered,low,unknown,Macaronesia,Macaronesia,p0001;p0002,p0001;p0002,True,1.0,1.0,1.0,1.0,1.0,1.0,1.0,1.0,1.0,1.0,success,
hotpotqa_5a8ee4315542990e94052ba7,mistral-small3.1:24b,no_evidence,No Evidence,diagnostic_baseline,question_only_lower_bound,True,hotpotqa,multi_hop,entity,4000,front,low,unknown,Treaty of Gandamak,The Treaty of Gandamak,p0001;p0002,,True,1.0,1.0,1.0,1.0,1.0,1.0,0.0,0.0,0.0,0.0,success,
hotpotqa_5a8ee4315542990e94052ba7,mistral-small3.1:24b,direct,Full Context,diagnostic_condition,full_context_condition,True,hotpotqa,multi_hop,entity,4000,front,low,unknown,Treaty of Gandamak,Treaty of Gandamak,p0001;p0002,p0001;p0003,True,1.0,1.0,1.0,1.0,1.0,1.0,0.5,0.5,0.5,1.0,success,
hotpotqa_5a8ee4315542990e94052ba7,mistral-small3.1:24b,retrieve_then_read,Retrieved Evidence,diagnostic_condition,evidence_narrowed_condition,True,hotpotqa,multi_hop,entity,4000,front,low,unknown,Treaty of Gandamak,The Treaty of Gandamak,p0001;p0002,p0001,True,1.0,1.0,1.0,1.0,1.0,1.0,1.0,0.5,0.6666666666666666,1.0,success,
hotpotqa_5a8ee4315542990e94052ba7,mistral-small3.1:24b,oracle,Oracle Evidence,diagnostic_baseline,oracle_evidence_upper_reference,True,hotpotqa,multi_hop,entity,4000,front,low,unknown,Treaty of Gandamak,Treaty of Gandamak,p0001;p0002,p0001;p0002,True,1.0,1.0,1.0,1.0,1.0,1.0,1.0,1.0,1.0,1.0,success,
hotpotqa_5ae4c39f5542995dadf243fb,mistral-small3.1:24b,no_evidence,No Evidence,diagnostic_baseline,question_only_lower_bound,True,hotpotqa,multi_hop,entity,8000,middle,low,unknown,Bolton,Rochdale,p0001;p0002,,True,0.0,0.0,0.0,0.0,0.0,0.0,0.0,0.0,0.0,0.0,evidence_localization_failure,
hotpotqa_5ae4c39f5542995dadf243fb,mistral-small3.1:24b,direct,Full Context,diagnostic_condition,full_context_condition,True,hotpotqa,multi_hop,entity,8000,middle,low,unknown,Bolton,Bolton,p0001;p0002,p0001,True,1.0,1.0,1.0,1.0,1.0,1.0,1.0,0.5,0.6666666666666666,1.0,success,
hotpotqa_5ae4c39f5542995dadf243fb,mistral-small3.1:24b,retrieve_then_read,Retrieved Evidence,diagnostic_condition,evidence_narrowed_condition,True,hotpotqa,multi_hop,entity,8000,middle,low,unknown,Bolton,Rivington,p0001;p0002,p0006;p0007,True,0.0,0.0,0.0,0.0,0.0,0.0,0.0,0.0,0.0,0.0,evidence_selection_failure,
hotpotqa_5ae4c39f5542995dadf243fb,mistral-small3.1:24b,oracle,Oracle Evidence,diagnostic_baseline,oracle_evidence_upper_reference,True,hotpotqa,multi_hop,entity,8000,middle,low,unknown,Bolton,Bolton,p0001;p0002,p0001;p0002,True,1.0,1.0,1.0,1.0,1.0,1.0,1.0,1.0,1.0,1.0,success,
hotpotqa_5a79c6a55542994bb9457091,mistral-small3.1:24b,no_evidence,No Evidence,diagnostic_baseline,question_only_lower_bound,True,hotpotqa,multi_hop,entity,16000,end,low,unknown,George Cayley,Robert Stirling,p0001;p0002,,True,0.0,0.0,0.0,0.0,0.0,0.0,0.0,0.0,0.0,0.0,evidence_localization_failure,
hotpotqa_5a79c6a55542994bb9457091,mistral-small3.1:24b,direct,Full Context,diagnostic_condition,full_context_condition,True,hotpotqa,multi_hop,entity,16000,end,low,unknown,George Cayley,Sir George Cayley,p0001;p0002,p0001,True,0.0,0.8,0.0,0.8,0.0,0.8,1.0,0.5,0.6666666666666666,1.0,evidence_integration_failure,
hotpotqa_5a79c6a55542994bb9457091,mistral-small3.1:24b,retrieve_then_read,Retrieved Evidence,diagnostic_condition,evidence_narrowed_condition,True,hotpotqa,multi_hop,entity,16000,end,low,unknown,George Cayley,Sir George Cayley,p0001;p0002,p0001;p0002,True,0.0,0.8,0.0,0.8,0.0,0.8,1.0,1.0,1.0,1.0,answer_conversion_failure,
hotpotqa_5a79c6a55542994bb9457091,mistral-small3.1:24b,oracle,Oracle Evidence,diagnostic_baseline,oracle_evidence_upper_reference,True,hotpotqa,multi_hop,entity,16000,end,low,unknown,George Cayley,Sir George Cayley,p0001;p0002,p0001;p0002,True,0.0,0.8,0.0,0.8,0.0,0.8,1.0,1.0,1.0,1.0,answer_conversion_failure,
hotpotqa_5a7be5bd5542997c3ec972ba,mistral-small3.1:24b,no_evidence,No Evidence,diagnostic_baseline,question_only_lower_bound,True,hotpotqa,comparison,string,4000,scattered,low,unknown,The Leonberger is a giant dog breed.,Leonberger,p0001;p0002,,True,0.0,0.33333333333333337,0.0,0.33333333333333337,0.0,0.33333333333333337,0.0,0.0,0.0,0.0,evidence_localization_failure,
hotpotqa_5a7be5bd5542997c3ec972ba,mistral-small3.1:24b,direct,Full Context,diagnostic_condition,full_context_condition,True,hotpotqa,comparison,string,4000,scattered,low,unknown,The Leonberger is a giant dog breed.,Leonberger,p0001;p0002,p0001,True,0.0,0.33333333333333337,0.0,0.33333333333333337,0.0,0.33333333333333337,1.0,0.5,0.6666666666666666,1.0,evidence_integration_failure,
hotpotqa_5a7be5bd5542997c3ec972ba,mistral-small3.1:24b,retrieve_then_read,Retrieved Evidence,diagnostic_condition,evidence_narrowed_condition,True,hotpotqa,comparison,string,4000,scattered,low,unknown,The Leonberger is a giant dog breed.,Leonberger,p0001;p0002,p0001,True,0.0,0.33333333333333337,0.0,0.33333333333333337,0.0,0.33333333333333337,1.0,0.5,0.6666666666666666,1.0,evidence_integration_failure,
hotpotqa_5a7be5bd5542997c3ec972ba,mistral-small3.1:24b,oracle,Oracle Evidence,diagnostic_baseline,oracle_evidence_upper_reference,True,hotpotqa,comparison,string,4000,scattered,low,unknown,The Leonberger is a giant dog breed.,Leonberger,p0001;p0002,p0001,True,0.0,0.33333333333333337,0.0,0.33333333333333337,0.0,0.33333333333333337,1.0,0.5,0.6666666666666666,1.0,evidence_integration_failure,
hotpotqa_5ab28b12554299449642c8ee,mistral-small3.1:24b,no_evidence,No Evidence,diagnostic_baseline,question_only_lower_bound,True,hotpotqa,multi_hop,entity,8000,front,medium,unknown,Northumbrian,Northumbrian,p0001;p0002;p0003,,True,1.0,1.0,1.0,1.0,1.0,1.0,0.0,0.0,0.0,0.0,success,
hotpotqa_5ab28b12554299449642c8ee,mistral-small3.1:24b,direct,Full Context,diagnostic_condition,full_context_condition,True,hotpotqa,multi_hop,entity,8000,front,medium,unknown,Northumbrian,Northumbrian,p0001;p0002;p0003,p0001,True,1.0,1.0,1.0,1.0,1.0,1.0,1.0,0.3333333333333333,0.5,1.0,success,
hotpotqa_5ab28b12554299449642c8ee,mistral-small3.1:24b,retrieve_then_read,Retrieved Evidence,diagnostic_condition,evidence_narrowed_condition,True,hotpotqa,multi_hop,entity,8000,front,medium,unknown,Northumbrian,Northumbrian,p0001;p0002;p0003,p0002,True,1.0,1.0,1.0,1.0,1.0,1.0,1.0,0.3333333333333333,0.5,1.0,success,
hotpotqa_5ab28b12554299449642c8ee,mistral-small3.1:24b,oracle,Oracle Evidence,diagnostic_baseline,oracle_evidence_upper_reference,True,hotpotqa,multi_hop,entity,8000,front,medium,unknown,Northumbrian,Northumbrian,p0001;p0002;p0003,p0001;p0002;p0003,True,1.0,1.0,1.0,1.0,1.0,1.0,1.0,1.0,1.0,1.0,success,
hotpotqa_5a7133565542994082a3e65c,mistral-small3.1:24b,no_evidence,No Evidence,diagnostic_baseline,question_only_lower_bound,True,hotpotqa,multi_hop,entity,16000,middle,medium,unknown,Oldham County,Bullitt County,p0001;p0002;p0003;p0004;p0005,,True,0.0,0.5,0.0,0.5,0.0,0.5,0.0,0.0,0.0,0.0,evidence_localization_failure,
hotpotqa_5a7133565542994082a3e65c,mistral-small3.1:24b,direct,Full Context,diagnostic_condition,full_context_condition,True,hotpotqa,multi_hop,entity,16000,middle,medium,unknown,Oldham County,Oldham County,p0001;p0002;p0003;p0004;p0005,p0001;p0003;p0004,True,1.0,1.0,1.0,1.0,1.0,1.0,1.0,0.6,0.7499999999999999,1.0,success,
hotpotqa_5a7133565542994082a3e65c,mistral-small3.1:24b,retrieve_then_read,Retrieved Evidence,diagnostic_condition,evidence_narrowed_condition,True,hotpotqa,multi_hop,entity,16000,middle,medium,unknown,Oldham County,Oldham County,p0001;p0002;p0003;p0004;p0005,p0001;p0004,True,1.0,1.0,1.0,1.0,1.0,1.0,1.0,0.4,0.5714285714285715,1.0,success,
hotpotqa_5a7133565542994082a3e65c,mistral-small3.1:24b,oracle,Oracle Evidence,diagnostic_baseline,oracle_evidence_upper_reference,True,hotpotqa,multi_hop,entity,16000,middle,medium,unknown,Oldham County,Oldham County,p0001;p0002;p0003;p0004;p0005,p0001;p0002;p0004,True,1.0,1.0,1.0,1.0,1.0,1.0,1.0,0.6,0.7499999999999999,1.0,success,
hotpotqa_5a886886554299206df2b258,mistral-small3.1:24b,no_evidence,No Evidence,diagnostic_baseline,question_only_lower_bound,True,hotpotqa,multi_hop,string,4000,end,low,unknown,international football competition,FIFA Women's World Cup,p0001;p0002,,True,0.0,0.0,0.0,0.0,0.0,0.0,0.0,0.0,0.0,0.0,evidence_localization_failure,
hotpotqa_5a886886554299206df2b258,mistral-small3.1:24b,direct,Full Context,diagnostic_condition,full_context_condition,True,hotpotqa,multi_hop,string,4000,end,low,unknown,international football competition,FIFA Women's World Cup,p0001;p0002,p0001;p0002,True,0.0,0.0,0.0,0.0,0.0,0.0,1.0,1.0,1.0,1.0,answer_conversion_failure,
hotpotqa_5a886886554299206df2b258,mistral-small3.1:24b,retrieve_then_read,Retrieved Evidence,diagnostic_condition,evidence_narrowed_condition,True,hotpotqa,multi_hop,string,4000,end,low,unknown,international football competition,FIFA Women's World Cup,p0001;p0002,p0001;p0002,True,0.0,0.0,0.0,0.0,0.0,0.0,1.0,1.0,1.0,1.0,answer_conversion_failure,
hotpotqa_5a886886554299206df2b258,mistral-small3.1:24b,oracle,Oracle Evidence,diagnostic_baseline,oracle_evidence_upper_reference,True,hotpotqa,multi_hop,string,4000,end,low,unknown,international football competition,FIFA Women's World Cup,p0001;p0002,p0001;p0002,True,0.0,0.0,0.0,0.0,0.0,0.0,1.0,1.0,1.0,1.0,answer_conversion_failure,
hotpotqa_5a7c6bcc55429935c91b519c,mistral-small3.1:24b,no_evidence,No Evidence,diagnostic_baseline,question_only_lower_bound,True,hotpotqa,multi_hop,number,8000,scattered,low,unknown,1944,1947,p0001;p0002,,True,0.0,0.0,0.0,0.0,0.0,0.0,0.0,0.0,0.0,0.0,evidence_localization_failure,
hotpotqa_5a7c6bcc55429935c91b519c,mistral-small3.1:24b,direct,Full Context,diagnostic_condition,full_context_condition,True,hotpotqa,multi_hop,number,8000,scattered,low,unknown,1944,1944,p0001;p0002,p0002,True,1.0,1.0,1.0,1.0,1.0,1.0,1.0,0.5,0.6666666666666666,1.0,success,
hotpotqa_5a7c6bcc55429935c91b519c,mistral-small3.1:24b,retrieve_then_read,Retrieved Evidence,diagnostic_condition,evidence_narrowed_condition,True,hotpotqa,multi_hop,number,8000,scattered,low,unknown,1944,1951,p0001;p0002,p0001,True,0.0,0.0,0.0,0.0,0.0,0.0,1.0,0.5,0.6666666666666666,1.0,evidence_integration_failure,
hotpotqa_5a7c6bcc55429935c91b519c,mistral-small3.1:24b,oracle,Oracle Evidence,diagnostic_baseline,oracle_evidence_upper_reference,True,hotpotqa,multi_hop,number,8000,scattered,low,unknown,1944,1944,p0001;p0002,p0001;p0002,True,1.0,1.0,1.0,1.0,1.0,1.0,1.0,1.0,1.0,1.0,success,
hotpotqa_5a72a0be5542992359bc3143,mistral-small3.1:24b,no_evidence,No Evidence,diagnostic_baseline,question_only_lower_bound,True,hotpotqa,multi_hop,entity,16000,front,low,unknown,Oedipus Rex,Oedipus Rex,p0001;p0002,,True,1.0,1.0,1.0,1.0,1.0,1.0,0.0,0.0,0.0,0.0,success,
hotpotqa_5a72a0be5542992359bc3143,mistral-small3.1:24b,direct,Full Context,diagnostic_condition,full_context_condition,True,hotpotqa,multi_hop,entity,16000,front,low,unknown,Oedipus Rex,Oedipus Rex,p0001;p0002,p0001,True,1.0,1.0,1.0,1.0,1.0,1.0,1.0,0.5,0.6666666666666666,1.0,success,
hotpotqa_5a72a0be5542992359bc3143,mistral-small3.1:24b,retrieve_then_read,Retrieved Evidence,diagnostic_condition,evidence_narrowed_condition,True,hotpotqa,multi_hop,entity,16000,front,low,unknown,Oedipus Rex,Oedipus Rex,p0001;p0002,p0001,True,1.0,1.0,1.0,1.0,1.0,1.0,1.0,0.5,0.6666666666666666,1.0,success,
hotpotqa_5a72a0be5542992359bc3143,mistral-small3.1:24b,oracle,Oracle Evidence,diagnostic_baseline,oracle_evidence_upper_reference,True,hotpotqa,multi_hop,entity,16000,front,low,unknown,Oedipus Rex,Oedipus Rex,p0001;p0002,p0001;p0002,True,1.0,1.0,1.0,1.0,1.0,1.0,1.0,1.0,1.0,1.0,success,
hotpotqa_5ade15f35542997545bbbe47,mistral-small3.1:24b,no_evidence,No Evidence,diagnostic_baseline,question_only_lower_bound,True,hotpotqa,multi_hop,entity,4000,middle,low,unknown,Steve Jobs,They are both actresses,p0001;p0002,,True,0.0,0.0,0.0,0.0,0.0,0.0,0.0,0.0,0.0,0.0,evidence_localization_failure,
hotpotqa_5ade15f35542997545bbbe47,mistral-small3.1:24b,direct,Full Context,diagnostic_condition,full_context_condition,True,hotpotqa,multi_hop,entity,4000,middle,low,unknown,Steve Jobs,American,p0001;p0002,p0001;p0002,True,0.0,0.0,0.0,0.0,0.0,0.0,1.0,1.0,1.0,1.0,answer_conversion_failure,
hotpotqa_5ade15f35542997545bbbe47,mistral-small3.1:24b,retrieve_then_read,Retrieved Evidence,diagnostic_condition,evidence_narrowed_condition,True,hotpotqa,multi_hop,entity,4000,middle,low,unknown,Steve Jobs,Steve Jobs,p0001;p0002,,True,1.0,1.0,1.0,1.0,1.0,1.0,0.0,0.0,0.0,0.0,success,
hotpotqa_5ade15f35542997545bbbe47,mistral-small3.1:24b,oracle,Oracle Evidence,diagnostic_baseline,oracle_evidence_upper_reference,True,hotpotqa,multi_hop,entity,4000,middle,low,unknown,Steve Jobs,American,p0001;p0002,p0001;p0002,True,0.0,0.0,0.0,0.0,0.0,0.0,1.0,1.0,1.0,1.0,answer_conversion_failure,
hotpotqa_5a7f5c9f55429969796c1a0f,mistral-small3.1:24b,no_evidence,No Evidence,diagnostic_baseline,question_only_lower_bound,True,hotpotqa,multi_hop,entity,8000,end,low,unknown,Spring city,Spring City,p0001;p0002,,True,1.0,1.0,1.0,1.0,1.0,1.0,0.0,0.0,0.0,0.0,success,
hotpotqa_5a7f5c9f55429969796c1a0f,mistral-small3.1:24b,direct,Full Context,diagnostic_condition,full_context_condition,True,hotpotqa,multi_hop,entity,8000,end,low,unknown,Spring city,Spring city,p0001;p0002,p0001;p0002,True,1.0,1.0,1.0,1.0,1.0,1.0,1.0,1.0,1.0,1.0,success,
hotpotqa_5a7f5c9f55429969796c1a0f,mistral-small3.1:24b,retrieve_then_read,Retrieved Evidence,diagnostic_condition,evidence_narrowed_condition,True,hotpotqa,multi_hop,entity,8000,end,low,unknown,Spring city,Sparkling Pearl Embedded in a Highland,p0001;p0002,,True,0.0,0.0,0.0,0.0,0.0,0.0,0.0,0.0,0.0,0.0,evidence_localization_failure,
hotpotqa_5a7f5c9f55429969796c1a0f,mistral-small3.1:24b,oracle,Oracle Evidence,diagnostic_baseline,oracle_evidence_upper_reference,True,hotpotqa,multi_hop,entity,8000,end,low,unknown,Spring city,Spring city,p0001;p0002,p0001;p0002,True,1.0,1.0,1.0,1.0,1.0,1.0,1.0,1.0,1.0,1.0,success,
hotpotqa_5a8e3dc05542995085b37401,mistral-small3.1:24b,no_evidence,No Evidence,diagnostic_baseline,question_only_lower_bound,True,hotpotqa,comparison,number,16000,scattered,medium,unknown,1964,Selle v. Gibb,p0001;p0002;p0003,,True,0.0,0.0,0.0,0.0,0.0,0.0,0.0,0.0,0.0,0.0,evidence_localization_failure,
hotpotqa_5a8e3dc05542995085b37401,mistral-small3.1:24b,direct,Full Context,diagnostic_condition,full_context_condition,True,hotpotqa,comparison,number,16000,scattered,medium,unknown,1964,Selle v. Gibb,p0001;p0002;p0003,p0001,True,0.0,0.0,0.0,0.0,0.0,0.0,1.0,0.3333333333333333,0.5,1.0,evidence_integration_failure,
hotpotqa_5a8e3dc05542995085b37401,mistral-small3.1:24b,retrieve_then_read,Retrieved Evidence,diagnostic_condition,evidence_narrowed_condition,True,hotpotqa,comparison,number,16000,scattered,medium,unknown,1964,Reynolds v. Sims,p0001;p0002;p0003,p0001,True,0.0,0.0,0.0,0.0,0.0,0.0,1.0,0.3333333333333333,0.5,1.0,evidence_integration_failure,
hotpotqa_5a8e3dc05542995085b37401,mistral-small3.1:24b,oracle,Oracle Evidence,diagnostic_baseline,oracle_evidence_upper_reference,True,hotpotqa,comparison,number,16000,scattered,medium,unknown,1964,Reynolds v. Sims,p0001;p0002;p0003,p0002;p0003,True,0.0,0.0,0.0,0.0,0.0,0.0,1.0,0.6666666666666666,0.8,1.0,evidence_integration_failure,
hotpotqa_5ab5f854554299637185c64e,mistral-small3.1:24b,no_evidence,No Evidence,diagnostic_baseline,question_only_lower_bound,True,hotpotqa,multi_hop,entity,4000,front,low,unknown,Pakistani,Pakistan,p0001;p0002,,True,0.0,0.0,0.0,0.0,0.0,0.0,0.0,0.0,0.0,0.0,evidence_localization_failure,
hotpotqa_5ab5f854554299637185c64e,mistral-small3.1:24b,direct,Full Context,diagnostic_condition,full_context_condition,True,hotpotqa,multi_hop,entity,4000,front,low,unknown,Pakistani,Pakistan,p0001;p0002,p0001;p0002,True,0.0,0.0,0.0,0.0,0.0,0.0,1.0,1.0,1.0,1.0,answer_conversion_failure,
hotpotqa_5ab5f854554299637185c64e,mistral-small3.1:24b,retrieve_then_read,Retrieved Evidence,diagnostic_condition,evidence_narrowed_condition,True,hotpotqa,multi_hop,entity,4000,front,low,unknown,Pakistani,Pakistan,p0001;p0002,p0006;p0007,True,0.0,0.0,0.0,0.0,0.0,0.0,0.0,0.0,0.0,0.0,evidence_selection_failure,
hotpotqa_5ab5f854554299637185c64e,mistral-small3.1:24b,oracle,Oracle Evidence,diagnostic_baseline,oracle_evidence_upper_reference,True,hotpotqa,multi_hop,entity,4000,front,low,unknown,Pakistani,Pakistan,p0001;p0002,p0001;p0002,True,0.0,0.0,0.0,0.0,0.0,0.0,1.0,1.0,1.0,1.0,answer_conversion_failure,
hotpotqa_5ab808ea5542991d3222380e,mistral-small3.1:24b,no_evidence,No Evidence,diagnostic_baseline,question_only_lower_bound,True,hotpotqa,multi_hop,number,8000,middle,low,unknown,"76,416",unknown,p0001;p0002,,True,0.0,0.0,0.0,0.0,0.0,0.0,0.0,0.0,0.0,0.0,evidence_localization_failure,
hotpotqa_5ab808ea5542991d3222380e,mistral-small3.1:24b,direct,Full Context,diagnostic_condition,full_context_condition,True,hotpotqa,multi_hop,number,8000,middle,low,unknown,"76,416",76416,p0001;p0002,p0001,True,1.0,1.0,0.0,0.0,1.0,1.0,1.0,0.5,0.6666666666666666,1.0,success,
hotpotqa_5ab808ea5542991d3222380e,mistral-small3.1:24b,retrieve_then_read,Retrieved Evidence,diagnostic_condition,evidence_narrowed_condition,True,hotpotqa,multi_hop,number,8000,middle,low,unknown,"76,416",unknown,p0001;p0002,,True,0.0,0.0,0.0,0.0,0.0,0.0,0.0,0.0,0.0,0.0,evidence_localization_failure,
hotpotqa_5ab808ea5542991d3222380e,mistral-small3.1:24b,oracle,Oracle Evidence,diagnostic_baseline,oracle_evidence_upper_reference,True,hotpotqa,multi_hop,number,8000,middle,low,unknown,"76,416",76416,p0001;p0002,p0001;p0002,True,1.0,1.0,0.0,0.0,1.0,1.0,1.0,1.0,1.0,1.0,success,
hotpotqa_5ac01bca5542992a796dec8d,mistral-small3.1:24b,no_evidence,No Evidence,diagnostic_baseline,question_only_lower_bound,True,hotpotqa,multi_hop,entity,16000,end,low,unknown,Happy Death Day,Happy Death Day,p0001;p0002,,True,1.0,1.0,1.0,1.0,1.0,1.0,0.0,0.0,0.0,0.0,success,
hotpotqa_5ac01bca5542992a796dec8d,mistral-small3.1:24b,direct,Full Context,diagnostic_condition,full_context_condition,True,hotpotqa,multi_hop,entity,16000,end,low,unknown,Happy Death Day,Happy Death Day,p0001;p0002,p0001,True,1.0,1.0,1.0,1.0,1.0,1.0,1.0,0.5,0.6666666666666666,1.0,success,
hotpotqa_5ac01bca5542992a796dec8d,mistral-small3.1:24b,retrieve_then_read,Retrieved Evidence,diagnostic_condition,evidence_narrowed_condition,True,hotpotqa,multi_hop,entity,16000,end,low,unknown,Happy Death Day,Forever My Girl,p0001;p0002,,True,0.0,0.0,0.0,0.0,0.0,0.0,0.0,0.0,0.0,0.0,evidence_localization_failure,
hotpotqa_5ac01bca5542992a796dec8d,mistral-small3.1:24b,oracle,Oracle Evidence,diagnostic_baseline,oracle_evidence_upper_reference,True,hotpotqa,multi_hop,entity,16000,end,low,unknown,Happy Death Day,Happy Death Day,p0001;p0002,p0001;p0002,True,1.0,1.0,1.0,1.0,1.0,1.0,1.0,1.0,1.0,1.0,success,
hotpotqa_5a8085705542992bc0c4a74b,mistral-small3.1:24b,no_evidence,No Evidence,diagnostic_baseline,question_only_lower_bound,True,hotpotqa,multi_hop,entity,4000,scattered,low,unknown,Australian Defence Force,United States,p0001;p0002,,True,0.0,0.0,0.0,0.0,0.0,0.0,0.0,0.0,0.0,0.0,evidence_localization_failure,
hotpotqa_5a8085705542992bc0c4a74b,mistral-small3.1:24b,direct,Full Context,diagnostic_condition,full_context_condition,True,hotpotqa,multi_hop,entity,4000,scattered,low,unknown,Australian Defence Force,Royal Australian Navy,p0001;p0002,p0001,True,0.0,0.3333333333333333,0.0,0.3333333333333333,0.0,0.3333333333333333,1.0,0.5,0.6666666666666666,1.0,evidence_integration_failure,
hotpotqa_5a8085705542992bc0c4a74b,mistral-small3.1:24b,retrieve_then_read,Retrieved Evidence,diagnostic_condition,evidence_narrowed_condition,True,hotpotqa,multi_hop,entity,4000,scattered,low,unknown,Australian Defence Force,Australian Defence Force,p0001;p0002,p0001,True,1.0,1.0,1.0,1.0,1.0,1.0,1.0,0.5,0.6666666666666666,1.0,success,
hotpotqa_5a8085705542992bc0c4a74b,mistral-small3.1:24b,oracle,Oracle Evidence,diagnostic_baseline,oracle_evidence_upper_reference,True,hotpotqa,multi_hop,entity,4000,scattered,low,unknown,Australian Defence Force,Australian Defence Force,p0001;p0002,p0001;p0002,True,1.0,1.0,1.0,1.0,1.0,1.0,1.0,1.0,1.0,1.0,success,
hotpotqa_5a80ad7c5542992097ad3018,mistral-small3.1:24b,no_evidence,No Evidence,diagnostic_baseline,question_only_lower_bound,True,hotpotqa,multi_hop,number,8000,front,low,unknown,2009,,p0001;p0002,,True,0.0,0.0,0.0,0.0,0.0,0.0,0.0,0.0,0.0,0.0,evidence_localization_failure,json_object_not_found
hotpotqa_5a80ad7c5542992097ad3018,mistral-small3.1:24b,direct,Full Context,diagnostic_condition,full_context_condition,True,hotpotqa,multi_hop,number,8000,front,low,unknown,2009,2017,p0001;p0002,p0001,True,0.0,0.0,0.0,0.0,0.0,0.0,1.0,0.5,0.6666666666666666,1.0,evidence_integration_failure,
hotpotqa_5a80ad7c5542992097ad3018,mistral-small3.1:24b,retrieve_then_read,Retrieved Evidence,diagnostic_condition,evidence_narrowed_condition,True,hotpotqa,multi_hop,number,8000,front,low,unknown,2009,2017,p0001;p0002,p0001,True,0.0,0.0,0.0,0.0,0.0,0.0,1.0,0.5,0.6666666666666666,1.0,evidence_integration_failure,
hotpotqa_5a80ad7c5542992097ad3018,mistral-small3.1:24b,oracle,Oracle Evidence,diagnostic_baseline,oracle_evidence_upper_reference,True,hotpotqa,multi_hop,number,8000,front,low,unknown,2009,2009,p0001;p0002,p0001;p0002,True,1.0,1.0,1.0,1.0,1.0,1.0,1.0,1.0,1.0,1.0,success,
hotpotqa_5a77a65b5542992a6e59df57,mistral-small3.1:24b,no_evidence,No Evidence,diagnostic_baseline,question_only_lower_bound,True,hotpotqa,multi_hop,entity,16000,middle,medium,unknown,"September 8, 2017",2016,p0001;p0002;p0003,,True,0.0,0.0,0.0,0.0,0.0,0.0,0.0,0.0,0.0,0.0,evidence_localization_failure,
hotpotqa_5a77a65b5542992a6e59df57,mistral-small3.1:24b,direct,Full Context,diagnostic_condition,full_context_condition,True,hotpotqa,multi_hop,entity,16000,middle,medium,unknown,"September 8, 2017","September 8, 2017",p0001;p0002;p0003,p0001,True,1.0,1.0,1.0,1.0,1.0,1.0,1.0,0.3333333333333333,0.5,1.0,success,
hotpotqa_5a77a65b5542992a6e59df57,mistral-small3.1:24b,retrieve_then_read,Retrieved Evidence,diagnostic_condition,evidence_narrowed_condition,True,hotpotqa,multi_hop,entity,16000,middle,medium,unknown,"September 8, 2017","September 8, 2017",p0001;p0002;p0003,p0001;p0002,True,1.0,1.0,1.0,1.0,1.0,1.0,1.0,0.6666666666666666,0.8,1.0,success,
hotpotqa_5a77a65b5542992a6e59df57,mistral-small3.1:24b,oracle,Oracle Evidence,diagnostic_baseline,oracle_evidence_upper_reference,True,hotpotqa,multi_hop,entity,16000,middle,medium,unknown,"September 8, 2017","September 8, 2017",p0001;p0002;p0003,p0001;p0003,True,1.0,1.0,1.0,1.0,1.0,1.0,1.0,0.6666666666666666,0.8,1.0,success,
hotpotqa_5a8da81e554299068b959d7e,mistral-small3.1:24b,no_evidence,No Evidence,diagnostic_baseline,question_only_lower_bound,True,hotpotqa,multi_hop,string,4000,end,low,unknown,impresario,impresario,p0001;p0002,,True,1.0,1.0,1.0,1.0,1.0,1.0,0.0,0.0,0.0,0.0,success,
hotpotqa_5a8da81e554299068b959d7e,mistral-small3.1:24b,direct,Full Context,diagnostic_condition,full_context_condition,True,hotpotqa,multi_hop,string,4000,end,low,unknown,impresario,impresario,p0001;p0002,p0002,True,1.0,1.0,1.0,1.0,1.0,1.0,1.0,0.5,0.6666666666666666,1.0,success,
hotpotqa_5a8da81e554299068b959d7e,mistral-small3.1:24b,retrieve_then_read,Retrieved Evidence,diagnostic_condition,evidence_narrowed_condition,True,hotpotqa,multi_hop,string,4000,end,low,unknown,impresario,impresario,p0001;p0002,p0002,True,1.0,1.0,1.0,1.0,1.0,1.0,1.0,0.5,0.6666666666666666,1.0,success,
hotpotqa_5a8da81e554299068b959d7e,mistral-small3.1:24b,oracle,Oracle Evidence,diagnostic_baseline,oracle_evidence_upper_reference,True,hotpotqa,multi_hop,string,4000,end,low,unknown,impresario,impresario,p0001;p0002,p0001;p0002,True,1.0,1.0,1.0,1.0,1.0,1.0,1.0,1.0,1.0,1.0,success,
hotpotqa_5ab446d455429942dd415f07,mistral-small3.1:24b,no_evidence,No Evidence,diagnostic_baseline,question_only_lower_bound,True,hotpotqa,multi_hop,entity,8000,scattered,low,unknown,modern-day New York City,New York City,p0001;p0002,,True,0.0,0.8571428571428571,0.0,0.7499999999999999,0.0,0.8571428571428571,0.0,0.0,0.0,0.0,evidence_localization_failure,
hotpotqa_5ab446d455429942dd415f07,mistral-small3.1:24b,direct,Full Context,diagnostic_condition,full_context_condition,True,hotpotqa,multi_hop,entity,8000,scattered,low,unknown,modern-day New York City,New York City,p0001;p0002,p0002,True,0.0,0.8571428571428571,0.0,0.7499999999999999,0.0,0.8571428571428571,1.0,0.5,0.6666666666666666,1.0,evidence_integration_failure,
hotpotqa_5ab446d455429942dd415f07,mistral-small3.1:24b,retrieve_then_read,Retrieved Evidence,diagnostic_condition,evidence_narrowed_condition,True,hotpotqa,multi_hop,entity,8000,scattered,low,unknown,modern-day New York City,New York City,p0001;p0002,p0002,True,0.0,0.8571428571428571,0.0,0.7499999999999999,0.0,0.8571428571428571,1.0,0.5,0.6666666666666666,1.0,evidence_integration_failure,
hotpotqa_5ab446d455429942dd415f07,mistral-small3.1:24b,oracle,Oracle Evidence,diagnostic_baseline,oracle_evidence_upper_reference,True,hotpotqa,multi_hop,entity,8000,scattered,low,unknown,modern-day New York City,New York City,p0001;p0002,p0001;p0002,True,0.0,0.8571428571428571,0.0,0.7499999999999999,0.0,0.8571428571428571,1.0,1.0,1.0,1.0,answer_conversion_failure,
hotpotqa_5a760faa5542994ccc9186a8,mistral-small3.1:24b,no_evidence,No Evidence,diagnostic_baseline,question_only_lower_bound,True,hotpotqa,multi_hop,entity,16000,front,low,unknown,Love Streams,Konoyo,p0001;p0002,,True,0.0,0.0,0.0,0.0,0.0,0.0,0.0,0.0,0.0,0.0,evidence_localization_failure,
hotpotqa_5a760faa5542994ccc9186a8,mistral-small3.1:24b,direct,Full Context,diagnostic_condition,full_context_condition,True,hotpotqa,multi_hop,entity,16000,front,low,unknown,Love Streams,Love Streams,p0001;p0002,p0001,True,1.0,1.0,1.0,1.0,1.0,1.0,1.0,0.5,0.6666666666666666,1.0,success,
hotpotqa_5a760faa5542994ccc9186a8,mistral-small3.1:24b,retrieve_then_read,Retrieved Evidence,diagnostic_condition,evidence_narrowed_condition,True,hotpotqa,multi_hop,entity,16000,front,low,unknown,Love Streams,Love Streams,p0001;p0002,p0002,True,1.0,1.0,1.0,1.0,1.0,1.0,1.0,0.5,0.6666666666666666,1.0,success,
hotpotqa_5a760faa5542994ccc9186a8,mistral-small3.1:24b,oracle,Oracle Evidence,diagnostic_baseline,oracle_evidence_upper_reference,True,hotpotqa,multi_hop,entity,16000,front,low,unknown,Love Streams,Love Streams,p0001;p0002,p0002,True,1.0,1.0,1.0,1.0,1.0,1.0,1.0,0.5,0.6666666666666666,1.0,success,
hotpotqa_5a80aeff5542996402f6a5eb,mistral-small3.1:24b,no_evidence,No Evidence,diagnostic_baseline,question_only_lower_bound,True,hotpotqa,multi_hop,string,4000,middle,medium,unknown,first freshman to finish as the runner-up,first African American to be a Heisman Trophy finalist,p0001;p0002;p0003;p0004,,True,0.0,0.28571428571428575,0.0,0.26666666666666666,0.0,0.28571428571428575,0.0,0.0,0.0,0.0,evidence_localization_failure,
hotpotqa_5a80aeff5542996402f6a5eb,mistral-small3.1:24b,direct,Full Context,diagnostic_condition,full_context_condition,True,hotpotqa,multi_hop,string,4000,middle,medium,unknown,first freshman to finish as the runner-up,first freshman to finish as the runner-up,p0001;p0002;p0003;p0004,p0004,True,1.0,1.0,1.0,1.0,1.0,1.0,1.0,0.25,0.4,1.0,success,
hotpotqa_5a80aeff5542996402f6a5eb,mistral-small3.1:24b,retrieve_then_read,Retrieved Evidence,diagnostic_condition,evidence_narrowed_condition,True,hotpotqa,multi_hop,string,4000,middle,medium,unknown,first freshman to finish as the runner-up,first freshman to finish as the runner-up,p0001;p0002;p0003;p0004,p0001,True,1.0,1.0,1.0,1.0,1.0,1.0,1.0,0.25,0.4,1.0,success,
hotpotqa_5a80aeff5542996402f6a5eb,mistral-small3.1:24b,oracle,Oracle Evidence,diagnostic_baseline,oracle_evidence_upper_reference,True,hotpotqa,multi_hop,string,4000,middle,medium,unknown,first freshman to finish as the runner-up,first freshman to finish as the runner-up,p0001;p0002;p0003;p0004,p0001;p0002;p0004,True,1.0,1.0,1.0,1.0,1.0,1.0,1.0,0.75,0.8571428571428571,1.0,success,
hotpotqa_5ac3d9c9554299204fd21ea3,mistral-small3.1:24b,no_evidence,No Evidence,diagnostic_baseline,question_only_lower_bound,True,hotpotqa,multi_hop,entity,8000,end,low,unknown,James Packer,James Packer,p0001;p0002,,True,1.0,1.0,1.0,1.0,1.0,1.0,0.0,0.0,0.0,0.0,success,
hotpotqa_5ac3d9c9554299204fd21ea3,mistral-small3.1:24b,direct,Full Context,diagnostic_condition,full_context_condition,True,hotpotqa,multi_hop,entity,8000,end,low,unknown,James Packer,James Packer,p0001;p0002,p0001,True,1.0,1.0,1.0,1.0,1.0,1.0,1.0,0.5,0.6666666666666666,1.0,success,
hotpotqa_5ac3d9c9554299204fd21ea3,mistral-small3.1:24b,retrieve_then_read,Retrieved Evidence,diagnostic_condition,evidence_narrowed_condition,True,hotpotqa,multi_hop,entity,8000,end,low,unknown,James Packer,James Packer,p0001;p0002,p0001;p0002,True,1.0,1.0,1.0,1.0,1.0,1.0,1.0,1.0,1.0,1.0,success,
hotpotqa_5ac3d9c9554299204fd21ea3,mistral-small3.1:24b,oracle,Oracle Evidence,diagnostic_baseline,oracle_evidence_upper_reference,True,hotpotqa,multi_hop,entity,8000,end,low,unknown,James Packer,James Packer,p0001;p0002,p0001;p0002,True,1.0,1.0,1.0,1.0,1.0,1.0,1.0,1.0,1.0,1.0,success,
hotpotqa_5a8799c55542996e4f308877,mistral-small3.1:24b,no_evidence,No Evidence,diagnostic_baseline,question_only_lower_bound,True,hotpotqa,multi_hop,entity,16000,scattered,low,unknown,Scandinavian design,Danish Modern,p0001;p0002,,True,0.0,0.0,0.0,0.0,0.0,0.0,0.0,0.0,0.0,0.0,evidence_localization_failure,
hotpotqa_5a8799c55542996e4f308877,mistral-small3.1:24b,direct,Full Context,diagnostic_condition,full_context_condition,True,hotpotqa,multi_hop,entity,16000,scattered,low,unknown,Scandinavian design,Scandinavian design,p0001;p0002,p0001,True,1.0,1.0,1.0,1.0,1.0,1.0,1.0,0.5,0.6666666666666666,1.0,success,
hotpotqa_5a8799c55542996e4f308877,mistral-small3.1:24b,retrieve_then_read,Retrieved Evidence,diagnostic_condition,evidence_narrowed_condition,True,hotpotqa,multi_hop,entity,16000,scattered,low,unknown,Scandinavian design,post-minimal,p0001;p0002,,True,0.0,0.0,0.0,0.0,0.0,0.0,0.0,0.0,0.0,0.0,evidence_localization_failure,
hotpotqa_5a8799c55542996e4f308877,mistral-small3.1:24b,oracle,Oracle Evidence,diagnostic_baseline,oracle_evidence_upper_reference,True,hotpotqa,multi_hop,entity,16000,scattered,low,unknown,Scandinavian design,Scandinavian design,p0001;p0002,p0001;p0002,True,1.0,1.0,1.0,1.0,1.0,1.0,1.0,1.0,1.0,1.0,success,
hotpotqa_5adbda2755429944faac2385,mistral-small3.1:24b,no_evidence,No Evidence,diagnostic_baseline,question_only_lower_bound,True,hotpotqa,multi_hop,entity,4000,front,low,unknown,Philip K. Dick,Philip K. Dick,p0001;p0002,,True,1.0,1.0,1.0,1.0,1.0,1.0,0.0,0.0,0.0,0.0,success,
hotpotqa_5adbda2755429944faac2385,mistral-small3.1:24b,direct,Full Context,diagnostic_condition,full_context_condition,True,hotpotqa,multi_hop,entity,4000,front,low,unknown,Philip K. Dick,Philip K. Dick,p0001;p0002,p0001;p0002,True,1.0,1.0,1.0,1.0,1.0,1.0,1.0,1.0,1.0,1.0,success,
hotpotqa_5adbda2755429944faac2385,mistral-small3.1:24b,retrieve_then_read,Retrieved Evidence,diagnostic_condition,evidence_narrowed_condition,True,hotpotqa,multi_hop,entity,4000,front,low,unknown,Philip K. Dick,Philip K. Dick,p0001;p0002,p0001;p0002,True,1.0,1.0,1.0,1.0,1.0,1.0,1.0,1.0,1.0,1.0,success,
hotpotqa_5adbda2755429944faac2385,mistral-small3.1:24b,oracle,Oracle Evidence,diagnostic_baseline,oracle_evidence_upper_reference,True,hotpotqa,multi_hop,entity,4000,front,low,unknown,Philip K. Dick,Philip K. Dick,p0001;p0002,p0001;p0002,True,1.0,1.0,1.0,1.0,1.0,1.0,1.0,1.0,1.0,1.0,success,
hotpotqa_5ab67bd355429954757d32f2,mistral-small3.1:24b,no_evidence,No Evidence,diagnostic_baseline,question_only_lower_bound,True,hotpotqa,multi_hop,entity,8000,middle,low,unknown,New York Giants,New York Giants,p0001;p0002,,True,1.0,1.0,1.0,1.0,1.0,1.0,0.0,0.0,0.0,0.0,success,
hotpotqa_5ab67bd355429954757d32f2,mistral-small3.1:24b,direct,Full Context,diagnostic_condition,full_context_condition,True,hotpotqa,multi_hop,entity,8000,middle,low,unknown,New York Giants,New York Giants,p0001;p0002,p0001;p0002,True,1.0,1.0,1.0,1.0,1.0,1.0,1.0,1.0,1.0,1.0,success,
hotpotqa_5ab67bd355429954757d32f2,mistral-small3.1:24b,retrieve_then_read,Retrieved Evidence,diagnostic_condition,evidence_narrowed_condition,True,hotpotqa,multi_hop,entity,8000,middle,low,unknown,New York Giants,New York Giants,p0001;p0002,p0001;p0002,True,1.0,1.0,1.0,1.0,1.0,1.0,1.0,1.0,1.0,1.0,success,
hotpotqa_5ab67bd355429954757d32f2,mistral-small3.1:24b,oracle,Oracle Evidence,diagnostic_baseline,oracle_evidence_upper_reference,True,hotpotqa,multi_hop,entity,8000,middle,low,unknown,New York Giants,New York Giants,p0001;p0002,p0001;p0002,True,1.0,1.0,1.0,1.0,1.0,1.0,1.0,1.0,1.0,1.0,success,
hotpotqa_5adf4a275542993a75d26498,mistral-small3.1:24b,no_evidence,No Evidence,diagnostic_baseline,question_only_lower_bound,True,hotpotqa,multi_hop,entity,16000,end,medium,unknown,middle America,no,p0001;p0002;p0003,,True,0.0,0.0,0.0,0.0,0.0,0.0,0.0,0.0,0.0,0.0,evidence_localization_failure,
hotpotqa_5adf4a275542993a75d26498,mistral-small3.1:24b,direct,Full Context,diagnostic_condition,full_context_condition,True,hotpotqa,multi_hop,entity,16000,end,medium,unknown,middle America,William Allen White,p0001;p0002;p0003,p0001;p0003,True,0.0,0.0,0.0,0.0,0.0,0.0,1.0,0.6666666666666666,0.8,1.0,evidence_integration_failure,
hotpotqa_5adf4a275542993a75d26498,mistral-small3.1:24b,retrieve_then_read,Retrieved Evidence,diagnostic_condition,evidence_narrowed_condition,True,hotpotqa,multi_hop,entity,16000,end,medium,unknown,middle America,Glencross,p0001;p0002;p0003,p0001,True,0.0,0.0,0.0,0.0,0.0,0.0,1.0,0.3333333333333333,0.5,1.0,evidence_integration_failure,
hotpotqa_5adf4a275542993a75d26498,mistral-small3.1:24b,oracle,Oracle Evidence,diagnostic_baseline,oracle_evidence_upper_reference,True,hotpotqa,multi_hop,entity,16000,end,medium,unknown,middle America,middle,p0001;p0002;p0003,p0002;p0003,True,0.0,0.6666666666666666,0.0,0.6666666666666666,0.0,0.6666666666666666,1.0,0.6666666666666666,0.8,1.0,evidence_integration_failure,
hotpotqa_5ae4c5595542990ba0bbb123,mistral-small3.1:24b,no_evidence,No Evidence,diagnostic_baseline,question_only_lower_bound,True,hotpotqa,multi_hop,entity,4000,scattered,low,unknown,Soha Ali Khan,Rajkummar Rao,p0001;p0002,,True,0.0,0.0,0.0,0.0,0.0,0.0,0.0,0.0,0.0,0.0,evidence_localization_failure,
hotpotqa_5ae4c5595542990ba0bbb123,mistral-small3.1:24b,direct,Full Context,diagnostic_condition,full_context_condition,True,hotpotqa,multi_hop,entity,4000,scattered,low,unknown,Soha Ali Khan,Soha Ali Khan,p0001;p0002,p0001;p0002,True,1.0,1.0,1.0,1.0,1.0,1.0,1.0,1.0,1.0,1.0,success,
hotpotqa_5ae4c5595542990ba0bbb123,mistral-small3.1:24b,retrieve_then_read,Retrieved Evidence,diagnostic_condition,evidence_narrowed_condition,True,hotpotqa,multi_hop,entity,4000,scattered,low,unknown,Soha Ali Khan,Soha Ali Khan,p0001;p0002,p0002;p0011,True,1.0,1.0,1.0,1.0,1.0,1.0,0.5,0.5,0.5,1.0,success,
hotpotqa_5ae4c5595542990ba0bbb123,mistral-small3.1:24b,oracle,Oracle Evidence,diagnostic_baseline,oracle_evidence_upper_reference,True,hotpotqa,multi_hop,entity,4000,scattered,low,unknown,Soha Ali Khan,Soha Ali Khan,p0001;p0002,p0001;p0002,True,1.0,1.0,1.0,1.0,1.0,1.0,1.0,1.0,1.0,1.0,success,
hotpotqa_5a837d9a554299123d8c213e,mistral-small3.1:24b,no_evidence,No Evidence,diagnostic_baseline,question_only_lower_bound,True,hotpotqa,multi_hop,entity,8000,front,medium,unknown,Lucas Stephen Grabeel,Ariel Winter,p0001;p0002;p0003,,True,0.0,0.0,0.0,0.0,0.0,0.0,0.0,0.0,0.0,0.0,evidence_localization_failure,
hotpotqa_5a837d9a554299123d8c213e,mistral-small3.1:24b,direct,Full Context,diagnostic_condition,full_context_condition,True,hotpotqa,multi_hop,entity,8000,front,medium,unknown,Lucas Stephen Grabeel,Alyson Stoner,p0001;p0002;p0003,p0001,True,0.0,0.0,0.0,0.0,0.0,0.0,1.0,0.3333333333333333,0.5,1.0,evidence_integration_failure,
hotpotqa_5a837d9a554299123d8c213e,mistral-small3.1:24b,retrieve_then_read,Retrieved Evidence,diagnostic_condition,evidence_narrowed_condition,True,hotpotqa,multi_hop,entity,8000,front,medium,unknown,Lucas Stephen Grabeel,Lea Katherine Thompson,p0001;p0002;p0003,,True,0.0,0.0,0.0,0.0,0.0,0.0,0.0,0.0,0.0,0.0,evidence_localization_failure,
hotpotqa_5a837d9a554299123d8c213e,mistral-small3.1:24b,oracle,Oracle Evidence,diagnostic_baseline,oracle_evidence_upper_reference,True,hotpotqa,multi_hop,entity,8000,front,medium,unknown,Lucas Stephen Grabeel,Lucas Grabeel,p0001;p0002;p0003,p0001;p0002,True,0.0,0.8,0.0,0.8,0.0,0.8,1.0,0.6666666666666666,0.8,1.0,evidence_integration_failure,
hotpotqa_5a85c3a15542992a431d1b97,mistral-small3.1:24b,no_evidence,No Evidence,diagnostic_baseline,question_only_lower_bound,True,hotpotqa,multi_hop,entity,16000,middle,medium,unknown,Massive Entertainment,Blizzard Entertainment,p0001;p0002;p0003,,True,0.0,0.5,0.0,0.5,0.0,0.5,0.0,0.0,0.0,0.0,evidence_localization_failure,
hotpotqa_5a85c3a15542992a431d1b97,mistral-small3.1:24b,direct,Full Context,diagnostic_condition,full_context_condition,True,hotpotqa,multi_hop,entity,16000,middle,medium,unknown,Massive Entertainment,Massive Entertainment,p0001;p0002;p0003,p0001;p0002;p0003,True,1.0,1.0,1.0,1.0,1.0,1.0,1.0,1.0,1.0,1.0,success,
hotpotqa_5a85c3a15542992a431d1b97,mistral-small3.1:24b,retrieve_then_read,Retrieved Evidence,diagnostic_condition,evidence_narrowed_condition,True,hotpotqa,multi_hop,entity,16000,middle,medium,unknown,Massive Entertainment,Massive Entertainment,p0001;p0002;p0003,p0002;p0003,True,1.0,1.0,1.0,1.0,1.0,1.0,1.0,0.6666666666666666,0.8,1.0,success,
hotpotqa_5a85c3a15542992a431d1b97,mistral-small3.1:24b,oracle,Oracle Evidence,diagnostic_baseline,oracle_evidence_upper_reference,True,hotpotqa,multi_hop,entity,16000,middle,medium,unknown,Massive Entertainment,Massive Entertainment,p0001;p0002;p0003,p0002;p0003,True,1.0,1.0,1.0,1.0,1.0,1.0,1.0,0.6666666666666666,0.8,1.0,success,
hotpotqa_5a78daf855429970f5fffdae,mistral-small3.1:24b,no_evidence,No Evidence,diagnostic_baseline,question_only_lower_bound,True,hotpotqa,comparison,entity,4000,end,medium,unknown,Icehouse pieces,Icehouse pieces,p0001;p0002;p0003,,True,1.0,1.0,1.0,1.0,1.0,1.0,0.0,0.0,0.0,0.0,success,
hotpotqa_5a78daf855429970f5fffdae,mistral-small3.1:24b,direct,Full Context,diagnostic_condition,full_context_condition,True,hotpotqa,comparison,entity,4000,end,medium,unknown,Icehouse pieces,Icehouse pieces,p0001;p0002;p0003,p0001;p0003,True,1.0,1.0,1.0,1.0,1.0,1.0,1.0,0.6666666666666666,0.8,1.0,success,
hotpotqa_5a78daf855429970f5fffdae,mistral-small3.1:24b,retrieve_then_read,Retrieved Evidence,diagnostic_condition,evidence_narrowed_condition,True,hotpotqa,comparison,entity,4000,end,medium,unknown,Icehouse pieces,Icehouse pieces,p0001;p0002;p0003,p0001;p0003,True,1.0,1.0,1.0,1.0,1.0,1.0,1.0,0.6666666666666666,0.8,1.0,success,
hotpotqa_5a78daf855429970f5fffdae,mistral-small3.1:24b,oracle,Oracle Evidence,diagnostic_baseline,oracle_evidence_upper_reference,True,hotpotqa,comparison,entity,4000,end,medium,unknown,Icehouse pieces,Icehouse pieces,p0001;p0002;p0003,p0001;p0003,True,1.0,1.0,1.0,1.0,1.0,1.0,1.0,0.6666666666666666,0.8,1.0,success,
hotpotqa_5a8eb4d65542990e94052b82,mistral-small3.1:24b,no_evidence,No Evidence,diagnostic_baseline,question_only_lower_bound,True,hotpotqa,multi_hop,entity,8000,scattered,medium,unknown,Terry Gilliam,Tex Avery,p0001;p0002;p0003,,True,0.0,0.0,0.0,0.0,0.0,0.0,0.0,0.0,0.0,0.0,evidence_localization_failure,
hotpotqa_5a8eb4d65542990e94052b82,mistral-small3.1:24b,direct,Full Context,diagnostic_condition,full_context_condition,True,hotpotqa,multi_hop,entity,8000,scattered,medium,unknown,Terry Gilliam,Terry Gilliam,p0001;p0002;p0003,p0001;p0002;p0003,True,1.0,1.0,1.0,1.0,1.0,1.0,1.0,1.0,1.0,1.0,success,
hotpotqa_5a8eb4d65542990e94052b82,mistral-small3.1:24b,retrieve_then_read,Retrieved Evidence,diagnostic_condition,evidence_narrowed_condition,True,hotpotqa,multi_hop,entity,8000,scattered,medium,unknown,Terry Gilliam,unknown,p0001;p0002;p0003,p0001,True,0.0,0.0,0.0,0.0,0.0,0.0,1.0,0.3333333333333333,0.5,1.0,evidence_integration_failure,
hotpotqa_5a8eb4d65542990e94052b82,mistral-small3.1:24b,oracle,Oracle Evidence,diagnostic_baseline,oracle_evidence_upper_reference,True,hotpotqa,multi_hop,entity,8000,scattered,medium,unknown,Terry Gilliam,Terry Gilliam,p0001;p0002;p0003,p0001;p0002;p0003,True,1.0,1.0,1.0,1.0,1.0,1.0,1.0,1.0,1.0,1.0,success,
hotpotqa_5a8038b55542996402f6a485,mistral-small3.1:24b,no_evidence,No Evidence,diagnostic_baseline,question_only_lower_bound,True,hotpotqa,multi_hop,entity,16000,front,low,unknown,Lithuanian-born French,Filipino,p0001;p0002,,True,0.0,0.0,0.0,0.0,0.0,0.0,0.0,0.0,0.0,0.0,evidence_localization_failure,
hotpotqa_5a8038b55542996402f6a485,mistral-small3.1:24b,direct,Full Context,diagnostic_condition,full_context_condition,True,hotpotqa,multi_hop,entity,16000,front,low,unknown,Lithuanian-born French,Lithuanian,p0001;p0002,p0002,True,0.0,0.0,0.0,0.5,0.0,0.0,1.0,0.5,0.6666666666666666,1.0,evidence_integration_failure,
hotpotqa_5a8038b55542996402f6a485,mistral-small3.1:24b,retrieve_then_read,Retrieved Evidence,diagnostic_condition,evidence_narrowed_condition,True,hotpotqa,multi_hop,entity,16000,front,low,unknown,Lithuanian-born French,Lithuanian,p0001;p0002,p0002,True,0.0,0.0,0.0,0.5,0.0,0.0,1.0,0.5,0.6666666666666666,1.0,evidence_integration_failure,
hotpotqa_5a8038b55542996402f6a485,mistral-small3.1:24b,oracle,Oracle Evidence,diagnostic_baseline,oracle_evidence_upper_reference,True,hotpotqa,multi_hop,entity,16000,front,low,unknown,Lithuanian-born French,Lithuanian,p0001;p0002,p0001;p0002,True,0.0,0.0,0.0,0.5,0.0,0.0,1.0,1.0,1.0,1.0,answer_conversion_failure,
hotpotqa_5ab83d595542990e739ec886,mistral-small3.1:24b,no_evidence,No Evidence,diagnostic_baseline,question_only_lower_bound,True,hotpotqa,multi_hop,string,4000,middle,low,unknown,a family member,a king,p0001;p0002,,True,0.0,0.0,0.0,0.0,0.0,0.0,0.0,0.0,0.0,0.0,evidence_localization_failure,
hotpotqa_5ab83d595542990e739ec886,mistral-small3.1:24b,direct,Full Context,diagnostic_condition,full_context_condition,True,hotpotqa,multi_hop,string,4000,middle,low,unknown,a family member,a family member,p0001;p0002,p0001;p0002,True,1.0,1.0,1.0,1.0,1.0,1.0,1.0,1.0,1.0,1.0,success,
hotpotqa_5ab83d595542990e739ec886,mistral-small3.1:24b,retrieve_then_read,Retrieved Evidence,diagnostic_condition,evidence_narrowed_condition,True,hotpotqa,multi_hop,string,4000,middle,low,unknown,a family member,a family member,p0001;p0002,p0001;p0002,True,1.0,1.0,1.0,1.0,1.0,1.0,1.0,1.0,1.0,1.0,success,
hotpotqa_5ab83d595542990e739ec886,mistral-small3.1:24b,oracle,Oracle Evidence,diagnostic_baseline,oracle_evidence_upper_reference,True,hotpotqa,multi_hop,string,4000,middle,low,unknown,a family member,a family member,p0001;p0002,p0001;p0002,True,1.0,1.0,1.0,1.0,1.0,1.0,1.0,1.0,1.0,1.0,success,
hotpotqa_5ae0d52e554299603e418469,mistral-small3.1:24b,no_evidence,No Evidence,diagnostic_baseline,question_only_lower_bound,True,hotpotqa,multi_hop,entity,8000,end,medium,unknown,Douglas Jackson,Peter Howitt,p0001;p0002;p0003,,True,0.0,0.0,0.0,0.0,0.0,0.0,0.0,0.0,0.0,0.0,evidence_localization_failure,
hotpotqa_5ae0d52e554299603e418469,mistral-small3.1:24b,direct,Full Context,diagnostic_condition,full_context_condition,True,hotpotqa,multi_hop,entity,8000,end,medium,unknown,Douglas Jackson,Douglas Jackson,p0001;p0002;p0003,p0001;p0002;p0003,True,1.0,1.0,1.0,1.0,1.0,1.0,1.0,1.0,1.0,1.0,success,
hotpotqa_5ae0d52e554299603e418469,mistral-small3.1:24b,retrieve_then_read,Retrieved Evidence,diagnostic_condition,evidence_narrowed_condition,True,hotpotqa,multi_hop,entity,8000,end,medium,unknown,Douglas Jackson,Douglas Jackson,p0001;p0002;p0003,p0001;p0003,True,1.0,1.0,1.0,1.0,1.0,1.0,1.0,0.6666666666666666,0.8,1.0,success,
hotpotqa_5ae0d52e554299603e418469,mistral-small3.1:24b,oracle,Oracle Evidence,diagnostic_baseline,oracle_evidence_upper_reference,True,hotpotqa,multi_hop,entity,8000,end,medium,unknown,Douglas Jackson,Douglas Jackson,p0001;p0002;p0003,p0001;p0002;p0003,True,1.0,1.0,1.0,1.0,1.0,1.0,1.0,1.0,1.0,1.0,success,
hotpotqa_5ae75a4c5542997b22f6a6f1,mistral-small3.1:24b,no_evidence,No Evidence,diagnostic_baseline,question_only_lower_bound,True,hotpotqa,multi_hop,entity,16000,scattered,low,unknown,The Itchy & Scratchy Show,Krusty the Clown,p0001;p0002,,True,0.0,0.0,0.0,0.0,0.0,0.0,0.0,0.0,0.0,0.0,evidence_localization_failure,
hotpotqa_5ae75a4c5542997b22f6a6f1,mistral-small3.1:24b,direct,Full Context,diagnostic_condition,full_context_condition,True,hotpotqa,multi_hop,entity,16000,scattered,low,unknown,The Itchy & Scratchy Show,The Krusty the Clown Show,p0001;p0002,p0002,True,0.0,0.3333333333333333,0.0,0.3333333333333333,0.0,0.3333333333333333,1.0,0.5,0.6666666666666666,1.0,evidence_integration_failure,
hotpotqa_5ae75a4c5542997b22f6a6f1,mistral-small3.1:24b,retrieve_then_read,Retrieved Evidence,diagnostic_condition,evidence_narrowed_condition,True,hotpotqa,multi_hop,entity,16000,scattered,low,unknown,The Itchy & Scratchy Show,The Tracey Ullman Show,p0001;p0002,p0001,True,0.0,0.3333333333333333,0.0,0.3333333333333333,0.0,0.3333333333333333,1.0,0.5,0.6666666666666666,1.0,evidence_integration_failure,
hotpotqa_5ae75a4c5542997b22f6a6f1,mistral-small3.1:24b,oracle,Oracle Evidence,diagnostic_baseline,oracle_evidence_upper_reference,True,hotpotqa,multi_hop,entity,16000,scattered,low,unknown,The Itchy & Scratchy Show,Krusty the Clown,p0001;p0002,p0001;p0002,True,0.0,0.0,0.0,0.0,0.0,0.0,1.0,1.0,1.0,1.0,answer_conversion_failure,
hotpotqa_5ab45a0b5542991779162c7e,mistral-small3.1:24b,no_evidence,No Evidence,diagnostic_baseline,question_only_lower_bound,True,hotpotqa,multi_hop,entity,4000,front,medium,unknown,Viaport Rotterdam,Viaport Rotterdam,p0001;p0002;p0003;p0004,,True,1.0,1.0,1.0,1.0,1.0,1.0,0.0,0.0,0.0,0.0,success,
hotpotqa_5ab45a0b5542991779162c7e,mistral-small3.1:24b,direct,Full Context,diagnostic_condition,full_context_condition,True,hotpotqa,multi_hop,entity,4000,front,medium,unknown,Viaport Rotterdam,Viaport Rotterdam,p0001;p0002;p0003;p0004,p0001;p0003,True,1.0,1.0,1.0,1.0,1.0,1.0,1.0,0.5,0.6666666666666666,1.0,success,
hotpotqa_5ab45a0b5542991779162c7e,mistral-small3.1:24b,retrieve_then_read,Retrieved Evidence,diagnostic_condition,evidence_narrowed_condition,True,hotpotqa,multi_hop,entity,4000,front,medium,unknown,Viaport Rotterdam,Karcher Mall,p0001;p0002;p0003;p0004,p0001,True,0.0,0.0,0.0,0.0,0.0,0.0,1.0,0.25,0.4,1.0,evidence_integration_failure,
hotpotqa_5ab45a0b5542991779162c7e,mistral-small3.1:24b,oracle,Oracle Evidence,diagnostic_baseline,oracle_evidence_upper_reference,True,hotpotqa,multi_hop,entity,4000,front,medium,unknown,Viaport Rotterdam,Viaport Rotterdam,p0001;p0002;p0003;p0004,p0003;p0004,True,1.0,1.0,1.0,1.0,1.0,1.0,1.0,0.5,0.6666666666666666,1.0,success,
hotpotqa_5a738225554299623ed4abc3,mistral-small3.1:24b,no_evidence,No Evidence,diagnostic_baseline,question_only_lower_bound,True,hotpotqa,comparison,entity,8000,middle,low,unknown,Bedknobs and Broomsticks,Bedknobs and Broomsticks,p0001;p0002,,True,1.0,1.0,1.0,1.0,1.0,1.0,0.0,0.0,0.0,0.0,success,
hotpotqa_5a738225554299623ed4abc3,mistral-small3.1:24b,direct,Full Context,diagnostic_condition,full_context_condition,True,hotpotqa,comparison,entity,8000,middle,low,unknown,Bedknobs and Broomsticks,Bedknobs and Broomsticks,p0001;p0002,p0001;p0002,True,1.0,1.0,1.0,1.0,1.0,1.0,1.0,1.0,1.0,1.0,success,
hotpotqa_5a738225554299623ed4abc3,mistral-small3.1:24b,retrieve_then_read,Retrieved Evidence,diagnostic_condition,evidence_narrowed_condition,True,hotpotqa,comparison,entity,8000,middle,low,unknown,Bedknobs and Broomsticks,Bedknobs and Broomsticks,p0001;p0002,p0001,True,1.0,1.0,1.0,1.0,1.0,1.0,1.0,0.5,0.6666666666666666,1.0,success,
hotpotqa_5a738225554299623ed4abc3,mistral-small3.1:24b,oracle,Oracle Evidence,diagnostic_baseline,oracle_evidence_upper_reference,True,hotpotqa,comparison,entity,8000,middle,low,unknown,Bedknobs and Broomsticks,Bedknobs and Broomsticks,p0001;p0002,p0001;p0002,True,1.0,1.0,1.0,1.0,1.0,1.0,1.0,1.0,1.0,1.0,success,
hotpotqa_5ac056385542997d64295a08,mistral-small3.1:24b,no_evidence,No Evidence,diagnostic_baseline,question_only_lower_bound,True,hotpotqa,multi_hop,entity,16000,end,medium,unknown,"""The Ring"" magazine",Transnational Boxing Rankings Board,p0001;p0002;p0003;p0004,,True,0.0,0.0,0.0,0.0,0.0,0.0,0.0,0.0,0.0,0.0,evidence_localization_failure,
hotpotqa_5ac056385542997d64295a08,mistral-small3.1:24b,direct,Full Context,diagnostic_condition,full_context_condition,True,hotpotqa,multi_hop,entity,16000,end,medium,unknown,"""The Ring"" magazine",The Ring,p0001;p0002;p0003;p0004,p0001;p0002;p0004,True,0.0,0.6666666666666666,0.0,0.6666666666666666,0.0,0.6666666666666666,1.0,0.75,0.8571428571428571,1.0,evidence_integration_failure,
hotpotqa_5ac056385542997d64295a08,mistral-small3.1:24b,retrieve_then_read,Retrieved Evidence,diagnostic_condition,evidence_narrowed_condition,True,hotpotqa,multi_hop,entity,16000,end,medium,unknown,"""The Ring"" magazine",The Ring magazine,p0001;p0002;p0003;p0004,p0002;p0004,True,1.0,1.0,1.0,1.0,1.0,1.0,1.0,0.5,0.6666666666666666,1.0,success,
hotpotqa_5ac056385542997d64295a08,mistral-small3.1:24b,oracle,Oracle Evidence,diagnostic_baseline,oracle_evidence_upper_reference,True,hotpotqa,multi_hop,entity,16000,end,medium,unknown,"""The Ring"" magazine",The Ring magazine,p0001;p0002;p0003;p0004,p0002;p0004,True,1.0,1.0,1.0,1.0,1.0,1.0,1.0,0.5,0.6666666666666666,1.0,success,
hotpotqa_5aba9e2455429939ce03dd3a,mistral-small3.1:24b,no_evidence,No Evidence,diagnostic_baseline,question_only_lower_bound,True,hotpotqa,multi_hop,number,4000,scattered,low,unknown,1909,1904,p0001;p0002,,True,0.0,0.0,0.0,0.0,0.0,0.0,0.0,0.0,0.0,0.0,evidence_localization_failure,
hotpotqa_5aba9e2455429939ce03dd3a,mistral-small3.1:24b,direct,Full Context,diagnostic_condition,full_context_condition,True,hotpotqa,multi_hop,number,4000,scattered,low,unknown,1909,1909,p0001;p0002,p0001,True,1.0,1.0,1.0,1.0,1.0,1.0,1.0,0.5,0.6666666666666666,1.0,success,
hotpotqa_5aba9e2455429939ce03dd3a,mistral-small3.1:24b,retrieve_then_read,Retrieved Evidence,diagnostic_condition,evidence_narrowed_condition,True,hotpotqa,multi_hop,number,4000,scattered,low,unknown,1909,1939,p0001;p0002,p0001,True,0.0,0.0,0.0,0.0,0.0,0.0,1.0,0.5,0.6666666666666666,1.0,evidence_integration_failure,
hotpotqa_5aba9e2455429939ce03dd3a,mistral-small3.1:24b,oracle,Oracle Evidence,diagnostic_baseline,oracle_evidence_upper_reference,True,hotpotqa,multi_hop,number,4000,scattered,low,unknown,1909,1909,p0001;p0002,p0001;p0002,True,1.0,1.0,1.0,1.0,1.0,1.0,1.0,1.0,1.0,1.0,success,
hotpotqa_5a90b43455429916514e7523,mistral-small3.1:24b,no_evidence,No Evidence,diagnostic_baseline,question_only_lower_bound,True,hotpotqa,multi_hop,entity,8000,front,low,unknown,"Sun Valley, Idaho",Sun Valley,p0001;p0002,,True,0.0,0.8,0.0,0.8,0.0,0.8,0.0,0.0,0.0,0.0,evidence_localization_failure,
hotpotqa_5a90b43455429916514e7523,mistral-small3.1:24b,direct,Full Context,diagnostic_condition,full_context_condition,True,hotpotqa,multi_hop,entity,8000,front,low,unknown,"Sun Valley, Idaho",Sun Valley,p0001;p0002,p0001,True,0.0,0.8,0.0,0.8,0.0,0.8,1.0,0.5,0.6666666666666666,1.0,evidence_integration_failure,
hotpotqa_5a90b43455429916514e7523,mistral-small3.1:24b,retrieve_then_read,Retrieved Evidence,diagnostic_condition,evidence_narrowed_condition,True,hotpotqa,multi_hop,entity,8000,front,low,unknown,"Sun Valley, Idaho",Sun Valley,p0001;p0002,p0002,True,0.0,0.8,0.0,0.8,0.0,0.8,1.0,0.5,0.6666666666666666,1.0,evidence_integration_failure,
hotpotqa_5a90b43455429916514e7523,mistral-small3.1:24b,oracle,Oracle Evidence,diagnostic_baseline,oracle_evidence_upper_reference,True,hotpotqa,multi_hop,entity,8000,front,low,unknown,"Sun Valley, Idaho",Sun Valley,p0001;p0002,p0001;p0002,True,0.0,0.8,0.0,0.8,0.0,0.8,1.0,1.0,1.0,1.0,answer_conversion_failure,
hotpotqa_5a71717d5542994082a3e834,mistral-small3.1:24b,no_evidence,No Evidence,diagnostic_baseline,question_only_lower_bound,True,hotpotqa,multi_hop,entity,16000,middle,low,unknown,Larry Richard Drake,No evidence,p0001;p0002,,True,0.0,0.0,0.0,0.0,0.0,0.0,0.0,0.0,0.0,0.0,evidence_localization_failure,
hotpotqa_5a71717d5542994082a3e834,mistral-small3.1:24b,direct,Full Context,diagnostic_condition,full_context_condition,True,hotpotqa,multi_hop,entity,16000,middle,low,unknown,Larry Richard Drake,Larry Drake,p0001;p0002,p0001;p0002,True,0.0,0.8,0.0,0.8,0.0,0.8,1.0,1.0,1.0,1.0,answer_conversion_failure,
hotpotqa_5a71717d5542994082a3e834,mistral-small3.1:24b,retrieve_then_read,Retrieved Evidence,diagnostic_condition,evidence_narrowed_condition,True,hotpotqa,multi_hop,entity,16000,middle,low,unknown,Larry Richard Drake,Larry Drake,p0001;p0002,p0001;p0002,True,0.0,0.8,0.0,0.8,0.0,0.8,1.0,1.0,1.0,1.0,answer_conversion_failure,
hotpotqa_5a71717d5542994082a3e834,mistral-small3.1:24b,oracle,Oracle Evidence,diagnostic_baseline,oracle_evidence_upper_reference,True,hotpotqa,multi_hop,entity,16000,middle,low,unknown,Larry Richard Drake,Larry Drake,p0001;p0002,p0001;p0002,True,0.0,0.8,0.0,0.8,0.0,0.8,1.0,1.0,1.0,1.0,answer_conversion_failure,
hotpotqa_5ab6aaff55429953192ad35b,mistral-small3.1:24b,no_evidence,No Evidence,diagnostic_baseline,question_only_lower_bound,True,hotpotqa,multi_hop,entity,4000,end,medium,unknown,Phoenix Television,Phoenix Television,p0001;p0002;p0003,,True,1.0,1.0,1.0,1.0,1.0,1.0,0.0,0.0,0.0,0.0,success,
hotpotqa_5ab6aaff55429953192ad35b,mistral-small3.1:24b,direct,Full Context,diagnostic_condition,full_context_condition,True,hotpotqa,multi_hop,entity,4000,end,medium,unknown,Phoenix Television,Phoenix Satellite Television Holdings Ltd,p0001;p0002;p0003,p0001;p0002,True,0.0,0.5714285714285715,0.0,0.5714285714285715,0.0,0.5714285714285715,1.0,0.6666666666666666,0.8,1.0,evidence_integration_failure,
hotpotqa_5ab6aaff55429953192ad35b,mistral-small3.1:24b,retrieve_then_read,Retrieved Evidence,diagnostic_condition,evidence_narrowed_condition,True,hotpotqa,multi_hop,entity,4000,end,medium,unknown,Phoenix Television,Phoenix Television,p0001;p0002;p0003,p0002;p0003,True,1.0,1.0,1.0,1.0,1.0,1.0,1.0,0.6666666666666666,0.8,1.0,success,
hotpotqa_5ab6aaff55429953192ad35b,mistral-small3.1:24b,oracle,Oracle Evidence,diagnostic_baseline,oracle_evidence_upper_reference,True,hotpotqa,multi_hop,entity,4000,end,medium,unknown,Phoenix Television,Phoenix Television,p0001;p0002;p0003,p0001;p0002;p0003,True,1.0,1.0,1.0,1.0,1.0,1.0,1.0,1.0,1.0,1.0,success,
hotpotqa_5abc5951554299114383a116,mistral-small3.1:24b,no_evidence,No Evidence,diagnostic_baseline,question_only_lower_bound,True,hotpotqa,multi_hop,entity,8000,scattered,medium,unknown,Graduados,Graduados,p0001;p0002;p0003,,True,1.0,1.0,1.0,1.0,1.0,1.0,0.0,0.0,0.0,0.0,success,
hotpotqa_5abc5951554299114383a116,mistral-small3.1:24b,direct,Full Context,diagnostic_condition,full_context_condition,True,hotpotqa,multi_hop,entity,8000,scattered,medium,unknown,Graduados,Graduados,p0001;p0002;p0003,p0001,True,1.0,1.0,1.0,1.0,1.0,1.0,1.0,0.3333333333333333,0.5,1.0,success,
hotpotqa_5abc5951554299114383a116,mistral-small3.1:24b,retrieve_then_read,Retrieved Evidence,diagnostic_condition,evidence_narrowed_condition,True,hotpotqa,multi_hop,entity,8000,scattered,medium,unknown,Graduados,Graduados,p0001;p0002;p0003,p0003,True,1.0,1.0,1.0,1.0,1.0,1.0,1.0,0.3333333333333333,0.5,1.0,success,
hotpotqa_5abc5951554299114383a116,mistral-small3.1:24b,oracle,Oracle Evidence,diagnostic_baseline,oracle_evidence_upper_reference,True,hotpotqa,multi_hop,entity,8000,scattered,medium,unknown,Graduados,Graduados,p0001;p0002;p0003,p0001;p0002;p0003,True,1.0,1.0,1.0,1.0,1.0,1.0,1.0,1.0,1.0,1.0,success,
hotpotqa_5a7634f155429976ec32bd6b,mistral-small3.1:24b,no_evidence,No Evidence,diagnostic_baseline,question_only_lower_bound,True,hotpotqa,multi_hop,entity,16000,front,medium,unknown,Ogallala Aquifer,Ogallala Aquifer,p0001;p0002;p0003;p0004,,True,1.0,1.0,1.0,1.0,1.0,1.0,0.0,0.0,0.0,0.0,success,
hotpotqa_5a7634f155429976ec32bd6b,mistral-small3.1:24b,direct,Full Context,diagnostic_condition,full_context_condition,True,hotpotqa,multi_hop,entity,16000,front,medium,unknown,Ogallala Aquifer,Ogallala Aquifer,p0001;p0002;p0003;p0004,p0001;p0003,True,1.0,1.0,1.0,1.0,1.0,1.0,1.0,0.5,0.6666666666666666,1.0,success,
hotpotqa_5a7634f155429976ec32bd6b,mistral-small3.1:24b,retrieve_then_read,Retrieved Evidence,diagnostic_condition,evidence_narrowed_condition,True,hotpotqa,multi_hop,entity,16000,front,medium,unknown,Ogallala Aquifer,Ogallala Aquifer,p0001;p0002;p0003;p0004,p0001;p0002;p0003,True,1.0,1.0,1.0,1.0,1.0,1.0,1.0,0.75,0.8571428571428571,1.0,success,
hotpotqa_5a7634f155429976ec32bd6b,mistral-small3.1:24b,oracle,Oracle Evidence,diagnostic_baseline,oracle_evidence_upper_reference,True,hotpotqa,multi_hop,entity,16000,front,medium,unknown,Ogallala Aquifer,Ogallala Aquifer,p0001;p0002;p0003;p0004,p0001;p0002;p0004,True,1.0,1.0,1.0,1.0,1.0,1.0,1.0,0.75,0.8571428571428571,1.0,success,
hotpotqa_5a8b3af455429971feec467b,mistral-small3.1:24b,no_evidence,No Evidence,diagnostic_baseline,question_only_lower_bound,True,hotpotqa,multi_hop,entity,4000,middle,low,unknown,Unbreakable,Unbreakable,p0001;p0002,,True,1.0,1.0,1.0,1.0,1.0,1.0,0.0,0.0,0.0,0.0,success,
hotpotqa_5a8b3af455429971feec467b,mistral-small3.1:24b,direct,Full Context,diagnostic_condition,full_context_condition,True,hotpotqa,multi_hop,entity,4000,middle,low,unknown,Unbreakable,Unbreakable,p0001;p0002,p0001;p0002,True,1.0,1.0,1.0,1.0,1.0,1.0,1.0,1.0,1.0,1.0,success,
hotpotqa_5a8b3af455429971feec467b,mistral-small3.1:24b,retrieve_then_read,Retrieved Evidence,diagnostic_condition,evidence_narrowed_condition,True,hotpotqa,multi_hop,entity,4000,middle,low,unknown,Unbreakable,Unbreakable,p0001;p0002,p0001;p0002,True,1.0,1.0,1.0,1.0,1.0,1.0,1.0,1.0,1.0,1.0,success,
hotpotqa_5a8b3af455429971feec467b,mistral-small3.1:24b,oracle,Oracle Evidence,diagnostic_baseline,oracle_evidence_upper_reference,True,hotpotqa,multi_hop,entity,4000,middle,low,unknown,Unbreakable,Unbreakable,p0001;p0002,p0001;p0002,True,1.0,1.0,1.0,1.0,1.0,1.0,1.0,1.0,1.0,1.0,success,
hotpotqa_5add311b5542994ed6169cc5,mistral-small3.1:24b,no_evidence,No Evidence,diagnostic_baseline,question_only_lower_bound,True,hotpotqa,multi_hop,entity,8000,end,low,unknown,Apatosaurus,Arlo,p0001;p0002,,True,0.0,0.0,0.0,0.0,0.0,0.0,0.0,0.0,0.0,0.0,evidence_localization_failure,
hotpotqa_5add311b5542994ed6169cc5,mistral-small3.1:24b,direct,Full Context,diagnostic_condition,full_context_condition,True,hotpotqa,multi_hop,entity,8000,end,low,unknown,Apatosaurus,Apatosaurus,p0001;p0002,p0001,True,1.0,1.0,1.0,1.0,1.0,1.0,1.0,0.5,0.6666666666666666,1.0,success,
hotpotqa_5add311b5542994ed6169cc5,mistral-small3.1:24b,retrieve_then_read,Retrieved Evidence,diagnostic_condition,evidence_narrowed_condition,True,hotpotqa,multi_hop,entity,8000,end,low,unknown,Apatosaurus,unknown,p0001;p0002,,True,0.0,0.0,0.0,0.0,0.0,0.0,0.0,0.0,0.0,0.0,evidence_localization_failure,
hotpotqa_5add311b5542994ed6169cc5,mistral-small3.1:24b,oracle,Oracle Evidence,diagnostic_baseline,oracle_evidence_upper_reference,True,hotpotqa,multi_hop,entity,8000,end,low,unknown,Apatosaurus,Apatosaurus,p0001;p0002,p0001;p0002,True,1.0,1.0,1.0,1.0,1.0,1.0,1.0,1.0,1.0,1.0,success,
hotpotqa_5ae60426554299546bf83019,mistral-small3.1:24b,no_evidence,No Evidence,diagnostic_baseline,question_only_lower_bound,True,hotpotqa,multi_hop,entity,16000,scattered,low,unknown,BraveStarr,Battlestar Galactica,p0001;p0002,,True,0.0,0.0,0.0,0.0,0.0,0.0,0.0,0.0,0.0,0.0,evidence_localization_failure,
hotpotqa_5ae60426554299546bf83019,mistral-small3.1:24b,direct,Full Context,diagnostic_condition,full_context_condition,True,hotpotqa,multi_hop,entity,16000,scattered,low,unknown,BraveStarr,BraveStarr,p0001;p0002,p0001,True,1.0,1.0,1.0,1.0,1.0,1.0,1.0,0.5,0.6666666666666666,1.0,success,
hotpotqa_5ae60426554299546bf83019,mistral-small3.1:24b,retrieve_then_read,Retrieved Evidence,diagnostic_condition,evidence_narrowed_condition,True,hotpotqa,multi_hop,entity,16000,scattered,low,unknown,BraveStarr,BraveStarr,p0001;p0002,,True,1.0,1.0,1.0,1.0,1.0,1.0,0.0,0.0,0.0,0.0,success,
hotpotqa_5ae60426554299546bf83019,mistral-small3.1:24b,oracle,Oracle Evidence,diagnostic_baseline,oracle_evidence_upper_reference,True,hotpotqa,multi_hop,entity,16000,scattered,low,unknown,BraveStarr,BraveStarr,p0001;p0002,p0001;p0002,True,1.0,1.0,1.0,1.0,1.0,1.0,1.0,1.0,1.0,1.0,success,
hotpotqa_5ae789615542997ec2727695,mistral-small3.1:24b,no_evidence,No Evidence,diagnostic_baseline,question_only_lower_bound,True,hotpotqa,multi_hop,entity,4000,front,low,unknown,Martha Coolidge,unknown,p0001;p0002,,True,0.0,0.0,0.0,0.0,0.0,0.0,0.0,0.0,0.0,0.0,evidence_localization_failure,
hotpotqa_5ae789615542997ec2727695,mistral-small3.1:24b,direct,Full Context,diagnostic_condition,full_context_condition,True,hotpotqa,multi_hop,entity,4000,front,low,unknown,Martha Coolidge,Martha Coolidge,p0001;p0002,p0001;p0002,True,1.0,1.0,1.0,1.0,1.0,1.0,1.0,1.0,1.0,1.0,success,
hotpotqa_5ae789615542997ec2727695,mistral-small3.1:24b,retrieve_then_read,Retrieved Evidence,diagnostic_condition,evidence_narrowed_condition,True,hotpotqa,multi_hop,entity,4000,front,low,unknown,Martha Coolidge,Martha Coolidge,p0001;p0002,p0001;p0009,True,1.0,1.0,1.0,1.0,1.0,1.0,0.5,0.5,0.5,1.0,success,
hotpotqa_5ae789615542997ec2727695,mistral-small3.1:24b,oracle,Oracle Evidence,diagnostic_baseline,oracle_evidence_upper_reference,True,hotpotqa,multi_hop,entity,4000,front,low,unknown,Martha Coolidge,Martha Coolidge,p0001;p0002,p0001;p0002,True,1.0,1.0,1.0,1.0,1.0,1.0,1.0,1.0,1.0,1.0,success,
hotpotqa_5a7757215542993569682d58,mistral-small3.1:24b,no_evidence,No Evidence,diagnostic_baseline,question_only_lower_bound,True,hotpotqa,multi_hop,entity,8000,middle,medium,unknown,Mr. Church,The Divergent Series: Allegiant,p0001;p0002;p0003,,True,0.0,0.0,0.0,0.0,0.0,0.0,0.0,0.0,0.0,0.0,evidence_localization_failure,
hotpotqa_5a7757215542993569682d58,mistral-small3.1:24b,direct,Full Context,diagnostic_condition,full_context_condition,True,hotpotqa,multi_hop,entity,8000,middle,medium,unknown,Mr. Church,Mr. Church,p0001;p0002;p0003,p0001;p0003,True,1.0,1.0,1.0,1.0,1.0,1.0,1.0,0.6666666666666666,0.8,1.0,success,
hotpotqa_5a7757215542993569682d58,mistral-small3.1:24b,retrieve_then_read,Retrieved Evidence,diagnostic_condition,evidence_narrowed_condition,True,hotpotqa,multi_hop,entity,8000,middle,medium,unknown,Mr. Church,Vampire Academy,p0001;p0002;p0003,,True,0.0,0.0,0.0,0.0,0.0,0.0,0.0,0.0,0.0,0.0,evidence_localization_failure,
hotpotqa_5a7757215542993569682d58,mistral-small3.1:24b,oracle,Oracle Evidence,diagnostic_baseline,oracle_evidence_upper_reference,True,hotpotqa,multi_hop,entity,8000,middle,medium,unknown,Mr. Church,Mr. Church,p0001;p0002;p0003,p0001;p0002;p0003,True,1.0,1.0,1.0,1.0,1.0,1.0,1.0,1.0,1.0,1.0,success,
hotpotqa_5a81ff62554299676cceb1c4,mistral-small3.1:24b,no_evidence,No Evidence,diagnostic_baseline,question_only_lower_bound,True,hotpotqa,multi_hop,string,16000,end,low,unknown,director,Acting,p0001;p0002,,True,0.0,0.0,0.0,0.0,0.0,0.0,0.0,0.0,0.0,0.0,evidence_localization_failure,
hotpotqa_5a81ff62554299676cceb1c4,mistral-small3.1:24b,direct,Full Context,diagnostic_condition,full_context_condition,True,hotpotqa,multi_hop,string,16000,end,low,unknown,director,director,p0001;p0002,p0001,True,1.0,1.0,1.0,1.0,1.0,1.0,1.0,0.5,0.6666666666666666,1.0,success,
hotpotqa_5a81ff62554299676cceb1c4,mistral-small3.1:24b,retrieve_then_read,Retrieved Evidence,diagnostic_condition,evidence_narrowed_condition,True,hotpotqa,multi_hop,string,16000,end,low,unknown,director,director,p0001;p0002,p0001,True,1.0,1.0,1.0,1.0,1.0,1.0,1.0,0.5,0.6666666666666666,1.0,success,
hotpotqa_5a81ff62554299676cceb1c4,mistral-small3.1:24b,oracle,Oracle Evidence,diagnostic_baseline,oracle_evidence_upper_reference,True,hotpotqa,multi_hop,string,16000,end,low,unknown,director,producer,p0001;p0002,p0001;p0002,True,0.0,0.0,0.0,0.0,0.0,0.0,1.0,1.0,1.0,1.0,answer_conversion_failure,
hotpotqa_5ac52fc35542994611c8b403,mistral-small3.1:24b,no_evidence,No Evidence,diagnostic_baseline,question_only_lower_bound,True,hotpotqa,multi_hop,entity,4000,scattered,medium,unknown,The Catholic Church in Ireland,Catholics,p0001;p0002;p0003,,True,0.0,0.0,0.0,0.0,0.0,0.0,0.0,0.0,0.0,0.0,evidence_localization_failure,
hotpotqa_5ac52fc35542994611c8b403,mistral-small3.1:24b,direct,Full Context,diagnostic_condition,full_context_condition,True,hotpotqa,multi_hop,entity,4000,scattered,medium,unknown,The Catholic Church in Ireland,Catholic Church,p0001;p0002;p0003,p0002;p0003,True,0.0,0.6666666666666666,0.0,0.6666666666666666,0.0,0.6666666666666666,1.0,0.6666666666666666,0.8,1.0,evidence_integration_failure,
hotpotqa_5ac52fc35542994611c8b403,mistral-small3.1:24b,retrieve_then_read,Retrieved Evidence,diagnostic_condition,evidence_narrowed_condition,True,hotpotqa,multi_hop,entity,4000,scattered,medium,unknown,The Catholic Church in Ireland,Christian denomination,p0001;p0002;p0003,p0003,True,0.0,0.0,0.0,0.0,0.0,0.0,1.0,0.3333333333333333,0.5,1.0,evidence_integration_failure,
hotpotqa_5ac52fc35542994611c8b403,mistral-small3.1:24b,oracle,Oracle Evidence,diagnostic_baseline,oracle_evidence_upper_reference,True,hotpotqa,multi_hop,entity,4000,scattered,medium,unknown,The Catholic Church in Ireland,Catholic Church in Ireland,p0001;p0002;p0003,p0001;p0002;p0003,True,1.0,1.0,1.0,1.0,1.0,1.0,1.0,1.0,1.0,1.0,success,
hotpotqa_5adda7585542997dc790700c,mistral-small3.1:24b,no_evidence,No Evidence,diagnostic_baseline,question_only_lower_bound,True,hotpotqa,multi_hop,entity,8000,front,medium,unknown,"Edmonton, Alberta",New Zealand,p0001;p0002;p0003;p0004,,True,0.0,0.0,0.0,0.0,0.0,0.0,0.0,0.0,0.0,0.0,evidence_localization_failure,
hotpotqa_5adda7585542997dc790700c,mistral-small3.1:24b,direct,Full Context,diagnostic_condition,full_context_condition,True,hotpotqa,multi_hop,entity,8000,front,medium,unknown,"Edmonton, Alberta","Edmonton, Alberta",p0001;p0002;p0003;p0004,p0001,True,1.0,1.0,1.0,1.0,1.0,1.0,1.0,0.25,0.4,1.0,success,
hotpotqa_5adda7585542997dc790700c,mistral-small3.1:24b,retrieve_then_read,Retrieved Evidence,diagnostic_condition,evidence_narrowed_condition,True,hotpotqa,multi_hop,entity,8000,front,medium,unknown,"Edmonton, Alberta","Edmonton, Alberta",p0001;p0002;p0003;p0004,p0001;p0003,True,1.0,1.0,1.0,1.0,1.0,1.0,1.0,0.5,0.6666666666666666,1.0,success,
hotpotqa_5adda7585542997dc790700c,mistral-small3.1:24b,oracle,Oracle Evidence,diagnostic_baseline,oracle_evidence_upper_reference,True,hotpotqa,multi_hop,entity,8000,front,medium,unknown,"Edmonton, Alberta","Edmonton, Alberta",p0001;p0002;p0003;p0004,p0001;p0002;p0003,True,1.0,1.0,1.0,1.0,1.0,1.0,1.0,0.75,0.8571428571428571,1.0,success,
hotpotqa_5adf043b5542993a75d263d4,mistral-small3.1:24b,no_evidence,No Evidence,diagnostic_baseline,question_only_lower_bound,True,hotpotqa,multi_hop,entity,16000,middle,low,unknown,Charles Joseph,Sean Hannity,p0001;p0002,,True,0.0,0.0,0.0,0.0,0.0,0.0,0.0,0.0,0.0,0.0,evidence_localization_failure,
hotpotqa_5adf043b5542993a75d263d4,mistral-small3.1:24b,direct,Full Context,diagnostic_condition,full_context_condition,True,hotpotqa,multi_hop,entity,16000,middle,low,unknown,Charles Joseph,Joe Scarborough,p0001;p0002,p0001,True,0.0,0.0,0.0,0.0,0.0,0.0,1.0,0.5,0.6666666666666666,1.0,evidence_integration_failure,
hotpotqa_5adf043b5542993a75d263d4,mistral-small3.1:24b,retrieve_then_read,Retrieved Evidence,diagnostic_condition,evidence_narrowed_condition,True,hotpotqa,multi_hop,entity,16000,middle,low,unknown,Charles Joseph,Charles Joseph Scarborough,p0001;p0002,p0002,True,0.0,0.8,0.0,0.8,0.0,0.8,1.0,0.5,0.6666666666666666,1.0,evidence_integration_failure,
hotpotqa_5adf043b5542993a75d263d4,mistral-small3.1:24b,oracle,Oracle Evidence,diagnostic_baseline,oracle_evidence_upper_reference,True,hotpotqa,multi_hop,entity,16000,middle,low,unknown,Charles Joseph,Joe Scarborough,p0001;p0002,p0001;p0002,True,0.0,0.0,0.0,0.0,0.0,0.0,1.0,1.0,1.0,1.0,answer_conversion_failure,
hotpotqa_5ae0038655429925eb1afbe0,mistral-small3.1:24b,no_evidence,No Evidence,diagnostic_baseline,question_only_lower_bound,True,hotpotqa,comparison,entity,4000,end,low,unknown,Tea Moderna,Tea Moderna,p0001;p0002,,True,1.0,1.0,1.0,1.0,1.0,1.0,0.0,0.0,0.0,0.0,success,
hotpotqa_5ae0038655429925eb1afbe0,mistral-small3.1:24b,direct,Full Context,diagnostic_condition,full_context_condition,True,hotpotqa,comparison,entity,4000,end,low,unknown,Tea Moderna,Tea Moderna,p0001;p0002,p0002,True,1.0,1.0,1.0,1.0,1.0,1.0,1.0,0.5,0.6666666666666666,1.0,success,
hotpotqa_5ae0038655429925eb1afbe0,mistral-small3.1:24b,retrieve_then_read,Retrieved Evidence,diagnostic_condition,evidence_narrowed_condition,True,hotpotqa,comparison,entity,4000,end,low,unknown,Tea Moderna,Tea Moderna,p0001;p0002,p0002,True,1.0,1.0,1.0,1.0,1.0,1.0,1.0,0.5,0.6666666666666666,1.0,success,
hotpotqa_5ae0038655429925eb1afbe0,mistral-small3.1:24b,oracle,Oracle Evidence,diagnostic_baseline,oracle_evidence_upper_reference,True,hotpotqa,comparison,entity,4000,end,low,unknown,Tea Moderna,Tea Moderna,p0001;p0002,p0002,True,1.0,1.0,1.0,1.0,1.0,1.0,1.0,0.5,0.6666666666666666,1.0,success,
hotpotqa_5a73977d554299623ed4ac08,mistral-small3.1:24b,no_evidence,No Evidence,diagnostic_baseline,question_only_lower_bound,True,hotpotqa,comparison,entity,8000,scattered,low,unknown,Armenian,Armenia,p0001;p0002,,True,0.0,0.0,0.0,0.0,0.0,0.0,0.0,0.0,0.0,0.0,evidence_localization_failure,
hotpotqa_5a73977d554299623ed4ac08,mistral-small3.1:24b,direct,Full Context,diagnostic_condition,full_context_condition,True,hotpotqa,comparison,entity,8000,scattered,low,unknown,Armenian,Armenia,p0001;p0002,p0001,True,0.0,0.0,0.0,0.0,0.0,0.0,1.0,0.5,0.6666666666666666,1.0,evidence_integration_failure,
hotpotqa_5a73977d554299623ed4ac08,mistral-small3.1:24b,retrieve_then_read,Retrieved Evidence,diagnostic_condition,evidence_narrowed_condition,True,hotpotqa,comparison,entity,8000,scattered,low,unknown,Armenian,Arab,p0001;p0002,,True,0.0,0.0,0.0,0.0,0.0,0.0,0.0,0.0,0.0,0.0,evidence_localization_failure,
hotpotqa_5a73977d554299623ed4ac08,mistral-small3.1:24b,oracle,Oracle Evidence,diagnostic_baseline,oracle_evidence_upper_reference,True,hotpotqa,comparison,entity,8000,scattered,low,unknown,Armenian,Armenia,p0001;p0002,p0001;p0002,True,0.0,0.0,0.0,0.0,0.0,0.0,1.0,1.0,1.0,1.0,answer_conversion_failure,
hotpotqa_5ac2a399554299218029dada,mistral-small3.1:24b,no_evidence,No Evidence,diagnostic_baseline,question_only_lower_bound,True,hotpotqa,multi_hop,entity,16000,front,low,unknown,Kathleen O'Brien,David Lubar,p0001;p0002,,True,0.0,0.0,0.0,0.0,0.0,0.0,0.0,0.0,0.0,0.0,evidence_localization_failure,
hotpotqa_5ac2a399554299218029dada,mistral-small3.1:24b,direct,Full Context,diagnostic_condition,full_context_condition,True,hotpotqa,multi_hop,entity,16000,front,low,unknown,Kathleen O'Brien,Kathleen O'Brien,p0001;p0002,p0001,True,1.0,1.0,1.0,1.0,1.0,1.0,1.0,0.5,0.6666666666666666,1.0,success,
hotpotqa_5ac2a399554299218029dada,mistral-small3.1:24b,retrieve_then_read,Retrieved Evidence,diagnostic_condition,evidence_narrowed_condition,True,hotpotqa,multi_hop,entity,16000,front,low,unknown,Kathleen O'Brien,Kathleen O'Brien,p0001;p0002,p0001;p0002,True,1.0,1.0,1.0,1.0,1.0,1.0,1.0,1.0,1.0,1.0,success,
hotpotqa_5ac2a399554299218029dada,mistral-small3.1:24b,oracle,Oracle Evidence,diagnostic_baseline,oracle_evidence_upper_reference,True,hotpotqa,multi_hop,entity,16000,front,low,unknown,Kathleen O'Brien,Kathleen O'Brien,p0001;p0002,p0001;p0002,True,1.0,1.0,1.0,1.0,1.0,1.0,1.0,1.0,1.0,1.0,success,
hotpotqa_5ae0f6f5554299422ee99583,mistral-small3.1:24b,no_evidence,No Evidence,diagnostic_baseline,question_only_lower_bound,True,hotpotqa,multi_hop,entity,4000,middle,low,unknown,Warner Bros,Warner Bros. Records,p0001;p0002,,True,0.0,0.8,0.0,0.8,0.0,0.8,0.0,0.0,0.0,0.0,evidence_localization_failure,
hotpotqa_5ae0f6f5554299422ee99583,mistral-small3.1:24b,direct,Full Context,diagnostic_condition,full_context_condition,True,hotpotqa,multi_hop,entity,4000,middle,low,unknown,Warner Bros,Warner Bros.,p0001;p0002,p0001,True,1.0,1.0,1.0,1.0,1.0,1.0,1.0,0.5,0.6666666666666666,1.0,success,
hotpotqa_5ae0f6f5554299422ee99583,mistral-small3.1:24b,retrieve_then_read,Retrieved Evidence,diagnostic_condition,evidence_narrowed_condition,True,hotpotqa,multi_hop,entity,4000,middle,low,unknown,Warner Bros,unknown,p0001;p0002,,True,0.0,0.0,0.0,0.0,0.0,0.0,0.0,0.0,0.0,0.0,evidence_localization_failure,
hotpotqa_5ae0f6f5554299422ee99583,mistral-small3.1:24b,oracle,Oracle Evidence,diagnostic_baseline,oracle_evidence_upper_reference,True,hotpotqa,multi_hop,entity,4000,middle,low,unknown,Warner Bros,Warner Bros.,p0001;p0002,p0001;p0002,True,1.0,1.0,1.0,1.0,1.0,1.0,1.0,1.0,1.0,1.0,success,
hotpotqa_5ae5b301554299546bf82f2d,mistral-small3.1:24b,no_evidence,No Evidence,diagnostic_baseline,question_only_lower_bound,True,hotpotqa,multi_hop,string,8000,end,low,unknown,zona glomerulosa,the adrenal cortex,p0001;p0002,,True,0.0,0.0,0.0,0.0,0.0,0.0,0.0,0.0,0.0,0.0,evidence_localization_failure,
hotpotqa_5ae5b301554299546bf82f2d,mistral-small3.1:24b,direct,Full Context,diagnostic_condition,full_context_condition,True,hotpotqa,multi_hop,string,8000,end,low,unknown,zona glomerulosa,zona glomerulosa of the adrenal cortex,p0001;p0002,p0002,True,0.0,0.5714285714285715,0.0,0.5714285714285715,0.0,0.5714285714285715,1.0,0.5,0.6666666666666666,1.0,evidence_integration_failure,
hotpotqa_5ae5b301554299546bf82f2d,mistral-small3.1:24b,retrieve_then_read,Retrieved Evidence,diagnostic_condition,evidence_narrowed_condition,True,hotpotqa,multi_hop,string,8000,end,low,unknown,zona glomerulosa,zona glomerulosa of the adrenal cortex,p0001;p0002,p0001,True,0.0,0.5714285714285715,0.0,0.5714285714285715,0.0,0.5714285714285715,1.0,0.5,0.6666666666666666,1.0,evidence_integration_failure,
hotpotqa_5ae5b301554299546bf82f2d,mistral-small3.1:24b,oracle,Oracle Evidence,diagnostic_baseline,oracle_evidence_upper_reference,True,hotpotqa,multi_hop,string,8000,end,low,unknown,zona glomerulosa,adrenal gland,p0001;p0002,p0001;p0002,True,0.0,0.0,0.0,0.0,0.0,0.0,1.0,1.0,1.0,1.0,answer_conversion_failure,
hotpotqa_5ab1eac95542993be8fa987f,mistral-small3.1:24b,no_evidence,No Evidence,diagnostic_baseline,question_only_lower_bound,True,hotpotqa,multi_hop,number,16000,scattered,low,unknown,33,35,p0001;p0002,,True,0.0,0.0,0.0,0.0,0.0,0.0,0.0,0.0,0.0,0.0,evidence_localization_failure,
hotpotqa_5ab1eac95542993be8fa987f,mistral-small3.1:24b,direct,Full Context,diagnostic_condition,full_context_condition,True,hotpotqa,multi_hop,number,16000,scattered,low,unknown,33,33 or 34,p0001;p0002,p0001,True,0.0,0.5,0.0,0.5,0.0,0.5,1.0,0.5,0.6666666666666666,1.0,evidence_integration_failure,
hotpotqa_5ab1eac95542993be8fa987f,mistral-small3.1:24b,retrieve_then_read,Retrieved Evidence,diagnostic_condition,evidence_narrowed_condition,True,hotpotqa,multi_hop,number,16000,scattered,low,unknown,33,35,p0001;p0002,p0001,True,0.0,0.0,0.0,0.0,0.0,0.0,1.0,0.5,0.6666666666666666,1.0,evidence_integration_failure,
hotpotqa_5ab1eac95542993be8fa987f,mistral-small3.1:24b,oracle,Oracle Evidence,diagnostic_baseline,oracle_evidence_upper_reference,True,hotpotqa,multi_hop,number,16000,scattered,low,unknown,33,33,p0001;p0002,p0001;p0002,True,1.0,1.0,1.0,1.0,1.0,1.0,1.0,1.0,1.0,1.0,success,
hotpotqa_5ae15e125542990adbacf773,mistral-small3.1:24b,no_evidence,No Evidence,diagnostic_baseline,question_only_lower_bound,True,hotpotqa,comparison,entity,4000,front,low,unknown,Mississippi University for Women,Berghuis v. Thompkins,p0001;p0002,,True,0.0,0.0,0.0,0.0,0.0,0.0,0.0,0.0,0.0,0.0,evidence_localization_failure,
hotpotqa_5ae15e125542990adbacf773,mistral-small3.1:24b,direct,Full Context,diagnostic_condition,full_context_condition,True,hotpotqa,comparison,entity,4000,front,low,unknown,Mississippi University for Women,Mississippi University for Women v. Hogan,p0001;p0002,p0001;p0002,True,0.0,0.8,0.0,0.8,0.0,0.8,1.0,1.0,1.0,1.0,answer_conversion_failure,
hotpotqa_5ae15e125542990adbacf773,mistral-small3.1:24b,retrieve_then_read,Retrieved Evidence,diagnostic_condition,evidence_narrowed_condition,True,hotpotqa,comparison,entity,4000,front,low,unknown,Mississippi University for Women,Mississippi University for Women v. Hogan,p0001;p0002,p0002,True,0.0,0.8,0.0,0.8,0.0,0.8,1.0,0.5,0.6666666666666666,1.0,evidence_integration_failure,
hotpotqa_5ae15e125542990adbacf773,mistral-small3.1:24b,oracle,Oracle Evidence,diagnostic_baseline,oracle_evidence_upper_reference,True,hotpotqa,comparison,entity,4000,front,low,unknown,Mississippi University for Women,Mississippi University for Women v. Hogan,p0001;p0002,p0002,True,0.0,0.8,0.0,0.8,0.0,0.8,1.0,0.5,0.6666666666666666,1.0,evidence_integration_failure,
hotpotqa_5ab47cd75542991751b4d78d,mistral-small3.1:24b,no_evidence,No Evidence,diagnostic_baseline,question_only_lower_bound,True,hotpotqa,multi_hop,number,8000,middle,low,unknown,2002,2002,p0001;p0002,,True,1.0,1.0,1.0,1.0,1.0,1.0,0.0,0.0,0.0,0.0,success,
hotpotqa_5ab47cd75542991751b4d78d,mistral-small3.1:24b,direct,Full Context,diagnostic_condition,full_context_condition,True,hotpotqa,multi_hop,number,8000,middle,low,unknown,2002,2002,p0001;p0002,p0002,True,1.0,1.0,1.0,1.0,1.0,1.0,1.0,0.5,0.6666666666666666,1.0,success,
hotpotqa_5ab47cd75542991751b4d78d,mistral-small3.1:24b,retrieve_then_read,Retrieved Evidence,diagnostic_condition,evidence_narrowed_condition,True,hotpotqa,multi_hop,number,8000,middle,low,unknown,2002,2002,p0001;p0002,p0002,True,1.0,1.0,1.0,1.0,1.0,1.0,1.0,0.5,0.6666666666666666,1.0,success,
hotpotqa_5ab47cd75542991751b4d78d,mistral-small3.1:24b,oracle,Oracle Evidence,diagnostic_baseline,oracle_evidence_upper_reference,True,hotpotqa,multi_hop,number,8000,middle,low,unknown,2002,2002,p0001;p0002,p0001;p0002,True,1.0,1.0,1.0,1.0,1.0,1.0,1.0,1.0,1.0,1.0,success,
hotpotqa_5a7b374c5542995eb53be8cc,mistral-small3.1:24b,no_evidence,No Evidence,diagnostic_baseline,question_only_lower_bound,True,hotpotqa,multi_hop,entity,16000,end,medium,unknown,"New York City, New York",Princeton,p0001;p0002;p0003,,True,0.0,0.0,0.0,0.0,0.0,0.0,0.0,0.0,0.0,0.0,evidence_localization_failure,
hotpotqa_5a7b374c5542995eb53be8cc,mistral-small3.1:24b,direct,Full Context,diagnostic_condition,full_context_condition,True,hotpotqa,multi_hop,entity,16000,end,medium,unknown,"New York City, New York",New York City,p0001;p0002;p0003,p0001;p0002;p0003,True,0.0,0.7499999999999999,0.0,0.7499999999999999,0.0,0.7499999999999999,1.0,1.0,1.0,1.0,answer_conversion_failure,
hotpotqa_5a7b374c5542995eb53be8cc,mistral-small3.1:24b,retrieve_then_read,Retrieved Evidence,diagnostic_condition,evidence_narrowed_condition,True,hotpotqa,multi_hop,entity,16000,end,medium,unknown,"New York City, New York",New York City,p0001;p0002;p0003,p0002,True,0.0,0.7499999999999999,0.0,0.7499999999999999,0.0,0.7499999999999999,1.0,0.3333333333333333,0.5,1.0,evidence_integration_failure,
hotpotqa_5a7b374c5542995eb53be8cc,mistral-small3.1:24b,oracle,Oracle Evidence,diagnostic_baseline,oracle_evidence_upper_reference,True,hotpotqa,multi_hop,entity,16000,end,medium,unknown,"New York City, New York",New York City,p0001;p0002;p0003,p0001;p0002;p0003,True,0.0,0.7499999999999999,0.0,0.7499999999999999,0.0,0.7499999999999999,1.0,1.0,1.0,1.0,answer_conversion_failure,
hotpotqa_5ab58f9a554299488d4d99da,mistral-small3.1:24b,no_evidence,No Evidence,diagnostic_baseline,question_only_lower_bound,True,hotpotqa,multi_hop,entity,4000,scattered,low,unknown,22 November,"March 25, 1785",p0001;p0002,,True,0.0,0.0,0.0,0.0,0.0,0.0,0.0,0.0,0.0,0.0,evidence_localization_failure,
hotpotqa_5ab58f9a554299488d4d99da,mistral-small3.1:24b,direct,Full Context,diagnostic_condition,full_context_condition,True,hotpotqa,multi_hop,entity,4000,scattered,low,unknown,22 November,22 November 1761,p0001;p0002,p0002,True,0.0,0.8,0.0,0.8,0.0,0.8,1.0,0.5,0.6666666666666666,1.0,evidence_integration_failure,
hotpotqa_5ab58f9a554299488d4d99da,mistral-small3.1:24b,retrieve_then_read,Retrieved Evidence,diagnostic_condition,evidence_narrowed_condition,True,hotpotqa,multi_hop,entity,4000,scattered,low,unknown,22 November,22 November 1761,p0001;p0002,p0002,True,0.0,0.8,0.0,0.8,0.0,0.8,1.0,0.5,0.6666666666666666,1.0,evidence_integration_failure,
hotpotqa_5ab58f9a554299488d4d99da,mistral-small3.1:24b,oracle,Oracle Evidence,diagnostic_baseline,oracle_evidence_upper_reference,True,hotpotqa,multi_hop,entity,4000,scattered,low,unknown,22 November,22 November 1761,p0001;p0002,p0001;p0002,True,0.0,0.8,0.0,0.8,0.0,0.8,1.0,1.0,1.0,1.0,answer_conversion_failure,
hotpotqa_5a7ad9865542995eb53be8aa,mistral-small3.1:24b,no_evidence,No Evidence,diagnostic_baseline,question_only_lower_bound,True,hotpotqa,multi_hop,entity,8000,front,medium,unknown,Honda Ballade,Honda Today,p0001;p0002;p0003;p0004,,True,0.0,0.5,0.0,0.5,0.0,0.5,0.0,0.0,0.0,0.0,evidence_localization_failure,
hotpotqa_5a7ad9865542995eb53be8aa,mistral-small3.1:24b,direct,Full Context,diagnostic_condition,full_context_condition,True,hotpotqa,multi_hop,entity,8000,front,medium,unknown,Honda Ballade,Honda Ballade,p0001;p0002;p0003;p0004,p0001;p0002,True,1.0,1.0,1.0,1.0,1.0,1.0,1.0,0.5,0.6666666666666666,1.0,success,
hotpotqa_5a7ad9865542995eb53be8aa,mistral-small3.1:24b,retrieve_then_read,Retrieved Evidence,diagnostic_condition,evidence_narrowed_condition,True,hotpotqa,multi_hop,entity,8000,front,medium,unknown,Honda Ballade,Honda Rafaga,p0001;p0002;p0003;p0004,,True,0.0,0.5,0.0,0.5,0.0,0.5,0.0,0.0,0.0,0.0,evidence_localization_failure,
hotpotqa_5a7ad9865542995eb53be8aa,mistral-small3.1:24b,oracle,Oracle Evidence,diagnostic_baseline,oracle_evidence_upper_reference,True,hotpotqa,multi_hop,entity,8000,front,medium,unknown,Honda Ballade,Honda Ballade,p0001;p0002;p0003;p0004,p0002;p0003,True,1.0,1.0,1.0,1.0,1.0,1.0,1.0,0.5,0.6666666666666666,1.0,success,
hotpotqa_5ae1fa2b5542997f29b3c1df,mistral-small3.1:24b,no_evidence,No Evidence,diagnostic_baseline,question_only_lower_bound,True,hotpotqa,multi_hop,entity,16000,middle,low,unknown,Eminem,Seeb,p0001;p0002,,True,0.0,0.0,0.0,0.0,0.0,0.0,0.0,0.0,0.0,0.0,evidence_localization_failure,
hotpotqa_5ae1fa2b5542997f29b3c1df,mistral-small3.1:24b,direct,Full Context,diagnostic_condition,full_context_condition,True,hotpotqa,multi_hop,entity,16000,middle,low,unknown,Eminem,Eminem,p0001;p0002,p0001,True,1.0,1.0,1.0,1.0,1.0,1.0,1.0,0.5,0.6666666666666666,1.0,success,
hotpotqa_5ae1fa2b5542997f29b3c1df,mistral-small3.1:24b,retrieve_then_read,Retrieved Evidence,diagnostic_condition,evidence_narrowed_condition,True,hotpotqa,multi_hop,entity,16000,middle,low,unknown,Eminem,Eminem,p0001;p0002,p0001;p0002,True,1.0,1.0,1.0,1.0,1.0,1.0,1.0,1.0,1.0,1.0,success,
hotpotqa_5ae1fa2b5542997f29b3c1df,mistral-small3.1:24b,oracle,Oracle Evidence,diagnostic_baseline,oracle_evidence_upper_reference,True,hotpotqa,multi_hop,entity,16000,middle,low,unknown,Eminem,Eminem,p0001;p0002,p0001;p0002,True,1.0,1.0,1.0,1.0,1.0,1.0,1.0,1.0,1.0,1.0,success,
hotpotqa_5ae650fb55429929b0807b2e,mistral-small3.1:24b,no_evidence,No Evidence,diagnostic_baseline,question_only_lower_bound,True,hotpotqa,multi_hop,string,4000,end,medium,unknown,people working in film and the performing arts,Latinos,p0001;p0002;p0003,,True,0.0,0.0,0.0,0.0,0.0,0.0,0.0,0.0,0.0,0.0,evidence_localization_failure,
hotpotqa_5ae650fb55429929b0807b2e,mistral-small3.1:24b,direct,Full Context,diagnostic_condition,full_context_condition,True,hotpotqa,multi_hop,string,4000,end,medium,unknown,people working in film and the performing arts,people working in film and the performing arts,p0001;p0002;p0003,p0003,True,1.0,1.0,1.0,1.0,1.0,1.0,1.0,0.3333333333333333,0.5,1.0,success,
hotpotqa_5ae650fb55429929b0807b2e,mistral-small3.1:24b,retrieve_then_read,Retrieved Evidence,diagnostic_condition,evidence_narrowed_condition,True,hotpotqa,multi_hop,string,4000,end,medium,unknown,people working in film and the performing arts,thought influencers and cultural leaders of all genders,p0001;p0002;p0003,,True,0.0,0.13333333333333333,0.0,0.13333333333333333,0.0,0.13333333333333333,0.0,0.0,0.0,0.0,evidence_localization_failure,
hotpotqa_5ae650fb55429929b0807b2e,mistral-small3.1:24b,oracle,Oracle Evidence,diagnostic_baseline,oracle_evidence_upper_reference,True,hotpotqa,multi_hop,string,4000,end,medium,unknown,people working in film and the performing arts,people working in film and the performing arts,p0001;p0002;p0003,p0002;p0003,True,1.0,1.0,1.0,1.0,1.0,1.0,1.0,0.6666666666666666,0.8,1.0,success,
hotpotqa_5ae0d7315542990adbacf678,mistral-small3.1:24b,no_evidence,No Evidence,diagnostic_baseline,question_only_lower_bound,True,hotpotqa,multi_hop,entity,8000,scattered,low,unknown,Toshi Ichiyanagi,Toshiro Mayuzumi,p0001;p0002,,True,0.0,0.0,0.0,0.0,0.0,0.0,0.0,0.0,0.0,0.0,evidence_localization_failure,
hotpotqa_5ae0d7315542990adbacf678,mistral-small3.1:24b,direct,Full Context,diagnostic_condition,full_context_condition,True,hotpotqa,multi_hop,entity,8000,scattered,low,unknown,Toshi Ichiyanagi,Toshi Ichiyanagi,p0001;p0002,p0001,True,1.0,1.0,1.0,1.0,1.0,1.0,1.0,0.5,0.6666666666666666,1.0,success,
hotpotqa_5ae0d7315542990adbacf678,mistral-small3.1:24b,retrieve_then_read,Retrieved Evidence,diagnostic_condition,evidence_narrowed_condition,True,hotpotqa,multi_hop,entity,8000,scattered,low,unknown,Toshi Ichiyanagi,Toshi Ichiyanagi,p0001;p0002,p0001,True,1.0,1.0,1.0,1.0,1.0,1.0,1.0,0.5,0.6666666666666666,1.0,success,
hotpotqa_5ae0d7315542990adbacf678,mistral-small3.1:24b,oracle,Oracle Evidence,diagnostic_baseline,oracle_evidence_upper_reference,True,hotpotqa,multi_hop,entity,8000,scattered,low,unknown,Toshi Ichiyanagi,Toshi Ichiyanagi,p0001;p0002,p0001;p0002,True,1.0,1.0,1.0,1.0,1.0,1.0,1.0,1.0,1.0,1.0,success,
hotpotqa_5abdd08d5542991f6610604c,mistral-small3.1:24b,no_evidence,No Evidence,diagnostic_baseline,question_only_lower_bound,True,hotpotqa,multi_hop,string,16000,front,low,unknown,Guardians of the Galaxy Vol. 2,Guardians of the Galaxy Vol. 2,p0001;p0002,,True,1.0,1.0,1.0,1.0,1.0,1.0,0.0,0.0,0.0,0.0,success,
hotpotqa_5abdd08d5542991f6610604c,mistral-small3.1:24b,direct,Full Context,diagnostic_condition,full_context_condition,True,hotpotqa,multi_hop,string,16000,front,low,unknown,Guardians of the Galaxy Vol. 2,Guardians of the Galaxy Vol. 2,p0001;p0002,p0001,True,1.0,1.0,1.0,1.0,1.0,1.0,1.0,0.5,0.6666666666666666,1.0,success,
hotpotqa_5abdd08d5542991f6610604c,mistral-small3.1:24b,retrieve_then_read,Retrieved Evidence,diagnostic_condition,evidence_narrowed_condition,True,hotpotqa,multi_hop,string,16000,front,low,unknown,Guardians of the Galaxy Vol. 2,unknown,p0001;p0002,,True,0.0,0.0,0.0,0.0,0.0,0.0,0.0,0.0,0.0,0.0,evidence_localization_failure,
hotpotqa_5abdd08d5542991f6610604c,mistral-small3.1:24b,oracle,Oracle Evidence,diagnostic_baseline,oracle_evidence_upper_reference,True,hotpotqa,multi_hop,string,16000,front,low,unknown,Guardians of the Galaxy Vol. 2,Guardians of the Galaxy Vol. 2,p0001;p0002,p0001;p0002,True,1.0,1.0,1.0,1.0,1.0,1.0,1.0,1.0,1.0,1.0,success,
hotpotqa_5ade190f55429975fa854e40,mistral-small3.1:24b,no_evidence,No Evidence,diagnostic_baseline,question_only_lower_bound,True,hotpotqa,multi_hop,entity,4000,middle,low,unknown,The sponsorship scandal,SNC-Lavalin,p0001;p0002,,True,0.0,0.0,0.0,0.0,0.0,0.0,0.0,0.0,0.0,0.0,evidence_localization_failure,
hotpotqa_5ade190f55429975fa854e40,mistral-small3.1:24b,direct,Full Context,diagnostic_condition,full_context_condition,True,hotpotqa,multi_hop,entity,4000,middle,low,unknown,The sponsorship scandal,sponsorship scandal,p0001;p0002,p0001,True,1.0,1.0,1.0,1.0,1.0,1.0,1.0,0.5,0.6666666666666666,1.0,success,
hotpotqa_5ade190f55429975fa854e40,mistral-small3.1:24b,retrieve_then_read,Retrieved Evidence,diagnostic_condition,evidence_narrowed_condition,True,hotpotqa,multi_hop,entity,4000,middle,low,unknown,The sponsorship scandal,sponsorship scandal,p0001;p0002,p0002,True,1.0,1.0,1.0,1.0,1.0,1.0,1.0,0.5,0.6666666666666666,1.0,success,
hotpotqa_5ade190f55429975fa854e40,mistral-small3.1:24b,oracle,Oracle Evidence,diagnostic_baseline,oracle_evidence_upper_reference,True,hotpotqa,multi_hop,entity,4000,middle,low,unknown,The sponsorship scandal,sponsorship scandal,p0001;p0002,p0001;p0002,True,1.0,1.0,1.0,1.0,1.0,1.0,1.0,1.0,1.0,1.0,success,
hotpotqa_5abd12bb55429933744ab703,mistral-small3.1:24b,no_evidence,No Evidence,diagnostic_baseline,question_only_lower_bound,True,hotpotqa,multi_hop,entity,8000,end,low,unknown,Mount Everest,Everest,p0001;p0002,,True,0.0,0.6666666666666666,0.0,0.6666666666666666,0.0,0.6666666666666666,0.0,0.0,0.0,0.0,evidence_localization_failure,
hotpotqa_5abd12bb55429933744ab703,mistral-small3.1:24b,direct,Full Context,diagnostic_condition,full_context_condition,True,hotpotqa,multi_hop,entity,8000,end,low,unknown,Mount Everest,Mount Everest,p0001;p0002,p0001;p0002,True,1.0,1.0,1.0,1.0,1.0,1.0,1.0,1.0,1.0,1.0,success,
hotpotqa_5abd12bb55429933744ab703,mistral-small3.1:24b,retrieve_then_read,Retrieved Evidence,diagnostic_condition,evidence_narrowed_condition,True,hotpotqa,multi_hop,entity,8000,end,low,unknown,Mount Everest,Mount Everest,p0001;p0002,p0001;p0002,True,1.0,1.0,1.0,1.0,1.0,1.0,1.0,1.0,1.0,1.0,success,
hotpotqa_5abd12bb55429933744ab703,mistral-small3.1:24b,oracle,Oracle Evidence,diagnostic_baseline,oracle_evidence_upper_reference,True,hotpotqa,multi_hop,entity,8000,end,low,unknown,Mount Everest,Mount Everest,p0001;p0002,p0001;p0002,True,1.0,1.0,1.0,1.0,1.0,1.0,1.0,1.0,1.0,1.0,success,
hotpotqa_5a8ba59a554299240d9c2058,mistral-small3.1:24b,no_evidence,No Evidence,diagnostic_baseline,question_only_lower_bound,True,hotpotqa,multi_hop,number,16000,scattered,low,unknown,1999,1999,p0001;p0002,,True,1.0,1.0,1.0,1.0,1.0,1.0,0.0,0.0,0.0,0.0,success,
hotpotqa_5a8ba59a554299240d9c2058,mistral-small3.1:24b,direct,Full Context,diagnostic_condition,full_context_condition,True,hotpotqa,multi_hop,number,16000,scattered,low,unknown,1999,1999,p0001;p0002,p0001;p0002,True,1.0,1.0,1.0,1.0,1.0,1.0,1.0,1.0,1.0,1.0,success,
hotpotqa_5a8ba59a554299240d9c2058,mistral-small3.1:24b,retrieve_then_read,Retrieved Evidence,diagnostic_condition,evidence_narrowed_condition,True,hotpotqa,multi_hop,number,16000,scattered,low,unknown,1999,1999,p0001;p0002,p0001,True,1.0,1.0,1.0,1.0,1.0,1.0,1.0,0.5,0.6666666666666666,1.0,success,
hotpotqa_5a8ba59a554299240d9c2058,mistral-small3.1:24b,oracle,Oracle Evidence,diagnostic_baseline,oracle_evidence_upper_reference,True,hotpotqa,multi_hop,number,16000,scattered,low,unknown,1999,1999,p0001;p0002,p0001;p0002,True,1.0,1.0,1.0,1.0,1.0,1.0,1.0,1.0,1.0,1.0,success,
hotpotqa_5a80541d5542996402f6a4d2,mistral-small3.1:24b,no_evidence,No Evidence,diagnostic_baseline,question_only_lower_bound,True,hotpotqa,multi_hop,number,4000,front,medium,unknown,2016,2023,p0001;p0002;p0003;p0004;p0005,,True,0.0,0.0,0.0,0.0,0.0,0.0,0.0,0.0,0.0,0.0,evidence_localization_failure,
hotpotqa_5a80541d5542996402f6a4d2,mistral-small3.1:24b,direct,Full Context,diagnostic_condition,full_context_condition,True,hotpotqa,multi_hop,number,4000,front,medium,unknown,2016,2017,p0001;p0002;p0003;p0004;p0005,p0001;p0003;p0004,True,0.0,0.0,0.0,0.0,0.0,0.0,1.0,0.6,0.7499999999999999,1.0,evidence_integration_failure,
hotpotqa_5a80541d5542996402f6a4d2,mistral-small3.1:24b,retrieve_then_read,Retrieved Evidence,diagnostic_condition,evidence_narrowed_condition,True,hotpotqa,multi_hop,number,4000,front,medium,unknown,2016,2016,p0001;p0002;p0003;p0004;p0005,p0002;p0004,True,1.0,1.0,1.0,1.0,1.0,1.0,1.0,0.4,0.5714285714285715,1.0,success,
hotpotqa_5a80541d5542996402f6a4d2,mistral-small3.1:24b,oracle,Oracle Evidence,diagnostic_baseline,oracle_evidence_upper_reference,True,hotpotqa,multi_hop,number,4000,front,medium,unknown,2016,2016,p0001;p0002;p0003;p0004;p0005,p0001;p0002;p0003,True,1.0,1.0,1.0,1.0,1.0,1.0,1.0,0.6,0.7499999999999999,1.0,success,
hotpotqa_5ac279345542990b17b153b0,mistral-small3.1:24b,no_evidence,No Evidence,diagnostic_baseline,question_only_lower_bound,True,hotpotqa,multi_hop,entity,8000,middle,low,unknown,28 January 1864,1830-04-15,p0001;p0002,,True,0.0,0.0,0.0,0.0,0.0,0.0,0.0,0.0,0.0,0.0,evidence_localization_failure,
hotpotqa_5ac279345542990b17b153b0,mistral-small3.1:24b,direct,Full Context,diagnostic_condition,full_context_condition,True,hotpotqa,multi_hop,entity,8000,middle,low,unknown,28 January 1864,28 January 1864,p0001;p0002,p0002,True,1.0,1.0,1.0,1.0,1.0,1.0,1.0,0.5,0.6666666666666666,1.0,success,
hotpotqa_5ac279345542990b17b153b0,mistral-small3.1:24b,retrieve_then_read,Retrieved Evidence,diagnostic_condition,evidence_narrowed_condition,True,hotpotqa,multi_hop,entity,8000,middle,low,unknown,28 January 1864,4 June 1790,p0001;p0002,,True,0.0,0.0,0.0,0.0,0.0,0.0,0.0,0.0,0.0,0.0,evidence_localization_failure,
hotpotqa_5ac279345542990b17b153b0,mistral-small3.1:24b,oracle,Oracle Evidence,diagnostic_baseline,oracle_evidence_upper_reference,True,hotpotqa,multi_hop,entity,8000,middle,low,unknown,28 January 1864,28 January 1864,p0001;p0002,p0001;p0002,True,1.0,1.0,1.0,1.0,1.0,1.0,1.0,1.0,1.0,1.0,success,
hotpotqa_5ae5e1985542996de7b71a54,mistral-small3.1:24b,no_evidence,No Evidence,diagnostic_baseline,question_only_lower_bound,True,hotpotqa,multi_hop,entity,16000,end,low,unknown,Archbishop of Canterbury,Archbishop of Canterbury,p0001;p0002,,True,1.0,1.0,1.0,1.0,1.0,1.0,0.0,0.0,0.0,0.0,success,
hotpotqa_5ae5e1985542996de7b71a54,mistral-small3.1:24b,direct,Full Context,diagnostic_condition,full_context_condition,True,hotpotqa,multi_hop,entity,16000,end,low,unknown,Archbishop of Canterbury,Archbishop of Canterbury,p0001;p0002,p0002,True,1.0,1.0,1.0,1.0,1.0,1.0,1.0,0.5,0.6666666666666666,1.0,success,
hotpotqa_5ae5e1985542996de7b71a54,mistral-small3.1:24b,retrieve_then_read,Retrieved Evidence,diagnostic_condition,evidence_narrowed_condition,True,hotpotqa,multi_hop,entity,16000,end,low,unknown,Archbishop of Canterbury,Archbishop of Canterbury,p0001;p0002,p0001,True,1.0,1.0,1.0,1.0,1.0,1.0,1.0,0.5,0.6666666666666666,1.0,success,
hotpotqa_5ae5e1985542996de7b71a54,mistral-small3.1:24b,oracle,Oracle Evidence,diagnostic_baseline,oracle_evidence_upper_reference,True,hotpotqa,multi_hop,entity,16000,end,low,unknown,Archbishop of Canterbury,Archbishop of Canterbury,p0001;p0002,p0001;p0002,True,1.0,1.0,1.0,1.0,1.0,1.0,1.0,1.0,1.0,1.0,success,
hotpotqa_5a87411d5542994846c1cd37,mistral-small3.1:24b,no_evidence,No Evidence,diagnostic_baseline,question_only_lower_bound,True,hotpotqa,multi_hop,string,4000,scattered,low,unknown,member of the Executive Council of the General Anthroposophical Society,architect,p0001;p0002,,True,0.0,0.0,0.0,0.0,0.0,0.0,0.0,0.0,0.0,0.0,evidence_localization_failure,
hotpotqa_5a87411d5542994846c1cd37,mistral-small3.1:24b,direct,Full Context,diagnostic_condition,full_context_condition,True,hotpotqa,multi_hop,string,4000,scattered,low,unknown,member of the Executive Council of the General Anthroposophical Society,general secretary,p0001;p0002,p0001,True,0.0,0.2,0.0,0.2,0.0,0.2,1.0,0.5,0.6666666666666666,1.0,evidence_integration_failure,
hotpotqa_5a87411d5542994846c1cd37,mistral-small3.1:24b,retrieve_then_read,Retrieved Evidence,diagnostic_condition,evidence_narrowed_condition,True,hotpotqa,multi_hop,string,4000,scattered,low,unknown,member of the Executive Council of the General Anthroposophical Society,publishing,p0001;p0002,p0003,True,0.0,0.0,0.0,0.0,0.0,0.0,0.0,0.0,0.0,0.0,evidence_selection_failure,
hotpotqa_5a87411d5542994846c1cd37,mistral-small3.1:24b,oracle,Oracle Evidence,diagnostic_baseline,oracle_evidence_upper_reference,True,hotpotqa,multi_hop,string,4000,scattered,low,unknown,member of the Executive Council of the General Anthroposophical Society,member of the Executive Council,p0001;p0002,p0001;p0002,True,0.0,0.6666666666666666,0.0,0.6666666666666666,0.0,0.6666666666666666,1.0,1.0,1.0,1.0,answer_conversion_failure,
hotpotqa_5ae3d8415542992f92d8239a,mistral-small3.1:24b,no_evidence,No Evidence,diagnostic_baseline,question_only_lower_bound,True,hotpotqa,multi_hop,entity,8000,front,medium,unknown,high school diploma or GED,high school diploma,p0001;p0002;p0003;p0004,,True,0.0,0.7499999999999999,0.0,0.7499999999999999,0.0,0.7499999999999999,0.0,0.0,0.0,0.0,evidence_localization_failure,
hotpotqa_5ae3d8415542992f92d8239a,mistral-small3.1:24b,direct,Full Context,diagnostic_condition,full_context_condition,True,hotpotqa,multi_hop,entity,8000,front,medium,unknown,high school diploma or GED,high school diploma or GED,p0001;p0002;p0003;p0004,p0003,True,1.0,1.0,1.0,1.0,1.0,1.0,1.0,0.25,0.4,1.0,success,
hotpotqa_5ae3d8415542992f92d8239a,mistral-small3.1:24b,retrieve_then_read,Retrieved Evidence,diagnostic_condition,evidence_narrowed_condition,True,hotpotqa,multi_hop,entity,8000,front,medium,unknown,high school diploma or GED,high school diploma or GED,p0001;p0002;p0003;p0004,p0003;p0004,True,1.0,1.0,1.0,1.0,1.0,1.0,1.0,0.5,0.6666666666666666,1.0,success,
hotpotqa_5ae3d8415542992f92d8239a,mistral-small3.1:24b,oracle,Oracle Evidence,diagnostic_baseline,oracle_evidence_upper_reference,True,hotpotqa,multi_hop,entity,8000,front,medium,unknown,high school diploma or GED,high school diploma or GED,p0001;p0002;p0003;p0004,p0002;p0004,True,1.0,1.0,1.0,1.0,1.0,1.0,1.0,0.5,0.6666666666666666,1.0,success,
hotpotqa_5a7e1ad155429965cec5ea66,mistral-small3.1:24b,no_evidence,No Evidence,diagnostic_baseline,question_only_lower_bound,True,hotpotqa,multi_hop,string,16000,middle,low,unknown,"Nebula Award, the Philip K. Dick Award, and the Hugo Award","Hugo Award, Nebula Award, Philip K. Dick Award",p0001;p0002,,True,0.0,0.9411764705882353,0.0,0.9411764705882353,0.0,0.9411764705882353,0.0,0.0,0.0,0.0,evidence_localization_failure,
hotpotqa_5a7e1ad155429965cec5ea66,mistral-small3.1:24b,direct,Full Context,diagnostic_condition,full_context_condition,True,hotpotqa,multi_hop,string,16000,middle,low,unknown,"Nebula Award, the Philip K. Dick Award, and the Hugo Award","Nebula Award, Philip K. Dick Award, Hugo Award",p0001;p0002,p0001,True,0.0,0.9411764705882353,0.0,0.9411764705882353,0.0,0.9411764705882353,1.0,0.5,0.6666666666666666,1.0,evidence_integration_failure,
hotpotqa_5a7e1ad155429965cec5ea66,mistral-small3.1:24b,retrieve_then_read,Retrieved Evidence,diagnostic_condition,evidence_narrowed_condition,True,hotpotqa,multi_hop,string,16000,middle,low,unknown,"Nebula Award, the Philip K. Dick Award, and the Hugo Award","Nebula Award for Best Novel, Hugo Award for Best Novel, Locus Award for Best Science Fiction Novel",p0001;p0002,,True,0.0,0.3846153846153846,0.0,0.3846153846153846,0.0,0.3846153846153846,0.0,0.0,0.0,0.0,evidence_localization_failure,
hotpotqa_5a7e1ad155429965cec5ea66,mistral-small3.1:24b,oracle,Oracle Evidence,diagnostic_baseline,oracle_evidence_upper_reference,True,hotpotqa,multi_hop,string,16000,middle,low,unknown,"Nebula Award, the Philip K. Dick Award, and the Hugo Award","Nebula Award, Philip K. Dick Award, Hugo Award",p0001;p0002,p0001;p0002,True,0.0,0.9411764705882353,0.0,0.9411764705882353,0.0,0.9411764705882353,1.0,1.0,1.0,1.0,answer_conversion_failure,
hotpotqa_5a85a3005542991dd0999e72,mistral-small3.1:24b,no_evidence,No Evidence,diagnostic_baseline,question_only_lower_bound,True,hotpotqa,multi_hop,entity,4000,end,low,unknown,World War II,World War II,p0001;p0002,,True,1.0,1.0,1.0,1.0,1.0,1.0,0.0,0.0,0.0,0.0,success,
hotpotqa_5a85a3005542991dd0999e72,mistral-small3.1:24b,direct,Full Context,diagnostic_condition,full_context_condition,True,hotpotqa,multi_hop,entity,4000,end,low,unknown,World War II,World War II,p0001;p0002,p0001;p0002,True,1.0,1.0,1.0,1.0,1.0,1.0,1.0,1.0,1.0,1.0,success,
hotpotqa_5a85a3005542991dd0999e72,mistral-small3.1:24b,retrieve_then_read,Retrieved Evidence,diagnostic_condition,evidence_narrowed_condition,True,hotpotqa,multi_hop,entity,4000,end,low,unknown,World War II,World War II,p0001;p0002,p0001,True,1.0,1.0,1.0,1.0,1.0,1.0,1.0,0.5,0.6666666666666666,1.0,success,
hotpotqa_5a85a3005542991dd0999e72,mistral-small3.1:24b,oracle,Oracle Evidence,diagnostic_baseline,oracle_evidence_upper_reference,True,hotpotqa,multi_hop,entity,4000,end,low,unknown,World War II,World War II,p0001;p0002,p0001;p0002,True,1.0,1.0,1.0,1.0,1.0,1.0,1.0,1.0,1.0,1.0,success,
hotpotqa_5ab4475c5542996a3a969f6c,mistral-small3.1:24b,no_evidence,No Evidence,diagnostic_baseline,question_only_lower_bound,True,hotpotqa,multi_hop,entity,8000,scattered,low,unknown,Eddie Izzard,No passage supplied,p0001;p0002,,True,0.0,0.0,0.0,0.0,0.0,0.0,0.0,0.0,0.0,0.0,evidence_localization_failure,
hotpotqa_5ab4475c5542996a3a969f6c,mistral-small3.1:24b,direct,Full Context,diagnostic_condition,full_context_condition,True,hotpotqa,multi_hop,entity,8000,scattered,low,unknown,Eddie Izzard,Eddie Izzard,p0001;p0002,p0001,True,1.0,1.0,1.0,1.0,1.0,1.0,1.0,0.5,0.6666666666666666,1.0,success,
hotpotqa_5ab4475c5542996a3a969f6c,mistral-small3.1:24b,retrieve_then_read,Retrieved Evidence,diagnostic_condition,evidence_narrowed_condition,True,hotpotqa,multi_hop,entity,8000,scattered,low,unknown,Eddie Izzard,Eddie Izzard,p0001;p0002,p0001,True,1.0,1.0,1.0,1.0,1.0,1.0,1.0,0.5,0.6666666666666666,1.0,success,
hotpotqa_5ab4475c5542996a3a969f6c,mistral-small3.1:24b,oracle,Oracle Evidence,diagnostic_baseline,oracle_evidence_upper_reference,True,hotpotqa,multi_hop,entity,8000,scattered,low,unknown,Eddie Izzard,Eddie Izzard,p0001;p0002,p0001;p0002,True,1.0,1.0,1.0,1.0,1.0,1.0,1.0,1.0,1.0,1.0,success,
hotpotqa_5ab2a8b655429929539467ab,mistral-small3.1:24b,no_evidence,No Evidence,diagnostic_baseline,question_only_lower_bound,True,hotpotqa,multi_hop,entity,16000,front,low,unknown,Nikhil Banerjee,Ravi Shankar,p0001;p0002,,True,0.0,0.0,0.0,0.0,0.0,0.0,0.0,0.0,0.0,0.0,evidence_localization_failure,
hotpotqa_5ab2a8b655429929539467ab,mistral-small3.1:24b,direct,Full Context,diagnostic_condition,full_context_condition,True,hotpotqa,multi_hop,entity,16000,front,low,unknown,Nikhil Banerjee,Ravi Shankar,p0001;p0002,p0001;p0008,True,0.0,0.0,0.0,0.0,0.0,0.0,0.5,0.5,0.5,1.0,evidence_integration_failure,
hotpotqa_5ab2a8b655429929539467ab,mistral-small3.1:24b,retrieve_then_read,Retrieved Evidence,diagnostic_condition,evidence_narrowed_condition,True,hotpotqa,multi_hop,entity,16000,front,low,unknown,Nikhil Banerjee,Anjan Chattopadhyay,p0001;p0002,,True,0.0,0.0,0.0,0.0,0.0,0.0,0.0,0.0,0.0,0.0,evidence_localization_failure,
hotpotqa_5ab2a8b655429929539467ab,mistral-small3.1:24b,oracle,Oracle Evidence,diagnostic_baseline,oracle_evidence_upper_reference,True,hotpotqa,multi_hop,entity,16000,front,low,unknown,Nikhil Banerjee,Nikhil Banerjee,p0001;p0002,p0001;p0002,True,1.0,1.0,1.0,1.0,1.0,1.0,1.0,1.0,1.0,1.0,success,
hotpotqa_5a8a7d2b55429930ff3c0dfc,mistral-small3.1:24b,no_evidence,No Evidence,diagnostic_baseline,question_only_lower_bound,True,hotpotqa,comparison,yes_no,4000,middle,low,unknown,no,no,p0001;p0002,,True,1.0,1.0,1.0,1.0,1.0,1.0,0.0,0.0,0.0,0.0,success,
hotpotqa_5a8a7d2b55429930ff3c0dfc,mistral-small3.1:24b,direct,Full Context,diagnostic_condition,full_context_condition,True,hotpotqa,comparison,yes_no,4000,middle,low,unknown,no,no,p0001;p0002,p0001;p0002,True,1.0,1.0,1.0,1.0,1.0,1.0,1.0,1.0,1.0,1.0,success,
hotpotqa_5a8a7d2b55429930ff3c0dfc,mistral-small3.1:24b,retrieve_then_read,Retrieved Evidence,diagnostic_condition,evidence_narrowed_condition,True,hotpotqa,comparison,yes_no,4000,middle,low,unknown,no,no,p0001;p0002,p0001;p0002,True,1.0,1.0,1.0,1.0,1.0,1.0,1.0,1.0,1.0,1.0,success,
hotpotqa_5a8a7d2b55429930ff3c0dfc,mistral-small3.1:24b,oracle,Oracle Evidence,diagnostic_baseline,oracle_evidence_upper_reference,True,hotpotqa,comparison,yes_no,4000,middle,low,unknown,no,no,p0001;p0002,p0001;p0002,True,1.0,1.0,1.0,1.0,1.0,1.0,1.0,1.0,1.0,1.0,success,
hotpotqa_5a90bd7b55429916514e7547,mistral-small3.1:24b,no_evidence,No Evidence,diagnostic_baseline,question_only_lower_bound,True,hotpotqa,comparison,entity,8000,end,low,unknown,Polypodium,Polypodium,p0001;p0002,,True,1.0,1.0,1.0,1.0,1.0,1.0,0.0,0.0,0.0,0.0,success,
hotpotqa_5a90bd7b55429916514e7547,mistral-small3.1:24b,direct,Full Context,diagnostic_condition,full_context_condition,True,hotpotqa,comparison,entity,8000,end,low,unknown,Polypodium,Polypodium,p0001;p0002,p0001;p0002,True,1.0,1.0,1.0,1.0,1.0,1.0,1.0,1.0,1.0,1.0,success,
hotpotqa_5a90bd7b55429916514e7547,mistral-small3.1:24b,retrieve_then_read,Retrieved Evidence,diagnostic_condition,evidence_narrowed_condition,True,hotpotqa,comparison,entity,8000,end,low,unknown,Polypodium,Polypodium,p0001;p0002,p0001;p0002,True,1.0,1.0,1.0,1.0,1.0,1.0,1.0,1.0,1.0,1.0,success,
hotpotqa_5a90bd7b55429916514e7547,mistral-small3.1:24b,oracle,Oracle Evidence,diagnostic_baseline,oracle_evidence_upper_reference,True,hotpotqa,comparison,entity,8000,end,low,unknown,Polypodium,Polypodium,p0001;p0002,p0001;p0002,True,1.0,1.0,1.0,1.0,1.0,1.0,1.0,1.0,1.0,1.0,success,
hotpotqa_5abc039a5542993f40c73c49,mistral-small3.1:24b,no_evidence,No Evidence,diagnostic_baseline,question_only_lower_bound,True,hotpotqa,multi_hop,entity,16000,scattered,low,unknown,Clinton,Clinton administration,p0001;p0002,,True,0.0,0.6666666666666666,0.0,0.6666666666666666,0.0,0.6666666666666666,0.0,0.0,0.0,0.0,evidence_localization_failure,
hotpotqa_5abc039a5542993f40c73c49,mistral-small3.1:24b,direct,Full Context,diagnostic_condition,full_context_condition,True,hotpotqa,multi_hop,entity,16000,scattered,low,unknown,Clinton,Clinton,p0001;p0002,p0001,True,1.0,1.0,1.0,1.0,1.0,1.0,1.0,0.5,0.6666666666666666,1.0,success,
hotpotqa_5abc039a5542993f40c73c49,mistral-small3.1:24b,retrieve_then_read,Retrieved Evidence,diagnostic_condition,evidence_narrowed_condition,True,hotpotqa,multi_hop,entity,16000,scattered,low,unknown,Clinton,Clinton Administration,p0001;p0002,p0001,True,0.0,0.6666666666666666,0.0,0.6666666666666666,0.0,0.6666666666666666,1.0,0.5,0.6666666666666666,1.0,evidence_integration_failure,
hotpotqa_5abc039a5542993f40c73c49,mistral-small3.1:24b,oracle,Oracle Evidence,diagnostic_baseline,oracle_evidence_upper_reference,True,hotpotqa,multi_hop,entity,16000,scattered,low,unknown,Clinton,Clinton Administration,p0001;p0002,p0001;p0002,True,0.0,0.6666666666666666,0.0,0.6666666666666666,0.0,0.6666666666666666,1.0,1.0,1.0,1.0,answer_conversion_failure,
hotpotqa_5a88fc4255429938390d4019,mistral-small3.1:24b,no_evidence,No Evidence,diagnostic_baseline,question_only_lower_bound,True,hotpotqa,multi_hop,entity,4000,front,medium,unknown,"September 25, 2017",unknown,p0001;p0002;p0003;p0004;p0005,,True,0.0,0.0,0.0,0.0,0.0,0.0,0.0,0.0,0.0,0.0,evidence_localization_failure,
hotpotqa_5a88fc4255429938390d4019,mistral-small3.1:24b,direct,Full Context,diagnostic_condition,full_context_condition,True,hotpotqa,multi_hop,entity,4000,front,medium,unknown,"September 25, 2017","September 25, 2017",p0001;p0002;p0003;p0004;p0005,p0002;p0003;p0005,True,1.0,1.0,1.0,1.0,1.0,1.0,1.0,0.6,0.7499999999999999,1.0,success,
hotpotqa_5a88fc4255429938390d4019,mistral-small3.1:24b,retrieve_then_read,Retrieved Evidence,diagnostic_condition,evidence_narrowed_condition,True,hotpotqa,multi_hop,entity,4000,front,medium,unknown,"September 25, 2017","September 25, 2017",p0001;p0002;p0003;p0004;p0005,p0002;p0003;p0004,True,1.0,1.0,1.0,1.0,1.0,1.0,1.0,0.6,0.7499999999999999,1.0,success,
hotpotqa_5a88fc4255429938390d4019,mistral-small3.1:24b,oracle,Oracle Evidence,diagnostic_baseline,oracle_evidence_upper_reference,True,hotpotqa,multi_hop,entity,4000,front,medium,unknown,"September 25, 2017","September 25, 2017",p0001;p0002;p0003;p0004;p0005,p0001;p0002;p0003,True,1.0,1.0,1.0,1.0,1.0,1.0,1.0,0.6,0.7499999999999999,1.0,success,
hotpotqa_5a82fe5055429966c78a6ad3,mistral-small3.1:24b,no_evidence,No Evidence,diagnostic_baseline,question_only_lower_bound,True,hotpotqa,multi_hop,entity,8000,middle,medium,unknown,evangelical Christian,Seventh-day Adventist,p0001;p0002;p0003;p0004,,True,0.0,0.0,0.0,0.0,0.0,0.0,0.0,0.0,0.0,0.0,evidence_localization_failure,
hotpotqa_5a82fe5055429966c78a6ad3,mistral-small3.1:24b,direct,Full Context,diagnostic_condition,full_context_condition,True,hotpotqa,multi_hop,entity,8000,middle,medium,unknown,evangelical Christian,Christian,p0001;p0002;p0003;p0004,p0001;p0003,True,0.0,0.6666666666666666,0.0,0.6666666666666666,0.0,0.6666666666666666,1.0,0.5,0.6666666666666666,1.0,evidence_integration_failure,
hotpotqa_5a82fe5055429966c78a6ad3,mistral-small3.1:24b,retrieve_then_read,Retrieved Evidence,diagnostic_condition,evidence_narrowed_condition,True,hotpotqa,multi_hop,entity,8000,middle,medium,unknown,evangelical Christian,Christian,p0001;p0002;p0003;p0004,p0002;p0004,True,0.0,0.6666666666666666,0.0,0.6666666666666666,0.0,0.6666666666666666,1.0,0.5,0.6666666666666666,1.0,evidence_integration_failure,
hotpotqa_5a82fe5055429966c78a6ad3,mistral-small3.1:24b,oracle,Oracle Evidence,diagnostic_baseline,oracle_evidence_upper_reference,True,hotpotqa,multi_hop,entity,8000,middle,medium,unknown,evangelical Christian,Christian,p0001;p0002;p0003;p0004,p0001;p0003,True,0.0,0.6666666666666666,0.0,0.6666666666666666,0.0,0.6666666666666666,1.0,0.5,0.6666666666666666,1.0,evidence_integration_failure,
hotpotqa_5ae3205c55429928c423961e,mistral-small3.1:24b,no_evidence,No Evidence,diagnostic_baseline,question_only_lower_bound,True,hotpotqa,multi_hop,entity,16000,end,low,unknown,Leslie Knope,Leslie Knope,p0001;p0002,,True,1.0,1.0,1.0,1.0,1.0,1.0,0.0,0.0,0.0,0.0,success,
hotpotqa_5ae3205c55429928c423961e,mistral-small3.1:24b,direct,Full Context,diagnostic_condition,full_context_condition,True,hotpotqa,multi_hop,entity,16000,end,low,unknown,Leslie Knope,Leslie Knope,p0001;p0002,p0001;p0002,True,1.0,1.0,1.0,1.0,1.0,1.0,1.0,1.0,1.0,1.0,success,
hotpotqa_5ae3205c55429928c423961e,mistral-small3.1:24b,retrieve_then_read,Retrieved Evidence,diagnostic_condition,evidence_narrowed_condition,True,hotpotqa,multi_hop,entity,16000,end,low,unknown,Leslie Knope,Leslie Knope,p0001;p0002,p0001;p0002,True,1.0,1.0,1.0,1.0,1.0,1.0,1.0,1.0,1.0,1.0,success,
hotpotqa_5ae3205c55429928c423961e,mistral-small3.1:24b,oracle,Oracle Evidence,diagnostic_baseline,oracle_evidence_upper_reference,True,hotpotqa,multi_hop,entity,16000,end,low,unknown,Leslie Knope,Leslie Knope,p0001;p0002,p0001;p0002,True,1.0,1.0,1.0,1.0,1.0,1.0,1.0,1.0,1.0,1.0,success,
hotpotqa_5a8b4a5f55429949d91db531,mistral-small3.1:24b,no_evidence,No Evidence,diagnostic_baseline,question_only_lower_bound,True,hotpotqa,multi_hop,entity,4000,scattered,low,unknown,IK Start,Start Kristiansand,p0001;p0002,,True,0.0,0.5,0.0,0.5,0.0,0.5,0.0,0.0,0.0,0.0,evidence_localization_failure,
hotpotqa_5a8b4a5f55429949d91db531,mistral-small3.1:24b,direct,Full Context,diagnostic_condition,full_context_condition,True,hotpotqa,multi_hop,entity,4000,scattered,low,unknown,IK Start,Start,p0001;p0002,p0001;p0002,True,0.0,0.6666666666666666,0.0,0.6666666666666666,0.0,0.6666666666666666,1.0,1.0,1.0,1.0,answer_conversion_failure,
hotpotqa_5a8b4a5f55429949d91db531,mistral-small3.1:24b,retrieve_then_read,Retrieved Evidence,diagnostic_condition,evidence_narrowed_condition,True,hotpotqa,multi_hop,entity,4000,scattered,low,unknown,IK Start,Bryne,p0001;p0002,,True,0.0,0.0,0.0,0.0,0.0,0.0,0.0,0.0,0.0,0.0,evidence_localization_failure,
hotpotqa_5a8b4a5f55429949d91db531,mistral-small3.1:24b,oracle,Oracle Evidence,diagnostic_baseline,oracle_evidence_upper_reference,True,hotpotqa,multi_hop,entity,4000,scattered,low,unknown,IK Start,IK Start,p0001;p0002,p0001;p0002,True,1.0,1.0,1.0,1.0,1.0,1.0,1.0,1.0,1.0,1.0,success,
hotpotqa_5a8c5c6f554299653c1aa04d,mistral-small3.1:24b,no_evidence,No Evidence,diagnostic_baseline,question_only_lower_bound,True,hotpotqa,multi_hop,entity,8000,front,low,unknown,Coyote Ugly,Coyote Ugly,p0001;p0002,,True,1.0,1.0,1.0,1.0,1.0,1.0,0.0,0.0,0.0,0.0,success,
hotpotqa_5a8c5c6f554299653c1aa04d,mistral-small3.1:24b,direct,Full Context,diagnostic_condition,full_context_condition,True,hotpotqa,multi_hop,entity,8000,front,low,unknown,Coyote Ugly,Coyote Ugly,p0001;p0002,p0001,True,1.0,1.0,1.0,1.0,1.0,1.0,1.0,0.5,0.6666666666666666,1.0,success,
hotpotqa_5a8c5c6f554299653c1aa04d,mistral-small3.1:24b,retrieve_then_read,Retrieved Evidence,diagnostic_condition,evidence_narrowed_condition,True,hotpotqa,multi_hop,entity,8000,front,low,unknown,Coyote Ugly,Anywhere But Here,p0001;p0002,,True,0.0,0.0,0.0,0.0,0.0,0.0,0.0,0.0,0.0,0.0,evidence_localization_failure,
hotpotqa_5a8c5c6f554299653c1aa04d,mistral-small3.1:24b,oracle,Oracle Evidence,diagnostic_baseline,oracle_evidence_upper_reference,True,hotpotqa,multi_hop,entity,8000,front,low,unknown,Coyote Ugly,Coyote Ugly,p0001;p0002,p0001;p0002,True,1.0,1.0,1.0,1.0,1.0,1.0,1.0,1.0,1.0,1.0,success,
hotpotqa_5a80ecea55429938b6142254,mistral-small3.1:24b,no_evidence,No Evidence,diagnostic_baseline,question_only_lower_bound,True,hotpotqa,multi_hop,entity,16000,middle,medium,unknown,Queen In-hyun's Man,unknown,p0001;p0002;p0003,,True,0.0,0.0,0.0,0.0,0.0,0.0,0.0,0.0,0.0,0.0,evidence_localization_failure,
hotpotqa_5a80ecea55429938b6142254,mistral-small3.1:24b,direct,Full Context,diagnostic_condition,full_context_condition,True,hotpotqa,multi_hop,entity,16000,middle,medium,unknown,Queen In-hyun's Man,General's Son,p0001;p0002;p0003,p0001;p0004,True,0.0,0.0,0.0,0.25,0.0,0.0,0.5,0.3333333333333333,0.4,1.0,evidence_integration_failure,
hotpotqa_5a80ecea55429938b6142254,mistral-small3.1:24b,retrieve_then_read,Retrieved Evidence,diagnostic_condition,evidence_narrowed_condition,True,hotpotqa,multi_hop,entity,16000,middle,medium,unknown,Queen In-hyun's Man,General's Son,p0001;p0002;p0003,,True,0.0,0.0,0.0,0.25,0.0,0.0,0.0,0.0,0.0,0.0,evidence_localization_failure,
hotpotqa_5a80ecea55429938b6142254,mistral-small3.1:24b,oracle,Oracle Evidence,diagnostic_baseline,oracle_evidence_upper_reference,True,hotpotqa,multi_hop,entity,16000,middle,medium,unknown,Queen In-hyun's Man,Queen In-hyun's Man,p0001;p0002;p0003,p0001;p0003,True,1.0,1.0,1.0,1.0,1.0,1.0,1.0,0.6666666666666666,0.8,1.0,success,
hotpotqa_5a7cef5d55429909bec768ac,mistral-small3.1:24b,no_evidence,No Evidence,diagnostic_baseline,question_only_lower_bound,True,hotpotqa,multi_hop,entity,4000,end,low,unknown,"September 13, 1994",Ready to Die,p0001;p0002,,True,0.0,0.0,0.0,0.0,0.0,0.0,0.0,0.0,0.0,0.0,evidence_localization_failure,
hotpotqa_5a7cef5d55429909bec768ac,mistral-small3.1:24b,direct,Full Context,diagnostic_condition,full_context_condition,True,hotpotqa,multi_hop,entity,4000,end,low,unknown,"September 13, 1994",Ready to Die,p0001;p0002,p0001;p0002,True,0.0,0.0,0.0,0.0,0.0,0.0,1.0,1.0,1.0,1.0,answer_conversion_failure,
hotpotqa_5a7cef5d55429909bec768ac,mistral-small3.1:24b,retrieve_then_read,Retrieved Evidence,diagnostic_condition,evidence_narrowed_condition,True,hotpotqa,multi_hop,entity,4000,end,low,unknown,"September 13, 1994",Ready to Die,p0001;p0002,p0001;p0002,True,0.0,0.0,0.0,0.0,0.0,0.0,1.0,1.0,1.0,1.0,answer_conversion_failure,
hotpotqa_5a7cef5d55429909bec768ac,mistral-small3.1:24b,oracle,Oracle Evidence,diagnostic_baseline,oracle_evidence_upper_reference,True,hotpotqa,multi_hop,entity,4000,end,low,unknown,"September 13, 1994","September 13, 1994",p0001;p0002,p0001;p0002,True,1.0,1.0,1.0,1.0,1.0,1.0,1.0,1.0,1.0,1.0,success,
hotpotqa_5a734bb65542994cef4bc50f,mistral-small3.1:24b,no_evidence,No Evidence,diagnostic_baseline,question_only_lower_bound,True,hotpotqa,multi_hop,entity,8000,scattered,low,unknown,Vincent Anthony Guaraldi,Vince Guaraldi,p0001;p0002,,True,0.0,0.4,0.0,0.4,0.0,0.4,0.0,0.0,0.0,0.0,evidence_localization_failure,
hotpotqa_5a734bb65542994cef4bc50f,mistral-small3.1:24b,direct,Full Context,diagnostic_condition,full_context_condition,True,hotpotqa,multi_hop,entity,8000,scattered,low,unknown,Vincent Anthony Guaraldi,Vince Guaraldi,p0001;p0002,p0001,True,0.0,0.4,0.0,0.4,0.0,0.4,1.0,0.5,0.6666666666666666,1.0,evidence_integration_failure,
hotpotqa_5a734bb65542994cef4bc50f,mistral-small3.1:24b,retrieve_then_read,Retrieved Evidence,diagnostic_condition,evidence_narrowed_condition,True,hotpotqa,multi_hop,entity,8000,scattered,low,unknown,Vincent Anthony Guaraldi,Vincent Anthony Guaraldi,p0001;p0002,p0001;p0002,True,1.0,1.0,1.0,1.0,1.0,1.0,1.0,1.0,1.0,1.0,success,
hotpotqa_5a734bb65542994cef4bc50f,mistral-small3.1:24b,oracle,Oracle Evidence,diagnostic_baseline,oracle_evidence_upper_reference,True,hotpotqa,multi_hop,entity,8000,scattered,low,unknown,Vincent Anthony Guaraldi,Vince Guaraldi,p0001;p0002,p0001;p0002,True,0.0,0.4,0.0,0.4,0.0,0.4,1.0,1.0,1.0,1.0,answer_conversion_failure,
hotpotqa_5a70f1685542994082a3e40f,mistral-small3.1:24b,no_evidence,No Evidence,diagnostic_baseline,question_only_lower_bound,True,hotpotqa,multi_hop,entity,16000,front,medium,unknown,Symphony No. 7,Piano Sonata No. 14,p0001;p0002;p0003,,True,0.0,0.28571428571428575,0.0,0.28571428571428575,0.0,0.28571428571428575,0.0,0.0,0.0,0.0,evidence_localization_failure,
hotpotqa_5a70f1685542994082a3e40f,mistral-small3.1:24b,direct,Full Context,diagnostic_condition,full_context_condition,True,hotpotqa,multi_hop,entity,16000,front,medium,unknown,Symphony No. 7,Violin Sonata No. 4,p0001;p0002;p0003,p0007,True,0.0,0.28571428571428575,0.0,0.28571428571428575,0.0,0.28571428571428575,0.0,0.0,0.0,0.0,evidence_selection_failure,
hotpotqa_5a70f1685542994082a3e40f,mistral-small3.1:24b,retrieve_then_read,Retrieved Evidence,diagnostic_condition,evidence_narrowed_condition,True,hotpotqa,multi_hop,entity,16000,front,medium,unknown,Symphony No. 7,Violin Sonata No. 4,p0001;p0002;p0003,,True,0.0,0.28571428571428575,0.0,0.28571428571428575,0.0,0.28571428571428575,0.0,0.0,0.0,0.0,evidence_localization_failure,
hotpotqa_5a70f1685542994082a3e40f,mistral-small3.1:24b,oracle,Oracle Evidence,diagnostic_baseline,oracle_evidence_upper_reference,True,hotpotqa,multi_hop,entity,16000,front,medium,unknown,Symphony No. 7,Symphony No. 7,p0001;p0002;p0003,p0002;p0003,True,1.0,1.0,1.0,1.0,1.0,1.0,1.0,0.6666666666666666,0.8,1.0,success,
hotpotqa_5ae0de1455429924de1b71b4,mistral-small3.1:24b,no_evidence,No Evidence,diagnostic_baseline,question_only_lower_bound,True,hotpotqa,multi_hop,string,4000,middle,medium,unknown,orange juice,Orange Julius,p0001;p0002;p0003,,True,0.0,0.5,0.0,0.5,0.0,0.5,0.0,0.0,0.0,0.0,evidence_localization_failure,
hotpotqa_5ae0de1455429924de1b71b4,mistral-small3.1:24b,direct,Full Context,diagnostic_condition,full_context_condition,True,hotpotqa,multi_hop,string,4000,middle,medium,unknown,orange juice,"a mixture of ice, orange juice, sweetener, milk, powdered egg whites and vanilla flavoring",p0001;p0002;p0003,p0001;p0002;p0003,True,0.0,0.2666666666666667,0.0,0.2666666666666667,0.0,0.2666666666666667,1.0,1.0,1.0,1.0,answer_conversion_failure,
hotpotqa_5ae0de1455429924de1b71b4,mistral-small3.1:24b,retrieve_then_read,Retrieved Evidence,diagnostic_condition,evidence_narrowed_condition,True,hotpotqa,multi_hop,string,4000,middle,medium,unknown,orange juice,"ice, orange juice, sweetener, milk, powdered egg whites and vanilla flavoring",p0001;p0002;p0003,p0002;p0003,True,0.0,0.3076923076923077,0.0,0.3076923076923077,0.0,0.3076923076923077,1.0,0.6666666666666666,0.8,1.0,evidence_integration_failure,
hotpotqa_5ae0de1455429924de1b71b4,mistral-small3.1:24b,oracle,Oracle Evidence,diagnostic_baseline,oracle_evidence_upper_reference,True,hotpotqa,multi_hop,string,4000,middle,medium,unknown,orange juice,"ice, orange juice, sweetener, milk, powdered egg whites and vanilla flavoring",p0001;p0002;p0003,p0001;p0003,True,0.0,0.3076923076923077,0.0,0.3076923076923077,0.0,0.3076923076923077,1.0,0.6666666666666666,0.8,1.0,evidence_integration_failure,
hotpotqa_5abd9c2355429924427fd06c,mistral-small3.1:24b,no_evidence,No Evidence,diagnostic_baseline,question_only_lower_bound,True,hotpotqa,multi_hop,number,8000,end,low,unknown,2005,2013,p0001;p0002,,True,0.0,0.0,0.0,0.0,0.0,0.0,0.0,0.0,0.0,0.0,evidence_localization_failure,
hotpotqa_5abd9c2355429924427fd06c,mistral-small3.1:24b,direct,Full Context,diagnostic_condition,full_context_condition,True,hotpotqa,multi_hop,number,8000,end,low,unknown,2005,2006,p0001;p0002,p0001,True,0.0,0.0,0.0,0.0,0.0,0.0,1.0,0.5,0.6666666666666666,1.0,evidence_integration_failure,
hotpotqa_5abd9c2355429924427fd06c,mistral-small3.1:24b,retrieve_then_read,Retrieved Evidence,diagnostic_condition,evidence_narrowed_condition,True,hotpotqa,multi_hop,number,8000,end,low,unknown,2005,2016,p0001;p0002,,True,0.0,0.0,0.0,0.0,0.0,0.0,0.0,0.0,0.0,0.0,evidence_localization_failure,
hotpotqa_5abd9c2355429924427fd06c,mistral-small3.1:24b,oracle,Oracle Evidence,diagnostic_baseline,oracle_evidence_upper_reference,True,hotpotqa,multi_hop,number,8000,end,low,unknown,2005,2005,p0001;p0002,p0001;p0002,True,1.0,1.0,1.0,1.0,1.0,1.0,1.0,1.0,1.0,1.0,success,
hotpotqa_5ab7f7465542993667794071,mistral-small3.1:24b,no_evidence,No Evidence,diagnostic_baseline,question_only_lower_bound,True,hotpotqa,multi_hop,entity,16000,scattered,low,unknown,British Bristol Olympus turbojet,Bristol Olympus,p0001;p0002,,True,0.0,0.6666666666666666,0.0,0.6666666666666666,0.0,0.6666666666666666,0.0,0.0,0.0,0.0,evidence_localization_failure,
hotpotqa_5ab7f7465542993667794071,mistral-small3.1:24b,direct,Full Context,diagnostic_condition,full_context_condition,True,hotpotqa,multi_hop,entity,16000,scattered,low,unknown,British Bristol Olympus turbojet,Bristol Olympus turbojet,p0001;p0002,p0001,True,0.0,0.8571428571428571,0.0,0.8571428571428571,0.0,0.8571428571428571,1.0,0.5,0.6666666666666666,1.0,evidence_integration_failure,
hotpotqa_5ab7f7465542993667794071,mistral-small3.1:24b,retrieve_then_read,Retrieved Evidence,diagnostic_condition,evidence_narrowed_condition,True,hotpotqa,multi_hop,entity,16000,scattered,low,unknown,British Bristol Olympus turbojet,Bristol Olympus turbojet,p0001;p0002,p0001,True,0.0,0.8571428571428571,0.0,0.8571428571428571,0.0,0.8571428571428571,1.0,0.5,0.6666666666666666,1.0,evidence_integration_failure,
hotpotqa_5ab7f7465542993667794071,mistral-small3.1:24b,oracle,Oracle Evidence,diagnostic_baseline,oracle_evidence_upper_reference,True,hotpotqa,multi_hop,entity,16000,scattered,low,unknown,British Bristol Olympus turbojet,Bristol Olympus turbojet,p0001;p0002,p0001;p0002,True,0.0,0.8571428571428571,0.0,0.8571428571428571,0.0,0.8571428571428571,1.0,1.0,1.0,1.0,answer_conversion_failure,
hotpotqa_5adfad2b554299603e41835c,mistral-small3.1:24b,no_evidence,No Evidence,diagnostic_baseline,question_only_lower_bound,True,hotpotqa,multi_hop,entity,4000,front,low,unknown,Kenny Young,Mark Lindsay,p0001;p0002,,True,0.0,0.0,0.0,0.0,0.0,0.0,0.0,0.0,0.0,0.0,evidence_localization_failure,
hotpotqa_5adfad2b554299603e41835c,mistral-small3.1:24b,direct,Full Context,diagnostic_condition,full_context_condition,True,hotpotqa,multi_hop,entity,4000,front,low,unknown,Kenny Young,Kenny Young,p0001;p0002,p0001,True,1.0,1.0,1.0,1.0,1.0,1.0,1.0,0.5,0.6666666666666666,1.0,success,
hotpotqa_5adfad2b554299603e41835c,mistral-small3.1:24b,retrieve_then_read,Retrieved Evidence,diagnostic_condition,evidence_narrowed_condition,True,hotpotqa,multi_hop,entity,4000,front,low,unknown,Kenny Young,Kenny Young,p0001;p0002,p0001,True,1.0,1.0,1.0,1.0,1.0,1.0,1.0,0.5,0.6666666666666666,1.0,success,
hotpotqa_5adfad2b554299603e41835c,mistral-small3.1:24b,oracle,Oracle Evidence,diagnostic_baseline,oracle_evidence_upper_reference,True,hotpotqa,multi_hop,entity,4000,front,low,unknown,Kenny Young,Kenny Young,p0001;p0002,p0001,True,1.0,1.0,1.0,1.0,1.0,1.0,1.0,0.5,0.6666666666666666,1.0,success,
hotpotqa_5a861fa75542994775f60706,mistral-small3.1:24b,no_evidence,No Evidence,diagnostic_baseline,question_only_lower_bound,True,hotpotqa,multi_hop,entity,8000,middle,low,unknown,North American Aviation T-6 Texan,T-6 Texan,p0001;p0002,,True,0.0,0.5714285714285715,0.0,0.6666666666666666,0.0,0.5714285714285715,0.0,0.0,0.0,0.0,evidence_localization_failure,
hotpotqa_5a861fa75542994775f60706,mistral-small3.1:24b,direct,Full Context,diagnostic_condition,full_context_condition,True,hotpotqa,multi_hop,entity,8000,middle,low,unknown,North American Aviation T-6 Texan,T-6 Texan,p0001;p0002,p0001,True,0.0,0.5714285714285715,0.0,0.6666666666666666,0.0,0.5714285714285715,1.0,0.5,0.6666666666666666,1.0,evidence_integration_failure,
hotpotqa_5a861fa75542994775f60706,mistral-small3.1:24b,retrieve_then_read,Retrieved Evidence,diagnostic_condition,evidence_narrowed_condition,True,hotpotqa,multi_hop,entity,8000,middle,low,unknown,North American Aviation T-6 Texan,NA-35,p0001;p0002,,True,0.0,0.0,0.0,0.0,0.0,0.0,0.0,0.0,0.0,0.0,evidence_localization_failure,
hotpotqa_5a861fa75542994775f60706,mistral-small3.1:24b,oracle,Oracle Evidence,diagnostic_baseline,oracle_evidence_upper_reference,True,hotpotqa,multi_hop,entity,8000,middle,low,unknown,North American Aviation T-6 Texan,T-6 Texan,p0001;p0002,p0001;p0002,True,0.0,0.5714285714285715,0.0,0.6666666666666666,0.0,0.5714285714285715,1.0,1.0,1.0,1.0,answer_conversion_failure,
hotpotqa_5a888fe6554299206df2b2f7,mistral-small3.1:24b,no_evidence,No Evidence,diagnostic_baseline,question_only_lower_bound,True,hotpotqa,multi_hop,entity,16000,end,low,unknown,T. R. M. Howard,Dr. George C. Leile,p0001;p0002,,True,0.0,0.0,0.0,0.0,0.0,0.0,0.0,0.0,0.0,0.0,evidence_localization_failure,
hotpotqa_5a888fe6554299206df2b2f7,mistral-small3.1:24b,direct,Full Context,diagnostic_condition,full_context_condition,True,hotpotqa,multi_hop,entity,16000,end,low,unknown,T. R. M. Howard,Theodore Roosevelt Mason Howard,p0001;p0002,p0001;p0002,True,0.0,0.25,0.0,0.25,0.0,0.25,1.0,1.0,1.0,1.0,answer_conversion_failure,
hotpotqa_5a888fe6554299206df2b2f7,mistral-small3.1:24b,retrieve_then_read,Retrieved Evidence,diagnostic_condition,evidence_narrowed_condition,True,hotpotqa,multi_hop,entity,16000,end,low,unknown,T. R. M. Howard,Theodore Roosevelt Mason Howard,p0001;p0002,p0001;p0002,True,0.0,0.25,0.0,0.25,0.0,0.25,1.0,1.0,1.0,1.0,answer_conversion_failure,
hotpotqa_5a888fe6554299206df2b2f7,mistral-small3.1:24b,oracle,Oracle Evidence,diagnostic_baseline,oracle_evidence_upper_reference,True,hotpotqa,multi_hop,entity,16000,end,low,unknown,T. R. M. Howard,T. R. M. Howard,p0001;p0002,p0001;p0002,True,1.0,1.0,1.0,1.0,1.0,1.0,1.0,1.0,1.0,1.0,success,
hotpotqa_5ab865235542992aa3b8c8db,mistral-small3.1:24b,no_evidence,No Evidence,diagnostic_baseline,question_only_lower_bound,True,hotpotqa,multi_hop,string,4000,scattered,medium,unknown,500 metres,100 meters,p0001;p0002;p0003;p0004,,True,0.0,0.0,0.0,0.0,0.0,0.0,0.0,0.0,0.0,0.0,evidence_localization_failure,
hotpotqa_5ab865235542992aa3b8c8db,mistral-small3.1:24b,direct,Full Context,diagnostic_condition,full_context_condition,True,hotpotqa,multi_hop,string,4000,scattered,medium,unknown,500 metres,500 metres,p0001;p0002;p0003;p0004,p0001;p0003,True,1.0,1.0,1.0,1.0,1.0,1.0,1.0,0.5,0.6666666666666666,1.0,success,
hotpotqa_5ab865235542992aa3b8c8db,mistral-small3.1:24b,retrieve_then_read,Retrieved Evidence,diagnostic_condition,evidence_narrowed_condition,True,hotpotqa,multi_hop,string,4000,scattered,medium,unknown,500 metres,500 metres,p0001;p0002;p0003;p0004,p0001,True,1.0,1.0,1.0,1.0,1.0,1.0,1.0,0.25,0.4,1.0,success,
hotpotqa_5ab865235542992aa3b8c8db,mistral-small3.1:24b,oracle,Oracle Evidence,diagnostic_baseline,oracle_evidence_upper_reference,True,hotpotqa,multi_hop,string,4000,scattered,medium,unknown,500 metres,500 metres,p0001;p0002;p0003;p0004,p0001;p0002;p0004,True,1.0,1.0,1.0,1.0,1.0,1.0,1.0,0.75,0.8571428571428571,1.0,success,
hotpotqa_5ae533535542993aec5ec173,mistral-small3.1:24b,no_evidence,No Evidence,diagnostic_baseline,question_only_lower_bound,True,hotpotqa,multi_hop,string,8000,front,low,unknown,political correctness,euphemism,p0001;p0002,,True,0.0,0.0,0.0,0.0,0.0,0.0,0.0,0.0,0.0,0.0,evidence_localization_failure,
hotpotqa_5ae533535542993aec5ec173,mistral-small3.1:24b,direct,Full Context,diagnostic_condition,full_context_condition,True,hotpotqa,multi_hop,string,8000,front,low,unknown,political correctness,political correctness,p0001;p0002,p0002,True,1.0,1.0,1.0,1.0,1.0,1.0,1.0,0.5,0.6666666666666666,1.0,success,
hotpotqa_5ae533535542993aec5ec173,mistral-small3.1:24b,retrieve_then_read,Retrieved Evidence,diagnostic_condition,evidence_narrowed_condition,True,hotpotqa,multi_hop,string,8000,front,low,unknown,political correctness,Scientism,p0001;p0002,,True,0.0,0.0,0.0,0.0,0.0,0.0,0.0,0.0,0.0,0.0,evidence_localization_failure,
hotpotqa_5ae533535542993aec5ec173,mistral-small3.1:24b,oracle,Oracle Evidence,diagnostic_baseline,oracle_evidence_upper_reference,True,hotpotqa,multi_hop,string,8000,front,low,unknown,political correctness,political correctness,p0001;p0002,p0001;p0002,True,1.0,1.0,1.0,1.0,1.0,1.0,1.0,1.0,1.0,1.0,success,
hotpotqa_5adbe9fa55429944faac23ba,mistral-small3.1:24b,no_evidence,No Evidence,diagnostic_baseline,question_only_lower_bound,True,hotpotqa,comparison,yes_no,16000,middle,low,unknown,yes,yes,p0001;p0002,,True,1.0,1.0,1.0,1.0,1.0,1.0,0.0,0.0,0.0,0.0,success,
hotpotqa_5adbe9fa55429944faac23ba,mistral-small3.1:24b,direct,Full Context,diagnostic_condition,full_context_condition,True,hotpotqa,comparison,yes_no,16000,middle,low,unknown,yes,yes,p0001;p0002,p0001,True,1.0,1.0,1.0,1.0,1.0,1.0,1.0,0.5,0.6666666666666666,1.0,success,
hotpotqa_5adbe9fa55429944faac23ba,mistral-small3.1:24b,retrieve_then_read,Retrieved Evidence,diagnostic_condition,evidence_narrowed_condition,True,hotpotqa,comparison,yes_no,16000,middle,low,unknown,yes,yes,p0001;p0002,p0001;p0002,True,1.0,1.0,1.0,1.0,1.0,1.0,1.0,1.0,1.0,1.0,success,
hotpotqa_5adbe9fa55429944faac23ba,mistral-small3.1:24b,oracle,Oracle Evidence,diagnostic_baseline,oracle_evidence_upper_reference,True,hotpotqa,comparison,yes_no,16000,middle,low,unknown,yes,yes,p0001;p0002,p0001;p0002,True,1.0,1.0,1.0,1.0,1.0,1.0,1.0,1.0,1.0,1.0,success,
hotpotqa_5a84e61b5542997b5ce3ff86,mistral-small3.1:24b,no_evidence,No Evidence,diagnostic_baseline,question_only_lower_bound,True,hotpotqa,multi_hop,string,4000,end,medium,unknown,show's 500th episode,750th episode,p0001;p0002;p0003,,True,0.0,0.4,0.0,0.3333333333333333,0.0,0.4,0.0,0.0,0.0,0.0,evidence_localization_failure,
hotpotqa_5a84e61b5542997b5ce3ff86,mistral-small3.1:24b,direct,Full Context,diagnostic_condition,full_context_condition,True,hotpotqa,multi_hop,string,4000,end,medium,unknown,show's 500th episode,500th episode,p0001;p0002;p0003,p0002,True,0.0,0.8,0.0,0.6666666666666666,0.0,0.8,1.0,0.3333333333333333,0.5,1.0,evidence_integration_failure,
hotpotqa_5a84e61b5542997b5ce3ff86,mistral-small3.1:24b,retrieve_then_read,Retrieved Evidence,diagnostic_condition,evidence_narrowed_condition,True,hotpotqa,multi_hop,string,4000,end,medium,unknown,show's 500th episode,500th episode,p0001;p0002;p0003,p0002;p0003,True,0.0,0.8,0.0,0.6666666666666666,0.0,0.8,1.0,0.6666666666666666,0.8,1.0,evidence_integration_failure,
hotpotqa_5a84e61b5542997b5ce3ff86,mistral-small3.1:24b,oracle,Oracle Evidence,diagnostic_baseline,oracle_evidence_upper_reference,True,hotpotqa,multi_hop,string,4000,end,medium,unknown,show's 500th episode,500th episode,p0001;p0002;p0003,p0002;p0003,True,0.0,0.8,0.0,0.6666666666666666,0.0,0.8,1.0,0.6666666666666666,0.8,1.0,evidence_integration_failure,
hotpotqa_5ab5ec0a5542997d4ad1f250,mistral-small3.1:24b,no_evidence,No Evidence,diagnostic_baseline,question_only_lower_bound,True,hotpotqa,multi_hop,string,8000,scattered,low,unknown,650 locations,190,p0001;p0002,,True,0.0,0.0,0.0,0.0,0.0,0.0,0.0,0.0,0.0,0.0,evidence_localization_failure,
hotpotqa_5ab5ec0a5542997d4ad1f250,mistral-small3.1:24b,direct,Full Context,diagnostic_condition,full_context_condition,True,hotpotqa,multi_hop,string,8000,scattered,low,unknown,650 locations,650,p0001;p0002,p0001,True,0.0,0.6666666666666666,0.0,0.6666666666666666,0.0,0.6666666666666666,1.0,0.5,0.6666666666666666,1.0,evidence_integration_failure,
hotpotqa_5ab5ec0a5542997d4ad1f250,mistral-small3.1:24b,retrieve_then_read,Retrieved Evidence,diagnostic_condition,evidence_narrowed_condition,True,hotpotqa,multi_hop,string,8000,scattered,low,unknown,650 locations,650,p0001;p0002,p0001,True,0.0,0.6666666666666666,0.0,0.6666666666666666,0.0,0.6666666666666666,1.0,0.5,0.6666666666666666,1.0,evidence_integration_failure,
hotpotqa_5ab5ec0a5542997d4ad1f250,mistral-small3.1:24b,oracle,Oracle Evidence,diagnostic_baseline,oracle_evidence_upper_reference,True,hotpotqa,multi_hop,string,8000,scattered,low,unknown,650 locations,650,p0001;p0002,p0001,True,0.0,0.6666666666666666,0.0,0.6666666666666666,0.0,0.6666666666666666,1.0,0.5,0.6666666666666666,1.0,evidence_integration_failure,
hotpotqa_5a72a9ab5542992359bc315a,mistral-small3.1:24b,no_evidence,No Evidence,diagnostic_baseline,question_only_lower_bound,True,hotpotqa,multi_hop,entity,16000,front,medium,unknown,the Pennacook people,Pennacook,p0001;p0002;p0003,,True,0.0,0.6666666666666666,0.0,0.6666666666666666,0.0,0.6666666666666666,0.0,0.0,0.0,0.0,evidence_localization_failure,
hotpotqa_5a72a9ab5542992359bc315a,mistral-small3.1:24b,direct,Full Context,diagnostic_condition,full_context_condition,True,hotpotqa,multi_hop,entity,16000,front,medium,unknown,the Pennacook people,Pennacook,p0001;p0002;p0003,p0001;p0003,True,0.0,0.6666666666666666,0.0,0.6666666666666666,0.0,0.6666666666666666,1.0,0.6666666666666666,0.8,1.0,evidence_integration_failure,
hotpotqa_5a72a9ab5542992359bc315a,mistral-small3.1:24b,retrieve_then_read,Retrieved Evidence,diagnostic_condition,evidence_narrowed_condition,True,hotpotqa,multi_hop,entity,16000,front,medium,unknown,the Pennacook people,Aquadoctan,p0001;p0002;p0003,,True,0.0,0.0,0.0,0.0,0.0,0.0,0.0,0.0,0.0,0.0,evidence_localization_failure,
hotpotqa_5a72a9ab5542992359bc315a,mistral-small3.1:24b,oracle,Oracle Evidence,diagnostic_baseline,oracle_evidence_upper_reference,True,hotpotqa,multi_hop,entity,16000,front,medium,unknown,the Pennacook people,Pennacook,p0001;p0002;p0003,p0001;p0002;p0003,True,0.0,0.6666666666666666,0.0,0.6666666666666666,0.0,0.6666666666666666,1.0,1.0,1.0,1.0,answer_conversion_failure,
hotpotqa_5a8209845542990a1d231f1f,mistral-small3.1:24b,no_evidence,No Evidence,diagnostic_baseline,question_only_lower_bound,True,hotpotqa,multi_hop,entity,4000,middle,low,unknown,Ducks,ducks,p0001;p0002,,True,1.0,1.0,1.0,1.0,1.0,1.0,0.0,0.0,0.0,0.0,success,
hotpotqa_5a8209845542990a1d231f1f,mistral-small3.1:24b,direct,Full Context,diagnostic_condition,full_context_condition,True,hotpotqa,multi_hop,entity,4000,middle,low,unknown,Ducks,Peabody Ducks,p0001;p0002,p0001;p0002,True,0.0,0.6666666666666666,0.0,0.6666666666666666,0.0,0.6666666666666666,1.0,1.0,1.0,1.0,answer_conversion_failure,
hotpotqa_5a8209845542990a1d231f1f,mistral-small3.1:24b,retrieve_then_read,Retrieved Evidence,diagnostic_condition,evidence_narrowed_condition,True,hotpotqa,multi_hop,entity,4000,middle,low,unknown,Ducks,Ducks,p0001;p0002,p0002,True,1.0,1.0,1.0,1.0,1.0,1.0,1.0,0.5,0.6666666666666666,1.0,success,
hotpotqa_5a8209845542990a1d231f1f,mistral-small3.1:24b,oracle,Oracle Evidence,diagnostic_baseline,oracle_evidence_upper_reference,True,hotpotqa,multi_hop,entity,4000,middle,low,unknown,Ducks,Ducks,p0001;p0002,p0002,True,1.0,1.0,1.0,1.0,1.0,1.0,1.0,0.5,0.6666666666666666,1.0,success,
hotpotqa_5a726b0f5542997f827839be,mistral-small3.1:24b,no_evidence,No Evidence,diagnostic_baseline,question_only_lower_bound,True,hotpotqa,comparison,entity,8000,end,low,unknown,Jean-Loup Jacques Marie Chrétien,Jean-Loup Chrétien,p0001;p0002,,True,0.0,0.6666666666666666,0.0,0.7499999999999999,0.0,0.6666666666666666,0.0,0.0,0.0,0.0,evidence_localization_failure,
hotpotqa_5a726b0f5542997f827839be,mistral-small3.1:24b,direct,Full Context,diagnostic_condition,full_context_condition,True,hotpotqa,comparison,entity,8000,end,low,unknown,Jean-Loup Jacques Marie Chrétien,Jean-Loup Chrétien,p0001;p0002,p0001;p0002,True,0.0,0.6666666666666666,0.0,0.7499999999999999,0.0,0.6666666666666666,1.0,1.0,1.0,1.0,answer_conversion_failure,
hotpotqa_5a726b0f5542997f827839be,mistral-small3.1:24b,retrieve_then_read,Retrieved Evidence,diagnostic_condition,evidence_narrowed_condition,True,hotpotqa,comparison,entity,8000,end,low,unknown,Jean-Loup Jacques Marie Chrétien,Jean-Loup Chrétien,p0001;p0002,p0001,True,0.0,0.6666666666666666,0.0,0.7499999999999999,0.0,0.6666666666666666,1.0,0.5,0.6666666666666666,1.0,evidence_integration_failure,
hotpotqa_5a726b0f5542997f827839be,mistral-small3.1:24b,oracle,Oracle Evidence,diagnostic_baseline,oracle_evidence_upper_reference,True,hotpotqa,comparison,entity,8000,end,low,unknown,Jean-Loup Jacques Marie Chrétien,Jean-Loup Chrétien,p0001;p0002,p0001;p0002,True,0.0,0.6666666666666666,0.0,0.7499999999999999,0.0,0.6666666666666666,1.0,1.0,1.0,1.0,answer_conversion_failure,
hotpotqa_5a8b4ec155429949d91db53f,mistral-small3.1:24b,no_evidence,No Evidence,diagnostic_baseline,question_only_lower_bound,True,hotpotqa,multi_hop,entity,16000,scattered,low,unknown,Zachary Levi,Zachary Levi,p0001;p0002,,True,1.0,1.0,1.0,1.0,1.0,1.0,0.0,0.0,0.0,0.0,success,
hotpotqa_5a8b4ec155429949d91db53f,mistral-small3.1:24b,direct,Full Context,diagnostic_condition,full_context_condition,True,hotpotqa,multi_hop,entity,16000,scattered,low,unknown,Zachary Levi,Zachary Levi,p0001;p0002,p0001,True,1.0,1.0,1.0,1.0,1.0,1.0,1.0,0.5,0.6666666666666666,1.0,success,
hotpotqa_5a8b4ec155429949d91db53f,mistral-small3.1:24b,retrieve_then_read,Retrieved Evidence,diagnostic_condition,evidence_narrowed_condition,True,hotpotqa,multi_hop,entity,16000,scattered,low,unknown,Zachary Levi,Zachary Levi Pugh,p0001;p0002,,True,0.0,0.8,0.0,0.8,0.0,0.8,0.0,0.0,0.0,0.0,evidence_localization_failure,
hotpotqa_5a8b4ec155429949d91db53f,mistral-small3.1:24b,oracle,Oracle Evidence,diagnostic_baseline,oracle_evidence_upper_reference,True,hotpotqa,multi_hop,entity,16000,scattered,low,unknown,Zachary Levi,Zachary Levi,p0001;p0002,p0001;p0002,True,1.0,1.0,1.0,1.0,1.0,1.0,1.0,1.0,1.0,1.0,success,
hotpotqa_5ab438395542990594ba9bb9,mistral-small3.1:24b,no_evidence,No Evidence,diagnostic_baseline,question_only_lower_bound,True,hotpotqa,multi_hop,entity,4000,front,medium,unknown,Michael Seater,Miley Cyrus,p0001;p0002;p0003,,True,0.0,0.0,0.0,0.0,0.0,0.0,0.0,0.0,0.0,0.0,evidence_localization_failure,
hotpotqa_5ab438395542990594ba9bb9,mistral-small3.1:24b,direct,Full Context,diagnostic_condition,full_context_condition,True,hotpotqa,multi_hop,entity,4000,front,medium,unknown,Michael Seater,Michael Seater,p0001;p0002;p0003,p0001,True,1.0,1.0,1.0,1.0,1.0,1.0,1.0,0.3333333333333333,0.5,1.0,success,
hotpotqa_5ab438395542990594ba9bb9,mistral-small3.1:24b,retrieve_then_read,Retrieved Evidence,diagnostic_condition,evidence_narrowed_condition,True,hotpotqa,multi_hop,entity,4000,front,medium,unknown,Michael Seater,Michael Seater,p0001;p0002;p0003,p0003,True,1.0,1.0,1.0,1.0,1.0,1.0,1.0,0.3333333333333333,0.5,1.0,success,
hotpotqa_5ab438395542990594ba9bb9,mistral-small3.1:24b,oracle,Oracle Evidence,diagnostic_baseline,oracle_evidence_upper_reference,True,hotpotqa,multi_hop,entity,4000,front,medium,unknown,Michael Seater,Michael Seater,p0001;p0002;p0003,p0001;p0003,True,1.0,1.0,1.0,1.0,1.0,1.0,1.0,0.6666666666666666,0.8,1.0,success,
hotpotqa_5a81a7f75542995ce29dcc25,mistral-small3.1:24b,no_evidence,No Evidence,diagnostic_baseline,question_only_lower_bound,True,hotpotqa,multi_hop,entity,8000,middle,medium,unknown,Carrefour,Carrefour,p0001;p0002;p0003,,True,1.0,1.0,1.0,1.0,1.0,1.0,0.0,0.0,0.0,0.0,success,
hotpotqa_5a81a7f75542995ce29dcc25,mistral-small3.1:24b,direct,Full Context,diagnostic_condition,full_context_condition,True,hotpotqa,multi_hop,entity,8000,middle,medium,unknown,Carrefour,Carrefour,p0001;p0002;p0003,p0001;p0003,True,1.0,1.0,1.0,1.0,1.0,1.0,1.0,0.6666666666666666,0.8,1.0,success,
hotpotqa_5a81a7f75542995ce29dcc25,mistral-small3.1:24b,retrieve_then_read,Retrieved Evidence,diagnostic_condition,evidence_narrowed_condition,True,hotpotqa,multi_hop,entity,8000,middle,medium,unknown,Carrefour,Carrefour,p0001;p0002;p0003,p0002;p0003,True,1.0,1.0,1.0,1.0,1.0,1.0,1.0,0.6666666666666666,0.8,1.0,success,
hotpotqa_5a81a7f75542995ce29dcc25,mistral-small3.1:24b,oracle,Oracle Evidence,diagnostic_baseline,oracle_evidence_upper_reference,True,hotpotqa,multi_hop,entity,8000,middle,medium,unknown,Carrefour,Carrefour,p0001;p0002;p0003,p0001;p0002;p0003,True,1.0,1.0,1.0,1.0,1.0,1.0,1.0,1.0,1.0,1.0,success,
hotpotqa_5ae7ea695542994a481bbe17,mistral-small3.1:24b,no_evidence,No Evidence,diagnostic_baseline,question_only_lower_bound,True,hotpotqa,multi_hop,entity,16000,end,low,unknown,Apsley George Benet Cherry-Garrard,Apsley Cherry-Garrard,p0001;p0002,,True,0.0,0.6666666666666666,0.0,0.7499999999999999,0.0,0.6666666666666666,0.0,0.0,0.0,0.0,evidence_localization_failure,
hotpotqa_5ae7ea695542994a481bbe17,mistral-small3.1:24b,direct,Full Context,diagnostic_condition,full_context_condition,True,hotpotqa,multi_hop,entity,16000,end,low,unknown,Apsley George Benet Cherry-Garrard,Apsley Cherry-Garrard,p0001;p0002,p0001;p0002,True,0.0,0.6666666666666666,0.0,0.7499999999999999,0.0,0.6666666666666666,1.0,1.0,1.0,1.0,answer_conversion_failure,
hotpotqa_5ae7ea695542994a481bbe17,mistral-small3.1:24b,retrieve_then_read,Retrieved Evidence,diagnostic_condition,evidence_narrowed_condition,True,hotpotqa,multi_hop,entity,16000,end,low,unknown,Apsley George Benet Cherry-Garrard,Apsley Cherry-Garrard,p0001;p0002,,True,0.0,0.6666666666666666,0.0,0.7499999999999999,0.0,0.6666666666666666,0.0,0.0,0.0,0.0,evidence_localization_failure,
hotpotqa_5ae7ea695542994a481bbe17,mistral-small3.1:24b,oracle,Oracle Evidence,diagnostic_baseline,oracle_evidence_upper_reference,True,hotpotqa,multi_hop,entity,16000,end,low,unknown,Apsley George Benet Cherry-Garrard,Apsley Cherry-Garrard,p0001;p0002,p0001;p0002,True,0.0,0.6666666666666666,0.0,0.7499999999999999,0.0,0.6666666666666666,1.0,1.0,1.0,1.0,answer_conversion_failure,
hotpotqa_5a806cdf5542996402f6a508,mistral-small3.1:24b,no_evidence,No Evidence,diagnostic_baseline,question_only_lower_bound,True,hotpotqa,multi_hop,entity,4000,scattered,medium,unknown,University of Vienna,"University of California, Berkeley",p0001;p0002;p0003;p0004,,True,0.0,0.5714285714285715,0.0,0.5714285714285715,0.0,0.5714285714285715,0.0,0.0,0.0,0.0,evidence_localization_failure,
hotpotqa_5a806cdf5542996402f6a508,mistral-small3.1:24b,direct,Full Context,diagnostic_condition,full_context_condition,True,hotpotqa,multi_hop,entity,4000,scattered,medium,unknown,University of Vienna,Victoria University of Wellington,p0001;p0002;p0003;p0004,p0001;p0010,True,0.0,0.5714285714285715,0.0,0.5714285714285715,0.0,0.5714285714285715,0.5,0.25,0.3333333333333333,1.0,evidence_integration_failure,
hotpotqa_5a806cdf5542996402f6a508,mistral-small3.1:24b,retrieve_then_read,Retrieved Evidence,diagnostic_condition,evidence_narrowed_condition,True,hotpotqa,multi_hop,entity,4000,scattered,medium,unknown,University of Vienna,Cornell University,p0001;p0002;p0003;p0004,p0001;p0011,True,0.0,0.4,0.0,0.4,0.0,0.4,0.5,0.25,0.3333333333333333,1.0,evidence_integration_failure,
hotpotqa_5a806cdf5542996402f6a508,mistral-small3.1:24b,oracle,Oracle Evidence,diagnostic_baseline,oracle_evidence_upper_reference,True,hotpotqa,multi_hop,entity,4000,scattered,medium,unknown,University of Vienna,University of Vienna,p0001;p0002;p0003;p0004,p0001;p0002;p0003,True,1.0,1.0,1.0,1.0,1.0,1.0,1.0,0.75,0.8571428571428571,1.0,success,
hotpotqa_5a78d01d55429974737f78b3,mistral-small3.1:24b,no_evidence,No Evidence,diagnostic_baseline,question_only_lower_bound,True,hotpotqa,multi_hop,entity,8000,front,low,unknown,SBS,KBS,p0001;p0002,,True,0.0,0.0,0.0,0.0,0.0,0.0,0.0,0.0,0.0,0.0,evidence_localization_failure,
hotpotqa_5a78d01d55429974737f78b3,mistral-small3.1:24b,direct,Full Context,diagnostic_condition,full_context_condition,True,hotpotqa,multi_hop,entity,8000,front,low,unknown,SBS,SBS,p0001;p0002,p0001,True,1.0,1.0,1.0,1.0,1.0,1.0,1.0,0.5,0.6666666666666666,1.0,success,
hotpotqa_5a78d01d55429974737f78b3,mistral-small3.1:24b,retrieve_then_read,Retrieved Evidence,diagnostic_condition,evidence_narrowed_condition,True,hotpotqa,multi_hop,entity,8000,front,low,unknown,SBS,SETTV,p0001;p0002,,True,0.0,0.0,0.0,0.0,0.0,0.0,0.0,0.0,0.0,0.0,evidence_localization_failure,
hotpotqa_5a78d01d55429974737f78b3,mistral-small3.1:24b,oracle,Oracle Evidence,diagnostic_baseline,oracle_evidence_upper_reference,True,hotpotqa,multi_hop,entity,8000,front,low,unknown,SBS,SBS,p0001;p0002,p0001;p0002,True,1.0,1.0,1.0,1.0,1.0,1.0,1.0,1.0,1.0,1.0,success,
hotpotqa_5a866e7e554299211dda2b29,mistral-small3.1:24b,no_evidence,No Evidence,diagnostic_baseline,question_only_lower_bound,True,hotpotqa,multi_hop,entity,16000,middle,medium,unknown,Peer,Liberal,p0001;p0002;p0003,,True,0.0,0.0,0.0,0.0,0.0,0.0,0.0,0.0,0.0,0.0,evidence_localization_failure,
hotpotqa_5a866e7e554299211dda2b29,mistral-small3.1:24b,direct,Full Context,diagnostic_condition,full_context_condition,True,hotpotqa,multi_hop,entity,16000,middle,medium,unknown,Peer,Peer,p0001;p0002;p0003,p0001;p0002;p0003,True,1.0,1.0,1.0,1.0,1.0,1.0,1.0,1.0,1.0,1.0,success,
hotpotqa_5a866e7e554299211dda2b29,mistral-small3.1:24b,retrieve_then_read,Retrieved Evidence,diagnostic_condition,evidence_narrowed_condition,True,hotpotqa,multi_hop,entity,16000,middle,medium,unknown,Peer,Peer,p0001;p0002;p0003,p0001;p0003,True,1.0,1.0,1.0,1.0,1.0,1.0,1.0,0.6666666666666666,0.8,1.0,success,
hotpotqa_5a866e7e554299211dda2b29,mistral-small3.1:24b,oracle,Oracle Evidence,diagnostic_baseline,oracle_evidence_upper_reference,True,hotpotqa,multi_hop,entity,16000,middle,medium,unknown,Peer,Peer,p0001;p0002;p0003,p0001;p0003,True,1.0,1.0,1.0,1.0,1.0,1.0,1.0,0.6666666666666666,0.8,1.0,success,
hotpotqa_5abaf6865542996cc5e49f3c,mistral-small3.1:24b,no_evidence,No Evidence,diagnostic_baseline,question_only_lower_bound,True,hotpotqa,multi_hop,entity,4000,end,low,unknown,Sean,Thomas Doherty played the role of Ethan,p0001;p0002,,True,0.0,0.0,0.0,0.0,0.0,0.0,0.0,0.0,0.0,0.0,evidence_localization_failure,
hotpotqa_5abaf6865542996cc5e49f3c,mistral-small3.1:24b,direct,Full Context,diagnostic_condition,full_context_condition,True,hotpotqa,multi_hop,entity,4000,end,low,unknown,Sean,Sean,p0001;p0002,p0001,True,1.0,1.0,1.0,1.0,1.0,1.0,1.0,0.5,0.6666666666666666,1.0,success,
hotpotqa_5abaf6865542996cc5e49f3c,mistral-small3.1:24b,retrieve_then_read,Retrieved Evidence,diagnostic_condition,evidence_narrowed_condition,True,hotpotqa,multi_hop,entity,4000,end,low,unknown,Sean,Oliver,p0001;p0002,,True,0.0,0.0,0.0,0.0,0.0,0.0,0.0,0.0,0.0,0.0,evidence_localization_failure,
hotpotqa_5abaf6865542996cc5e49f3c,mistral-small3.1:24b,oracle,Oracle Evidence,diagnostic_baseline,oracle_evidence_upper_reference,True,hotpotqa,multi_hop,entity,4000,end,low,unknown,Sean,Sean,p0001;p0002,p0001;p0002,True,1.0,1.0,1.0,1.0,1.0,1.0,1.0,1.0,1.0,1.0,success,
hotpotqa_5abebbe65542997719eab59d,mistral-small3.1:24b,no_evidence,No Evidence,diagnostic_baseline,question_only_lower_bound,True,hotpotqa,multi_hop,entity,8000,scattered,medium,unknown,"February 20, 1978","April 25, 1979",p0001;p0002;p0003,,True,0.0,0.0,0.0,0.0,0.0,0.0,0.0,0.0,0.0,0.0,evidence_localization_failure,
hotpotqa_5abebbe65542997719eab59d,mistral-small3.1:24b,direct,Full Context,diagnostic_condition,full_context_condition,True,hotpotqa,multi_hop,entity,8000,scattered,medium,unknown,"February 20, 1978","February 20, 1978",p0001;p0002;p0003,p0003,True,1.0,1.0,1.0,1.0,1.0,1.0,1.0,0.3333333333333333,0.5,1.0,success,
hotpotqa_5abebbe65542997719eab59d,mistral-small3.1:24b,retrieve_then_read,Retrieved Evidence,diagnostic_condition,evidence_narrowed_condition,True,hotpotqa,multi_hop,entity,8000,scattered,medium,unknown,"February 20, 1978","February 20, 1978",p0001;p0002;p0003,,True,1.0,1.0,1.0,1.0,1.0,1.0,0.0,0.0,0.0,0.0,success,
hotpotqa_5abebbe65542997719eab59d,mistral-small3.1:24b,oracle,Oracle Evidence,diagnostic_baseline,oracle_evidence_upper_reference,True,hotpotqa,multi_hop,entity,8000,scattered,medium,unknown,"February 20, 1978","February 20, 1978",p0001;p0002;p0003,p0002;p0003,True,1.0,1.0,1.0,1.0,1.0,1.0,1.0,0.6666666666666666,0.8,1.0,success,
