sample_id,model_name,method,method_display_name,method_family,method_role,core_diagnostic,source,reasoning_type,answer_type,context_length,evidence_position,evidence_density,distractor_similarity,gold_answer,predicted_answer,gold_evidence_ids,predicted_evidence_ids,cue_applicable,exact_match_strict,answer_f1_strict,exact_match_relaxed,answer_f1_relaxed,exact_match,answer_f1,evidence_precision,evidence_recall,evidence_f1,citation_grounding,failure_type,parse_error
hotpotqa_5adbf0a255429947ff17385a,llama3.1:8b,no_evidence,No Evidence,diagnostic_baseline,question_only_lower_bound,True,hotpotqa,comparison,yes_no,4000,front,low,unknown,no,no,p0001;p0002,,True,1.0,1.0,1.0,1.0,1.0,1.0,0.0,0.0,0.0,0.0,success,
hotpotqa_5adbf0a255429947ff17385a,llama3.1:8b,direct,Full Context,diagnostic_condition,full_context_condition,True,hotpotqa,comparison,yes_no,4000,front,low,unknown,no,yes,p0001;p0002,p0002,True,0.0,0.0,0.0,0.0,0.0,0.0,1.0,0.5,0.6666666666666666,1.0,evidence_integration_failure,
hotpotqa_5adbf0a255429947ff17385a,llama3.1:8b,retrieve_then_read,Retrieved Evidence,diagnostic_condition,evidence_narrowed_condition,True,hotpotqa,comparison,yes_no,4000,front,low,unknown,no,no,p0001;p0002,p0002;p0001,True,1.0,1.0,1.0,1.0,1.0,1.0,1.0,1.0,1.0,1.0,success,
hotpotqa_5adbf0a255429947ff17385a,llama3.1:8b,oracle,Oracle Evidence,diagnostic_baseline,oracle_evidence_upper_reference,True,hotpotqa,comparison,yes_no,4000,front,low,unknown,no,no,p0001;p0002,p0001;p0002,True,1.0,1.0,1.0,1.0,1.0,1.0,1.0,1.0,1.0,1.0,success,
hotpotqa_5ab56e32554299637185c594,llama3.1:8b,no_evidence,No Evidence,diagnostic_baseline,question_only_lower_bound,True,hotpotqa,comparison,yes_no,8000,middle,low,unknown,no,yes,p0001;p0002,,True,0.0,0.0,0.0,0.0,0.0,0.0,0.0,0.0,0.0,0.0,evidence_localization_failure,
hotpotqa_5ab56e32554299637185c594,llama3.1:8b,direct,Full Context,diagnostic_condition,full_context_condition,True,hotpotqa,comparison,yes_no,8000,middle,low,unknown,no,yes,p0001;p0002,p0001,True,0.0,0.0,0.0,0.0,0.0,0.0,1.0,0.5,0.6666666666666666,1.0,evidence_integration_failure,
hotpotqa_5ab56e32554299637185c594,llama3.1:8b,retrieve_then_read,Retrieved Evidence,diagnostic_condition,evidence_narrowed_condition,True,hotpotqa,comparison,yes_no,8000,middle,low,unknown,no,yes,p0001;p0002,,True,0.0,0.0,0.0,0.0,0.0,0.0,0.0,0.0,0.0,0.0,evidence_localization_failure,
hotpotqa_5ab56e32554299637185c594,llama3.1:8b,oracle,Oracle Evidence,diagnostic_baseline,oracle_evidence_upper_reference,True,hotpotqa,comparison,yes_no,8000,middle,low,unknown,no,yes,p0001;p0002,p0001;p0002,True,0.0,0.0,0.0,0.0,0.0,0.0,1.0,1.0,1.0,1.0,answer_conversion_failure,
hotpotqa_5ab6d09255429954757d337d,llama3.1:8b,no_evidence,No Evidence,diagnostic_baseline,question_only_lower_bound,True,hotpotqa,multi_hop,string,16000,end,medium,unknown,from 1986 to 2013,Alex Ferguson,p0001;p0002;p0003,,True,0.0,0.0,0.0,0.0,0.0,0.0,0.0,0.0,0.0,0.0,evidence_localization_failure,
hotpotqa_5ab6d09255429954757d337d,llama3.1:8b,direct,Full Context,diagnostic_condition,full_context_condition,True,hotpotqa,multi_hop,string,16000,end,medium,unknown,from 1986 to 2013,1945 to 1969,p0001;p0002;p0003,p0002,True,0.0,0.28571428571428575,0.0,0.28571428571428575,0.0,0.28571428571428575,1.0,0.3333333333333333,0.5,1.0,evidence_integration_failure,
hotpotqa_5ab6d09255429954757d337d,llama3.1:8b,retrieve_then_read,Retrieved Evidence,diagnostic_condition,evidence_narrowed_condition,True,hotpotqa,multi_hop,string,16000,end,medium,unknown,from 1986 to 2013,1945-1969,p0001;p0002;p0003,,True,0.0,0.0,0.0,0.0,0.0,0.0,0.0,0.0,0.0,0.0,evidence_localization_failure,
hotpotqa_5ab6d09255429954757d337d,llama3.1:8b,oracle,Oracle Evidence,diagnostic_baseline,oracle_evidence_upper_reference,True,hotpotqa,multi_hop,string,16000,end,medium,unknown,from 1986 to 2013,Alex Ferguson,p0001;p0002;p0003,p0003;p0002,True,0.0,0.0,0.0,0.0,0.0,0.0,1.0,0.6666666666666666,0.8,1.0,evidence_integration_failure,
hotpotqa_5adddccd5542997dc7907069,llama3.1:8b,no_evidence,No Evidence,diagnostic_baseline,question_only_lower_bound,True,hotpotqa,multi_hop,string,4000,scattered,medium,unknown,keyboard function keys,iPod,p0001;p0002;p0003;p0004,,True,0.0,0.0,0.0,0.0,0.0,0.0,0.0,0.0,0.0,0.0,evidence_localization_failure,
hotpotqa_5adddccd5542997dc7907069,llama3.1:8b,direct,Full Context,diagnostic_condition,full_context_condition,True,hotpotqa,multi_hop,string,4000,scattered,medium,unknown,keyboard function keys,Front Row,p0001;p0002;p0003;p0004,p0003,True,0.0,0.0,0.0,0.0,0.0,0.0,1.0,0.25,0.4,1.0,evidence_integration_failure,
hotpotqa_5adddccd5542997dc7907069,llama3.1:8b,retrieve_then_read,Retrieved Evidence,diagnostic_condition,evidence_narrowed_condition,True,hotpotqa,multi_hop,string,4000,scattered,medium,unknown,keyboard function keys,Siri Remote,p0001;p0002;p0003;p0004,,True,0.0,0.0,0.0,0.0,0.0,0.0,0.0,0.0,0.0,0.0,evidence_localization_failure,
hotpotqa_5adddccd5542997dc7907069,llama3.1:8b,oracle,Oracle Evidence,diagnostic_baseline,oracle_evidence_upper_reference,True,hotpotqa,multi_hop,string,4000,scattered,medium,unknown,keyboard function keys,iSight iMac G5,p0001;p0002;p0003;p0004,p0002;p0003,True,0.0,0.0,0.0,0.0,0.0,0.0,1.0,0.5,0.6666666666666666,1.0,evidence_integration_failure,
hotpotqa_5ae22b8d554299234fd0440f,llama3.1:8b,no_evidence,No Evidence,diagnostic_baseline,question_only_lower_bound,True,hotpotqa,multi_hop,entity,8000,front,medium,unknown,World's Best Goalkeeper,Peter Schmeichel,p0001;p0002;p0003,,True,0.0,0.0,0.0,0.0,0.0,0.0,0.0,0.0,0.0,0.0,evidence_localization_failure,
hotpotqa_5ae22b8d554299234fd0440f,llama3.1:8b,direct,Full Context,diagnostic_condition,full_context_condition,True,hotpotqa,multi_hop,entity,8000,front,medium,unknown,World's Best Goalkeeper,Peter Schmeichel,p0001;p0002;p0003,p0001,True,0.0,0.0,0.0,0.0,0.0,0.0,1.0,0.3333333333333333,0.5,1.0,evidence_integration_failure,
hotpotqa_5ae22b8d554299234fd0440f,llama3.1:8b,retrieve_then_read,Retrieved Evidence,diagnostic_condition,evidence_narrowed_condition,True,hotpotqa,multi_hop,entity,8000,front,medium,unknown,World's Best Goalkeeper,Peter Schmeichel,p0001;p0002;p0003,p0003,True,0.0,0.0,0.0,0.0,0.0,0.0,1.0,0.3333333333333333,0.5,1.0,evidence_integration_failure,
hotpotqa_5ae22b8d554299234fd0440f,llama3.1:8b,oracle,Oracle Evidence,diagnostic_baseline,oracle_evidence_upper_reference,True,hotpotqa,multi_hop,entity,8000,front,medium,unknown,World's Best Goalkeeper,Peter Schmeichel,p0001;p0002;p0003,p0003,True,0.0,0.0,0.0,0.0,0.0,0.0,1.0,0.3333333333333333,0.5,1.0,evidence_integration_failure,
hotpotqa_5a828c8355429966c78a6a50,llama3.1:8b,no_evidence,No Evidence,diagnostic_baseline,question_only_lower_bound,True,hotpotqa,multi_hop,entity,16000,middle,medium,unknown,Henry J. Kaiser,Henry J. Kaiser,p0001;p0002;p0003,,True,1.0,1.0,1.0,1.0,1.0,1.0,0.0,0.0,0.0,0.0,success,
hotpotqa_5a828c8355429966c78a6a50,llama3.1:8b,direct,Full Context,diagnostic_condition,full_context_condition,True,hotpotqa,multi_hop,entity,16000,middle,medium,unknown,Henry J. Kaiser,Henry J. Kaiser,p0001;p0002;p0003,p0002;p0003,True,1.0,1.0,1.0,1.0,1.0,1.0,1.0,0.6666666666666666,0.8,1.0,success,
hotpotqa_5a828c8355429966c78a6a50,llama3.1:8b,retrieve_then_read,Retrieved Evidence,diagnostic_condition,evidence_narrowed_condition,True,hotpotqa,multi_hop,entity,16000,middle,medium,unknown,Henry J. Kaiser,Henry J. Kaiser,p0001;p0002;p0003,,True,1.0,1.0,1.0,1.0,1.0,1.0,0.0,0.0,0.0,0.0,success,
hotpotqa_5a828c8355429966c78a6a50,llama3.1:8b,oracle,Oracle Evidence,diagnostic_baseline,oracle_evidence_upper_reference,True,hotpotqa,multi_hop,entity,16000,middle,medium,unknown,Henry J. Kaiser,Henry J. Kaiser,p0001;p0002;p0003,p0002;p0003,True,1.0,1.0,1.0,1.0,1.0,1.0,1.0,0.6666666666666666,0.8,1.0,success,
hotpotqa_5ae0361155429925eb1afc2c,llama3.1:8b,no_evidence,No Evidence,diagnostic_baseline,question_only_lower_bound,True,hotpotqa,multi_hop,entity,4000,end,low,unknown,Charles Eugène,Charles Nungesser,p0001;p0002,,True,0.0,0.5,0.0,0.5,0.0,0.5,0.0,0.0,0.0,0.0,evidence_localization_failure,
hotpotqa_5ae0361155429925eb1afc2c,llama3.1:8b,direct,Full Context,diagnostic_condition,full_context_condition,True,hotpotqa,multi_hop,entity,4000,end,low,unknown,Charles Eugène,Charles Nungesser,p0001;p0002,p0001,True,0.0,0.5,0.0,0.5,0.0,0.5,1.0,0.5,0.6666666666666666,1.0,evidence_integration_failure,
hotpotqa_5ae0361155429925eb1afc2c,llama3.1:8b,retrieve_then_read,Retrieved Evidence,diagnostic_condition,evidence_narrowed_condition,True,hotpotqa,multi_hop,entity,4000,end,low,unknown,Charles Eugène,Charles Nungesser,p0001;p0002,p0002;p0001,True,0.0,0.5,0.0,0.5,0.0,0.5,1.0,1.0,1.0,1.0,answer_conversion_failure,
hotpotqa_5ae0361155429925eb1afc2c,llama3.1:8b,oracle,Oracle Evidence,diagnostic_baseline,oracle_evidence_upper_reference,True,hotpotqa,multi_hop,entity,4000,end,low,unknown,Charles Eugène,Charles Nungesser,p0001;p0002,p0002;p0001,True,0.0,0.5,0.0,0.5,0.0,0.5,1.0,1.0,1.0,1.0,answer_conversion_failure,
hotpotqa_5abc0a5d5542993f40c73c64,llama3.1:8b,no_evidence,No Evidence,diagnostic_baseline,question_only_lower_bound,True,hotpotqa,comparison,yes_no,8000,scattered,low,unknown,no,yes,p0001;p0002,,True,0.0,0.0,0.0,0.0,0.0,0.0,0.0,0.0,0.0,0.0,evidence_localization_failure,
hotpotqa_5abc0a5d5542993f40c73c64,llama3.1:8b,direct,Full Context,diagnostic_condition,full_context_condition,True,hotpotqa,comparison,yes_no,8000,scattered,low,unknown,no,no,p0001;p0002,p0002,True,1.0,1.0,1.0,1.0,1.0,1.0,1.0,0.5,0.6666666666666666,1.0,success,
hotpotqa_5abc0a5d5542993f40c73c64,llama3.1:8b,retrieve_then_read,Retrieved Evidence,diagnostic_condition,evidence_narrowed_condition,True,hotpotqa,comparison,yes_no,8000,scattered,low,unknown,no,no,p0001;p0002,p0003;p0004,True,1.0,1.0,1.0,1.0,1.0,1.0,0.0,0.0,0.0,0.0,success,
hotpotqa_5abc0a5d5542993f40c73c64,llama3.1:8b,oracle,Oracle Evidence,diagnostic_baseline,oracle_evidence_upper_reference,True,hotpotqa,comparison,yes_no,8000,scattered,low,unknown,no,no,p0001;p0002,p0002,True,1.0,1.0,1.0,1.0,1.0,1.0,1.0,0.5,0.6666666666666666,1.0,success,
hotpotqa_5abf63f15542997ec76fd3ea,llama3.1:8b,no_evidence,No Evidence,diagnostic_baseline,question_only_lower_bound,True,hotpotqa,multi_hop,entity,16000,front,low,unknown,October 1922,1922,p0001;p0002,,True,0.0,0.6666666666666666,0.0,0.6666666666666666,0.0,0.6666666666666666,0.0,0.0,0.0,0.0,evidence_localization_failure,
hotpotqa_5abf63f15542997ec76fd3ea,llama3.1:8b,direct,Full Context,diagnostic_condition,full_context_condition,True,hotpotqa,multi_hop,entity,16000,front,low,unknown,October 1922,1924,p0001;p0002,p0010,True,0.0,0.0,0.0,0.0,0.0,0.0,0.0,0.0,0.0,0.0,evidence_selection_failure,
hotpotqa_5abf63f15542997ec76fd3ea,llama3.1:8b,retrieve_then_read,Retrieved Evidence,diagnostic_condition,evidence_narrowed_condition,True,hotpotqa,multi_hop,entity,16000,front,low,unknown,October 1922,1922,p0001;p0002,p0002,True,0.0,0.6666666666666666,0.0,0.6666666666666666,0.0,0.6666666666666666,1.0,0.5,0.6666666666666666,1.0,evidence_integration_failure,
hotpotqa_5abf63f15542997ec76fd3ea,llama3.1:8b,oracle,Oracle Evidence,diagnostic_baseline,oracle_evidence_upper_reference,True,hotpotqa,multi_hop,entity,16000,front,low,unknown,October 1922,October 1922,p0001;p0002,p0002,True,1.0,1.0,1.0,1.0,1.0,1.0,1.0,0.5,0.6666666666666666,1.0,success,
hotpotqa_5ab51dae5542991779162d82,llama3.1:8b,no_evidence,No Evidence,diagnostic_baseline,question_only_lower_bound,True,hotpotqa,comparison,yes_no,4000,middle,low,unknown,no,yes,p0001;p0002,,True,0.0,0.0,0.0,0.0,0.0,0.0,0.0,0.0,0.0,0.0,evidence_localization_failure,
hotpotqa_5ab51dae5542991779162d82,llama3.1:8b,direct,Full Context,diagnostic_condition,full_context_condition,True,hotpotqa,comparison,yes_no,4000,middle,low,unknown,no,no,p0001;p0002,p0002,True,1.0,1.0,1.0,1.0,1.0,1.0,1.0,0.5,0.6666666666666666,1.0,success,
hotpotqa_5ab51dae5542991779162d82,llama3.1:8b,retrieve_then_read,Retrieved Evidence,diagnostic_condition,evidence_narrowed_condition,True,hotpotqa,comparison,yes_no,4000,middle,low,unknown,no,no,p0001;p0002,p0002;p0001,True,1.0,1.0,1.0,1.0,1.0,1.0,1.0,1.0,1.0,1.0,success,
hotpotqa_5ab51dae5542991779162d82,llama3.1:8b,oracle,Oracle Evidence,diagnostic_baseline,oracle_evidence_upper_reference,True,hotpotqa,comparison,yes_no,4000,middle,low,unknown,no,no,p0001;p0002,p0002;p0001,True,1.0,1.0,1.0,1.0,1.0,1.0,1.0,1.0,1.0,1.0,success,
hotpotqa_5ab2d3df554299194fa9352c,llama3.1:8b,no_evidence,No Evidence,diagnostic_baseline,question_only_lower_bound,True,hotpotqa,multi_hop,string,8000,end,low,unknown,sovereignty,Adwa,p0001;p0002,,True,0.0,0.0,0.0,0.0,0.0,0.0,0.0,0.0,0.0,0.0,evidence_localization_failure,
hotpotqa_5ab2d3df554299194fa9352c,llama3.1:8b,direct,Full Context,diagnostic_condition,full_context_condition,True,hotpotqa,multi_hop,string,8000,end,low,unknown,sovereignty,its sovereignty,p0001;p0002,p0001,True,0.0,0.6666666666666666,0.0,0.6666666666666666,0.0,0.6666666666666666,1.0,0.5,0.6666666666666666,1.0,evidence_integration_failure,
hotpotqa_5ab2d3df554299194fa9352c,llama3.1:8b,retrieve_then_read,Retrieved Evidence,diagnostic_condition,evidence_narrowed_condition,True,hotpotqa,multi_hop,string,8000,end,low,unknown,sovereignty,sovereignty,p0001;p0002,p0002,True,1.0,1.0,1.0,1.0,1.0,1.0,1.0,0.5,0.6666666666666666,1.0,success,
hotpotqa_5ab2d3df554299194fa9352c,llama3.1:8b,oracle,Oracle Evidence,diagnostic_baseline,oracle_evidence_upper_reference,True,hotpotqa,multi_hop,string,8000,end,low,unknown,sovereignty,sovereignty,p0001;p0002,p0002,True,1.0,1.0,1.0,1.0,1.0,1.0,1.0,0.5,0.6666666666666666,1.0,success,
hotpotqa_5a7d54165542995f4f402256,llama3.1:8b,no_evidence,No Evidence,diagnostic_baseline,question_only_lower_bound,True,hotpotqa,multi_hop,entity,16000,scattered,medium,unknown,Yellowcraig,North Sea,p0001;p0002;p0003;p0004,,True,0.0,0.0,0.0,0.0,0.0,0.0,0.0,0.0,0.0,0.0,evidence_localization_failure,
hotpotqa_5a7d54165542995f4f402256,llama3.1:8b,direct,Full Context,diagnostic_condition,full_context_condition,True,hotpotqa,multi_hop,entity,16000,scattered,medium,unknown,Yellowcraig,Yellowcraigs nature reserve,p0001;p0002;p0003;p0004,p0001,True,0.0,0.0,0.0,0.0,0.0,0.0,1.0,0.25,0.4,1.0,evidence_integration_failure,
hotpotqa_5a7d54165542995f4f402256,llama3.1:8b,retrieve_then_read,Retrieved Evidence,diagnostic_condition,evidence_narrowed_condition,True,hotpotqa,multi_hop,entity,16000,scattered,medium,unknown,Yellowcraig,Yellowcraig,p0001;p0002;p0003;p0004,p0004,True,1.0,1.0,1.0,1.0,1.0,1.0,1.0,0.25,0.4,1.0,success,
hotpotqa_5a7d54165542995f4f402256,llama3.1:8b,oracle,Oracle Evidence,diagnostic_baseline,oracle_evidence_upper_reference,True,hotpotqa,multi_hop,entity,16000,scattered,medium,unknown,Yellowcraig,Yellowcraigs,p0001;p0002;p0003;p0004,p0003,True,0.0,0.0,0.0,0.0,0.0,0.0,1.0,0.25,0.4,1.0,evidence_integration_failure,
hotpotqa_5abbf698554299114383a0b5,llama3.1:8b,no_evidence,No Evidence,diagnostic_baseline,question_only_lower_bound,True,hotpotqa,multi_hop,entity,4000,front,low,unknown,English Electric Canberra,Lincoln,p0001;p0002,,True,0.0,0.0,0.0,0.0,0.0,0.0,0.0,0.0,0.0,0.0,evidence_localization_failure,
hotpotqa_5abbf698554299114383a0b5,llama3.1:8b,direct,Full Context,diagnostic_condition,full_context_condition,True,hotpotqa,multi_hop,entity,4000,front,low,unknown,English Electric Canberra,English Electric Canberra,p0001;p0002,p0001,True,1.0,1.0,1.0,1.0,1.0,1.0,1.0,0.5,0.6666666666666666,1.0,success,
hotpotqa_5abbf698554299114383a0b5,llama3.1:8b,retrieve_then_read,Retrieved Evidence,diagnostic_condition,evidence_narrowed_condition,True,hotpotqa,multi_hop,entity,4000,front,low,unknown,English Electric Canberra,English Electric Canberra,p0001;p0002,p0002,True,1.0,1.0,1.0,1.0,1.0,1.0,1.0,0.5,0.6666666666666666,1.0,success,
hotpotqa_5abbf698554299114383a0b5,llama3.1:8b,oracle,Oracle Evidence,diagnostic_baseline,oracle_evidence_upper_reference,True,hotpotqa,multi_hop,entity,4000,front,low,unknown,English Electric Canberra,English Electric Canberra,p0001;p0002,p0002;p0001,True,1.0,1.0,1.0,1.0,1.0,1.0,1.0,1.0,1.0,1.0,success,
hotpotqa_5ab84bf555429916710eb01f,llama3.1:8b,no_evidence,No Evidence,diagnostic_baseline,question_only_lower_bound,True,hotpotqa,multi_hop,number,8000,middle,low,unknown,"1,462",34,p0001;p0002,,True,0.0,0.0,0.0,0.0,0.0,0.0,0.0,0.0,0.0,0.0,evidence_localization_failure,
hotpotqa_5ab84bf555429916710eb01f,llama3.1:8b,direct,Full Context,diagnostic_condition,full_context_condition,True,hotpotqa,multi_hop,number,8000,middle,low,unknown,"1,462",1462,p0001;p0002,p0001,True,1.0,1.0,0.0,0.0,1.0,1.0,1.0,0.5,0.6666666666666666,1.0,success,
hotpotqa_5ab84bf555429916710eb01f,llama3.1:8b,retrieve_then_read,Retrieved Evidence,diagnostic_condition,evidence_narrowed_condition,True,hotpotqa,multi_hop,number,8000,middle,low,unknown,"1,462",1462,p0001;p0002,p0002,True,1.0,1.0,0.0,0.0,1.0,1.0,1.0,0.5,0.6666666666666666,1.0,success,
hotpotqa_5ab84bf555429916710eb01f,llama3.1:8b,oracle,Oracle Evidence,diagnostic_baseline,oracle_evidence_upper_reference,True,hotpotqa,multi_hop,number,8000,middle,low,unknown,"1,462",1462,p0001;p0002,p0002,True,1.0,1.0,0.0,0.0,1.0,1.0,1.0,0.5,0.6666666666666666,1.0,success,
hotpotqa_5ab96ab755429970cfb8eacd,llama3.1:8b,no_evidence,No Evidence,diagnostic_baseline,question_only_lower_bound,True,hotpotqa,multi_hop,string,16000,end,medium,unknown,"Max Martin, Savan Kotecha and Ilya Salmanzadeh",Greg Kurstin,p0001;p0002;p0003;p0004,,True,0.0,0.0,0.0,0.0,0.0,0.0,0.0,0.0,0.0,0.0,evidence_localization_failure,
hotpotqa_5ab96ab755429970cfb8eacd,llama3.1:8b,direct,Full Context,diagnostic_condition,full_context_condition,True,hotpotqa,multi_hop,string,16000,end,medium,unknown,"Max Martin, Savan Kotecha and Ilya Salmanzadeh","Max Martin, Savan Kotecha, Ilya Salmanzadeh",p0001;p0002;p0003;p0004,p0003;p0004,True,0.0,0.923076923076923,0.0,0.923076923076923,0.0,0.923076923076923,1.0,0.5,0.6666666666666666,1.0,evidence_integration_failure,
hotpotqa_5ab96ab755429970cfb8eacd,llama3.1:8b,retrieve_then_read,Retrieved Evidence,diagnostic_condition,evidence_narrowed_condition,True,hotpotqa,multi_hop,string,16000,end,medium,unknown,"Max Martin, Savan Kotecha and Ilya Salmanzadeh","Justin Parker, MONSTA, Madeon and Mike Spencer",p0001;p0002;p0003;p0004,,True,0.0,0.14285714285714285,0.0,0.14285714285714285,0.0,0.14285714285714285,0.0,0.0,0.0,0.0,evidence_localization_failure,
hotpotqa_5ab96ab755429970cfb8eacd,llama3.1:8b,oracle,Oracle Evidence,diagnostic_baseline,oracle_evidence_upper_reference,True,hotpotqa,multi_hop,string,16000,end,medium,unknown,"Max Martin, Savan Kotecha and Ilya Salmanzadeh","Max Martin, Savan Kotecha and Ilya Salmanzadeh",p0001;p0002;p0003;p0004,p0003;p0004,True,1.0,1.0,1.0,1.0,1.0,1.0,1.0,0.5,0.6666666666666666,1.0,success,
hotpotqa_5ae5aba0554299546bf82f17,llama3.1:8b,no_evidence,No Evidence,diagnostic_baseline,question_only_lower_bound,True,hotpotqa,multi_hop,entity,4000,scattered,low,unknown,Teen Titans Go!,Teen Titans,p0001;p0002,,True,0.0,0.8,0.0,0.8,0.0,0.8,0.0,0.0,0.0,0.0,evidence_localization_failure,
hotpotqa_5ae5aba0554299546bf82f17,llama3.1:8b,direct,Full Context,diagnostic_condition,full_context_condition,True,hotpotqa,multi_hop,entity,4000,scattered,low,unknown,Teen Titans Go!,Teen Titans Go!,p0001;p0002,p0001,True,1.0,1.0,1.0,1.0,1.0,1.0,1.0,0.5,0.6666666666666666,1.0,success,
hotpotqa_5ae5aba0554299546bf82f17,llama3.1:8b,retrieve_then_read,Retrieved Evidence,diagnostic_condition,evidence_narrowed_condition,True,hotpotqa,multi_hop,entity,4000,scattered,low,unknown,Teen Titans Go!,Raven,p0001;p0002,p0009,True,0.0,0.0,0.0,0.0,0.0,0.0,0.0,0.0,0.0,0.0,evidence_selection_failure,
hotpotqa_5ae5aba0554299546bf82f17,llama3.1:8b,oracle,Oracle Evidence,diagnostic_baseline,oracle_evidence_upper_reference,True,hotpotqa,multi_hop,entity,4000,scattered,low,unknown,Teen Titans Go!,Teen Titans,p0001;p0002,p0001;p0002,True,0.0,0.8,0.0,0.8,0.0,0.8,1.0,1.0,1.0,1.0,answer_conversion_failure,
hotpotqa_5ae7e1fc55429952e35ea9cc,llama3.1:8b,no_evidence,No Evidence,diagnostic_baseline,question_only_lower_bound,True,hotpotqa,multi_hop,string,8000,front,low,unknown,orange,Orange,p0001;p0002,,True,1.0,1.0,1.0,1.0,1.0,1.0,0.0,0.0,0.0,0.0,success,
hotpotqa_5ae7e1fc55429952e35ea9cc,llama3.1:8b,direct,Full Context,diagnostic_condition,full_context_condition,True,hotpotqa,multi_hop,string,8000,front,low,unknown,orange,orange,p0001;p0002,p0001,True,1.0,1.0,1.0,1.0,1.0,1.0,1.0,0.5,0.6666666666666666,1.0,success,
hotpotqa_5ae7e1fc55429952e35ea9cc,llama3.1:8b,retrieve_then_read,Retrieved Evidence,diagnostic_condition,evidence_narrowed_condition,True,hotpotqa,multi_hop,string,8000,front,low,unknown,orange,orange,p0001;p0002,p0002,True,1.0,1.0,1.0,1.0,1.0,1.0,1.0,0.5,0.6666666666666666,1.0,success,
hotpotqa_5ae7e1fc55429952e35ea9cc,llama3.1:8b,oracle,Oracle Evidence,diagnostic_baseline,oracle_evidence_upper_reference,True,hotpotqa,multi_hop,string,8000,front,low,unknown,orange,orange,p0001;p0002,p0001,True,1.0,1.0,1.0,1.0,1.0,1.0,1.0,0.5,0.6666666666666666,1.0,success,
hotpotqa_5ae37c765542992f92d822d4,llama3.1:8b,no_evidence,No Evidence,diagnostic_baseline,question_only_lower_bound,True,hotpotqa,multi_hop,entity,16000,middle,low,unknown,Tromeo and Juliet,Romeo + Juliet,p0001;p0002,,True,0.0,0.4,0.0,0.3333333333333333,0.0,0.4,0.0,0.0,0.0,0.0,evidence_localization_failure,
hotpotqa_5ae37c765542992f92d822d4,llama3.1:8b,direct,Full Context,diagnostic_condition,full_context_condition,True,hotpotqa,multi_hop,entity,16000,middle,low,unknown,Tromeo and Juliet,Tromeo and Juliet,p0001;p0002,p0001,True,1.0,1.0,1.0,1.0,1.0,1.0,1.0,0.5,0.6666666666666666,1.0,success,
hotpotqa_5ae37c765542992f92d822d4,llama3.1:8b,retrieve_then_read,Retrieved Evidence,diagnostic_condition,evidence_narrowed_condition,True,hotpotqa,multi_hop,entity,16000,middle,low,unknown,Tromeo and Juliet,Romeo + Juliet,p0001;p0002,,True,0.0,0.4,0.0,0.3333333333333333,0.0,0.4,0.0,0.0,0.0,0.0,evidence_localization_failure,
hotpotqa_5ae37c765542992f92d822d4,llama3.1:8b,oracle,Oracle Evidence,diagnostic_baseline,oracle_evidence_upper_reference,True,hotpotqa,multi_hop,entity,16000,middle,low,unknown,Tromeo and Juliet,Tromeo and Juliet,p0001;p0002,p0002;p0001,True,1.0,1.0,1.0,1.0,1.0,1.0,1.0,1.0,1.0,1.0,success,
hotpotqa_5abdf12255429976d4830a2f,llama3.1:8b,no_evidence,No Evidence,diagnostic_baseline,question_only_lower_bound,True,hotpotqa,multi_hop,entity,4000,end,low,unknown,Bob Seger,Robert C Seger,p0001;p0002,,True,0.0,0.4,0.0,0.4,0.0,0.4,0.0,0.0,0.0,0.0,evidence_localization_failure,
hotpotqa_5abdf12255429976d4830a2f,llama3.1:8b,direct,Full Context,diagnostic_condition,full_context_condition,True,hotpotqa,multi_hop,entity,4000,end,low,unknown,Bob Seger,Bob Seger,p0001;p0002,,True,1.0,1.0,1.0,1.0,1.0,1.0,0.0,0.0,0.0,0.0,success,
hotpotqa_5abdf12255429976d4830a2f,llama3.1:8b,retrieve_then_read,Retrieved Evidence,diagnostic_condition,evidence_narrowed_condition,True,hotpotqa,multi_hop,entity,4000,end,low,unknown,Bob Seger,Bob Seger,p0001;p0002,,True,1.0,1.0,1.0,1.0,1.0,1.0,0.0,0.0,0.0,0.0,success,
hotpotqa_5abdf12255429976d4830a2f,llama3.1:8b,oracle,Oracle Evidence,diagnostic_baseline,oracle_evidence_upper_reference,True,hotpotqa,multi_hop,entity,4000,end,low,unknown,Bob Seger,Bob Seger,p0001;p0002,p0002,True,1.0,1.0,1.0,1.0,1.0,1.0,1.0,0.5,0.6666666666666666,1.0,success,
hotpotqa_5a88658955429938390d3f47,llama3.1:8b,no_evidence,No Evidence,diagnostic_baseline,question_only_lower_bound,True,hotpotqa,multi_hop,entity,8000,scattered,medium,unknown,Conscription,lottery,p0001;p0002;p0003,,True,0.0,0.0,0.0,0.0,0.0,0.0,0.0,0.0,0.0,0.0,evidence_localization_failure,
hotpotqa_5a88658955429938390d3f47,llama3.1:8b,direct,Full Context,diagnostic_condition,full_context_condition,True,hotpotqa,multi_hop,entity,8000,scattered,medium,unknown,Conscription,requiring only men to register for the draft,p0001;p0002;p0003,p0001,True,0.0,0.0,0.0,0.0,0.0,0.0,1.0,0.3333333333333333,0.5,1.0,evidence_integration_failure,
hotpotqa_5a88658955429938390d3f47,llama3.1:8b,retrieve_then_read,Retrieved Evidence,diagnostic_condition,evidence_narrowed_condition,True,hotpotqa,multi_hop,entity,8000,scattered,medium,unknown,Conscription,requiring only men to register for the draft,p0001;p0002;p0003,p0001,True,0.0,0.0,0.0,0.0,0.0,0.0,1.0,0.3333333333333333,0.5,1.0,evidence_integration_failure,
hotpotqa_5a88658955429938390d3f47,llama3.1:8b,oracle,Oracle Evidence,diagnostic_baseline,oracle_evidence_upper_reference,True,hotpotqa,multi_hop,entity,8000,scattered,medium,unknown,Conscription,requiring only men to register for the draft,p0001;p0002;p0003,p0001,True,0.0,0.0,0.0,0.0,0.0,0.0,1.0,0.3333333333333333,0.5,1.0,evidence_integration_failure,
hotpotqa_5a86ebac55429960ec39b6d6,llama3.1:8b,no_evidence,No Evidence,diagnostic_baseline,question_only_lower_bound,True,hotpotqa,multi_hop,entity,16000,front,low,unknown,"Mondelez International, Inc.",Hershey's,p0001;p0002,,True,0.0,0.0,0.0,0.0,0.0,0.0,0.0,0.0,0.0,0.0,evidence_localization_failure,
hotpotqa_5a86ebac55429960ec39b6d6,llama3.1:8b,direct,Full Context,diagnostic_condition,full_context_condition,True,hotpotqa,multi_hop,entity,16000,front,low,unknown,"Mondelez International, Inc.",Mondelez International,p0001;p0002,p0001,True,0.0,0.8,0.0,0.8,0.0,0.8,1.0,0.5,0.6666666666666666,1.0,evidence_integration_failure,
hotpotqa_5a86ebac55429960ec39b6d6,llama3.1:8b,retrieve_then_read,Retrieved Evidence,diagnostic_condition,evidence_narrowed_condition,True,hotpotqa,multi_hop,entity,16000,front,low,unknown,"Mondelez International, Inc.",Mondelez International,p0001;p0002,p0002,True,0.0,0.8,0.0,0.8,0.0,0.8,1.0,0.5,0.6666666666666666,1.0,evidence_integration_failure,
hotpotqa_5a86ebac55429960ec39b6d6,llama3.1:8b,oracle,Oracle Evidence,diagnostic_baseline,oracle_evidence_upper_reference,True,hotpotqa,multi_hop,entity,16000,front,low,unknown,"Mondelez International, Inc.",Mondelez International,p0001;p0002,p0002;p0001,True,0.0,0.8,0.0,0.8,0.0,0.8,1.0,1.0,1.0,1.0,answer_conversion_failure,
hotpotqa_5aba5d2e55429901930fa799,llama3.1:8b,no_evidence,No Evidence,diagnostic_baseline,question_only_lower_bound,True,hotpotqa,multi_hop,entity,4000,middle,medium,unknown,Monica Lewinsky,Monica Lewinsky,p0001;p0002;p0003,,True,1.0,1.0,1.0,1.0,1.0,1.0,0.0,0.0,0.0,0.0,success,
hotpotqa_5aba5d2e55429901930fa799,llama3.1:8b,direct,Full Context,diagnostic_condition,full_context_condition,True,hotpotqa,multi_hop,entity,4000,middle,medium,unknown,Monica Lewinsky,Monica Lewinsky,p0001;p0002;p0003,p0003;p0012,True,1.0,1.0,1.0,1.0,1.0,1.0,0.5,0.3333333333333333,0.4,1.0,success,
hotpotqa_5aba5d2e55429901930fa799,llama3.1:8b,retrieve_then_read,Retrieved Evidence,diagnostic_condition,evidence_narrowed_condition,True,hotpotqa,multi_hop,entity,4000,middle,medium,unknown,Monica Lewinsky,Connie Mariano,p0001;p0002;p0003,p0008;p0009,True,0.0,0.0,0.0,0.0,0.0,0.0,0.0,0.0,0.0,0.0,evidence_selection_failure,
hotpotqa_5aba5d2e55429901930fa799,llama3.1:8b,oracle,Oracle Evidence,diagnostic_baseline,oracle_evidence_upper_reference,True,hotpotqa,multi_hop,entity,4000,middle,medium,unknown,Monica Lewinsky,Monica Lewinsky,p0001;p0002;p0003,p0002;p0003,True,1.0,1.0,1.0,1.0,1.0,1.0,1.0,0.6666666666666666,0.8,1.0,success,
hotpotqa_5a7759fc5542993569682d60,llama3.1:8b,no_evidence,No Evidence,diagnostic_baseline,question_only_lower_bound,True,hotpotqa,comparison,entity,8000,end,low,unknown,"Canary Islands, Spain",Canary Islands,p0001;p0002,,True,0.0,0.8,0.0,0.8,0.0,0.8,0.0,0.0,0.0,0.0,evidence_localization_failure,
hotpotqa_5a7759fc5542993569682d60,llama3.1:8b,direct,Full Context,diagnostic_condition,full_context_condition,True,hotpotqa,comparison,entity,8000,end,low,unknown,"Canary Islands, Spain","Tenerife (Canary Islands, Spain) and La Gomera in the province of Santa Cruz de Tenerife of the Canary Islands, Spain",p0001;p0002,p0001,True,0.0,0.2857142857142857,0.0,0.2857142857142857,0.0,0.2857142857142857,1.0,0.5,0.6666666666666666,1.0,evidence_integration_failure,
hotpotqa_5a7759fc5542993569682d60,llama3.1:8b,retrieve_then_read,Retrieved Evidence,diagnostic_condition,evidence_narrowed_condition,True,hotpotqa,comparison,entity,8000,end,low,unknown,"Canary Islands, Spain","Canary Islands, Spain",p0001;p0002,p0002;p0001,True,1.0,1.0,1.0,1.0,1.0,1.0,1.0,1.0,1.0,1.0,success,
hotpotqa_5a7759fc5542993569682d60,llama3.1:8b,oracle,Oracle Evidence,diagnostic_baseline,oracle_evidence_upper_reference,True,hotpotqa,comparison,entity,8000,end,low,unknown,"Canary Islands, Spain","Canary Islands, Spain",p0001;p0002,p0001;p0002,True,1.0,1.0,1.0,1.0,1.0,1.0,1.0,1.0,1.0,1.0,success,
hotpotqa_5abfb3425542990832d3a1c0,llama3.1:8b,no_evidence,No Evidence,diagnostic_baseline,question_only_lower_bound,True,hotpotqa,multi_hop,entity,16000,scattered,low,unknown,The Conversation,The Global Mail,p0001;p0002,,True,0.0,0.0,0.0,0.0,0.0,0.0,0.0,0.0,0.0,0.0,evidence_localization_failure,
hotpotqa_5abfb3425542990832d3a1c0,llama3.1:8b,direct,Full Context,diagnostic_condition,full_context_condition,True,hotpotqa,multi_hop,entity,16000,scattered,low,unknown,The Conversation,The Conversation,p0001;p0002,p0002,True,1.0,1.0,1.0,1.0,1.0,1.0,1.0,0.5,0.6666666666666666,1.0,success,
hotpotqa_5abfb3425542990832d3a1c0,llama3.1:8b,retrieve_then_read,Retrieved Evidence,diagnostic_condition,evidence_narrowed_condition,True,hotpotqa,multi_hop,entity,16000,scattered,low,unknown,The Conversation,The Conversation,p0001;p0002,p0001,True,1.0,1.0,1.0,1.0,1.0,1.0,1.0,0.5,0.6666666666666666,1.0,success,
hotpotqa_5abfb3425542990832d3a1c0,llama3.1:8b,oracle,Oracle Evidence,diagnostic_baseline,oracle_evidence_upper_reference,True,hotpotqa,multi_hop,entity,16000,scattered,low,unknown,The Conversation,The Conversation,p0001;p0002,p0001;p0002,True,1.0,1.0,1.0,1.0,1.0,1.0,1.0,1.0,1.0,1.0,success,
hotpotqa_5ae2b770554299495565db0f,llama3.1:8b,no_evidence,No Evidence,diagnostic_baseline,question_only_lower_bound,True,hotpotqa,multi_hop,entity,4000,front,medium,unknown,March and April,October,p0001;p0002;p0003;p0004,,True,0.0,0.0,0.0,0.0,0.0,0.0,0.0,0.0,0.0,0.0,evidence_localization_failure,
hotpotqa_5ae2b770554299495565db0f,llama3.1:8b,direct,Full Context,diagnostic_condition,full_context_condition,True,hotpotqa,multi_hop,entity,4000,front,medium,unknown,March and April,June,p0001;p0002;p0003;p0004,,True,0.0,0.0,0.0,0.0,0.0,0.0,0.0,0.0,0.0,0.0,evidence_localization_failure,
hotpotqa_5ae2b770554299495565db0f,llama3.1:8b,retrieve_then_read,Retrieved Evidence,diagnostic_condition,evidence_narrowed_condition,True,hotpotqa,multi_hop,entity,4000,front,medium,unknown,March and April,June,p0001;p0002;p0003;p0004,,True,0.0,0.0,0.0,0.0,0.0,0.0,0.0,0.0,0.0,0.0,evidence_localization_failure,
hotpotqa_5ae2b770554299495565db0f,llama3.1:8b,oracle,Oracle Evidence,diagnostic_baseline,oracle_evidence_upper_reference,True,hotpotqa,multi_hop,entity,4000,front,medium,unknown,March and April,March,p0001;p0002;p0003;p0004,p0001;p0003;p0004,True,0.0,0.5,0.0,0.5,0.0,0.5,1.0,0.75,0.8571428571428571,1.0,evidence_integration_failure,
hotpotqa_5a80b3a9554299485f5986cc,llama3.1:8b,no_evidence,No Evidence,diagnostic_baseline,question_only_lower_bound,True,hotpotqa,multi_hop,entity,8000,middle,low,unknown,Fairfax County,Fairfax,p0001;p0002,,True,0.0,0.6666666666666666,0.0,0.6666666666666666,0.0,0.6666666666666666,0.0,0.0,0.0,0.0,evidence_localization_failure,
hotpotqa_5a80b3a9554299485f5986cc,llama3.1:8b,direct,Full Context,diagnostic_condition,full_context_condition,True,hotpotqa,multi_hop,entity,8000,middle,low,unknown,Fairfax County,Fairfax County,p0001;p0002,,True,1.0,1.0,1.0,1.0,1.0,1.0,0.0,0.0,0.0,0.0,success,
hotpotqa_5a80b3a9554299485f5986cc,llama3.1:8b,retrieve_then_read,Retrieved Evidence,diagnostic_condition,evidence_narrowed_condition,True,hotpotqa,multi_hop,entity,8000,middle,low,unknown,Fairfax County,Fairfax County,p0001;p0002,,True,1.0,1.0,1.0,1.0,1.0,1.0,0.0,0.0,0.0,0.0,success,
hotpotqa_5a80b3a9554299485f5986cc,llama3.1:8b,oracle,Oracle Evidence,diagnostic_baseline,oracle_evidence_upper_reference,True,hotpotqa,multi_hop,entity,8000,middle,low,unknown,Fairfax County,Fairfax County,p0001;p0002,p0001;p0002,True,1.0,1.0,1.0,1.0,1.0,1.0,1.0,1.0,1.0,1.0,success,
hotpotqa_5a818387554299260e20a291,llama3.1:8b,no_evidence,No Evidence,diagnostic_baseline,question_only_lower_bound,True,hotpotqa,multi_hop,entity,16000,end,low,unknown,Blake Shelton,Alan Jackson,p0001;p0002,,True,0.0,0.0,0.0,0.0,0.0,0.0,0.0,0.0,0.0,0.0,evidence_localization_failure,
hotpotqa_5a818387554299260e20a291,llama3.1:8b,direct,Full Context,diagnostic_condition,full_context_condition,True,hotpotqa,multi_hop,entity,16000,end,low,unknown,Blake Shelton,Blake Shelton,p0001;p0002,p0001,True,1.0,1.0,1.0,1.0,1.0,1.0,1.0,0.5,0.6666666666666666,1.0,success,
hotpotqa_5a818387554299260e20a291,llama3.1:8b,retrieve_then_read,Retrieved Evidence,diagnostic_condition,evidence_narrowed_condition,True,hotpotqa,multi_hop,entity,16000,end,low,unknown,Blake Shelton,Blake Shelton,p0001;p0002,p0002,True,1.0,1.0,1.0,1.0,1.0,1.0,1.0,0.5,0.6666666666666666,1.0,success,
hotpotqa_5a818387554299260e20a291,llama3.1:8b,oracle,Oracle Evidence,diagnostic_baseline,oracle_evidence_upper_reference,True,hotpotqa,multi_hop,entity,16000,end,low,unknown,Blake Shelton,Blake Shelton,p0001;p0002,p0002;p0001,True,1.0,1.0,1.0,1.0,1.0,1.0,1.0,1.0,1.0,1.0,success,
hotpotqa_5a89f5815542993b751ca9c5,llama3.1:8b,no_evidence,No Evidence,diagnostic_baseline,question_only_lower_bound,True,hotpotqa,multi_hop,entity,4000,scattered,low,unknown,Princess Jessica,The Mermaid,p0001;p0002,,True,0.0,0.0,0.0,0.0,0.0,0.0,0.0,0.0,0.0,0.0,evidence_localization_failure,
hotpotqa_5a89f5815542993b751ca9c5,llama3.1:8b,direct,Full Context,diagnostic_condition,full_context_condition,True,hotpotqa,multi_hop,entity,4000,scattered,low,unknown,Princess Jessica,Princess Jessica,p0001;p0002,p0001,True,1.0,1.0,1.0,1.0,1.0,1.0,1.0,0.5,0.6666666666666666,1.0,success,
hotpotqa_5a89f5815542993b751ca9c5,llama3.1:8b,retrieve_then_read,Retrieved Evidence,diagnostic_condition,evidence_narrowed_condition,True,hotpotqa,multi_hop,entity,4000,scattered,low,unknown,Princess Jessica,Princess Jessica,p0001;p0002,p0001,True,1.0,1.0,1.0,1.0,1.0,1.0,1.0,0.5,0.6666666666666666,1.0,success,
hotpotqa_5a89f5815542993b751ca9c5,llama3.1:8b,oracle,Oracle Evidence,diagnostic_baseline,oracle_evidence_upper_reference,True,hotpotqa,multi_hop,entity,4000,scattered,low,unknown,Princess Jessica,Princess Jessica,p0001;p0002,p0001;p0002,True,1.0,1.0,1.0,1.0,1.0,1.0,1.0,1.0,1.0,1.0,success,
hotpotqa_5ac120c55542992a796dedfc,llama3.1:8b,no_evidence,No Evidence,diagnostic_baseline,question_only_lower_bound,True,hotpotqa,multi_hop,entity,8000,front,medium,unknown,KKR & Co,Kohlberg Kravis Roberts,p0001;p0002;p0003,,True,0.0,0.0,0.0,0.0,0.0,0.0,0.0,0.0,0.0,0.0,evidence_localization_failure,
hotpotqa_5ac120c55542992a796dedfc,llama3.1:8b,direct,Full Context,diagnostic_condition,full_context_condition,True,hotpotqa,multi_hop,entity,8000,front,medium,unknown,KKR & Co,Kohlberg Kravis Roberts,p0001;p0002;p0003,p0001,True,0.0,0.0,0.0,0.0,0.0,0.0,1.0,0.3333333333333333,0.5,1.0,evidence_integration_failure,
hotpotqa_5ac120c55542992a796dedfc,llama3.1:8b,retrieve_then_read,Retrieved Evidence,diagnostic_condition,evidence_narrowed_condition,True,hotpotqa,multi_hop,entity,8000,front,medium,unknown,KKR & Co,Kohlberg Kravis Roberts,p0001;p0002;p0003,p0002;p0003,True,0.0,0.0,0.0,0.0,0.0,0.0,1.0,0.6666666666666666,0.8,1.0,evidence_integration_failure,
hotpotqa_5ac120c55542992a796dedfc,llama3.1:8b,oracle,Oracle Evidence,diagnostic_baseline,oracle_evidence_upper_reference,True,hotpotqa,multi_hop,entity,8000,front,medium,unknown,KKR & Co,Kohlberg Kravis Roberts,p0001;p0002;p0003,p0001;p0003,True,0.0,0.0,0.0,0.0,0.0,0.0,1.0,0.6666666666666666,0.8,1.0,evidence_integration_failure,
hotpotqa_5ab7c1a955429928e1fe38c8,llama3.1:8b,no_evidence,No Evidence,diagnostic_baseline,question_only_lower_bound,True,hotpotqa,multi_hop,entity,16000,middle,medium,unknown,The Bye Bye Man,My Cousin Rachel,p0001;p0002;p0003,,True,0.0,0.0,0.0,0.0,0.0,0.0,0.0,0.0,0.0,0.0,evidence_localization_failure,
hotpotqa_5ab7c1a955429928e1fe38c8,llama3.1:8b,direct,Full Context,diagnostic_condition,full_context_condition,True,hotpotqa,multi_hop,entity,16000,middle,medium,unknown,The Bye Bye Man,Bottom of the World,p0001;p0002;p0003,p0001,True,0.0,0.0,0.0,0.0,0.0,0.0,1.0,0.3333333333333333,0.5,1.0,evidence_integration_failure,
hotpotqa_5ab7c1a955429928e1fe38c8,llama3.1:8b,retrieve_then_read,Retrieved Evidence,diagnostic_condition,evidence_narrowed_condition,True,hotpotqa,multi_hop,entity,16000,middle,medium,unknown,The Bye Bye Man,Bottom of the World,p0001;p0002;p0003,,True,0.0,0.0,0.0,0.0,0.0,0.0,0.0,0.0,0.0,0.0,evidence_localization_failure,
hotpotqa_5ab7c1a955429928e1fe38c8,llama3.1:8b,oracle,Oracle Evidence,diagnostic_baseline,oracle_evidence_upper_reference,True,hotpotqa,multi_hop,entity,16000,middle,medium,unknown,The Bye Bye Man,The Bye Bye Man,p0001;p0002;p0003,p0002;p0003,True,1.0,1.0,1.0,1.0,1.0,1.0,1.0,0.6666666666666666,0.8,1.0,success,
hotpotqa_5abd01205542992ac4f3819b,llama3.1:8b,no_evidence,No Evidence,diagnostic_baseline,question_only_lower_bound,True,hotpotqa,multi_hop,entity,4000,end,low,unknown,Richmond,Clarence,p0001;p0002,,True,0.0,0.0,0.0,0.0,0.0,0.0,0.0,0.0,0.0,0.0,evidence_localization_failure,
hotpotqa_5abd01205542992ac4f3819b,llama3.1:8b,direct,Full Context,diagnostic_condition,full_context_condition,True,hotpotqa,multi_hop,entity,4000,end,low,unknown,Richmond,Richmond,p0001;p0002,p0002,True,1.0,1.0,1.0,1.0,1.0,1.0,1.0,0.5,0.6666666666666666,1.0,success,
hotpotqa_5abd01205542992ac4f3819b,llama3.1:8b,retrieve_then_read,Retrieved Evidence,diagnostic_condition,evidence_narrowed_condition,True,hotpotqa,multi_hop,entity,4000,end,low,unknown,Richmond,Richmond River,p0001;p0002,p0002,True,0.0,0.6666666666666666,0.0,0.6666666666666666,0.0,0.6666666666666666,1.0,0.5,0.6666666666666666,1.0,evidence_integration_failure,
hotpotqa_5abd01205542992ac4f3819b,llama3.1:8b,oracle,Oracle Evidence,diagnostic_baseline,oracle_evidence_upper_reference,True,hotpotqa,multi_hop,entity,4000,end,low,unknown,Richmond,Casino,p0001;p0002,p0002;p0001,True,0.0,0.0,0.0,0.0,0.0,0.0,1.0,1.0,1.0,1.0,answer_conversion_failure,
hotpotqa_5a8574945542997b5ce3fffb,llama3.1:8b,no_evidence,No Evidence,diagnostic_baseline,question_only_lower_bound,True,hotpotqa,comparison,string,8000,scattered,medium,unknown,LaLee's Kin: The Legacy of Cotton,Gimme Shelter,p0001;p0002;p0003,,True,0.0,0.0,0.0,0.0,0.0,0.0,0.0,0.0,0.0,0.0,evidence_localization_failure,
hotpotqa_5a8574945542997b5ce3fffb,llama3.1:8b,direct,Full Context,diagnostic_condition,full_context_condition,True,hotpotqa,comparison,string,8000,scattered,medium,unknown,LaLee's Kin: The Legacy of Cotton,Gimme Shelter,p0001;p0002;p0003,p0002,True,0.0,0.0,0.0,0.0,0.0,0.0,1.0,0.3333333333333333,0.5,1.0,evidence_integration_failure,
hotpotqa_5a8574945542997b5ce3fffb,llama3.1:8b,retrieve_then_read,Retrieved Evidence,diagnostic_condition,evidence_narrowed_condition,True,hotpotqa,comparison,string,8000,scattered,medium,unknown,LaLee's Kin: The Legacy of Cotton,Gimme Shelter,p0001;p0002;p0003,p0002,True,0.0,0.0,0.0,0.0,0.0,0.0,1.0,0.3333333333333333,0.5,1.0,evidence_integration_failure,
hotpotqa_5a8574945542997b5ce3fffb,llama3.1:8b,oracle,Oracle Evidence,diagnostic_baseline,oracle_evidence_upper_reference,True,hotpotqa,comparison,string,8000,scattered,medium,unknown,LaLee's Kin: The Legacy of Cotton,LaLee's Kin: The Legacy of Cotton,p0001;p0002;p0003,p0002,True,1.0,1.0,1.0,1.0,1.0,1.0,1.0,0.3333333333333333,0.5,1.0,success,
hotpotqa_5a87d8215542994775f60800,llama3.1:8b,no_evidence,No Evidence,diagnostic_baseline,question_only_lower_bound,True,hotpotqa,multi_hop,entity,16000,front,medium,unknown,Suicide Squad,End of Watch,p0001;p0002;p0003;p0004,,True,0.0,0.0,0.0,0.0,0.0,0.0,0.0,0.0,0.0,0.0,evidence_localization_failure,
hotpotqa_5a87d8215542994775f60800,llama3.1:8b,direct,Full Context,diagnostic_condition,full_context_condition,True,hotpotqa,multi_hop,entity,16000,front,medium,unknown,Suicide Squad,Harsh Times,p0001;p0002;p0003;p0004,p0002,True,0.0,0.0,0.0,0.0,0.0,0.0,1.0,0.25,0.4,1.0,evidence_integration_failure,
hotpotqa_5a87d8215542994775f60800,llama3.1:8b,retrieve_then_read,Retrieved Evidence,diagnostic_condition,evidence_narrowed_condition,True,hotpotqa,multi_hop,entity,16000,front,medium,unknown,Suicide Squad,Training Day,p0001;p0002;p0003;p0004,p0002;p0004,True,0.0,0.0,0.0,0.0,0.0,0.0,1.0,0.5,0.6666666666666666,1.0,evidence_integration_failure,
hotpotqa_5a87d8215542994775f60800,llama3.1:8b,oracle,Oracle Evidence,diagnostic_baseline,oracle_evidence_upper_reference,True,hotpotqa,multi_hop,entity,16000,front,medium,unknown,Suicide Squad,Harsh Times,p0001;p0002;p0003;p0004,p0002;p0004,True,0.0,0.0,0.0,0.0,0.0,0.0,1.0,0.5,0.6666666666666666,1.0,evidence_integration_failure,
hotpotqa_5ac2d1d755429921a00ab053,llama3.1:8b,no_evidence,No Evidence,diagnostic_baseline,question_only_lower_bound,True,hotpotqa,comparison,entity,4000,middle,medium,unknown,Roberta Vinci,Roberta Vinci,p0001;p0002;p0003,,True,1.0,1.0,1.0,1.0,1.0,1.0,0.0,0.0,0.0,0.0,success,
hotpotqa_5ac2d1d755429921a00ab053,llama3.1:8b,direct,Full Context,diagnostic_condition,full_context_condition,True,hotpotqa,comparison,entity,4000,middle,medium,unknown,Roberta Vinci,Roberta Vinci,p0001;p0002;p0003,p0002,True,1.0,1.0,1.0,1.0,1.0,1.0,1.0,0.3333333333333333,0.5,1.0,success,
hotpotqa_5ac2d1d755429921a00ab053,llama3.1:8b,retrieve_then_read,Retrieved Evidence,diagnostic_condition,evidence_narrowed_condition,True,hotpotqa,comparison,entity,4000,middle,medium,unknown,Roberta Vinci,Roberta Vinci,p0001;p0002;p0003,p0002,True,1.0,1.0,1.0,1.0,1.0,1.0,1.0,0.3333333333333333,0.5,1.0,success,
hotpotqa_5ac2d1d755429921a00ab053,llama3.1:8b,oracle,Oracle Evidence,diagnostic_baseline,oracle_evidence_upper_reference,True,hotpotqa,comparison,entity,4000,middle,medium,unknown,Roberta Vinci,Roberta Vinci,p0001;p0002;p0003,p0002,True,1.0,1.0,1.0,1.0,1.0,1.0,1.0,0.3333333333333333,0.5,1.0,success,
hotpotqa_5a738d27554299623ed4abf3,llama3.1:8b,no_evidence,No Evidence,diagnostic_baseline,question_only_lower_bound,True,hotpotqa,multi_hop,entity,8000,end,low,unknown,Erika Jayne,Erika Jayne,p0001;p0002,,True,1.0,1.0,1.0,1.0,1.0,1.0,0.0,0.0,0.0,0.0,success,
hotpotqa_5a738d27554299623ed4abf3,llama3.1:8b,direct,Full Context,diagnostic_condition,full_context_condition,True,hotpotqa,multi_hop,entity,8000,end,low,unknown,Erika Jayne,Erika Jayne,p0001;p0002,,True,1.0,1.0,1.0,1.0,1.0,1.0,0.0,0.0,0.0,0.0,success,
hotpotqa_5a738d27554299623ed4abf3,llama3.1:8b,retrieve_then_read,Retrieved Evidence,diagnostic_condition,evidence_narrowed_condition,True,hotpotqa,multi_hop,entity,8000,end,low,unknown,Erika Jayne,Erika Jayne,p0001;p0002,p0002,True,1.0,1.0,1.0,1.0,1.0,1.0,1.0,0.5,0.6666666666666666,1.0,success,
hotpotqa_5a738d27554299623ed4abf3,llama3.1:8b,oracle,Oracle Evidence,diagnostic_baseline,oracle_evidence_upper_reference,True,hotpotqa,multi_hop,entity,8000,end,low,unknown,Erika Jayne,Erika Jayne,p0001;p0002,p0002;p0001,True,1.0,1.0,1.0,1.0,1.0,1.0,1.0,1.0,1.0,1.0,success,
hotpotqa_5ab2a186554299295394677b,llama3.1:8b,no_evidence,No Evidence,diagnostic_baseline,question_only_lower_bound,True,hotpotqa,multi_hop,number,16000,scattered,low,unknown,2009,1923,p0001;p0002,,True,0.0,0.0,0.0,0.0,0.0,0.0,0.0,0.0,0.0,0.0,evidence_localization_failure,
hotpotqa_5ab2a186554299295394677b,llama3.1:8b,direct,Full Context,diagnostic_condition,full_context_condition,True,hotpotqa,multi_hop,number,16000,scattered,low,unknown,2009,2009,p0001;p0002,p0001,True,1.0,1.0,1.0,1.0,1.0,1.0,1.0,0.5,0.6666666666666666,1.0,success,
hotpotqa_5ab2a186554299295394677b,llama3.1:8b,retrieve_then_read,Retrieved Evidence,diagnostic_condition,evidence_narrowed_condition,True,hotpotqa,multi_hop,number,16000,scattered,low,unknown,2009,2009,p0001;p0002,p0001,True,1.0,1.0,1.0,1.0,1.0,1.0,1.0,0.5,0.6666666666666666,1.0,success,
hotpotqa_5ab2a186554299295394677b,llama3.1:8b,oracle,Oracle Evidence,diagnostic_baseline,oracle_evidence_upper_reference,True,hotpotqa,multi_hop,number,16000,scattered,low,unknown,2009,2009,p0001;p0002,p0001,True,1.0,1.0,1.0,1.0,1.0,1.0,1.0,0.5,0.6666666666666666,1.0,success,
hotpotqa_5a8704f8554299211dda2ba4,llama3.1:8b,no_evidence,No Evidence,diagnostic_baseline,question_only_lower_bound,True,hotpotqa,multi_hop,entity,4000,front,medium,unknown,Kingdom of the Isles,Hebrides,p0001;p0002;p0003,,True,0.0,0.0,0.0,0.0,0.0,0.0,0.0,0.0,0.0,0.0,evidence_localization_failure,
hotpotqa_5a8704f8554299211dda2ba4,llama3.1:8b,direct,Full Context,diagnostic_condition,full_context_condition,True,hotpotqa,multi_hop,entity,4000,front,medium,unknown,Kingdom of the Isles,The Kingdom of the Isles,p0001;p0002;p0003,p0002;p0007,True,1.0,1.0,1.0,1.0,1.0,1.0,0.5,0.3333333333333333,0.4,1.0,success,
hotpotqa_5a8704f8554299211dda2ba4,llama3.1:8b,retrieve_then_read,Retrieved Evidence,diagnostic_condition,evidence_narrowed_condition,True,hotpotqa,multi_hop,entity,4000,front,medium,unknown,Kingdom of the Isles,The Kingdom of the Isles,p0001;p0002;p0003,p0003,True,1.0,1.0,1.0,1.0,1.0,1.0,1.0,0.3333333333333333,0.5,1.0,success,
hotpotqa_5a8704f8554299211dda2ba4,llama3.1:8b,oracle,Oracle Evidence,diagnostic_baseline,oracle_evidence_upper_reference,True,hotpotqa,multi_hop,entity,4000,front,medium,unknown,Kingdom of the Isles,Kingdom of the Isles,p0001;p0002;p0003,p0002;p0003,True,1.0,1.0,1.0,1.0,1.0,1.0,1.0,0.6666666666666666,0.8,1.0,success,
hotpotqa_5ab5ed505542997d4ad1f255,llama3.1:8b,no_evidence,No Evidence,diagnostic_baseline,question_only_lower_bound,True,hotpotqa,multi_hop,entity,8000,middle,low,unknown,The Beatles,The Beatles,p0001;p0002,,True,1.0,1.0,1.0,1.0,1.0,1.0,0.0,0.0,0.0,0.0,success,
hotpotqa_5ab5ed505542997d4ad1f255,llama3.1:8b,direct,Full Context,diagnostic_condition,full_context_condition,True,hotpotqa,multi_hop,entity,8000,middle,low,unknown,The Beatles,The Beatles,p0001;p0002,p0001,True,1.0,1.0,1.0,1.0,1.0,1.0,1.0,0.5,0.6666666666666666,1.0,success,
hotpotqa_5ab5ed505542997d4ad1f255,llama3.1:8b,retrieve_then_read,Retrieved Evidence,diagnostic_condition,evidence_narrowed_condition,True,hotpotqa,multi_hop,entity,8000,middle,low,unknown,The Beatles,The Beatles,p0001;p0002,p0002,True,1.0,1.0,1.0,1.0,1.0,1.0,1.0,0.5,0.6666666666666666,1.0,success,
hotpotqa_5ab5ed505542997d4ad1f255,llama3.1:8b,oracle,Oracle Evidence,diagnostic_baseline,oracle_evidence_upper_reference,True,hotpotqa,multi_hop,entity,8000,middle,low,unknown,The Beatles,The Beatles,p0001;p0002,p0002;p0001,True,1.0,1.0,1.0,1.0,1.0,1.0,1.0,1.0,1.0,1.0,success,
hotpotqa_5ae748d1554299572ea547b0,llama3.1:8b,no_evidence,No Evidence,diagnostic_baseline,question_only_lower_bound,True,hotpotqa,multi_hop,number,16000,end,medium,unknown,1901,1901,p0001;p0002;p0003,,True,1.0,1.0,1.0,1.0,1.0,1.0,0.0,0.0,0.0,0.0,success,
hotpotqa_5ae748d1554299572ea547b0,llama3.1:8b,direct,Full Context,diagnostic_condition,full_context_condition,True,hotpotqa,multi_hop,number,16000,end,medium,unknown,1901,1901,p0001;p0002;p0003,p0003,True,1.0,1.0,1.0,1.0,1.0,1.0,1.0,0.3333333333333333,0.5,1.0,success,
hotpotqa_5ae748d1554299572ea547b0,llama3.1:8b,retrieve_then_read,Retrieved Evidence,diagnostic_condition,evidence_narrowed_condition,True,hotpotqa,multi_hop,number,16000,end,medium,unknown,1901,1901,p0001;p0002;p0003,p0003,True,1.0,1.0,1.0,1.0,1.0,1.0,1.0,0.3333333333333333,0.5,1.0,success,
hotpotqa_5ae748d1554299572ea547b0,llama3.1:8b,oracle,Oracle Evidence,diagnostic_baseline,oracle_evidence_upper_reference,True,hotpotqa,multi_hop,number,16000,end,medium,unknown,1901,1901,p0001;p0002;p0003,p0002;p0003,True,1.0,1.0,1.0,1.0,1.0,1.0,1.0,0.6666666666666666,0.8,1.0,success,
hotpotqa_5a7a8a9c554299042af8f666,llama3.1:8b,no_evidence,No Evidence,diagnostic_baseline,question_only_lower_bound,True,hotpotqa,multi_hop,entity,4000,scattered,low,unknown,Argand lamp,Argand lamp,p0001;p0002,,True,1.0,1.0,1.0,1.0,1.0,1.0,0.0,0.0,0.0,0.0,success,
hotpotqa_5a7a8a9c554299042af8f666,llama3.1:8b,direct,Full Context,diagnostic_condition,full_context_condition,True,hotpotqa,multi_hop,entity,4000,scattered,low,unknown,Argand lamp,The Lewis lamp,p0001;p0002,p0001,True,0.0,0.5,0.0,0.5,0.0,0.5,1.0,0.5,0.6666666666666666,1.0,evidence_integration_failure,
hotpotqa_5a7a8a9c554299042af8f666,llama3.1:8b,retrieve_then_read,Retrieved Evidence,diagnostic_condition,evidence_narrowed_condition,True,hotpotqa,multi_hop,entity,4000,scattered,low,unknown,Argand lamp,The Lewis lamp,p0001;p0002,p0001,True,0.0,0.5,0.0,0.5,0.0,0.5,1.0,0.5,0.6666666666666666,1.0,evidence_integration_failure,
hotpotqa_5a7a8a9c554299042af8f666,llama3.1:8b,oracle,Oracle Evidence,diagnostic_baseline,oracle_evidence_upper_reference,True,hotpotqa,multi_hop,entity,4000,scattered,low,unknown,Argand lamp,Lewis lamp,p0001;p0002,p0002;p0001,True,0.0,0.5,0.0,0.5,0.0,0.5,1.0,1.0,1.0,1.0,answer_conversion_failure,
hotpotqa_5a8325b35542990548d0b18f,llama3.1:8b,no_evidence,No Evidence,diagnostic_baseline,question_only_lower_bound,True,hotpotqa,multi_hop,entity,8000,front,low,unknown,Kathryn Jean Martin,Joanna Gash,p0001;p0002,,True,0.0,0.0,0.0,0.0,0.0,0.0,0.0,0.0,0.0,0.0,evidence_localization_failure,
hotpotqa_5a8325b35542990548d0b18f,llama3.1:8b,direct,Full Context,diagnostic_condition,full_context_condition,True,hotpotqa,multi_hop,entity,8000,front,low,unknown,Kathryn Jean Martin,Carol Anne Martin,p0001;p0002,,True,0.0,0.3333333333333333,0.0,0.3333333333333333,0.0,0.3333333333333333,0.0,0.0,0.0,0.0,evidence_localization_failure,
hotpotqa_5a8325b35542990548d0b18f,llama3.1:8b,retrieve_then_read,Retrieved Evidence,diagnostic_condition,evidence_narrowed_condition,True,hotpotqa,multi_hop,entity,8000,front,low,unknown,Kathryn Jean Martin,Carol Anne Martin,p0001;p0002,p0002,True,0.0,0.3333333333333333,0.0,0.3333333333333333,0.0,0.3333333333333333,1.0,0.5,0.6666666666666666,1.0,evidence_integration_failure,
hotpotqa_5a8325b35542990548d0b18f,llama3.1:8b,oracle,Oracle Evidence,diagnostic_baseline,oracle_evidence_upper_reference,True,hotpotqa,multi_hop,entity,8000,front,low,unknown,Kathryn Jean Martin,Kathy Sullivan,p0001;p0002,p0001;p0002,True,0.0,0.0,0.0,0.0,0.0,0.0,1.0,1.0,1.0,1.0,answer_conversion_failure,
hotpotqa_5a7ddc5a5542995f4f4022da,llama3.1:8b,no_evidence,No Evidence,diagnostic_baseline,question_only_lower_bound,True,hotpotqa,multi_hop,entity,16000,middle,medium,unknown,Wichita,Wichita,p0001;p0002;p0003,,True,1.0,1.0,1.0,1.0,1.0,1.0,0.0,0.0,0.0,0.0,success,
hotpotqa_5a7ddc5a5542995f4f4022da,llama3.1:8b,direct,Full Context,diagnostic_condition,full_context_condition,True,hotpotqa,multi_hop,entity,16000,middle,medium,unknown,Wichita,Wichita,p0001;p0002;p0003,p0002,True,1.0,1.0,1.0,1.0,1.0,1.0,1.0,0.3333333333333333,0.5,1.0,success,
hotpotqa_5a7ddc5a5542995f4f4022da,llama3.1:8b,retrieve_then_read,Retrieved Evidence,diagnostic_condition,evidence_narrowed_condition,True,hotpotqa,multi_hop,entity,16000,middle,medium,unknown,Wichita,Wichita,p0001;p0002;p0003,p0002,True,1.0,1.0,1.0,1.0,1.0,1.0,1.0,0.3333333333333333,0.5,1.0,success,
hotpotqa_5a7ddc5a5542995f4f4022da,llama3.1:8b,oracle,Oracle Evidence,diagnostic_baseline,oracle_evidence_upper_reference,True,hotpotqa,multi_hop,entity,16000,middle,medium,unknown,Wichita,Wichita,p0001;p0002;p0003,p0001;p0002,True,1.0,1.0,1.0,1.0,1.0,1.0,1.0,0.6666666666666666,0.8,1.0,success,
hotpotqa_5a7a1cd85542990783324e65,llama3.1:8b,no_evidence,No Evidence,diagnostic_baseline,question_only_lower_bound,True,hotpotqa,multi_hop,string,4000,end,low,unknown,United States presidential election of 2016,2020,p0001;p0002,,True,0.0,0.0,0.0,0.0,0.0,0.0,0.0,0.0,0.0,0.0,evidence_localization_failure,
hotpotqa_5a7a1cd85542990783324e65,llama3.1:8b,direct,Full Context,diagnostic_condition,full_context_condition,True,hotpotqa,multi_hop,string,4000,end,low,unknown,United States presidential election of 2016,"The United States presidential election of 2016 was the 58th quadrennial American presidential election, held on Tuesday, November 8, 2016.",p0001;p0002,p0002,True,0.0,0.5,0.0,0.5,0.0,0.5,1.0,0.5,0.6666666666666666,1.0,evidence_integration_failure,
hotpotqa_5a7a1cd85542990783324e65,llama3.1:8b,retrieve_then_read,Retrieved Evidence,diagnostic_condition,evidence_narrowed_condition,True,hotpotqa,multi_hop,string,4000,end,low,unknown,United States presidential election of 2016,The United States presidential election of 2016,p0001;p0002,p0002,True,1.0,1.0,1.0,1.0,1.0,1.0,1.0,0.5,0.6666666666666666,1.0,success,
hotpotqa_5a7a1cd85542990783324e65,llama3.1:8b,oracle,Oracle Evidence,diagnostic_baseline,oracle_evidence_upper_reference,True,hotpotqa,multi_hop,string,4000,end,low,unknown,United States presidential election of 2016,"November 8, 2016",p0001;p0002,p0002;p0001,True,0.0,0.2222222222222222,0.0,0.2222222222222222,0.0,0.2222222222222222,1.0,1.0,1.0,1.0,answer_conversion_failure,
hotpotqa_5ae67dba55429908198fa5f0,llama3.1:8b,no_evidence,No Evidence,diagnostic_baseline,question_only_lower_bound,True,hotpotqa,multi_hop,number,8000,scattered,medium,unknown,"48,982","285,011",p0001;p0002;p0003;p0004,,True,0.0,0.0,0.0,0.0,0.0,0.0,0.0,0.0,0.0,0.0,evidence_localization_failure,
hotpotqa_5ae67dba55429908198fa5f0,llama3.1:8b,direct,Full Context,diagnostic_condition,full_context_condition,True,hotpotqa,multi_hop,number,8000,scattered,medium,unknown,"48,982","12,430",p0001;p0002;p0003;p0004,p0002,True,0.0,0.0,0.0,0.0,0.0,0.0,1.0,0.25,0.4,1.0,evidence_integration_failure,
hotpotqa_5ae67dba55429908198fa5f0,llama3.1:8b,retrieve_then_read,Retrieved Evidence,diagnostic_condition,evidence_narrowed_condition,True,hotpotqa,multi_hop,number,8000,scattered,medium,unknown,"48,982","33,484",p0001;p0002;p0003;p0004,,True,0.0,0.0,0.0,0.0,0.0,0.0,0.0,0.0,0.0,0.0,evidence_localization_failure,
hotpotqa_5ae67dba55429908198fa5f0,llama3.1:8b,oracle,Oracle Evidence,diagnostic_baseline,oracle_evidence_upper_reference,True,hotpotqa,multi_hop,number,8000,scattered,medium,unknown,"48,982","48,982",p0001;p0002;p0003;p0004,p0004,True,1.0,1.0,1.0,1.0,1.0,1.0,1.0,0.25,0.4,1.0,success,
hotpotqa_5a7b3f4d5542992d025e67bb,llama3.1:8b,no_evidence,No Evidence,diagnostic_baseline,question_only_lower_bound,True,hotpotqa,multi_hop,entity,16000,front,medium,unknown,Pasek & Paul,Benj Pasek and Justin Paul,p0001;p0002;p0003;p0004,,True,0.0,0.5714285714285715,0.0,0.5714285714285715,0.0,0.5714285714285715,0.0,0.0,0.0,0.0,evidence_localization_failure,
hotpotqa_5a7b3f4d5542992d025e67bb,llama3.1:8b,direct,Full Context,diagnostic_condition,full_context_condition,True,hotpotqa,multi_hop,entity,16000,front,medium,unknown,Pasek & Paul,Benj Pasek and Justin Paul,p0001;p0002;p0003;p0004,p0003;p0002,True,0.0,0.5714285714285715,0.0,0.5714285714285715,0.0,0.5714285714285715,1.0,0.5,0.6666666666666666,1.0,evidence_integration_failure,
hotpotqa_5a7b3f4d5542992d025e67bb,llama3.1:8b,retrieve_then_read,Retrieved Evidence,diagnostic_condition,evidence_narrowed_condition,True,hotpotqa,multi_hop,entity,16000,front,medium,unknown,Pasek & Paul,Pasek and Paul,p0001;p0002;p0003;p0004,p0002;p0003,True,0.0,0.8,0.0,0.8,0.0,0.8,1.0,0.5,0.6666666666666666,1.0,evidence_integration_failure,
hotpotqa_5a7b3f4d5542992d025e67bb,llama3.1:8b,oracle,Oracle Evidence,diagnostic_baseline,oracle_evidence_upper_reference,True,hotpotqa,multi_hop,entity,16000,front,medium,unknown,Pasek & Paul,Pasek and Paul,p0001;p0002;p0003;p0004,p0002;p0003,True,0.0,0.8,0.0,0.8,0.0,0.8,1.0,0.5,0.6666666666666666,1.0,evidence_integration_failure,
hotpotqa_5ab8854555429934fafe6e0c,llama3.1:8b,no_evidence,No Evidence,diagnostic_baseline,question_only_lower_bound,True,hotpotqa,multi_hop,string,4000,middle,medium,unknown,drawings,objects,p0001;p0002;p0003;p0004,,True,0.0,0.0,0.0,0.0,0.0,0.0,0.0,0.0,0.0,0.0,evidence_localization_failure,
hotpotqa_5ab8854555429934fafe6e0c,llama3.1:8b,direct,Full Context,diagnostic_condition,full_context_condition,True,hotpotqa,multi_hop,string,4000,middle,medium,unknown,drawings,drawings,p0001;p0002;p0003;p0004,p0004,True,1.0,1.0,1.0,1.0,1.0,1.0,1.0,0.25,0.4,1.0,success,
hotpotqa_5ab8854555429934fafe6e0c,llama3.1:8b,retrieve_then_read,Retrieved Evidence,diagnostic_condition,evidence_narrowed_condition,True,hotpotqa,multi_hop,string,4000,middle,medium,unknown,drawings,drawings,p0001;p0002;p0003;p0004,p0003,True,1.0,1.0,1.0,1.0,1.0,1.0,1.0,0.25,0.4,1.0,success,
hotpotqa_5ab8854555429934fafe6e0c,llama3.1:8b,oracle,Oracle Evidence,diagnostic_baseline,oracle_evidence_upper_reference,True,hotpotqa,multi_hop,string,4000,middle,medium,unknown,drawings,drawings,p0001;p0002;p0003;p0004,p0004,True,1.0,1.0,1.0,1.0,1.0,1.0,1.0,0.25,0.4,1.0,success,
hotpotqa_5a88dcf9554299206df2b383,llama3.1:8b,no_evidence,No Evidence,diagnostic_baseline,question_only_lower_bound,True,hotpotqa,multi_hop,entity,8000,end,low,unknown,Scotland,Scotland,p0001;p0002,,True,1.0,1.0,1.0,1.0,1.0,1.0,0.0,0.0,0.0,0.0,success,
hotpotqa_5a88dcf9554299206df2b383,llama3.1:8b,direct,Full Context,diagnostic_condition,full_context_condition,True,hotpotqa,multi_hop,entity,8000,end,low,unknown,Scotland,Scotland,p0001;p0002,p0002,True,1.0,1.0,1.0,1.0,1.0,1.0,1.0,0.5,0.6666666666666666,1.0,success,
hotpotqa_5a88dcf9554299206df2b383,llama3.1:8b,retrieve_then_read,Retrieved Evidence,diagnostic_condition,evidence_narrowed_condition,True,hotpotqa,multi_hop,entity,8000,end,low,unknown,Scotland,Scotland,p0001;p0002,p0002,True,1.0,1.0,1.0,1.0,1.0,1.0,1.0,0.5,0.6666666666666666,1.0,success,
hotpotqa_5a88dcf9554299206df2b383,llama3.1:8b,oracle,Oracle Evidence,diagnostic_baseline,oracle_evidence_upper_reference,True,hotpotqa,multi_hop,entity,8000,end,low,unknown,Scotland,Scotland,p0001;p0002,p0001;p0002,True,1.0,1.0,1.0,1.0,1.0,1.0,1.0,1.0,1.0,1.0,success,
hotpotqa_5a8ee6915542990e94052bad,llama3.1:8b,no_evidence,No Evidence,diagnostic_baseline,question_only_lower_bound,True,hotpotqa,multi_hop,string,16000,scattered,medium,unknown,third,Book Two,p0001;p0002;p0003;p0004,,True,0.0,0.0,0.0,0.0,0.0,0.0,0.0,0.0,0.0,0.0,evidence_localization_failure,
hotpotqa_5a8ee6915542990e94052bad,llama3.1:8b,direct,Full Context,diagnostic_condition,full_context_condition,True,hotpotqa,multi_hop,string,16000,scattered,medium,unknown,third,Book Three: Change,p0001;p0002;p0003;p0004,p0002,True,0.0,0.0,0.0,0.0,0.0,0.0,1.0,0.25,0.4,1.0,evidence_integration_failure,
hotpotqa_5a8ee6915542990e94052bad,llama3.1:8b,retrieve_then_read,Retrieved Evidence,diagnostic_condition,evidence_narrowed_condition,True,hotpotqa,multi_hop,string,16000,scattered,medium,unknown,third,third,p0001;p0002;p0003;p0004,p0002,True,1.0,1.0,1.0,1.0,1.0,1.0,1.0,0.25,0.4,1.0,success,
hotpotqa_5a8ee6915542990e94052bad,llama3.1:8b,oracle,Oracle Evidence,diagnostic_baseline,oracle_evidence_upper_reference,True,hotpotqa,multi_hop,string,16000,scattered,medium,unknown,third,third,p0001;p0002;p0003;p0004,p0002,True,1.0,1.0,1.0,1.0,1.0,1.0,1.0,0.25,0.4,1.0,success,
hotpotqa_5ab271fe554299449642c8a6,llama3.1:8b,no_evidence,No Evidence,diagnostic_baseline,question_only_lower_bound,True,hotpotqa,comparison,yes_no,4000,front,low,unknown,no,yes,p0001;p0002,,True,0.0,0.0,0.0,0.0,0.0,0.0,0.0,0.0,0.0,0.0,evidence_localization_failure,
hotpotqa_5ab271fe554299449642c8a6,llama3.1:8b,direct,Full Context,diagnostic_condition,full_context_condition,True,hotpotqa,comparison,yes_no,4000,front,low,unknown,no,yes,p0001;p0002,p0001;p0002,True,0.0,0.0,0.0,0.0,0.0,0.0,1.0,1.0,1.0,1.0,answer_conversion_failure,
hotpotqa_5ab271fe554299449642c8a6,llama3.1:8b,retrieve_then_read,Retrieved Evidence,diagnostic_condition,evidence_narrowed_condition,True,hotpotqa,comparison,yes_no,4000,front,low,unknown,no,yes,p0001;p0002,p0002,True,0.0,0.0,0.0,0.0,0.0,0.0,1.0,0.5,0.6666666666666666,1.0,evidence_integration_failure,
hotpotqa_5ab271fe554299449642c8a6,llama3.1:8b,oracle,Oracle Evidence,diagnostic_baseline,oracle_evidence_upper_reference,True,hotpotqa,comparison,yes_no,4000,front,low,unknown,no,yes,p0001;p0002,p0001;p0002,True,0.0,0.0,0.0,0.0,0.0,0.0,1.0,1.0,1.0,1.0,answer_conversion_failure,
hotpotqa_5ae819ac55429952e35eaa16,llama3.1:8b,no_evidence,No Evidence,diagnostic_baseline,question_only_lower_bound,True,hotpotqa,multi_hop,entity,8000,middle,low,unknown,National Broadcasting Company,NBC,p0001;p0002,,True,0.0,0.0,0.0,0.0,0.0,0.0,0.0,0.0,0.0,0.0,evidence_localization_failure,
hotpotqa_5ae819ac55429952e35eaa16,llama3.1:8b,direct,Full Context,diagnostic_condition,full_context_condition,True,hotpotqa,multi_hop,entity,8000,middle,low,unknown,National Broadcasting Company,NBC,p0001;p0002,p0001,True,0.0,0.0,0.0,0.0,0.0,0.0,1.0,0.5,0.6666666666666666,1.0,evidence_integration_failure,
hotpotqa_5ae819ac55429952e35eaa16,llama3.1:8b,retrieve_then_read,Retrieved Evidence,diagnostic_condition,evidence_narrowed_condition,True,hotpotqa,multi_hop,entity,8000,middle,low,unknown,National Broadcasting Company,Hunters Bay Radio,p0001;p0002,p0002,True,0.0,0.0,0.0,0.0,0.0,0.0,1.0,0.5,0.6666666666666666,1.0,evidence_integration_failure,
hotpotqa_5ae819ac55429952e35eaa16,llama3.1:8b,oracle,Oracle Evidence,diagnostic_baseline,oracle_evidence_upper_reference,True,hotpotqa,multi_hop,entity,8000,middle,low,unknown,National Broadcasting Company,NBC,p0001;p0002,p0001,True,0.0,0.0,0.0,0.0,0.0,0.0,1.0,0.5,0.6666666666666666,1.0,evidence_integration_failure,
hotpotqa_5a87bada5542994846c1cddc,llama3.1:8b,no_evidence,No Evidence,diagnostic_baseline,question_only_lower_bound,True,hotpotqa,multi_hop,entity,16000,end,medium,unknown,Murray Hill,Palo Alto,p0001;p0002;p0003,,True,0.0,0.0,0.0,0.0,0.0,0.0,0.0,0.0,0.0,0.0,evidence_localization_failure,
hotpotqa_5a87bada5542994846c1cddc,llama3.1:8b,direct,Full Context,diagnostic_condition,full_context_condition,True,hotpotqa,multi_hop,entity,16000,end,medium,unknown,Murray Hill,Murray Hill,p0001;p0002;p0003,p0002,True,1.0,1.0,1.0,1.0,1.0,1.0,1.0,0.3333333333333333,0.5,1.0,success,
hotpotqa_5a87bada5542994846c1cddc,llama3.1:8b,retrieve_then_read,Retrieved Evidence,diagnostic_condition,evidence_narrowed_condition,True,hotpotqa,multi_hop,entity,16000,end,medium,unknown,Murray Hill,Mississauga,p0001;p0002;p0003,,True,0.0,0.0,0.0,0.0,0.0,0.0,0.0,0.0,0.0,0.0,evidence_localization_failure,
hotpotqa_5a87bada5542994846c1cddc,llama3.1:8b,oracle,Oracle Evidence,diagnostic_baseline,oracle_evidence_upper_reference,True,hotpotqa,multi_hop,entity,16000,end,medium,unknown,Murray Hill,Murray Hill,p0001;p0002;p0003,p0003,True,1.0,1.0,1.0,1.0,1.0,1.0,1.0,0.3333333333333333,0.5,1.0,success,
hotpotqa_5adf65555542992d7e9f9334,llama3.1:8b,no_evidence,No Evidence,diagnostic_baseline,question_only_lower_bound,True,hotpotqa,multi_hop,entity,4000,scattered,low,unknown,Wendell Berry,Wendell Berry,p0001;p0002,,True,1.0,1.0,1.0,1.0,1.0,1.0,0.0,0.0,0.0,0.0,success,
hotpotqa_5adf65555542992d7e9f9334,llama3.1:8b,direct,Full Context,diagnostic_condition,full_context_condition,True,hotpotqa,multi_hop,entity,4000,scattered,low,unknown,Wendell Berry,Jay Martin,p0001;p0002,p0002,True,0.0,0.0,0.0,0.0,0.0,0.0,1.0,0.5,0.6666666666666666,1.0,evidence_integration_failure,
hotpotqa_5adf65555542992d7e9f9334,llama3.1:8b,retrieve_then_read,Retrieved Evidence,diagnostic_condition,evidence_narrowed_condition,True,hotpotqa,multi_hop,entity,4000,scattered,low,unknown,Wendell Berry,Jay Cronley,p0001;p0002,p0006,True,0.0,0.0,0.0,0.0,0.0,0.0,0.0,0.0,0.0,0.0,evidence_selection_failure,
hotpotqa_5adf65555542992d7e9f9334,llama3.1:8b,oracle,Oracle Evidence,diagnostic_baseline,oracle_evidence_upper_reference,True,hotpotqa,multi_hop,entity,4000,scattered,low,unknown,Wendell Berry,Wendell Berry,p0001;p0002,p0001;p0002,True,1.0,1.0,1.0,1.0,1.0,1.0,1.0,1.0,1.0,1.0,success,
hotpotqa_5ade69e455429975fa854ec5,llama3.1:8b,no_evidence,No Evidence,diagnostic_baseline,question_only_lower_bound,True,hotpotqa,multi_hop,entity,8000,front,medium,unknown,Tinu Suresh Desai,Vikram Bhatt,p0001;p0002;p0003;p0004;p0005,,True,0.0,0.0,0.0,0.0,0.0,0.0,0.0,0.0,0.0,0.0,evidence_localization_failure,
hotpotqa_5ade69e455429975fa854ec5,llama3.1:8b,direct,Full Context,diagnostic_condition,full_context_condition,True,hotpotqa,multi_hop,entity,8000,front,medium,unknown,Tinu Suresh Desai,Vikram Bhatt,p0001;p0002;p0003;p0004;p0005,p0014,True,0.0,0.0,0.0,0.0,0.0,0.0,0.0,0.0,0.0,0.0,evidence_selection_failure,
hotpotqa_5ade69e455429975fa854ec5,llama3.1:8b,retrieve_then_read,Retrieved Evidence,diagnostic_condition,evidence_narrowed_condition,True,hotpotqa,multi_hop,entity,8000,front,medium,unknown,Tinu Suresh Desai,Vikram Bhatt,p0001;p0002;p0003;p0004;p0005,p0005;p0014,True,0.0,0.0,0.0,0.0,0.0,0.0,0.5,0.2,0.28571428571428575,1.0,evidence_integration_failure,
hotpotqa_5ade69e455429975fa854ec5,llama3.1:8b,oracle,Oracle Evidence,diagnostic_baseline,oracle_evidence_upper_reference,True,hotpotqa,multi_hop,entity,8000,front,medium,unknown,Tinu Suresh Desai,Vikram Bhatt,p0001;p0002;p0003;p0004;p0005,p0004;p0005,True,0.0,0.0,0.0,0.0,0.0,0.0,1.0,0.4,0.5714285714285715,1.0,evidence_integration_failure,
hotpotqa_5a7ed2c655429930675135e5,llama3.1:8b,no_evidence,No Evidence,diagnostic_baseline,question_only_lower_bound,True,hotpotqa,multi_hop,string,16000,middle,low,unknown,multiple awards,nominations,p0001;p0002,,True,0.0,0.0,0.0,0.0,0.0,0.0,0.0,0.0,0.0,0.0,evidence_localization_failure,
hotpotqa_5a7ed2c655429930675135e5,llama3.1:8b,direct,Full Context,diagnostic_condition,full_context_condition,True,hotpotqa,multi_hop,string,16000,middle,low,unknown,multiple awards,multiple awards,p0001;p0002,p0001,True,1.0,1.0,1.0,1.0,1.0,1.0,1.0,0.5,0.6666666666666666,1.0,success,
hotpotqa_5a7ed2c655429930675135e5,llama3.1:8b,retrieve_then_read,Retrieved Evidence,diagnostic_condition,evidence_narrowed_condition,True,hotpotqa,multi_hop,string,16000,middle,low,unknown,multiple awards,nominations,p0001;p0002,p0002,True,0.0,0.0,0.0,0.0,0.0,0.0,1.0,0.5,0.6666666666666666,1.0,evidence_integration_failure,
hotpotqa_5a7ed2c655429930675135e5,llama3.1:8b,oracle,Oracle Evidence,diagnostic_baseline,oracle_evidence_upper_reference,True,hotpotqa,multi_hop,string,16000,middle,low,unknown,multiple awards,multiple awards,p0001;p0002,p0001,True,1.0,1.0,1.0,1.0,1.0,1.0,1.0,0.5,0.6666666666666666,1.0,success,
hotpotqa_5a7a276d5542996c55b2dd27,llama3.1:8b,no_evidence,No Evidence,diagnostic_baseline,question_only_lower_bound,True,hotpotqa,multi_hop,entity,4000,end,medium,unknown,Colonel Charles Hastings Judd,Winston Churchill,p0001;p0002;p0003,,True,0.0,0.0,0.0,0.0,0.0,0.0,0.0,0.0,0.0,0.0,evidence_localization_failure,
hotpotqa_5a7a276d5542996c55b2dd27,llama3.1:8b,direct,Full Context,diagnostic_condition,full_context_condition,True,hotpotqa,multi_hop,entity,4000,end,medium,unknown,Colonel Charles Hastings Judd,Colonel Charles Hastings Judd,p0001;p0002;p0003,p0002,True,1.0,1.0,1.0,1.0,1.0,1.0,1.0,0.3333333333333333,0.5,1.0,success,
hotpotqa_5a7a276d5542996c55b2dd27,llama3.1:8b,retrieve_then_read,Retrieved Evidence,diagnostic_condition,evidence_narrowed_condition,True,hotpotqa,multi_hop,entity,4000,end,medium,unknown,Colonel Charles Hastings Judd,Charles Hastings Judd,p0001;p0002;p0003,p0002,True,0.0,0.8571428571428571,0.0,0.8571428571428571,0.0,0.8571428571428571,1.0,0.3333333333333333,0.5,1.0,evidence_integration_failure,
hotpotqa_5a7a276d5542996c55b2dd27,llama3.1:8b,oracle,Oracle Evidence,diagnostic_baseline,oracle_evidence_upper_reference,True,hotpotqa,multi_hop,entity,4000,end,medium,unknown,Colonel Charles Hastings Judd,Charles Hastings Judd,p0001;p0002;p0003,p0002;p0003,True,0.0,0.8571428571428571,0.0,0.8571428571428571,0.0,0.8571428571428571,1.0,0.6666666666666666,0.8,1.0,evidence_integration_failure,
hotpotqa_5ab7e4dc5542995dae37e9df,llama3.1:8b,no_evidence,No Evidence,diagnostic_baseline,question_only_lower_bound,True,hotpotqa,multi_hop,entity,8000,scattered,low,unknown,Jackson Storm,Doc Hudson,p0001;p0002,,True,0.0,0.0,0.0,0.0,0.0,0.0,0.0,0.0,0.0,0.0,evidence_localization_failure,
hotpotqa_5ab7e4dc5542995dae37e9df,llama3.1:8b,direct,Full Context,diagnostic_condition,full_context_condition,True,hotpotqa,multi_hop,entity,8000,scattered,low,unknown,Jackson Storm,Lightning McQueen,p0001;p0002,p0007,True,0.0,0.0,0.0,0.0,0.0,0.0,0.0,0.0,0.0,0.0,evidence_selection_failure,
hotpotqa_5ab7e4dc5542995dae37e9df,llama3.1:8b,retrieve_then_read,Retrieved Evidence,diagnostic_condition,evidence_narrowed_condition,True,hotpotqa,multi_hop,entity,8000,scattered,low,unknown,Jackson Storm,Lightning McQueen,p0001;p0002,p0002,True,0.0,0.0,0.0,0.0,0.0,0.0,1.0,0.5,0.6666666666666666,1.0,evidence_integration_failure,
hotpotqa_5ab7e4dc5542995dae37e9df,llama3.1:8b,oracle,Oracle Evidence,diagnostic_baseline,oracle_evidence_upper_reference,True,hotpotqa,multi_hop,entity,8000,scattered,low,unknown,Jackson Storm,Jackson Storm,p0001;p0002,p0002,True,1.0,1.0,1.0,1.0,1.0,1.0,1.0,0.5,0.6666666666666666,1.0,success,
hotpotqa_5a834ed95542990548d0b1ca,llama3.1:8b,no_evidence,No Evidence,diagnostic_baseline,question_only_lower_bound,True,hotpotqa,comparison,entity,16000,front,low,unknown,712 5th Avenue,Manhattan Life Insurance Building,p0001;p0002,,True,0.0,0.0,0.0,0.0,0.0,0.0,0.0,0.0,0.0,0.0,evidence_localization_failure,
hotpotqa_5a834ed95542990548d0b1ca,llama3.1:8b,direct,Full Context,diagnostic_condition,full_context_condition,True,hotpotqa,comparison,entity,16000,front,low,unknown,712 5th Avenue,712 Fifth Avenue,p0001;p0002,p0001,True,0.0,0.6666666666666666,0.0,0.6666666666666666,0.0,0.6666666666666666,1.0,0.5,0.6666666666666666,1.0,evidence_integration_failure,
hotpotqa_5a834ed95542990548d0b1ca,llama3.1:8b,retrieve_then_read,Retrieved Evidence,diagnostic_condition,evidence_narrowed_condition,True,hotpotqa,comparison,entity,16000,front,low,unknown,712 5th Avenue,712 Fifth Avenue,p0001;p0002,,True,0.0,0.6666666666666666,0.0,0.6666666666666666,0.0,0.6666666666666666,0.0,0.0,0.0,0.0,evidence_localization_failure,
hotpotqa_5a834ed95542990548d0b1ca,llama3.1:8b,oracle,Oracle Evidence,diagnostic_baseline,oracle_evidence_upper_reference,True,hotpotqa,comparison,entity,16000,front,low,unknown,712 5th Avenue,712 Fifth Avenue,p0001;p0002,p0001;p0002,True,0.0,0.6666666666666666,0.0,0.6666666666666666,0.0,0.6666666666666666,1.0,1.0,1.0,1.0,answer_conversion_failure,
hotpotqa_5abaf3195542996cc5e49f2c,llama3.1:8b,no_evidence,No Evidence,diagnostic_baseline,question_only_lower_bound,True,hotpotqa,multi_hop,entity,4000,middle,low,unknown,Samoa,Malaysia,p0001;p0002,,True,0.0,0.0,0.0,0.0,0.0,0.0,0.0,0.0,0.0,0.0,evidence_localization_failure,
hotpotqa_5abaf3195542996cc5e49f2c,llama3.1:8b,direct,Full Context,diagnostic_condition,full_context_condition,True,hotpotqa,multi_hop,entity,4000,middle,low,unknown,Samoa,Samoa,p0001;p0002,p0001,True,1.0,1.0,1.0,1.0,1.0,1.0,1.0,0.5,0.6666666666666666,1.0,success,
hotpotqa_5abaf3195542996cc5e49f2c,llama3.1:8b,retrieve_then_read,Retrieved Evidence,diagnostic_condition,evidence_narrowed_condition,True,hotpotqa,multi_hop,entity,4000,middle,low,unknown,Samoa,India,p0001;p0002,,True,0.0,0.0,0.0,0.0,0.0,0.0,0.0,0.0,0.0,0.0,evidence_localization_failure,
hotpotqa_5abaf3195542996cc5e49f2c,llama3.1:8b,oracle,Oracle Evidence,diagnostic_baseline,oracle_evidence_upper_reference,True,hotpotqa,multi_hop,entity,4000,middle,low,unknown,Samoa,Samoa,p0001;p0002,p0002;p0001,True,1.0,1.0,1.0,1.0,1.0,1.0,1.0,1.0,1.0,1.0,success,
hotpotqa_5a87ab9b5542996e4f3088c2,llama3.1:8b,no_evidence,No Evidence,diagnostic_baseline,question_only_lower_bound,True,hotpotqa,multi_hop,string,8000,end,low,unknown,nineteenth,18th,p0001;p0002,,True,0.0,0.0,0.0,0.0,0.0,0.0,0.0,0.0,0.0,0.0,evidence_localization_failure,
hotpotqa_5a87ab9b5542996e4f3088c2,llama3.1:8b,direct,Full Context,diagnostic_condition,full_context_condition,True,hotpotqa,multi_hop,string,8000,end,low,unknown,nineteenth,19th,p0001;p0002,p0002,True,0.0,0.0,0.0,0.0,0.0,0.0,1.0,0.5,0.6666666666666666,1.0,evidence_integration_failure,
hotpotqa_5a87ab9b5542996e4f3088c2,llama3.1:8b,retrieve_then_read,Retrieved Evidence,diagnostic_condition,evidence_narrowed_condition,True,hotpotqa,multi_hop,string,8000,end,low,unknown,nineteenth,nineteenth,p0001;p0002,p0002;p0005,True,1.0,1.0,1.0,1.0,1.0,1.0,0.5,0.5,0.5,1.0,success,
hotpotqa_5a87ab9b5542996e4f3088c2,llama3.1:8b,oracle,Oracle Evidence,diagnostic_baseline,oracle_evidence_upper_reference,True,hotpotqa,multi_hop,string,8000,end,low,unknown,nineteenth,nineteenth,p0001;p0002,p0002;p0001,True,1.0,1.0,1.0,1.0,1.0,1.0,1.0,1.0,1.0,1.0,success,
hotpotqa_5a738fe855429908901be2fb,llama3.1:8b,no_evidence,No Evidence,diagnostic_baseline,question_only_lower_bound,True,hotpotqa,multi_hop,entity,16000,scattered,low,unknown,Awake,King Richard,p0001;p0002,,True,0.0,0.0,0.0,0.0,0.0,0.0,0.0,0.0,0.0,0.0,evidence_localization_failure,
hotpotqa_5a738fe855429908901be2fb,llama3.1:8b,direct,Full Context,diagnostic_condition,full_context_condition,True,hotpotqa,multi_hop,entity,16000,scattered,low,unknown,Awake,Blog Wars,p0001;p0002,p0012,True,0.0,0.0,0.0,0.0,0.0,0.0,0.0,0.0,0.0,0.0,evidence_selection_failure,
hotpotqa_5a738fe855429908901be2fb,llama3.1:8b,retrieve_then_read,Retrieved Evidence,diagnostic_condition,evidence_narrowed_condition,True,hotpotqa,multi_hop,entity,16000,scattered,low,unknown,Awake,Robin Hood,p0001;p0002,,True,0.0,0.0,0.0,0.0,0.0,0.0,0.0,0.0,0.0,0.0,evidence_localization_failure,
hotpotqa_5a738fe855429908901be2fb,llama3.1:8b,oracle,Oracle Evidence,diagnostic_baseline,oracle_evidence_upper_reference,True,hotpotqa,multi_hop,entity,16000,scattered,low,unknown,Awake,Awake,p0001;p0002,p0002;p0001,True,1.0,1.0,1.0,1.0,1.0,1.0,1.0,1.0,1.0,1.0,success,
hotpotqa_5adf3e355542993a75d26440,llama3.1:8b,no_evidence,No Evidence,diagnostic_baseline,question_only_lower_bound,True,hotpotqa,multi_hop,string,4000,front,medium,unknown,8 km,16 kilometers,p0001;p0002;p0003,,True,0.0,0.0,0.0,0.0,0.0,0.0,0.0,0.0,0.0,0.0,evidence_localization_failure,
hotpotqa_5adf3e355542993a75d26440,llama3.1:8b,direct,Full Context,diagnostic_condition,full_context_condition,True,hotpotqa,multi_hop,string,4000,front,medium,unknown,8 km,8 km,p0001;p0002;p0003,p0002,True,1.0,1.0,1.0,1.0,1.0,1.0,1.0,0.3333333333333333,0.5,1.0,success,
hotpotqa_5adf3e355542993a75d26440,llama3.1:8b,retrieve_then_read,Retrieved Evidence,diagnostic_condition,evidence_narrowed_condition,True,hotpotqa,multi_hop,string,4000,front,medium,unknown,8 km,28 km,p0001;p0002;p0003,p0001,True,0.0,0.5,0.0,0.5,0.0,0.5,1.0,0.3333333333333333,0.5,1.0,evidence_integration_failure,
hotpotqa_5adf3e355542993a75d26440,llama3.1:8b,oracle,Oracle Evidence,diagnostic_baseline,oracle_evidence_upper_reference,True,hotpotqa,multi_hop,string,4000,front,medium,unknown,8 km,8 km,p0001;p0002;p0003,p0003,True,1.0,1.0,1.0,1.0,1.0,1.0,1.0,0.3333333333333333,0.5,1.0,success,
hotpotqa_5ae82ae555429952e35eaa71,llama3.1:8b,no_evidence,No Evidence,diagnostic_baseline,question_only_lower_bound,True,hotpotqa,multi_hop,entity,8000,middle,medium,unknown,Rawhide,Bonanza,p0001;p0002;p0003;p0004,,True,0.0,0.0,0.0,0.0,0.0,0.0,0.0,0.0,0.0,0.0,evidence_localization_failure,
hotpotqa_5ae82ae555429952e35eaa71,llama3.1:8b,direct,Full Context,diagnostic_condition,full_context_condition,True,hotpotqa,multi_hop,entity,8000,middle,medium,unknown,Rawhide,Rawhide,p0001;p0002;p0003;p0004,p0002,True,1.0,1.0,1.0,1.0,1.0,1.0,1.0,0.25,0.4,1.0,success,
hotpotqa_5ae82ae555429952e35eaa71,llama3.1:8b,retrieve_then_read,Retrieved Evidence,diagnostic_condition,evidence_narrowed_condition,True,hotpotqa,multi_hop,entity,8000,middle,medium,unknown,Rawhide,Clint Eastwood,p0001;p0002;p0003;p0004,p0002,True,0.0,0.0,0.0,0.0,0.0,0.0,1.0,0.25,0.4,1.0,evidence_integration_failure,
hotpotqa_5ae82ae555429952e35eaa71,llama3.1:8b,oracle,Oracle Evidence,diagnostic_baseline,oracle_evidence_upper_reference,True,hotpotqa,multi_hop,entity,8000,middle,medium,unknown,Rawhide,Rawhide,p0001;p0002;p0003;p0004,p0003;p0004,True,1.0,1.0,1.0,1.0,1.0,1.0,1.0,0.5,0.6666666666666666,1.0,success,
hotpotqa_5ab8688b55429934fafe6daa,llama3.1:8b,no_evidence,No Evidence,diagnostic_baseline,question_only_lower_bound,True,hotpotqa,multi_hop,entity,16000,end,medium,unknown,Starlite,Super Glue,p0001;p0002;p0003,,True,0.0,0.0,0.0,0.0,0.0,0.0,0.0,0.0,0.0,0.0,evidence_localization_failure,
hotpotqa_5ab8688b55429934fafe6daa,llama3.1:8b,direct,Full Context,diagnostic_condition,full_context_condition,True,hotpotqa,multi_hop,entity,16000,end,medium,unknown,Starlite,Starlite,p0001;p0002;p0003,p0001,True,1.0,1.0,1.0,1.0,1.0,1.0,1.0,0.3333333333333333,0.5,1.0,success,
hotpotqa_5ab8688b55429934fafe6daa,llama3.1:8b,retrieve_then_read,Retrieved Evidence,diagnostic_condition,evidence_narrowed_condition,True,hotpotqa,multi_hop,entity,16000,end,medium,unknown,Starlite,Starlite,p0001;p0002;p0003,p0002;p0003,True,1.0,1.0,1.0,1.0,1.0,1.0,1.0,0.6666666666666666,0.8,1.0,success,
hotpotqa_5ab8688b55429934fafe6daa,llama3.1:8b,oracle,Oracle Evidence,diagnostic_baseline,oracle_evidence_upper_reference,True,hotpotqa,multi_hop,entity,16000,end,medium,unknown,Starlite,Starlite,p0001;p0002;p0003,p0001;p0003,True,1.0,1.0,1.0,1.0,1.0,1.0,1.0,0.6666666666666666,0.8,1.0,success,
hotpotqa_5ab9b29c554299743d22ebae,llama3.1:8b,no_evidence,No Evidence,diagnostic_baseline,question_only_lower_bound,True,hotpotqa,comparison,entity,4000,scattered,low,unknown,Craig v. Boren,Craig v. Boren,p0001;p0002,,True,1.0,1.0,1.0,1.0,1.0,1.0,0.0,0.0,0.0,0.0,success,
hotpotqa_5ab9b29c554299743d22ebae,llama3.1:8b,direct,Full Context,diagnostic_condition,full_context_condition,True,hotpotqa,comparison,entity,4000,scattered,low,unknown,Craig v. Boren,"United States v. Paramount Pictures, Inc.",p0001;p0002,p0011,True,0.0,0.2222222222222222,0.0,0.2222222222222222,0.0,0.2222222222222222,0.0,0.0,0.0,0.0,evidence_selection_failure,
hotpotqa_5ab9b29c554299743d22ebae,llama3.1:8b,retrieve_then_read,Retrieved Evidence,diagnostic_condition,evidence_narrowed_condition,True,hotpotqa,comparison,entity,4000,scattered,low,unknown,Craig v. Boren,Craig v. Boren,p0001;p0002,p0001,True,1.0,1.0,1.0,1.0,1.0,1.0,1.0,0.5,0.6666666666666666,1.0,success,
hotpotqa_5ab9b29c554299743d22ebae,llama3.1:8b,oracle,Oracle Evidence,diagnostic_baseline,oracle_evidence_upper_reference,True,hotpotqa,comparison,entity,4000,scattered,low,unknown,Craig v. Boren,"United States v. Paramount Pictures, Inc.",p0001;p0002,p0002,True,0.0,0.2222222222222222,0.0,0.2222222222222222,0.0,0.2222222222222222,1.0,0.5,0.6666666666666666,1.0,evidence_integration_failure,
hotpotqa_5ade51b45542997c77adedf4,llama3.1:8b,no_evidence,No Evidence,diagnostic_baseline,question_only_lower_bound,True,hotpotqa,multi_hop,entity,8000,front,medium,unknown,Arrowhead Stadium,Arrowhead Stadium,p0001;p0002;p0003,,True,1.0,1.0,1.0,1.0,1.0,1.0,0.0,0.0,0.0,0.0,success,
hotpotqa_5ade51b45542997c77adedf4,llama3.1:8b,direct,Full Context,diagnostic_condition,full_context_condition,True,hotpotqa,multi_hop,entity,8000,front,medium,unknown,Arrowhead Stadium,Arrowhead Stadium,p0001;p0002;p0003,,True,1.0,1.0,1.0,1.0,1.0,1.0,0.0,0.0,0.0,0.0,success,
hotpotqa_5ade51b45542997c77adedf4,llama3.1:8b,retrieve_then_read,Retrieved Evidence,diagnostic_condition,evidence_narrowed_condition,True,hotpotqa,multi_hop,entity,8000,front,medium,unknown,Arrowhead Stadium,Arrowhead Stadium,p0001;p0002;p0003,,True,1.0,1.0,1.0,1.0,1.0,1.0,0.0,0.0,0.0,0.0,success,
hotpotqa_5ade51b45542997c77adedf4,llama3.1:8b,oracle,Oracle Evidence,diagnostic_baseline,oracle_evidence_upper_reference,True,hotpotqa,multi_hop,entity,8000,front,medium,unknown,Arrowhead Stadium,Arrowhead Stadium,p0001;p0002;p0003,p0002;p0003,True,1.0,1.0,1.0,1.0,1.0,1.0,1.0,0.6666666666666666,0.8,1.0,success,
hotpotqa_5a7d3470554299452d57bb56,llama3.1:8b,no_evidence,No Evidence,diagnostic_baseline,question_only_lower_bound,True,hotpotqa,multi_hop,entity,16000,middle,medium,unknown,Compliance,The Wolf of Wall Street,p0001;p0002;p0003;p0004,,True,0.0,0.0,0.0,0.0,0.0,0.0,0.0,0.0,0.0,0.0,evidence_localization_failure,
hotpotqa_5a7d3470554299452d57bb56,llama3.1:8b,direct,Full Context,diagnostic_condition,full_context_condition,True,hotpotqa,multi_hop,entity,16000,middle,medium,unknown,Compliance,Compliance,p0001;p0002;p0003;p0004,p0002;p0003,True,1.0,1.0,1.0,1.0,1.0,1.0,1.0,0.5,0.6666666666666666,1.0,success,
hotpotqa_5a7d3470554299452d57bb56,llama3.1:8b,retrieve_then_read,Retrieved Evidence,diagnostic_condition,evidence_narrowed_condition,True,hotpotqa,multi_hop,entity,16000,middle,medium,unknown,Compliance,Compliance,p0001;p0002;p0003;p0004,p0002;p0003,True,1.0,1.0,1.0,1.0,1.0,1.0,1.0,0.5,0.6666666666666666,1.0,success,
hotpotqa_5a7d3470554299452d57bb56,llama3.1:8b,oracle,Oracle Evidence,diagnostic_baseline,oracle_evidence_upper_reference,True,hotpotqa,multi_hop,entity,16000,middle,medium,unknown,Compliance,Compliance,p0001;p0002;p0003;p0004,p0002;p0003,True,1.0,1.0,1.0,1.0,1.0,1.0,1.0,0.5,0.6666666666666666,1.0,success,
hotpotqa_5ab1d7ac554299449642c7e6,llama3.1:8b,no_evidence,No Evidence,diagnostic_baseline,question_only_lower_bound,True,hotpotqa,comparison,entity,4000,end,medium,unknown,Ehretia,Ehretia,p0001;p0002;p0003,,True,1.0,1.0,1.0,1.0,1.0,1.0,0.0,0.0,0.0,0.0,success,
hotpotqa_5ab1d7ac554299449642c7e6,llama3.1:8b,direct,Full Context,diagnostic_condition,full_context_condition,True,hotpotqa,comparison,entity,4000,end,medium,unknown,Ehretia,Ehretia,p0001;p0002;p0003,p0002,True,1.0,1.0,1.0,1.0,1.0,1.0,1.0,0.3333333333333333,0.5,1.0,success,
hotpotqa_5ab1d7ac554299449642c7e6,llama3.1:8b,retrieve_then_read,Retrieved Evidence,diagnostic_condition,evidence_narrowed_condition,True,hotpotqa,comparison,entity,4000,end,medium,unknown,Ehretia,Ehretia,p0001;p0002;p0003,p0002,True,1.0,1.0,1.0,1.0,1.0,1.0,1.0,0.3333333333333333,0.5,1.0,success,
hotpotqa_5ab1d7ac554299449642c7e6,llama3.1:8b,oracle,Oracle Evidence,diagnostic_baseline,oracle_evidence_upper_reference,True,hotpotqa,comparison,entity,4000,end,medium,unknown,Ehretia,Ehretia,p0001;p0002;p0003,p0002;p0003,True,1.0,1.0,1.0,1.0,1.0,1.0,1.0,0.6666666666666666,0.8,1.0,success,
hotpotqa_5a73a7c755429978a71e9068,llama3.1:8b,no_evidence,No Evidence,diagnostic_baseline,question_only_lower_bound,True,hotpotqa,multi_hop,entity,8000,scattered,low,unknown,Donna Paige Helmintoller,Peabo Bryson,p0001;p0002,,True,0.0,0.0,0.0,0.0,0.0,0.0,0.0,0.0,0.0,0.0,evidence_localization_failure,
hotpotqa_5a73a7c755429978a71e9068,llama3.1:8b,direct,Full Context,diagnostic_condition,full_context_condition,True,hotpotqa,multi_hop,entity,8000,scattered,low,unknown,Donna Paige Helmintoller,Paige O'Hara,p0001;p0002,p0001,True,0.0,0.4,0.0,0.3333333333333333,0.0,0.4,1.0,0.5,0.6666666666666666,1.0,evidence_integration_failure,
hotpotqa_5a73a7c755429978a71e9068,llama3.1:8b,retrieve_then_read,Retrieved Evidence,diagnostic_condition,evidence_narrowed_condition,True,hotpotqa,multi_hop,entity,8000,scattered,low,unknown,Donna Paige Helmintoller,Angela Lansbury,p0001;p0002,,True,0.0,0.0,0.0,0.0,0.0,0.0,0.0,0.0,0.0,0.0,evidence_localization_failure,
hotpotqa_5a73a7c755429978a71e9068,llama3.1:8b,oracle,Oracle Evidence,diagnostic_baseline,oracle_evidence_upper_reference,True,hotpotqa,multi_hop,entity,8000,scattered,low,unknown,Donna Paige Helmintoller,Paige O'Hara,p0001;p0002,p0002;p0001,True,0.0,0.4,0.0,0.3333333333333333,0.0,0.4,1.0,1.0,1.0,1.0,answer_conversion_failure,
hotpotqa_5ae4d3c95542990ba0bbb165,llama3.1:8b,no_evidence,No Evidence,diagnostic_baseline,question_only_lower_bound,True,hotpotqa,comparison,entity,16000,front,low,unknown,"Istanbul, Turkey",Istanbul,p0001;p0002,,True,0.0,0.6666666666666666,0.0,0.6666666666666666,0.0,0.6666666666666666,0.0,0.0,0.0,0.0,evidence_localization_failure,
hotpotqa_5ae4d3c95542990ba0bbb165,llama3.1:8b,direct,Full Context,diagnostic_condition,full_context_condition,True,hotpotqa,comparison,entity,16000,front,low,unknown,"Istanbul, Turkey",Istanbul,p0001;p0002,,True,0.0,0.6666666666666666,0.0,0.6666666666666666,0.0,0.6666666666666666,0.0,0.0,0.0,0.0,evidence_localization_failure,
hotpotqa_5ae4d3c95542990ba0bbb165,llama3.1:8b,retrieve_then_read,Retrieved Evidence,diagnostic_condition,evidence_narrowed_condition,True,hotpotqa,comparison,entity,16000,front,low,unknown,"Istanbul, Turkey",Istanbul,p0001;p0002,p0001,True,0.0,0.6666666666666666,0.0,0.6666666666666666,0.0,0.6666666666666666,1.0,0.5,0.6666666666666666,1.0,evidence_integration_failure,
hotpotqa_5ae4d3c95542990ba0bbb165,llama3.1:8b,oracle,Oracle Evidence,diagnostic_baseline,oracle_evidence_upper_reference,True,hotpotqa,comparison,entity,16000,front,low,unknown,"Istanbul, Turkey",Istanbul,p0001;p0002,p0001;p0002,True,0.0,0.6666666666666666,0.0,0.6666666666666666,0.0,0.6666666666666666,1.0,1.0,1.0,1.0,answer_conversion_failure,
hotpotqa_5ab7f97a5542991d322237ef,llama3.1:8b,no_evidence,No Evidence,diagnostic_baseline,question_only_lower_bound,True,hotpotqa,multi_hop,string,4000,middle,low,unknown,super-regional shopping mall,Opry Mills,p0001;p0002,,True,0.0,0.0,0.0,0.0,0.0,0.0,0.0,0.0,0.0,0.0,evidence_localization_failure,
hotpotqa_5ab7f97a5542991d322237ef,llama3.1:8b,direct,Full Context,diagnostic_condition,full_context_condition,True,hotpotqa,multi_hop,string,4000,middle,low,unknown,super-regional shopping mall,a super-regional shopping mall,p0001;p0002,p0002;p0001,True,1.0,1.0,1.0,1.0,1.0,1.0,1.0,1.0,1.0,1.0,success,
hotpotqa_5ab7f97a5542991d322237ef,llama3.1:8b,retrieve_then_read,Retrieved Evidence,diagnostic_condition,evidence_narrowed_condition,True,hotpotqa,multi_hop,string,4000,middle,low,unknown,super-regional shopping mall,a super-regional shopping mall,p0001;p0002,p0007,True,1.0,1.0,1.0,1.0,1.0,1.0,0.0,0.0,0.0,0.0,success,
hotpotqa_5ab7f97a5542991d322237ef,llama3.1:8b,oracle,Oracle Evidence,diagnostic_baseline,oracle_evidence_upper_reference,True,hotpotqa,multi_hop,string,4000,middle,low,unknown,super-regional shopping mall,a super-regional shopping mall,p0001;p0002,p0002;p0001,True,1.0,1.0,1.0,1.0,1.0,1.0,1.0,1.0,1.0,1.0,success,
hotpotqa_5ae4563e5542996836b02c7f,llama3.1:8b,no_evidence,No Evidence,diagnostic_baseline,question_only_lower_bound,True,hotpotqa,multi_hop,string,8000,end,low,unknown,over 600 stores,over 900 stores,p0001;p0002,,True,0.0,0.6666666666666666,0.0,0.6666666666666666,0.0,0.6666666666666666,0.0,0.0,0.0,0.0,evidence_localization_failure,
hotpotqa_5ae4563e5542996836b02c7f,llama3.1:8b,direct,Full Context,diagnostic_condition,full_context_condition,True,hotpotqa,multi_hop,string,8000,end,low,unknown,over 600 stores,over 600,p0001;p0002,p0001,True,0.0,0.8,0.0,0.8,0.0,0.8,1.0,0.5,0.6666666666666666,1.0,evidence_integration_failure,
hotpotqa_5ae4563e5542996836b02c7f,llama3.1:8b,retrieve_then_read,Retrieved Evidence,diagnostic_condition,evidence_narrowed_condition,True,hotpotqa,multi_hop,string,8000,end,low,unknown,over 600 stores,over 600,p0001;p0002,p0002,True,0.0,0.8,0.0,0.8,0.0,0.8,1.0,0.5,0.6666666666666666,1.0,evidence_integration_failure,
hotpotqa_5ae4563e5542996836b02c7f,llama3.1:8b,oracle,Oracle Evidence,diagnostic_baseline,oracle_evidence_upper_reference,True,hotpotqa,multi_hop,string,8000,end,low,unknown,over 600 stores,over 600,p0001;p0002,p0002;p0001,True,0.0,0.8,0.0,0.8,0.0,0.8,1.0,1.0,1.0,1.0,answer_conversion_failure,
hotpotqa_5ab6ff3a5542991d3222372a,llama3.1:8b,no_evidence,No Evidence,diagnostic_baseline,question_only_lower_bound,True,hotpotqa,multi_hop,entity,16000,scattered,medium,unknown,Berea College,Hampden-Sydney College,p0001;p0002;p0003,,True,0.0,0.5,0.0,0.4,0.0,0.5,0.0,0.0,0.0,0.0,evidence_localization_failure,
hotpotqa_5ab6ff3a5542991d3222372a,llama3.1:8b,direct,Full Context,diagnostic_condition,full_context_condition,True,hotpotqa,multi_hop,entity,16000,scattered,medium,unknown,Berea College,Berea College,p0001;p0002;p0003,,True,1.0,1.0,1.0,1.0,1.0,1.0,0.0,0.0,0.0,0.0,success,
hotpotqa_5ab6ff3a5542991d3222372a,llama3.1:8b,retrieve_then_read,Retrieved Evidence,diagnostic_condition,evidence_narrowed_condition,True,hotpotqa,multi_hop,entity,16000,scattered,medium,unknown,Berea College,Berea College,p0001;p0002;p0003,p0001,True,1.0,1.0,1.0,1.0,1.0,1.0,1.0,0.3333333333333333,0.5,1.0,success,
hotpotqa_5ab6ff3a5542991d3222372a,llama3.1:8b,oracle,Oracle Evidence,diagnostic_baseline,oracle_evidence_upper_reference,True,hotpotqa,multi_hop,entity,16000,scattered,medium,unknown,Berea College,Berea College,p0001;p0002;p0003,p0002;p0003,True,1.0,1.0,1.0,1.0,1.0,1.0,1.0,0.6666666666666666,0.8,1.0,success,
hotpotqa_5ac1795f5542994ab5c67d5f,llama3.1:8b,no_evidence,No Evidence,diagnostic_baseline,question_only_lower_bound,True,hotpotqa,multi_hop,entity,4000,front,low,unknown,James Burke,James Burke,p0001;p0002,,True,1.0,1.0,1.0,1.0,1.0,1.0,0.0,0.0,0.0,0.0,success,
hotpotqa_5ac1795f5542994ab5c67d5f,llama3.1:8b,direct,Full Context,diagnostic_condition,full_context_condition,True,hotpotqa,multi_hop,entity,4000,front,low,unknown,James Burke,James Burke,p0001;p0002,p0001,True,1.0,1.0,1.0,1.0,1.0,1.0,1.0,0.5,0.6666666666666666,1.0,success,
hotpotqa_5ac1795f5542994ab5c67d5f,llama3.1:8b,retrieve_then_read,Retrieved Evidence,diagnostic_condition,evidence_narrowed_condition,True,hotpotqa,multi_hop,entity,4000,front,low,unknown,James Burke,James Burke,p0001;p0002,p0001,True,1.0,1.0,1.0,1.0,1.0,1.0,1.0,0.5,0.6666666666666666,1.0,success,
hotpotqa_5ac1795f5542994ab5c67d5f,llama3.1:8b,oracle,Oracle Evidence,diagnostic_baseline,oracle_evidence_upper_reference,True,hotpotqa,multi_hop,entity,4000,front,low,unknown,James Burke,James Burke,p0001;p0002,p0001,True,1.0,1.0,1.0,1.0,1.0,1.0,1.0,0.5,0.6666666666666666,1.0,success,
hotpotqa_5ae6f2a7554299572ea5464a,llama3.1:8b,no_evidence,No Evidence,diagnostic_baseline,question_only_lower_bound,True,hotpotqa,multi_hop,entity,8000,middle,medium,unknown,Tybalt,Romeo,p0001;p0002;p0003;p0004,,True,0.0,0.0,0.0,0.0,0.0,0.0,0.0,0.0,0.0,0.0,evidence_localization_failure,
hotpotqa_5ae6f2a7554299572ea5464a,llama3.1:8b,direct,Full Context,diagnostic_condition,full_context_condition,True,hotpotqa,multi_hop,entity,8000,middle,medium,unknown,Tybalt,Romeo Montague,p0001;p0002;p0003;p0004,p0002;p0003,True,0.0,0.0,0.0,0.0,0.0,0.0,1.0,0.5,0.6666666666666666,1.0,evidence_integration_failure,
hotpotqa_5ae6f2a7554299572ea5464a,llama3.1:8b,retrieve_then_read,Retrieved Evidence,diagnostic_condition,evidence_narrowed_condition,True,hotpotqa,multi_hop,entity,8000,middle,medium,unknown,Tybalt,Romeo,p0001;p0002;p0003;p0004,,True,0.0,0.0,0.0,0.0,0.0,0.0,0.0,0.0,0.0,0.0,evidence_localization_failure,
hotpotqa_5ae6f2a7554299572ea5464a,llama3.1:8b,oracle,Oracle Evidence,diagnostic_baseline,oracle_evidence_upper_reference,True,hotpotqa,multi_hop,entity,8000,middle,medium,unknown,Tybalt,Romeo,p0001;p0002;p0003;p0004,p0002;p0003,True,0.0,0.0,0.0,0.0,0.0,0.0,1.0,0.5,0.6666666666666666,1.0,evidence_integration_failure,
hotpotqa_5ae3ff575542995dadf242aa,llama3.1:8b,no_evidence,No Evidence,diagnostic_baseline,question_only_lower_bound,True,hotpotqa,multi_hop,number,16000,end,low,unknown,"3,384,569",Addis Ababa,p0001;p0002,,True,0.0,0.0,0.0,0.0,0.0,0.0,0.0,0.0,0.0,0.0,evidence_localization_failure,
hotpotqa_5ae3ff575542995dadf242aa,llama3.1:8b,direct,Full Context,diagnostic_condition,full_context_condition,True,hotpotqa,multi_hop,number,16000,end,low,unknown,"3,384,569",3384569,p0001;p0002,p0001,True,1.0,1.0,0.0,0.0,1.0,1.0,1.0,0.5,0.6666666666666666,1.0,success,
hotpotqa_5ae3ff575542995dadf242aa,llama3.1:8b,retrieve_then_read,Retrieved Evidence,diagnostic_condition,evidence_narrowed_condition,True,hotpotqa,multi_hop,number,16000,end,low,unknown,"3,384,569",613,p0001;p0002,,True,0.0,0.0,0.0,0.0,0.0,0.0,0.0,0.0,0.0,0.0,evidence_localization_failure,
hotpotqa_5ae3ff575542995dadf242aa,llama3.1:8b,oracle,Oracle Evidence,diagnostic_baseline,oracle_evidence_upper_reference,True,hotpotqa,multi_hop,number,16000,end,low,unknown,"3,384,569",3384569,p0001;p0002,p0002,True,1.0,1.0,0.0,0.0,1.0,1.0,1.0,0.5,0.6666666666666666,1.0,success,
hotpotqa_5a89fb525542993b751ca9d6,llama3.1:8b,no_evidence,No Evidence,diagnostic_baseline,question_only_lower_bound,True,hotpotqa,multi_hop,entity,4000,scattered,medium,unknown,Anna Clyne,Anna Clyne,p0001;p0002;p0003,,True,1.0,1.0,1.0,1.0,1.0,1.0,0.0,0.0,0.0,0.0,success,
hotpotqa_5a89fb525542993b751ca9d6,llama3.1:8b,direct,Full Context,diagnostic_condition,full_context_condition,True,hotpotqa,multi_hop,entity,4000,scattered,medium,unknown,Anna Clyne,Anna Clyne,p0001;p0002;p0003,p0002,True,1.0,1.0,1.0,1.0,1.0,1.0,1.0,0.3333333333333333,0.5,1.0,success,
hotpotqa_5a89fb525542993b751ca9d6,llama3.1:8b,retrieve_then_read,Retrieved Evidence,diagnostic_condition,evidence_narrowed_condition,True,hotpotqa,multi_hop,entity,4000,scattered,medium,unknown,Anna Clyne,Anna Clyne,p0001;p0002;p0003,p0001,True,1.0,1.0,1.0,1.0,1.0,1.0,1.0,0.3333333333333333,0.5,1.0,success,
hotpotqa_5a89fb525542993b751ca9d6,llama3.1:8b,oracle,Oracle Evidence,diagnostic_baseline,oracle_evidence_upper_reference,True,hotpotqa,multi_hop,entity,4000,scattered,medium,unknown,Anna Clyne,Anna Clyne,p0001;p0002;p0003,p0002;p0003,True,1.0,1.0,1.0,1.0,1.0,1.0,1.0,0.6666666666666666,0.8,1.0,success,
hotpotqa_5adf9dc3554299025d62a2e6,llama3.1:8b,no_evidence,No Evidence,diagnostic_baseline,question_only_lower_bound,True,hotpotqa,multi_hop,entity,8000,front,medium,unknown,Laura Ann Osnes,Carolee Carmello,p0001;p0002;p0003,,True,0.0,0.0,0.0,0.0,0.0,0.0,0.0,0.0,0.0,0.0,evidence_localization_failure,
hotpotqa_5adf9dc3554299025d62a2e6,llama3.1:8b,direct,Full Context,diagnostic_condition,full_context_condition,True,hotpotqa,multi_hop,entity,8000,front,medium,unknown,Laura Ann Osnes,Laura Ann Osnes,p0001;p0002;p0003,p0002,True,1.0,1.0,1.0,1.0,1.0,1.0,1.0,0.3333333333333333,0.5,1.0,success,
hotpotqa_5adf9dc3554299025d62a2e6,llama3.1:8b,retrieve_then_read,Retrieved Evidence,diagnostic_condition,evidence_narrowed_condition,True,hotpotqa,multi_hop,entity,8000,front,medium,unknown,Laura Ann Osnes,unknown,p0001;p0002;p0003,,True,0.0,0.0,0.0,0.0,0.0,0.0,0.0,0.0,0.0,0.0,evidence_localization_failure,
hotpotqa_5adf9dc3554299025d62a2e6,llama3.1:8b,oracle,Oracle Evidence,diagnostic_baseline,oracle_evidence_upper_reference,True,hotpotqa,multi_hop,entity,8000,front,medium,unknown,Laura Ann Osnes,Laura Osnes,p0001;p0002;p0003,p0001;p0002,True,0.0,0.8,0.0,0.8,0.0,0.8,1.0,0.6666666666666666,0.8,1.0,evidence_integration_failure,
hotpotqa_5ab6369655429953192ad2a1,llama3.1:8b,no_evidence,No Evidence,diagnostic_baseline,question_only_lower_bound,True,hotpotqa,comparison,entity,16000,middle,medium,unknown,Eucryphia,Eucryphia,p0001;p0002;p0003;p0004,,True,1.0,1.0,1.0,1.0,1.0,1.0,0.0,0.0,0.0,0.0,success,
hotpotqa_5ab6369655429953192ad2a1,llama3.1:8b,direct,Full Context,diagnostic_condition,full_context_condition,True,hotpotqa,comparison,entity,16000,middle,medium,unknown,Eucryphia,Eucryphia,p0001;p0002;p0003;p0004,p0001,True,1.0,1.0,1.0,1.0,1.0,1.0,1.0,0.25,0.4,1.0,success,
hotpotqa_5ab6369655429953192ad2a1,llama3.1:8b,retrieve_then_read,Retrieved Evidence,diagnostic_condition,evidence_narrowed_condition,True,hotpotqa,comparison,entity,16000,middle,medium,unknown,Eucryphia,Eucryphia,p0001;p0002;p0003;p0004,p0003,True,1.0,1.0,1.0,1.0,1.0,1.0,1.0,0.25,0.4,1.0,success,
hotpotqa_5ab6369655429953192ad2a1,llama3.1:8b,oracle,Oracle Evidence,diagnostic_baseline,oracle_evidence_upper_reference,True,hotpotqa,comparison,entity,16000,middle,medium,unknown,Eucryphia,Eucryphia,p0001;p0002;p0003;p0004,p0003;p0004,True,1.0,1.0,1.0,1.0,1.0,1.0,1.0,0.5,0.6666666666666666,1.0,success,
hotpotqa_5adccdd55542992c1e3a2408,llama3.1:8b,no_evidence,No Evidence,diagnostic_baseline,question_only_lower_bound,True,hotpotqa,multi_hop,entity,4000,end,low,unknown,Waimea Bay,Waimea Bay,p0001;p0002,,True,1.0,1.0,1.0,1.0,1.0,1.0,0.0,0.0,0.0,0.0,success,
hotpotqa_5adccdd55542992c1e3a2408,llama3.1:8b,direct,Full Context,diagnostic_condition,full_context_condition,True,hotpotqa,multi_hop,entity,4000,end,low,unknown,Waimea Bay,Waimea Bay,p0001;p0002,p0001,True,1.0,1.0,1.0,1.0,1.0,1.0,1.0,0.5,0.6666666666666666,1.0,success,
hotpotqa_5adccdd55542992c1e3a2408,llama3.1:8b,retrieve_then_read,Retrieved Evidence,diagnostic_condition,evidence_narrowed_condition,True,hotpotqa,multi_hop,entity,4000,end,low,unknown,Waimea Bay,Waimea Bay,p0001;p0002,p0001,True,1.0,1.0,1.0,1.0,1.0,1.0,1.0,0.5,0.6666666666666666,1.0,success,
hotpotqa_5adccdd55542992c1e3a2408,llama3.1:8b,oracle,Oracle Evidence,diagnostic_baseline,oracle_evidence_upper_reference,True,hotpotqa,multi_hop,entity,4000,end,low,unknown,Waimea Bay,Waimea Bay,p0001;p0002,p0002;p0001,True,1.0,1.0,1.0,1.0,1.0,1.0,1.0,1.0,1.0,1.0,success,
hotpotqa_5ab9debb55429955dce3ed97,llama3.1:8b,no_evidence,No Evidence,diagnostic_baseline,question_only_lower_bound,True,hotpotqa,multi_hop,entity,8000,scattered,low,unknown,DI Humphrey Goodman,DI Joel Wynton,p0001;p0002,,True,0.0,0.3333333333333333,0.0,0.3333333333333333,0.0,0.3333333333333333,0.0,0.0,0.0,0.0,evidence_localization_failure,
hotpotqa_5ab9debb55429955dce3ed97,llama3.1:8b,direct,Full Context,diagnostic_condition,full_context_condition,True,hotpotqa,multi_hop,entity,8000,scattered,low,unknown,DI Humphrey Goodman,Detective Inspector Humphrey Goodman,p0001;p0002,p0007,True,0.0,0.5714285714285715,0.0,0.5714285714285715,0.0,0.5714285714285715,0.0,0.0,0.0,0.0,evidence_selection_failure,
hotpotqa_5ab9debb55429955dce3ed97,llama3.1:8b,retrieve_then_read,Retrieved Evidence,diagnostic_condition,evidence_narrowed_condition,True,hotpotqa,multi_hop,entity,8000,scattered,low,unknown,DI Humphrey Goodman,Detective Inspector Humphrey Goodman,p0001;p0002,,True,0.0,0.5714285714285715,0.0,0.5714285714285715,0.0,0.5714285714285715,0.0,0.0,0.0,0.0,evidence_localization_failure,
hotpotqa_5ab9debb55429955dce3ed97,llama3.1:8b,oracle,Oracle Evidence,diagnostic_baseline,oracle_evidence_upper_reference,True,hotpotqa,multi_hop,entity,8000,scattered,low,unknown,DI Humphrey Goodman,DI Humphrey Goodman,p0001;p0002,p0001,True,1.0,1.0,1.0,1.0,1.0,1.0,1.0,0.5,0.6666666666666666,1.0,success,
hotpotqa_5ae791ef55429952e35ea979,llama3.1:8b,no_evidence,No Evidence,diagnostic_baseline,question_only_lower_bound,True,hotpotqa,multi_hop,entity,16000,front,low,unknown,February,January,p0001;p0002,,True,0.0,0.0,0.0,0.0,0.0,0.0,0.0,0.0,0.0,0.0,evidence_localization_failure,
hotpotqa_5ae791ef55429952e35ea979,llama3.1:8b,direct,Full Context,diagnostic_condition,full_context_condition,True,hotpotqa,multi_hop,entity,16000,front,low,unknown,February,September,p0001;p0002,p0005,True,0.0,0.0,0.0,0.0,0.0,0.0,0.0,0.0,0.0,0.0,evidence_selection_failure,
hotpotqa_5ae791ef55429952e35ea979,llama3.1:8b,retrieve_then_read,Retrieved Evidence,diagnostic_condition,evidence_narrowed_condition,True,hotpotqa,multi_hop,entity,16000,front,low,unknown,February,May,p0001;p0002,,True,0.0,0.0,0.0,0.0,0.0,0.0,0.0,0.0,0.0,0.0,evidence_localization_failure,
hotpotqa_5ae791ef55429952e35ea979,llama3.1:8b,oracle,Oracle Evidence,diagnostic_baseline,oracle_evidence_upper_reference,True,hotpotqa,multi_hop,entity,16000,front,low,unknown,February,February,p0001;p0002,p0001,True,1.0,1.0,1.0,1.0,1.0,1.0,1.0,0.5,0.6666666666666666,1.0,success,
hotpotqa_5ab8f7535542991b5579f0a7,llama3.1:8b,no_evidence,No Evidence,diagnostic_baseline,question_only_lower_bound,True,hotpotqa,comparison,entity,4000,middle,low,unknown,Sacred Planet,Oz the Great and Powerful,p0001;p0002,,True,0.0,0.0,0.0,0.0,0.0,0.0,0.0,0.0,0.0,0.0,evidence_localization_failure,
hotpotqa_5ab8f7535542991b5579f0a7,llama3.1:8b,direct,Full Context,diagnostic_condition,full_context_condition,True,hotpotqa,comparison,entity,4000,middle,low,unknown,Sacred Planet,Oz the Great and Powerful,p0001;p0002,p0002,True,0.0,0.0,0.0,0.0,0.0,0.0,1.0,0.5,0.6666666666666666,1.0,evidence_integration_failure,
hotpotqa_5ab8f7535542991b5579f0a7,llama3.1:8b,retrieve_then_read,Retrieved Evidence,diagnostic_condition,evidence_narrowed_condition,True,hotpotqa,comparison,entity,4000,middle,low,unknown,Sacred Planet,Oz the Great and Powerful,p0001;p0002,p0002,True,0.0,0.0,0.0,0.0,0.0,0.0,1.0,0.5,0.6666666666666666,1.0,evidence_integration_failure,
hotpotqa_5ab8f7535542991b5579f0a7,llama3.1:8b,oracle,Oracle Evidence,diagnostic_baseline,oracle_evidence_upper_reference,True,hotpotqa,comparison,entity,4000,middle,low,unknown,Sacred Planet,Sacred Planet,p0001;p0002,p0002,True,1.0,1.0,1.0,1.0,1.0,1.0,1.0,0.5,0.6666666666666666,1.0,success,
hotpotqa_5a8463545542990548d0b2a3,llama3.1:8b,no_evidence,No Evidence,diagnostic_baseline,question_only_lower_bound,True,hotpotqa,multi_hop,string,8000,end,low,unknown,supervisor of the royal works,Architect,p0001;p0002,,True,0.0,0.0,0.0,0.0,0.0,0.0,0.0,0.0,0.0,0.0,evidence_localization_failure,
hotpotqa_5a8463545542990548d0b2a3,llama3.1:8b,direct,Full Context,diagnostic_condition,full_context_condition,True,hotpotqa,multi_hop,string,8000,end,low,unknown,supervisor of the royal works,supervisor of the royal works,p0001;p0002,p0001,True,1.0,1.0,1.0,1.0,1.0,1.0,1.0,0.5,0.6666666666666666,1.0,success,
hotpotqa_5a8463545542990548d0b2a3,llama3.1:8b,retrieve_then_read,Retrieved Evidence,diagnostic_condition,evidence_narrowed_condition,True,hotpotqa,multi_hop,string,8000,end,low,unknown,supervisor of the royal works,supervisor of the royal works,p0001;p0002,p0001,True,1.0,1.0,1.0,1.0,1.0,1.0,1.0,0.5,0.6666666666666666,1.0,success,
hotpotqa_5a8463545542990548d0b2a3,llama3.1:8b,oracle,Oracle Evidence,diagnostic_baseline,oracle_evidence_upper_reference,True,hotpotqa,multi_hop,string,8000,end,low,unknown,supervisor of the royal works,supervisor of the royal works,p0001;p0002,p0001;p0002,True,1.0,1.0,1.0,1.0,1.0,1.0,1.0,1.0,1.0,1.0,success,
hotpotqa_5ae7edee554299540e5a56ad,llama3.1:8b,no_evidence,No Evidence,diagnostic_baseline,question_only_lower_bound,True,hotpotqa,multi_hop,entity,16000,scattered,low,unknown,Macaronesia,Gran Canaria,p0001;p0002,,True,0.0,0.0,0.0,0.0,0.0,0.0,0.0,0.0,0.0,0.0,evidence_localization_failure,
hotpotqa_5ae7edee554299540e5a56ad,llama3.1:8b,direct,Full Context,diagnostic_condition,full_context_condition,True,hotpotqa,multi_hop,entity,16000,scattered,low,unknown,Macaronesia,Tenerife,p0001;p0002,,True,0.0,0.0,0.0,0.0,0.0,0.0,0.0,0.0,0.0,0.0,evidence_localization_failure,
hotpotqa_5ae7edee554299540e5a56ad,llama3.1:8b,retrieve_then_read,Retrieved Evidence,diagnostic_condition,evidence_narrowed_condition,True,hotpotqa,multi_hop,entity,16000,scattered,low,unknown,Macaronesia,Wheeling,p0001;p0002,,True,0.0,0.0,0.0,0.0,0.0,0.0,0.0,0.0,0.0,0.0,evidence_localization_failure,
hotpotqa_5ae7edee554299540e5a56ad,llama3.1:8b,oracle,Oracle Evidence,diagnostic_baseline,oracle_evidence_upper_reference,True,hotpotqa,multi_hop,entity,16000,scattered,low,unknown,Macaronesia,San Cristóbal de La Laguna,p0001;p0002,p0001;p0002,True,0.0,0.0,0.0,0.0,0.0,0.0,1.0,1.0,1.0,1.0,answer_conversion_failure,
hotpotqa_5a8ee4315542990e94052ba7,llama3.1:8b,no_evidence,No Evidence,diagnostic_baseline,question_only_lower_bound,True,hotpotqa,multi_hop,entity,4000,front,low,unknown,Treaty of Gandamak,Treaty of Gandamak,p0001;p0002,,True,1.0,1.0,1.0,1.0,1.0,1.0,0.0,0.0,0.0,0.0,success,
hotpotqa_5a8ee4315542990e94052ba7,llama3.1:8b,direct,Full Context,diagnostic_condition,full_context_condition,True,hotpotqa,multi_hop,entity,4000,front,low,unknown,Treaty of Gandamak,The Treaty of Gandamak,p0001;p0002,p0001,True,1.0,1.0,1.0,1.0,1.0,1.0,1.0,0.5,0.6666666666666666,1.0,success,
hotpotqa_5a8ee4315542990e94052ba7,llama3.1:8b,retrieve_then_read,Retrieved Evidence,diagnostic_condition,evidence_narrowed_condition,True,hotpotqa,multi_hop,entity,4000,front,low,unknown,Treaty of Gandamak,Treaty of Gandamak,p0001;p0002,p0002,True,1.0,1.0,1.0,1.0,1.0,1.0,1.0,0.5,0.6666666666666666,1.0,success,
hotpotqa_5a8ee4315542990e94052ba7,llama3.1:8b,oracle,Oracle Evidence,diagnostic_baseline,oracle_evidence_upper_reference,True,hotpotqa,multi_hop,entity,4000,front,low,unknown,Treaty of Gandamak,Treaty of Gandamak,p0001;p0002,p0002,True,1.0,1.0,1.0,1.0,1.0,1.0,1.0,0.5,0.6666666666666666,1.0,success,
hotpotqa_5ae4c39f5542995dadf243fb,llama3.1:8b,no_evidence,No Evidence,diagnostic_baseline,question_only_lower_bound,True,hotpotqa,multi_hop,entity,8000,middle,low,unknown,Bolton,Rivington,p0001;p0002,,True,0.0,0.0,0.0,0.0,0.0,0.0,0.0,0.0,0.0,0.0,evidence_localization_failure,
hotpotqa_5ae4c39f5542995dadf243fb,llama3.1:8b,direct,Full Context,diagnostic_condition,full_context_condition,True,hotpotqa,multi_hop,entity,8000,middle,low,unknown,Bolton,Rivington,p0001;p0002,p0001,True,0.0,0.0,0.0,0.0,0.0,0.0,1.0,0.5,0.6666666666666666,1.0,evidence_integration_failure,
hotpotqa_5ae4c39f5542995dadf243fb,llama3.1:8b,retrieve_then_read,Retrieved Evidence,diagnostic_condition,evidence_narrowed_condition,True,hotpotqa,multi_hop,entity,8000,middle,low,unknown,Bolton,Almonte,p0001;p0002,p0003;p0004,True,0.0,0.0,0.0,0.0,0.0,0.0,0.0,0.0,0.0,0.0,evidence_selection_failure,
hotpotqa_5ae4c39f5542995dadf243fb,llama3.1:8b,oracle,Oracle Evidence,diagnostic_baseline,oracle_evidence_upper_reference,True,hotpotqa,multi_hop,entity,8000,middle,low,unknown,Bolton,Bolton,p0001;p0002,p0002;p0001,True,1.0,1.0,1.0,1.0,1.0,1.0,1.0,1.0,1.0,1.0,success,
hotpotqa_5a79c6a55542994bb9457091,llama3.1:8b,no_evidence,No Evidence,diagnostic_baseline,question_only_lower_bound,True,hotpotqa,multi_hop,entity,16000,end,low,unknown,George Cayley,Robert Stirling,p0001;p0002,,True,0.0,0.0,0.0,0.0,0.0,0.0,0.0,0.0,0.0,0.0,evidence_localization_failure,
hotpotqa_5a79c6a55542994bb9457091,llama3.1:8b,direct,Full Context,diagnostic_condition,full_context_condition,True,hotpotqa,multi_hop,entity,16000,end,low,unknown,George Cayley,Sir George Cayley,p0001;p0002,p0002,True,0.0,0.8,0.0,0.8,0.0,0.8,1.0,0.5,0.6666666666666666,1.0,evidence_integration_failure,
hotpotqa_5a79c6a55542994bb9457091,llama3.1:8b,retrieve_then_read,Retrieved Evidence,diagnostic_condition,evidence_narrowed_condition,True,hotpotqa,multi_hop,entity,16000,end,low,unknown,George Cayley,Sir George Cayley,p0001;p0002,p0002;p0001,True,0.0,0.8,0.0,0.8,0.0,0.8,1.0,1.0,1.0,1.0,answer_conversion_failure,
hotpotqa_5a79c6a55542994bb9457091,llama3.1:8b,oracle,Oracle Evidence,diagnostic_baseline,oracle_evidence_upper_reference,True,hotpotqa,multi_hop,entity,16000,end,low,unknown,George Cayley,Sir George Cayley,p0001;p0002,p0002;p0001,True,0.0,0.8,0.0,0.8,0.0,0.8,1.0,1.0,1.0,1.0,answer_conversion_failure,
hotpotqa_5a7be5bd5542997c3ec972ba,llama3.1:8b,no_evidence,No Evidence,diagnostic_baseline,question_only_lower_bound,True,hotpotqa,comparison,string,4000,scattered,low,unknown,The Leonberger is a giant dog breed.,Leonberger,p0001;p0002,,True,0.0,0.33333333333333337,0.0,0.33333333333333337,0.0,0.33333333333333337,0.0,0.0,0.0,0.0,evidence_localization_failure,
hotpotqa_5a7be5bd5542997c3ec972ba,llama3.1:8b,direct,Full Context,diagnostic_condition,full_context_condition,True,hotpotqa,comparison,string,4000,scattered,low,unknown,The Leonberger is a giant dog breed.,Leonberger,p0001;p0002,p0001,True,0.0,0.33333333333333337,0.0,0.33333333333333337,0.0,0.33333333333333337,1.0,0.5,0.6666666666666666,1.0,evidence_integration_failure,
hotpotqa_5a7be5bd5542997c3ec972ba,llama3.1:8b,retrieve_then_read,Retrieved Evidence,diagnostic_condition,evidence_narrowed_condition,True,hotpotqa,comparison,string,4000,scattered,low,unknown,The Leonberger is a giant dog breed.,Leonberger,p0001;p0002,p0002,True,0.0,0.33333333333333337,0.0,0.33333333333333337,0.0,0.33333333333333337,1.0,0.5,0.6666666666666666,1.0,evidence_integration_failure,
hotpotqa_5a7be5bd5542997c3ec972ba,llama3.1:8b,oracle,Oracle Evidence,diagnostic_baseline,oracle_evidence_upper_reference,True,hotpotqa,comparison,string,4000,scattered,low,unknown,The Leonberger is a giant dog breed.,Leonberger,p0001;p0002,p0001,True,0.0,0.33333333333333337,0.0,0.33333333333333337,0.0,0.33333333333333337,1.0,0.5,0.6666666666666666,1.0,evidence_integration_failure,
hotpotqa_5ab28b12554299449642c8ee,llama3.1:8b,no_evidence,No Evidence,diagnostic_baseline,question_only_lower_bound,True,hotpotqa,multi_hop,entity,8000,front,medium,unknown,Northumbrian,Northumbrian,p0001;p0002;p0003,,True,1.0,1.0,1.0,1.0,1.0,1.0,0.0,0.0,0.0,0.0,success,
hotpotqa_5ab28b12554299449642c8ee,llama3.1:8b,direct,Full Context,diagnostic_condition,full_context_condition,True,hotpotqa,multi_hop,entity,8000,front,medium,unknown,Northumbrian,Northumbrian,p0001;p0002;p0003,p0001,True,1.0,1.0,1.0,1.0,1.0,1.0,1.0,0.3333333333333333,0.5,1.0,success,
hotpotqa_5ab28b12554299449642c8ee,llama3.1:8b,retrieve_then_read,Retrieved Evidence,diagnostic_condition,evidence_narrowed_condition,True,hotpotqa,multi_hop,entity,8000,front,medium,unknown,Northumbrian,Northumbrian,p0001;p0002;p0003,p0002;p0003,True,1.0,1.0,1.0,1.0,1.0,1.0,1.0,0.6666666666666666,0.8,1.0,success,
hotpotqa_5ab28b12554299449642c8ee,llama3.1:8b,oracle,Oracle Evidence,diagnostic_baseline,oracle_evidence_upper_reference,True,hotpotqa,multi_hop,entity,8000,front,medium,unknown,Northumbrian,Northumbrian,p0001;p0002;p0003,p0001;p0002,True,1.0,1.0,1.0,1.0,1.0,1.0,1.0,0.6666666666666666,0.8,1.0,success,
hotpotqa_5a7133565542994082a3e65c,llama3.1:8b,no_evidence,No Evidence,diagnostic_baseline,question_only_lower_bound,True,hotpotqa,multi_hop,entity,16000,middle,medium,unknown,Oldham County,Oldham County,p0001;p0002;p0003;p0004;p0005,,True,1.0,1.0,1.0,1.0,1.0,1.0,0.0,0.0,0.0,0.0,success,
hotpotqa_5a7133565542994082a3e65c,llama3.1:8b,direct,Full Context,diagnostic_condition,full_context_condition,True,hotpotqa,multi_hop,entity,16000,middle,medium,unknown,Oldham County,Oldham County,p0001;p0002;p0003;p0004;p0005,p0003,True,1.0,1.0,1.0,1.0,1.0,1.0,1.0,0.2,0.33333333333333337,1.0,success,
hotpotqa_5a7133565542994082a3e65c,llama3.1:8b,retrieve_then_read,Retrieved Evidence,diagnostic_condition,evidence_narrowed_condition,True,hotpotqa,multi_hop,entity,16000,middle,medium,unknown,Oldham County,Oldham County,p0001;p0002;p0003;p0004;p0005,p0003;p0004,True,1.0,1.0,1.0,1.0,1.0,1.0,1.0,0.4,0.5714285714285715,1.0,success,
hotpotqa_5a7133565542994082a3e65c,llama3.1:8b,oracle,Oracle Evidence,diagnostic_baseline,oracle_evidence_upper_reference,True,hotpotqa,multi_hop,entity,16000,middle,medium,unknown,Oldham County,Oldham County,p0001;p0002;p0003;p0004;p0005,p0002;p0004,True,1.0,1.0,1.0,1.0,1.0,1.0,1.0,0.4,0.5714285714285715,1.0,success,
hotpotqa_5a886886554299206df2b258,llama3.1:8b,no_evidence,No Evidence,diagnostic_baseline,question_only_lower_bound,True,hotpotqa,multi_hop,string,4000,end,low,unknown,international football competition,FIFA Women's World Cup,p0001;p0002,,True,0.0,0.0,0.0,0.0,0.0,0.0,0.0,0.0,0.0,0.0,evidence_localization_failure,
hotpotqa_5a886886554299206df2b258,llama3.1:8b,direct,Full Context,diagnostic_condition,full_context_condition,True,hotpotqa,multi_hop,string,4000,end,low,unknown,international football competition,FIFA Women's World Cup,p0001;p0002,p0001,True,0.0,0.0,0.0,0.0,0.0,0.0,1.0,0.5,0.6666666666666666,1.0,evidence_integration_failure,
hotpotqa_5a886886554299206df2b258,llama3.1:8b,retrieve_then_read,Retrieved Evidence,diagnostic_condition,evidence_narrowed_condition,True,hotpotqa,multi_hop,string,4000,end,low,unknown,international football competition,FIFA Women's World Cup,p0001;p0002,p0002;p0001,True,0.0,0.0,0.0,0.0,0.0,0.0,1.0,1.0,1.0,1.0,answer_conversion_failure,
hotpotqa_5a886886554299206df2b258,llama3.1:8b,oracle,Oracle Evidence,diagnostic_baseline,oracle_evidence_upper_reference,True,hotpotqa,multi_hop,string,4000,end,low,unknown,international football competition,FIFA Women's World Cup,p0001;p0002,p0002;p0001,True,0.0,0.0,0.0,0.0,0.0,0.0,1.0,1.0,1.0,1.0,answer_conversion_failure,
hotpotqa_5a7c6bcc55429935c91b519c,llama3.1:8b,no_evidence,No Evidence,diagnostic_baseline,question_only_lower_bound,True,hotpotqa,multi_hop,number,8000,scattered,low,unknown,1944,1948,p0001;p0002,,True,0.0,0.0,0.0,0.0,0.0,0.0,0.0,0.0,0.0,0.0,evidence_localization_failure,
hotpotqa_5a7c6bcc55429935c91b519c,llama3.1:8b,direct,Full Context,diagnostic_condition,full_context_condition,True,hotpotqa,multi_hop,number,8000,scattered,low,unknown,1944,1944,p0001;p0002,,True,1.0,1.0,1.0,1.0,1.0,1.0,0.0,0.0,0.0,0.0,success,
hotpotqa_5a7c6bcc55429935c91b519c,llama3.1:8b,retrieve_then_read,Retrieved Evidence,diagnostic_condition,evidence_narrowed_condition,True,hotpotqa,multi_hop,number,8000,scattered,low,unknown,1944,1951,p0001;p0002,p0003,True,0.0,0.0,0.0,0.0,0.0,0.0,0.0,0.0,0.0,0.0,evidence_selection_failure,
hotpotqa_5a7c6bcc55429935c91b519c,llama3.1:8b,oracle,Oracle Evidence,diagnostic_baseline,oracle_evidence_upper_reference,True,hotpotqa,multi_hop,number,8000,scattered,low,unknown,1944,1944,p0001;p0002,p0002,True,1.0,1.0,1.0,1.0,1.0,1.0,1.0,0.5,0.6666666666666666,1.0,success,
hotpotqa_5a72a0be5542992359bc3143,llama3.1:8b,no_evidence,No Evidence,diagnostic_baseline,question_only_lower_bound,True,hotpotqa,multi_hop,entity,16000,front,low,unknown,Oedipus Rex,Tragedy,p0001;p0002,,True,0.0,0.0,0.0,0.0,0.0,0.0,0.0,0.0,0.0,0.0,evidence_localization_failure,
hotpotqa_5a72a0be5542992359bc3143,llama3.1:8b,direct,Full Context,diagnostic_condition,full_context_condition,True,hotpotqa,multi_hop,entity,16000,front,low,unknown,Oedipus Rex,Oedipus Rex,p0001;p0002,p0002,True,1.0,1.0,1.0,1.0,1.0,1.0,1.0,0.5,0.6666666666666666,1.0,success,
hotpotqa_5a72a0be5542992359bc3143,llama3.1:8b,retrieve_then_read,Retrieved Evidence,diagnostic_condition,evidence_narrowed_condition,True,hotpotqa,multi_hop,entity,16000,front,low,unknown,Oedipus Rex,concern parricide,p0001;p0002,p0001,True,0.0,0.0,0.0,0.0,0.0,0.0,1.0,0.5,0.6666666666666666,1.0,evidence_integration_failure,
hotpotqa_5a72a0be5542992359bc3143,llama3.1:8b,oracle,Oracle Evidence,diagnostic_baseline,oracle_evidence_upper_reference,True,hotpotqa,multi_hop,entity,16000,front,low,unknown,Oedipus Rex,Oedipus Rex,p0001;p0002,p0002;p0001,True,1.0,1.0,1.0,1.0,1.0,1.0,1.0,1.0,1.0,1.0,success,
hotpotqa_5ade15f35542997545bbbe47,llama3.1:8b,no_evidence,No Evidence,diagnostic_baseline,question_only_lower_bound,True,hotpotqa,multi_hop,entity,4000,middle,low,unknown,Steve Jobs,a connection to Steve Jobs,p0001;p0002,,True,0.0,0.6666666666666666,0.0,0.6666666666666666,0.0,0.6666666666666666,0.0,0.0,0.0,0.0,evidence_localization_failure,
hotpotqa_5ade15f35542997545bbbe47,llama3.1:8b,direct,Full Context,diagnostic_condition,full_context_condition,True,hotpotqa,multi_hop,entity,4000,middle,low,unknown,Steve Jobs,They are both American actresses.,p0001;p0002,p0002;p0001,True,0.0,0.0,0.0,0.0,0.0,0.0,1.0,1.0,1.0,1.0,answer_conversion_failure,
hotpotqa_5ade15f35542997545bbbe47,llama3.1:8b,retrieve_then_read,Retrieved Evidence,diagnostic_condition,evidence_narrowed_condition,True,hotpotqa,multi_hop,entity,4000,middle,low,unknown,Steve Jobs,Katherine Waterston,p0001;p0002,,True,0.0,0.0,0.0,0.0,0.0,0.0,0.0,0.0,0.0,0.0,evidence_localization_failure,
hotpotqa_5ade15f35542997545bbbe47,llama3.1:8b,oracle,Oracle Evidence,diagnostic_baseline,oracle_evidence_upper_reference,True,hotpotqa,multi_hop,entity,4000,middle,low,unknown,Steve Jobs,American,p0001;p0002,p0001;p0002,True,0.0,0.0,0.0,0.0,0.0,0.0,1.0,1.0,1.0,1.0,answer_conversion_failure,
hotpotqa_5a7f5c9f55429969796c1a0f,llama3.1:8b,no_evidence,No Evidence,diagnostic_baseline,question_only_lower_bound,True,hotpotqa,multi_hop,entity,8000,end,low,unknown,Spring city,Kunming,p0001;p0002,,True,0.0,0.0,0.0,0.0,0.0,0.0,0.0,0.0,0.0,0.0,evidence_localization_failure,
hotpotqa_5a7f5c9f55429969796c1a0f,llama3.1:8b,direct,Full Context,diagnostic_condition,full_context_condition,True,hotpotqa,multi_hop,entity,8000,end,low,unknown,Spring city,The Spring city,p0001;p0002,p0002,True,1.0,1.0,1.0,1.0,1.0,1.0,1.0,0.5,0.6666666666666666,1.0,success,
hotpotqa_5a7f5c9f55429969796c1a0f,llama3.1:8b,retrieve_then_read,Retrieved Evidence,diagnostic_condition,evidence_narrowed_condition,True,hotpotqa,multi_hop,entity,8000,end,low,unknown,Spring city,Kunming,p0001;p0002,,True,0.0,0.0,0.0,0.0,0.0,0.0,0.0,0.0,0.0,0.0,evidence_localization_failure,
hotpotqa_5a7f5c9f55429969796c1a0f,llama3.1:8b,oracle,Oracle Evidence,diagnostic_baseline,oracle_evidence_upper_reference,True,hotpotqa,multi_hop,entity,8000,end,low,unknown,Spring city,Spring city,p0001;p0002,p0002,True,1.0,1.0,1.0,1.0,1.0,1.0,1.0,0.5,0.6666666666666666,1.0,success,
hotpotqa_5a8e3dc05542995085b37401,llama3.1:8b,no_evidence,No Evidence,diagnostic_baseline,question_only_lower_bound,True,hotpotqa,comparison,number,16000,scattered,medium,unknown,1964,Selle v. Gibb,p0001;p0002;p0003,,True,0.0,0.0,0.0,0.0,0.0,0.0,0.0,0.0,0.0,0.0,evidence_localization_failure,
hotpotqa_5a8e3dc05542995085b37401,llama3.1:8b,direct,Full Context,diagnostic_condition,full_context_condition,True,hotpotqa,comparison,number,16000,scattered,medium,unknown,1964,West v. Barnes,p0001;p0002;p0003,,True,0.0,0.0,0.0,0.0,0.0,0.0,0.0,0.0,0.0,0.0,evidence_localization_failure,
hotpotqa_5a8e3dc05542995085b37401,llama3.1:8b,retrieve_then_read,Retrieved Evidence,diagnostic_condition,evidence_narrowed_condition,True,hotpotqa,comparison,number,16000,scattered,medium,unknown,1964,Reynolds v. Sims,p0001;p0002;p0003,p0001,True,0.0,0.0,0.0,0.0,0.0,0.0,1.0,0.3333333333333333,0.5,1.0,evidence_integration_failure,
hotpotqa_5a8e3dc05542995085b37401,llama3.1:8b,oracle,Oracle Evidence,diagnostic_baseline,oracle_evidence_upper_reference,True,hotpotqa,comparison,number,16000,scattered,medium,unknown,1964,Reynolds v. Sims,p0001;p0002;p0003,p0003,True,0.0,0.0,0.0,0.0,0.0,0.0,1.0,0.3333333333333333,0.5,1.0,evidence_integration_failure,
hotpotqa_5ab5f854554299637185c64e,llama3.1:8b,no_evidence,No Evidence,diagnostic_baseline,question_only_lower_bound,True,hotpotqa,multi_hop,entity,4000,front,low,unknown,Pakistani,Pakistan,p0001;p0002,,True,0.0,0.0,0.0,0.0,0.0,0.0,0.0,0.0,0.0,0.0,evidence_localization_failure,
hotpotqa_5ab5f854554299637185c64e,llama3.1:8b,direct,Full Context,diagnostic_condition,full_context_condition,True,hotpotqa,multi_hop,entity,4000,front,low,unknown,Pakistani,Pakistan,p0001;p0002,p0001;p0007,True,0.0,0.0,0.0,0.0,0.0,0.0,0.5,0.5,0.5,1.0,evidence_integration_failure,
hotpotqa_5ab5f854554299637185c64e,llama3.1:8b,retrieve_then_read,Retrieved Evidence,diagnostic_condition,evidence_narrowed_condition,True,hotpotqa,multi_hop,entity,4000,front,low,unknown,Pakistani,Pakistan,p0001;p0002,p0007;p0006,True,0.0,0.0,0.0,0.0,0.0,0.0,0.0,0.0,0.0,0.0,evidence_selection_failure,
hotpotqa_5ab5f854554299637185c64e,llama3.1:8b,oracle,Oracle Evidence,diagnostic_baseline,oracle_evidence_upper_reference,True,hotpotqa,multi_hop,entity,4000,front,low,unknown,Pakistani,Pakistan,p0001;p0002,p0001;p0002,True,0.0,0.0,0.0,0.0,0.0,0.0,1.0,1.0,1.0,1.0,answer_conversion_failure,
hotpotqa_5ab808ea5542991d3222380e,llama3.1:8b,no_evidence,No Evidence,diagnostic_baseline,question_only_lower_bound,True,hotpotqa,multi_hop,number,8000,middle,low,unknown,"76,416",Coors Field,p0001;p0002,,True,0.0,0.0,0.0,0.0,0.0,0.0,0.0,0.0,0.0,0.0,evidence_localization_failure,
hotpotqa_5ab808ea5542991d3222380e,llama3.1:8b,direct,Full Context,diagnostic_condition,full_context_condition,True,hotpotqa,multi_hop,number,8000,middle,low,unknown,"76,416","76,416",p0001;p0002,p0002,True,1.0,1.0,1.0,1.0,1.0,1.0,1.0,0.5,0.6666666666666666,1.0,success,
hotpotqa_5ab808ea5542991d3222380e,llama3.1:8b,retrieve_then_read,Retrieved Evidence,diagnostic_condition,evidence_narrowed_condition,True,hotpotqa,multi_hop,number,8000,middle,low,unknown,"76,416","37,903",p0001;p0002,,True,0.0,0.0,0.0,0.0,0.0,0.0,0.0,0.0,0.0,0.0,evidence_localization_failure,
hotpotqa_5ab808ea5542991d3222380e,llama3.1:8b,oracle,Oracle Evidence,diagnostic_baseline,oracle_evidence_upper_reference,True,hotpotqa,multi_hop,number,8000,middle,low,unknown,"76,416","76,416",p0001;p0002,p0002,True,1.0,1.0,1.0,1.0,1.0,1.0,1.0,0.5,0.6666666666666666,1.0,success,
hotpotqa_5ac01bca5542992a796dec8d,llama3.1:8b,no_evidence,No Evidence,diagnostic_baseline,question_only_lower_bound,True,hotpotqa,multi_hop,entity,16000,end,low,unknown,Happy Death Day,Happy Death Day,p0001;p0002,,True,1.0,1.0,1.0,1.0,1.0,1.0,0.0,0.0,0.0,0.0,success,
hotpotqa_5ac01bca5542992a796dec8d,llama3.1:8b,direct,Full Context,diagnostic_condition,full_context_condition,True,hotpotqa,multi_hop,entity,16000,end,low,unknown,Happy Death Day,Happy Death Day,p0001;p0002,p0001,True,1.0,1.0,1.0,1.0,1.0,1.0,1.0,0.5,0.6666666666666666,1.0,success,
hotpotqa_5ac01bca5542992a796dec8d,llama3.1:8b,retrieve_then_read,Retrieved Evidence,diagnostic_condition,evidence_narrowed_condition,True,hotpotqa,multi_hop,entity,16000,end,low,unknown,Happy Death Day,Forever My Girl,p0001;p0002,,True,0.0,0.0,0.0,0.0,0.0,0.0,0.0,0.0,0.0,0.0,evidence_localization_failure,
hotpotqa_5ac01bca5542992a796dec8d,llama3.1:8b,oracle,Oracle Evidence,diagnostic_baseline,oracle_evidence_upper_reference,True,hotpotqa,multi_hop,entity,16000,end,low,unknown,Happy Death Day,Happy Death Day,p0001;p0002,p0002;p0001,True,1.0,1.0,1.0,1.0,1.0,1.0,1.0,1.0,1.0,1.0,success,
hotpotqa_5a8085705542992bc0c4a74b,llama3.1:8b,no_evidence,No Evidence,diagnostic_baseline,question_only_lower_bound,True,hotpotqa,multi_hop,entity,4000,scattered,low,unknown,Australian Defence Force,Royal Australian Navy,p0001;p0002,,True,0.0,0.3333333333333333,0.0,0.3333333333333333,0.0,0.3333333333333333,0.0,0.0,0.0,0.0,evidence_localization_failure,
hotpotqa_5a8085705542992bc0c4a74b,llama3.1:8b,direct,Full Context,diagnostic_condition,full_context_condition,True,hotpotqa,multi_hop,entity,4000,scattered,low,unknown,Australian Defence Force,Royal Australian Navy,p0001;p0002,p0001,True,0.0,0.3333333333333333,0.0,0.3333333333333333,0.0,0.3333333333333333,1.0,0.5,0.6666666666666666,1.0,evidence_integration_failure,
hotpotqa_5a8085705542992bc0c4a74b,llama3.1:8b,retrieve_then_read,Retrieved Evidence,diagnostic_condition,evidence_narrowed_condition,True,hotpotqa,multi_hop,entity,4000,scattered,low,unknown,Australian Defence Force,Royal Australian Navy,p0001;p0002,p0001,True,0.0,0.3333333333333333,0.0,0.3333333333333333,0.0,0.3333333333333333,1.0,0.5,0.6666666666666666,1.0,evidence_integration_failure,
hotpotqa_5a8085705542992bc0c4a74b,llama3.1:8b,oracle,Oracle Evidence,diagnostic_baseline,oracle_evidence_upper_reference,True,hotpotqa,multi_hop,entity,4000,scattered,low,unknown,Australian Defence Force,Australian Defence Force,p0001;p0002,p0002;p0001,True,1.0,1.0,1.0,1.0,1.0,1.0,1.0,1.0,1.0,1.0,success,
hotpotqa_5a80ad7c5542992097ad3018,llama3.1:8b,no_evidence,No Evidence,diagnostic_baseline,question_only_lower_bound,True,hotpotqa,multi_hop,number,8000,front,low,unknown,2009,2013,p0001;p0002,,True,0.0,0.0,0.0,0.0,0.0,0.0,0.0,0.0,0.0,0.0,evidence_localization_failure,
hotpotqa_5a80ad7c5542992097ad3018,llama3.1:8b,direct,Full Context,diagnostic_condition,full_context_condition,True,hotpotqa,multi_hop,number,8000,front,low,unknown,2009,1995,p0001;p0002,,True,0.0,0.0,0.0,0.0,0.0,0.0,0.0,0.0,0.0,0.0,evidence_localization_failure,
hotpotqa_5a80ad7c5542992097ad3018,llama3.1:8b,retrieve_then_read,Retrieved Evidence,diagnostic_condition,evidence_narrowed_condition,True,hotpotqa,multi_hop,number,8000,front,low,unknown,2009,1995,p0001;p0002,p0002,True,0.0,0.0,0.0,0.0,0.0,0.0,1.0,0.5,0.6666666666666666,1.0,evidence_integration_failure,
hotpotqa_5a80ad7c5542992097ad3018,llama3.1:8b,oracle,Oracle Evidence,diagnostic_baseline,oracle_evidence_upper_reference,True,hotpotqa,multi_hop,number,8000,front,low,unknown,2009,2009,p0001;p0002,p0001,True,1.0,1.0,1.0,1.0,1.0,1.0,1.0,0.5,0.6666666666666666,1.0,success,
hotpotqa_5a77a65b5542992a6e59df57,llama3.1:8b,no_evidence,No Evidence,diagnostic_baseline,question_only_lower_bound,True,hotpotqa,multi_hop,entity,16000,middle,medium,unknown,"September 8, 2017","February 17, 2017",p0001;p0002;p0003,,True,0.0,0.3333333333333333,0.0,0.3333333333333333,0.0,0.3333333333333333,0.0,0.0,0.0,0.0,evidence_localization_failure,
hotpotqa_5a77a65b5542992a6e59df57,llama3.1:8b,direct,Full Context,diagnostic_condition,full_context_condition,True,hotpotqa,multi_hop,entity,16000,middle,medium,unknown,"September 8, 2017",Current Mood,p0001;p0002;p0003,,True,0.0,0.0,0.0,0.0,0.0,0.0,0.0,0.0,0.0,0.0,evidence_localization_failure,
hotpotqa_5a77a65b5542992a6e59df57,llama3.1:8b,retrieve_then_read,Retrieved Evidence,diagnostic_condition,evidence_narrowed_condition,True,hotpotqa,multi_hop,entity,16000,middle,medium,unknown,"September 8, 2017",Dustin Lynch,p0001;p0002;p0003,p0002,True,0.0,0.0,0.0,0.0,0.0,0.0,1.0,0.3333333333333333,0.5,1.0,evidence_integration_failure,
hotpotqa_5a77a65b5542992a6e59df57,llama3.1:8b,oracle,Oracle Evidence,diagnostic_baseline,oracle_evidence_upper_reference,True,hotpotqa,multi_hop,entity,16000,middle,medium,unknown,"September 8, 2017","September 8, 2017",p0001;p0002;p0003,p0002;p0003,True,1.0,1.0,1.0,1.0,1.0,1.0,1.0,0.6666666666666666,0.8,1.0,success,
hotpotqa_5a8da81e554299068b959d7e,llama3.1:8b,no_evidence,No Evidence,diagnostic_baseline,question_only_lower_bound,True,hotpotqa,multi_hop,string,4000,end,low,unknown,impresario,producer,p0001;p0002,,True,0.0,0.0,0.0,0.0,0.0,0.0,0.0,0.0,0.0,0.0,evidence_localization_failure,
hotpotqa_5a8da81e554299068b959d7e,llama3.1:8b,direct,Full Context,diagnostic_condition,full_context_condition,True,hotpotqa,multi_hop,string,4000,end,low,unknown,impresario,impresario,p0001;p0002,p0002,True,1.0,1.0,1.0,1.0,1.0,1.0,1.0,0.5,0.6666666666666666,1.0,success,
hotpotqa_5a8da81e554299068b959d7e,llama3.1:8b,retrieve_then_read,Retrieved Evidence,diagnostic_condition,evidence_narrowed_condition,True,hotpotqa,multi_hop,string,4000,end,low,unknown,impresario,impresario,p0001;p0002,p0002,True,1.0,1.0,1.0,1.0,1.0,1.0,1.0,0.5,0.6666666666666666,1.0,success,
hotpotqa_5a8da81e554299068b959d7e,llama3.1:8b,oracle,Oracle Evidence,diagnostic_baseline,oracle_evidence_upper_reference,True,hotpotqa,multi_hop,string,4000,end,low,unknown,impresario,impresario,p0001;p0002,p0002,True,1.0,1.0,1.0,1.0,1.0,1.0,1.0,0.5,0.6666666666666666,1.0,success,
hotpotqa_5ab446d455429942dd415f07,llama3.1:8b,no_evidence,No Evidence,diagnostic_baseline,question_only_lower_bound,True,hotpotqa,multi_hop,entity,8000,scattered,low,unknown,modern-day New York City,New York City,p0001;p0002,,True,0.0,0.8571428571428571,0.0,0.7499999999999999,0.0,0.8571428571428571,0.0,0.0,0.0,0.0,evidence_localization_failure,
hotpotqa_5ab446d455429942dd415f07,llama3.1:8b,direct,Full Context,diagnostic_condition,full_context_condition,True,hotpotqa,multi_hop,entity,8000,scattered,low,unknown,modern-day New York City,New York City,p0001;p0002,p0002,True,0.0,0.8571428571428571,0.0,0.7499999999999999,0.0,0.8571428571428571,1.0,0.5,0.6666666666666666,1.0,evidence_integration_failure,
hotpotqa_5ab446d455429942dd415f07,llama3.1:8b,retrieve_then_read,Retrieved Evidence,diagnostic_condition,evidence_narrowed_condition,True,hotpotqa,multi_hop,entity,8000,scattered,low,unknown,modern-day New York City,New York City,p0001;p0002,p0002,True,0.0,0.8571428571428571,0.0,0.7499999999999999,0.0,0.8571428571428571,1.0,0.5,0.6666666666666666,1.0,evidence_integration_failure,
hotpotqa_5ab446d455429942dd415f07,llama3.1:8b,oracle,Oracle Evidence,diagnostic_baseline,oracle_evidence_upper_reference,True,hotpotqa,multi_hop,entity,8000,scattered,low,unknown,modern-day New York City,New York City,p0001;p0002,p0002,True,0.0,0.8571428571428571,0.0,0.7499999999999999,0.0,0.8571428571428571,1.0,0.5,0.6666666666666666,1.0,evidence_integration_failure,
hotpotqa_5a760faa5542994ccc9186a8,llama3.1:8b,no_evidence,No Evidence,diagnostic_baseline,question_only_lower_bound,True,hotpotqa,multi_hop,entity,16000,front,low,unknown,Love Streams,An Imaginary Country,p0001;p0002,,True,0.0,0.0,0.0,0.0,0.0,0.0,0.0,0.0,0.0,0.0,evidence_localization_failure,
hotpotqa_5a760faa5542994ccc9186a8,llama3.1:8b,direct,Full Context,diagnostic_condition,full_context_condition,True,hotpotqa,multi_hop,entity,16000,front,low,unknown,Love Streams,Love Streams,p0001;p0002,p0003,True,1.0,1.0,1.0,1.0,1.0,1.0,0.0,0.0,0.0,0.0,success,
hotpotqa_5a760faa5542994ccc9186a8,llama3.1:8b,retrieve_then_read,Retrieved Evidence,diagnostic_condition,evidence_narrowed_condition,True,hotpotqa,multi_hop,entity,16000,front,low,unknown,Love Streams,Love Streams,p0001;p0002,p0002,True,1.0,1.0,1.0,1.0,1.0,1.0,1.0,0.5,0.6666666666666666,1.0,success,
hotpotqa_5a760faa5542994ccc9186a8,llama3.1:8b,oracle,Oracle Evidence,diagnostic_baseline,oracle_evidence_upper_reference,True,hotpotqa,multi_hop,entity,16000,front,low,unknown,Love Streams,Love Streams,p0001;p0002,p0002,True,1.0,1.0,1.0,1.0,1.0,1.0,1.0,0.5,0.6666666666666666,1.0,success,
hotpotqa_5a80aeff5542996402f6a5eb,llama3.1:8b,no_evidence,No Evidence,diagnostic_baseline,question_only_lower_bound,True,hotpotqa,multi_hop,string,4000,middle,medium,unknown,first freshman to finish as the runner-up,first place,p0001;p0002;p0003;p0004,,True,0.0,0.25,0.0,0.22222222222222224,0.0,0.25,0.0,0.0,0.0,0.0,evidence_localization_failure,
hotpotqa_5a80aeff5542996402f6a5eb,llama3.1:8b,direct,Full Context,diagnostic_condition,full_context_condition,True,hotpotqa,multi_hop,string,4000,middle,medium,unknown,first freshman to finish as the runner-up,runner-up,p0001;p0002;p0003;p0004,p0003,True,0.0,0.2857142857142857,0.0,0.4444444444444445,0.0,0.2857142857142857,1.0,0.25,0.4,1.0,evidence_integration_failure,
hotpotqa_5a80aeff5542996402f6a5eb,llama3.1:8b,retrieve_then_read,Retrieved Evidence,diagnostic_condition,evidence_narrowed_condition,True,hotpotqa,multi_hop,string,4000,middle,medium,unknown,first freshman to finish as the runner-up,runner-up,p0001;p0002;p0003;p0004,p0004,True,0.0,0.2857142857142857,0.0,0.4444444444444445,0.0,0.2857142857142857,1.0,0.25,0.4,1.0,evidence_integration_failure,
hotpotqa_5a80aeff5542996402f6a5eb,llama3.1:8b,oracle,Oracle Evidence,diagnostic_baseline,oracle_evidence_upper_reference,True,hotpotqa,multi_hop,string,4000,middle,medium,unknown,first freshman to finish as the runner-up,finishing as the runner-up,p0001;p0002;p0003;p0004,p0003;p0002,True,0.0,0.4444444444444444,0.0,0.5454545454545454,0.0,0.4444444444444444,1.0,0.5,0.6666666666666666,1.0,evidence_integration_failure,
hotpotqa_5ac3d9c9554299204fd21ea3,llama3.1:8b,no_evidence,No Evidence,diagnostic_baseline,question_only_lower_bound,True,hotpotqa,multi_hop,entity,8000,end,low,unknown,James Packer,James Packer,p0001;p0002,,True,1.0,1.0,1.0,1.0,1.0,1.0,0.0,0.0,0.0,0.0,success,
hotpotqa_5ac3d9c9554299204fd21ea3,llama3.1:8b,direct,Full Context,diagnostic_condition,full_context_condition,True,hotpotqa,multi_hop,entity,8000,end,low,unknown,James Packer,James Packer,p0001;p0002,p0001,True,1.0,1.0,1.0,1.0,1.0,1.0,1.0,0.5,0.6666666666666666,1.0,success,
hotpotqa_5ac3d9c9554299204fd21ea3,llama3.1:8b,retrieve_then_read,Retrieved Evidence,diagnostic_condition,evidence_narrowed_condition,True,hotpotqa,multi_hop,entity,8000,end,low,unknown,James Packer,James Packer,p0001;p0002,p0002,True,1.0,1.0,1.0,1.0,1.0,1.0,1.0,0.5,0.6666666666666666,1.0,success,
hotpotqa_5ac3d9c9554299204fd21ea3,llama3.1:8b,oracle,Oracle Evidence,diagnostic_baseline,oracle_evidence_upper_reference,True,hotpotqa,multi_hop,entity,8000,end,low,unknown,James Packer,James Packer,p0001;p0002,p0002;p0001,True,1.0,1.0,1.0,1.0,1.0,1.0,1.0,1.0,1.0,1.0,success,
hotpotqa_5a8799c55542996e4f308877,llama3.1:8b,no_evidence,No Evidence,diagnostic_baseline,question_only_lower_bound,True,hotpotqa,multi_hop,entity,16000,scattered,low,unknown,Scandinavian design,Organic Modern,p0001;p0002,,True,0.0,0.0,0.0,0.0,0.0,0.0,0.0,0.0,0.0,0.0,evidence_localization_failure,
hotpotqa_5a8799c55542996e4f308877,llama3.1:8b,direct,Full Context,diagnostic_condition,full_context_condition,True,hotpotqa,multi_hop,entity,16000,scattered,low,unknown,Scandinavian design,Scandinavian,p0001;p0002,p0002,True,0.0,0.6666666666666666,0.0,0.6666666666666666,0.0,0.6666666666666666,1.0,0.5,0.6666666666666666,1.0,evidence_integration_failure,
hotpotqa_5a8799c55542996e4f308877,llama3.1:8b,retrieve_then_read,Retrieved Evidence,diagnostic_condition,evidence_narrowed_condition,True,hotpotqa,multi_hop,entity,16000,scattered,low,unknown,Scandinavian design,Organic Modern,p0001;p0002,,True,0.0,0.0,0.0,0.0,0.0,0.0,0.0,0.0,0.0,0.0,evidence_localization_failure,
hotpotqa_5a8799c55542996e4f308877,llama3.1:8b,oracle,Oracle Evidence,diagnostic_baseline,oracle_evidence_upper_reference,True,hotpotqa,multi_hop,entity,16000,scattered,low,unknown,Scandinavian design,Scandinavian design,p0001;p0002,p0002;p0001,True,1.0,1.0,1.0,1.0,1.0,1.0,1.0,1.0,1.0,1.0,success,
hotpotqa_5adbda2755429944faac2385,llama3.1:8b,no_evidence,No Evidence,diagnostic_baseline,question_only_lower_bound,True,hotpotqa,multi_hop,entity,4000,front,low,unknown,Philip K. Dick,Philip K. Dick,p0001;p0002,,True,1.0,1.0,1.0,1.0,1.0,1.0,0.0,0.0,0.0,0.0,success,
hotpotqa_5adbda2755429944faac2385,llama3.1:8b,direct,Full Context,diagnostic_condition,full_context_condition,True,hotpotqa,multi_hop,entity,4000,front,low,unknown,Philip K. Dick,Philip K. Dick,p0001;p0002,p0001;p0002,True,1.0,1.0,1.0,1.0,1.0,1.0,1.0,1.0,1.0,1.0,success,
hotpotqa_5adbda2755429944faac2385,llama3.1:8b,retrieve_then_read,Retrieved Evidence,diagnostic_condition,evidence_narrowed_condition,True,hotpotqa,multi_hop,entity,4000,front,low,unknown,Philip K. Dick,Philip K. Dick,p0001;p0002,p0001;p0002,True,1.0,1.0,1.0,1.0,1.0,1.0,1.0,1.0,1.0,1.0,success,
hotpotqa_5adbda2755429944faac2385,llama3.1:8b,oracle,Oracle Evidence,diagnostic_baseline,oracle_evidence_upper_reference,True,hotpotqa,multi_hop,entity,4000,front,low,unknown,Philip K. Dick,Philip K. Dick,p0001;p0002,p0001;p0002,True,1.0,1.0,1.0,1.0,1.0,1.0,1.0,1.0,1.0,1.0,success,
hotpotqa_5ab67bd355429954757d32f2,llama3.1:8b,no_evidence,No Evidence,diagnostic_baseline,question_only_lower_bound,True,hotpotqa,multi_hop,entity,8000,middle,low,unknown,New York Giants,Dallas Cowboys,p0001;p0002,,True,0.0,0.0,0.0,0.0,0.0,0.0,0.0,0.0,0.0,0.0,evidence_localization_failure,
hotpotqa_5ab67bd355429954757d32f2,llama3.1:8b,direct,Full Context,diagnostic_condition,full_context_condition,True,hotpotqa,multi_hop,entity,8000,middle,low,unknown,New York Giants,New York Giants,p0001;p0002,p0002,True,1.0,1.0,1.0,1.0,1.0,1.0,1.0,0.5,0.6666666666666666,1.0,success,
hotpotqa_5ab67bd355429954757d32f2,llama3.1:8b,retrieve_then_read,Retrieved Evidence,diagnostic_condition,evidence_narrowed_condition,True,hotpotqa,multi_hop,entity,8000,middle,low,unknown,New York Giants,New York Giants,p0001;p0002,p0002,True,1.0,1.0,1.0,1.0,1.0,1.0,1.0,0.5,0.6666666666666666,1.0,success,
hotpotqa_5ab67bd355429954757d32f2,llama3.1:8b,oracle,Oracle Evidence,diagnostic_baseline,oracle_evidence_upper_reference,True,hotpotqa,multi_hop,entity,8000,middle,low,unknown,New York Giants,New York Giants,p0001;p0002,p0002;p0001,True,1.0,1.0,1.0,1.0,1.0,1.0,1.0,1.0,1.0,1.0,success,
hotpotqa_5adf4a275542993a75d26498,llama3.1:8b,no_evidence,No Evidence,diagnostic_baseline,question_only_lower_bound,True,hotpotqa,multi_hop,entity,16000,end,medium,unknown,middle America,John Steinbeck,p0001;p0002;p0003,,True,0.0,0.0,0.0,0.0,0.0,0.0,0.0,0.0,0.0,0.0,evidence_localization_failure,
hotpotqa_5adf4a275542993a75d26498,llama3.1:8b,direct,Full Context,diagnostic_condition,full_context_condition,True,hotpotqa,multi_hop,entity,16000,end,medium,unknown,middle America,White,p0001;p0002;p0003,p0002,True,0.0,0.0,0.0,0.0,0.0,0.0,1.0,0.3333333333333333,0.5,1.0,evidence_integration_failure,
hotpotqa_5adf4a275542993a75d26498,llama3.1:8b,retrieve_then_read,Retrieved Evidence,diagnostic_condition,evidence_narrowed_condition,True,hotpotqa,multi_hop,entity,16000,end,medium,unknown,middle America,Ecological Society of Australia,p0001;p0002;p0003,p0001,True,0.0,0.0,0.0,0.0,0.0,0.0,1.0,0.3333333333333333,0.5,1.0,evidence_integration_failure,
hotpotqa_5adf4a275542993a75d26498,llama3.1:8b,oracle,Oracle Evidence,diagnostic_baseline,oracle_evidence_upper_reference,True,hotpotqa,multi_hop,entity,16000,end,medium,unknown,middle America,William Allen White,p0001;p0002;p0003,p0002;p0003,True,0.0,0.0,0.0,0.0,0.0,0.0,1.0,0.6666666666666666,0.8,1.0,evidence_integration_failure,
hotpotqa_5ae4c5595542990ba0bbb123,llama3.1:8b,no_evidence,No Evidence,diagnostic_baseline,question_only_lower_bound,True,hotpotqa,multi_hop,entity,4000,scattered,low,unknown,Soha Ali Khan,Sharman Joshi,p0001;p0002,,True,0.0,0.0,0.0,0.0,0.0,0.0,0.0,0.0,0.0,0.0,evidence_localization_failure,
hotpotqa_5ae4c5595542990ba0bbb123,llama3.1:8b,direct,Full Context,diagnostic_condition,full_context_condition,True,hotpotqa,multi_hop,entity,4000,scattered,low,unknown,Soha Ali Khan,Soha Ali Khan,p0001;p0002,p0002,True,1.0,1.0,1.0,1.0,1.0,1.0,1.0,0.5,0.6666666666666666,1.0,success,
hotpotqa_5ae4c5595542990ba0bbb123,llama3.1:8b,retrieve_then_read,Retrieved Evidence,diagnostic_condition,evidence_narrowed_condition,True,hotpotqa,multi_hop,entity,4000,scattered,low,unknown,Soha Ali Khan,Soha Ali Khan,p0001;p0002,p0011,True,1.0,1.0,1.0,1.0,1.0,1.0,0.0,0.0,0.0,0.0,success,
hotpotqa_5ae4c5595542990ba0bbb123,llama3.1:8b,oracle,Oracle Evidence,diagnostic_baseline,oracle_evidence_upper_reference,True,hotpotqa,multi_hop,entity,4000,scattered,low,unknown,Soha Ali Khan,Soha Ali Khan,p0001;p0002,p0002;p0001,True,1.0,1.0,1.0,1.0,1.0,1.0,1.0,1.0,1.0,1.0,success,
hotpotqa_5a837d9a554299123d8c213e,llama3.1:8b,no_evidence,No Evidence,diagnostic_baseline,question_only_lower_bound,True,hotpotqa,multi_hop,entity,8000,front,medium,unknown,Lucas Stephen Grabeel,Katie Leclerc,p0001;p0002;p0003,,True,0.0,0.0,0.0,0.0,0.0,0.0,0.0,0.0,0.0,0.0,evidence_localization_failure,
hotpotqa_5a837d9a554299123d8c213e,llama3.1:8b,direct,Full Context,diagnostic_condition,full_context_condition,True,hotpotqa,multi_hop,entity,8000,front,medium,unknown,Lucas Stephen Grabeel,Constance Marie Lopez,p0001;p0002;p0003,,True,0.0,0.0,0.0,0.0,0.0,0.0,0.0,0.0,0.0,0.0,evidence_localization_failure,
hotpotqa_5a837d9a554299123d8c213e,llama3.1:8b,retrieve_then_read,Retrieved Evidence,diagnostic_condition,evidence_narrowed_condition,True,hotpotqa,multi_hop,entity,8000,front,medium,unknown,Lucas Stephen Grabeel,Vanessa Hudgens,p0001;p0002;p0003,,True,0.0,0.0,0.0,0.0,0.0,0.0,0.0,0.0,0.0,0.0,evidence_localization_failure,
hotpotqa_5a837d9a554299123d8c213e,llama3.1:8b,oracle,Oracle Evidence,diagnostic_baseline,oracle_evidence_upper_reference,True,hotpotqa,multi_hop,entity,8000,front,medium,unknown,Lucas Stephen Grabeel,Lucas Grabeel,p0001;p0002;p0003,p0001;p0003,True,0.0,0.8,0.0,0.8,0.0,0.8,1.0,0.6666666666666666,0.8,1.0,evidence_integration_failure,
hotpotqa_5a85c3a15542992a431d1b97,llama3.1:8b,no_evidence,No Evidence,diagnostic_baseline,question_only_lower_bound,True,hotpotqa,multi_hop,entity,16000,middle,medium,unknown,Massive Entertainment,Snowpush,p0001;p0002;p0003,,True,0.0,0.0,0.0,0.0,0.0,0.0,0.0,0.0,0.0,0.0,evidence_localization_failure,
hotpotqa_5a85c3a15542992a431d1b97,llama3.1:8b,direct,Full Context,diagnostic_condition,full_context_condition,True,hotpotqa,multi_hop,entity,16000,middle,medium,unknown,Massive Entertainment,Massive Entertainment,p0001;p0002;p0003,p0002,True,1.0,1.0,1.0,1.0,1.0,1.0,1.0,0.3333333333333333,0.5,1.0,success,
hotpotqa_5a85c3a15542992a431d1b97,llama3.1:8b,retrieve_then_read,Retrieved Evidence,diagnostic_condition,evidence_narrowed_condition,True,hotpotqa,multi_hop,entity,16000,middle,medium,unknown,Massive Entertainment,Massive Entertainment,p0001;p0002;p0003,p0002;p0003,True,1.0,1.0,1.0,1.0,1.0,1.0,1.0,0.6666666666666666,0.8,1.0,success,
hotpotqa_5a85c3a15542992a431d1b97,llama3.1:8b,oracle,Oracle Evidence,diagnostic_baseline,oracle_evidence_upper_reference,True,hotpotqa,multi_hop,entity,16000,middle,medium,unknown,Massive Entertainment,Massive Entertainment,p0001;p0002;p0003,p0003,True,1.0,1.0,1.0,1.0,1.0,1.0,1.0,0.3333333333333333,0.5,1.0,success,
hotpotqa_5a78daf855429970f5fffdae,llama3.1:8b,no_evidence,No Evidence,diagnostic_baseline,question_only_lower_bound,True,hotpotqa,comparison,entity,4000,end,medium,unknown,Icehouse pieces,Icehouse pieces,p0001;p0002;p0003,,True,1.0,1.0,1.0,1.0,1.0,1.0,0.0,0.0,0.0,0.0,success,
hotpotqa_5a78daf855429970f5fffdae,llama3.1:8b,direct,Full Context,diagnostic_condition,full_context_condition,True,hotpotqa,comparison,entity,4000,end,medium,unknown,Icehouse pieces,Icehouse pieces,p0001;p0002;p0003,p0002,True,1.0,1.0,1.0,1.0,1.0,1.0,1.0,0.3333333333333333,0.5,1.0,success,
hotpotqa_5a78daf855429970f5fffdae,llama3.1:8b,retrieve_then_read,Retrieved Evidence,diagnostic_condition,evidence_narrowed_condition,True,hotpotqa,comparison,entity,4000,end,medium,unknown,Icehouse pieces,Icehouse pieces,p0001;p0002;p0003,p0002,True,1.0,1.0,1.0,1.0,1.0,1.0,1.0,0.3333333333333333,0.5,1.0,success,
hotpotqa_5a78daf855429970f5fffdae,llama3.1:8b,oracle,Oracle Evidence,diagnostic_baseline,oracle_evidence_upper_reference,True,hotpotqa,comparison,entity,4000,end,medium,unknown,Icehouse pieces,Icehouse pieces,p0001;p0002;p0003,p0002,True,1.0,1.0,1.0,1.0,1.0,1.0,1.0,0.3333333333333333,0.5,1.0,success,
hotpotqa_5a8eb4d65542990e94052b82,llama3.1:8b,no_evidence,No Evidence,diagnostic_baseline,question_only_lower_bound,True,hotpotqa,multi_hop,entity,8000,scattered,medium,unknown,Terry Gilliam,Quentin Tarantino,p0001;p0002;p0003,,True,0.0,0.0,0.0,0.0,0.0,0.0,0.0,0.0,0.0,0.0,evidence_localization_failure,
hotpotqa_5a8eb4d65542990e94052b82,llama3.1:8b,direct,Full Context,diagnostic_condition,full_context_condition,True,hotpotqa,multi_hop,entity,8000,scattered,medium,unknown,Terry Gilliam,Terry Gilliam,p0001;p0002;p0003,p0002,True,1.0,1.0,1.0,1.0,1.0,1.0,1.0,0.3333333333333333,0.5,1.0,success,
hotpotqa_5a8eb4d65542990e94052b82,llama3.1:8b,retrieve_then_read,Retrieved Evidence,diagnostic_condition,evidence_narrowed_condition,True,hotpotqa,multi_hop,entity,8000,scattered,medium,unknown,Terry Gilliam,Edgar Allan Poe,p0001;p0002;p0003,p0001,True,0.0,0.0,0.0,0.0,0.0,0.0,1.0,0.3333333333333333,0.5,1.0,evidence_integration_failure,
hotpotqa_5a8eb4d65542990e94052b82,llama3.1:8b,oracle,Oracle Evidence,diagnostic_baseline,oracle_evidence_upper_reference,True,hotpotqa,multi_hop,entity,8000,scattered,medium,unknown,Terry Gilliam,Terry Gilliam,p0001;p0002;p0003,p0002;p0003,True,1.0,1.0,1.0,1.0,1.0,1.0,1.0,0.6666666666666666,0.8,1.0,success,
hotpotqa_5a8038b55542996402f6a485,llama3.1:8b,no_evidence,No Evidence,diagnostic_baseline,question_only_lower_bound,True,hotpotqa,multi_hop,entity,16000,front,low,unknown,Lithuanian-born French,Lithuanian,p0001;p0002,,True,0.0,0.0,0.0,0.5,0.0,0.0,0.0,0.0,0.0,0.0,evidence_localization_failure,
hotpotqa_5a8038b55542996402f6a485,llama3.1:8b,direct,Full Context,diagnostic_condition,full_context_condition,True,hotpotqa,multi_hop,entity,16000,front,low,unknown,Lithuanian-born French,Lithuanian,p0001;p0002,p0002,True,0.0,0.0,0.0,0.5,0.0,0.0,1.0,0.5,0.6666666666666666,1.0,evidence_integration_failure,
hotpotqa_5a8038b55542996402f6a485,llama3.1:8b,retrieve_then_read,Retrieved Evidence,diagnostic_condition,evidence_narrowed_condition,True,hotpotqa,multi_hop,entity,16000,front,low,unknown,Lithuanian-born French,Lithuanian-born French,p0001;p0002,p0002,True,1.0,1.0,1.0,1.0,1.0,1.0,1.0,0.5,0.6666666666666666,1.0,success,
hotpotqa_5a8038b55542996402f6a485,llama3.1:8b,oracle,Oracle Evidence,diagnostic_baseline,oracle_evidence_upper_reference,True,hotpotqa,multi_hop,entity,16000,front,low,unknown,Lithuanian-born French,Lithuanian,p0001;p0002,p0002,True,0.0,0.0,0.0,0.5,0.0,0.0,1.0,0.5,0.6666666666666666,1.0,evidence_integration_failure,
hotpotqa_5ab83d595542990e739ec886,llama3.1:8b,no_evidence,No Evidence,diagnostic_baseline,question_only_lower_bound,True,hotpotqa,multi_hop,string,4000,middle,low,unknown,a family member,the Cailleach,p0001;p0002,,True,0.0,0.0,0.0,0.0,0.0,0.0,0.0,0.0,0.0,0.0,evidence_localization_failure,
hotpotqa_5ab83d595542990e739ec886,llama3.1:8b,direct,Full Context,diagnostic_condition,full_context_condition,True,hotpotqa,multi_hop,string,4000,middle,low,unknown,a family member,a family member,p0001;p0002,p0002,True,1.0,1.0,1.0,1.0,1.0,1.0,1.0,0.5,0.6666666666666666,1.0,success,
hotpotqa_5ab83d595542990e739ec886,llama3.1:8b,retrieve_then_read,Retrieved Evidence,diagnostic_condition,evidence_narrowed_condition,True,hotpotqa,multi_hop,string,4000,middle,low,unknown,a family member,a family member,p0001;p0002,p0002,True,1.0,1.0,1.0,1.0,1.0,1.0,1.0,0.5,0.6666666666666666,1.0,success,
hotpotqa_5ab83d595542990e739ec886,llama3.1:8b,oracle,Oracle Evidence,diagnostic_baseline,oracle_evidence_upper_reference,True,hotpotqa,multi_hop,string,4000,middle,low,unknown,a family member,a family member,p0001;p0002,p0002,True,1.0,1.0,1.0,1.0,1.0,1.0,1.0,0.5,0.6666666666666666,1.0,success,
hotpotqa_5ae0d52e554299603e418469,llama3.1:8b,no_evidence,No Evidence,diagnostic_baseline,question_only_lower_bound,True,hotpotqa,multi_hop,entity,8000,end,medium,unknown,Douglas Jackson,Michael A. Nickles,p0001;p0002;p0003,,True,0.0,0.0,0.0,0.0,0.0,0.0,0.0,0.0,0.0,0.0,evidence_localization_failure,
hotpotqa_5ae0d52e554299603e418469,llama3.1:8b,direct,Full Context,diagnostic_condition,full_context_condition,True,hotpotqa,multi_hop,entity,8000,end,medium,unknown,Douglas Jackson,Douglas Jackson,p0001;p0002;p0003,p0002,True,1.0,1.0,1.0,1.0,1.0,1.0,1.0,0.3333333333333333,0.5,1.0,success,
hotpotqa_5ae0d52e554299603e418469,llama3.1:8b,retrieve_then_read,Retrieved Evidence,diagnostic_condition,evidence_narrowed_condition,True,hotpotqa,multi_hop,entity,8000,end,medium,unknown,Douglas Jackson,Douglas Jackson,p0001;p0002;p0003,p0002,True,1.0,1.0,1.0,1.0,1.0,1.0,1.0,0.3333333333333333,0.5,1.0,success,
hotpotqa_5ae0d52e554299603e418469,llama3.1:8b,oracle,Oracle Evidence,diagnostic_baseline,oracle_evidence_upper_reference,True,hotpotqa,multi_hop,entity,8000,end,medium,unknown,Douglas Jackson,Douglas Jackson,p0001;p0002;p0003,p0002;p0003,True,1.0,1.0,1.0,1.0,1.0,1.0,1.0,0.6666666666666666,0.8,1.0,success,
hotpotqa_5ae75a4c5542997b22f6a6f1,llama3.1:8b,no_evidence,No Evidence,diagnostic_baseline,question_only_lower_bound,True,hotpotqa,multi_hop,entity,16000,scattered,low,unknown,The Itchy & Scratchy Show,Krusty the Clown,p0001;p0002,,True,0.0,0.0,0.0,0.0,0.0,0.0,0.0,0.0,0.0,0.0,evidence_localization_failure,
hotpotqa_5ae75a4c5542997b22f6a6f1,llama3.1:8b,direct,Full Context,diagnostic_condition,full_context_condition,True,hotpotqa,multi_hop,entity,16000,scattered,low,unknown,The Itchy & Scratchy Show,Krusty the Clown,p0001;p0002,,True,0.0,0.0,0.0,0.0,0.0,0.0,0.0,0.0,0.0,0.0,evidence_localization_failure,
hotpotqa_5ae75a4c5542997b22f6a6f1,llama3.1:8b,retrieve_then_read,Retrieved Evidence,diagnostic_condition,evidence_narrowed_condition,True,hotpotqa,multi_hop,entity,16000,scattered,low,unknown,The Itchy & Scratchy Show,Tracey Ullman,p0001;p0002,p0001,True,0.0,0.0,0.0,0.0,0.0,0.0,1.0,0.5,0.6666666666666666,1.0,evidence_integration_failure,
hotpotqa_5ae75a4c5542997b22f6a6f1,llama3.1:8b,oracle,Oracle Evidence,diagnostic_baseline,oracle_evidence_upper_reference,True,hotpotqa,multi_hop,entity,16000,scattered,low,unknown,The Itchy & Scratchy Show,Krusty the Clown,p0001;p0002,p0002;p0001,True,0.0,0.0,0.0,0.0,0.0,0.0,1.0,1.0,1.0,1.0,answer_conversion_failure,
hotpotqa_5ab45a0b5542991779162c7e,llama3.1:8b,no_evidence,No Evidence,diagnostic_baseline,question_only_lower_bound,True,hotpotqa,multi_hop,entity,4000,front,medium,unknown,Viaport Rotterdam,Wilton Mall,p0001;p0002;p0003;p0004,,True,0.0,0.0,0.0,0.0,0.0,0.0,0.0,0.0,0.0,0.0,evidence_localization_failure,
hotpotqa_5ab45a0b5542991779162c7e,llama3.1:8b,direct,Full Context,diagnostic_condition,full_context_condition,True,hotpotqa,multi_hop,entity,4000,front,medium,unknown,Viaport Rotterdam,Viaport Rotterdam,p0001;p0002;p0003;p0004,p0003;p0004,True,1.0,1.0,1.0,1.0,1.0,1.0,1.0,0.5,0.6666666666666666,1.0,success,
hotpotqa_5ab45a0b5542991779162c7e,llama3.1:8b,retrieve_then_read,Retrieved Evidence,diagnostic_condition,evidence_narrowed_condition,True,hotpotqa,multi_hop,entity,4000,front,medium,unknown,Viaport Rotterdam,Karcher Mall,p0001;p0002;p0003;p0004,p0002;p0003,True,0.0,0.0,0.0,0.0,0.0,0.0,1.0,0.5,0.6666666666666666,1.0,evidence_integration_failure,
hotpotqa_5ab45a0b5542991779162c7e,llama3.1:8b,oracle,Oracle Evidence,diagnostic_baseline,oracle_evidence_upper_reference,True,hotpotqa,multi_hop,entity,4000,front,medium,unknown,Viaport Rotterdam,Viaport Rotterdam,p0001;p0002;p0003;p0004,p0003;p0004,True,1.0,1.0,1.0,1.0,1.0,1.0,1.0,0.5,0.6666666666666666,1.0,success,
hotpotqa_5a738225554299623ed4abc3,llama3.1:8b,no_evidence,No Evidence,diagnostic_baseline,question_only_lower_bound,True,hotpotqa,comparison,entity,8000,middle,low,unknown,Bedknobs and Broomsticks,Bedknobs and Broomsticks,p0001;p0002,,True,1.0,1.0,1.0,1.0,1.0,1.0,0.0,0.0,0.0,0.0,success,
hotpotqa_5a738225554299623ed4abc3,llama3.1:8b,direct,Full Context,diagnostic_condition,full_context_condition,True,hotpotqa,comparison,entity,8000,middle,low,unknown,Bedknobs and Broomsticks,Bedknobs and Broomsticks,p0001;p0002,p0001,True,1.0,1.0,1.0,1.0,1.0,1.0,1.0,0.5,0.6666666666666666,1.0,success,
hotpotqa_5a738225554299623ed4abc3,llama3.1:8b,retrieve_then_read,Retrieved Evidence,diagnostic_condition,evidence_narrowed_condition,True,hotpotqa,comparison,entity,8000,middle,low,unknown,Bedknobs and Broomsticks,Bedknobs and Broomsticks,p0001;p0002,p0001,True,1.0,1.0,1.0,1.0,1.0,1.0,1.0,0.5,0.6666666666666666,1.0,success,
hotpotqa_5a738225554299623ed4abc3,llama3.1:8b,oracle,Oracle Evidence,diagnostic_baseline,oracle_evidence_upper_reference,True,hotpotqa,comparison,entity,8000,middle,low,unknown,Bedknobs and Broomsticks,Bedknobs and Broomsticks,p0001;p0002,p0001,True,1.0,1.0,1.0,1.0,1.0,1.0,1.0,0.5,0.6666666666666666,1.0,success,
hotpotqa_5ac056385542997d64295a08,llama3.1:8b,no_evidence,No Evidence,diagnostic_baseline,question_only_lower_bound,True,hotpotqa,multi_hop,entity,16000,end,medium,unknown,"""The Ring"" magazine",WBA,p0001;p0002;p0003;p0004,,True,0.0,0.0,0.0,0.0,0.0,0.0,0.0,0.0,0.0,0.0,evidence_localization_failure,
hotpotqa_5ac056385542997d64295a08,llama3.1:8b,direct,Full Context,diagnostic_condition,full_context_condition,True,hotpotqa,multi_hop,entity,16000,end,medium,unknown,"""The Ring"" magazine",The Ring magazine,p0001;p0002;p0003;p0004,p0003,True,1.0,1.0,1.0,1.0,1.0,1.0,1.0,0.25,0.4,1.0,success,
hotpotqa_5ac056385542997d64295a08,llama3.1:8b,retrieve_then_read,Retrieved Evidence,diagnostic_condition,evidence_narrowed_condition,True,hotpotqa,multi_hop,entity,16000,end,medium,unknown,"""The Ring"" magazine",The Ring magazine,p0001;p0002;p0003;p0004,p0004,True,1.0,1.0,1.0,1.0,1.0,1.0,1.0,0.25,0.4,1.0,success,
hotpotqa_5ac056385542997d64295a08,llama3.1:8b,oracle,Oracle Evidence,diagnostic_baseline,oracle_evidence_upper_reference,True,hotpotqa,multi_hop,entity,16000,end,medium,unknown,"""The Ring"" magazine",Chris Eubank Jr.,p0001;p0002;p0003;p0004,p0002;p0004,True,0.0,0.0,0.0,0.0,0.0,0.0,1.0,0.5,0.6666666666666666,1.0,evidence_integration_failure,
hotpotqa_5aba9e2455429939ce03dd3a,llama3.1:8b,no_evidence,No Evidence,diagnostic_baseline,question_only_lower_bound,True,hotpotqa,multi_hop,number,4000,scattered,low,unknown,1909,1950,p0001;p0002,,True,0.0,0.0,0.0,0.0,0.0,0.0,0.0,0.0,0.0,0.0,evidence_localization_failure,
hotpotqa_5aba9e2455429939ce03dd3a,llama3.1:8b,direct,Full Context,diagnostic_condition,full_context_condition,True,hotpotqa,multi_hop,number,4000,scattered,low,unknown,1909,1909,p0001;p0002,p0002,True,1.0,1.0,1.0,1.0,1.0,1.0,1.0,0.5,0.6666666666666666,1.0,success,
hotpotqa_5aba9e2455429939ce03dd3a,llama3.1:8b,retrieve_then_read,Retrieved Evidence,diagnostic_condition,evidence_narrowed_condition,True,hotpotqa,multi_hop,number,4000,scattered,low,unknown,1909,1939,p0001;p0002,p0001,True,0.0,0.0,0.0,0.0,0.0,0.0,1.0,0.5,0.6666666666666666,1.0,evidence_integration_failure,
hotpotqa_5aba9e2455429939ce03dd3a,llama3.1:8b,oracle,Oracle Evidence,diagnostic_baseline,oracle_evidence_upper_reference,True,hotpotqa,multi_hop,number,4000,scattered,low,unknown,1909,1909,p0001;p0002,p0002,True,1.0,1.0,1.0,1.0,1.0,1.0,1.0,0.5,0.6666666666666666,1.0,success,
hotpotqa_5a90b43455429916514e7523,llama3.1:8b,no_evidence,No Evidence,diagnostic_baseline,question_only_lower_bound,True,hotpotqa,multi_hop,entity,8000,front,low,unknown,"Sun Valley, Idaho",Sun Valley,p0001;p0002,,True,0.0,0.8,0.0,0.8,0.0,0.8,0.0,0.0,0.0,0.0,evidence_localization_failure,
hotpotqa_5a90b43455429916514e7523,llama3.1:8b,direct,Full Context,diagnostic_condition,full_context_condition,True,hotpotqa,multi_hop,entity,8000,front,low,unknown,"Sun Valley, Idaho",Sun Valley,p0001;p0002,p0001,True,0.0,0.8,0.0,0.8,0.0,0.8,1.0,0.5,0.6666666666666666,1.0,evidence_integration_failure,
hotpotqa_5a90b43455429916514e7523,llama3.1:8b,retrieve_then_read,Retrieved Evidence,diagnostic_condition,evidence_narrowed_condition,True,hotpotqa,multi_hop,entity,8000,front,low,unknown,"Sun Valley, Idaho",Sun Valley,p0001;p0002,p0002,True,0.0,0.8,0.0,0.8,0.0,0.8,1.0,0.5,0.6666666666666666,1.0,evidence_integration_failure,
hotpotqa_5a90b43455429916514e7523,llama3.1:8b,oracle,Oracle Evidence,diagnostic_baseline,oracle_evidence_upper_reference,True,hotpotqa,multi_hop,entity,8000,front,low,unknown,"Sun Valley, Idaho",Sun Valley,p0001;p0002,p0001,True,0.0,0.8,0.0,0.8,0.0,0.8,1.0,0.5,0.6666666666666666,1.0,evidence_integration_failure,
hotpotqa_5a71717d5542994082a3e834,llama3.1:8b,no_evidence,No Evidence,diagnostic_baseline,question_only_lower_bound,True,hotpotqa,multi_hop,entity,16000,middle,low,unknown,Larry Richard Drake,Jeff Bennett,p0001;p0002,,True,0.0,0.0,0.0,0.0,0.0,0.0,0.0,0.0,0.0,0.0,evidence_localization_failure,
hotpotqa_5a71717d5542994082a3e834,llama3.1:8b,direct,Full Context,diagnostic_condition,full_context_condition,True,hotpotqa,multi_hop,entity,16000,middle,low,unknown,Larry Richard Drake,Larry Richard Drake,p0001;p0002,p0002,True,1.0,1.0,1.0,1.0,1.0,1.0,1.0,0.5,0.6666666666666666,1.0,success,
hotpotqa_5a71717d5542994082a3e834,llama3.1:8b,retrieve_then_read,Retrieved Evidence,diagnostic_condition,evidence_narrowed_condition,True,hotpotqa,multi_hop,entity,16000,middle,low,unknown,Larry Richard Drake,Larry Drake,p0001;p0002,p0002,True,0.0,0.8,0.0,0.8,0.0,0.8,1.0,0.5,0.6666666666666666,1.0,evidence_integration_failure,
hotpotqa_5a71717d5542994082a3e834,llama3.1:8b,oracle,Oracle Evidence,diagnostic_baseline,oracle_evidence_upper_reference,True,hotpotqa,multi_hop,entity,16000,middle,low,unknown,Larry Richard Drake,Larry Drake,p0001;p0002,p0002;p0001,True,0.0,0.8,0.0,0.8,0.0,0.8,1.0,1.0,1.0,1.0,answer_conversion_failure,
hotpotqa_5ab6aaff55429953192ad35b,llama3.1:8b,no_evidence,No Evidence,diagnostic_baseline,question_only_lower_bound,True,hotpotqa,multi_hop,entity,4000,end,medium,unknown,Phoenix Television,Phoenix Hong Kong Channel,p0001;p0002;p0003,,True,0.0,0.3333333333333333,0.0,0.3333333333333333,0.0,0.3333333333333333,0.0,0.0,0.0,0.0,evidence_localization_failure,
hotpotqa_5ab6aaff55429953192ad35b,llama3.1:8b,direct,Full Context,diagnostic_condition,full_context_condition,True,hotpotqa,multi_hop,entity,4000,end,medium,unknown,Phoenix Television,Phoenix Satellite Television Holdings Ltd,p0001;p0002;p0003,p0003,True,0.0,0.5714285714285715,0.0,0.5714285714285715,0.0,0.5714285714285715,1.0,0.3333333333333333,0.5,1.0,evidence_integration_failure,
hotpotqa_5ab6aaff55429953192ad35b,llama3.1:8b,retrieve_then_read,Retrieved Evidence,diagnostic_condition,evidence_narrowed_condition,True,hotpotqa,multi_hop,entity,4000,end,medium,unknown,Phoenix Television,Phoenix Satellite Television Holdings Ltd,p0001;p0002;p0003,p0003,True,0.0,0.5714285714285715,0.0,0.5714285714285715,0.0,0.5714285714285715,1.0,0.3333333333333333,0.5,1.0,evidence_integration_failure,
hotpotqa_5ab6aaff55429953192ad35b,llama3.1:8b,oracle,Oracle Evidence,diagnostic_baseline,oracle_evidence_upper_reference,True,hotpotqa,multi_hop,entity,4000,end,medium,unknown,Phoenix Television,Phoenix Television,p0001;p0002;p0003,p0003;p0002,True,1.0,1.0,1.0,1.0,1.0,1.0,1.0,0.6666666666666666,0.8,1.0,success,
hotpotqa_5abc5951554299114383a116,llama3.1:8b,no_evidence,No Evidence,diagnostic_baseline,question_only_lower_bound,True,hotpotqa,multi_hop,entity,8000,scattered,medium,unknown,Graduados,Sangre en el olivo,p0001;p0002;p0003,,True,0.0,0.0,0.0,0.0,0.0,0.0,0.0,0.0,0.0,0.0,evidence_localization_failure,
hotpotqa_5abc5951554299114383a116,llama3.1:8b,direct,Full Context,diagnostic_condition,full_context_condition,True,hotpotqa,multi_hop,entity,8000,scattered,medium,unknown,Graduados,Graduados,p0001;p0002;p0003,p0003,True,1.0,1.0,1.0,1.0,1.0,1.0,1.0,0.3333333333333333,0.5,1.0,success,
hotpotqa_5abc5951554299114383a116,llama3.1:8b,retrieve_then_read,Retrieved Evidence,diagnostic_condition,evidence_narrowed_condition,True,hotpotqa,multi_hop,entity,8000,scattered,medium,unknown,Graduados,Graduados,p0001;p0002;p0003,p0003,True,1.0,1.0,1.0,1.0,1.0,1.0,1.0,0.3333333333333333,0.5,1.0,success,
hotpotqa_5abc5951554299114383a116,llama3.1:8b,oracle,Oracle Evidence,diagnostic_baseline,oracle_evidence_upper_reference,True,hotpotqa,multi_hop,entity,8000,scattered,medium,unknown,Graduados,Graduados,p0001;p0002;p0003,p0003;p0002,True,1.0,1.0,1.0,1.0,1.0,1.0,1.0,0.6666666666666666,0.8,1.0,success,
hotpotqa_5a7634f155429976ec32bd6b,llama3.1:8b,no_evidence,No Evidence,diagnostic_baseline,question_only_lower_bound,True,hotpotqa,multi_hop,entity,16000,front,medium,unknown,Ogallala Aquifer,Ogallala Aquifer,p0001;p0002;p0003;p0004,,True,1.0,1.0,1.0,1.0,1.0,1.0,0.0,0.0,0.0,0.0,success,
hotpotqa_5a7634f155429976ec32bd6b,llama3.1:8b,direct,Full Context,diagnostic_condition,full_context_condition,True,hotpotqa,multi_hop,entity,16000,front,medium,unknown,Ogallala Aquifer,Ogallala Aquifer,p0001;p0002;p0003;p0004,p0003,True,1.0,1.0,1.0,1.0,1.0,1.0,1.0,0.25,0.4,1.0,success,
hotpotqa_5a7634f155429976ec32bd6b,llama3.1:8b,retrieve_then_read,Retrieved Evidence,diagnostic_condition,evidence_narrowed_condition,True,hotpotqa,multi_hop,entity,16000,front,medium,unknown,Ogallala Aquifer,Ogallala Aquifer,p0001;p0002;p0003;p0004,p0003;p0004,True,1.0,1.0,1.0,1.0,1.0,1.0,1.0,0.5,0.6666666666666666,1.0,success,
hotpotqa_5a7634f155429976ec32bd6b,llama3.1:8b,oracle,Oracle Evidence,diagnostic_baseline,oracle_evidence_upper_reference,True,hotpotqa,multi_hop,entity,16000,front,medium,unknown,Ogallala Aquifer,Ogallala Aquifer,p0001;p0002;p0003;p0004,p0003;p0004,True,1.0,1.0,1.0,1.0,1.0,1.0,1.0,0.5,0.6666666666666666,1.0,success,
hotpotqa_5a8b3af455429971feec467b,llama3.1:8b,no_evidence,No Evidence,diagnostic_baseline,question_only_lower_bound,True,hotpotqa,multi_hop,entity,4000,middle,low,unknown,Unbreakable,Unbreakable,p0001;p0002,,True,1.0,1.0,1.0,1.0,1.0,1.0,0.0,0.0,0.0,0.0,success,
hotpotqa_5a8b3af455429971feec467b,llama3.1:8b,direct,Full Context,diagnostic_condition,full_context_condition,True,hotpotqa,multi_hop,entity,4000,middle,low,unknown,Unbreakable,Unbreakable,p0001;p0002,p0002,True,1.0,1.0,1.0,1.0,1.0,1.0,1.0,0.5,0.6666666666666666,1.0,success,
hotpotqa_5a8b3af455429971feec467b,llama3.1:8b,retrieve_then_read,Retrieved Evidence,diagnostic_condition,evidence_narrowed_condition,True,hotpotqa,multi_hop,entity,4000,middle,low,unknown,Unbreakable,Unbreakable,p0001;p0002,p0002,True,1.0,1.0,1.0,1.0,1.0,1.0,1.0,0.5,0.6666666666666666,1.0,success,
hotpotqa_5a8b3af455429971feec467b,llama3.1:8b,oracle,Oracle Evidence,diagnostic_baseline,oracle_evidence_upper_reference,True,hotpotqa,multi_hop,entity,4000,middle,low,unknown,Unbreakable,Unbreakable,p0001;p0002,p0001;p0002,True,1.0,1.0,1.0,1.0,1.0,1.0,1.0,1.0,1.0,1.0,success,
hotpotqa_5add311b5542994ed6169cc5,llama3.1:8b,no_evidence,No Evidence,diagnostic_baseline,question_only_lower_bound,True,hotpotqa,multi_hop,entity,8000,end,low,unknown,Apatosaurus,Arlo,p0001;p0002,,True,0.0,0.0,0.0,0.0,0.0,0.0,0.0,0.0,0.0,0.0,evidence_localization_failure,
hotpotqa_5add311b5542994ed6169cc5,llama3.1:8b,direct,Full Context,diagnostic_condition,full_context_condition,True,hotpotqa,multi_hop,entity,8000,end,low,unknown,Apatosaurus,Apatosaurus,p0001;p0002,p0001,True,1.0,1.0,1.0,1.0,1.0,1.0,1.0,0.5,0.6666666666666666,1.0,success,
hotpotqa_5add311b5542994ed6169cc5,llama3.1:8b,retrieve_then_read,Retrieved Evidence,diagnostic_condition,evidence_narrowed_condition,True,hotpotqa,multi_hop,entity,8000,end,low,unknown,Apatosaurus,Apatosaurus,p0001;p0002,,True,1.0,1.0,1.0,1.0,1.0,1.0,0.0,0.0,0.0,0.0,success,
hotpotqa_5add311b5542994ed6169cc5,llama3.1:8b,oracle,Oracle Evidence,diagnostic_baseline,oracle_evidence_upper_reference,True,hotpotqa,multi_hop,entity,8000,end,low,unknown,Apatosaurus,Apatosaurus,p0001;p0002,p0002,True,1.0,1.0,1.0,1.0,1.0,1.0,1.0,0.5,0.6666666666666666,1.0,success,
hotpotqa_5ae60426554299546bf83019,llama3.1:8b,no_evidence,No Evidence,diagnostic_baseline,question_only_lower_bound,True,hotpotqa,multi_hop,entity,16000,scattered,low,unknown,BraveStarr,Bravest Warriors,p0001;p0002,,True,0.0,0.0,0.0,0.0,0.0,0.0,0.0,0.0,0.0,0.0,evidence_localization_failure,
hotpotqa_5ae60426554299546bf83019,llama3.1:8b,direct,Full Context,diagnostic_condition,full_context_condition,True,hotpotqa,multi_hop,entity,16000,scattered,low,unknown,BraveStarr,BraveStarr,p0001;p0002,p0002,True,1.0,1.0,1.0,1.0,1.0,1.0,1.0,0.5,0.6666666666666666,1.0,success,
hotpotqa_5ae60426554299546bf83019,llama3.1:8b,retrieve_then_read,Retrieved Evidence,diagnostic_condition,evidence_narrowed_condition,True,hotpotqa,multi_hop,entity,16000,scattered,low,unknown,BraveStarr,BraveStarr,p0001;p0002,p0002,True,1.0,1.0,1.0,1.0,1.0,1.0,1.0,0.5,0.6666666666666666,1.0,success,
hotpotqa_5ae60426554299546bf83019,llama3.1:8b,oracle,Oracle Evidence,diagnostic_baseline,oracle_evidence_upper_reference,True,hotpotqa,multi_hop,entity,16000,scattered,low,unknown,BraveStarr,BraveStarr,p0001;p0002,p0002;p0001,True,1.0,1.0,1.0,1.0,1.0,1.0,1.0,1.0,1.0,1.0,success,
hotpotqa_5ae789615542997ec2727695,llama3.1:8b,no_evidence,No Evidence,diagnostic_baseline,question_only_lower_bound,True,hotpotqa,multi_hop,entity,4000,front,low,unknown,Martha Coolidge,Michael Rymer,p0001;p0002,,True,0.0,0.0,0.0,0.0,0.0,0.0,0.0,0.0,0.0,0.0,evidence_localization_failure,
hotpotqa_5ae789615542997ec2727695,llama3.1:8b,direct,Full Context,diagnostic_condition,full_context_condition,True,hotpotqa,multi_hop,entity,4000,front,low,unknown,Martha Coolidge,Catherine Cyran,p0001;p0002,p0007,True,0.0,0.0,0.0,0.0,0.0,0.0,0.0,0.0,0.0,0.0,evidence_selection_failure,
hotpotqa_5ae789615542997ec2727695,llama3.1:8b,retrieve_then_read,Retrieved Evidence,diagnostic_condition,evidence_narrowed_condition,True,hotpotqa,multi_hop,entity,4000,front,low,unknown,Martha Coolidge,Martha Coolidge,p0001;p0002,p0009,True,1.0,1.0,1.0,1.0,1.0,1.0,0.0,0.0,0.0,0.0,success,
hotpotqa_5ae789615542997ec2727695,llama3.1:8b,oracle,Oracle Evidence,diagnostic_baseline,oracle_evidence_upper_reference,True,hotpotqa,multi_hop,entity,4000,front,low,unknown,Martha Coolidge,Martha Coolidge,p0001;p0002,p0002,True,1.0,1.0,1.0,1.0,1.0,1.0,1.0,0.5,0.6666666666666666,1.0,success,
hotpotqa_5a7757215542993569682d58,llama3.1:8b,no_evidence,No Evidence,diagnostic_baseline,question_only_lower_bound,True,hotpotqa,multi_hop,entity,8000,middle,medium,unknown,Mr. Church,The Twilight Saga: The Eclipse,p0001;p0002;p0003,,True,0.0,0.0,0.0,0.0,0.0,0.0,0.0,0.0,0.0,0.0,evidence_localization_failure,
hotpotqa_5a7757215542993569682d58,llama3.1:8b,direct,Full Context,diagnostic_condition,full_context_condition,True,hotpotqa,multi_hop,entity,8000,middle,medium,unknown,Mr. Church,Love & Friendship,p0001;p0002;p0003,p0011,True,0.0,0.0,0.0,0.0,0.0,0.0,0.0,0.0,0.0,0.0,evidence_selection_failure,
hotpotqa_5a7757215542993569682d58,llama3.1:8b,retrieve_then_read,Retrieved Evidence,diagnostic_condition,evidence_narrowed_condition,True,hotpotqa,multi_hop,entity,8000,middle,medium,unknown,Mr. Church,The Osiris Child,p0001;p0002;p0003,,True,0.0,0.0,0.0,0.0,0.0,0.0,0.0,0.0,0.0,0.0,evidence_localization_failure,
hotpotqa_5a7757215542993569682d58,llama3.1:8b,oracle,Oracle Evidence,diagnostic_baseline,oracle_evidence_upper_reference,True,hotpotqa,multi_hop,entity,8000,middle,medium,unknown,Mr. Church,Mr. Church,p0001;p0002;p0003,p0002;p0003,True,1.0,1.0,1.0,1.0,1.0,1.0,1.0,0.6666666666666666,0.8,1.0,success,
hotpotqa_5a81ff62554299676cceb1c4,llama3.1:8b,no_evidence,No Evidence,diagnostic_baseline,question_only_lower_bound,True,hotpotqa,multi_hop,string,16000,end,low,unknown,director,Lawyer,p0001;p0002,,True,0.0,0.0,0.0,0.0,0.0,0.0,0.0,0.0,0.0,0.0,evidence_localization_failure,
hotpotqa_5a81ff62554299676cceb1c4,llama3.1:8b,direct,Full Context,diagnostic_condition,full_context_condition,True,hotpotqa,multi_hop,string,16000,end,low,unknown,director,Film director,p0001;p0002,p0001;p0002,True,0.0,0.6666666666666666,0.0,0.6666666666666666,0.0,0.6666666666666666,1.0,1.0,1.0,1.0,answer_conversion_failure,
hotpotqa_5a81ff62554299676cceb1c4,llama3.1:8b,retrieve_then_read,Retrieved Evidence,diagnostic_condition,evidence_narrowed_condition,True,hotpotqa,multi_hop,string,16000,end,low,unknown,director,Film director,p0001;p0002,p0001;p0002,True,0.0,0.6666666666666666,0.0,0.6666666666666666,0.0,0.6666666666666666,1.0,1.0,1.0,1.0,answer_conversion_failure,
hotpotqa_5a81ff62554299676cceb1c4,llama3.1:8b,oracle,Oracle Evidence,diagnostic_baseline,oracle_evidence_upper_reference,True,hotpotqa,multi_hop,string,16000,end,low,unknown,director,Film director,p0001;p0002,p0002;p0001,True,0.0,0.6666666666666666,0.0,0.6666666666666666,0.0,0.6666666666666666,1.0,1.0,1.0,1.0,answer_conversion_failure,
hotpotqa_5ac52fc35542994611c8b403,llama3.1:8b,no_evidence,No Evidence,diagnostic_baseline,question_only_lower_bound,True,hotpotqa,multi_hop,entity,4000,scattered,medium,unknown,The Catholic Church in Ireland,Catholic,p0001;p0002;p0003,,True,0.0,0.4,0.0,0.4,0.0,0.4,0.0,0.0,0.0,0.0,evidence_localization_failure,
hotpotqa_5ac52fc35542994611c8b403,llama3.1:8b,direct,Full Context,diagnostic_condition,full_context_condition,True,hotpotqa,multi_hop,entity,4000,scattered,medium,unknown,The Catholic Church in Ireland,The Catholic Church,p0001;p0002;p0003,p0002,True,0.0,0.6666666666666666,0.0,0.6666666666666666,0.0,0.6666666666666666,1.0,0.3333333333333333,0.5,1.0,evidence_integration_failure,
hotpotqa_5ac52fc35542994611c8b403,llama3.1:8b,retrieve_then_read,Retrieved Evidence,diagnostic_condition,evidence_narrowed_condition,True,hotpotqa,multi_hop,entity,4000,scattered,medium,unknown,The Catholic Church in Ireland,Catholic Church,p0001;p0002;p0003,p0003,True,0.0,0.6666666666666666,0.0,0.6666666666666666,0.0,0.6666666666666666,1.0,0.3333333333333333,0.5,1.0,evidence_integration_failure,
hotpotqa_5ac52fc35542994611c8b403,llama3.1:8b,oracle,Oracle Evidence,diagnostic_baseline,oracle_evidence_upper_reference,True,hotpotqa,multi_hop,entity,4000,scattered,medium,unknown,The Catholic Church in Ireland,Catholic Church,p0001;p0002;p0003,p0003,True,0.0,0.6666666666666666,0.0,0.6666666666666666,0.0,0.6666666666666666,1.0,0.3333333333333333,0.5,1.0,evidence_integration_failure,
hotpotqa_5adda7585542997dc790700c,llama3.1:8b,no_evidence,No Evidence,diagnostic_baseline,question_only_lower_bound,True,hotpotqa,multi_hop,entity,8000,front,medium,unknown,"Edmonton, Alberta",New York,p0001;p0002;p0003;p0004,,True,0.0,0.0,0.0,0.0,0.0,0.0,0.0,0.0,0.0,0.0,evidence_localization_failure,
hotpotqa_5adda7585542997dc790700c,llama3.1:8b,direct,Full Context,diagnostic_condition,full_context_condition,True,hotpotqa,multi_hop,entity,8000,front,medium,unknown,"Edmonton, Alberta","Edmonton, Alberta",p0001;p0002;p0003;p0004,,True,1.0,1.0,1.0,1.0,1.0,1.0,0.0,0.0,0.0,0.0,success,
hotpotqa_5adda7585542997dc790700c,llama3.1:8b,retrieve_then_read,Retrieved Evidence,diagnostic_condition,evidence_narrowed_condition,True,hotpotqa,multi_hop,entity,8000,front,medium,unknown,"Edmonton, Alberta","Edmonton, Alberta",p0001;p0002;p0003;p0004,p0002,True,1.0,1.0,1.0,1.0,1.0,1.0,1.0,0.25,0.4,1.0,success,
hotpotqa_5adda7585542997dc790700c,llama3.1:8b,oracle,Oracle Evidence,diagnostic_baseline,oracle_evidence_upper_reference,True,hotpotqa,multi_hop,entity,8000,front,medium,unknown,"Edmonton, Alberta","Edmonton, Alberta",p0001;p0002;p0003;p0004,p0002;p0003,True,1.0,1.0,1.0,1.0,1.0,1.0,1.0,0.5,0.6666666666666666,1.0,success,
hotpotqa_5adf043b5542993a75d263d4,llama3.1:8b,no_evidence,No Evidence,diagnostic_baseline,question_only_lower_bound,True,hotpotqa,multi_hop,entity,16000,middle,low,unknown,Charles Joseph,Rush Limbaugh,p0001;p0002,,True,0.0,0.0,0.0,0.0,0.0,0.0,0.0,0.0,0.0,0.0,evidence_localization_failure,
hotpotqa_5adf043b5542993a75d263d4,llama3.1:8b,direct,Full Context,diagnostic_condition,full_context_condition,True,hotpotqa,multi_hop,entity,16000,middle,low,unknown,Charles Joseph,Joe Scarborough,p0001;p0002,p0001,True,0.0,0.0,0.0,0.0,0.0,0.0,1.0,0.5,0.6666666666666666,1.0,evidence_integration_failure,
hotpotqa_5adf043b5542993a75d263d4,llama3.1:8b,retrieve_then_read,Retrieved Evidence,diagnostic_condition,evidence_narrowed_condition,True,hotpotqa,multi_hop,entity,16000,middle,low,unknown,Charles Joseph,Joe Scarborough,p0001;p0002,p0001,True,0.0,0.0,0.0,0.0,0.0,0.0,1.0,0.5,0.6666666666666666,1.0,evidence_integration_failure,
hotpotqa_5adf043b5542993a75d263d4,llama3.1:8b,oracle,Oracle Evidence,diagnostic_baseline,oracle_evidence_upper_reference,True,hotpotqa,multi_hop,entity,16000,middle,low,unknown,Charles Joseph,Joe Scarborough,p0001;p0002,p0002;p0001,True,0.0,0.0,0.0,0.0,0.0,0.0,1.0,1.0,1.0,1.0,answer_conversion_failure,
hotpotqa_5ae0038655429925eb1afbe0,llama3.1:8b,no_evidence,No Evidence,diagnostic_baseline,question_only_lower_bound,True,hotpotqa,comparison,entity,4000,end,low,unknown,Tea Moderna,Tea Moderna,p0001;p0002,,True,1.0,1.0,1.0,1.0,1.0,1.0,0.0,0.0,0.0,0.0,success,
hotpotqa_5ae0038655429925eb1afbe0,llama3.1:8b,direct,Full Context,diagnostic_condition,full_context_condition,True,hotpotqa,comparison,entity,4000,end,low,unknown,Tea Moderna,Hänt Extra,p0001;p0002,p0001,True,0.0,0.0,0.0,0.0,0.0,0.0,1.0,0.5,0.6666666666666666,1.0,evidence_integration_failure,
hotpotqa_5ae0038655429925eb1afbe0,llama3.1:8b,retrieve_then_read,Retrieved Evidence,diagnostic_condition,evidence_narrowed_condition,True,hotpotqa,comparison,entity,4000,end,low,unknown,Tea Moderna,Tea Moderna,p0001;p0002,p0002,True,1.0,1.0,1.0,1.0,1.0,1.0,1.0,0.5,0.6666666666666666,1.0,success,
hotpotqa_5ae0038655429925eb1afbe0,llama3.1:8b,oracle,Oracle Evidence,diagnostic_baseline,oracle_evidence_upper_reference,True,hotpotqa,comparison,entity,4000,end,low,unknown,Tea Moderna,Tea Moderna,p0001;p0002,p0002,True,1.0,1.0,1.0,1.0,1.0,1.0,1.0,0.5,0.6666666666666666,1.0,success,
hotpotqa_5a73977d554299623ed4ac08,llama3.1:8b,no_evidence,No Evidence,diagnostic_baseline,question_only_lower_bound,True,hotpotqa,comparison,entity,8000,scattered,low,unknown,Armenian,Armenia,p0001;p0002,,True,0.0,0.0,0.0,0.0,0.0,0.0,0.0,0.0,0.0,0.0,evidence_localization_failure,
hotpotqa_5a73977d554299623ed4ac08,llama3.1:8b,direct,Full Context,diagnostic_condition,full_context_condition,True,hotpotqa,comparison,entity,8000,scattered,low,unknown,Armenian,Armenian,p0001;p0002,,True,1.0,1.0,1.0,1.0,1.0,1.0,0.0,0.0,0.0,0.0,success,
hotpotqa_5a73977d554299623ed4ac08,llama3.1:8b,retrieve_then_read,Retrieved Evidence,diagnostic_condition,evidence_narrowed_condition,True,hotpotqa,comparison,entity,8000,scattered,low,unknown,Armenian,India,p0001;p0002,,True,0.0,0.0,0.0,0.0,0.0,0.0,0.0,0.0,0.0,0.0,evidence_localization_failure,
hotpotqa_5a73977d554299623ed4ac08,llama3.1:8b,oracle,Oracle Evidence,diagnostic_baseline,oracle_evidence_upper_reference,True,hotpotqa,comparison,entity,8000,scattered,low,unknown,Armenian,Armenian,p0001;p0002,p0001;p0002,True,1.0,1.0,1.0,1.0,1.0,1.0,1.0,1.0,1.0,1.0,success,
hotpotqa_5ac2a399554299218029dada,llama3.1:8b,no_evidence,No Evidence,diagnostic_baseline,question_only_lower_bound,True,hotpotqa,multi_hop,entity,16000,front,low,unknown,Kathleen O'Brien,Warren Robinett,p0001;p0002,,True,0.0,0.0,0.0,0.0,0.0,0.0,0.0,0.0,0.0,0.0,evidence_localization_failure,
hotpotqa_5ac2a399554299218029dada,llama3.1:8b,direct,Full Context,diagnostic_condition,full_context_condition,True,hotpotqa,multi_hop,entity,16000,front,low,unknown,Kathleen O'Brien,Kathleen O'Brien,p0001;p0002,p0001,True,1.0,1.0,1.0,1.0,1.0,1.0,1.0,0.5,0.6666666666666666,1.0,success,
hotpotqa_5ac2a399554299218029dada,llama3.1:8b,retrieve_then_read,Retrieved Evidence,diagnostic_condition,evidence_narrowed_condition,True,hotpotqa,multi_hop,entity,16000,front,low,unknown,Kathleen O'Brien,Kathleen O'Brien,p0001;p0002,p0002,True,1.0,1.0,1.0,1.0,1.0,1.0,1.0,0.5,0.6666666666666666,1.0,success,
hotpotqa_5ac2a399554299218029dada,llama3.1:8b,oracle,Oracle Evidence,diagnostic_baseline,oracle_evidence_upper_reference,True,hotpotqa,multi_hop,entity,16000,front,low,unknown,Kathleen O'Brien,Kathleen O'Brien,p0001;p0002,p0001;p0002,True,1.0,1.0,1.0,1.0,1.0,1.0,1.0,1.0,1.0,1.0,success,
hotpotqa_5ae0f6f5554299422ee99583,llama3.1:8b,no_evidence,No Evidence,diagnostic_baseline,question_only_lower_bound,True,hotpotqa,multi_hop,entity,4000,middle,low,unknown,Warner Bros,Warner Bros.,p0001;p0002,,True,1.0,1.0,1.0,1.0,1.0,1.0,0.0,0.0,0.0,0.0,success,
hotpotqa_5ae0f6f5554299422ee99583,llama3.1:8b,direct,Full Context,diagnostic_condition,full_context_condition,True,hotpotqa,multi_hop,entity,4000,middle,low,unknown,Warner Bros,Warner Bros.,p0001;p0002,p0002,True,1.0,1.0,1.0,1.0,1.0,1.0,1.0,0.5,0.6666666666666666,1.0,success,
hotpotqa_5ae0f6f5554299422ee99583,llama3.1:8b,retrieve_then_read,Retrieved Evidence,diagnostic_condition,evidence_narrowed_condition,True,hotpotqa,multi_hop,entity,4000,middle,low,unknown,Warner Bros,,p0001;p0002,,True,0.0,0.0,0.0,0.0,0.0,0.0,0.0,0.0,0.0,0.0,evidence_localization_failure,json_object_not_found
hotpotqa_5ae0f6f5554299422ee99583,llama3.1:8b,oracle,Oracle Evidence,diagnostic_baseline,oracle_evidence_upper_reference,True,hotpotqa,multi_hop,entity,4000,middle,low,unknown,Warner Bros,Warner Bros,p0001;p0002,p0002,True,1.0,1.0,1.0,1.0,1.0,1.0,1.0,0.5,0.6666666666666666,1.0,success,
hotpotqa_5ae5b301554299546bf82f2d,llama3.1:8b,no_evidence,No Evidence,diagnostic_baseline,question_only_lower_bound,True,hotpotqa,multi_hop,string,8000,end,low,unknown,zona glomerulosa,Aldosterone,p0001;p0002,,True,0.0,0.0,0.0,0.0,0.0,0.0,0.0,0.0,0.0,0.0,evidence_localization_failure,
hotpotqa_5ae5b301554299546bf82f2d,llama3.1:8b,direct,Full Context,diagnostic_condition,full_context_condition,True,hotpotqa,multi_hop,string,8000,end,low,unknown,zona glomerulosa,Aldosterone,p0001;p0002,p0001,True,0.0,0.0,0.0,0.0,0.0,0.0,1.0,0.5,0.6666666666666666,1.0,evidence_integration_failure,
hotpotqa_5ae5b301554299546bf82f2d,llama3.1:8b,retrieve_then_read,Retrieved Evidence,diagnostic_condition,evidence_narrowed_condition,True,hotpotqa,multi_hop,string,8000,end,low,unknown,zona glomerulosa,Aldosterone,p0001;p0002,p0002,True,0.0,0.0,0.0,0.0,0.0,0.0,1.0,0.5,0.6666666666666666,1.0,evidence_integration_failure,
hotpotqa_5ae5b301554299546bf82f2d,llama3.1:8b,oracle,Oracle Evidence,diagnostic_baseline,oracle_evidence_upper_reference,True,hotpotqa,multi_hop,string,8000,end,low,unknown,zona glomerulosa,Aldosterone,p0001;p0002,p0002;p0001,True,0.0,0.0,0.0,0.0,0.0,0.0,1.0,1.0,1.0,1.0,answer_conversion_failure,
hotpotqa_5ab1eac95542993be8fa987f,llama3.1:8b,no_evidence,No Evidence,diagnostic_baseline,question_only_lower_bound,True,hotpotqa,multi_hop,number,16000,scattered,low,unknown,33,435,p0001;p0002,,True,0.0,0.0,0.0,0.0,0.0,0.0,0.0,0.0,0.0,0.0,evidence_localization_failure,
hotpotqa_5ab1eac95542993be8fa987f,llama3.1:8b,direct,Full Context,diagnostic_condition,full_context_condition,True,hotpotqa,multi_hop,number,16000,scattered,low,unknown,33,435,p0001;p0002,,True,0.0,0.0,0.0,0.0,0.0,0.0,0.0,0.0,0.0,0.0,evidence_localization_failure,
hotpotqa_5ab1eac95542993be8fa987f,llama3.1:8b,retrieve_then_read,Retrieved Evidence,diagnostic_condition,evidence_narrowed_condition,True,hotpotqa,multi_hop,number,16000,scattered,low,unknown,33,35,p0001;p0002,,True,0.0,0.0,0.0,0.0,0.0,0.0,0.0,0.0,0.0,0.0,evidence_localization_failure,
hotpotqa_5ab1eac95542993be8fa987f,llama3.1:8b,oracle,Oracle Evidence,diagnostic_baseline,oracle_evidence_upper_reference,True,hotpotqa,multi_hop,number,16000,scattered,low,unknown,33,33,p0001;p0002,p0002,True,1.0,1.0,1.0,1.0,1.0,1.0,1.0,0.5,0.6666666666666666,1.0,success,
hotpotqa_5ae15e125542990adbacf773,llama3.1:8b,no_evidence,No Evidence,diagnostic_baseline,question_only_lower_bound,True,hotpotqa,comparison,entity,4000,front,low,unknown,Mississippi University for Women,Berghuis v. Thompkins,p0001;p0002,,True,0.0,0.0,0.0,0.0,0.0,0.0,0.0,0.0,0.0,0.0,evidence_localization_failure,
hotpotqa_5ae15e125542990adbacf773,llama3.1:8b,direct,Full Context,diagnostic_condition,full_context_condition,True,hotpotqa,comparison,entity,4000,front,low,unknown,Mississippi University for Women,Mississippi University for Women v. Hogan,p0001;p0002,p0002,True,0.0,0.8,0.0,0.8,0.0,0.8,1.0,0.5,0.6666666666666666,1.0,evidence_integration_failure,
hotpotqa_5ae15e125542990adbacf773,llama3.1:8b,retrieve_then_read,Retrieved Evidence,diagnostic_condition,evidence_narrowed_condition,True,hotpotqa,comparison,entity,4000,front,low,unknown,Mississippi University for Women,Mississippi University for Women v. Hogan,p0001;p0002,p0002,True,0.0,0.8,0.0,0.8,0.0,0.8,1.0,0.5,0.6666666666666666,1.0,evidence_integration_failure,
hotpotqa_5ae15e125542990adbacf773,llama3.1:8b,oracle,Oracle Evidence,diagnostic_baseline,oracle_evidence_upper_reference,True,hotpotqa,comparison,entity,4000,front,low,unknown,Mississippi University for Women,Berghuis v. Thompkins,p0001;p0002,p0002,True,0.0,0.0,0.0,0.0,0.0,0.0,1.0,0.5,0.6666666666666666,1.0,evidence_integration_failure,
hotpotqa_5ab47cd75542991751b4d78d,llama3.1:8b,no_evidence,No Evidence,diagnostic_baseline,question_only_lower_bound,True,hotpotqa,multi_hop,number,8000,middle,low,unknown,2002,2013,p0001;p0002,,True,0.0,0.0,0.0,0.0,0.0,0.0,0.0,0.0,0.0,0.0,evidence_localization_failure,
hotpotqa_5ab47cd75542991751b4d78d,llama3.1:8b,direct,Full Context,diagnostic_condition,full_context_condition,True,hotpotqa,multi_hop,number,8000,middle,low,unknown,2002,2002,p0001;p0002,p0001,True,1.0,1.0,1.0,1.0,1.0,1.0,1.0,0.5,0.6666666666666666,1.0,success,
hotpotqa_5ab47cd75542991751b4d78d,llama3.1:8b,retrieve_then_read,Retrieved Evidence,diagnostic_condition,evidence_narrowed_condition,True,hotpotqa,multi_hop,number,8000,middle,low,unknown,2002,2002,p0001;p0002,p0002,True,1.0,1.0,1.0,1.0,1.0,1.0,1.0,0.5,0.6666666666666666,1.0,success,
hotpotqa_5ab47cd75542991751b4d78d,llama3.1:8b,oracle,Oracle Evidence,diagnostic_baseline,oracle_evidence_upper_reference,True,hotpotqa,multi_hop,number,8000,middle,low,unknown,2002,2002,p0001;p0002,p0002,True,1.0,1.0,1.0,1.0,1.0,1.0,1.0,0.5,0.6666666666666666,1.0,success,
hotpotqa_5a7b374c5542995eb53be8cc,llama3.1:8b,no_evidence,No Evidence,diagnostic_baseline,question_only_lower_bound,True,hotpotqa,multi_hop,entity,16000,end,medium,unknown,"New York City, New York",New York,p0001;p0002;p0003,,True,0.0,0.5714285714285715,0.0,0.5714285714285715,0.0,0.5714285714285715,0.0,0.0,0.0,0.0,evidence_localization_failure,
hotpotqa_5a7b374c5542995eb53be8cc,llama3.1:8b,direct,Full Context,diagnostic_condition,full_context_condition,True,hotpotqa,multi_hop,entity,16000,end,medium,unknown,"New York City, New York",New York City,p0001;p0002;p0003,p0001,True,0.0,0.7499999999999999,0.0,0.7499999999999999,0.0,0.7499999999999999,1.0,0.3333333333333333,0.5,1.0,evidence_integration_failure,
hotpotqa_5a7b374c5542995eb53be8cc,llama3.1:8b,retrieve_then_read,Retrieved Evidence,diagnostic_condition,evidence_narrowed_condition,True,hotpotqa,multi_hop,entity,16000,end,medium,unknown,"New York City, New York",New York,p0001;p0002;p0003,p0002,True,0.0,0.5714285714285715,0.0,0.5714285714285715,0.0,0.5714285714285715,1.0,0.3333333333333333,0.5,1.0,evidence_integration_failure,
hotpotqa_5a7b374c5542995eb53be8cc,llama3.1:8b,oracle,Oracle Evidence,diagnostic_baseline,oracle_evidence_upper_reference,True,hotpotqa,multi_hop,entity,16000,end,medium,unknown,"New York City, New York",New York City,p0001;p0002;p0003,p0001;p0003,True,0.0,0.7499999999999999,0.0,0.7499999999999999,0.0,0.7499999999999999,1.0,0.6666666666666666,0.8,1.0,evidence_integration_failure,
hotpotqa_5ab58f9a554299488d4d99da,llama3.1:8b,no_evidence,No Evidence,diagnostic_baseline,question_only_lower_bound,True,hotpotqa,multi_hop,entity,4000,scattered,low,unknown,22 November,Dorothea Jordan,p0001;p0002,,True,0.0,0.0,0.0,0.0,0.0,0.0,0.0,0.0,0.0,0.0,evidence_localization_failure,
hotpotqa_5ab58f9a554299488d4d99da,llama3.1:8b,direct,Full Context,diagnostic_condition,full_context_condition,True,hotpotqa,multi_hop,entity,4000,scattered,low,unknown,22 November,22 November,p0001;p0002,p0002,True,1.0,1.0,1.0,1.0,1.0,1.0,1.0,0.5,0.6666666666666666,1.0,success,
hotpotqa_5ab58f9a554299488d4d99da,llama3.1:8b,retrieve_then_read,Retrieved Evidence,diagnostic_condition,evidence_narrowed_condition,True,hotpotqa,multi_hop,entity,4000,scattered,low,unknown,22 November,22 November 1761,p0001;p0002,p0002,True,0.0,0.8,0.0,0.8,0.0,0.8,1.0,0.5,0.6666666666666666,1.0,evidence_integration_failure,
hotpotqa_5ab58f9a554299488d4d99da,llama3.1:8b,oracle,Oracle Evidence,diagnostic_baseline,oracle_evidence_upper_reference,True,hotpotqa,multi_hop,entity,4000,scattered,low,unknown,22 November,22 November,p0001;p0002,p0002,True,1.0,1.0,1.0,1.0,1.0,1.0,1.0,0.5,0.6666666666666666,1.0,success,
hotpotqa_5a7ad9865542995eb53be8aa,llama3.1:8b,no_evidence,No Evidence,diagnostic_baseline,question_only_lower_bound,True,hotpotqa,multi_hop,entity,8000,front,medium,unknown,Honda Ballade,Prelude,p0001;p0002;p0003;p0004,,True,0.0,0.0,0.0,0.0,0.0,0.0,0.0,0.0,0.0,0.0,evidence_localization_failure,
hotpotqa_5a7ad9865542995eb53be8aa,llama3.1:8b,direct,Full Context,diagnostic_condition,full_context_condition,True,hotpotqa,multi_hop,entity,8000,front,medium,unknown,Honda Ballade,CR-X,p0001;p0002;p0003;p0004,,True,0.0,0.0,0.0,0.0,0.0,0.0,0.0,0.0,0.0,0.0,evidence_localization_failure,
hotpotqa_5a7ad9865542995eb53be8aa,llama3.1:8b,retrieve_then_read,Retrieved Evidence,diagnostic_condition,evidence_narrowed_condition,True,hotpotqa,multi_hop,entity,8000,front,medium,unknown,Honda Ballade,Honda Rafaga,p0001;p0002;p0003;p0004,,True,0.0,0.5,0.0,0.5,0.0,0.5,0.0,0.0,0.0,0.0,evidence_localization_failure,
hotpotqa_5a7ad9865542995eb53be8aa,llama3.1:8b,oracle,Oracle Evidence,diagnostic_baseline,oracle_evidence_upper_reference,True,hotpotqa,multi_hop,entity,8000,front,medium,unknown,Honda Ballade,Vigor,p0001;p0002;p0003;p0004,p0002,True,0.0,0.0,0.0,0.0,0.0,0.0,1.0,0.25,0.4,1.0,evidence_integration_failure,
hotpotqa_5ae1fa2b5542997f29b3c1df,llama3.1:8b,no_evidence,No Evidence,diagnostic_baseline,question_only_lower_bound,True,hotpotqa,multi_hop,entity,16000,middle,low,unknown,Eminem,Travis Scott,p0001;p0002,,True,0.0,0.0,0.0,0.0,0.0,0.0,0.0,0.0,0.0,0.0,evidence_localization_failure,
hotpotqa_5ae1fa2b5542997f29b3c1df,llama3.1:8b,direct,Full Context,diagnostic_condition,full_context_condition,True,hotpotqa,multi_hop,entity,16000,middle,low,unknown,Eminem,Eminem,p0001;p0002,p0001,True,1.0,1.0,1.0,1.0,1.0,1.0,1.0,0.5,0.6666666666666666,1.0,success,
hotpotqa_5ae1fa2b5542997f29b3c1df,llama3.1:8b,retrieve_then_read,Retrieved Evidence,diagnostic_condition,evidence_narrowed_condition,True,hotpotqa,multi_hop,entity,16000,middle,low,unknown,Eminem,Eminem,p0001;p0002,p0002,True,1.0,1.0,1.0,1.0,1.0,1.0,1.0,0.5,0.6666666666666666,1.0,success,
hotpotqa_5ae1fa2b5542997f29b3c1df,llama3.1:8b,oracle,Oracle Evidence,diagnostic_baseline,oracle_evidence_upper_reference,True,hotpotqa,multi_hop,entity,16000,middle,low,unknown,Eminem,Eminem,p0001;p0002,p0001,True,1.0,1.0,1.0,1.0,1.0,1.0,1.0,0.5,0.6666666666666666,1.0,success,
hotpotqa_5ae650fb55429929b0807b2e,llama3.1:8b,no_evidence,No Evidence,diagnostic_baseline,question_only_lower_bound,True,hotpotqa,multi_hop,string,4000,end,medium,unknown,people working in film and the performing arts,Latinos,p0001;p0002;p0003,,True,0.0,0.0,0.0,0.0,0.0,0.0,0.0,0.0,0.0,0.0,evidence_localization_failure,
hotpotqa_5ae650fb55429929b0807b2e,llama3.1:8b,direct,Full Context,diagnostic_condition,full_context_condition,True,hotpotqa,multi_hop,string,4000,end,medium,unknown,people working in film and the performing arts,people working in film and the performing arts,p0001;p0002;p0003,p0002;p0003,True,1.0,1.0,1.0,1.0,1.0,1.0,1.0,0.6666666666666666,0.8,1.0,success,
hotpotqa_5ae650fb55429929b0807b2e,llama3.1:8b,retrieve_then_read,Retrieved Evidence,diagnostic_condition,evidence_narrowed_condition,True,hotpotqa,multi_hop,string,4000,end,medium,unknown,people working in film and the performing arts,thought influencers and cultural leaders of all genders,p0001;p0002;p0003,,True,0.0,0.13333333333333333,0.0,0.13333333333333333,0.0,0.13333333333333333,0.0,0.0,0.0,0.0,evidence_localization_failure,
hotpotqa_5ae650fb55429929b0807b2e,llama3.1:8b,oracle,Oracle Evidence,diagnostic_baseline,oracle_evidence_upper_reference,True,hotpotqa,multi_hop,string,4000,end,medium,unknown,people working in film and the performing arts,people working in film and the performing arts,p0001;p0002;p0003,p0003;p0002,True,1.0,1.0,1.0,1.0,1.0,1.0,1.0,0.6666666666666666,0.8,1.0,success,
hotpotqa_5ae0d7315542990adbacf678,llama3.1:8b,no_evidence,No Evidence,diagnostic_baseline,question_only_lower_bound,True,hotpotqa,multi_hop,entity,8000,scattered,low,unknown,Toshi Ichiyanagi,Takehisa Kosugi,p0001;p0002,,True,0.0,0.0,0.0,0.0,0.0,0.0,0.0,0.0,0.0,0.0,evidence_localization_failure,
hotpotqa_5ae0d7315542990adbacf678,llama3.1:8b,direct,Full Context,diagnostic_condition,full_context_condition,True,hotpotqa,multi_hop,entity,8000,scattered,low,unknown,Toshi Ichiyanagi,Toshi Ichiyanagi,p0001;p0002,p0001,True,1.0,1.0,1.0,1.0,1.0,1.0,1.0,0.5,0.6666666666666666,1.0,success,
hotpotqa_5ae0d7315542990adbacf678,llama3.1:8b,retrieve_then_read,Retrieved Evidence,diagnostic_condition,evidence_narrowed_condition,True,hotpotqa,multi_hop,entity,8000,scattered,low,unknown,Toshi Ichiyanagi,Toshi Ichiyanagi,p0001;p0002,p0001,True,1.0,1.0,1.0,1.0,1.0,1.0,1.0,0.5,0.6666666666666666,1.0,success,
hotpotqa_5ae0d7315542990adbacf678,llama3.1:8b,oracle,Oracle Evidence,diagnostic_baseline,oracle_evidence_upper_reference,True,hotpotqa,multi_hop,entity,8000,scattered,low,unknown,Toshi Ichiyanagi,Toshi Ichiyanagi,p0001;p0002,p0002;p0001,True,1.0,1.0,1.0,1.0,1.0,1.0,1.0,1.0,1.0,1.0,success,
hotpotqa_5abdd08d5542991f6610604c,llama3.1:8b,no_evidence,No Evidence,diagnostic_baseline,question_only_lower_bound,True,hotpotqa,multi_hop,string,16000,front,low,unknown,Guardians of the Galaxy Vol. 2,Guardians of the Galaxy,p0001;p0002,,True,0.0,0.7499999999999999,0.0,0.7499999999999999,0.0,0.7499999999999999,0.0,0.0,0.0,0.0,evidence_localization_failure,
hotpotqa_5abdd08d5542991f6610604c,llama3.1:8b,direct,Full Context,diagnostic_condition,full_context_condition,True,hotpotqa,multi_hop,string,16000,front,low,unknown,Guardians of the Galaxy Vol. 2,Guardians of the Galaxy,p0001;p0002,p0003,True,0.0,0.7499999999999999,0.0,0.7499999999999999,0.0,0.7499999999999999,0.0,0.0,0.0,0.0,evidence_selection_failure,
hotpotqa_5abdd08d5542991f6610604c,llama3.1:8b,retrieve_then_read,Retrieved Evidence,diagnostic_condition,evidence_narrowed_condition,True,hotpotqa,multi_hop,string,16000,front,low,unknown,Guardians of the Galaxy Vol. 2,Guardians of the Galaxy,p0001;p0002,,True,0.0,0.7499999999999999,0.0,0.7499999999999999,0.0,0.7499999999999999,0.0,0.0,0.0,0.0,evidence_localization_failure,
hotpotqa_5abdd08d5542991f6610604c,llama3.1:8b,oracle,Oracle Evidence,diagnostic_baseline,oracle_evidence_upper_reference,True,hotpotqa,multi_hop,string,16000,front,low,unknown,Guardians of the Galaxy Vol. 2,Guardians of the Galaxy Vol. 2,p0001;p0002,p0002,True,1.0,1.0,1.0,1.0,1.0,1.0,1.0,0.5,0.6666666666666666,1.0,success,
hotpotqa_5ade190f55429975fa854e40,llama3.1:8b,no_evidence,No Evidence,diagnostic_baseline,question_only_lower_bound,True,hotpotqa,multi_hop,entity,4000,middle,low,unknown,The sponsorship scandal,sponsorship scandal,p0001;p0002,,True,1.0,1.0,1.0,1.0,1.0,1.0,0.0,0.0,0.0,0.0,success,
hotpotqa_5ade190f55429975fa854e40,llama3.1:8b,direct,Full Context,diagnostic_condition,full_context_condition,True,hotpotqa,multi_hop,entity,4000,middle,low,unknown,The sponsorship scandal,AdScam,p0001;p0002,p0001,True,0.0,0.0,0.0,0.0,0.0,0.0,1.0,0.5,0.6666666666666666,1.0,evidence_integration_failure,
hotpotqa_5ade190f55429975fa854e40,llama3.1:8b,retrieve_then_read,Retrieved Evidence,diagnostic_condition,evidence_narrowed_condition,True,hotpotqa,multi_hop,entity,4000,middle,low,unknown,The sponsorship scandal,AdScam,p0001;p0002,p0002,True,0.0,0.0,0.0,0.0,0.0,0.0,1.0,0.5,0.6666666666666666,1.0,evidence_integration_failure,
hotpotqa_5ade190f55429975fa854e40,llama3.1:8b,oracle,Oracle Evidence,diagnostic_baseline,oracle_evidence_upper_reference,True,hotpotqa,multi_hop,entity,4000,middle,low,unknown,The sponsorship scandal,AdScam,p0001;p0002,p0001,True,0.0,0.0,0.0,0.0,0.0,0.0,1.0,0.5,0.6666666666666666,1.0,evidence_integration_failure,
hotpotqa_5abd12bb55429933744ab703,llama3.1:8b,no_evidence,No Evidence,diagnostic_baseline,question_only_lower_bound,True,hotpotqa,multi_hop,entity,8000,end,low,unknown,Mount Everest,Everest,p0001;p0002,,True,0.0,0.6666666666666666,0.0,0.6666666666666666,0.0,0.6666666666666666,0.0,0.0,0.0,0.0,evidence_localization_failure,
hotpotqa_5abd12bb55429933744ab703,llama3.1:8b,direct,Full Context,diagnostic_condition,full_context_condition,True,hotpotqa,multi_hop,entity,8000,end,low,unknown,Mount Everest,Everest,p0001;p0002,p0001,True,0.0,0.6666666666666666,0.0,0.6666666666666666,0.0,0.6666666666666666,1.0,0.5,0.6666666666666666,1.0,evidence_integration_failure,
hotpotqa_5abd12bb55429933744ab703,llama3.1:8b,retrieve_then_read,Retrieved Evidence,diagnostic_condition,evidence_narrowed_condition,True,hotpotqa,multi_hop,entity,8000,end,low,unknown,Mount Everest,Everest,p0001;p0002,p0002;p0001,True,0.0,0.6666666666666666,0.0,0.6666666666666666,0.0,0.6666666666666666,1.0,1.0,1.0,1.0,answer_conversion_failure,
hotpotqa_5abd12bb55429933744ab703,llama3.1:8b,oracle,Oracle Evidence,diagnostic_baseline,oracle_evidence_upper_reference,True,hotpotqa,multi_hop,entity,8000,end,low,unknown,Mount Everest,Everest,p0001;p0002,p0002;p0001,True,0.0,0.6666666666666666,0.0,0.6666666666666666,0.0,0.6666666666666666,1.0,1.0,1.0,1.0,answer_conversion_failure,
hotpotqa_5a8ba59a554299240d9c2058,llama3.1:8b,no_evidence,No Evidence,diagnostic_baseline,question_only_lower_bound,True,hotpotqa,multi_hop,number,16000,scattered,low,unknown,1999,1943,p0001;p0002,,True,0.0,0.0,0.0,0.0,0.0,0.0,0.0,0.0,0.0,0.0,evidence_localization_failure,
hotpotqa_5a8ba59a554299240d9c2058,llama3.1:8b,direct,Full Context,diagnostic_condition,full_context_condition,True,hotpotqa,multi_hop,number,16000,scattered,low,unknown,1999,1929,p0001;p0002,,True,0.0,0.0,0.0,0.0,0.0,0.0,0.0,0.0,0.0,0.0,evidence_localization_failure,
hotpotqa_5a8ba59a554299240d9c2058,llama3.1:8b,retrieve_then_read,Retrieved Evidence,diagnostic_condition,evidence_narrowed_condition,True,hotpotqa,multi_hop,number,16000,scattered,low,unknown,1999,1999,p0001;p0002,p0001,True,1.0,1.0,1.0,1.0,1.0,1.0,1.0,0.5,0.6666666666666666,1.0,success,
hotpotqa_5a8ba59a554299240d9c2058,llama3.1:8b,oracle,Oracle Evidence,diagnostic_baseline,oracle_evidence_upper_reference,True,hotpotqa,multi_hop,number,16000,scattered,low,unknown,1999,1999,p0001;p0002,p0002,True,1.0,1.0,1.0,1.0,1.0,1.0,1.0,0.5,0.6666666666666666,1.0,success,
hotpotqa_5a80541d5542996402f6a4d2,llama3.1:8b,no_evidence,No Evidence,diagnostic_baseline,question_only_lower_bound,True,hotpotqa,multi_hop,number,4000,front,medium,unknown,2016,2022,p0001;p0002;p0003;p0004;p0005,,True,0.0,0.0,0.0,0.0,0.0,0.0,0.0,0.0,0.0,0.0,evidence_localization_failure,
hotpotqa_5a80541d5542996402f6a4d2,llama3.1:8b,direct,Full Context,diagnostic_condition,full_context_condition,True,hotpotqa,multi_hop,number,4000,front,medium,unknown,2016,2016,p0001;p0002;p0003;p0004;p0005,p0002,True,1.0,1.0,1.0,1.0,1.0,1.0,1.0,0.2,0.33333333333333337,1.0,success,
hotpotqa_5a80541d5542996402f6a4d2,llama3.1:8b,retrieve_then_read,Retrieved Evidence,diagnostic_condition,evidence_narrowed_condition,True,hotpotqa,multi_hop,number,4000,front,medium,unknown,2016,2015,p0001;p0002;p0003;p0004;p0005,p0004;p0005,True,0.0,0.0,0.0,0.0,0.0,0.0,1.0,0.4,0.5714285714285715,1.0,evidence_integration_failure,
hotpotqa_5a80541d5542996402f6a4d2,llama3.1:8b,oracle,Oracle Evidence,diagnostic_baseline,oracle_evidence_upper_reference,True,hotpotqa,multi_hop,number,4000,front,medium,unknown,2016,2015,p0001;p0002;p0003;p0004;p0005,p0003;p0004,True,0.0,0.0,0.0,0.0,0.0,0.0,1.0,0.4,0.5714285714285715,1.0,evidence_integration_failure,
hotpotqa_5ac279345542990b17b153b0,llama3.1:8b,no_evidence,No Evidence,diagnostic_baseline,question_only_lower_bound,True,hotpotqa,multi_hop,entity,8000,middle,low,unknown,28 January 1864,1844,p0001;p0002,,True,0.0,0.0,0.0,0.0,0.0,0.0,0.0,0.0,0.0,0.0,evidence_localization_failure,
hotpotqa_5ac279345542990b17b153b0,llama3.1:8b,direct,Full Context,diagnostic_condition,full_context_condition,True,hotpotqa,multi_hop,entity,8000,middle,low,unknown,28 January 1864,28 January 1864,p0001;p0002,p0002,True,1.0,1.0,1.0,1.0,1.0,1.0,1.0,0.5,0.6666666666666666,1.0,success,
hotpotqa_5ac279345542990b17b153b0,llama3.1:8b,retrieve_then_read,Retrieved Evidence,diagnostic_condition,evidence_narrowed_condition,True,hotpotqa,multi_hop,entity,8000,middle,low,unknown,28 January 1864,4 June 1790,p0001;p0002,p0012,True,0.0,0.0,0.0,0.0,0.0,0.0,0.0,0.0,0.0,0.0,evidence_selection_failure,
hotpotqa_5ac279345542990b17b153b0,llama3.1:8b,oracle,Oracle Evidence,diagnostic_baseline,oracle_evidence_upper_reference,True,hotpotqa,multi_hop,entity,8000,middle,low,unknown,28 January 1864,28 January 1864,p0001;p0002,p0002,True,1.0,1.0,1.0,1.0,1.0,1.0,1.0,0.5,0.6666666666666666,1.0,success,
hotpotqa_5ae5e1985542996de7b71a54,llama3.1:8b,no_evidence,No Evidence,diagnostic_baseline,question_only_lower_bound,True,hotpotqa,multi_hop,entity,16000,end,low,unknown,Archbishop of Canterbury,Cardinal,p0001;p0002,,True,0.0,0.0,0.0,0.0,0.0,0.0,0.0,0.0,0.0,0.0,evidence_localization_failure,
hotpotqa_5ae5e1985542996de7b71a54,llama3.1:8b,direct,Full Context,diagnostic_condition,full_context_condition,True,hotpotqa,multi_hop,entity,16000,end,low,unknown,Archbishop of Canterbury,Archbishop of Canterbury,p0001;p0002,p0002,True,1.0,1.0,1.0,1.0,1.0,1.0,1.0,0.5,0.6666666666666666,1.0,success,
hotpotqa_5ae5e1985542996de7b71a54,llama3.1:8b,retrieve_then_read,Retrieved Evidence,diagnostic_condition,evidence_narrowed_condition,True,hotpotqa,multi_hop,entity,16000,end,low,unknown,Archbishop of Canterbury,Archbishop of Canterbury,p0001;p0002,p0002,True,1.0,1.0,1.0,1.0,1.0,1.0,1.0,0.5,0.6666666666666666,1.0,success,
hotpotqa_5ae5e1985542996de7b71a54,llama3.1:8b,oracle,Oracle Evidence,diagnostic_baseline,oracle_evidence_upper_reference,True,hotpotqa,multi_hop,entity,16000,end,low,unknown,Archbishop of Canterbury,Archbishop of Canterbury,p0001;p0002,p0002;p0001,True,1.0,1.0,1.0,1.0,1.0,1.0,1.0,1.0,1.0,1.0,success,
hotpotqa_5a87411d5542994846c1cd37,llama3.1:8b,no_evidence,No Evidence,diagnostic_baseline,question_only_lower_bound,True,hotpotqa,multi_hop,string,4000,scattered,low,unknown,member of the Executive Council of the General Anthroposophical Society,Anthroposophical movement administrator,p0001;p0002,,True,0.0,0.18181818181818182,0.0,0.18181818181818182,0.0,0.18181818181818182,0.0,0.0,0.0,0.0,evidence_localization_failure,
hotpotqa_5a87411d5542994846c1cd37,llama3.1:8b,direct,Full Context,diagnostic_condition,full_context_condition,True,hotpotqa,multi_hop,string,4000,scattered,low,unknown,member of the Executive Council of the General Anthroposophical Society,film make-up artist,p0001;p0002,p0006,True,0.0,0.0,0.0,0.0,0.0,0.0,0.0,0.0,0.0,0.0,evidence_selection_failure,
hotpotqa_5a87411d5542994846c1cd37,llama3.1:8b,retrieve_then_read,Retrieved Evidence,diagnostic_condition,evidence_narrowed_condition,True,hotpotqa,multi_hop,string,4000,scattered,low,unknown,member of the Executive Council of the General Anthroposophical Society,film make-up artist,p0001;p0002,p0003,True,0.0,0.0,0.0,0.0,0.0,0.0,0.0,0.0,0.0,0.0,evidence_selection_failure,
hotpotqa_5a87411d5542994846c1cd37,llama3.1:8b,oracle,Oracle Evidence,diagnostic_baseline,oracle_evidence_upper_reference,True,hotpotqa,multi_hop,string,4000,scattered,low,unknown,member of the Executive Council of the General Anthroposophical Society,general secretary,p0001;p0002,p0001,True,0.0,0.2,0.0,0.2,0.0,0.2,1.0,0.5,0.6666666666666666,1.0,evidence_integration_failure,
hotpotqa_5ae3d8415542992f92d8239a,llama3.1:8b,no_evidence,No Evidence,diagnostic_baseline,question_only_lower_bound,True,hotpotqa,multi_hop,entity,8000,front,medium,unknown,high school diploma or GED,Associate's degree,p0001;p0002;p0003;p0004,,True,0.0,0.0,0.0,0.0,0.0,0.0,0.0,0.0,0.0,0.0,evidence_localization_failure,
hotpotqa_5ae3d8415542992f92d8239a,llama3.1:8b,direct,Full Context,diagnostic_condition,full_context_condition,True,hotpotqa,multi_hop,entity,8000,front,medium,unknown,high school diploma or GED,high school diploma or GED,p0001;p0002;p0003;p0004,,True,1.0,1.0,1.0,1.0,1.0,1.0,0.0,0.0,0.0,0.0,success,
hotpotqa_5ae3d8415542992f92d8239a,llama3.1:8b,retrieve_then_read,Retrieved Evidence,diagnostic_condition,evidence_narrowed_condition,True,hotpotqa,multi_hop,entity,8000,front,medium,unknown,high school diploma or GED,high school diploma,p0001;p0002;p0003;p0004,p0004,True,0.0,0.7499999999999999,0.0,0.7499999999999999,0.0,0.7499999999999999,1.0,0.25,0.4,1.0,evidence_integration_failure,
hotpotqa_5ae3d8415542992f92d8239a,llama3.1:8b,oracle,Oracle Evidence,diagnostic_baseline,oracle_evidence_upper_reference,True,hotpotqa,multi_hop,entity,8000,front,medium,unknown,high school diploma or GED,high school diploma,p0001;p0002;p0003;p0004,p0003;p0004,True,0.0,0.7499999999999999,0.0,0.7499999999999999,0.0,0.7499999999999999,1.0,0.5,0.6666666666666666,1.0,evidence_integration_failure,
hotpotqa_5a7e1ad155429965cec5ea66,llama3.1:8b,no_evidence,No Evidence,diagnostic_baseline,question_only_lower_bound,True,hotpotqa,multi_hop,string,16000,middle,low,unknown,"Nebula Award, the Philip K. Dick Award, and the Hugo Award","Philip K. Dick Award, Arthur C. Clarke Award, and John W. Campbell Memorial Award",p0001;p0002,,True,0.0,0.6086956521739131,0.0,0.6086956521739131,0.0,0.6086956521739131,0.0,0.0,0.0,0.0,evidence_localization_failure,
hotpotqa_5a7e1ad155429965cec5ea66,llama3.1:8b,direct,Full Context,diagnostic_condition,full_context_condition,True,hotpotqa,multi_hop,string,16000,middle,low,unknown,"Nebula Award, the Philip K. Dick Award, and the Hugo Award","Nebula Award, the Philip K. Dick Award, and the Hugo Award",p0001;p0002,p0001,True,1.0,1.0,1.0,1.0,1.0,1.0,1.0,0.5,0.6666666666666666,1.0,success,
hotpotqa_5a7e1ad155429965cec5ea66,llama3.1:8b,retrieve_then_read,Retrieved Evidence,diagnostic_condition,evidence_narrowed_condition,True,hotpotqa,multi_hop,string,16000,middle,low,unknown,"Nebula Award, the Philip K. Dick Award, and the Hugo Award","Nebula Award for Best Novel, the Hugo Award for Best Novel, and the Locus Award for Best Science Fiction Novel",p0001;p0002,,True,0.0,0.4444444444444444,0.0,0.4444444444444444,0.0,0.4444444444444444,0.0,0.0,0.0,0.0,evidence_localization_failure,
hotpotqa_5a7e1ad155429965cec5ea66,llama3.1:8b,oracle,Oracle Evidence,diagnostic_baseline,oracle_evidence_upper_reference,True,hotpotqa,multi_hop,string,16000,middle,low,unknown,"Nebula Award, the Philip K. Dick Award, and the Hugo Award","Nebula Award, Philip K. Dick Award, and Hugo Award",p0001;p0002,p0002,True,1.0,1.0,1.0,1.0,1.0,1.0,1.0,0.5,0.6666666666666666,1.0,success,
hotpotqa_5a85a3005542991dd0999e72,llama3.1:8b,no_evidence,No Evidence,diagnostic_baseline,question_only_lower_bound,True,hotpotqa,multi_hop,entity,4000,end,low,unknown,World War II,World War II,p0001;p0002,,True,1.0,1.0,1.0,1.0,1.0,1.0,0.0,0.0,0.0,0.0,success,
hotpotqa_5a85a3005542991dd0999e72,llama3.1:8b,direct,Full Context,diagnostic_condition,full_context_condition,True,hotpotqa,multi_hop,entity,4000,end,low,unknown,World War II,Subhas Chandra Bose,p0001;p0002,p0002,True,0.0,0.0,0.0,0.0,0.0,0.0,1.0,0.5,0.6666666666666666,1.0,evidence_integration_failure,
hotpotqa_5a85a3005542991dd0999e72,llama3.1:8b,retrieve_then_read,Retrieved Evidence,diagnostic_condition,evidence_narrowed_condition,True,hotpotqa,multi_hop,entity,4000,end,low,unknown,World War II,Subhas Chandra Bose,p0001;p0002,p0002,True,0.0,0.0,0.0,0.0,0.0,0.0,1.0,0.5,0.6666666666666666,1.0,evidence_integration_failure,
hotpotqa_5a85a3005542991dd0999e72,llama3.1:8b,oracle,Oracle Evidence,diagnostic_baseline,oracle_evidence_upper_reference,True,hotpotqa,multi_hop,entity,4000,end,low,unknown,World War II,Subhas Chandra Bose,p0001;p0002,p0002;p0001,True,0.0,0.0,0.0,0.0,0.0,0.0,1.0,1.0,1.0,1.0,answer_conversion_failure,
hotpotqa_5ab4475c5542996a3a969f6c,llama3.1:8b,no_evidence,No Evidence,diagnostic_baseline,question_only_lower_bound,True,hotpotqa,multi_hop,entity,8000,scattered,low,unknown,Eddie Izzard,John Cleese,p0001;p0002,,True,0.0,0.0,0.0,0.0,0.0,0.0,0.0,0.0,0.0,0.0,evidence_localization_failure,
hotpotqa_5ab4475c5542996a3a969f6c,llama3.1:8b,direct,Full Context,diagnostic_condition,full_context_condition,True,hotpotqa,multi_hop,entity,8000,scattered,low,unknown,Eddie Izzard,Eddie Izzard,p0001;p0002,p0002,True,1.0,1.0,1.0,1.0,1.0,1.0,1.0,0.5,0.6666666666666666,1.0,success,
hotpotqa_5ab4475c5542996a3a969f6c,llama3.1:8b,retrieve_then_read,Retrieved Evidence,diagnostic_condition,evidence_narrowed_condition,True,hotpotqa,multi_hop,entity,8000,scattered,low,unknown,Eddie Izzard,Eddie Izzard,p0001;p0002,p0001,True,1.0,1.0,1.0,1.0,1.0,1.0,1.0,0.5,0.6666666666666666,1.0,success,
hotpotqa_5ab4475c5542996a3a969f6c,llama3.1:8b,oracle,Oracle Evidence,diagnostic_baseline,oracle_evidence_upper_reference,True,hotpotqa,multi_hop,entity,8000,scattered,low,unknown,Eddie Izzard,Eddie Izzard,p0001;p0002,p0002;p0001,True,1.0,1.0,1.0,1.0,1.0,1.0,1.0,1.0,1.0,1.0,success,
hotpotqa_5ab2a8b655429929539467ab,llama3.1:8b,no_evidence,No Evidence,diagnostic_baseline,question_only_lower_bound,True,hotpotqa,multi_hop,entity,16000,front,low,unknown,Nikhil Banerjee,Rabindra Nath Tagore,p0001;p0002,,True,0.0,0.0,0.0,0.0,0.0,0.0,0.0,0.0,0.0,0.0,evidence_localization_failure,
hotpotqa_5ab2a8b655429929539467ab,llama3.1:8b,direct,Full Context,diagnostic_condition,full_context_condition,True,hotpotqa,multi_hop,entity,16000,front,low,unknown,Nikhil Banerjee,Nikhil Ranjan Banerjee,p0001;p0002,p0008,True,0.0,0.8,0.0,0.8,0.0,0.8,0.0,0.0,0.0,0.0,evidence_selection_failure,
hotpotqa_5ab2a8b655429929539467ab,llama3.1:8b,retrieve_then_read,Retrieved Evidence,diagnostic_condition,evidence_narrowed_condition,True,hotpotqa,multi_hop,entity,16000,front,low,unknown,Nikhil Banerjee,Anjan Chattopadhyay,p0001;p0002,,True,0.0,0.0,0.0,0.0,0.0,0.0,0.0,0.0,0.0,0.0,evidence_localization_failure,
hotpotqa_5ab2a8b655429929539467ab,llama3.1:8b,oracle,Oracle Evidence,diagnostic_baseline,oracle_evidence_upper_reference,True,hotpotqa,multi_hop,entity,16000,front,low,unknown,Nikhil Banerjee,Nikhil Banerjee,p0001;p0002,p0001;p0002,True,1.0,1.0,1.0,1.0,1.0,1.0,1.0,1.0,1.0,1.0,success,
hotpotqa_5a8a7d2b55429930ff3c0dfc,llama3.1:8b,no_evidence,No Evidence,diagnostic_baseline,question_only_lower_bound,True,hotpotqa,comparison,yes_no,4000,middle,low,unknown,no,no,p0001;p0002,,True,1.0,1.0,1.0,1.0,1.0,1.0,0.0,0.0,0.0,0.0,success,
hotpotqa_5a8a7d2b55429930ff3c0dfc,llama3.1:8b,direct,Full Context,diagnostic_condition,full_context_condition,True,hotpotqa,comparison,yes_no,4000,middle,low,unknown,no,no,p0001;p0002,,True,1.0,1.0,1.0,1.0,1.0,1.0,0.0,0.0,0.0,0.0,success,
hotpotqa_5a8a7d2b55429930ff3c0dfc,llama3.1:8b,retrieve_then_read,Retrieved Evidence,diagnostic_condition,evidence_narrowed_condition,True,hotpotqa,comparison,yes_no,4000,middle,low,unknown,no,no,p0001;p0002,p0002,True,1.0,1.0,1.0,1.0,1.0,1.0,1.0,0.5,0.6666666666666666,1.0,success,
hotpotqa_5a8a7d2b55429930ff3c0dfc,llama3.1:8b,oracle,Oracle Evidence,diagnostic_baseline,oracle_evidence_upper_reference,True,hotpotqa,comparison,yes_no,4000,middle,low,unknown,no,no,p0001;p0002,p0001;p0002,True,1.0,1.0,1.0,1.0,1.0,1.0,1.0,1.0,1.0,1.0,success,
hotpotqa_5a90bd7b55429916514e7547,llama3.1:8b,no_evidence,No Evidence,diagnostic_baseline,question_only_lower_bound,True,hotpotqa,comparison,entity,8000,end,low,unknown,Polypodium,Polypodium,p0001;p0002,,True,1.0,1.0,1.0,1.0,1.0,1.0,0.0,0.0,0.0,0.0,success,
hotpotqa_5a90bd7b55429916514e7547,llama3.1:8b,direct,Full Context,diagnostic_condition,full_context_condition,True,hotpotqa,comparison,entity,8000,end,low,unknown,Polypodium,Polypodium,p0001;p0002,p0002,True,1.0,1.0,1.0,1.0,1.0,1.0,1.0,0.5,0.6666666666666666,1.0,success,
hotpotqa_5a90bd7b55429916514e7547,llama3.1:8b,retrieve_then_read,Retrieved Evidence,diagnostic_condition,evidence_narrowed_condition,True,hotpotqa,comparison,entity,8000,end,low,unknown,Polypodium,Polypodium,p0001;p0002,p0002,True,1.0,1.0,1.0,1.0,1.0,1.0,1.0,0.5,0.6666666666666666,1.0,success,
hotpotqa_5a90bd7b55429916514e7547,llama3.1:8b,oracle,Oracle Evidence,diagnostic_baseline,oracle_evidence_upper_reference,True,hotpotqa,comparison,entity,8000,end,low,unknown,Polypodium,Polypodium,p0001;p0002,p0002,True,1.0,1.0,1.0,1.0,1.0,1.0,1.0,0.5,0.6666666666666666,1.0,success,
hotpotqa_5abc039a5542993f40c73c49,llama3.1:8b,no_evidence,No Evidence,diagnostic_baseline,question_only_lower_bound,True,hotpotqa,multi_hop,entity,16000,scattered,low,unknown,Clinton,Clinton,p0001;p0002,,True,1.0,1.0,1.0,1.0,1.0,1.0,0.0,0.0,0.0,0.0,success,
hotpotqa_5abc039a5542993f40c73c49,llama3.1:8b,direct,Full Context,diagnostic_condition,full_context_condition,True,hotpotqa,multi_hop,entity,16000,scattered,low,unknown,Clinton,the Clinton Administration,p0001;p0002,p0001,True,0.0,0.6666666666666666,0.0,0.6666666666666666,0.0,0.6666666666666666,1.0,0.5,0.6666666666666666,1.0,evidence_integration_failure,
hotpotqa_5abc039a5542993f40c73c49,llama3.1:8b,retrieve_then_read,Retrieved Evidence,diagnostic_condition,evidence_narrowed_condition,True,hotpotqa,multi_hop,entity,16000,scattered,low,unknown,Clinton,Clinton Administration,p0001;p0002,p0001,True,0.0,0.6666666666666666,0.0,0.6666666666666666,0.0,0.6666666666666666,1.0,0.5,0.6666666666666666,1.0,evidence_integration_failure,
hotpotqa_5abc039a5542993f40c73c49,llama3.1:8b,oracle,Oracle Evidence,diagnostic_baseline,oracle_evidence_upper_reference,True,hotpotqa,multi_hop,entity,16000,scattered,low,unknown,Clinton,Clinton Administration,p0001;p0002,p0002;p0001,True,0.0,0.6666666666666666,0.0,0.6666666666666666,0.0,0.6666666666666666,1.0,1.0,1.0,1.0,answer_conversion_failure,
hotpotqa_5a88fc4255429938390d4019,llama3.1:8b,no_evidence,No Evidence,diagnostic_baseline,question_only_lower_bound,True,hotpotqa,multi_hop,entity,4000,front,medium,unknown,"September 25, 2017",2023,p0001;p0002;p0003;p0004;p0005,,True,0.0,0.0,0.0,0.0,0.0,0.0,0.0,0.0,0.0,0.0,evidence_localization_failure,
hotpotqa_5a88fc4255429938390d4019,llama3.1:8b,direct,Full Context,diagnostic_condition,full_context_condition,True,hotpotqa,multi_hop,entity,4000,front,medium,unknown,"September 25, 2017","September 25, 2017",p0001;p0002;p0003;p0004;p0005,p0003,True,1.0,1.0,1.0,1.0,1.0,1.0,1.0,0.2,0.33333333333333337,1.0,success,
hotpotqa_5a88fc4255429938390d4019,llama3.1:8b,retrieve_then_read,Retrieved Evidence,diagnostic_condition,evidence_narrowed_condition,True,hotpotqa,multi_hop,entity,4000,front,medium,unknown,"September 25, 2017","September 25, 2017",p0001;p0002;p0003;p0004;p0005,p0003,True,1.0,1.0,1.0,1.0,1.0,1.0,1.0,0.2,0.33333333333333337,1.0,success,
hotpotqa_5a88fc4255429938390d4019,llama3.1:8b,oracle,Oracle Evidence,diagnostic_baseline,oracle_evidence_upper_reference,True,hotpotqa,multi_hop,entity,4000,front,medium,unknown,"September 25, 2017","September 25, 2017",p0001;p0002;p0003;p0004;p0005,p0003,True,1.0,1.0,1.0,1.0,1.0,1.0,1.0,0.2,0.33333333333333337,1.0,success,
hotpotqa_5a82fe5055429966c78a6ad3,llama3.1:8b,no_evidence,No Evidence,diagnostic_baseline,question_only_lower_bound,True,hotpotqa,multi_hop,entity,8000,middle,medium,unknown,evangelical Christian,Christian,p0001;p0002;p0003;p0004,,True,0.0,0.6666666666666666,0.0,0.6666666666666666,0.0,0.6666666666666666,0.0,0.0,0.0,0.0,evidence_localization_failure,
hotpotqa_5a82fe5055429966c78a6ad3,llama3.1:8b,direct,Full Context,diagnostic_condition,full_context_condition,True,hotpotqa,multi_hop,entity,8000,middle,medium,unknown,evangelical Christian,evangelical Christian,p0001;p0002;p0003;p0004,p0003,True,1.0,1.0,1.0,1.0,1.0,1.0,1.0,0.25,0.4,1.0,success,
hotpotqa_5a82fe5055429966c78a6ad3,llama3.1:8b,retrieve_then_read,Retrieved Evidence,diagnostic_condition,evidence_narrowed_condition,True,hotpotqa,multi_hop,entity,8000,middle,medium,unknown,evangelical Christian,evangelical Christian,p0001;p0002;p0003;p0004,p0004,True,1.0,1.0,1.0,1.0,1.0,1.0,1.0,0.25,0.4,1.0,success,
hotpotqa_5a82fe5055429966c78a6ad3,llama3.1:8b,oracle,Oracle Evidence,diagnostic_baseline,oracle_evidence_upper_reference,True,hotpotqa,multi_hop,entity,8000,middle,medium,unknown,evangelical Christian,evangelical Christian,p0001;p0002;p0003;p0004,p0003;p0004,True,1.0,1.0,1.0,1.0,1.0,1.0,1.0,0.5,0.6666666666666666,1.0,success,
hotpotqa_5ae3205c55429928c423961e,llama3.1:8b,no_evidence,No Evidence,diagnostic_baseline,question_only_lower_bound,True,hotpotqa,multi_hop,entity,16000,end,low,unknown,Leslie Knope,Amy Poehler,p0001;p0002,,True,0.0,0.0,0.0,0.0,0.0,0.0,0.0,0.0,0.0,0.0,evidence_localization_failure,
hotpotqa_5ae3205c55429928c423961e,llama3.1:8b,direct,Full Context,diagnostic_condition,full_context_condition,True,hotpotqa,multi_hop,entity,16000,end,low,unknown,Leslie Knope,Leslie Knope,p0001;p0002,p0001,True,1.0,1.0,1.0,1.0,1.0,1.0,1.0,0.5,0.6666666666666666,1.0,success,
hotpotqa_5ae3205c55429928c423961e,llama3.1:8b,retrieve_then_read,Retrieved Evidence,diagnostic_condition,evidence_narrowed_condition,True,hotpotqa,multi_hop,entity,16000,end,low,unknown,Leslie Knope,Leslie Knope,p0001;p0002,p0002,True,1.0,1.0,1.0,1.0,1.0,1.0,1.0,0.5,0.6666666666666666,1.0,success,
hotpotqa_5ae3205c55429928c423961e,llama3.1:8b,oracle,Oracle Evidence,diagnostic_baseline,oracle_evidence_upper_reference,True,hotpotqa,multi_hop,entity,16000,end,low,unknown,Leslie Knope,Leslie Knope,p0001;p0002,p0002,True,1.0,1.0,1.0,1.0,1.0,1.0,1.0,0.5,0.6666666666666666,1.0,success,
hotpotqa_5a8b4a5f55429949d91db531,llama3.1:8b,no_evidence,No Evidence,diagnostic_baseline,question_only_lower_bound,True,hotpotqa,multi_hop,entity,4000,scattered,low,unknown,IK Start,Viking,p0001;p0002,,True,0.0,0.0,0.0,0.0,0.0,0.0,0.0,0.0,0.0,0.0,evidence_localization_failure,
hotpotqa_5a8b4a5f55429949d91db531,llama3.1:8b,direct,Full Context,diagnostic_condition,full_context_condition,True,hotpotqa,multi_hop,entity,4000,scattered,low,unknown,IK Start,IK Start,p0001;p0002,p0002,True,1.0,1.0,1.0,1.0,1.0,1.0,1.0,0.5,0.6666666666666666,1.0,success,
hotpotqa_5a8b4a5f55429949d91db531,llama3.1:8b,retrieve_then_read,Retrieved Evidence,diagnostic_condition,evidence_narrowed_condition,True,hotpotqa,multi_hop,entity,4000,scattered,low,unknown,IK Start,IK Start,p0001;p0002,p0002,True,1.0,1.0,1.0,1.0,1.0,1.0,1.0,0.5,0.6666666666666666,1.0,success,
hotpotqa_5a8b4a5f55429949d91db531,llama3.1:8b,oracle,Oracle Evidence,diagnostic_baseline,oracle_evidence_upper_reference,True,hotpotqa,multi_hop,entity,4000,scattered,low,unknown,IK Start,IK Start,p0001;p0002,p0002;p0001,True,1.0,1.0,1.0,1.0,1.0,1.0,1.0,1.0,1.0,1.0,success,
hotpotqa_5a8c5c6f554299653c1aa04d,llama3.1:8b,no_evidence,No Evidence,diagnostic_baseline,question_only_lower_bound,True,hotpotqa,multi_hop,entity,8000,front,low,unknown,Coyote Ugly,I Need You,p0001;p0002,,True,0.0,0.0,0.0,0.0,0.0,0.0,0.0,0.0,0.0,0.0,evidence_localization_failure,
hotpotqa_5a8c5c6f554299653c1aa04d,llama3.1:8b,direct,Full Context,diagnostic_condition,full_context_condition,True,hotpotqa,multi_hop,entity,8000,front,low,unknown,Coyote Ugly,Coyote Ugly,p0001;p0002,p0001,True,1.0,1.0,1.0,1.0,1.0,1.0,1.0,0.5,0.6666666666666666,1.0,success,
hotpotqa_5a8c5c6f554299653c1aa04d,llama3.1:8b,retrieve_then_read,Retrieved Evidence,diagnostic_condition,evidence_narrowed_condition,True,hotpotqa,multi_hop,entity,8000,front,low,unknown,Coyote Ugly,Anywhere But Here,p0001;p0002,,True,0.0,0.0,0.0,0.0,0.0,0.0,0.0,0.0,0.0,0.0,evidence_localization_failure,
hotpotqa_5a8c5c6f554299653c1aa04d,llama3.1:8b,oracle,Oracle Evidence,diagnostic_baseline,oracle_evidence_upper_reference,True,hotpotqa,multi_hop,entity,8000,front,low,unknown,Coyote Ugly,Coyote Ugly,p0001;p0002,p0002,True,1.0,1.0,1.0,1.0,1.0,1.0,1.0,0.5,0.6666666666666666,1.0,success,
hotpotqa_5a80ecea55429938b6142254,llama3.1:8b,no_evidence,No Evidence,diagnostic_baseline,question_only_lower_bound,True,hotpotqa,multi_hop,entity,16000,middle,medium,unknown,Queen In-hyun's Man,My Secret Hotel,p0001;p0002;p0003,,True,0.0,0.0,0.0,0.0,0.0,0.0,0.0,0.0,0.0,0.0,evidence_localization_failure,
hotpotqa_5a80ecea55429938b6142254,llama3.1:8b,direct,Full Context,diagnostic_condition,full_context_condition,True,hotpotqa,multi_hop,entity,16000,middle,medium,unknown,Queen In-hyun's Man,Conspiracy in the Court,p0001;p0002;p0003,p0001,True,0.0,0.0,0.0,0.25,0.0,0.0,1.0,0.3333333333333333,0.5,1.0,evidence_integration_failure,
hotpotqa_5a80ecea55429938b6142254,llama3.1:8b,retrieve_then_read,Retrieved Evidence,diagnostic_condition,evidence_narrowed_condition,True,hotpotqa,multi_hop,entity,16000,middle,medium,unknown,Queen In-hyun's Man,General's Son,p0001;p0002;p0003,,True,0.0,0.0,0.0,0.25,0.0,0.0,0.0,0.0,0.0,0.0,evidence_localization_failure,
hotpotqa_5a80ecea55429938b6142254,llama3.1:8b,oracle,Oracle Evidence,diagnostic_baseline,oracle_evidence_upper_reference,True,hotpotqa,multi_hop,entity,16000,middle,medium,unknown,Queen In-hyun's Man,Queen In-hyun's Man,p0001;p0002;p0003,p0002;p0003,True,1.0,1.0,1.0,1.0,1.0,1.0,1.0,0.6666666666666666,0.8,1.0,success,
hotpotqa_5a7cef5d55429909bec768ac,llama3.1:8b,no_evidence,No Evidence,diagnostic_baseline,question_only_lower_bound,True,hotpotqa,multi_hop,entity,4000,end,low,unknown,"September 13, 1994",Ready to Die,p0001;p0002,,True,0.0,0.0,0.0,0.0,0.0,0.0,0.0,0.0,0.0,0.0,evidence_localization_failure,
hotpotqa_5a7cef5d55429909bec768ac,llama3.1:8b,direct,Full Context,diagnostic_condition,full_context_condition,True,hotpotqa,multi_hop,entity,4000,end,low,unknown,"September 13, 1994",Ready to Die,p0001;p0002,p0002;p0001,True,0.0,0.0,0.0,0.0,0.0,0.0,1.0,1.0,1.0,1.0,answer_conversion_failure,
hotpotqa_5a7cef5d55429909bec768ac,llama3.1:8b,retrieve_then_read,Retrieved Evidence,diagnostic_condition,evidence_narrowed_condition,True,hotpotqa,multi_hop,entity,4000,end,low,unknown,"September 13, 1994",Ready to Die,p0001;p0002,p0002,True,0.0,0.0,0.0,0.0,0.0,0.0,1.0,0.5,0.6666666666666666,1.0,evidence_integration_failure,
hotpotqa_5a7cef5d55429909bec768ac,llama3.1:8b,oracle,Oracle Evidence,diagnostic_baseline,oracle_evidence_upper_reference,True,hotpotqa,multi_hop,entity,4000,end,low,unknown,"September 13, 1994",Ready to Die,p0001;p0002,p0002;p0001,True,0.0,0.0,0.0,0.0,0.0,0.0,1.0,1.0,1.0,1.0,answer_conversion_failure,
hotpotqa_5a734bb65542994cef4bc50f,llama3.1:8b,no_evidence,No Evidence,diagnostic_baseline,question_only_lower_bound,True,hotpotqa,multi_hop,entity,8000,scattered,low,unknown,Vincent Anthony Guaraldi,Vince Guaraldi,p0001;p0002,,True,0.0,0.4,0.0,0.4,0.0,0.4,0.0,0.0,0.0,0.0,evidence_localization_failure,
hotpotqa_5a734bb65542994cef4bc50f,llama3.1:8b,direct,Full Context,diagnostic_condition,full_context_condition,True,hotpotqa,multi_hop,entity,8000,scattered,low,unknown,Vincent Anthony Guaraldi,Dave Brubeck,p0001;p0002,p0001,True,0.0,0.0,0.0,0.0,0.0,0.0,1.0,0.5,0.6666666666666666,1.0,evidence_integration_failure,
hotpotqa_5a734bb65542994cef4bc50f,llama3.1:8b,retrieve_then_read,Retrieved Evidence,diagnostic_condition,evidence_narrowed_condition,True,hotpotqa,multi_hop,entity,8000,scattered,low,unknown,Vincent Anthony Guaraldi,Vince Guaraldi,p0001;p0002,p0002,True,0.0,0.4,0.0,0.4,0.0,0.4,1.0,0.5,0.6666666666666666,1.0,evidence_integration_failure,
hotpotqa_5a734bb65542994cef4bc50f,llama3.1:8b,oracle,Oracle Evidence,diagnostic_baseline,oracle_evidence_upper_reference,True,hotpotqa,multi_hop,entity,8000,scattered,low,unknown,Vincent Anthony Guaraldi,Vince Guaraldi,p0001;p0002,p0002,True,0.0,0.4,0.0,0.4,0.0,0.4,1.0,0.5,0.6666666666666666,1.0,evidence_integration_failure,
hotpotqa_5a70f1685542994082a3e40f,llama3.1:8b,no_evidence,No Evidence,diagnostic_baseline,question_only_lower_bound,True,hotpotqa,multi_hop,entity,16000,front,medium,unknown,Symphony No. 7,Moonlight Sonata,p0001;p0002;p0003,,True,0.0,0.0,0.0,0.0,0.0,0.0,0.0,0.0,0.0,0.0,evidence_localization_failure,
hotpotqa_5a70f1685542994082a3e40f,llama3.1:8b,direct,Full Context,diagnostic_condition,full_context_condition,True,hotpotqa,multi_hop,entity,16000,front,medium,unknown,Symphony No. 7,Violin Sonata No. 4,p0001;p0002;p0003,p0007,True,0.0,0.28571428571428575,0.0,0.28571428571428575,0.0,0.28571428571428575,0.0,0.0,0.0,0.0,evidence_selection_failure,
hotpotqa_5a70f1685542994082a3e40f,llama3.1:8b,retrieve_then_read,Retrieved Evidence,diagnostic_condition,evidence_narrowed_condition,True,hotpotqa,multi_hop,entity,16000,front,medium,unknown,Symphony No. 7,Violin Sonata No. 4,p0001;p0002;p0003,,True,0.0,0.28571428571428575,0.0,0.28571428571428575,0.0,0.28571428571428575,0.0,0.0,0.0,0.0,evidence_localization_failure,
hotpotqa_5a70f1685542994082a3e40f,llama3.1:8b,oracle,Oracle Evidence,diagnostic_baseline,oracle_evidence_upper_reference,True,hotpotqa,multi_hop,entity,16000,front,medium,unknown,Symphony No. 7,Violin Sonata No. 5,p0001;p0002;p0003,p0003;p0002,True,0.0,0.28571428571428575,0.0,0.28571428571428575,0.0,0.28571428571428575,1.0,0.6666666666666666,0.8,1.0,evidence_integration_failure,
hotpotqa_5ae0de1455429924de1b71b4,llama3.1:8b,no_evidence,No Evidence,diagnostic_baseline,question_only_lower_bound,True,hotpotqa,multi_hop,string,4000,middle,medium,unknown,orange juice,fruit punch,p0001;p0002;p0003,,True,0.0,0.0,0.0,0.0,0.0,0.0,0.0,0.0,0.0,0.0,evidence_localization_failure,
hotpotqa_5ae0de1455429924de1b71b4,llama3.1:8b,direct,Full Context,diagnostic_condition,full_context_condition,True,hotpotqa,multi_hop,string,4000,middle,medium,unknown,orange juice,"ice, orange juice, sweetener, milk, powdered egg whites and vanilla flavoring",p0001;p0002;p0003,p0002,True,0.0,0.3076923076923077,0.0,0.3076923076923077,0.0,0.3076923076923077,1.0,0.3333333333333333,0.5,1.0,evidence_integration_failure,
hotpotqa_5ae0de1455429924de1b71b4,llama3.1:8b,retrieve_then_read,Retrieved Evidence,diagnostic_condition,evidence_narrowed_condition,True,hotpotqa,multi_hop,string,4000,middle,medium,unknown,orange juice,"a mixture of ice, orange juice, sweetener, milk, powdered egg whites and vanilla flavoring",p0001;p0002;p0003,p0003,True,0.0,0.2666666666666667,0.0,0.2666666666666667,0.0,0.2666666666666667,1.0,0.3333333333333333,0.5,1.0,evidence_integration_failure,
hotpotqa_5ae0de1455429924de1b71b4,llama3.1:8b,oracle,Oracle Evidence,diagnostic_baseline,oracle_evidence_upper_reference,True,hotpotqa,multi_hop,string,4000,middle,medium,unknown,orange juice,"ice, orange juice, sweetener, milk, powdered egg whites and vanilla flavoring",p0001;p0002;p0003,p0003,True,0.0,0.3076923076923077,0.0,0.3076923076923077,0.0,0.3076923076923077,1.0,0.3333333333333333,0.5,1.0,evidence_integration_failure,
hotpotqa_5abd9c2355429924427fd06c,llama3.1:8b,no_evidence,No Evidence,diagnostic_baseline,question_only_lower_bound,True,hotpotqa,multi_hop,number,8000,end,low,unknown,2005,2013,p0001;p0002,,True,0.0,0.0,0.0,0.0,0.0,0.0,0.0,0.0,0.0,0.0,evidence_localization_failure,
hotpotqa_5abd9c2355429924427fd06c,llama3.1:8b,direct,Full Context,diagnostic_condition,full_context_condition,True,hotpotqa,multi_hop,number,8000,end,low,unknown,2005,2005,p0001;p0002,p0001,True,1.0,1.0,1.0,1.0,1.0,1.0,1.0,0.5,0.6666666666666666,1.0,success,
hotpotqa_5abd9c2355429924427fd06c,llama3.1:8b,retrieve_then_read,Retrieved Evidence,diagnostic_condition,evidence_narrowed_condition,True,hotpotqa,multi_hop,number,8000,end,low,unknown,2005,2016,p0001;p0002,,True,0.0,0.0,0.0,0.0,0.0,0.0,0.0,0.0,0.0,0.0,evidence_localization_failure,
hotpotqa_5abd9c2355429924427fd06c,llama3.1:8b,oracle,Oracle Evidence,diagnostic_baseline,oracle_evidence_upper_reference,True,hotpotqa,multi_hop,number,8000,end,low,unknown,2005,2005,p0001;p0002,p0001;p0002,True,1.0,1.0,1.0,1.0,1.0,1.0,1.0,1.0,1.0,1.0,success,
hotpotqa_5ab7f7465542993667794071,llama3.1:8b,no_evidence,No Evidence,diagnostic_baseline,question_only_lower_bound,True,hotpotqa,multi_hop,entity,16000,scattered,low,unknown,British Bristol Olympus turbojet,jet,p0001;p0002,,True,0.0,0.0,0.0,0.0,0.0,0.0,0.0,0.0,0.0,0.0,evidence_localization_failure,
hotpotqa_5ab7f7465542993667794071,llama3.1:8b,direct,Full Context,diagnostic_condition,full_context_condition,True,hotpotqa,multi_hop,entity,16000,scattered,low,unknown,British Bristol Olympus turbojet,Bristol Olympus turbojet,p0001;p0002,p0001,True,0.0,0.8571428571428571,0.0,0.8571428571428571,0.0,0.8571428571428571,1.0,0.5,0.6666666666666666,1.0,evidence_integration_failure,
hotpotqa_5ab7f7465542993667794071,llama3.1:8b,retrieve_then_read,Retrieved Evidence,diagnostic_condition,evidence_narrowed_condition,True,hotpotqa,multi_hop,entity,16000,scattered,low,unknown,British Bristol Olympus turbojet,Bristol Olympus turbojet,p0001;p0002,p0001,True,0.0,0.8571428571428571,0.0,0.8571428571428571,0.0,0.8571428571428571,1.0,0.5,0.6666666666666666,1.0,evidence_integration_failure,
hotpotqa_5ab7f7465542993667794071,llama3.1:8b,oracle,Oracle Evidence,diagnostic_baseline,oracle_evidence_upper_reference,True,hotpotqa,multi_hop,entity,16000,scattered,low,unknown,British Bristol Olympus turbojet,Bristol Olympus turbojet,p0001;p0002,p0001;p0002,True,0.0,0.8571428571428571,0.0,0.8571428571428571,0.0,0.8571428571428571,1.0,1.0,1.0,1.0,answer_conversion_failure,
hotpotqa_5adfad2b554299603e41835c,llama3.1:8b,no_evidence,No Evidence,diagnostic_baseline,question_only_lower_bound,True,hotpotqa,multi_hop,entity,4000,front,low,unknown,Kenny Young,Gary Gentry,p0001;p0002,,True,0.0,0.0,0.0,0.0,0.0,0.0,0.0,0.0,0.0,0.0,evidence_localization_failure,
hotpotqa_5adfad2b554299603e41835c,llama3.1:8b,direct,Full Context,diagnostic_condition,full_context_condition,True,hotpotqa,multi_hop,entity,4000,front,low,unknown,Kenny Young,Kenny Young,p0001;p0002,p0001,True,1.0,1.0,1.0,1.0,1.0,1.0,1.0,0.5,0.6666666666666666,1.0,success,
hotpotqa_5adfad2b554299603e41835c,llama3.1:8b,retrieve_then_read,Retrieved Evidence,diagnostic_condition,evidence_narrowed_condition,True,hotpotqa,multi_hop,entity,4000,front,low,unknown,Kenny Young,Kenny Young,p0001;p0002,p0001,True,1.0,1.0,1.0,1.0,1.0,1.0,1.0,0.5,0.6666666666666666,1.0,success,
hotpotqa_5adfad2b554299603e41835c,llama3.1:8b,oracle,Oracle Evidence,diagnostic_baseline,oracle_evidence_upper_reference,True,hotpotqa,multi_hop,entity,4000,front,low,unknown,Kenny Young,Kenny Young,p0001;p0002,p0001,True,1.0,1.0,1.0,1.0,1.0,1.0,1.0,0.5,0.6666666666666666,1.0,success,
hotpotqa_5a861fa75542994775f60706,llama3.1:8b,no_evidence,No Evidence,diagnostic_baseline,question_only_lower_bound,True,hotpotqa,multi_hop,entity,8000,middle,low,unknown,North American Aviation T-6 Texan,T-6 Texan,p0001;p0002,,True,0.0,0.5714285714285715,0.0,0.6666666666666666,0.0,0.5714285714285715,0.0,0.0,0.0,0.0,evidence_localization_failure,
hotpotqa_5a861fa75542994775f60706,llama3.1:8b,direct,Full Context,diagnostic_condition,full_context_condition,True,hotpotqa,multi_hop,entity,8000,middle,low,unknown,North American Aviation T-6 Texan,NA-16,p0001;p0002,p0012,True,0.0,0.0,0.0,0.0,0.0,0.0,0.0,0.0,0.0,0.0,evidence_selection_failure,
hotpotqa_5a861fa75542994775f60706,llama3.1:8b,retrieve_then_read,Retrieved Evidence,diagnostic_condition,evidence_narrowed_condition,True,hotpotqa,multi_hop,entity,8000,middle,low,unknown,North American Aviation T-6 Texan,NA-35,p0001;p0002,,True,0.0,0.0,0.0,0.0,0.0,0.0,0.0,0.0,0.0,0.0,evidence_localization_failure,
hotpotqa_5a861fa75542994775f60706,llama3.1:8b,oracle,Oracle Evidence,diagnostic_baseline,oracle_evidence_upper_reference,True,hotpotqa,multi_hop,entity,8000,middle,low,unknown,North American Aviation T-6 Texan,T-6 Texan,p0001;p0002,p0002;p0001,True,0.0,0.5714285714285715,0.0,0.6666666666666666,0.0,0.5714285714285715,1.0,1.0,1.0,1.0,answer_conversion_failure,
hotpotqa_5a888fe6554299206df2b2f7,llama3.1:8b,no_evidence,No Evidence,diagnostic_baseline,question_only_lower_bound,True,hotpotqa,multi_hop,entity,16000,end,low,unknown,T. R. M. Howard,Medgar Evers,p0001;p0002,,True,0.0,0.0,0.0,0.0,0.0,0.0,0.0,0.0,0.0,0.0,evidence_localization_failure,
hotpotqa_5a888fe6554299206df2b2f7,llama3.1:8b,direct,Full Context,diagnostic_condition,full_context_condition,True,hotpotqa,multi_hop,entity,16000,end,low,unknown,T. R. M. Howard,T. R. M. Howard,p0001;p0002,p0001,True,1.0,1.0,1.0,1.0,1.0,1.0,1.0,0.5,0.6666666666666666,1.0,success,
hotpotqa_5a888fe6554299206df2b2f7,llama3.1:8b,retrieve_then_read,Retrieved Evidence,diagnostic_condition,evidence_narrowed_condition,True,hotpotqa,multi_hop,entity,16000,end,low,unknown,T. R. M. Howard,T. R. M. Howard,p0001;p0002,p0002,True,1.0,1.0,1.0,1.0,1.0,1.0,1.0,0.5,0.6666666666666666,1.0,success,
hotpotqa_5a888fe6554299206df2b2f7,llama3.1:8b,oracle,Oracle Evidence,diagnostic_baseline,oracle_evidence_upper_reference,True,hotpotqa,multi_hop,entity,16000,end,low,unknown,T. R. M. Howard,T. R. M. Howard,p0001;p0002,p0002;p0001,True,1.0,1.0,1.0,1.0,1.0,1.0,1.0,1.0,1.0,1.0,success,
hotpotqa_5ab865235542992aa3b8c8db,llama3.1:8b,no_evidence,No Evidence,diagnostic_baseline,question_only_lower_bound,True,hotpotqa,multi_hop,string,4000,scattered,medium,unknown,500 metres,4,p0001;p0002;p0003;p0004,,True,0.0,0.0,0.0,0.0,0.0,0.0,0.0,0.0,0.0,0.0,evidence_localization_failure,
hotpotqa_5ab865235542992aa3b8c8db,llama3.1:8b,direct,Full Context,diagnostic_condition,full_context_condition,True,hotpotqa,multi_hop,string,4000,scattered,medium,unknown,500 metres,500 metres,p0001;p0002;p0003;p0004,p0003,True,1.0,1.0,1.0,1.0,1.0,1.0,1.0,0.25,0.4,1.0,success,
hotpotqa_5ab865235542992aa3b8c8db,llama3.1:8b,retrieve_then_read,Retrieved Evidence,diagnostic_condition,evidence_narrowed_condition,True,hotpotqa,multi_hop,string,4000,scattered,medium,unknown,500 metres,500,p0001;p0002;p0003;p0004,p0004,True,0.0,0.6666666666666666,0.0,0.6666666666666666,0.0,0.6666666666666666,1.0,0.25,0.4,1.0,evidence_integration_failure,
hotpotqa_5ab865235542992aa3b8c8db,llama3.1:8b,oracle,Oracle Evidence,diagnostic_baseline,oracle_evidence_upper_reference,True,hotpotqa,multi_hop,string,4000,scattered,medium,unknown,500 metres,500 metres,p0001;p0002;p0003;p0004,p0004,True,1.0,1.0,1.0,1.0,1.0,1.0,1.0,0.25,0.4,1.0,success,
hotpotqa_5ae533535542993aec5ec173,llama3.1:8b,no_evidence,No Evidence,diagnostic_baseline,question_only_lower_bound,True,hotpotqa,multi_hop,string,8000,front,low,unknown,political correctness,Euphemism,p0001;p0002,,True,0.0,0.0,0.0,0.0,0.0,0.0,0.0,0.0,0.0,0.0,evidence_localization_failure,
hotpotqa_5ae533535542993aec5ec173,llama3.1:8b,direct,Full Context,diagnostic_condition,full_context_condition,True,hotpotqa,multi_hop,string,8000,front,low,unknown,political correctness,political correctness,p0001;p0002,,True,1.0,1.0,1.0,1.0,1.0,1.0,0.0,0.0,0.0,0.0,success,
hotpotqa_5ae533535542993aec5ec173,llama3.1:8b,retrieve_then_read,Retrieved Evidence,diagnostic_condition,evidence_narrowed_condition,True,hotpotqa,multi_hop,string,8000,front,low,unknown,political correctness,Scientism,p0001;p0002,,True,0.0,0.0,0.0,0.0,0.0,0.0,0.0,0.0,0.0,0.0,evidence_localization_failure,
hotpotqa_5ae533535542993aec5ec173,llama3.1:8b,oracle,Oracle Evidence,diagnostic_baseline,oracle_evidence_upper_reference,True,hotpotqa,multi_hop,string,8000,front,low,unknown,political correctness,political correctness,p0001;p0002,p0002,True,1.0,1.0,1.0,1.0,1.0,1.0,1.0,0.5,0.6666666666666666,1.0,success,
hotpotqa_5adbe9fa55429944faac23ba,llama3.1:8b,no_evidence,No Evidence,diagnostic_baseline,question_only_lower_bound,True,hotpotqa,comparison,yes_no,16000,middle,low,unknown,yes,no,p0001;p0002,,True,0.0,0.0,0.0,0.0,0.0,0.0,0.0,0.0,0.0,0.0,evidence_localization_failure,
hotpotqa_5adbe9fa55429944faac23ba,llama3.1:8b,direct,Full Context,diagnostic_condition,full_context_condition,True,hotpotqa,comparison,yes_no,16000,middle,low,unknown,yes,yes,p0001;p0002,p0001,True,1.0,1.0,1.0,1.0,1.0,1.0,1.0,0.5,0.6666666666666666,1.0,success,
hotpotqa_5adbe9fa55429944faac23ba,llama3.1:8b,retrieve_then_read,Retrieved Evidence,diagnostic_condition,evidence_narrowed_condition,True,hotpotqa,comparison,yes_no,16000,middle,low,unknown,yes,yes,p0001;p0002,p0001;p0002,True,1.0,1.0,1.0,1.0,1.0,1.0,1.0,1.0,1.0,1.0,success,
hotpotqa_5adbe9fa55429944faac23ba,llama3.1:8b,oracle,Oracle Evidence,diagnostic_baseline,oracle_evidence_upper_reference,True,hotpotqa,comparison,yes_no,16000,middle,low,unknown,yes,yes,p0001;p0002,p0001;p0002,True,1.0,1.0,1.0,1.0,1.0,1.0,1.0,1.0,1.0,1.0,success,
hotpotqa_5a84e61b5542997b5ce3ff86,llama3.1:8b,no_evidence,No Evidence,diagnostic_baseline,question_only_lower_bound,True,hotpotqa,multi_hop,string,4000,end,medium,unknown,show's 500th episode,the show's 500th episode,p0001;p0002;p0003,,True,1.0,1.0,1.0,1.0,1.0,1.0,0.0,0.0,0.0,0.0,success,
hotpotqa_5a84e61b5542997b5ce3ff86,llama3.1:8b,direct,Full Context,diagnostic_condition,full_context_condition,True,hotpotqa,multi_hop,string,4000,end,medium,unknown,show's 500th episode,the show's 500th episode,p0001;p0002;p0003,p0002;p0003,True,1.0,1.0,1.0,1.0,1.0,1.0,1.0,0.6666666666666666,0.8,1.0,success,
hotpotqa_5a84e61b5542997b5ce3ff86,llama3.1:8b,retrieve_then_read,Retrieved Evidence,diagnostic_condition,evidence_narrowed_condition,True,hotpotqa,multi_hop,string,4000,end,medium,unknown,show's 500th episode,the 500th episode overall of the series,p0001;p0002;p0003,p0002,True,0.0,0.5,0.0,0.4444444444444445,0.0,0.5,1.0,0.3333333333333333,0.5,1.0,evidence_integration_failure,
hotpotqa_5a84e61b5542997b5ce3ff86,llama3.1:8b,oracle,Oracle Evidence,diagnostic_baseline,oracle_evidence_upper_reference,True,hotpotqa,multi_hop,string,4000,end,medium,unknown,show's 500th episode,,p0001;p0002;p0003,,True,0.0,0.0,0.0,0.0,0.0,0.0,0.0,0.0,0.0,0.0,evidence_localization_failure,json_object_not_found
hotpotqa_5ab5ec0a5542997d4ad1f250,llama3.1:8b,no_evidence,No Evidence,diagnostic_baseline,question_only_lower_bound,True,hotpotqa,multi_hop,string,8000,scattered,low,unknown,650 locations,600,p0001;p0002,,True,0.0,0.0,0.0,0.0,0.0,0.0,0.0,0.0,0.0,0.0,evidence_localization_failure,
hotpotqa_5ab5ec0a5542997d4ad1f250,llama3.1:8b,direct,Full Context,diagnostic_condition,full_context_condition,True,hotpotqa,multi_hop,string,8000,scattered,low,unknown,650 locations,650,p0001;p0002,p0001,True,0.0,0.6666666666666666,0.0,0.6666666666666666,0.0,0.6666666666666666,1.0,0.5,0.6666666666666666,1.0,evidence_integration_failure,
hotpotqa_5ab5ec0a5542997d4ad1f250,llama3.1:8b,retrieve_then_read,Retrieved Evidence,diagnostic_condition,evidence_narrowed_condition,True,hotpotqa,multi_hop,string,8000,scattered,low,unknown,650 locations,650,p0001;p0002,p0001,True,0.0,0.6666666666666666,0.0,0.6666666666666666,0.0,0.6666666666666666,1.0,0.5,0.6666666666666666,1.0,evidence_integration_failure,
hotpotqa_5ab5ec0a5542997d4ad1f250,llama3.1:8b,oracle,Oracle Evidence,diagnostic_baseline,oracle_evidence_upper_reference,True,hotpotqa,multi_hop,string,8000,scattered,low,unknown,650 locations,650,p0001;p0002,p0001,True,0.0,0.6666666666666666,0.0,0.6666666666666666,0.0,0.6666666666666666,1.0,0.5,0.6666666666666666,1.0,evidence_integration_failure,
hotpotqa_5a72a9ab5542992359bc315a,llama3.1:8b,no_evidence,No Evidence,diagnostic_baseline,question_only_lower_bound,True,hotpotqa,multi_hop,entity,16000,front,medium,unknown,the Pennacook people,Pawtucket,p0001;p0002;p0003,,True,0.0,0.0,0.0,0.0,0.0,0.0,0.0,0.0,0.0,0.0,evidence_localization_failure,
hotpotqa_5a72a9ab5542992359bc315a,llama3.1:8b,direct,Full Context,diagnostic_condition,full_context_condition,True,hotpotqa,multi_hop,entity,16000,front,medium,unknown,the Pennacook people,Pennacook,p0001;p0002;p0003,p0002;p0003,True,0.0,0.6666666666666666,0.0,0.6666666666666666,0.0,0.6666666666666666,1.0,0.6666666666666666,0.8,1.0,evidence_integration_failure,
hotpotqa_5a72a9ab5542992359bc315a,llama3.1:8b,retrieve_then_read,Retrieved Evidence,diagnostic_condition,evidence_narrowed_condition,True,hotpotqa,multi_hop,entity,16000,front,medium,unknown,the Pennacook people,Aquadoctan,p0001;p0002;p0003,,True,0.0,0.0,0.0,0.0,0.0,0.0,0.0,0.0,0.0,0.0,evidence_localization_failure,
hotpotqa_5a72a9ab5542992359bc315a,llama3.1:8b,oracle,Oracle Evidence,diagnostic_baseline,oracle_evidence_upper_reference,True,hotpotqa,multi_hop,entity,16000,front,medium,unknown,the Pennacook people,Pennacook,p0001;p0002;p0003,p0002;p0003,True,0.0,0.6666666666666666,0.0,0.6666666666666666,0.0,0.6666666666666666,1.0,0.6666666666666666,0.8,1.0,evidence_integration_failure,
hotpotqa_5a8209845542990a1d231f1f,llama3.1:8b,no_evidence,No Evidence,diagnostic_baseline,question_only_lower_bound,True,hotpotqa,multi_hop,entity,4000,middle,low,unknown,Ducks,peacocks,p0001;p0002,,True,0.0,0.0,0.0,0.0,0.0,0.0,0.0,0.0,0.0,0.0,evidence_localization_failure,
hotpotqa_5a8209845542990a1d231f1f,llama3.1:8b,direct,Full Context,diagnostic_condition,full_context_condition,True,hotpotqa,multi_hop,entity,4000,middle,low,unknown,Ducks,ducks,p0001;p0002,p0002,True,1.0,1.0,1.0,1.0,1.0,1.0,1.0,0.5,0.6666666666666666,1.0,success,
hotpotqa_5a8209845542990a1d231f1f,llama3.1:8b,retrieve_then_read,Retrieved Evidence,diagnostic_condition,evidence_narrowed_condition,True,hotpotqa,multi_hop,entity,4000,middle,low,unknown,Ducks,Peabody Ducks,p0001;p0002,p0002,True,0.0,0.6666666666666666,0.0,0.6666666666666666,0.0,0.6666666666666666,1.0,0.5,0.6666666666666666,1.0,evidence_integration_failure,
hotpotqa_5a8209845542990a1d231f1f,llama3.1:8b,oracle,Oracle Evidence,diagnostic_baseline,oracle_evidence_upper_reference,True,hotpotqa,multi_hop,entity,4000,middle,low,unknown,Ducks,Peabody Ducks,p0001;p0002,p0002;p0001,True,0.0,0.6666666666666666,0.0,0.6666666666666666,0.0,0.6666666666666666,1.0,1.0,1.0,1.0,answer_conversion_failure,
hotpotqa_5a726b0f5542997f827839be,llama3.1:8b,no_evidence,No Evidence,diagnostic_baseline,question_only_lower_bound,True,hotpotqa,comparison,entity,8000,end,low,unknown,Jean-Loup Jacques Marie Chrétien,Jean-Loup Chrétien,p0001;p0002,,True,0.0,0.6666666666666666,0.0,0.7499999999999999,0.0,0.6666666666666666,0.0,0.0,0.0,0.0,evidence_localization_failure,
hotpotqa_5a726b0f5542997f827839be,llama3.1:8b,direct,Full Context,diagnostic_condition,full_context_condition,True,hotpotqa,comparison,entity,8000,end,low,unknown,Jean-Loup Jacques Marie Chrétien,Samantha Cristoforetti,p0001;p0002,p0001,True,0.0,0.0,0.0,0.0,0.0,0.0,1.0,0.5,0.6666666666666666,1.0,evidence_integration_failure,
hotpotqa_5a726b0f5542997f827839be,llama3.1:8b,retrieve_then_read,Retrieved Evidence,diagnostic_condition,evidence_narrowed_condition,True,hotpotqa,comparison,entity,8000,end,low,unknown,Jean-Loup Jacques Marie Chrétien,Jean-Loup Chrétien,p0001;p0002,p0002,True,0.0,0.6666666666666666,0.0,0.7499999999999999,0.0,0.6666666666666666,1.0,0.5,0.6666666666666666,1.0,evidence_integration_failure,
hotpotqa_5a726b0f5542997f827839be,llama3.1:8b,oracle,Oracle Evidence,diagnostic_baseline,oracle_evidence_upper_reference,True,hotpotqa,comparison,entity,8000,end,low,unknown,Jean-Loup Jacques Marie Chrétien,Jean-Loup Chrétien,p0001;p0002,p0002,True,0.0,0.6666666666666666,0.0,0.7499999999999999,0.0,0.6666666666666666,1.0,0.5,0.6666666666666666,1.0,evidence_integration_failure,
hotpotqa_5a8b4ec155429949d91db53f,llama3.1:8b,no_evidence,No Evidence,diagnostic_baseline,question_only_lower_bound,True,hotpotqa,multi_hop,entity,16000,scattered,low,unknown,Zachary Levi,Zachary Levi,p0001;p0002,,True,1.0,1.0,1.0,1.0,1.0,1.0,0.0,0.0,0.0,0.0,success,
hotpotqa_5a8b4ec155429949d91db53f,llama3.1:8b,direct,Full Context,diagnostic_condition,full_context_condition,True,hotpotqa,multi_hop,entity,16000,scattered,low,unknown,Zachary Levi,Zachary Levi,p0001;p0002,p0002,True,1.0,1.0,1.0,1.0,1.0,1.0,1.0,0.5,0.6666666666666666,1.0,success,
hotpotqa_5a8b4ec155429949d91db53f,llama3.1:8b,retrieve_then_read,Retrieved Evidence,diagnostic_condition,evidence_narrowed_condition,True,hotpotqa,multi_hop,entity,16000,scattered,low,unknown,Zachary Levi,Zachary Levi,p0001;p0002,p0002,True,1.0,1.0,1.0,1.0,1.0,1.0,1.0,0.5,0.6666666666666666,1.0,success,
hotpotqa_5a8b4ec155429949d91db53f,llama3.1:8b,oracle,Oracle Evidence,diagnostic_baseline,oracle_evidence_upper_reference,True,hotpotqa,multi_hop,entity,16000,scattered,low,unknown,Zachary Levi,Zachary Levi,p0001;p0002,p0002;p0001,True,1.0,1.0,1.0,1.0,1.0,1.0,1.0,1.0,1.0,1.0,success,
hotpotqa_5ab438395542990594ba9bb9,llama3.1:8b,no_evidence,No Evidence,diagnostic_baseline,question_only_lower_bound,True,hotpotqa,multi_hop,entity,4000,front,medium,unknown,Michael Seater,Mary-Kate Olsen,p0001;p0002;p0003,,True,0.0,0.0,0.0,0.0,0.0,0.0,0.0,0.0,0.0,0.0,evidence_localization_failure,
hotpotqa_5ab438395542990594ba9bb9,llama3.1:8b,direct,Full Context,diagnostic_condition,full_context_condition,True,hotpotqa,multi_hop,entity,4000,front,medium,unknown,Michael Seater,Michael Seater,p0001;p0002;p0003,p0003,True,1.0,1.0,1.0,1.0,1.0,1.0,1.0,0.3333333333333333,0.5,1.0,success,
hotpotqa_5ab438395542990594ba9bb9,llama3.1:8b,retrieve_then_read,Retrieved Evidence,diagnostic_condition,evidence_narrowed_condition,True,hotpotqa,multi_hop,entity,4000,front,medium,unknown,Michael Seater,Michael Seater,p0001;p0002;p0003,,True,1.0,1.0,1.0,1.0,1.0,1.0,0.0,0.0,0.0,0.0,success,
hotpotqa_5ab438395542990594ba9bb9,llama3.1:8b,oracle,Oracle Evidence,diagnostic_baseline,oracle_evidence_upper_reference,True,hotpotqa,multi_hop,entity,4000,front,medium,unknown,Michael Seater,Michael Seater,p0001;p0002;p0003,p0002;p0003,True,1.0,1.0,1.0,1.0,1.0,1.0,1.0,0.6666666666666666,0.8,1.0,success,
hotpotqa_5a81a7f75542995ce29dcc25,llama3.1:8b,no_evidence,No Evidence,diagnostic_baseline,question_only_lower_bound,True,hotpotqa,multi_hop,entity,8000,middle,medium,unknown,Carrefour,Gap,p0001;p0002;p0003,,True,0.0,0.0,0.0,0.0,0.0,0.0,0.0,0.0,0.0,0.0,evidence_localization_failure,
hotpotqa_5a81a7f75542995ce29dcc25,llama3.1:8b,direct,Full Context,diagnostic_condition,full_context_condition,True,hotpotqa,multi_hop,entity,8000,middle,medium,unknown,Carrefour,Carrefour,p0001;p0002;p0003,p0002,True,1.0,1.0,1.0,1.0,1.0,1.0,1.0,0.3333333333333333,0.5,1.0,success,
hotpotqa_5a81a7f75542995ce29dcc25,llama3.1:8b,retrieve_then_read,Retrieved Evidence,diagnostic_condition,evidence_narrowed_condition,True,hotpotqa,multi_hop,entity,8000,middle,medium,unknown,Carrefour,Carrefour,p0001;p0002;p0003,p0003,True,1.0,1.0,1.0,1.0,1.0,1.0,1.0,0.3333333333333333,0.5,1.0,success,
hotpotqa_5a81a7f75542995ce29dcc25,llama3.1:8b,oracle,Oracle Evidence,diagnostic_baseline,oracle_evidence_upper_reference,True,hotpotqa,multi_hop,entity,8000,middle,medium,unknown,Carrefour,Carrefour,p0001;p0002;p0003,p0002;p0003,True,1.0,1.0,1.0,1.0,1.0,1.0,1.0,0.6666666666666666,0.8,1.0,success,
hotpotqa_5ae7ea695542994a481bbe17,llama3.1:8b,no_evidence,No Evidence,diagnostic_baseline,question_only_lower_bound,True,hotpotqa,multi_hop,entity,16000,end,low,unknown,Apsley George Benet Cherry-Garrard,Apsley Cherry-Garrard,p0001;p0002,,True,0.0,0.6666666666666666,0.0,0.7499999999999999,0.0,0.6666666666666666,0.0,0.0,0.0,0.0,evidence_localization_failure,
hotpotqa_5ae7ea695542994a481bbe17,llama3.1:8b,direct,Full Context,diagnostic_condition,full_context_condition,True,hotpotqa,multi_hop,entity,16000,end,low,unknown,Apsley George Benet Cherry-Garrard,Apsley Cherry-Garrard,p0001;p0002,p0001,True,0.0,0.6666666666666666,0.0,0.7499999999999999,0.0,0.6666666666666666,1.0,0.5,0.6666666666666666,1.0,evidence_integration_failure,
hotpotqa_5ae7ea695542994a481bbe17,llama3.1:8b,retrieve_then_read,Retrieved Evidence,diagnostic_condition,evidence_narrowed_condition,True,hotpotqa,multi_hop,entity,16000,end,low,unknown,Apsley George Benet Cherry-Garrard,Apsley Cherry-Garrard,p0001;p0002,,True,0.0,0.6666666666666666,0.0,0.7499999999999999,0.0,0.6666666666666666,0.0,0.0,0.0,0.0,evidence_localization_failure,
hotpotqa_5ae7ea695542994a481bbe17,llama3.1:8b,oracle,Oracle Evidence,diagnostic_baseline,oracle_evidence_upper_reference,True,hotpotqa,multi_hop,entity,16000,end,low,unknown,Apsley George Benet Cherry-Garrard,Apsley Cherry-Garrard,p0001;p0002,p0002;p0001,True,0.0,0.6666666666666666,0.0,0.7499999999999999,0.0,0.6666666666666666,1.0,1.0,1.0,1.0,answer_conversion_failure,
hotpotqa_5a806cdf5542996402f6a508,llama3.1:8b,no_evidence,No Evidence,diagnostic_baseline,question_only_lower_bound,True,hotpotqa,multi_hop,entity,4000,scattered,medium,unknown,University of Vienna,University of Vienna,p0001;p0002;p0003;p0004,,True,1.0,1.0,1.0,1.0,1.0,1.0,0.0,0.0,0.0,0.0,success,
hotpotqa_5a806cdf5542996402f6a508,llama3.1:8b,direct,Full Context,diagnostic_condition,full_context_condition,True,hotpotqa,multi_hop,entity,4000,scattered,medium,unknown,University of Vienna,Cornell University,p0001;p0002;p0003;p0004,p0011,True,0.0,0.4,0.0,0.4,0.0,0.4,0.0,0.0,0.0,0.0,evidence_selection_failure,
hotpotqa_5a806cdf5542996402f6a508,llama3.1:8b,retrieve_then_read,Retrieved Evidence,diagnostic_condition,evidence_narrowed_condition,True,hotpotqa,multi_hop,entity,4000,scattered,medium,unknown,University of Vienna,Cornell University,p0001;p0002;p0003;p0004,p0011,True,0.0,0.4,0.0,0.4,0.0,0.4,0.0,0.0,0.0,0.0,evidence_selection_failure,
hotpotqa_5a806cdf5542996402f6a508,llama3.1:8b,oracle,Oracle Evidence,diagnostic_baseline,oracle_evidence_upper_reference,True,hotpotqa,multi_hop,entity,4000,scattered,medium,unknown,University of Vienna,University of Vienna,p0001;p0002;p0003;p0004,p0003,True,1.0,1.0,1.0,1.0,1.0,1.0,1.0,0.25,0.4,1.0,success,
hotpotqa_5a78d01d55429974737f78b3,llama3.1:8b,no_evidence,No Evidence,diagnostic_baseline,question_only_lower_bound,True,hotpotqa,multi_hop,entity,8000,front,low,unknown,SBS,KBS,p0001;p0002,,True,0.0,0.0,0.0,0.0,0.0,0.0,0.0,0.0,0.0,0.0,evidence_localization_failure,
hotpotqa_5a78d01d55429974737f78b3,llama3.1:8b,direct,Full Context,diagnostic_condition,full_context_condition,True,hotpotqa,multi_hop,entity,8000,front,low,unknown,SBS,SETTV,p0001;p0002,p0001,True,0.0,0.0,0.0,0.0,0.0,0.0,1.0,0.5,0.6666666666666666,1.0,evidence_integration_failure,
hotpotqa_5a78d01d55429974737f78b3,llama3.1:8b,retrieve_then_read,Retrieved Evidence,diagnostic_condition,evidence_narrowed_condition,True,hotpotqa,multi_hop,entity,8000,front,low,unknown,SBS,SETTV,p0001;p0002,,True,0.0,0.0,0.0,0.0,0.0,0.0,0.0,0.0,0.0,0.0,evidence_localization_failure,
hotpotqa_5a78d01d55429974737f78b3,llama3.1:8b,oracle,Oracle Evidence,diagnostic_baseline,oracle_evidence_upper_reference,True,hotpotqa,multi_hop,entity,8000,front,low,unknown,SBS,SBS,p0001;p0002,p0001,True,1.0,1.0,1.0,1.0,1.0,1.0,1.0,0.5,0.6666666666666666,1.0,success,
hotpotqa_5a866e7e554299211dda2b29,llama3.1:8b,no_evidence,No Evidence,diagnostic_baseline,question_only_lower_bound,True,hotpotqa,multi_hop,entity,16000,middle,medium,unknown,Peer,Lord,p0001;p0002;p0003,,True,0.0,0.0,0.0,0.0,0.0,0.0,0.0,0.0,0.0,0.0,evidence_localization_failure,
hotpotqa_5a866e7e554299211dda2b29,llama3.1:8b,direct,Full Context,diagnostic_condition,full_context_condition,True,hotpotqa,multi_hop,entity,16000,middle,medium,unknown,Peer,Peer,p0001;p0002;p0003,p0002,True,1.0,1.0,1.0,1.0,1.0,1.0,1.0,0.3333333333333333,0.5,1.0,success,
hotpotqa_5a866e7e554299211dda2b29,llama3.1:8b,retrieve_then_read,Retrieved Evidence,diagnostic_condition,evidence_narrowed_condition,True,hotpotqa,multi_hop,entity,16000,middle,medium,unknown,Peer,Peer,p0001;p0002;p0003,p0002;p0003,True,1.0,1.0,1.0,1.0,1.0,1.0,1.0,0.6666666666666666,0.8,1.0,success,
hotpotqa_5a866e7e554299211dda2b29,llama3.1:8b,oracle,Oracle Evidence,diagnostic_baseline,oracle_evidence_upper_reference,True,hotpotqa,multi_hop,entity,16000,middle,medium,unknown,Peer,Peer,p0001;p0002;p0003,p0002;p0003,True,1.0,1.0,1.0,1.0,1.0,1.0,1.0,0.6666666666666666,0.8,1.0,success,
hotpotqa_5abaf6865542996cc5e49f3c,llama3.1:8b,no_evidence,No Evidence,diagnostic_baseline,question_only_lower_bound,True,hotpotqa,multi_hop,entity,4000,end,low,unknown,Sean,Thomas Doherty played the role of Jamie in the sitcom based on the Israeli series 'North Star'.,p0001;p0002,,True,0.0,0.0,0.0,0.0,0.0,0.0,0.0,0.0,0.0,0.0,evidence_localization_failure,
hotpotqa_5abaf6865542996cc5e49f3c,llama3.1:8b,direct,Full Context,diagnostic_condition,full_context_condition,True,hotpotqa,multi_hop,entity,4000,end,low,unknown,Sean,Sean,p0001;p0002,p0002,True,1.0,1.0,1.0,1.0,1.0,1.0,1.0,0.5,0.6666666666666666,1.0,success,
hotpotqa_5abaf6865542996cc5e49f3c,llama3.1:8b,retrieve_then_read,Retrieved Evidence,diagnostic_condition,evidence_narrowed_condition,True,hotpotqa,multi_hop,entity,4000,end,low,unknown,Sean,Oliver,p0001;p0002,,True,0.0,0.0,0.0,0.0,0.0,0.0,0.0,0.0,0.0,0.0,evidence_localization_failure,
hotpotqa_5abaf6865542996cc5e49f3c,llama3.1:8b,oracle,Oracle Evidence,diagnostic_baseline,oracle_evidence_upper_reference,True,hotpotqa,multi_hop,entity,4000,end,low,unknown,Sean,Sean,p0001;p0002,p0001;p0002,True,1.0,1.0,1.0,1.0,1.0,1.0,1.0,1.0,1.0,1.0,success,
hotpotqa_5abebbe65542997719eab59d,llama3.1:8b,no_evidence,No Evidence,diagnostic_baseline,question_only_lower_bound,True,hotpotqa,multi_hop,entity,8000,scattered,medium,unknown,"February 20, 1978",Aidy Bryant,p0001;p0002;p0003,,True,0.0,0.0,0.0,0.0,0.0,0.0,0.0,0.0,0.0,0.0,evidence_localization_failure,
hotpotqa_5abebbe65542997719eab59d,llama3.1:8b,direct,Full Context,diagnostic_condition,full_context_condition,True,hotpotqa,multi_hop,entity,8000,scattered,medium,unknown,"February 20, 1978","February 20, 1978",p0001;p0002;p0003,p0003,True,1.0,1.0,1.0,1.0,1.0,1.0,1.0,0.3333333333333333,0.5,1.0,success,
hotpotqa_5abebbe65542997719eab59d,llama3.1:8b,retrieve_then_read,Retrieved Evidence,diagnostic_condition,evidence_narrowed_condition,True,hotpotqa,multi_hop,entity,8000,scattered,medium,unknown,"February 20, 1978","February 20, 1978",p0001;p0002;p0003,p0003,True,1.0,1.0,1.0,1.0,1.0,1.0,1.0,0.3333333333333333,0.5,1.0,success,
hotpotqa_5abebbe65542997719eab59d,llama3.1:8b,oracle,Oracle Evidence,diagnostic_baseline,oracle_evidence_upper_reference,True,hotpotqa,multi_hop,entity,8000,scattered,medium,unknown,"February 20, 1978","February 20, 1978",p0001;p0002;p0003,p0003,True,1.0,1.0,1.0,1.0,1.0,1.0,1.0,0.3333333333333333,0.5,1.0,success,
