sample_id,model_name,method,method_display_name,method_family,method_role,core_diagnostic,source,reasoning_type,answer_type,context_length,evidence_position,evidence_density,distractor_similarity,gold_answer,predicted_answer,gold_evidence_ids,predicted_evidence_ids,cue_applicable,exact_match_strict,answer_f1_strict,exact_match_relaxed,answer_f1_relaxed,exact_match,answer_f1,evidence_precision,evidence_recall,evidence_f1,citation_grounding,failure_type,parse_error
controlled_000655,qwen3:14b,no_evidence,No Evidence,diagnostic_baseline,question_only_lower_bound,True,controlled,comparison,entity,16000,front,medium,none,Model Alpha 00654,unknown,p0001;p0002,,True,0.0,0.0,0.0,0.0,0.0,0.0,0.0,0.0,0.0,0.0,evidence_localization_failure,
controlled_000655,qwen3:14b,direct,Full Context,diagnostic_condition,full_context_condition,True,controlled,comparison,entity,16000,front,medium,none,Model Alpha 00654,unknown,p0001;p0002,,True,0.0,0.0,0.0,0.0,0.0,0.0,0.0,0.0,0.0,0.0,evidence_localization_failure,
controlled_000655,qwen3:14b,retrieve_then_read,Retrieved Evidence,diagnostic_condition,evidence_narrowed_condition,True,controlled,comparison,entity,16000,front,medium,none,Model Alpha 00654,Model Alpha,p0001;p0002,p0001;p0002,True,0.0,0.8,1.0,1.0,0.0,0.8,1.0,1.0,1.0,1.0,answer_conversion_failure,
controlled_000655,qwen3:14b,oracle,Oracle Evidence,diagnostic_baseline,oracle_evidence_upper_reference,True,controlled,comparison,entity,16000,front,medium,none,Model Alpha 00654,Model Alpha,p0001;p0002,p0001;p0002,True,0.0,0.8,1.0,1.0,0.0,0.8,1.0,1.0,1.0,1.0,answer_conversion_failure,
controlled_000115,qwen3:14b,no_evidence,No Evidence,diagnostic_baseline,question_only_lower_bound,True,controlled,comparison,entity,4000,middle,medium,low,Model Alpha 00114,unknown,p0001;p0002,,True,0.0,0.0,0.0,0.0,0.0,0.0,0.0,0.0,0.0,0.0,evidence_localization_failure,
controlled_000115,qwen3:14b,direct,Full Context,diagnostic_condition,full_context_condition,True,controlled,comparison,entity,4000,middle,medium,low,Model Alpha 00114,Model Alpha,p0001;p0002,p0001;p0002,True,0.0,0.8,1.0,1.0,0.0,0.8,1.0,1.0,1.0,1.0,answer_conversion_failure,
controlled_000115,qwen3:14b,retrieve_then_read,Retrieved Evidence,diagnostic_condition,evidence_narrowed_condition,True,controlled,comparison,entity,4000,middle,medium,low,Model Alpha 00114,Model Alpha,p0001;p0002,p0001;p0002,True,0.0,0.8,1.0,1.0,0.0,0.8,1.0,1.0,1.0,1.0,answer_conversion_failure,
controlled_000115,qwen3:14b,oracle,Oracle Evidence,diagnostic_baseline,oracle_evidence_upper_reference,True,controlled,comparison,entity,4000,middle,medium,low,Model Alpha 00114,Model Alpha,p0001;p0002,p0001;p0002,True,0.0,0.8,1.0,1.0,0.0,0.8,1.0,1.0,1.0,1.0,answer_conversion_failure,
controlled_000026,qwen3:14b,no_evidence,No Evidence,diagnostic_baseline,question_only_lower_bound,True,controlled,multi_hop,entity,4000,front,medium,low,Zurich-00025,unknown,p0001;p0002,,True,0.0,0.0,0.0,0.0,0.0,0.0,0.0,0.0,0.0,0.0,evidence_localization_failure,
controlled_000026,qwen3:14b,direct,Full Context,diagnostic_condition,full_context_condition,True,controlled,multi_hop,entity,4000,front,medium,low,Zurich-00025,Zurich-00025,p0001;p0002,p0001;p0002,True,1.0,1.0,1.0,1.0,1.0,1.0,1.0,1.0,1.0,1.0,success,
controlled_000026,qwen3:14b,retrieve_then_read,Retrieved Evidence,diagnostic_condition,evidence_narrowed_condition,True,controlled,multi_hop,entity,4000,front,medium,low,Zurich-00025,Zurich-00025,p0001;p0002,p0001;p0002,True,1.0,1.0,1.0,1.0,1.0,1.0,1.0,1.0,1.0,1.0,success,
controlled_000026,qwen3:14b,oracle,Oracle Evidence,diagnostic_baseline,oracle_evidence_upper_reference,True,controlled,multi_hop,entity,4000,front,medium,low,Zurich-00025,Zurich-00025,p0001;p0002,p0001;p0002,True,1.0,1.0,1.0,1.0,1.0,1.0,1.0,1.0,1.0,1.0,success,
controlled_000760,qwen3:14b,no_evidence,No Evidence,diagnostic_baseline,question_only_lower_bound,True,controlled,arithmetic,number,16000,middle,medium,low,550,unknown,p0001;p0002,,True,0.0,0.0,0.0,0.0,0.0,0.0,0.0,0.0,0.0,0.0,evidence_localization_failure,
controlled_000760,qwen3:14b,direct,Full Context,diagnostic_condition,full_context_condition,True,controlled,arithmetic,number,16000,middle,medium,low,550,0,p0001;p0002,,True,0.0,0.0,0.0,0.0,0.0,0.0,0.0,0.0,0.0,0.0,evidence_localization_failure,
controlled_000760,qwen3:14b,retrieve_then_read,Retrieved Evidence,diagnostic_condition,evidence_narrowed_condition,True,controlled,arithmetic,number,16000,middle,medium,low,550,550,p0001;p0002,p0001;p0002,True,1.0,1.0,1.0,1.0,1.0,1.0,1.0,1.0,1.0,1.0,success,
controlled_000760,qwen3:14b,oracle,Oracle Evidence,diagnostic_baseline,oracle_evidence_upper_reference,True,controlled,arithmetic,number,16000,middle,medium,low,550,550,p0001;p0002,p0001;p0002,True,1.0,1.0,1.0,1.0,1.0,1.0,1.0,1.0,1.0,1.0,success,
controlled_000282,qwen3:14b,no_evidence,No Evidence,diagnostic_baseline,question_only_lower_bound,True,controlled,single_hop,entity,4000,scattered,low,high,Arcturus Systems 00281,unknown,p0001,,True,0.0,0.0,0.0,0.0,0.0,0.0,0.0,0.0,0.0,0.0,evidence_localization_failure,
controlled_000282,qwen3:14b,direct,Full Context,diagnostic_condition,full_context_condition,True,controlled,single_hop,entity,4000,scattered,low,high,Arcturus Systems 00281,Arcturus Systems 00281,p0001,p0001,True,1.0,1.0,1.0,1.0,1.0,1.0,1.0,1.0,1.0,1.0,success,
controlled_000282,qwen3:14b,retrieve_then_read,Retrieved Evidence,diagnostic_condition,evidence_narrowed_condition,True,controlled,single_hop,entity,4000,scattered,low,high,Arcturus Systems 00281,Arcturus Systems,p0001,p0001,True,0.0,0.8,1.0,1.0,0.0,0.8,1.0,1.0,1.0,1.0,answer_conversion_failure,
controlled_000282,qwen3:14b,oracle,Oracle Evidence,diagnostic_baseline,oracle_evidence_upper_reference,True,controlled,single_hop,entity,4000,scattered,low,high,Arcturus Systems 00281,Arcturus Systems,p0001,p0001,True,0.0,0.8,1.0,1.0,0.0,0.8,1.0,1.0,1.0,1.0,answer_conversion_failure,
controlled_000251,qwen3:14b,no_evidence,No Evidence,diagnostic_baseline,question_only_lower_bound,True,controlled,comparison,entity,4000,scattered,medium,none,Model Alpha 00250,unknown,p0001;p0002,,True,0.0,0.0,0.0,0.0,0.0,0.0,0.0,0.0,0.0,0.0,evidence_localization_failure,
controlled_000251,qwen3:14b,direct,Full Context,diagnostic_condition,full_context_condition,True,controlled,comparison,entity,4000,scattered,medium,none,Model Alpha 00250,Model Alpha,p0001;p0002,p0001,True,0.0,0.8,1.0,1.0,0.0,0.8,1.0,0.5,0.6666666666666666,1.0,evidence_integration_failure,
controlled_000251,qwen3:14b,retrieve_then_read,Retrieved Evidence,diagnostic_condition,evidence_narrowed_condition,True,controlled,comparison,entity,4000,scattered,medium,none,Model Alpha 00250,Model Alpha,p0001;p0002,p0001;p0002,True,0.0,0.8,1.0,1.0,0.0,0.8,1.0,1.0,1.0,1.0,answer_conversion_failure,
controlled_000251,qwen3:14b,oracle,Oracle Evidence,diagnostic_baseline,oracle_evidence_upper_reference,True,controlled,comparison,entity,4000,scattered,medium,none,Model Alpha 00250,Model Alpha,p0001;p0002,p0001;p0002,True,0.0,0.8,1.0,1.0,0.0,0.8,1.0,1.0,1.0,1.0,answer_conversion_failure,
controlled_000229,qwen3:14b,no_evidence,No Evidence,diagnostic_baseline,question_only_lower_bound,True,controlled,multi_hop,entity,4000,end,medium,conflicting,Zurich-00228,unknown,p0001;p0002,,True,0.0,0.0,0.0,0.0,0.0,0.0,0.0,0.0,0.0,0.0,evidence_localization_failure,
controlled_000229,qwen3:14b,direct,Full Context,diagnostic_condition,full_context_condition,True,controlled,multi_hop,entity,4000,end,medium,conflicting,Zurich-00228,Zurich-00228,p0001;p0002,p0001;p0002,True,1.0,1.0,1.0,1.0,1.0,1.0,1.0,1.0,1.0,1.0,success,
controlled_000229,qwen3:14b,retrieve_then_read,Retrieved Evidence,diagnostic_condition,evidence_narrowed_condition,True,controlled,multi_hop,entity,4000,end,medium,conflicting,Zurich-00228,Zurich-00228,p0001;p0002,p0001;p0002,True,1.0,1.0,1.0,1.0,1.0,1.0,1.0,1.0,1.0,1.0,success,
controlled_000229,qwen3:14b,oracle,Oracle Evidence,diagnostic_baseline,oracle_evidence_upper_reference,True,controlled,multi_hop,entity,4000,end,medium,conflicting,Zurich-00228,Zurich-00228,p0001;p0002,p0001;p0002,True,1.0,1.0,1.0,1.0,1.0,1.0,1.0,1.0,1.0,1.0,success,
controlled_000143,qwen3:14b,no_evidence,No Evidence,diagnostic_baseline,question_only_lower_bound,True,controlled,single_hop,entity,4000,middle,low,conflicting,Arcturus Systems 00142,unknown,p0001,,True,0.0,0.0,0.0,0.0,0.0,0.0,0.0,0.0,0.0,0.0,evidence_localization_failure,
controlled_000143,qwen3:14b,direct,Full Context,diagnostic_condition,full_context_condition,True,controlled,single_hop,entity,4000,middle,low,conflicting,Arcturus Systems 00142,Arcturus Systems,p0001,p0001,True,0.0,0.8,1.0,1.0,0.0,0.8,1.0,1.0,1.0,1.0,answer_conversion_failure,
controlled_000143,qwen3:14b,retrieve_then_read,Retrieved Evidence,diagnostic_condition,evidence_narrowed_condition,True,controlled,single_hop,entity,4000,middle,low,conflicting,Arcturus Systems 00142,Arcturus Systems,p0001,p0001,True,0.0,0.8,1.0,1.0,0.0,0.8,1.0,1.0,1.0,1.0,answer_conversion_failure,
controlled_000143,qwen3:14b,oracle,Oracle Evidence,diagnostic_baseline,oracle_evidence_upper_reference,True,controlled,single_hop,entity,4000,middle,low,conflicting,Arcturus Systems 00142,Arcturus Systems 00142,p0001,p0001,True,1.0,1.0,1.0,1.0,1.0,1.0,1.0,1.0,1.0,1.0,success,
controlled_000755,qwen3:14b,no_evidence,No Evidence,diagnostic_baseline,question_only_lower_bound,True,controlled,comparison,entity,16000,middle,medium,low,Model Alpha 00754,unknown,p0001;p0002,,True,0.0,0.0,0.0,0.0,0.0,0.0,0.0,0.0,0.0,0.0,evidence_localization_failure,
controlled_000755,qwen3:14b,direct,Full Context,diagnostic_condition,full_context_condition,True,controlled,comparison,entity,16000,middle,medium,low,Model Alpha 00754,unknown,p0001;p0002,,True,0.0,0.0,0.0,0.0,0.0,0.0,0.0,0.0,0.0,0.0,evidence_localization_failure,
controlled_000755,qwen3:14b,retrieve_then_read,Retrieved Evidence,diagnostic_condition,evidence_narrowed_condition,True,controlled,comparison,entity,16000,middle,medium,low,Model Alpha 00754,Model Alpha,p0001;p0002,p0001;p0002,True,0.0,0.8,1.0,1.0,0.0,0.8,1.0,1.0,1.0,1.0,answer_conversion_failure,
controlled_000755,qwen3:14b,oracle,Oracle Evidence,diagnostic_baseline,oracle_evidence_upper_reference,True,controlled,comparison,entity,16000,middle,medium,low,Model Alpha 00754,Model Alpha,p0001;p0002,p0001;p0002,True,0.0,0.8,1.0,1.0,0.0,0.8,1.0,1.0,1.0,1.0,answer_conversion_failure,
controlled_000105,qwen3:14b,no_evidence,No Evidence,diagnostic_baseline,question_only_lower_bound,True,controlled,single_hop,entity,4000,middle,low,low,Arcturus Systems 00104,unknown,p0001,,True,0.0,0.0,0.0,0.0,0.0,0.0,0.0,0.0,0.0,0.0,evidence_localization_failure,
controlled_000105,qwen3:14b,direct,Full Context,diagnostic_condition,full_context_condition,True,controlled,single_hop,entity,4000,middle,low,low,Arcturus Systems 00104,Arcturus Systems 00104,p0001,p0001,True,1.0,1.0,1.0,1.0,1.0,1.0,1.0,1.0,1.0,1.0,success,
controlled_000105,qwen3:14b,retrieve_then_read,Retrieved Evidence,diagnostic_condition,evidence_narrowed_condition,True,controlled,single_hop,entity,4000,middle,low,low,Arcturus Systems 00104,Arcturus Systems,p0001,p0001,True,0.0,0.8,1.0,1.0,0.0,0.8,1.0,1.0,1.0,1.0,answer_conversion_failure,
controlled_000105,qwen3:14b,oracle,Oracle Evidence,diagnostic_baseline,oracle_evidence_upper_reference,True,controlled,single_hop,entity,4000,middle,low,low,Arcturus Systems 00104,Arcturus Systems 00104,p0001,p0001,True,1.0,1.0,1.0,1.0,1.0,1.0,1.0,1.0,1.0,1.0,success,
controlled_000693,qwen3:14b,no_evidence,No Evidence,diagnostic_baseline,question_only_lower_bound,True,controlled,comparison,entity,16000,front,medium,high,Model Alpha 00692,unknown,p0001;p0002,,True,0.0,0.0,0.0,0.0,0.0,0.0,0.0,0.0,0.0,0.0,evidence_localization_failure,
controlled_000693,qwen3:14b,direct,Full Context,diagnostic_condition,full_context_condition,True,controlled,comparison,entity,16000,front,medium,high,Model Alpha 00692,unknown,p0001;p0002,,True,0.0,0.0,0.0,0.0,0.0,0.0,0.0,0.0,0.0,0.0,evidence_localization_failure,
controlled_000693,qwen3:14b,retrieve_then_read,Retrieved Evidence,diagnostic_condition,evidence_narrowed_condition,True,controlled,comparison,entity,16000,front,medium,high,Model Alpha 00692,Model Alpha,p0001;p0002,p0001;p0002,True,0.0,0.8,1.0,1.0,0.0,0.8,1.0,1.0,1.0,1.0,answer_conversion_failure,
controlled_000693,qwen3:14b,oracle,Oracle Evidence,diagnostic_baseline,oracle_evidence_upper_reference,True,controlled,comparison,entity,16000,front,medium,high,Model Alpha 00692,Model Alpha,p0001;p0002,p0001;p0002,True,0.0,0.8,1.0,1.0,0.0,0.8,1.0,1.0,1.0,1.0,answer_conversion_failure,
controlled_000759,qwen3:14b,no_evidence,No Evidence,diagnostic_baseline,question_only_lower_bound,True,controlled,arithmetic,number,16000,middle,medium,low,623,unknown,p0001;p0002,,True,0.0,0.0,0.0,0.0,0.0,0.0,0.0,0.0,0.0,0.0,evidence_localization_failure,
controlled_000759,qwen3:14b,direct,Full Context,diagnostic_condition,full_context_condition,True,controlled,arithmetic,number,16000,middle,medium,low,623,0,p0001;p0002,,True,0.0,0.0,0.0,0.0,0.0,0.0,0.0,0.0,0.0,0.0,evidence_localization_failure,
controlled_000759,qwen3:14b,retrieve_then_read,Retrieved Evidence,diagnostic_condition,evidence_narrowed_condition,True,controlled,arithmetic,number,16000,middle,medium,low,623,623,p0001;p0002,p0001;p0002,True,1.0,1.0,1.0,1.0,1.0,1.0,1.0,1.0,1.0,1.0,success,
controlled_000759,qwen3:14b,oracle,Oracle Evidence,diagnostic_baseline,oracle_evidence_upper_reference,True,controlled,arithmetic,number,16000,middle,medium,low,623,623,p0001;p0002,p0001;p0002,True,1.0,1.0,1.0,1.0,1.0,1.0,1.0,1.0,1.0,1.0,success,
controlled_000914,qwen3:14b,no_evidence,No Evidence,diagnostic_baseline,question_only_lower_bound,True,controlled,comparison,entity,16000,scattered,medium,low,Model Alpha 00913,unknown,p0001;p0002,,True,0.0,0.0,0.0,0.0,0.0,0.0,0.0,0.0,0.0,0.0,evidence_localization_failure,
controlled_000914,qwen3:14b,direct,Full Context,diagnostic_condition,full_context_condition,True,controlled,comparison,entity,16000,scattered,medium,low,Model Alpha 00913,unknown,p0001;p0002,,True,0.0,0.0,0.0,0.0,0.0,0.0,0.0,0.0,0.0,0.0,evidence_localization_failure,
controlled_000914,qwen3:14b,retrieve_then_read,Retrieved Evidence,diagnostic_condition,evidence_narrowed_condition,True,controlled,comparison,entity,16000,scattered,medium,low,Model Alpha 00913,Model Alpha,p0001;p0002,p0001,True,0.0,0.8,1.0,1.0,0.0,0.8,1.0,0.5,0.6666666666666666,1.0,evidence_integration_failure,
controlled_000914,qwen3:14b,oracle,Oracle Evidence,diagnostic_baseline,oracle_evidence_upper_reference,True,controlled,comparison,entity,16000,scattered,medium,low,Model Alpha 00913,Model Alpha,p0001;p0002,p0001;p0002,True,0.0,0.8,1.0,1.0,0.0,0.8,1.0,1.0,1.0,1.0,answer_conversion_failure,
controlled_000559,qwen3:14b,no_evidence,No Evidence,diagnostic_baseline,question_only_lower_bound,True,controlled,arithmetic,number,8000,end,medium,conflicting,391,unknown,p0001;p0002,,True,0.0,0.0,0.0,0.0,0.0,0.0,0.0,0.0,0.0,0.0,evidence_localization_failure,
controlled_000559,qwen3:14b,direct,Full Context,diagnostic_condition,full_context_condition,True,controlled,arithmetic,number,8000,end,medium,conflicting,391,391,p0001;p0002,p0001;p0002,True,1.0,1.0,1.0,1.0,1.0,1.0,1.0,1.0,1.0,1.0,success,
controlled_000559,qwen3:14b,retrieve_then_read,Retrieved Evidence,diagnostic_condition,evidence_narrowed_condition,True,controlled,arithmetic,number,8000,end,medium,conflicting,391,391,p0001;p0002,p0001;p0002,True,1.0,1.0,1.0,1.0,1.0,1.0,1.0,1.0,1.0,1.0,success,
controlled_000559,qwen3:14b,oracle,Oracle Evidence,diagnostic_baseline,oracle_evidence_upper_reference,True,controlled,arithmetic,number,8000,end,medium,conflicting,391,391,p0001;p0002,p0001;p0002,True,1.0,1.0,1.0,1.0,1.0,1.0,1.0,1.0,1.0,1.0,success,
controlled_000090,qwen3:14b,no_evidence,No Evidence,diagnostic_baseline,question_only_lower_bound,True,controlled,multi_hop,entity,4000,middle,medium,none,Zurich-00089,unknown,p0001;p0002,,True,0.0,0.0,0.0,0.0,0.0,0.0,0.0,0.0,0.0,0.0,evidence_localization_failure,
controlled_000090,qwen3:14b,direct,Full Context,diagnostic_condition,full_context_condition,True,controlled,multi_hop,entity,4000,middle,medium,none,Zurich-00089,Zurich-00089,p0001;p0002,p0002,True,1.0,1.0,1.0,1.0,1.0,1.0,1.0,0.5,0.6666666666666666,1.0,success,
controlled_000090,qwen3:14b,retrieve_then_read,Retrieved Evidence,diagnostic_condition,evidence_narrowed_condition,True,controlled,multi_hop,entity,4000,middle,medium,none,Zurich-00089,Zurich-00089,p0001;p0002,p0001;p0002,True,1.0,1.0,1.0,1.0,1.0,1.0,1.0,1.0,1.0,1.0,success,
controlled_000090,qwen3:14b,oracle,Oracle Evidence,diagnostic_baseline,oracle_evidence_upper_reference,True,controlled,multi_hop,entity,4000,middle,medium,none,Zurich-00089,Zurich-00089,p0001;p0002,p0001;p0002,True,1.0,1.0,1.0,1.0,1.0,1.0,1.0,1.0,1.0,1.0,success,
controlled_000605,qwen3:14b,no_evidence,No Evidence,diagnostic_baseline,question_only_lower_bound,True,controlled,single_hop,entity,8000,scattered,low,high,Arcturus Systems 00604,unknown,p0001,,True,0.0,0.0,0.0,0.0,0.0,0.0,0.0,0.0,0.0,0.0,evidence_localization_failure,
controlled_000605,qwen3:14b,direct,Full Context,diagnostic_condition,full_context_condition,True,controlled,single_hop,entity,8000,scattered,low,high,Arcturus Systems 00604,ArcticMind,p0001,p0001,True,0.0,0.0,0.0,0.0,0.0,0.0,1.0,1.0,1.0,1.0,answer_conversion_failure,
controlled_000605,qwen3:14b,retrieve_then_read,Retrieved Evidence,diagnostic_condition,evidence_narrowed_condition,True,controlled,single_hop,entity,8000,scattered,low,high,Arcturus Systems 00604,Arcturus Systems 00604,p0001,p0001,True,1.0,1.0,1.0,1.0,1.0,1.0,1.0,1.0,1.0,1.0,success,
controlled_000605,qwen3:14b,oracle,Oracle Evidence,diagnostic_baseline,oracle_evidence_upper_reference,True,controlled,single_hop,entity,8000,scattered,low,high,Arcturus Systems 00604,Arcturus Systems 00604,p0001,p0001,True,1.0,1.0,1.0,1.0,1.0,1.0,1.0,1.0,1.0,1.0,success,
controlled_000433,qwen3:14b,no_evidence,No Evidence,diagnostic_baseline,question_only_lower_bound,True,controlled,comparison,entity,8000,middle,medium,low,Model Alpha 00432,unknown,p0001;p0002,,True,0.0,0.0,0.0,0.0,0.0,0.0,0.0,0.0,0.0,0.0,evidence_localization_failure,
controlled_000433,qwen3:14b,direct,Full Context,diagnostic_condition,full_context_condition,True,controlled,comparison,entity,8000,middle,medium,low,Model Alpha 00432,Model Alpha,p0001;p0002,p0001,True,0.0,0.8,1.0,1.0,0.0,0.8,1.0,0.5,0.6666666666666666,1.0,evidence_integration_failure,
controlled_000433,qwen3:14b,retrieve_then_read,Retrieved Evidence,diagnostic_condition,evidence_narrowed_condition,True,controlled,comparison,entity,8000,middle,medium,low,Model Alpha 00432,Model Alpha,p0001;p0002,p0001;p0002,True,0.0,0.8,1.0,1.0,0.0,0.8,1.0,1.0,1.0,1.0,answer_conversion_failure,
controlled_000433,qwen3:14b,oracle,Oracle Evidence,diagnostic_baseline,oracle_evidence_upper_reference,True,controlled,comparison,entity,8000,middle,medium,low,Model Alpha 00432,Model Alpha,p0001;p0002,p0001;p0002,True,0.0,0.8,1.0,1.0,0.0,0.8,1.0,1.0,1.0,1.0,answer_conversion_failure,
controlled_000033,qwen3:14b,no_evidence,No Evidence,diagnostic_baseline,question_only_lower_bound,True,controlled,comparison,entity,4000,front,medium,low,Model Alpha 00032,Model B,p0001;p0002,,True,0.0,0.4,0.0,0.5,0.0,0.4,0.0,0.0,0.0,0.0,evidence_localization_failure,
controlled_000033,qwen3:14b,direct,Full Context,diagnostic_condition,full_context_condition,True,controlled,comparison,entity,4000,front,medium,low,Model Alpha 00032,Model Alpha,p0001;p0002,p0001;p0002,True,0.0,0.8,1.0,1.0,0.0,0.8,1.0,1.0,1.0,1.0,answer_conversion_failure,
controlled_000033,qwen3:14b,retrieve_then_read,Retrieved Evidence,diagnostic_condition,evidence_narrowed_condition,True,controlled,comparison,entity,4000,front,medium,low,Model Alpha 00032,Model Alpha,p0001;p0002,p0001;p0002,True,0.0,0.8,1.0,1.0,0.0,0.8,1.0,1.0,1.0,1.0,answer_conversion_failure,
controlled_000033,qwen3:14b,oracle,Oracle Evidence,diagnostic_baseline,oracle_evidence_upper_reference,True,controlled,comparison,entity,4000,front,medium,low,Model Alpha 00032,Model Alpha,p0001;p0002,p0001;p0002,True,0.0,0.8,1.0,1.0,0.0,0.8,1.0,1.0,1.0,1.0,answer_conversion_failure,
controlled_000031,qwen3:14b,no_evidence,No Evidence,diagnostic_baseline,question_only_lower_bound,True,controlled,comparison,entity,4000,front,medium,low,Model Alpha 00030,Model B,p0001;p0002,,True,0.0,0.4,0.0,0.5,0.0,0.4,0.0,0.0,0.0,0.0,evidence_localization_failure,
controlled_000031,qwen3:14b,direct,Full Context,diagnostic_condition,full_context_condition,True,controlled,comparison,entity,4000,front,medium,low,Model Alpha 00030,Model Alpha,p0001;p0002,p0001;p0002,True,0.0,0.8,1.0,1.0,0.0,0.8,1.0,1.0,1.0,1.0,answer_conversion_failure,
controlled_000031,qwen3:14b,retrieve_then_read,Retrieved Evidence,diagnostic_condition,evidence_narrowed_condition,True,controlled,comparison,entity,4000,front,medium,low,Model Alpha 00030,Model Alpha,p0001;p0002,p0001;p0002,True,0.0,0.8,1.0,1.0,0.0,0.8,1.0,1.0,1.0,1.0,answer_conversion_failure,
controlled_000031,qwen3:14b,oracle,Oracle Evidence,diagnostic_baseline,oracle_evidence_upper_reference,True,controlled,comparison,entity,4000,front,medium,low,Model Alpha 00030,Model Alpha,p0001;p0002,p0001;p0002,True,0.0,0.8,1.0,1.0,0.0,0.8,1.0,1.0,1.0,1.0,answer_conversion_failure,
controlled_000096,qwen3:14b,no_evidence,No Evidence,diagnostic_baseline,question_only_lower_bound,True,controlled,arithmetic,number,4000,middle,medium,none,583,unknown,p0001;p0002,,True,0.0,0.0,0.0,0.0,0.0,0.0,0.0,0.0,0.0,0.0,evidence_localization_failure,
controlled_000096,qwen3:14b,direct,Full Context,diagnostic_condition,full_context_condition,True,controlled,arithmetic,number,4000,middle,medium,none,583,583,p0001;p0002,p0001;p0002,True,1.0,1.0,1.0,1.0,1.0,1.0,1.0,1.0,1.0,1.0,success,
controlled_000096,qwen3:14b,retrieve_then_read,Retrieved Evidence,diagnostic_condition,evidence_narrowed_condition,True,controlled,arithmetic,number,4000,middle,medium,none,583,583,p0001;p0002,p0001;p0002,True,1.0,1.0,1.0,1.0,1.0,1.0,1.0,1.0,1.0,1.0,success,
controlled_000096,qwen3:14b,oracle,Oracle Evidence,diagnostic_baseline,oracle_evidence_upper_reference,True,controlled,arithmetic,number,4000,middle,medium,none,583,583,p0001;p0002,p0001;p0002,True,1.0,1.0,1.0,1.0,1.0,1.0,1.0,1.0,1.0,1.0,success,
controlled_000224,qwen3:14b,no_evidence,No Evidence,diagnostic_baseline,question_only_lower_bound,True,controlled,single_hop,entity,4000,end,low,conflicting,Arcturus Systems 00223,unknown,p0001,,True,0.0,0.0,0.0,0.0,0.0,0.0,0.0,0.0,0.0,0.0,evidence_localization_failure,
controlled_000224,qwen3:14b,direct,Full Context,diagnostic_condition,full_context_condition,True,controlled,single_hop,entity,4000,end,low,conflicting,Arcturus Systems 00223,Arcturus Systems 00223,p0001,p0001,True,1.0,1.0,1.0,1.0,1.0,1.0,1.0,1.0,1.0,1.0,success,
controlled_000224,qwen3:14b,retrieve_then_read,Retrieved Evidence,diagnostic_condition,evidence_narrowed_condition,True,controlled,single_hop,entity,4000,end,low,conflicting,Arcturus Systems 00223,Arcturus Systems,p0001,p0001,True,0.0,0.8,1.0,1.0,0.0,0.8,1.0,1.0,1.0,1.0,answer_conversion_failure,
controlled_000224,qwen3:14b,oracle,Oracle Evidence,diagnostic_baseline,oracle_evidence_upper_reference,True,controlled,single_hop,entity,4000,end,low,conflicting,Arcturus Systems 00223,Arcturus Systems 00223,p0001,p0001,True,1.0,1.0,1.0,1.0,1.0,1.0,1.0,1.0,1.0,1.0,success,
controlled_000239,qwen3:14b,no_evidence,No Evidence,diagnostic_baseline,question_only_lower_bound,True,controlled,arithmetic,number,4000,end,medium,conflicting,494,unknown,p0001;p0002,,True,0.0,0.0,0.0,0.0,0.0,0.0,0.0,0.0,0.0,0.0,evidence_localization_failure,
controlled_000239,qwen3:14b,direct,Full Context,diagnostic_condition,full_context_condition,True,controlled,arithmetic,number,4000,end,medium,conflicting,494,494,p0001;p0002,p0001;p0002,True,1.0,1.0,1.0,1.0,1.0,1.0,1.0,1.0,1.0,1.0,success,
controlled_000239,qwen3:14b,retrieve_then_read,Retrieved Evidence,diagnostic_condition,evidence_narrowed_condition,True,controlled,arithmetic,number,4000,end,medium,conflicting,494,494,p0001;p0002,p0001;p0002,True,1.0,1.0,1.0,1.0,1.0,1.0,1.0,1.0,1.0,1.0,success,
controlled_000239,qwen3:14b,oracle,Oracle Evidence,diagnostic_baseline,oracle_evidence_upper_reference,True,controlled,arithmetic,number,4000,end,medium,conflicting,494,494,p0001;p0002,p0001;p0002,True,1.0,1.0,1.0,1.0,1.0,1.0,1.0,1.0,1.0,1.0,success,
controlled_000518,qwen3:14b,no_evidence,No Evidence,diagnostic_baseline,question_only_lower_bound,True,controlled,arithmetic,number,8000,end,medium,low,616,unknown,p0001;p0002,,True,0.0,0.0,0.0,0.0,0.0,0.0,0.0,0.0,0.0,0.0,evidence_localization_failure,
controlled_000518,qwen3:14b,direct,Full Context,diagnostic_condition,full_context_condition,True,controlled,arithmetic,number,8000,end,medium,low,616,616,p0001;p0002,p0001;p0002,True,1.0,1.0,1.0,1.0,1.0,1.0,1.0,1.0,1.0,1.0,success,
controlled_000518,qwen3:14b,retrieve_then_read,Retrieved Evidence,diagnostic_condition,evidence_narrowed_condition,True,controlled,arithmetic,number,8000,end,medium,low,616,616,p0001;p0002,p0001;p0002,True,1.0,1.0,1.0,1.0,1.0,1.0,1.0,1.0,1.0,1.0,success,
controlled_000518,qwen3:14b,oracle,Oracle Evidence,diagnostic_baseline,oracle_evidence_upper_reference,True,controlled,arithmetic,number,8000,end,medium,low,616,616,p0001;p0002,p0001;p0002,True,1.0,1.0,1.0,1.0,1.0,1.0,1.0,1.0,1.0,1.0,success,
controlled_000617,qwen3:14b,no_evidence,No Evidence,diagnostic_baseline,question_only_lower_bound,True,controlled,arithmetic,number,8000,scattered,medium,high,506,unknown,p0001;p0002,,True,0.0,0.0,0.0,0.0,0.0,0.0,0.0,0.0,0.0,0.0,evidence_localization_failure,
controlled_000617,qwen3:14b,direct,Full Context,diagnostic_condition,full_context_condition,True,controlled,arithmetic,number,8000,scattered,medium,high,506,100,p0001;p0002,p0001;p0002,True,0.0,0.0,0.0,0.0,0.0,0.0,1.0,1.0,1.0,1.0,answer_conversion_failure,
controlled_000617,qwen3:14b,retrieve_then_read,Retrieved Evidence,diagnostic_condition,evidence_narrowed_condition,True,controlled,arithmetic,number,8000,scattered,medium,high,506,409,p0001;p0002,p0001,True,0.0,0.0,0.0,0.0,0.0,0.0,1.0,0.5,0.6666666666666666,1.0,evidence_integration_failure,
controlled_000617,qwen3:14b,oracle,Oracle Evidence,diagnostic_baseline,oracle_evidence_upper_reference,True,controlled,arithmetic,number,8000,scattered,medium,high,506,506,p0001;p0002,p0001;p0002,True,1.0,1.0,1.0,1.0,1.0,1.0,1.0,1.0,1.0,1.0,success,
controlled_000028,qwen3:14b,no_evidence,No Evidence,diagnostic_baseline,question_only_lower_bound,True,controlled,multi_hop,entity,4000,front,medium,low,Zurich-00027,unknown,p0001;p0002,,True,0.0,0.0,0.0,0.0,0.0,0.0,0.0,0.0,0.0,0.0,evidence_localization_failure,
controlled_000028,qwen3:14b,direct,Full Context,diagnostic_condition,full_context_condition,True,controlled,multi_hop,entity,4000,front,medium,low,Zurich-00027,Zurich-00027,p0001;p0002,p0001;p0002,True,1.0,1.0,1.0,1.0,1.0,1.0,1.0,1.0,1.0,1.0,success,
controlled_000028,qwen3:14b,retrieve_then_read,Retrieved Evidence,diagnostic_condition,evidence_narrowed_condition,True,controlled,multi_hop,entity,4000,front,medium,low,Zurich-00027,Zurich-00027,p0001;p0002,p0001;p0002,True,1.0,1.0,1.0,1.0,1.0,1.0,1.0,1.0,1.0,1.0,success,
controlled_000028,qwen3:14b,oracle,Oracle Evidence,diagnostic_baseline,oracle_evidence_upper_reference,True,controlled,multi_hop,entity,4000,front,medium,low,Zurich-00027,Zurich-00027,p0001;p0002,p0001;p0002,True,1.0,1.0,1.0,1.0,1.0,1.0,1.0,1.0,1.0,1.0,success,
controlled_000575,qwen3:14b,no_evidence,No Evidence,diagnostic_baseline,question_only_lower_bound,True,controlled,comparison,entity,8000,scattered,medium,none,Model Alpha 00574,unknown,p0001;p0002,,True,0.0,0.0,0.0,0.0,0.0,0.0,0.0,0.0,0.0,0.0,evidence_localization_failure,
controlled_000575,qwen3:14b,direct,Full Context,diagnostic_condition,full_context_condition,True,controlled,comparison,entity,8000,scattered,medium,none,Model Alpha 00574,Model Beta,p0001;p0002,p0001,True,0.0,0.4,0.0,0.5,0.0,0.4,1.0,0.5,0.6666666666666666,1.0,evidence_integration_failure,
controlled_000575,qwen3:14b,retrieve_then_read,Retrieved Evidence,diagnostic_condition,evidence_narrowed_condition,True,controlled,comparison,entity,8000,scattered,medium,none,Model Alpha 00574,Model Alpha,p0001;p0002,p0001,True,0.0,0.8,1.0,1.0,0.0,0.8,1.0,0.5,0.6666666666666666,1.0,evidence_integration_failure,
controlled_000575,qwen3:14b,oracle,Oracle Evidence,diagnostic_baseline,oracle_evidence_upper_reference,True,controlled,comparison,entity,8000,scattered,medium,none,Model Alpha 00574,Model Alpha,p0001;p0002,p0001;p0002,True,0.0,0.8,1.0,1.0,0.0,0.8,1.0,1.0,1.0,1.0,answer_conversion_failure,
controlled_000204,qwen3:14b,no_evidence,No Evidence,diagnostic_baseline,question_only_lower_bound,True,controlled,single_hop,entity,4000,end,low,high,Arcturus Systems 00203,unknown,p0001,,True,0.0,0.0,0.0,0.0,0.0,0.0,0.0,0.0,0.0,0.0,evidence_localization_failure,
controlled_000204,qwen3:14b,direct,Full Context,diagnostic_condition,full_context_condition,True,controlled,single_hop,entity,4000,end,low,high,Arcturus Systems 00203,Arcturus Systems 00203,p0001,p0001,True,1.0,1.0,1.0,1.0,1.0,1.0,1.0,1.0,1.0,1.0,success,
controlled_000204,qwen3:14b,retrieve_then_read,Retrieved Evidence,diagnostic_condition,evidence_narrowed_condition,True,controlled,single_hop,entity,4000,end,low,high,Arcturus Systems 00203,Arcturus Systems,p0001,p0001,True,0.0,0.8,1.0,1.0,0.0,0.8,1.0,1.0,1.0,1.0,answer_conversion_failure,
controlled_000204,qwen3:14b,oracle,Oracle Evidence,diagnostic_baseline,oracle_evidence_upper_reference,True,controlled,single_hop,entity,4000,end,low,high,Arcturus Systems 00203,Arcturus Systems 00203,p0001,p0001,True,1.0,1.0,1.0,1.0,1.0,1.0,1.0,1.0,1.0,1.0,success,
controlled_000734,qwen3:14b,no_evidence,No Evidence,diagnostic_baseline,question_only_lower_bound,True,controlled,comparison,entity,16000,middle,medium,none,Model Alpha 00733,unknown,p0001;p0002,,True,0.0,0.0,0.0,0.0,0.0,0.0,0.0,0.0,0.0,0.0,evidence_localization_failure,
controlled_000734,qwen3:14b,direct,Full Context,diagnostic_condition,full_context_condition,True,controlled,comparison,entity,16000,middle,medium,none,Model Alpha 00733,unknown,p0001;p0002,,True,0.0,0.0,0.0,0.0,0.0,0.0,0.0,0.0,0.0,0.0,evidence_localization_failure,
controlled_000734,qwen3:14b,retrieve_then_read,Retrieved Evidence,diagnostic_condition,evidence_narrowed_condition,True,controlled,comparison,entity,16000,middle,medium,none,Model Alpha 00733,Model Alpha,p0001;p0002,p0001;p0002,True,0.0,0.8,1.0,1.0,0.0,0.8,1.0,1.0,1.0,1.0,answer_conversion_failure,
controlled_000734,qwen3:14b,oracle,Oracle Evidence,diagnostic_baseline,oracle_evidence_upper_reference,True,controlled,comparison,entity,16000,middle,medium,none,Model Alpha 00733,Model Alpha,p0001;p0002,p0001;p0002,True,0.0,0.8,1.0,1.0,0.0,0.8,1.0,1.0,1.0,1.0,answer_conversion_failure,
controlled_000666,qwen3:14b,no_evidence,No Evidence,diagnostic_baseline,question_only_lower_bound,True,controlled,multi_hop,entity,16000,front,medium,low,Zurich-00665,unknown,p0001;p0002,,True,0.0,0.0,0.0,0.0,0.0,0.0,0.0,0.0,0.0,0.0,evidence_localization_failure,
controlled_000666,qwen3:14b,direct,Full Context,diagnostic_condition,full_context_condition,True,controlled,multi_hop,entity,16000,front,medium,low,Zurich-00665,San Francisco,p0001;p0002,p0001,True,0.0,0.0,0.0,0.0,0.0,0.0,1.0,0.5,0.6666666666666666,1.0,evidence_integration_failure,
controlled_000666,qwen3:14b,retrieve_then_read,Retrieved Evidence,diagnostic_condition,evidence_narrowed_condition,True,controlled,multi_hop,entity,16000,front,medium,low,Zurich-00665,Zurich-00665,p0001;p0002,p0001;p0002,True,1.0,1.0,1.0,1.0,1.0,1.0,1.0,1.0,1.0,1.0,success,
controlled_000666,qwen3:14b,oracle,Oracle Evidence,diagnostic_baseline,oracle_evidence_upper_reference,True,controlled,multi_hop,entity,16000,front,medium,low,Zurich-00665,Zurich-00665,p0001;p0002,p0001;p0002,True,1.0,1.0,1.0,1.0,1.0,1.0,1.0,1.0,1.0,1.0,success,
controlled_000719,qwen3:14b,no_evidence,No Evidence,diagnostic_baseline,question_only_lower_bound,True,controlled,arithmetic,number,16000,front,medium,conflicting,573,unknown,p0001;p0002,,True,0.0,0.0,0.0,0.0,0.0,0.0,0.0,0.0,0.0,0.0,evidence_localization_failure,
controlled_000719,qwen3:14b,direct,Full Context,diagnostic_condition,full_context_condition,True,controlled,arithmetic,number,16000,front,medium,conflicting,573,0,p0001;p0002,,True,0.0,0.0,0.0,0.0,0.0,0.0,0.0,0.0,0.0,0.0,evidence_localization_failure,
controlled_000719,qwen3:14b,retrieve_then_read,Retrieved Evidence,diagnostic_condition,evidence_narrowed_condition,True,controlled,arithmetic,number,16000,front,medium,conflicting,573,573,p0001;p0002,p0001;p0002,True,1.0,1.0,1.0,1.0,1.0,1.0,1.0,1.0,1.0,1.0,success,
controlled_000719,qwen3:14b,oracle,Oracle Evidence,diagnostic_baseline,oracle_evidence_upper_reference,True,controlled,arithmetic,number,16000,front,medium,conflicting,573,573,p0001;p0002,p0001;p0002,True,1.0,1.0,1.0,1.0,1.0,1.0,1.0,1.0,1.0,1.0,success,
controlled_000947,qwen3:14b,no_evidence,No Evidence,diagnostic_baseline,question_only_lower_bound,True,controlled,multi_hop,entity,16000,scattered,medium,conflicting,Zurich-00946,unknown,p0001;p0002,,True,0.0,0.0,0.0,0.0,0.0,0.0,0.0,0.0,0.0,0.0,evidence_localization_failure,
controlled_000947,qwen3:14b,direct,Full Context,diagnostic_condition,full_context_condition,True,controlled,multi_hop,entity,16000,scattered,medium,conflicting,Zurich-00946,San Francisco,p0001;p0002,p0001,True,0.0,0.0,0.0,0.0,0.0,0.0,1.0,0.5,0.6666666666666666,1.0,evidence_integration_failure,
controlled_000947,qwen3:14b,retrieve_then_read,Retrieved Evidence,diagnostic_condition,evidence_narrowed_condition,True,controlled,multi_hop,entity,16000,scattered,medium,conflicting,Zurich-00946,Zurich-00946,p0001;p0002,p0001;p0002,True,1.0,1.0,1.0,1.0,1.0,1.0,1.0,1.0,1.0,1.0,success,
controlled_000947,qwen3:14b,oracle,Oracle Evidence,diagnostic_baseline,oracle_evidence_upper_reference,True,controlled,multi_hop,entity,16000,scattered,medium,conflicting,Zurich-00946,Zurich-00946,p0001;p0002,p0001;p0002,True,1.0,1.0,1.0,1.0,1.0,1.0,1.0,1.0,1.0,1.0,success,
controlled_000430,qwen3:14b,no_evidence,No Evidence,diagnostic_baseline,question_only_lower_bound,True,controlled,multi_hop,entity,8000,middle,medium,low,Zurich-00429,unknown,p0001;p0002,,True,0.0,0.0,0.0,0.0,0.0,0.0,0.0,0.0,0.0,0.0,evidence_localization_failure,
controlled_000430,qwen3:14b,direct,Full Context,diagnostic_condition,full_context_condition,True,controlled,multi_hop,entity,8000,middle,medium,low,Zurich-00429,Zurich,p0001;p0002,p0001;p0002,True,0.0,0.0,1.0,1.0,0.0,0.0,1.0,1.0,1.0,1.0,answer_conversion_failure,
controlled_000430,qwen3:14b,retrieve_then_read,Retrieved Evidence,diagnostic_condition,evidence_narrowed_condition,True,controlled,multi_hop,entity,8000,middle,medium,low,Zurich-00429,Zurich-00429,p0001;p0002,p0001;p0002,True,1.0,1.0,1.0,1.0,1.0,1.0,1.0,1.0,1.0,1.0,success,
controlled_000430,qwen3:14b,oracle,Oracle Evidence,diagnostic_baseline,oracle_evidence_upper_reference,True,controlled,multi_hop,entity,8000,middle,medium,low,Zurich-00429,Zurich-00429,p0001;p0002,p0001;p0002,True,1.0,1.0,1.0,1.0,1.0,1.0,1.0,1.0,1.0,1.0,success,
controlled_000226,qwen3:14b,no_evidence,No Evidence,diagnostic_baseline,question_only_lower_bound,True,controlled,multi_hop,entity,4000,end,medium,conflicting,Zurich-00225,,p0001;p0002,,True,0.0,0.0,0.0,0.0,0.0,0.0,0.0,0.0,0.0,0.0,evidence_localization_failure,
controlled_000226,qwen3:14b,direct,Full Context,diagnostic_condition,full_context_condition,True,controlled,multi_hop,entity,4000,end,medium,conflicting,Zurich-00225,Zurich-00225,p0001;p0002,p0001;p0002,True,1.0,1.0,1.0,1.0,1.0,1.0,1.0,1.0,1.0,1.0,success,
controlled_000226,qwen3:14b,retrieve_then_read,Retrieved Evidence,diagnostic_condition,evidence_narrowed_condition,True,controlled,multi_hop,entity,4000,end,medium,conflicting,Zurich-00225,Zurich-00225,p0001;p0002,p0001;p0002,True,1.0,1.0,1.0,1.0,1.0,1.0,1.0,1.0,1.0,1.0,success,
controlled_000226,qwen3:14b,oracle,Oracle Evidence,diagnostic_baseline,oracle_evidence_upper_reference,True,controlled,multi_hop,entity,4000,end,medium,conflicting,Zurich-00225,Zurich-00225,p0001;p0002,p0001;p0002,True,1.0,1.0,1.0,1.0,1.0,1.0,1.0,1.0,1.0,1.0,success,
controlled_000460,qwen3:14b,no_evidence,No Evidence,diagnostic_baseline,question_only_lower_bound,True,controlled,arithmetic,number,8000,middle,medium,high,438,unknown,p0001;p0002,,True,0.0,0.0,0.0,0.0,0.0,0.0,0.0,0.0,0.0,0.0,evidence_localization_failure,
controlled_000460,qwen3:14b,direct,Full Context,diagnostic_condition,full_context_condition,True,controlled,arithmetic,number,8000,middle,medium,high,438,346,p0001;p0002,p0001;p0002,True,0.0,0.0,0.0,0.0,0.0,0.0,1.0,1.0,1.0,1.0,answer_conversion_failure,
controlled_000460,qwen3:14b,retrieve_then_read,Retrieved Evidence,diagnostic_condition,evidence_narrowed_condition,True,controlled,arithmetic,number,8000,middle,medium,high,438,438,p0001;p0002,p0001;p0002,True,1.0,1.0,1.0,1.0,1.0,1.0,1.0,1.0,1.0,1.0,success,
controlled_000460,qwen3:14b,oracle,Oracle Evidence,diagnostic_baseline,oracle_evidence_upper_reference,True,controlled,arithmetic,number,8000,middle,medium,high,438,438,p0001;p0002,p0001;p0002,True,1.0,1.0,1.0,1.0,1.0,1.0,1.0,1.0,1.0,1.0,success,
controlled_000604,qwen3:14b,no_evidence,No Evidence,diagnostic_baseline,question_only_lower_bound,True,controlled,single_hop,entity,8000,scattered,low,high,Arcturus Systems 00603,unknown,p0001,,True,0.0,0.0,0.0,0.0,0.0,0.0,0.0,0.0,0.0,0.0,evidence_localization_failure,
controlled_000604,qwen3:14b,direct,Full Context,diagnostic_condition,full_context_condition,True,controlled,single_hop,entity,8000,scattered,low,high,Arcturus Systems 00603,Archer-Daniels-Midland,p0001,p0001,True,0.0,0.0,0.0,0.0,0.0,0.0,1.0,1.0,1.0,1.0,answer_conversion_failure,
controlled_000604,qwen3:14b,retrieve_then_read,Retrieved Evidence,diagnostic_condition,evidence_narrowed_condition,True,controlled,single_hop,entity,8000,scattered,low,high,Arcturus Systems 00603,Arcturus Systems 00603,p0001,p0001,True,1.0,1.0,1.0,1.0,1.0,1.0,1.0,1.0,1.0,1.0,success,
controlled_000604,qwen3:14b,oracle,Oracle Evidence,diagnostic_baseline,oracle_evidence_upper_reference,True,controlled,single_hop,entity,8000,scattered,low,high,Arcturus Systems 00603,Arcturus Systems 00603,p0001,p0001,True,1.0,1.0,1.0,1.0,1.0,1.0,1.0,1.0,1.0,1.0,success,
controlled_000285,qwen3:14b,no_evidence,No Evidence,diagnostic_baseline,question_only_lower_bound,True,controlled,single_hop,entity,4000,scattered,low,high,Arcturus Systems 00284,unknown,p0001,,True,0.0,0.0,0.0,0.0,0.0,0.0,0.0,0.0,0.0,0.0,evidence_localization_failure,
controlled_000285,qwen3:14b,direct,Full Context,diagnostic_condition,full_context_condition,True,controlled,single_hop,entity,4000,scattered,low,high,Arcturus Systems 00284,Arcturus Systems 00284,p0001,p0001,True,1.0,1.0,1.0,1.0,1.0,1.0,1.0,1.0,1.0,1.0,success,
controlled_000285,qwen3:14b,retrieve_then_read,Retrieved Evidence,diagnostic_condition,evidence_narrowed_condition,True,controlled,single_hop,entity,4000,scattered,low,high,Arcturus Systems 00284,Arcturus Systems,p0001,p0001,True,0.0,0.8,1.0,1.0,0.0,0.8,1.0,1.0,1.0,1.0,answer_conversion_failure,
controlled_000285,qwen3:14b,oracle,Oracle Evidence,diagnostic_baseline,oracle_evidence_upper_reference,True,controlled,single_hop,entity,4000,scattered,low,high,Arcturus Systems 00284,Arcturus Systems,p0001,p0001,True,0.0,0.8,1.0,1.0,0.0,0.8,1.0,1.0,1.0,1.0,answer_conversion_failure,
controlled_000829,qwen3:14b,no_evidence,No Evidence,diagnostic_baseline,question_only_lower_bound,True,controlled,multi_hop,entity,16000,end,medium,low,Zurich-00828,unknown,p0001;p0002,,True,0.0,0.0,0.0,0.0,0.0,0.0,0.0,0.0,0.0,0.0,evidence_localization_failure,
controlled_000829,qwen3:14b,direct,Full Context,diagnostic_condition,full_context_condition,True,controlled,multi_hop,entity,16000,end,medium,low,Zurich-00828,Zurich-00828,p0001;p0002,p0002,True,1.0,1.0,1.0,1.0,1.0,1.0,1.0,0.5,0.6666666666666666,1.0,success,
controlled_000829,qwen3:14b,retrieve_then_read,Retrieved Evidence,diagnostic_condition,evidence_narrowed_condition,True,controlled,multi_hop,entity,16000,end,medium,low,Zurich-00828,Zurich-00828,p0001;p0002,p0001;p0002,True,1.0,1.0,1.0,1.0,1.0,1.0,1.0,1.0,1.0,1.0,success,
controlled_000829,qwen3:14b,oracle,Oracle Evidence,diagnostic_baseline,oracle_evidence_upper_reference,True,controlled,multi_hop,entity,16000,end,medium,low,Zurich-00828,Zurich-00828,p0001;p0002,p0001;p0002,True,1.0,1.0,1.0,1.0,1.0,1.0,1.0,1.0,1.0,1.0,success,
controlled_000891,qwen3:14b,no_evidence,No Evidence,diagnostic_baseline,question_only_lower_bound,True,controlled,comparison,entity,16000,scattered,medium,none,Model Alpha 00890,unknown,p0001;p0002,,True,0.0,0.0,0.0,0.0,0.0,0.0,0.0,0.0,0.0,0.0,evidence_localization_failure,
controlled_000891,qwen3:14b,direct,Full Context,diagnostic_condition,full_context_condition,True,controlled,comparison,entity,16000,scattered,medium,none,Model Alpha 00890,unknown,p0001;p0002,,True,0.0,0.0,0.0,0.0,0.0,0.0,0.0,0.0,0.0,0.0,evidence_localization_failure,
controlled_000891,qwen3:14b,retrieve_then_read,Retrieved Evidence,diagnostic_condition,evidence_narrowed_condition,True,controlled,comparison,entity,16000,scattered,medium,none,Model Alpha 00890,Model Alpha,p0001;p0002,p0001,True,0.0,0.8,1.0,1.0,0.0,0.8,1.0,0.5,0.6666666666666666,1.0,evidence_integration_failure,
controlled_000891,qwen3:14b,oracle,Oracle Evidence,diagnostic_baseline,oracle_evidence_upper_reference,True,controlled,comparison,entity,16000,scattered,medium,none,Model Alpha 00890,Model Alpha,p0001;p0002,p0001;p0002,True,0.0,0.8,1.0,1.0,0.0,0.8,1.0,1.0,1.0,1.0,answer_conversion_failure,
controlled_000007,qwen3:14b,no_evidence,No Evidence,diagnostic_baseline,question_only_lower_bound,True,controlled,multi_hop,entity,4000,front,medium,none,Zurich-00006,unknown,p0001;p0002,,True,0.0,0.0,0.0,0.0,0.0,0.0,0.0,0.0,0.0,0.0,evidence_localization_failure,
controlled_000007,qwen3:14b,direct,Full Context,diagnostic_condition,full_context_condition,True,controlled,multi_hop,entity,4000,front,medium,none,Zurich-00006,Zurich-00006,p0001;p0002,p0001;p0002,True,1.0,1.0,1.0,1.0,1.0,1.0,1.0,1.0,1.0,1.0,success,
controlled_000007,qwen3:14b,retrieve_then_read,Retrieved Evidence,diagnostic_condition,evidence_narrowed_condition,True,controlled,multi_hop,entity,4000,front,medium,none,Zurich-00006,Zurich-00006,p0001;p0002,p0001;p0002,True,1.0,1.0,1.0,1.0,1.0,1.0,1.0,1.0,1.0,1.0,success,
controlled_000007,qwen3:14b,oracle,Oracle Evidence,diagnostic_baseline,oracle_evidence_upper_reference,True,controlled,multi_hop,entity,4000,front,medium,none,Zurich-00006,Zurich-00006,p0001;p0002,p0001;p0002,True,1.0,1.0,1.0,1.0,1.0,1.0,1.0,1.0,1.0,1.0,success,
controlled_000778,qwen3:14b,no_evidence,No Evidence,diagnostic_baseline,question_only_lower_bound,True,controlled,arithmetic,number,16000,middle,medium,high,609,unknown,p0001;p0002,,True,0.0,0.0,0.0,0.0,0.0,0.0,0.0,0.0,0.0,0.0,evidence_localization_failure,
controlled_000778,qwen3:14b,direct,Full Context,diagnostic_condition,full_context_condition,True,controlled,arithmetic,number,16000,middle,medium,high,609,0,p0001;p0002,,True,0.0,0.0,0.0,0.0,0.0,0.0,0.0,0.0,0.0,0.0,evidence_localization_failure,
controlled_000778,qwen3:14b,retrieve_then_read,Retrieved Evidence,diagnostic_condition,evidence_narrowed_condition,True,controlled,arithmetic,number,16000,middle,medium,high,609,609,p0001;p0002,p0001;p0002,True,1.0,1.0,1.0,1.0,1.0,1.0,1.0,1.0,1.0,1.0,success,
controlled_000778,qwen3:14b,oracle,Oracle Evidence,diagnostic_baseline,oracle_evidence_upper_reference,True,controlled,arithmetic,number,16000,middle,medium,high,609,609,p0001;p0002,p0001;p0002,True,1.0,1.0,1.0,1.0,1.0,1.0,1.0,1.0,1.0,1.0,success,
controlled_000826,qwen3:14b,no_evidence,No Evidence,diagnostic_baseline,question_only_lower_bound,True,controlled,multi_hop,entity,16000,end,medium,low,Zurich-00825,unknown,p0001;p0002,,True,0.0,0.0,0.0,0.0,0.0,0.0,0.0,0.0,0.0,0.0,evidence_localization_failure,
controlled_000826,qwen3:14b,direct,Full Context,diagnostic_condition,full_context_condition,True,controlled,multi_hop,entity,16000,end,medium,low,Zurich-00825,Zurich-00825,p0001;p0002,p0001;p0002,True,1.0,1.0,1.0,1.0,1.0,1.0,1.0,1.0,1.0,1.0,success,
controlled_000826,qwen3:14b,retrieve_then_read,Retrieved Evidence,diagnostic_condition,evidence_narrowed_condition,True,controlled,multi_hop,entity,16000,end,medium,low,Zurich-00825,Zurich-00825,p0001;p0002,p0001;p0002,True,1.0,1.0,1.0,1.0,1.0,1.0,1.0,1.0,1.0,1.0,success,
controlled_000826,qwen3:14b,oracle,Oracle Evidence,diagnostic_baseline,oracle_evidence_upper_reference,True,controlled,multi_hop,entity,16000,end,medium,low,Zurich-00825,Zurich-00825,p0001;p0002,p0001;p0002,True,1.0,1.0,1.0,1.0,1.0,1.0,1.0,1.0,1.0,1.0,success,
controlled_000164,qwen3:14b,no_evidence,No Evidence,diagnostic_baseline,question_only_lower_bound,True,controlled,single_hop,entity,4000,end,low,none,Arcturus Systems 00163,unknown,p0001,,True,0.0,0.0,0.0,0.0,0.0,0.0,0.0,0.0,0.0,0.0,evidence_localization_failure,
controlled_000164,qwen3:14b,direct,Full Context,diagnostic_condition,full_context_condition,True,controlled,single_hop,entity,4000,end,low,none,Arcturus Systems 00163,Arcturus Systems 00163,p0001,p0001,True,1.0,1.0,1.0,1.0,1.0,1.0,1.0,1.0,1.0,1.0,success,
controlled_000164,qwen3:14b,retrieve_then_read,Retrieved Evidence,diagnostic_condition,evidence_narrowed_condition,True,controlled,single_hop,entity,4000,end,low,none,Arcturus Systems 00163,Arcturus Systems,p0001,p0001,True,0.0,0.8,1.0,1.0,0.0,0.8,1.0,1.0,1.0,1.0,answer_conversion_failure,
controlled_000164,qwen3:14b,oracle,Oracle Evidence,diagnostic_baseline,oracle_evidence_upper_reference,True,controlled,single_hop,entity,4000,end,low,none,Arcturus Systems 00163,Arcturus Systems 00163,p0001,p0001,True,1.0,1.0,1.0,1.0,1.0,1.0,1.0,1.0,1.0,1.0,success,
controlled_000715,qwen3:14b,no_evidence,No Evidence,diagnostic_baseline,question_only_lower_bound,True,controlled,comparison,entity,16000,front,medium,conflicting,Model Alpha 00714,unknown,p0001;p0002,,True,0.0,0.0,0.0,0.0,0.0,0.0,0.0,0.0,0.0,0.0,evidence_localization_failure,
controlled_000715,qwen3:14b,direct,Full Context,diagnostic_condition,full_context_condition,True,controlled,comparison,entity,16000,front,medium,conflicting,Model Alpha 00714,unknown,p0001;p0002,,True,0.0,0.0,0.0,0.0,0.0,0.0,0.0,0.0,0.0,0.0,evidence_localization_failure,
controlled_000715,qwen3:14b,retrieve_then_read,Retrieved Evidence,diagnostic_condition,evidence_narrowed_condition,True,controlled,comparison,entity,16000,front,medium,conflicting,Model Alpha 00714,Model Alpha,p0001;p0002,p0001;p0002,True,0.0,0.8,1.0,1.0,0.0,0.8,1.0,1.0,1.0,1.0,answer_conversion_failure,
controlled_000715,qwen3:14b,oracle,Oracle Evidence,diagnostic_baseline,oracle_evidence_upper_reference,True,controlled,comparison,entity,16000,front,medium,conflicting,Model Alpha 00714,Model Alpha,p0001;p0002,p0001;p0002,True,0.0,0.8,1.0,1.0,0.0,0.8,1.0,1.0,1.0,1.0,answer_conversion_failure,
controlled_000944,qwen3:14b,no_evidence,No Evidence,diagnostic_baseline,question_only_lower_bound,True,controlled,single_hop,entity,16000,scattered,low,conflicting,Arcturus Systems 00943,unknown,p0001,,True,0.0,0.0,0.0,0.0,0.0,0.0,0.0,0.0,0.0,0.0,evidence_localization_failure,
controlled_000944,qwen3:14b,direct,Full Context,diagnostic_condition,full_context_condition,True,controlled,single_hop,entity,16000,scattered,low,conflicting,Arcturus Systems 00943,Acme Corp,p0001,p0001,True,0.0,0.0,0.0,0.0,0.0,0.0,1.0,1.0,1.0,1.0,answer_conversion_failure,
controlled_000944,qwen3:14b,retrieve_then_read,Retrieved Evidence,diagnostic_condition,evidence_narrowed_condition,True,controlled,single_hop,entity,16000,scattered,low,conflicting,Arcturus Systems 00943,Arcturus Systems,p0001,p0001,True,0.0,0.8,1.0,1.0,0.0,0.8,1.0,1.0,1.0,1.0,answer_conversion_failure,
controlled_000944,qwen3:14b,oracle,Oracle Evidence,diagnostic_baseline,oracle_evidence_upper_reference,True,controlled,single_hop,entity,16000,scattered,low,conflicting,Arcturus Systems 00943,Arcturus Systems 00943,p0001,p0001,True,1.0,1.0,1.0,1.0,1.0,1.0,1.0,1.0,1.0,1.0,success,
controlled_000349,qwen3:14b,no_evidence,No Evidence,diagnostic_baseline,question_only_lower_bound,True,controlled,multi_hop,entity,8000,front,medium,low,Zurich-00348,unknown,p0001;p0002,,True,0.0,0.0,0.0,0.0,0.0,0.0,0.0,0.0,0.0,0.0,evidence_localization_failure,
controlled_000349,qwen3:14b,direct,Full Context,diagnostic_condition,full_context_condition,True,controlled,multi_hop,entity,8000,front,medium,low,Zurich-00348,unknown,p0001;p0002,,True,0.0,0.0,0.0,0.0,0.0,0.0,0.0,0.0,0.0,0.0,evidence_localization_failure,
controlled_000349,qwen3:14b,retrieve_then_read,Retrieved Evidence,diagnostic_condition,evidence_narrowed_condition,True,controlled,multi_hop,entity,8000,front,medium,low,Zurich-00348,Zurich-00348,p0001;p0002,p0001;p0002,True,1.0,1.0,1.0,1.0,1.0,1.0,1.0,1.0,1.0,1.0,success,
controlled_000349,qwen3:14b,oracle,Oracle Evidence,diagnostic_baseline,oracle_evidence_upper_reference,True,controlled,multi_hop,entity,8000,front,medium,low,Zurich-00348,Zurich-00348,p0001;p0002,p0001;p0002,True,1.0,1.0,1.0,1.0,1.0,1.0,1.0,1.0,1.0,1.0,success,
controlled_000925,qwen3:14b,no_evidence,No Evidence,diagnostic_baseline,question_only_lower_bound,True,controlled,single_hop,entity,16000,scattered,low,high,Arcturus Systems 00924,unknown,p0001,,True,0.0,0.0,0.0,0.0,0.0,0.0,0.0,0.0,0.0,0.0,evidence_localization_failure,
controlled_000925,qwen3:14b,direct,Full Context,diagnostic_condition,full_context_condition,True,controlled,single_hop,entity,16000,scattered,low,high,Arcturus Systems 00924,QuantumTech Innovations,p0001,p0001,True,0.0,0.0,0.0,0.0,0.0,0.0,1.0,1.0,1.0,1.0,answer_conversion_failure,
controlled_000925,qwen3:14b,retrieve_then_read,Retrieved Evidence,diagnostic_condition,evidence_narrowed_condition,True,controlled,single_hop,entity,16000,scattered,low,high,Arcturus Systems 00924,Arcturus Systems,p0001,p0001,True,0.0,0.8,1.0,1.0,0.0,0.8,1.0,1.0,1.0,1.0,answer_conversion_failure,
controlled_000925,qwen3:14b,oracle,Oracle Evidence,diagnostic_baseline,oracle_evidence_upper_reference,True,controlled,single_hop,entity,16000,scattered,low,high,Arcturus Systems 00924,Arcturus Systems 00924,p0001,p0001,True,1.0,1.0,1.0,1.0,1.0,1.0,1.0,1.0,1.0,1.0,success,
controlled_000160,qwen3:14b,no_evidence,No Evidence,diagnostic_baseline,question_only_lower_bound,True,controlled,arithmetic,number,4000,middle,medium,conflicting,570,unknown,p0001;p0002,,True,0.0,0.0,0.0,0.0,0.0,0.0,0.0,0.0,0.0,0.0,evidence_localization_failure,
controlled_000160,qwen3:14b,direct,Full Context,diagnostic_condition,full_context_condition,True,controlled,arithmetic,number,4000,middle,medium,conflicting,570,570,p0001;p0002,p0001;p0002,True,1.0,1.0,1.0,1.0,1.0,1.0,1.0,1.0,1.0,1.0,success,
controlled_000160,qwen3:14b,retrieve_then_read,Retrieved Evidence,diagnostic_condition,evidence_narrowed_condition,True,controlled,arithmetic,number,4000,middle,medium,conflicting,570,570,p0001;p0002,p0001;p0002,True,1.0,1.0,1.0,1.0,1.0,1.0,1.0,1.0,1.0,1.0,success,
controlled_000160,qwen3:14b,oracle,Oracle Evidence,diagnostic_baseline,oracle_evidence_upper_reference,True,controlled,arithmetic,number,4000,middle,medium,conflicting,570,570,p0001;p0002,p0001;p0002,True,1.0,1.0,1.0,1.0,1.0,1.0,1.0,1.0,1.0,1.0,success,
controlled_000221,qwen3:14b,no_evidence,No Evidence,diagnostic_baseline,question_only_lower_bound,True,controlled,single_hop,entity,4000,end,low,conflicting,Arcturus Systems 00220,unknown,p0001,,True,0.0,0.0,0.0,0.0,0.0,0.0,0.0,0.0,0.0,0.0,evidence_localization_failure,
controlled_000221,qwen3:14b,direct,Full Context,diagnostic_condition,full_context_condition,True,controlled,single_hop,entity,4000,end,low,conflicting,Arcturus Systems 00220,Arcturus Systems 00220,p0001,p0001,True,1.0,1.0,1.0,1.0,1.0,1.0,1.0,1.0,1.0,1.0,success,
controlled_000221,qwen3:14b,retrieve_then_read,Retrieved Evidence,diagnostic_condition,evidence_narrowed_condition,True,controlled,single_hop,entity,4000,end,low,conflicting,Arcturus Systems 00220,Arcturus Systems 00220,p0001,p0001,True,1.0,1.0,1.0,1.0,1.0,1.0,1.0,1.0,1.0,1.0,success,
controlled_000221,qwen3:14b,oracle,Oracle Evidence,diagnostic_baseline,oracle_evidence_upper_reference,True,controlled,single_hop,entity,4000,end,low,conflicting,Arcturus Systems 00220,Arcturus Systems 00220,p0001,p0001,True,1.0,1.0,1.0,1.0,1.0,1.0,1.0,1.0,1.0,1.0,success,
controlled_000782,qwen3:14b,no_evidence,No Evidence,diagnostic_baseline,question_only_lower_bound,True,controlled,single_hop,entity,16000,middle,low,conflicting,Arcturus Systems 00781,unknown,p0001,,True,0.0,0.0,0.0,0.0,0.0,0.0,0.0,0.0,0.0,0.0,evidence_localization_failure,
controlled_000782,qwen3:14b,direct,Full Context,diagnostic_condition,full_context_condition,True,controlled,single_hop,entity,16000,middle,low,conflicting,Arcturus Systems 00781,Acme Corp,p0001,p0001,True,0.0,0.0,0.0,0.0,0.0,0.0,1.0,1.0,1.0,1.0,answer_conversion_failure,
controlled_000782,qwen3:14b,retrieve_then_read,Retrieved Evidence,diagnostic_condition,evidence_narrowed_condition,True,controlled,single_hop,entity,16000,middle,low,conflicting,Arcturus Systems 00781,Arcturus Systems,p0001,p0001,True,0.0,0.8,1.0,1.0,0.0,0.8,1.0,1.0,1.0,1.0,answer_conversion_failure,
controlled_000782,qwen3:14b,oracle,Oracle Evidence,diagnostic_baseline,oracle_evidence_upper_reference,True,controlled,single_hop,entity,16000,middle,low,conflicting,Arcturus Systems 00781,Arcturus Systems 00781,p0001,p0001,True,1.0,1.0,1.0,1.0,1.0,1.0,1.0,1.0,1.0,1.0,success,
controlled_000345,qwen3:14b,no_evidence,No Evidence,diagnostic_baseline,question_only_lower_bound,True,controlled,single_hop,entity,8000,front,low,low,Arcturus Systems 00344,unknown,p0001,,True,0.0,0.0,0.0,0.0,0.0,0.0,0.0,0.0,0.0,0.0,evidence_localization_failure,
controlled_000345,qwen3:14b,direct,Full Context,diagnostic_condition,full_context_condition,True,controlled,single_hop,entity,8000,front,low,low,Arcturus Systems 00344,unknown,p0001,,True,0.0,0.0,0.0,0.0,0.0,0.0,0.0,0.0,0.0,0.0,evidence_localization_failure,
controlled_000345,qwen3:14b,retrieve_then_read,Retrieved Evidence,diagnostic_condition,evidence_narrowed_condition,True,controlled,single_hop,entity,8000,front,low,low,Arcturus Systems 00344,Arcturus Systems,p0001,p0001,True,0.0,0.8,1.0,1.0,0.0,0.8,1.0,1.0,1.0,1.0,answer_conversion_failure,
controlled_000345,qwen3:14b,oracle,Oracle Evidence,diagnostic_baseline,oracle_evidence_upper_reference,True,controlled,single_hop,entity,8000,front,low,low,Arcturus Systems 00344,Arcturus Systems,p0001,p0001,True,0.0,0.8,1.0,1.0,0.0,0.8,1.0,1.0,1.0,1.0,answer_conversion_failure,
controlled_000951,qwen3:14b,no_evidence,No Evidence,diagnostic_baseline,question_only_lower_bound,True,controlled,comparison,entity,16000,scattered,medium,conflicting,Model Alpha 00950,unknown,p0001;p0002,,True,0.0,0.0,0.0,0.0,0.0,0.0,0.0,0.0,0.0,0.0,evidence_localization_failure,
controlled_000951,qwen3:14b,direct,Full Context,diagnostic_condition,full_context_condition,True,controlled,comparison,entity,16000,scattered,medium,conflicting,Model Alpha 00950,unknown,p0001;p0002,,True,0.0,0.0,0.0,0.0,0.0,0.0,0.0,0.0,0.0,0.0,evidence_localization_failure,
controlled_000951,qwen3:14b,retrieve_then_read,Retrieved Evidence,diagnostic_condition,evidence_narrowed_condition,True,controlled,comparison,entity,16000,scattered,medium,conflicting,Model Alpha 00950,Model Alpha 00950,p0001;p0002,p0001;p0002;p0003,True,1.0,1.0,1.0,1.0,1.0,1.0,0.6666666666666666,1.0,0.8,1.0,success,
controlled_000951,qwen3:14b,oracle,Oracle Evidence,diagnostic_baseline,oracle_evidence_upper_reference,True,controlled,comparison,entity,16000,scattered,medium,conflicting,Model Alpha 00950,Model Alpha,p0001;p0002,p0001;p0002,True,0.0,0.8,1.0,1.0,0.0,0.8,1.0,1.0,1.0,1.0,answer_conversion_failure,
controlled_000095,qwen3:14b,no_evidence,No Evidence,diagnostic_baseline,question_only_lower_bound,True,controlled,comparison,entity,4000,middle,medium,none,Model Alpha 00094,unknown,p0001;p0002,,True,0.0,0.0,0.0,0.0,0.0,0.0,0.0,0.0,0.0,0.0,evidence_localization_failure,
controlled_000095,qwen3:14b,direct,Full Context,diagnostic_condition,full_context_condition,True,controlled,comparison,entity,4000,middle,medium,none,Model Alpha 00094,Model Alpha,p0001;p0002,p0001;p0002,True,0.0,0.8,1.0,1.0,0.0,0.8,1.0,1.0,1.0,1.0,answer_conversion_failure,
controlled_000095,qwen3:14b,retrieve_then_read,Retrieved Evidence,diagnostic_condition,evidence_narrowed_condition,True,controlled,comparison,entity,4000,middle,medium,none,Model Alpha 00094,Model Alpha,p0001;p0002,p0001;p0002,True,0.0,0.8,1.0,1.0,0.0,0.8,1.0,1.0,1.0,1.0,answer_conversion_failure,
controlled_000095,qwen3:14b,oracle,Oracle Evidence,diagnostic_baseline,oracle_evidence_upper_reference,True,controlled,comparison,entity,4000,middle,medium,none,Model Alpha 00094,Model Alpha,p0001;p0002,p0001;p0002,True,0.0,0.8,1.0,1.0,0.0,0.8,1.0,1.0,1.0,1.0,answer_conversion_failure,
controlled_000390,qwen3:14b,no_evidence,No Evidence,diagnostic_baseline,question_only_lower_bound,True,controlled,multi_hop,entity,8000,front,medium,conflicting,Zurich-00389,,p0001;p0002,,True,0.0,0.0,0.0,0.0,0.0,0.0,0.0,0.0,0.0,0.0,evidence_localization_failure,
controlled_000390,qwen3:14b,direct,Full Context,diagnostic_condition,full_context_condition,True,controlled,multi_hop,entity,8000,front,medium,conflicting,Zurich-00389,Oslo,p0001;p0002,p0001,True,0.0,0.0,0.0,0.0,0.0,0.0,1.0,0.5,0.6666666666666666,1.0,evidence_integration_failure,
controlled_000390,qwen3:14b,retrieve_then_read,Retrieved Evidence,diagnostic_condition,evidence_narrowed_condition,True,controlled,multi_hop,entity,8000,front,medium,conflicting,Zurich-00389,Zurich-00389,p0001;p0002,p0001;p0002,True,1.0,1.0,1.0,1.0,1.0,1.0,1.0,1.0,1.0,1.0,success,
controlled_000390,qwen3:14b,oracle,Oracle Evidence,diagnostic_baseline,oracle_evidence_upper_reference,True,controlled,multi_hop,entity,8000,front,medium,conflicting,Zurich-00389,Zurich-00389,p0001;p0002,p0001;p0002,True,1.0,1.0,1.0,1.0,1.0,1.0,1.0,1.0,1.0,1.0,success,
controlled_000100,qwen3:14b,no_evidence,No Evidence,diagnostic_baseline,question_only_lower_bound,True,controlled,arithmetic,number,4000,middle,medium,none,686,unknown,p0001;p0002,,True,0.0,0.0,0.0,0.0,0.0,0.0,0.0,0.0,0.0,0.0,evidence_localization_failure,
controlled_000100,qwen3:14b,direct,Full Context,diagnostic_condition,full_context_condition,True,controlled,arithmetic,number,4000,middle,medium,none,686,686,p0001;p0002,p0001;p0002,True,1.0,1.0,1.0,1.0,1.0,1.0,1.0,1.0,1.0,1.0,success,
controlled_000100,qwen3:14b,retrieve_then_read,Retrieved Evidence,diagnostic_condition,evidence_narrowed_condition,True,controlled,arithmetic,number,4000,middle,medium,none,686,686,p0001;p0002,p0001;p0002,True,1.0,1.0,1.0,1.0,1.0,1.0,1.0,1.0,1.0,1.0,success,
controlled_000100,qwen3:14b,oracle,Oracle Evidence,diagnostic_baseline,oracle_evidence_upper_reference,True,controlled,arithmetic,number,4000,middle,medium,none,686,686,p0001;p0002,p0001;p0002,True,1.0,1.0,1.0,1.0,1.0,1.0,1.0,1.0,1.0,1.0,success,
controlled_000368,qwen3:14b,no_evidence,No Evidence,diagnostic_baseline,question_only_lower_bound,True,controlled,multi_hop,entity,8000,front,medium,high,Zurich-00367,unknown,p0001;p0002,,True,0.0,0.0,0.0,0.0,0.0,0.0,0.0,0.0,0.0,0.0,evidence_localization_failure,
controlled_000368,qwen3:14b,direct,Full Context,diagnostic_condition,full_context_condition,True,controlled,multi_hop,entity,8000,front,medium,high,Zurich-00367,Zurich,p0001;p0002,p0001,True,0.0,0.0,1.0,1.0,0.0,0.0,1.0,0.5,0.6666666666666666,1.0,evidence_integration_failure,
controlled_000368,qwen3:14b,retrieve_then_read,Retrieved Evidence,diagnostic_condition,evidence_narrowed_condition,True,controlled,multi_hop,entity,8000,front,medium,high,Zurich-00367,Zurich-00367,p0001;p0002,p0001;p0002,True,1.0,1.0,1.0,1.0,1.0,1.0,1.0,1.0,1.0,1.0,success,
controlled_000368,qwen3:14b,oracle,Oracle Evidence,diagnostic_baseline,oracle_evidence_upper_reference,True,controlled,multi_hop,entity,8000,front,medium,high,Zurich-00367,Zurich-00367,p0001;p0002,p0001;p0002,True,1.0,1.0,1.0,1.0,1.0,1.0,1.0,1.0,1.0,1.0,success,
controlled_000868,qwen3:14b,no_evidence,No Evidence,diagnostic_baseline,question_only_lower_bound,True,controlled,multi_hop,entity,16000,end,medium,conflicting,Zurich-00867,unknown,p0001;p0002,,True,0.0,0.0,0.0,0.0,0.0,0.0,0.0,0.0,0.0,0.0,evidence_localization_failure,
controlled_000868,qwen3:14b,direct,Full Context,diagnostic_condition,full_context_condition,True,controlled,multi_hop,entity,16000,end,medium,conflicting,Zurich-00867,Zurich-00867,p0001;p0002,p0002,True,1.0,1.0,1.0,1.0,1.0,1.0,1.0,0.5,0.6666666666666666,1.0,success,
controlled_000868,qwen3:14b,retrieve_then_read,Retrieved Evidence,diagnostic_condition,evidence_narrowed_condition,True,controlled,multi_hop,entity,16000,end,medium,conflicting,Zurich-00867,Zurich-00867,p0001;p0002,p0001;p0002,True,1.0,1.0,1.0,1.0,1.0,1.0,1.0,1.0,1.0,1.0,success,
controlled_000868,qwen3:14b,oracle,Oracle Evidence,diagnostic_baseline,oracle_evidence_upper_reference,True,controlled,multi_hop,entity,16000,end,medium,conflicting,Zurich-00867,Zurich-00867,p0001;p0002,p0001;p0002,True,1.0,1.0,1.0,1.0,1.0,1.0,1.0,1.0,1.0,1.0,success,
controlled_000353,qwen3:14b,no_evidence,No Evidence,diagnostic_baseline,question_only_lower_bound,True,controlled,comparison,entity,8000,front,medium,low,Model Alpha 00352,unknown,p0001;p0002,,True,0.0,0.0,0.0,0.0,0.0,0.0,0.0,0.0,0.0,0.0,evidence_localization_failure,
controlled_000353,qwen3:14b,direct,Full Context,diagnostic_condition,full_context_condition,True,controlled,comparison,entity,8000,front,medium,low,Model Alpha 00352,Unknown,p0001;p0002,,True,0.0,0.0,0.0,0.0,0.0,0.0,0.0,0.0,0.0,0.0,evidence_localization_failure,
controlled_000353,qwen3:14b,retrieve_then_read,Retrieved Evidence,diagnostic_condition,evidence_narrowed_condition,True,controlled,comparison,entity,8000,front,medium,low,Model Alpha 00352,Model Alpha,p0001;p0002,p0001;p0002,True,0.0,0.8,1.0,1.0,0.0,0.8,1.0,1.0,1.0,1.0,answer_conversion_failure,
controlled_000353,qwen3:14b,oracle,Oracle Evidence,diagnostic_baseline,oracle_evidence_upper_reference,True,controlled,comparison,entity,8000,front,medium,low,Model Alpha 00352,Model Alpha,p0001;p0002,p0001;p0002,True,0.0,0.8,1.0,1.0,0.0,0.8,1.0,1.0,1.0,1.0,answer_conversion_failure,
controlled_000619,qwen3:14b,no_evidence,No Evidence,diagnostic_baseline,question_only_lower_bound,True,controlled,arithmetic,number,8000,scattered,medium,high,477,unknown,p0001;p0002,,True,0.0,0.0,0.0,0.0,0.0,0.0,0.0,0.0,0.0,0.0,evidence_localization_failure,
controlled_000619,qwen3:14b,direct,Full Context,diagnostic_condition,full_context_condition,True,controlled,arithmetic,number,8000,scattered,medium,high,477,103,p0001;p0002,p0001;p0002,True,0.0,0.0,0.0,0.0,0.0,0.0,1.0,1.0,1.0,1.0,answer_conversion_failure,
controlled_000619,qwen3:14b,retrieve_then_read,Retrieved Evidence,diagnostic_condition,evidence_narrowed_condition,True,controlled,arithmetic,number,8000,scattered,medium,high,477,477,p0001;p0002,p0001;p0002,True,1.0,1.0,1.0,1.0,1.0,1.0,1.0,1.0,1.0,1.0,success,
controlled_000619,qwen3:14b,oracle,Oracle Evidence,diagnostic_baseline,oracle_evidence_upper_reference,True,controlled,arithmetic,number,8000,scattered,medium,high,477,477,p0001;p0002,p0001;p0002,True,1.0,1.0,1.0,1.0,1.0,1.0,1.0,1.0,1.0,1.0,success,
controlled_000271,qwen3:14b,no_evidence,No Evidence,diagnostic_baseline,question_only_lower_bound,True,controlled,comparison,entity,4000,scattered,medium,low,Model Alpha 00270,unknown,p0001;p0002,,True,0.0,0.0,0.0,0.0,0.0,0.0,0.0,0.0,0.0,0.0,evidence_localization_failure,
controlled_000271,qwen3:14b,direct,Full Context,diagnostic_condition,full_context_condition,True,controlled,comparison,entity,4000,scattered,medium,low,Model Alpha 00270,Model Alpha,p0001;p0002,p0001;p0002,True,0.0,0.8,1.0,1.0,0.0,0.8,1.0,1.0,1.0,1.0,answer_conversion_failure,
controlled_000271,qwen3:14b,retrieve_then_read,Retrieved Evidence,diagnostic_condition,evidence_narrowed_condition,True,controlled,comparison,entity,4000,scattered,medium,low,Model Alpha 00270,Model Alpha,p0001;p0002,p0001;p0002,True,0.0,0.8,1.0,1.0,0.0,0.8,1.0,1.0,1.0,1.0,answer_conversion_failure,
controlled_000271,qwen3:14b,oracle,Oracle Evidence,diagnostic_baseline,oracle_evidence_upper_reference,True,controlled,comparison,entity,4000,scattered,medium,low,Model Alpha 00270,Model Alpha,p0001;p0002,p0001;p0002,True,0.0,0.8,1.0,1.0,0.0,0.8,1.0,1.0,1.0,1.0,answer_conversion_failure,
controlled_000827,qwen3:14b,no_evidence,No Evidence,diagnostic_baseline,question_only_lower_bound,True,controlled,multi_hop,entity,16000,end,medium,low,Zurich-00826,unknown,p0001;p0002,,True,0.0,0.0,0.0,0.0,0.0,0.0,0.0,0.0,0.0,0.0,evidence_localization_failure,
controlled_000827,qwen3:14b,direct,Full Context,diagnostic_condition,full_context_condition,True,controlled,multi_hop,entity,16000,end,medium,low,Zurich-00826,Zurich-00826,p0001;p0002,p0002,True,1.0,1.0,1.0,1.0,1.0,1.0,1.0,0.5,0.6666666666666666,1.0,success,
controlled_000827,qwen3:14b,retrieve_then_read,Retrieved Evidence,diagnostic_condition,evidence_narrowed_condition,True,controlled,multi_hop,entity,16000,end,medium,low,Zurich-00826,Zurich-00826,p0001;p0002,p0001;p0002,True,1.0,1.0,1.0,1.0,1.0,1.0,1.0,1.0,1.0,1.0,success,
controlled_000827,qwen3:14b,oracle,Oracle Evidence,diagnostic_baseline,oracle_evidence_upper_reference,True,controlled,multi_hop,entity,16000,end,medium,low,Zurich-00826,Zurich-00826,p0001;p0002,p0001;p0002,True,1.0,1.0,1.0,1.0,1.0,1.0,1.0,1.0,1.0,1.0,success,
controlled_000045,qwen3:14b,no_evidence,No Evidence,diagnostic_baseline,question_only_lower_bound,True,controlled,single_hop,entity,4000,front,low,high,Arcturus Systems 00044,unknown,p0001,,True,0.0,0.0,0.0,0.0,0.0,0.0,0.0,0.0,0.0,0.0,evidence_localization_failure,
controlled_000045,qwen3:14b,direct,Full Context,diagnostic_condition,full_context_condition,True,controlled,single_hop,entity,4000,front,low,high,Arcturus Systems 00044,Arcturus Systems,p0001,p0001,True,0.0,0.8,1.0,1.0,0.0,0.8,1.0,1.0,1.0,1.0,answer_conversion_failure,
controlled_000045,qwen3:14b,retrieve_then_read,Retrieved Evidence,diagnostic_condition,evidence_narrowed_condition,True,controlled,single_hop,entity,4000,front,low,high,Arcturus Systems 00044,Arcturus Systems,p0001,p0001,True,0.0,0.8,1.0,1.0,0.0,0.8,1.0,1.0,1.0,1.0,answer_conversion_failure,
controlled_000045,qwen3:14b,oracle,Oracle Evidence,diagnostic_baseline,oracle_evidence_upper_reference,True,controlled,single_hop,entity,4000,front,low,high,Arcturus Systems 00044,Arcturus Systems 00044,p0001,p0001,True,1.0,1.0,1.0,1.0,1.0,1.0,1.0,1.0,1.0,1.0,success,
controlled_000748,qwen3:14b,no_evidence,No Evidence,diagnostic_baseline,question_only_lower_bound,True,controlled,multi_hop,entity,16000,middle,medium,low,Zurich-00747,unknown,p0001;p0002,,True,0.0,0.0,0.0,0.0,0.0,0.0,0.0,0.0,0.0,0.0,evidence_localization_failure,
controlled_000748,qwen3:14b,direct,Full Context,diagnostic_condition,full_context_condition,True,controlled,multi_hop,entity,16000,middle,medium,low,Zurich-00747,San Francisco,p0001;p0002,p0001,True,0.0,0.0,0.0,0.0,0.0,0.0,1.0,0.5,0.6666666666666666,1.0,evidence_integration_failure,
controlled_000748,qwen3:14b,retrieve_then_read,Retrieved Evidence,diagnostic_condition,evidence_narrowed_condition,True,controlled,multi_hop,entity,16000,middle,medium,low,Zurich-00747,Zurich-00747,p0001;p0002,p0001;p0002,True,1.0,1.0,1.0,1.0,1.0,1.0,1.0,1.0,1.0,1.0,success,
controlled_000748,qwen3:14b,oracle,Oracle Evidence,diagnostic_baseline,oracle_evidence_upper_reference,True,controlled,multi_hop,entity,16000,middle,medium,low,Zurich-00747,Zurich-00747,p0001;p0002,p0001;p0002,True,1.0,1.0,1.0,1.0,1.0,1.0,1.0,1.0,1.0,1.0,success,
controlled_000471,qwen3:14b,no_evidence,No Evidence,diagnostic_baseline,question_only_lower_bound,True,controlled,comparison,entity,8000,middle,medium,conflicting,Model Alpha 00470,unknown,p0001;p0002,,True,0.0,0.0,0.0,0.0,0.0,0.0,0.0,0.0,0.0,0.0,evidence_localization_failure,
controlled_000471,qwen3:14b,direct,Full Context,diagnostic_condition,full_context_condition,True,controlled,comparison,entity,8000,middle,medium,conflicting,Model Alpha 00470,Model Alpha,p0001;p0002,p0001;p0002,True,0.0,0.8,1.0,1.0,0.0,0.8,1.0,1.0,1.0,1.0,answer_conversion_failure,
controlled_000471,qwen3:14b,retrieve_then_read,Retrieved Evidence,diagnostic_condition,evidence_narrowed_condition,True,controlled,comparison,entity,8000,middle,medium,conflicting,Model Alpha 00470,Model Alpha 00470,p0001;p0002,p0001;p0002;p0003,True,1.0,1.0,1.0,1.0,1.0,1.0,0.6666666666666666,1.0,0.8,1.0,success,
controlled_000471,qwen3:14b,oracle,Oracle Evidence,diagnostic_baseline,oracle_evidence_upper_reference,True,controlled,comparison,entity,8000,middle,medium,conflicting,Model Alpha 00470,Model Alpha,p0001;p0002,p0001;p0002,True,0.0,0.8,1.0,1.0,0.0,0.8,1.0,1.0,1.0,1.0,answer_conversion_failure,
controlled_000550,qwen3:14b,no_evidence,No Evidence,diagnostic_baseline,question_only_lower_bound,True,controlled,multi_hop,entity,8000,end,medium,conflicting,Zurich-00549,unknown,p0001;p0002,,True,0.0,0.0,0.0,0.0,0.0,0.0,0.0,0.0,0.0,0.0,evidence_localization_failure,
controlled_000550,qwen3:14b,direct,Full Context,diagnostic_condition,full_context_condition,True,controlled,multi_hop,entity,8000,end,medium,conflicting,Zurich-00549,Zurich-00549,p0001;p0002,p0001;p0002,True,1.0,1.0,1.0,1.0,1.0,1.0,1.0,1.0,1.0,1.0,success,
controlled_000550,qwen3:14b,retrieve_then_read,Retrieved Evidence,diagnostic_condition,evidence_narrowed_condition,True,controlled,multi_hop,entity,8000,end,medium,conflicting,Zurich-00549,Zurich-00549,p0001;p0002,p0001;p0002,True,1.0,1.0,1.0,1.0,1.0,1.0,1.0,1.0,1.0,1.0,success,
controlled_000550,qwen3:14b,oracle,Oracle Evidence,diagnostic_baseline,oracle_evidence_upper_reference,True,controlled,multi_hop,entity,8000,end,medium,conflicting,Zurich-00549,Zurich-00549,p0001;p0002,p0001;p0002,True,1.0,1.0,1.0,1.0,1.0,1.0,1.0,1.0,1.0,1.0,success,
controlled_000128,qwen3:14b,no_evidence,No Evidence,diagnostic_baseline,question_only_lower_bound,True,controlled,multi_hop,entity,4000,middle,medium,high,Zurich-00127,unknown,p0001;p0002,,True,0.0,0.0,0.0,0.0,0.0,0.0,0.0,0.0,0.0,0.0,evidence_localization_failure,
controlled_000128,qwen3:14b,direct,Full Context,diagnostic_condition,full_context_condition,True,controlled,multi_hop,entity,4000,middle,medium,high,Zurich-00127,Zurich-00127,p0001;p0002,p0001;p0002,True,1.0,1.0,1.0,1.0,1.0,1.0,1.0,1.0,1.0,1.0,success,
controlled_000128,qwen3:14b,retrieve_then_read,Retrieved Evidence,diagnostic_condition,evidence_narrowed_condition,True,controlled,multi_hop,entity,4000,middle,medium,high,Zurich-00127,Zurich-00127,p0001;p0002,p0001;p0002,True,1.0,1.0,1.0,1.0,1.0,1.0,1.0,1.0,1.0,1.0,success,
controlled_000128,qwen3:14b,oracle,Oracle Evidence,diagnostic_baseline,oracle_evidence_upper_reference,True,controlled,multi_hop,entity,4000,middle,medium,high,Zurich-00127,Zurich-00127,p0001;p0002,p0001;p0002,True,1.0,1.0,1.0,1.0,1.0,1.0,1.0,1.0,1.0,1.0,success,
controlled_000388,qwen3:14b,no_evidence,No Evidence,diagnostic_baseline,question_only_lower_bound,True,controlled,multi_hop,entity,8000,front,medium,conflicting,Zurich-00387,unknown,p0001;p0002,,True,0.0,0.0,0.0,0.0,0.0,0.0,0.0,0.0,0.0,0.0,evidence_localization_failure,
controlled_000388,qwen3:14b,direct,Full Context,diagnostic_condition,full_context_condition,True,controlled,multi_hop,entity,8000,front,medium,conflicting,Zurich-00387,Oslo,p0001;p0002,p0001,True,0.0,0.0,0.0,0.0,0.0,0.0,1.0,0.5,0.6666666666666666,1.0,evidence_integration_failure,
controlled_000388,qwen3:14b,retrieve_then_read,Retrieved Evidence,diagnostic_condition,evidence_narrowed_condition,True,controlled,multi_hop,entity,8000,front,medium,conflicting,Zurich-00387,Zurich-00387,p0001;p0002,p0001;p0002,True,1.0,1.0,1.0,1.0,1.0,1.0,1.0,1.0,1.0,1.0,success,
controlled_000388,qwen3:14b,oracle,Oracle Evidence,diagnostic_baseline,oracle_evidence_upper_reference,True,controlled,multi_hop,entity,8000,front,medium,conflicting,Zurich-00387,Zurich-00387,p0001;p0002,p0001;p0002,True,1.0,1.0,1.0,1.0,1.0,1.0,1.0,1.0,1.0,1.0,success,
controlled_000081,qwen3:14b,no_evidence,No Evidence,diagnostic_baseline,question_only_lower_bound,True,controlled,single_hop,entity,4000,middle,low,none,Arcturus Systems 00080,unknown,p0001,,True,0.0,0.0,0.0,0.0,0.0,0.0,0.0,0.0,0.0,0.0,evidence_localization_failure,
controlled_000081,qwen3:14b,direct,Full Context,diagnostic_condition,full_context_condition,True,controlled,single_hop,entity,4000,middle,low,none,Arcturus Systems 00080,Arcturus Systems 00080,p0001,p0001,True,1.0,1.0,1.0,1.0,1.0,1.0,1.0,1.0,1.0,1.0,success,
controlled_000081,qwen3:14b,retrieve_then_read,Retrieved Evidence,diagnostic_condition,evidence_narrowed_condition,True,controlled,single_hop,entity,4000,middle,low,none,Arcturus Systems 00080,Arcturus Systems,p0001,p0001,True,0.0,0.8,1.0,1.0,0.0,0.8,1.0,1.0,1.0,1.0,answer_conversion_failure,
controlled_000081,qwen3:14b,oracle,Oracle Evidence,diagnostic_baseline,oracle_evidence_upper_reference,True,controlled,single_hop,entity,4000,middle,low,none,Arcturus Systems 00080,Arcturus Systems 00080,p0001,p0001,True,1.0,1.0,1.0,1.0,1.0,1.0,1.0,1.0,1.0,1.0,success,
controlled_000566,qwen3:14b,no_evidence,No Evidence,diagnostic_baseline,question_only_lower_bound,True,controlled,multi_hop,entity,8000,scattered,medium,none,Zurich-00565,unknown,p0001;p0002,,True,0.0,0.0,0.0,0.0,0.0,0.0,0.0,0.0,0.0,0.0,evidence_localization_failure,
controlled_000566,qwen3:14b,direct,Full Context,diagnostic_condition,full_context_condition,True,controlled,multi_hop,entity,8000,scattered,medium,none,Zurich-00565,Zurich,p0001;p0002,p0001,True,0.0,0.0,1.0,1.0,0.0,0.0,1.0,0.5,0.6666666666666666,1.0,evidence_integration_failure,
controlled_000566,qwen3:14b,retrieve_then_read,Retrieved Evidence,diagnostic_condition,evidence_narrowed_condition,True,controlled,multi_hop,entity,8000,scattered,medium,none,Zurich-00565,Zurich-00565,p0001;p0002,p0001;p0002,True,1.0,1.0,1.0,1.0,1.0,1.0,1.0,1.0,1.0,1.0,success,
controlled_000566,qwen3:14b,oracle,Oracle Evidence,diagnostic_baseline,oracle_evidence_upper_reference,True,controlled,multi_hop,entity,8000,scattered,medium,none,Zurich-00565,Zurich-00565,p0001;p0002,p0001;p0002,True,1.0,1.0,1.0,1.0,1.0,1.0,1.0,1.0,1.0,1.0,success,
controlled_000301,qwen3:14b,no_evidence,No Evidence,diagnostic_baseline,question_only_lower_bound,True,controlled,single_hop,entity,4000,scattered,low,conflicting,Arcturus Systems 00300,unknown,p0001,,True,0.0,0.0,0.0,0.0,0.0,0.0,0.0,0.0,0.0,0.0,evidence_localization_failure,
controlled_000301,qwen3:14b,direct,Full Context,diagnostic_condition,full_context_condition,True,controlled,single_hop,entity,4000,scattered,low,conflicting,Arcturus Systems 00300,Arcturus Systems 00300,p0001,p0001,True,1.0,1.0,1.0,1.0,1.0,1.0,1.0,1.0,1.0,1.0,success,
controlled_000301,qwen3:14b,retrieve_then_read,Retrieved Evidence,diagnostic_condition,evidence_narrowed_condition,True,controlled,single_hop,entity,4000,scattered,low,conflicting,Arcturus Systems 00300,Arcturus Systems,p0001,p0001,True,0.0,0.8,1.0,1.0,0.0,0.8,1.0,1.0,1.0,1.0,answer_conversion_failure,
controlled_000301,qwen3:14b,oracle,Oracle Evidence,diagnostic_baseline,oracle_evidence_upper_reference,True,controlled,single_hop,entity,4000,scattered,low,conflicting,Arcturus Systems 00300,Arcturus Systems 00300,p0001,p0001,True,1.0,1.0,1.0,1.0,1.0,1.0,1.0,1.0,1.0,1.0,success,
controlled_000850,qwen3:14b,no_evidence,No Evidence,diagnostic_baseline,question_only_lower_bound,True,controlled,multi_hop,entity,16000,end,medium,high,Zurich-00849,unknown,p0001;p0002,,True,0.0,0.0,0.0,0.0,0.0,0.0,0.0,0.0,0.0,0.0,evidence_localization_failure,
controlled_000850,qwen3:14b,direct,Full Context,diagnostic_condition,full_context_condition,True,controlled,multi_hop,entity,16000,end,medium,high,Zurich-00849,Zurich-00849,p0001;p0002,p0001;p0002,True,1.0,1.0,1.0,1.0,1.0,1.0,1.0,1.0,1.0,1.0,success,
controlled_000850,qwen3:14b,retrieve_then_read,Retrieved Evidence,diagnostic_condition,evidence_narrowed_condition,True,controlled,multi_hop,entity,16000,end,medium,high,Zurich-00849,Zurich-00849,p0001;p0002,p0001;p0002,True,1.0,1.0,1.0,1.0,1.0,1.0,1.0,1.0,1.0,1.0,success,
controlled_000850,qwen3:14b,oracle,Oracle Evidence,diagnostic_baseline,oracle_evidence_upper_reference,True,controlled,multi_hop,entity,16000,end,medium,high,Zurich-00849,Zurich-00849,p0001;p0002,p0001;p0002,True,1.0,1.0,1.0,1.0,1.0,1.0,1.0,1.0,1.0,1.0,success,
controlled_000644,qwen3:14b,no_evidence,No Evidence,diagnostic_baseline,question_only_lower_bound,True,controlled,single_hop,entity,16000,front,low,none,Arcturus Systems 00643,unknown,p0001,,True,0.0,0.0,0.0,0.0,0.0,0.0,0.0,0.0,0.0,0.0,evidence_localization_failure,
controlled_000644,qwen3:14b,direct,Full Context,diagnostic_condition,full_context_condition,True,controlled,single_hop,entity,16000,front,low,none,Arcturus Systems 00643,unknown,p0001,,True,0.0,0.0,0.0,0.0,0.0,0.0,0.0,0.0,0.0,0.0,evidence_localization_failure,
controlled_000644,qwen3:14b,retrieve_then_read,Retrieved Evidence,diagnostic_condition,evidence_narrowed_condition,True,controlled,single_hop,entity,16000,front,low,none,Arcturus Systems 00643,Arcturus Systems,p0001,p0001,True,0.0,0.8,1.0,1.0,0.0,0.8,1.0,1.0,1.0,1.0,answer_conversion_failure,
controlled_000644,qwen3:14b,oracle,Oracle Evidence,diagnostic_baseline,oracle_evidence_upper_reference,True,controlled,single_hop,entity,16000,front,low,none,Arcturus Systems 00643,Arcturus Systems,p0001,p0001,True,0.0,0.8,1.0,1.0,0.0,0.8,1.0,1.0,1.0,1.0,answer_conversion_failure,
controlled_000634,qwen3:14b,no_evidence,No Evidence,diagnostic_baseline,question_only_lower_bound,True,controlled,comparison,entity,8000,scattered,medium,conflicting,Model Alpha 00633,unknown,p0001;p0002,,True,0.0,0.0,0.0,0.0,0.0,0.0,0.0,0.0,0.0,0.0,evidence_localization_failure,
controlled_000634,qwen3:14b,direct,Full Context,diagnostic_condition,full_context_condition,True,controlled,comparison,entity,8000,scattered,medium,conflicting,Model Alpha 00633,Model Beta,p0001;p0002,p0001;p0002,True,0.0,0.4,0.0,0.5,0.0,0.4,1.0,1.0,1.0,1.0,answer_conversion_failure,
controlled_000634,qwen3:14b,retrieve_then_read,Retrieved Evidence,diagnostic_condition,evidence_narrowed_condition,True,controlled,comparison,entity,8000,scattered,medium,conflicting,Model Alpha 00633,Model Alpha 00633,p0001;p0002,p0001;p0002;p0003,True,1.0,1.0,1.0,1.0,1.0,1.0,0.6666666666666666,1.0,0.8,1.0,success,
controlled_000634,qwen3:14b,oracle,Oracle Evidence,diagnostic_baseline,oracle_evidence_upper_reference,True,controlled,comparison,entity,8000,scattered,medium,conflicting,Model Alpha 00633,Model Alpha,p0001;p0002,p0001;p0002,True,0.0,0.8,1.0,1.0,0.0,0.8,1.0,1.0,1.0,1.0,answer_conversion_failure,
controlled_000883,qwen3:14b,no_evidence,No Evidence,diagnostic_baseline,question_only_lower_bound,True,controlled,single_hop,entity,16000,scattered,low,none,Arcturus Systems 00882,unknown,p0001,,True,0.0,0.0,0.0,0.0,0.0,0.0,0.0,0.0,0.0,0.0,evidence_localization_failure,
controlled_000883,qwen3:14b,direct,Full Context,diagnostic_condition,full_context_condition,True,controlled,single_hop,entity,16000,scattered,low,none,Arcturus Systems 00882,QuantumTech Innovations,p0001,p0001,True,0.0,0.0,0.0,0.0,0.0,0.0,1.0,1.0,1.0,1.0,answer_conversion_failure,
controlled_000883,qwen3:14b,retrieve_then_read,Retrieved Evidence,diagnostic_condition,evidence_narrowed_condition,True,controlled,single_hop,entity,16000,scattered,low,none,Arcturus Systems 00882,Arcturus Systems,p0001,p0001,True,0.0,0.8,1.0,1.0,0.0,0.8,1.0,1.0,1.0,1.0,answer_conversion_failure,
controlled_000883,qwen3:14b,oracle,Oracle Evidence,diagnostic_baseline,oracle_evidence_upper_reference,True,controlled,single_hop,entity,16000,scattered,low,none,Arcturus Systems 00882,Arcturus Systems 00882,p0001,p0001,True,1.0,1.0,1.0,1.0,1.0,1.0,1.0,1.0,1.0,1.0,success,
controlled_000371,qwen3:14b,no_evidence,No Evidence,diagnostic_baseline,question_only_lower_bound,True,controlled,comparison,entity,8000,front,medium,high,Model Alpha 00370,unknown,p0001;p0002,,True,0.0,0.0,0.0,0.0,0.0,0.0,0.0,0.0,0.0,0.0,evidence_localization_failure,
controlled_000371,qwen3:14b,direct,Full Context,diagnostic_condition,full_context_condition,True,controlled,comparison,entity,8000,front,medium,high,Model Alpha 00370,Model Beta,p0001;p0002,p0001,True,0.0,0.4,0.0,0.5,0.0,0.4,1.0,0.5,0.6666666666666666,1.0,evidence_integration_failure,
controlled_000371,qwen3:14b,retrieve_then_read,Retrieved Evidence,diagnostic_condition,evidence_narrowed_condition,True,controlled,comparison,entity,8000,front,medium,high,Model Alpha 00370,Model Alpha,p0001;p0002,p0001;p0002,True,0.0,0.8,1.0,1.0,0.0,0.8,1.0,1.0,1.0,1.0,answer_conversion_failure,
controlled_000371,qwen3:14b,oracle,Oracle Evidence,diagnostic_baseline,oracle_evidence_upper_reference,True,controlled,comparison,entity,8000,front,medium,high,Model Alpha 00370,Model Alpha,p0001;p0002,p0001;p0002,True,0.0,0.8,1.0,1.0,0.0,0.8,1.0,1.0,1.0,1.0,answer_conversion_failure,
controlled_000592,qwen3:14b,no_evidence,No Evidence,diagnostic_baseline,question_only_lower_bound,True,controlled,comparison,entity,8000,scattered,medium,low,Model Alpha 00591,unknown,p0001;p0002,,True,0.0,0.0,0.0,0.0,0.0,0.0,0.0,0.0,0.0,0.0,evidence_localization_failure,
controlled_000592,qwen3:14b,direct,Full Context,diagnostic_condition,full_context_condition,True,controlled,comparison,entity,8000,scattered,medium,low,Model Alpha 00591,Model Beta,p0001;p0002,p0001;p0002,True,0.0,0.4,0.0,0.5,0.0,0.4,1.0,1.0,1.0,1.0,answer_conversion_failure,
controlled_000592,qwen3:14b,retrieve_then_read,Retrieved Evidence,diagnostic_condition,evidence_narrowed_condition,True,controlled,comparison,entity,8000,scattered,medium,low,Model Alpha 00591,Model Alpha,p0001;p0002,p0001,True,0.0,0.8,1.0,1.0,0.0,0.8,1.0,0.5,0.6666666666666666,1.0,evidence_integration_failure,
controlled_000592,qwen3:14b,oracle,Oracle Evidence,diagnostic_baseline,oracle_evidence_upper_reference,True,controlled,comparison,entity,8000,scattered,medium,low,Model Alpha 00591,Model Alpha,p0001;p0002,p0001;p0002,True,0.0,0.8,1.0,1.0,0.0,0.8,1.0,1.0,1.0,1.0,answer_conversion_failure,
controlled_000197,qwen3:14b,no_evidence,No Evidence,diagnostic_baseline,question_only_lower_bound,True,controlled,arithmetic,number,4000,end,medium,low,646,unknown,p0001;p0002,,True,0.0,0.0,0.0,0.0,0.0,0.0,0.0,0.0,0.0,0.0,evidence_localization_failure,
controlled_000197,qwen3:14b,direct,Full Context,diagnostic_condition,full_context_condition,True,controlled,arithmetic,number,4000,end,medium,low,646,646,p0001;p0002,p0001;p0002,True,1.0,1.0,1.0,1.0,1.0,1.0,1.0,1.0,1.0,1.0,success,
controlled_000197,qwen3:14b,retrieve_then_read,Retrieved Evidence,diagnostic_condition,evidence_narrowed_condition,True,controlled,arithmetic,number,4000,end,medium,low,646,646,p0001;p0002,p0001;p0002,True,1.0,1.0,1.0,1.0,1.0,1.0,1.0,1.0,1.0,1.0,success,
controlled_000197,qwen3:14b,oracle,Oracle Evidence,diagnostic_baseline,oracle_evidence_upper_reference,True,controlled,arithmetic,number,4000,end,medium,low,646,646,p0001;p0002,p0001;p0002,True,1.0,1.0,1.0,1.0,1.0,1.0,1.0,1.0,1.0,1.0,success,
controlled_000722,qwen3:14b,no_evidence,No Evidence,diagnostic_baseline,question_only_lower_bound,True,controlled,single_hop,entity,16000,middle,low,none,Arcturus Systems 00721,unknown,p0001,,True,0.0,0.0,0.0,0.0,0.0,0.0,0.0,0.0,0.0,0.0,evidence_localization_failure,
controlled_000722,qwen3:14b,direct,Full Context,diagnostic_condition,full_context_condition,True,controlled,single_hop,entity,16000,middle,low,none,Arcturus Systems 00721,Acme Corp,p0001,p0001,True,0.0,0.0,0.0,0.0,0.0,0.0,1.0,1.0,1.0,1.0,answer_conversion_failure,
controlled_000722,qwen3:14b,retrieve_then_read,Retrieved Evidence,diagnostic_condition,evidence_narrowed_condition,True,controlled,single_hop,entity,16000,middle,low,none,Arcturus Systems 00721,Arcturus Systems,p0001,p0001,True,0.0,0.8,1.0,1.0,0.0,0.8,1.0,1.0,1.0,1.0,answer_conversion_failure,
controlled_000722,qwen3:14b,oracle,Oracle Evidence,diagnostic_baseline,oracle_evidence_upper_reference,True,controlled,single_hop,entity,16000,middle,low,none,Arcturus Systems 00721,Arcturus Systems 00721,p0001,p0001,True,1.0,1.0,1.0,1.0,1.0,1.0,1.0,1.0,1.0,1.0,success,
controlled_000072,qwen3:14b,no_evidence,No Evidence,diagnostic_baseline,question_only_lower_bound,True,controlled,comparison,entity,4000,front,medium,conflicting,Model Alpha 00071,unknown,p0001;p0002,,True,0.0,0.0,0.0,0.0,0.0,0.0,0.0,0.0,0.0,0.0,evidence_localization_failure,
controlled_000072,qwen3:14b,direct,Full Context,diagnostic_condition,full_context_condition,True,controlled,comparison,entity,4000,front,medium,conflicting,Model Alpha 00071,Model Beta,p0001;p0002,p0002;p0003,True,0.0,0.4,0.0,0.5,0.0,0.4,0.5,0.5,0.5,1.0,evidence_integration_failure,
controlled_000072,qwen3:14b,retrieve_then_read,Retrieved Evidence,diagnostic_condition,evidence_narrowed_condition,True,controlled,comparison,entity,4000,front,medium,conflicting,Model Alpha 00071,Model Alpha 00071,p0001;p0002,p0001;p0002;p0003,True,1.0,1.0,1.0,1.0,1.0,1.0,0.6666666666666666,1.0,0.8,1.0,success,
controlled_000072,qwen3:14b,oracle,Oracle Evidence,diagnostic_baseline,oracle_evidence_upper_reference,True,controlled,comparison,entity,4000,front,medium,conflicting,Model Alpha 00071,Model Alpha,p0001;p0002,p0001;p0002,True,0.0,0.8,1.0,1.0,0.0,0.8,1.0,1.0,1.0,1.0,answer_conversion_failure,
controlled_000047,qwen3:14b,no_evidence,No Evidence,diagnostic_baseline,question_only_lower_bound,True,controlled,multi_hop,entity,4000,front,medium,high,Zurich-00046,unknown,p0001;p0002,,True,0.0,0.0,0.0,0.0,0.0,0.0,0.0,0.0,0.0,0.0,evidence_localization_failure,
controlled_000047,qwen3:14b,direct,Full Context,diagnostic_condition,full_context_condition,True,controlled,multi_hop,entity,4000,front,medium,high,Zurich-00046,Zurich-00046,p0001;p0002,p0001;p0002,True,1.0,1.0,1.0,1.0,1.0,1.0,1.0,1.0,1.0,1.0,success,
controlled_000047,qwen3:14b,retrieve_then_read,Retrieved Evidence,diagnostic_condition,evidence_narrowed_condition,True,controlled,multi_hop,entity,4000,front,medium,high,Zurich-00046,Zurich-00046,p0001;p0002,p0001;p0002,True,1.0,1.0,1.0,1.0,1.0,1.0,1.0,1.0,1.0,1.0,success,
controlled_000047,qwen3:14b,oracle,Oracle Evidence,diagnostic_baseline,oracle_evidence_upper_reference,True,controlled,multi_hop,entity,4000,front,medium,high,Zurich-00046,Zurich-00046,p0001;p0002,p0001;p0002,True,1.0,1.0,1.0,1.0,1.0,1.0,1.0,1.0,1.0,1.0,success,
controlled_000678,qwen3:14b,no_evidence,No Evidence,diagnostic_baseline,question_only_lower_bound,True,controlled,arithmetic,number,16000,front,medium,low,559,unknown,p0001;p0002,,True,0.0,0.0,0.0,0.0,0.0,0.0,0.0,0.0,0.0,0.0,evidence_localization_failure,
controlled_000678,qwen3:14b,direct,Full Context,diagnostic_condition,full_context_condition,True,controlled,arithmetic,number,16000,front,medium,low,559,0,p0001;p0002,,True,0.0,0.0,0.0,0.0,0.0,0.0,0.0,0.0,0.0,0.0,evidence_localization_failure,
controlled_000678,qwen3:14b,retrieve_then_read,Retrieved Evidence,diagnostic_condition,evidence_narrowed_condition,True,controlled,arithmetic,number,16000,front,medium,low,559,559,p0001;p0002,p0001;p0002,True,1.0,1.0,1.0,1.0,1.0,1.0,1.0,1.0,1.0,1.0,success,
controlled_000678,qwen3:14b,oracle,Oracle Evidence,diagnostic_baseline,oracle_evidence_upper_reference,True,controlled,arithmetic,number,16000,front,medium,low,559,559,p0001;p0002,p0001;p0002,True,1.0,1.0,1.0,1.0,1.0,1.0,1.0,1.0,1.0,1.0,success,
controlled_000234,qwen3:14b,no_evidence,No Evidence,diagnostic_baseline,question_only_lower_bound,True,controlled,comparison,entity,4000,end,medium,conflicting,Model Alpha 00233,unknown,p0001;p0002,,True,0.0,0.0,0.0,0.0,0.0,0.0,0.0,0.0,0.0,0.0,evidence_localization_failure,
controlled_000234,qwen3:14b,direct,Full Context,diagnostic_condition,full_context_condition,True,controlled,comparison,entity,4000,end,medium,conflicting,Model Alpha 00233,Model Alpha 00233,p0001;p0002,p0001;p0002,True,1.0,1.0,1.0,1.0,1.0,1.0,1.0,1.0,1.0,1.0,success,
controlled_000234,qwen3:14b,retrieve_then_read,Retrieved Evidence,diagnostic_condition,evidence_narrowed_condition,True,controlled,comparison,entity,4000,end,medium,conflicting,Model Alpha 00233,Model Alpha 00233,p0001;p0002,p0001;p0002,True,1.0,1.0,1.0,1.0,1.0,1.0,1.0,1.0,1.0,1.0,success,
controlled_000234,qwen3:14b,oracle,Oracle Evidence,diagnostic_baseline,oracle_evidence_upper_reference,True,controlled,comparison,entity,4000,end,medium,conflicting,Model Alpha 00233,Model Alpha,p0001;p0002,p0001;p0002,True,0.0,0.8,1.0,1.0,0.0,0.8,1.0,1.0,1.0,1.0,answer_conversion_failure,
controlled_000792,qwen3:14b,no_evidence,No Evidence,diagnostic_baseline,question_only_lower_bound,True,controlled,comparison,entity,16000,middle,medium,conflicting,Model Alpha 00791,unknown,p0001;p0002,,True,0.0,0.0,0.0,0.0,0.0,0.0,0.0,0.0,0.0,0.0,evidence_localization_failure,
controlled_000792,qwen3:14b,direct,Full Context,diagnostic_condition,full_context_condition,True,controlled,comparison,entity,16000,middle,medium,conflicting,Model Alpha 00791,unknown,p0001;p0002,,True,0.0,0.0,0.0,0.0,0.0,0.0,0.0,0.0,0.0,0.0,evidence_localization_failure,
controlled_000792,qwen3:14b,retrieve_then_read,Retrieved Evidence,diagnostic_condition,evidence_narrowed_condition,True,controlled,comparison,entity,16000,middle,medium,conflicting,Model Alpha 00791,Model Alpha,p0001;p0002,p0001;p0002,True,0.0,0.8,1.0,1.0,0.0,0.8,1.0,1.0,1.0,1.0,answer_conversion_failure,
controlled_000792,qwen3:14b,oracle,Oracle Evidence,diagnostic_baseline,oracle_evidence_upper_reference,True,controlled,comparison,entity,16000,middle,medium,conflicting,Model Alpha 00791,Model Alpha,p0001;p0002,p0001;p0002,True,0.0,0.8,1.0,1.0,0.0,0.8,1.0,1.0,1.0,1.0,answer_conversion_failure,
controlled_000297,qwen3:14b,no_evidence,No Evidence,diagnostic_baseline,question_only_lower_bound,True,controlled,arithmetic,number,4000,scattered,medium,high,456,unknown,p0001;p0002,,True,0.0,0.0,0.0,0.0,0.0,0.0,0.0,0.0,0.0,0.0,evidence_localization_failure,
controlled_000297,qwen3:14b,direct,Full Context,diagnostic_condition,full_context_condition,True,controlled,arithmetic,number,4000,scattered,medium,high,456,456,p0001;p0002,p0001;p0002,True,1.0,1.0,1.0,1.0,1.0,1.0,1.0,1.0,1.0,1.0,success,
controlled_000297,qwen3:14b,retrieve_then_read,Retrieved Evidence,diagnostic_condition,evidence_narrowed_condition,True,controlled,arithmetic,number,4000,scattered,medium,high,456,456,p0001;p0002,p0001;p0002,True,1.0,1.0,1.0,1.0,1.0,1.0,1.0,1.0,1.0,1.0,success,
controlled_000297,qwen3:14b,oracle,Oracle Evidence,diagnostic_baseline,oracle_evidence_upper_reference,True,controlled,arithmetic,number,4000,scattered,medium,high,456,456,p0001;p0002,p0001;p0002,True,1.0,1.0,1.0,1.0,1.0,1.0,1.0,1.0,1.0,1.0,success,
controlled_000082,qwen3:14b,no_evidence,No Evidence,diagnostic_baseline,question_only_lower_bound,True,controlled,single_hop,entity,4000,middle,low,none,Arcturus Systems 00081,unknown,p0001,,True,0.0,0.0,0.0,0.0,0.0,0.0,0.0,0.0,0.0,0.0,evidence_localization_failure,
controlled_000082,qwen3:14b,direct,Full Context,diagnostic_condition,full_context_condition,True,controlled,single_hop,entity,4000,middle,low,none,Arcturus Systems 00081,Arcturus Systems 00081,p0001,p0001,True,1.0,1.0,1.0,1.0,1.0,1.0,1.0,1.0,1.0,1.0,success,
controlled_000082,qwen3:14b,retrieve_then_read,Retrieved Evidence,diagnostic_condition,evidence_narrowed_condition,True,controlled,single_hop,entity,4000,middle,low,none,Arcturus Systems 00081,Arcturus Systems,p0001,p0001,True,0.0,0.8,1.0,1.0,0.0,0.8,1.0,1.0,1.0,1.0,answer_conversion_failure,
controlled_000082,qwen3:14b,oracle,Oracle Evidence,diagnostic_baseline,oracle_evidence_upper_reference,True,controlled,single_hop,entity,4000,middle,low,none,Arcturus Systems 00081,Arcturus Systems 00081,p0001,p0001,True,1.0,1.0,1.0,1.0,1.0,1.0,1.0,1.0,1.0,1.0,success,
controlled_000876,qwen3:14b,no_evidence,No Evidence,diagnostic_baseline,question_only_lower_bound,True,controlled,arithmetic,number,16000,end,medium,conflicting,599,unknown,p0001;p0002,,True,0.0,0.0,0.0,0.0,0.0,0.0,0.0,0.0,0.0,0.0,evidence_localization_failure,
controlled_000876,qwen3:14b,direct,Full Context,diagnostic_condition,full_context_condition,True,controlled,arithmetic,number,16000,end,medium,conflicting,599,600,p0001;p0002,p0001;p0002,True,0.0,0.0,0.0,0.0,0.0,0.0,1.0,1.0,1.0,1.0,answer_conversion_failure,
controlled_000876,qwen3:14b,retrieve_then_read,Retrieved Evidence,diagnostic_condition,evidence_narrowed_condition,True,controlled,arithmetic,number,16000,end,medium,conflicting,599,599,p0001;p0002,p0001;p0002,True,1.0,1.0,1.0,1.0,1.0,1.0,1.0,1.0,1.0,1.0,success,
controlled_000876,qwen3:14b,oracle,Oracle Evidence,diagnostic_baseline,oracle_evidence_upper_reference,True,controlled,arithmetic,number,16000,end,medium,conflicting,599,600,p0001;p0002,p0001;p0002,True,0.0,0.0,0.0,0.0,0.0,0.0,1.0,1.0,1.0,1.0,answer_conversion_failure,
controlled_000939,qwen3:14b,no_evidence,No Evidence,diagnostic_baseline,question_only_lower_bound,True,controlled,arithmetic,number,16000,scattered,medium,high,464,unknown,p0001;p0002,,True,0.0,0.0,0.0,0.0,0.0,0.0,0.0,0.0,0.0,0.0,evidence_localization_failure,
controlled_000939,qwen3:14b,direct,Full Context,diagnostic_condition,full_context_condition,True,controlled,arithmetic,number,16000,scattered,medium,high,464,0,p0001;p0002,,True,0.0,0.0,0.0,0.0,0.0,0.0,0.0,0.0,0.0,0.0,evidence_localization_failure,
controlled_000939,qwen3:14b,retrieve_then_read,Retrieved Evidence,diagnostic_condition,evidence_narrowed_condition,True,controlled,arithmetic,number,16000,scattered,medium,high,464,464,p0001;p0002,p0001;p0002,True,1.0,1.0,1.0,1.0,1.0,1.0,1.0,1.0,1.0,1.0,success,
controlled_000939,qwen3:14b,oracle,Oracle Evidence,diagnostic_baseline,oracle_evidence_upper_reference,True,controlled,arithmetic,number,16000,scattered,medium,high,464,464,p0001;p0002,p0001;p0002,True,1.0,1.0,1.0,1.0,1.0,1.0,1.0,1.0,1.0,1.0,success,
controlled_000104,qwen3:14b,no_evidence,No Evidence,diagnostic_baseline,question_only_lower_bound,True,controlled,single_hop,entity,4000,middle,low,low,Arcturus Systems 00103,unknown,p0001,,True,0.0,0.0,0.0,0.0,0.0,0.0,0.0,0.0,0.0,0.0,evidence_localization_failure,
controlled_000104,qwen3:14b,direct,Full Context,diagnostic_condition,full_context_condition,True,controlled,single_hop,entity,4000,middle,low,low,Arcturus Systems 00103,Arcturus Systems 00103,p0001,p0001,True,1.0,1.0,1.0,1.0,1.0,1.0,1.0,1.0,1.0,1.0,success,
controlled_000104,qwen3:14b,retrieve_then_read,Retrieved Evidence,diagnostic_condition,evidence_narrowed_condition,True,controlled,single_hop,entity,4000,middle,low,low,Arcturus Systems 00103,Arcturus Systems,p0001,p0001,True,0.0,0.8,1.0,1.0,0.0,0.8,1.0,1.0,1.0,1.0,answer_conversion_failure,
controlled_000104,qwen3:14b,oracle,Oracle Evidence,diagnostic_baseline,oracle_evidence_upper_reference,True,controlled,single_hop,entity,4000,middle,low,low,Arcturus Systems 00103,Arcturus Systems 00103,p0001,p0001,True,1.0,1.0,1.0,1.0,1.0,1.0,1.0,1.0,1.0,1.0,success,
controlled_000908,qwen3:14b,no_evidence,No Evidence,diagnostic_baseline,question_only_lower_bound,True,controlled,multi_hop,entity,16000,scattered,medium,low,Zurich-00907,,p0001;p0002,,True,0.0,0.0,0.0,0.0,0.0,0.0,0.0,0.0,0.0,0.0,evidence_localization_failure,
controlled_000908,qwen3:14b,direct,Full Context,diagnostic_condition,full_context_condition,True,controlled,multi_hop,entity,16000,scattered,medium,low,Zurich-00907,San Francisco,p0001;p0002,p0001,True,0.0,0.0,0.0,0.0,0.0,0.0,1.0,0.5,0.6666666666666666,1.0,evidence_integration_failure,
controlled_000908,qwen3:14b,retrieve_then_read,Retrieved Evidence,diagnostic_condition,evidence_narrowed_condition,True,controlled,multi_hop,entity,16000,scattered,medium,low,Zurich-00907,Zurich-00907,p0001;p0002,p0001;p0002,True,1.0,1.0,1.0,1.0,1.0,1.0,1.0,1.0,1.0,1.0,success,
controlled_000908,qwen3:14b,oracle,Oracle Evidence,diagnostic_baseline,oracle_evidence_upper_reference,True,controlled,multi_hop,entity,16000,scattered,medium,low,Zurich-00907,Zurich-00907,p0001;p0002,p0001;p0002,True,1.0,1.0,1.0,1.0,1.0,1.0,1.0,1.0,1.0,1.0,success,
controlled_000915,qwen3:14b,no_evidence,No Evidence,diagnostic_baseline,question_only_lower_bound,True,controlled,comparison,entity,16000,scattered,medium,low,Model Alpha 00914,unknown,p0001;p0002,,True,0.0,0.0,0.0,0.0,0.0,0.0,0.0,0.0,0.0,0.0,evidence_localization_failure,
controlled_000915,qwen3:14b,direct,Full Context,diagnostic_condition,full_context_condition,True,controlled,comparison,entity,16000,scattered,medium,low,Model Alpha 00914,unknown,p0001;p0002,,True,0.0,0.0,0.0,0.0,0.0,0.0,0.0,0.0,0.0,0.0,evidence_localization_failure,
controlled_000915,qwen3:14b,retrieve_then_read,Retrieved Evidence,diagnostic_condition,evidence_narrowed_condition,True,controlled,comparison,entity,16000,scattered,medium,low,Model Alpha 00914,Model Alpha,p0001;p0002,p0001;p0002,True,0.0,0.8,1.0,1.0,0.0,0.8,1.0,1.0,1.0,1.0,answer_conversion_failure,
controlled_000915,qwen3:14b,oracle,Oracle Evidence,diagnostic_baseline,oracle_evidence_upper_reference,True,controlled,comparison,entity,16000,scattered,medium,low,Model Alpha 00914,Model Alpha,p0001;p0002,p0001;p0002,True,0.0,0.8,1.0,1.0,0.0,0.8,1.0,1.0,1.0,1.0,answer_conversion_failure,
controlled_000465,qwen3:14b,no_evidence,No Evidence,diagnostic_baseline,question_only_lower_bound,True,controlled,single_hop,entity,8000,middle,low,conflicting,Arcturus Systems 00464,unknown,p0001,,True,0.0,0.0,0.0,0.0,0.0,0.0,0.0,0.0,0.0,0.0,evidence_localization_failure,
controlled_000465,qwen3:14b,direct,Full Context,diagnostic_condition,full_context_condition,True,controlled,single_hop,entity,8000,middle,low,conflicting,Arcturus Systems 00464,Arctic Technologies,p0001,p0001,True,0.0,0.0,0.0,0.0,0.0,0.0,1.0,1.0,1.0,1.0,answer_conversion_failure,
controlled_000465,qwen3:14b,retrieve_then_read,Retrieved Evidence,diagnostic_condition,evidence_narrowed_condition,True,controlled,single_hop,entity,8000,middle,low,conflicting,Arcturus Systems 00464,Arcturus Systems,p0001,p0001,True,0.0,0.8,1.0,1.0,0.0,0.8,1.0,1.0,1.0,1.0,answer_conversion_failure,
controlled_000465,qwen3:14b,oracle,Oracle Evidence,diagnostic_baseline,oracle_evidence_upper_reference,True,controlled,single_hop,entity,8000,middle,low,conflicting,Arcturus Systems 00464,Arcturus Systems,p0001,p0001,True,0.0,0.8,1.0,1.0,0.0,0.8,1.0,1.0,1.0,1.0,answer_conversion_failure,
controlled_000651,qwen3:14b,no_evidence,No Evidence,diagnostic_baseline,question_only_lower_bound,True,controlled,comparison,entity,16000,front,medium,none,Model Alpha 00650,unknown,p0001;p0002,,True,0.0,0.0,0.0,0.0,0.0,0.0,0.0,0.0,0.0,0.0,evidence_localization_failure,
controlled_000651,qwen3:14b,direct,Full Context,diagnostic_condition,full_context_condition,True,controlled,comparison,entity,16000,front,medium,none,Model Alpha 00650,unknown,p0001;p0002,,True,0.0,0.0,0.0,0.0,0.0,0.0,0.0,0.0,0.0,0.0,evidence_localization_failure,
controlled_000651,qwen3:14b,retrieve_then_read,Retrieved Evidence,diagnostic_condition,evidence_narrowed_condition,True,controlled,comparison,entity,16000,front,medium,none,Model Alpha 00650,Model Alpha,p0001;p0002,p0001;p0002,True,0.0,0.8,1.0,1.0,0.0,0.8,1.0,1.0,1.0,1.0,answer_conversion_failure,
controlled_000651,qwen3:14b,oracle,Oracle Evidence,diagnostic_baseline,oracle_evidence_upper_reference,True,controlled,comparison,entity,16000,front,medium,none,Model Alpha 00650,Model Alpha,p0001;p0002,p0001;p0002,True,0.0,0.8,1.0,1.0,0.0,0.8,1.0,1.0,1.0,1.0,answer_conversion_failure,
controlled_000855,qwen3:14b,no_evidence,No Evidence,diagnostic_baseline,question_only_lower_bound,True,controlled,comparison,entity,16000,end,medium,high,Model Alpha 00854,unknown,p0001;p0002,,True,0.0,0.0,0.0,0.0,0.0,0.0,0.0,0.0,0.0,0.0,evidence_localization_failure,
controlled_000855,qwen3:14b,direct,Full Context,diagnostic_condition,full_context_condition,True,controlled,comparison,entity,16000,end,medium,high,Model Alpha 00854,Model Alpha,p0001;p0002,p0001;p0002,True,0.0,0.8,1.0,1.0,0.0,0.8,1.0,1.0,1.0,1.0,answer_conversion_failure,
controlled_000855,qwen3:14b,retrieve_then_read,Retrieved Evidence,diagnostic_condition,evidence_narrowed_condition,True,controlled,comparison,entity,16000,end,medium,high,Model Alpha 00854,Model Alpha,p0001;p0002,p0001;p0002,True,0.0,0.8,1.0,1.0,0.0,0.8,1.0,1.0,1.0,1.0,answer_conversion_failure,
controlled_000855,qwen3:14b,oracle,Oracle Evidence,diagnostic_baseline,oracle_evidence_upper_reference,True,controlled,comparison,entity,16000,end,medium,high,Model Alpha 00854,Model Alpha,p0001;p0002,p0001;p0002,True,0.0,0.8,1.0,1.0,0.0,0.8,1.0,1.0,1.0,1.0,answer_conversion_failure,
controlled_000374,qwen3:14b,no_evidence,No Evidence,diagnostic_baseline,question_only_lower_bound,True,controlled,comparison,entity,8000,front,medium,high,Model Alpha 00373,unknown,p0001;p0002,,True,0.0,0.0,0.0,0.0,0.0,0.0,0.0,0.0,0.0,0.0,evidence_localization_failure,
controlled_000374,qwen3:14b,direct,Full Context,diagnostic_condition,full_context_condition,True,controlled,comparison,entity,8000,front,medium,high,Model Alpha 00373,Model Beta,p0001;p0002,p0001,True,0.0,0.4,0.0,0.5,0.0,0.4,1.0,0.5,0.6666666666666666,1.0,evidence_integration_failure,
controlled_000374,qwen3:14b,retrieve_then_read,Retrieved Evidence,diagnostic_condition,evidence_narrowed_condition,True,controlled,comparison,entity,8000,front,medium,high,Model Alpha 00373,Model Alpha,p0001;p0002,p0001;p0002,True,0.0,0.8,1.0,1.0,0.0,0.8,1.0,1.0,1.0,1.0,answer_conversion_failure,
controlled_000374,qwen3:14b,oracle,Oracle Evidence,diagnostic_baseline,oracle_evidence_upper_reference,True,controlled,comparison,entity,8000,front,medium,high,Model Alpha 00373,Model Alpha,p0001;p0002,p0001;p0002,True,0.0,0.8,1.0,1.0,0.0,0.8,1.0,1.0,1.0,1.0,answer_conversion_failure,
controlled_000167,qwen3:14b,no_evidence,No Evidence,diagnostic_baseline,question_only_lower_bound,True,controlled,multi_hop,entity,4000,end,medium,none,Zurich-00166,unknown,p0001;p0002,,True,0.0,0.0,0.0,0.0,0.0,0.0,0.0,0.0,0.0,0.0,evidence_localization_failure,
controlled_000167,qwen3:14b,direct,Full Context,diagnostic_condition,full_context_condition,True,controlled,multi_hop,entity,4000,end,medium,none,Zurich-00166,Zurich-00166,p0001;p0002,p0001;p0002,True,1.0,1.0,1.0,1.0,1.0,1.0,1.0,1.0,1.0,1.0,success,
controlled_000167,qwen3:14b,retrieve_then_read,Retrieved Evidence,diagnostic_condition,evidence_narrowed_condition,True,controlled,multi_hop,entity,4000,end,medium,none,Zurich-00166,Zurich-00166,p0001;p0002,p0001;p0002,True,1.0,1.0,1.0,1.0,1.0,1.0,1.0,1.0,1.0,1.0,success,
controlled_000167,qwen3:14b,oracle,Oracle Evidence,diagnostic_baseline,oracle_evidence_upper_reference,True,controlled,multi_hop,entity,4000,end,medium,none,Zurich-00166,Zurich-00166,p0001;p0002,p0001;p0002,True,1.0,1.0,1.0,1.0,1.0,1.0,1.0,1.0,1.0,1.0,success,
controlled_000380,qwen3:14b,no_evidence,No Evidence,diagnostic_baseline,question_only_lower_bound,True,controlled,arithmetic,number,8000,front,medium,high,439,unknown,p0001;p0002,,True,0.0,0.0,0.0,0.0,0.0,0.0,0.0,0.0,0.0,0.0,evidence_localization_failure,
controlled_000380,qwen3:14b,direct,Full Context,diagnostic_condition,full_context_condition,True,controlled,arithmetic,number,8000,front,medium,high,439,unknown,p0001;p0002,,True,0.0,0.0,0.0,0.0,0.0,0.0,0.0,0.0,0.0,0.0,evidence_localization_failure,
controlled_000380,qwen3:14b,retrieve_then_read,Retrieved Evidence,diagnostic_condition,evidence_narrowed_condition,True,controlled,arithmetic,number,8000,front,medium,high,439,439,p0001;p0002,p0001;p0002,True,1.0,1.0,1.0,1.0,1.0,1.0,1.0,1.0,1.0,1.0,success,
controlled_000380,qwen3:14b,oracle,Oracle Evidence,diagnostic_baseline,oracle_evidence_upper_reference,True,controlled,arithmetic,number,8000,front,medium,high,439,439,p0001;p0002,p0001;p0002,True,1.0,1.0,1.0,1.0,1.0,1.0,1.0,1.0,1.0,1.0,success,
controlled_000364,qwen3:14b,no_evidence,No Evidence,diagnostic_baseline,question_only_lower_bound,True,controlled,single_hop,entity,8000,front,low,high,Arcturus Systems 00363,unknown,p0001,,True,0.0,0.0,0.0,0.0,0.0,0.0,0.0,0.0,0.0,0.0,evidence_localization_failure,
controlled_000364,qwen3:14b,direct,Full Context,diagnostic_condition,full_context_condition,True,controlled,single_hop,entity,8000,front,low,high,Arcturus Systems 00363,HelixTech,p0001,p0001,True,0.0,0.0,0.0,0.0,0.0,0.0,1.0,1.0,1.0,1.0,answer_conversion_failure,
controlled_000364,qwen3:14b,retrieve_then_read,Retrieved Evidence,diagnostic_condition,evidence_narrowed_condition,True,controlled,single_hop,entity,8000,front,low,high,Arcturus Systems 00363,Arcturus Systems,p0001,p0001,True,0.0,0.8,1.0,1.0,0.0,0.8,1.0,1.0,1.0,1.0,answer_conversion_failure,
controlled_000364,qwen3:14b,oracle,Oracle Evidence,diagnostic_baseline,oracle_evidence_upper_reference,True,controlled,single_hop,entity,8000,front,low,high,Arcturus Systems 00363,Arcturus Systems,p0001,p0001,True,0.0,0.8,1.0,1.0,0.0,0.8,1.0,1.0,1.0,1.0,answer_conversion_failure,
controlled_000215,qwen3:14b,no_evidence,No Evidence,diagnostic_baseline,question_only_lower_bound,True,controlled,comparison,entity,4000,end,medium,high,Model Alpha 00214,unknown,p0001;p0002,,True,0.0,0.0,0.0,0.0,0.0,0.0,0.0,0.0,0.0,0.0,evidence_localization_failure,
controlled_000215,qwen3:14b,direct,Full Context,diagnostic_condition,full_context_condition,True,controlled,comparison,entity,4000,end,medium,high,Model Alpha 00214,Model Beta 00214,p0001;p0002,p0001;p0002;p0003,True,0.0,0.6666666666666666,0.0,0.5,0.0,0.6666666666666666,0.6666666666666666,1.0,0.8,1.0,evidence_selection_failure,
controlled_000215,qwen3:14b,retrieve_then_read,Retrieved Evidence,diagnostic_condition,evidence_narrowed_condition,True,controlled,comparison,entity,4000,end,medium,high,Model Alpha 00214,Model Alpha,p0001;p0002,p0001;p0002,True,0.0,0.8,1.0,1.0,0.0,0.8,1.0,1.0,1.0,1.0,answer_conversion_failure,
controlled_000215,qwen3:14b,oracle,Oracle Evidence,diagnostic_baseline,oracle_evidence_upper_reference,True,controlled,comparison,entity,4000,end,medium,high,Model Alpha 00214,Model Alpha,p0001;p0002,p0001;p0002,True,0.0,0.8,1.0,1.0,0.0,0.8,1.0,1.0,1.0,1.0,answer_conversion_failure,
controlled_000687,qwen3:14b,no_evidence,No Evidence,diagnostic_baseline,question_only_lower_bound,True,controlled,multi_hop,entity,16000,front,medium,high,Zurich-00686,,p0001;p0002,,True,0.0,0.0,0.0,0.0,0.0,0.0,0.0,0.0,0.0,0.0,evidence_localization_failure,
controlled_000687,qwen3:14b,direct,Full Context,diagnostic_condition,full_context_condition,True,controlled,multi_hop,entity,16000,front,medium,high,Zurich-00686,San Francisco,p0001;p0002,p0001,True,0.0,0.0,0.0,0.0,0.0,0.0,1.0,0.5,0.6666666666666666,1.0,evidence_integration_failure,
controlled_000687,qwen3:14b,retrieve_then_read,Retrieved Evidence,diagnostic_condition,evidence_narrowed_condition,True,controlled,multi_hop,entity,16000,front,medium,high,Zurich-00686,Zurich-00686,p0001;p0002,p0001;p0002,True,1.0,1.0,1.0,1.0,1.0,1.0,1.0,1.0,1.0,1.0,success,
controlled_000687,qwen3:14b,oracle,Oracle Evidence,diagnostic_baseline,oracle_evidence_upper_reference,True,controlled,multi_hop,entity,16000,front,medium,high,Zurich-00686,Zurich-00686,p0001;p0002,p0001;p0002,True,1.0,1.0,1.0,1.0,1.0,1.0,1.0,1.0,1.0,1.0,success,
controlled_000274,qwen3:14b,no_evidence,No Evidence,diagnostic_baseline,question_only_lower_bound,True,controlled,comparison,entity,4000,scattered,medium,low,Model Alpha 00273,unknown,p0001;p0002,,True,0.0,0.0,0.0,0.0,0.0,0.0,0.0,0.0,0.0,0.0,evidence_localization_failure,
controlled_000274,qwen3:14b,direct,Full Context,diagnostic_condition,full_context_condition,True,controlled,comparison,entity,4000,scattered,medium,low,Model Alpha 00273,Model Alpha,p0001;p0002,p0001;p0002,True,0.0,0.8,1.0,1.0,0.0,0.8,1.0,1.0,1.0,1.0,answer_conversion_failure,
controlled_000274,qwen3:14b,retrieve_then_read,Retrieved Evidence,diagnostic_condition,evidence_narrowed_condition,True,controlled,comparison,entity,4000,scattered,medium,low,Model Alpha 00273,Model Alpha,p0001;p0002,p0001;p0002,True,0.0,0.8,1.0,1.0,0.0,0.8,1.0,1.0,1.0,1.0,answer_conversion_failure,
controlled_000274,qwen3:14b,oracle,Oracle Evidence,diagnostic_baseline,oracle_evidence_upper_reference,True,controlled,comparison,entity,4000,scattered,medium,low,Model Alpha 00273,Model Alpha,p0001;p0002,p0001;p0002,True,0.0,0.8,1.0,1.0,0.0,0.8,1.0,1.0,1.0,1.0,answer_conversion_failure,
controlled_000931,qwen3:14b,no_evidence,No Evidence,diagnostic_baseline,question_only_lower_bound,True,controlled,comparison,entity,16000,scattered,medium,high,Model Alpha 00930,unknown,p0001;p0002,,True,0.0,0.0,0.0,0.0,0.0,0.0,0.0,0.0,0.0,0.0,evidence_localization_failure,
controlled_000931,qwen3:14b,direct,Full Context,diagnostic_condition,full_context_condition,True,controlled,comparison,entity,16000,scattered,medium,high,Model Alpha 00930,unknown,p0001;p0002,,True,0.0,0.0,0.0,0.0,0.0,0.0,0.0,0.0,0.0,0.0,evidence_localization_failure,
controlled_000931,qwen3:14b,retrieve_then_read,Retrieved Evidence,diagnostic_condition,evidence_narrowed_condition,True,controlled,comparison,entity,16000,scattered,medium,high,Model Alpha 00930,Model Beta,p0001;p0002,p0003;p0002,True,0.0,0.4,0.0,0.5,0.0,0.4,0.5,0.5,0.5,1.0,evidence_integration_failure,
controlled_000931,qwen3:14b,oracle,Oracle Evidence,diagnostic_baseline,oracle_evidence_upper_reference,True,controlled,comparison,entity,16000,scattered,medium,high,Model Alpha 00930,Model Alpha,p0001;p0002,p0001;p0002,True,0.0,0.8,1.0,1.0,0.0,0.8,1.0,1.0,1.0,1.0,answer_conversion_failure,
controlled_000700,qwen3:14b,no_evidence,No Evidence,diagnostic_baseline,question_only_lower_bound,True,controlled,arithmetic,number,16000,front,medium,high,443,unknown,p0001;p0002,,True,0.0,0.0,0.0,0.0,0.0,0.0,0.0,0.0,0.0,0.0,evidence_localization_failure,
controlled_000700,qwen3:14b,direct,Full Context,diagnostic_condition,full_context_condition,True,controlled,arithmetic,number,16000,front,medium,high,443,100,p0001;p0002,p0001,True,0.0,0.0,0.0,0.0,0.0,0.0,1.0,0.5,0.6666666666666666,1.0,evidence_integration_failure,
controlled_000700,qwen3:14b,retrieve_then_read,Retrieved Evidence,diagnostic_condition,evidence_narrowed_condition,True,controlled,arithmetic,number,16000,front,medium,high,443,443,p0001;p0002,p0001;p0002,True,1.0,1.0,1.0,1.0,1.0,1.0,1.0,1.0,1.0,1.0,success,
controlled_000700,qwen3:14b,oracle,Oracle Evidence,diagnostic_baseline,oracle_evidence_upper_reference,True,controlled,arithmetic,number,16000,front,medium,high,443,443,p0001;p0002,p0001;p0002,True,1.0,1.0,1.0,1.0,1.0,1.0,1.0,1.0,1.0,1.0,success,
controlled_000664,qwen3:14b,no_evidence,No Evidence,diagnostic_baseline,question_only_lower_bound,True,controlled,single_hop,entity,16000,front,low,low,Arcturus Systems 00663,unknown,p0001,,True,0.0,0.0,0.0,0.0,0.0,0.0,0.0,0.0,0.0,0.0,evidence_localization_failure,
controlled_000664,qwen3:14b,direct,Full Context,diagnostic_condition,full_context_condition,True,controlled,single_hop,entity,16000,front,low,low,Arcturus Systems 00663,QuantumTech Innovations,p0001,p0001,True,0.0,0.0,0.0,0.0,0.0,0.0,1.0,1.0,1.0,1.0,answer_conversion_failure,
controlled_000664,qwen3:14b,retrieve_then_read,Retrieved Evidence,diagnostic_condition,evidence_narrowed_condition,True,controlled,single_hop,entity,16000,front,low,low,Arcturus Systems 00663,Arcturus Systems,p0001,p0001,True,0.0,0.8,1.0,1.0,0.0,0.8,1.0,1.0,1.0,1.0,answer_conversion_failure,
controlled_000664,qwen3:14b,oracle,Oracle Evidence,diagnostic_baseline,oracle_evidence_upper_reference,True,controlled,single_hop,entity,16000,front,low,low,Arcturus Systems 00663,Arcturus Systems 00663,p0001,p0001,True,1.0,1.0,1.0,1.0,1.0,1.0,1.0,1.0,1.0,1.0,success,
controlled_000074,qwen3:14b,no_evidence,No Evidence,diagnostic_baseline,question_only_lower_bound,True,controlled,comparison,entity,4000,front,medium,conflicting,Model Alpha 00073,unknown,p0001;p0002,,True,0.0,0.0,0.0,0.0,0.0,0.0,0.0,0.0,0.0,0.0,evidence_localization_failure,
controlled_000074,qwen3:14b,direct,Full Context,diagnostic_condition,full_context_condition,True,controlled,comparison,entity,4000,front,medium,conflicting,Model Alpha 00073,Model Beta,p0001;p0002,p0002;p0003,True,0.0,0.4,0.0,0.5,0.0,0.4,0.5,0.5,0.5,1.0,evidence_integration_failure,
controlled_000074,qwen3:14b,retrieve_then_read,Retrieved Evidence,diagnostic_condition,evidence_narrowed_condition,True,controlled,comparison,entity,4000,front,medium,conflicting,Model Alpha 00073,Model Alpha 00073,p0001;p0002,p0001;p0002;p0003,True,1.0,1.0,1.0,1.0,1.0,1.0,0.6666666666666666,1.0,0.8,1.0,success,
controlled_000074,qwen3:14b,oracle,Oracle Evidence,diagnostic_baseline,oracle_evidence_upper_reference,True,controlled,comparison,entity,4000,front,medium,conflicting,Model Alpha 00073,Model Alpha,p0001;p0002,p0001;p0002,True,0.0,0.8,1.0,1.0,0.0,0.8,1.0,1.0,1.0,1.0,answer_conversion_failure,
controlled_000624,qwen3:14b,no_evidence,No Evidence,diagnostic_baseline,question_only_lower_bound,True,controlled,single_hop,entity,8000,scattered,low,conflicting,Arcturus Systems 00623,unknown,p0001,,True,0.0,0.0,0.0,0.0,0.0,0.0,0.0,0.0,0.0,0.0,evidence_localization_failure,
controlled_000624,qwen3:14b,direct,Full Context,diagnostic_condition,full_context_condition,True,controlled,single_hop,entity,8000,scattered,low,conflicting,Arcturus Systems 00623,Helix,p0001,p0001,True,0.0,0.0,0.0,0.0,0.0,0.0,1.0,1.0,1.0,1.0,answer_conversion_failure,
controlled_000624,qwen3:14b,retrieve_then_read,Retrieved Evidence,diagnostic_condition,evidence_narrowed_condition,True,controlled,single_hop,entity,8000,scattered,low,conflicting,Arcturus Systems 00623,Arcturus Systems,p0001,p0001,True,0.0,0.8,1.0,1.0,0.0,0.8,1.0,1.0,1.0,1.0,answer_conversion_failure,
controlled_000624,qwen3:14b,oracle,Oracle Evidence,diagnostic_baseline,oracle_evidence_upper_reference,True,controlled,single_hop,entity,8000,scattered,low,conflicting,Arcturus Systems 00623,Arcturus Systems,p0001,p0001,True,0.0,0.8,1.0,1.0,0.0,0.8,1.0,1.0,1.0,1.0,answer_conversion_failure,
controlled_000870,qwen3:14b,no_evidence,No Evidence,diagnostic_baseline,question_only_lower_bound,True,controlled,multi_hop,entity,16000,end,medium,conflicting,Zurich-00869,unknown,p0001;p0002,,True,0.0,0.0,0.0,0.0,0.0,0.0,0.0,0.0,0.0,0.0,evidence_localization_failure,
controlled_000870,qwen3:14b,direct,Full Context,diagnostic_condition,full_context_condition,True,controlled,multi_hop,entity,16000,end,medium,conflicting,Zurich-00869,Zurich-00869,p0001;p0002,p0002,True,1.0,1.0,1.0,1.0,1.0,1.0,1.0,0.5,0.6666666666666666,1.0,success,
controlled_000870,qwen3:14b,retrieve_then_read,Retrieved Evidence,diagnostic_condition,evidence_narrowed_condition,True,controlled,multi_hop,entity,16000,end,medium,conflicting,Zurich-00869,Zurich-00869,p0001;p0002,p0001;p0002,True,1.0,1.0,1.0,1.0,1.0,1.0,1.0,1.0,1.0,1.0,success,
controlled_000870,qwen3:14b,oracle,Oracle Evidence,diagnostic_baseline,oracle_evidence_upper_reference,True,controlled,multi_hop,entity,16000,end,medium,conflicting,Zurich-00869,Zurich-00869,p0001;p0002,p0001;p0002,True,1.0,1.0,1.0,1.0,1.0,1.0,1.0,1.0,1.0,1.0,success,
controlled_000176,qwen3:14b,no_evidence,No Evidence,diagnostic_baseline,question_only_lower_bound,True,controlled,arithmetic,number,4000,end,medium,none,418,unknown,p0001;p0002,,True,0.0,0.0,0.0,0.0,0.0,0.0,0.0,0.0,0.0,0.0,evidence_localization_failure,
controlled_000176,qwen3:14b,direct,Full Context,diagnostic_condition,full_context_condition,True,controlled,arithmetic,number,4000,end,medium,none,418,418,p0001;p0002,p0001;p0002,True,1.0,1.0,1.0,1.0,1.0,1.0,1.0,1.0,1.0,1.0,success,
controlled_000176,qwen3:14b,retrieve_then_read,Retrieved Evidence,diagnostic_condition,evidence_narrowed_condition,True,controlled,arithmetic,number,4000,end,medium,none,418,418,p0001;p0002,p0001;p0002,True,1.0,1.0,1.0,1.0,1.0,1.0,1.0,1.0,1.0,1.0,success,
controlled_000176,qwen3:14b,oracle,Oracle Evidence,diagnostic_baseline,oracle_evidence_upper_reference,True,controlled,arithmetic,number,4000,end,medium,none,418,418,p0001;p0002,p0001;p0002,True,1.0,1.0,1.0,1.0,1.0,1.0,1.0,1.0,1.0,1.0,success,
controlled_000547,qwen3:14b,no_evidence,No Evidence,diagnostic_baseline,question_only_lower_bound,True,controlled,multi_hop,entity,8000,end,medium,conflicting,Zurich-00546,unknown,p0001;p0002,,True,0.0,0.0,0.0,0.0,0.0,0.0,0.0,0.0,0.0,0.0,evidence_localization_failure,
controlled_000547,qwen3:14b,direct,Full Context,diagnostic_condition,full_context_condition,True,controlled,multi_hop,entity,8000,end,medium,conflicting,Zurich-00546,Zurich-00546,p0001;p0002,p0001;p0002,True,1.0,1.0,1.0,1.0,1.0,1.0,1.0,1.0,1.0,1.0,success,
controlled_000547,qwen3:14b,retrieve_then_read,Retrieved Evidence,diagnostic_condition,evidence_narrowed_condition,True,controlled,multi_hop,entity,8000,end,medium,conflicting,Zurich-00546,Zurich-00546,p0001;p0002,p0001;p0002,True,1.0,1.0,1.0,1.0,1.0,1.0,1.0,1.0,1.0,1.0,success,
controlled_000547,qwen3:14b,oracle,Oracle Evidence,diagnostic_baseline,oracle_evidence_upper_reference,True,controlled,multi_hop,entity,8000,end,medium,conflicting,Zurich-00546,Zurich-00546,p0001;p0002,p0001;p0002,True,1.0,1.0,1.0,1.0,1.0,1.0,1.0,1.0,1.0,1.0,success,
controlled_000747,qwen3:14b,no_evidence,No Evidence,diagnostic_baseline,question_only_lower_bound,True,controlled,multi_hop,entity,16000,middle,medium,low,Zurich-00746,unknown,p0001;p0002,,True,0.0,0.0,0.0,0.0,0.0,0.0,0.0,0.0,0.0,0.0,evidence_localization_failure,
controlled_000747,qwen3:14b,direct,Full Context,diagnostic_condition,full_context_condition,True,controlled,multi_hop,entity,16000,middle,medium,low,Zurich-00746,San Francisco,p0001;p0002,p0001,True,0.0,0.0,0.0,0.0,0.0,0.0,1.0,0.5,0.6666666666666666,1.0,evidence_integration_failure,
controlled_000747,qwen3:14b,retrieve_then_read,Retrieved Evidence,diagnostic_condition,evidence_narrowed_condition,True,controlled,multi_hop,entity,16000,middle,medium,low,Zurich-00746,Zurich-00746,p0001;p0002,p0001;p0002,True,1.0,1.0,1.0,1.0,1.0,1.0,1.0,1.0,1.0,1.0,success,
controlled_000747,qwen3:14b,oracle,Oracle Evidence,diagnostic_baseline,oracle_evidence_upper_reference,True,controlled,multi_hop,entity,16000,middle,medium,low,Zurich-00746,Zurich-00746,p0001;p0002,p0001;p0002,True,1.0,1.0,1.0,1.0,1.0,1.0,1.0,1.0,1.0,1.0,success,
controlled_000955,qwen3:14b,no_evidence,No Evidence,diagnostic_baseline,question_only_lower_bound,True,controlled,comparison,entity,16000,scattered,medium,conflicting,Model Alpha 00954,unknown,p0001;p0002,,True,0.0,0.0,0.0,0.0,0.0,0.0,0.0,0.0,0.0,0.0,evidence_localization_failure,
controlled_000955,qwen3:14b,direct,Full Context,diagnostic_condition,full_context_condition,True,controlled,comparison,entity,16000,scattered,medium,conflicting,Model Alpha 00954,unknown,p0001;p0002,,True,0.0,0.0,0.0,0.0,0.0,0.0,0.0,0.0,0.0,0.0,evidence_localization_failure,
controlled_000955,qwen3:14b,retrieve_then_read,Retrieved Evidence,diagnostic_condition,evidence_narrowed_condition,True,controlled,comparison,entity,16000,scattered,medium,conflicting,Model Alpha 00954,Model Alpha 00954,p0001;p0002,p0001;p0002;p0003,True,1.0,1.0,1.0,1.0,1.0,1.0,0.6666666666666666,1.0,0.8,1.0,success,
controlled_000955,qwen3:14b,oracle,Oracle Evidence,diagnostic_baseline,oracle_evidence_upper_reference,True,controlled,comparison,entity,16000,scattered,medium,conflicting,Model Alpha 00954,Model Alpha,p0001;p0002,p0001;p0002,True,0.0,0.8,1.0,1.0,0.0,0.8,1.0,1.0,1.0,1.0,answer_conversion_failure,
controlled_000168,qwen3:14b,no_evidence,No Evidence,diagnostic_baseline,question_only_lower_bound,True,controlled,multi_hop,entity,4000,end,medium,none,Zurich-00167,unknown,p0001;p0002,,True,0.0,0.0,0.0,0.0,0.0,0.0,0.0,0.0,0.0,0.0,evidence_localization_failure,
controlled_000168,qwen3:14b,direct,Full Context,diagnostic_condition,full_context_condition,True,controlled,multi_hop,entity,4000,end,medium,none,Zurich-00167,Zurich-00167,p0001;p0002,p0001;p0002,True,1.0,1.0,1.0,1.0,1.0,1.0,1.0,1.0,1.0,1.0,success,
controlled_000168,qwen3:14b,retrieve_then_read,Retrieved Evidence,diagnostic_condition,evidence_narrowed_condition,True,controlled,multi_hop,entity,4000,end,medium,none,Zurich-00167,Zurich-00167,p0001;p0002,p0001;p0002,True,1.0,1.0,1.0,1.0,1.0,1.0,1.0,1.0,1.0,1.0,success,
controlled_000168,qwen3:14b,oracle,Oracle Evidence,diagnostic_baseline,oracle_evidence_upper_reference,True,controlled,multi_hop,entity,4000,end,medium,none,Zurich-00167,Zurich-00167,p0001;p0002,p0001;p0002,True,1.0,1.0,1.0,1.0,1.0,1.0,1.0,1.0,1.0,1.0,success,
controlled_000474,qwen3:14b,no_evidence,No Evidence,diagnostic_baseline,question_only_lower_bound,True,controlled,comparison,entity,8000,middle,medium,conflicting,Model Alpha 00473,unknown,p0001;p0002,,True,0.0,0.0,0.0,0.0,0.0,0.0,0.0,0.0,0.0,0.0,evidence_localization_failure,
controlled_000474,qwen3:14b,direct,Full Context,diagnostic_condition,full_context_condition,True,controlled,comparison,entity,8000,middle,medium,conflicting,Model Alpha 00473,Model Alpha,p0001;p0002,p0001;p0002,True,0.0,0.8,1.0,1.0,0.0,0.8,1.0,1.0,1.0,1.0,answer_conversion_failure,
controlled_000474,qwen3:14b,retrieve_then_read,Retrieved Evidence,diagnostic_condition,evidence_narrowed_condition,True,controlled,comparison,entity,8000,middle,medium,conflicting,Model Alpha 00473,Model Alpha 00473,p0001;p0002,p0001;p0002;p0003,True,1.0,1.0,1.0,1.0,1.0,1.0,0.6666666666666666,1.0,0.8,1.0,success,
controlled_000474,qwen3:14b,oracle,Oracle Evidence,diagnostic_baseline,oracle_evidence_upper_reference,True,controlled,comparison,entity,8000,middle,medium,conflicting,Model Alpha 00473,Model Alpha,p0001;p0002,p0001;p0002,True,0.0,0.8,1.0,1.0,0.0,0.8,1.0,1.0,1.0,1.0,answer_conversion_failure,
controlled_000389,qwen3:14b,no_evidence,No Evidence,diagnostic_baseline,question_only_lower_bound,True,controlled,multi_hop,entity,8000,front,medium,conflicting,Zurich-00388,,p0001;p0002,,True,0.0,0.0,0.0,0.0,0.0,0.0,0.0,0.0,0.0,0.0,evidence_localization_failure,
controlled_000389,qwen3:14b,direct,Full Context,diagnostic_condition,full_context_condition,True,controlled,multi_hop,entity,8000,front,medium,conflicting,Zurich-00388,Oslo,p0001;p0002,p0001,True,0.0,0.0,0.0,0.0,0.0,0.0,1.0,0.5,0.6666666666666666,1.0,evidence_integration_failure,
controlled_000389,qwen3:14b,retrieve_then_read,Retrieved Evidence,diagnostic_condition,evidence_narrowed_condition,True,controlled,multi_hop,entity,8000,front,medium,conflicting,Zurich-00388,Zurich-00388,p0001;p0002,p0001;p0002,True,1.0,1.0,1.0,1.0,1.0,1.0,1.0,1.0,1.0,1.0,success,
controlled_000389,qwen3:14b,oracle,Oracle Evidence,diagnostic_baseline,oracle_evidence_upper_reference,True,controlled,multi_hop,entity,8000,front,medium,conflicting,Zurich-00388,Zurich-00388,p0001;p0002,p0001;p0002,True,1.0,1.0,1.0,1.0,1.0,1.0,1.0,1.0,1.0,1.0,success,
controlled_000277,qwen3:14b,no_evidence,No Evidence,diagnostic_baseline,question_only_lower_bound,True,controlled,arithmetic,number,4000,scattered,medium,low,527,unknown,p0001;p0002,,True,0.0,0.0,0.0,0.0,0.0,0.0,0.0,0.0,0.0,0.0,evidence_localization_failure,
controlled_000277,qwen3:14b,direct,Full Context,diagnostic_condition,full_context_condition,True,controlled,arithmetic,number,4000,scattered,medium,low,527,527,p0001;p0002,p0001;p0002,True,1.0,1.0,1.0,1.0,1.0,1.0,1.0,1.0,1.0,1.0,success,
controlled_000277,qwen3:14b,retrieve_then_read,Retrieved Evidence,diagnostic_condition,evidence_narrowed_condition,True,controlled,arithmetic,number,4000,scattered,medium,low,527,527,p0001;p0002,p0001;p0002,True,1.0,1.0,1.0,1.0,1.0,1.0,1.0,1.0,1.0,1.0,success,
controlled_000277,qwen3:14b,oracle,Oracle Evidence,diagnostic_baseline,oracle_evidence_upper_reference,True,controlled,arithmetic,number,4000,scattered,medium,low,527,527,p0001;p0002,p0001;p0002,True,1.0,1.0,1.0,1.0,1.0,1.0,1.0,1.0,1.0,1.0,success,
controlled_000656,qwen3:14b,no_evidence,No Evidence,diagnostic_baseline,question_only_lower_bound,True,controlled,arithmetic,number,16000,front,medium,none,583,unknown,p0001;p0002,,True,0.0,0.0,0.0,0.0,0.0,0.0,0.0,0.0,0.0,0.0,evidence_localization_failure,
controlled_000656,qwen3:14b,direct,Full Context,diagnostic_condition,full_context_condition,True,controlled,arithmetic,number,16000,front,medium,none,583,0,p0001;p0002,,True,0.0,0.0,0.0,0.0,0.0,0.0,0.0,0.0,0.0,0.0,evidence_localization_failure,
controlled_000656,qwen3:14b,retrieve_then_read,Retrieved Evidence,diagnostic_condition,evidence_narrowed_condition,True,controlled,arithmetic,number,16000,front,medium,none,583,583,p0001;p0002,p0001;p0002,True,1.0,1.0,1.0,1.0,1.0,1.0,1.0,1.0,1.0,1.0,success,
controlled_000656,qwen3:14b,oracle,Oracle Evidence,diagnostic_baseline,oracle_evidence_upper_reference,True,controlled,arithmetic,number,16000,front,medium,none,583,583,p0001;p0002,p0001;p0002,True,1.0,1.0,1.0,1.0,1.0,1.0,1.0,1.0,1.0,1.0,success,
controlled_000705,qwen3:14b,no_evidence,No Evidence,diagnostic_baseline,question_only_lower_bound,True,controlled,single_hop,entity,16000,front,low,conflicting,Arcturus Systems 00704,unknown,p0001,,True,0.0,0.0,0.0,0.0,0.0,0.0,0.0,0.0,0.0,0.0,evidence_localization_failure,
controlled_000705,qwen3:14b,direct,Full Context,diagnostic_condition,full_context_condition,True,controlled,single_hop,entity,16000,front,low,conflicting,Arcturus Systems 00704,Acme Corp,p0001,p0001,True,0.0,0.0,0.0,0.0,0.0,0.0,1.0,1.0,1.0,1.0,answer_conversion_failure,
controlled_000705,qwen3:14b,retrieve_then_read,Retrieved Evidence,diagnostic_condition,evidence_narrowed_condition,True,controlled,single_hop,entity,16000,front,low,conflicting,Arcturus Systems 00704,Arcturus Systems,p0001,p0001,True,0.0,0.8,1.0,1.0,0.0,0.8,1.0,1.0,1.0,1.0,answer_conversion_failure,
controlled_000705,qwen3:14b,oracle,Oracle Evidence,diagnostic_baseline,oracle_evidence_upper_reference,True,controlled,single_hop,entity,16000,front,low,conflicting,Arcturus Systems 00704,Arcturus Systems 00704,p0001,p0001,True,1.0,1.0,1.0,1.0,1.0,1.0,1.0,1.0,1.0,1.0,success,
controlled_000571,qwen3:14b,no_evidence,No Evidence,diagnostic_baseline,question_only_lower_bound,True,controlled,comparison,entity,8000,scattered,medium,none,Model Alpha 00570,unknown,p0001;p0002,,True,0.0,0.0,0.0,0.0,0.0,0.0,0.0,0.0,0.0,0.0,evidence_localization_failure,
controlled_000571,qwen3:14b,direct,Full Context,diagnostic_condition,full_context_condition,True,controlled,comparison,entity,8000,scattered,medium,none,Model Alpha 00570,Model Beta,p0001;p0002,p0001,True,0.0,0.4,0.0,0.5,0.0,0.4,1.0,0.5,0.6666666666666666,1.0,evidence_integration_failure,
controlled_000571,qwen3:14b,retrieve_then_read,Retrieved Evidence,diagnostic_condition,evidence_narrowed_condition,True,controlled,comparison,entity,8000,scattered,medium,none,Model Alpha 00570,Model Alpha,p0001;p0002,p0001,True,0.0,0.8,1.0,1.0,0.0,0.8,1.0,0.5,0.6666666666666666,1.0,evidence_integration_failure,
controlled_000571,qwen3:14b,oracle,Oracle Evidence,diagnostic_baseline,oracle_evidence_upper_reference,True,controlled,comparison,entity,8000,scattered,medium,none,Model Alpha 00570,Model Alpha,p0001;p0002,p0001;p0002,True,0.0,0.8,1.0,1.0,0.0,0.8,1.0,1.0,1.0,1.0,answer_conversion_failure,
controlled_000225,qwen3:14b,no_evidence,No Evidence,diagnostic_baseline,question_only_lower_bound,True,controlled,single_hop,entity,4000,end,low,conflicting,Arcturus Systems 00224,unknown,p0001,,True,0.0,0.0,0.0,0.0,0.0,0.0,0.0,0.0,0.0,0.0,evidence_localization_failure,
controlled_000225,qwen3:14b,direct,Full Context,diagnostic_condition,full_context_condition,True,controlled,single_hop,entity,4000,end,low,conflicting,Arcturus Systems 00224,Arcturus Systems,p0001,p0001,True,0.0,0.8,1.0,1.0,0.0,0.8,1.0,1.0,1.0,1.0,answer_conversion_failure,
controlled_000225,qwen3:14b,retrieve_then_read,Retrieved Evidence,diagnostic_condition,evidence_narrowed_condition,True,controlled,single_hop,entity,4000,end,low,conflicting,Arcturus Systems 00224,Arcturus Systems,p0001,p0001,True,0.0,0.8,1.0,1.0,0.0,0.8,1.0,1.0,1.0,1.0,answer_conversion_failure,
controlled_000225,qwen3:14b,oracle,Oracle Evidence,diagnostic_baseline,oracle_evidence_upper_reference,True,controlled,single_hop,entity,4000,end,low,conflicting,Arcturus Systems 00224,Arcturus Systems 00224,p0001,p0001,True,1.0,1.0,1.0,1.0,1.0,1.0,1.0,1.0,1.0,1.0,success,
controlled_000702,qwen3:14b,no_evidence,No Evidence,diagnostic_baseline,question_only_lower_bound,True,controlled,single_hop,entity,16000,front,low,conflicting,Arcturus Systems 00701,unknown,p0001,,True,0.0,0.0,0.0,0.0,0.0,0.0,0.0,0.0,0.0,0.0,evidence_localization_failure,
controlled_000702,qwen3:14b,direct,Full Context,diagnostic_condition,full_context_condition,True,controlled,single_hop,entity,16000,front,low,conflicting,Arcturus Systems 00701,Acme Corp,p0001,p0001,True,0.0,0.0,0.0,0.0,0.0,0.0,1.0,1.0,1.0,1.0,answer_conversion_failure,
controlled_000702,qwen3:14b,retrieve_then_read,Retrieved Evidence,diagnostic_condition,evidence_narrowed_condition,True,controlled,single_hop,entity,16000,front,low,conflicting,Arcturus Systems 00701,Arcturus Systems 00701,p0001,p0001,True,1.0,1.0,1.0,1.0,1.0,1.0,1.0,1.0,1.0,1.0,success,
controlled_000702,qwen3:14b,oracle,Oracle Evidence,diagnostic_baseline,oracle_evidence_upper_reference,True,controlled,single_hop,entity,16000,front,low,conflicting,Arcturus Systems 00701,Arcturus Systems 00701,p0001,p0001,True,1.0,1.0,1.0,1.0,1.0,1.0,1.0,1.0,1.0,1.0,success,
controlled_000333,qwen3:14b,no_evidence,No Evidence,diagnostic_baseline,question_only_lower_bound,True,controlled,comparison,entity,8000,front,medium,none,Model Alpha 00332,unknown,p0001;p0002,,True,0.0,0.0,0.0,0.0,0.0,0.0,0.0,0.0,0.0,0.0,evidence_localization_failure,
controlled_000333,qwen3:14b,direct,Full Context,diagnostic_condition,full_context_condition,True,controlled,comparison,entity,8000,front,medium,none,Model Alpha 00332,unknown,p0001;p0002,,True,0.0,0.0,0.0,0.0,0.0,0.0,0.0,0.0,0.0,0.0,evidence_localization_failure,
controlled_000333,qwen3:14b,retrieve_then_read,Retrieved Evidence,diagnostic_condition,evidence_narrowed_condition,True,controlled,comparison,entity,8000,front,medium,none,Model Alpha 00332,Model Alpha,p0001;p0002,p0001;p0002,True,0.0,0.8,1.0,1.0,0.0,0.8,1.0,1.0,1.0,1.0,answer_conversion_failure,
controlled_000333,qwen3:14b,oracle,Oracle Evidence,diagnostic_baseline,oracle_evidence_upper_reference,True,controlled,comparison,entity,8000,front,medium,none,Model Alpha 00332,Model Alpha,p0001;p0002,p0001;p0002,True,0.0,0.8,1.0,1.0,0.0,0.8,1.0,1.0,1.0,1.0,answer_conversion_failure,
controlled_000787,qwen3:14b,no_evidence,No Evidence,diagnostic_baseline,question_only_lower_bound,True,controlled,multi_hop,entity,16000,middle,medium,conflicting,Zurich-00786,unknown,p0001;p0002,,True,0.0,0.0,0.0,0.0,0.0,0.0,0.0,0.0,0.0,0.0,evidence_localization_failure,
controlled_000787,qwen3:14b,direct,Full Context,diagnostic_condition,full_context_condition,True,controlled,multi_hop,entity,16000,middle,medium,conflicting,Zurich-00786,San Francisco,p0001;p0002,p0001,True,0.0,0.0,0.0,0.0,0.0,0.0,1.0,0.5,0.6666666666666666,1.0,evidence_integration_failure,
controlled_000787,qwen3:14b,retrieve_then_read,Retrieved Evidence,diagnostic_condition,evidence_narrowed_condition,True,controlled,multi_hop,entity,16000,middle,medium,conflicting,Zurich-00786,Zurich-00786,p0001;p0002,p0001;p0002,True,1.0,1.0,1.0,1.0,1.0,1.0,1.0,1.0,1.0,1.0,success,
controlled_000787,qwen3:14b,oracle,Oracle Evidence,diagnostic_baseline,oracle_evidence_upper_reference,True,controlled,multi_hop,entity,16000,middle,medium,conflicting,Zurich-00786,Zurich-00786,p0001;p0002,p0001;p0002,True,1.0,1.0,1.0,1.0,1.0,1.0,1.0,1.0,1.0,1.0,success,
controlled_000795,qwen3:14b,no_evidence,No Evidence,diagnostic_baseline,question_only_lower_bound,True,controlled,comparison,entity,16000,middle,medium,conflicting,Model Alpha 00794,unknown,p0001;p0002,,True,0.0,0.0,0.0,0.0,0.0,0.0,0.0,0.0,0.0,0.0,evidence_localization_failure,
controlled_000795,qwen3:14b,direct,Full Context,diagnostic_condition,full_context_condition,True,controlled,comparison,entity,16000,middle,medium,conflicting,Model Alpha 00794,unknown,p0001;p0002,,True,0.0,0.0,0.0,0.0,0.0,0.0,0.0,0.0,0.0,0.0,evidence_localization_failure,
controlled_000795,qwen3:14b,retrieve_then_read,Retrieved Evidence,diagnostic_condition,evidence_narrowed_condition,True,controlled,comparison,entity,16000,middle,medium,conflicting,Model Alpha 00794,Model Alpha,p0001;p0002,p0001;p0002;p0003,True,0.0,0.8,1.0,1.0,0.0,0.8,0.6666666666666666,1.0,0.8,1.0,evidence_selection_failure,
controlled_000795,qwen3:14b,oracle,Oracle Evidence,diagnostic_baseline,oracle_evidence_upper_reference,True,controlled,comparison,entity,16000,middle,medium,conflicting,Model Alpha 00794,Model Alpha,p0001;p0002,p0001;p0002,True,0.0,0.8,1.0,1.0,0.0,0.8,1.0,1.0,1.0,1.0,answer_conversion_failure,
controlled_000058,qwen3:14b,no_evidence,No Evidence,diagnostic_baseline,question_only_lower_bound,True,controlled,arithmetic,number,4000,front,medium,high,694,unknown,p0001;p0002,,True,0.0,0.0,0.0,0.0,0.0,0.0,0.0,0.0,0.0,0.0,evidence_localization_failure,
controlled_000058,qwen3:14b,direct,Full Context,diagnostic_condition,full_context_condition,True,controlled,arithmetic,number,4000,front,medium,high,694,694,p0001;p0002,p0001;p0002,True,1.0,1.0,1.0,1.0,1.0,1.0,1.0,1.0,1.0,1.0,success,
controlled_000058,qwen3:14b,retrieve_then_read,Retrieved Evidence,diagnostic_condition,evidence_narrowed_condition,True,controlled,arithmetic,number,4000,front,medium,high,694,694,p0001;p0002,p0001;p0002,True,1.0,1.0,1.0,1.0,1.0,1.0,1.0,1.0,1.0,1.0,success,
controlled_000058,qwen3:14b,oracle,Oracle Evidence,diagnostic_baseline,oracle_evidence_upper_reference,True,controlled,arithmetic,number,4000,front,medium,high,694,694,p0001;p0002,p0001;p0002,True,1.0,1.0,1.0,1.0,1.0,1.0,1.0,1.0,1.0,1.0,success,
controlled_000235,qwen3:14b,no_evidence,No Evidence,diagnostic_baseline,question_only_lower_bound,True,controlled,comparison,entity,4000,end,medium,conflicting,Model Alpha 00234,unknown,p0001;p0002,,True,0.0,0.0,0.0,0.0,0.0,0.0,0.0,0.0,0.0,0.0,evidence_localization_failure,
controlled_000235,qwen3:14b,direct,Full Context,diagnostic_condition,full_context_condition,True,controlled,comparison,entity,4000,end,medium,conflicting,Model Alpha 00234,Model Alpha 00234,p0001;p0002,p0001;p0002,True,1.0,1.0,1.0,1.0,1.0,1.0,1.0,1.0,1.0,1.0,success,
controlled_000235,qwen3:14b,retrieve_then_read,Retrieved Evidence,diagnostic_condition,evidence_narrowed_condition,True,controlled,comparison,entity,4000,end,medium,conflicting,Model Alpha 00234,Model Alpha,p0001;p0002,p0001;p0002,True,0.0,0.8,1.0,1.0,0.0,0.8,1.0,1.0,1.0,1.0,answer_conversion_failure,
controlled_000235,qwen3:14b,oracle,Oracle Evidence,diagnostic_baseline,oracle_evidence_upper_reference,True,controlled,comparison,entity,4000,end,medium,conflicting,Model Alpha 00234,Model Alpha,p0001;p0002,p0001;p0002,True,0.0,0.8,1.0,1.0,0.0,0.8,1.0,1.0,1.0,1.0,answer_conversion_failure,
controlled_000943,qwen3:14b,no_evidence,No Evidence,diagnostic_baseline,question_only_lower_bound,True,controlled,single_hop,entity,16000,scattered,low,conflicting,Arcturus Systems 00942,unknown,p0001,,True,0.0,0.0,0.0,0.0,0.0,0.0,0.0,0.0,0.0,0.0,evidence_localization_failure,
controlled_000943,qwen3:14b,direct,Full Context,diagnostic_condition,full_context_condition,True,controlled,single_hop,entity,16000,scattered,low,conflicting,Arcturus Systems 00942,QuantumTech Innovations,p0001,p0001,True,0.0,0.0,0.0,0.0,0.0,0.0,1.0,1.0,1.0,1.0,answer_conversion_failure,
controlled_000943,qwen3:14b,retrieve_then_read,Retrieved Evidence,diagnostic_condition,evidence_narrowed_condition,True,controlled,single_hop,entity,16000,scattered,low,conflicting,Arcturus Systems 00942,Arcturus Systems,p0001,p0001,True,0.0,0.8,1.0,1.0,0.0,0.8,1.0,1.0,1.0,1.0,answer_conversion_failure,
controlled_000943,qwen3:14b,oracle,Oracle Evidence,diagnostic_baseline,oracle_evidence_upper_reference,True,controlled,single_hop,entity,16000,scattered,low,conflicting,Arcturus Systems 00942,Arcturus Systems 00942,p0001,p0001,True,1.0,1.0,1.0,1.0,1.0,1.0,1.0,1.0,1.0,1.0,success,
controlled_000825,qwen3:14b,no_evidence,No Evidence,diagnostic_baseline,question_only_lower_bound,True,controlled,single_hop,entity,16000,end,low,low,Arcturus Systems 00824,unknown,p0001,,True,0.0,0.0,0.0,0.0,0.0,0.0,0.0,0.0,0.0,0.0,evidence_localization_failure,
controlled_000825,qwen3:14b,direct,Full Context,diagnostic_condition,full_context_condition,True,controlled,single_hop,entity,16000,end,low,low,Arcturus Systems 00824,Arcturus Systems 00824,p0001,p0001,True,1.0,1.0,1.0,1.0,1.0,1.0,1.0,1.0,1.0,1.0,success,
controlled_000825,qwen3:14b,retrieve_then_read,Retrieved Evidence,diagnostic_condition,evidence_narrowed_condition,True,controlled,single_hop,entity,16000,end,low,low,Arcturus Systems 00824,Arcturus Systems,p0001,p0001,True,0.0,0.8,1.0,1.0,0.0,0.8,1.0,1.0,1.0,1.0,answer_conversion_failure,
controlled_000825,qwen3:14b,oracle,Oracle Evidence,diagnostic_baseline,oracle_evidence_upper_reference,True,controlled,single_hop,entity,16000,end,low,low,Arcturus Systems 00824,Arcturus Systems,p0001,p0001,True,0.0,0.8,1.0,1.0,0.0,0.8,1.0,1.0,1.0,1.0,answer_conversion_failure,
controlled_000324,qwen3:14b,no_evidence,No Evidence,diagnostic_baseline,question_only_lower_bound,True,controlled,single_hop,entity,8000,front,low,none,Arcturus Systems 00323,unknown,p0001,,True,0.0,0.0,0.0,0.0,0.0,0.0,0.0,0.0,0.0,0.0,evidence_localization_failure,
controlled_000324,qwen3:14b,direct,Full Context,diagnostic_condition,full_context_condition,True,controlled,single_hop,entity,8000,front,low,none,Arcturus Systems 00323,unknown,p0001,,True,0.0,0.0,0.0,0.0,0.0,0.0,0.0,0.0,0.0,0.0,evidence_localization_failure,
controlled_000324,qwen3:14b,retrieve_then_read,Retrieved Evidence,diagnostic_condition,evidence_narrowed_condition,True,controlled,single_hop,entity,8000,front,low,none,Arcturus Systems 00323,Arcturus Systems,p0001,p0001,True,0.0,0.8,1.0,1.0,0.0,0.8,1.0,1.0,1.0,1.0,answer_conversion_failure,
controlled_000324,qwen3:14b,oracle,Oracle Evidence,diagnostic_baseline,oracle_evidence_upper_reference,True,controlled,single_hop,entity,8000,front,low,none,Arcturus Systems 00323,Arcturus Systems,p0001,p0001,True,0.0,0.8,1.0,1.0,0.0,0.8,1.0,1.0,1.0,1.0,answer_conversion_failure,
controlled_000411,qwen3:14b,no_evidence,No Evidence,diagnostic_baseline,question_only_lower_bound,True,controlled,comparison,entity,8000,middle,medium,none,Model Alpha 00410,unknown,p0001;p0002,,True,0.0,0.0,0.0,0.0,0.0,0.0,0.0,0.0,0.0,0.0,evidence_localization_failure,
controlled_000411,qwen3:14b,direct,Full Context,diagnostic_condition,full_context_condition,True,controlled,comparison,entity,8000,middle,medium,none,Model Alpha 00410,Model Alpha,p0001;p0002,p0001,True,0.0,0.8,1.0,1.0,0.0,0.8,1.0,0.5,0.6666666666666666,1.0,evidence_integration_failure,
controlled_000411,qwen3:14b,retrieve_then_read,Retrieved Evidence,diagnostic_condition,evidence_narrowed_condition,True,controlled,comparison,entity,8000,middle,medium,none,Model Alpha 00410,Model Alpha,p0001;p0002,p0001;p0002,True,0.0,0.8,1.0,1.0,0.0,0.8,1.0,1.0,1.0,1.0,answer_conversion_failure,
controlled_000411,qwen3:14b,oracle,Oracle Evidence,diagnostic_baseline,oracle_evidence_upper_reference,True,controlled,comparison,entity,8000,middle,medium,none,Model Alpha 00410,Model Alpha,p0001;p0002,p0001;p0002,True,0.0,0.8,1.0,1.0,0.0,0.8,1.0,1.0,1.0,1.0,answer_conversion_failure,
controlled_000275,qwen3:14b,no_evidence,No Evidence,diagnostic_baseline,question_only_lower_bound,True,controlled,comparison,entity,4000,scattered,medium,low,Model Alpha 00274,unknown,p0001;p0002,,True,0.0,0.0,0.0,0.0,0.0,0.0,0.0,0.0,0.0,0.0,evidence_localization_failure,
controlled_000275,qwen3:14b,direct,Full Context,diagnostic_condition,full_context_condition,True,controlled,comparison,entity,4000,scattered,medium,low,Model Alpha 00274,Model Alpha,p0001;p0002,p0001;p0002,True,0.0,0.8,1.0,1.0,0.0,0.8,1.0,1.0,1.0,1.0,answer_conversion_failure,
controlled_000275,qwen3:14b,retrieve_then_read,Retrieved Evidence,diagnostic_condition,evidence_narrowed_condition,True,controlled,comparison,entity,4000,scattered,medium,low,Model Alpha 00274,Model Alpha,p0001;p0002,p0001;p0002,True,0.0,0.8,1.0,1.0,0.0,0.8,1.0,1.0,1.0,1.0,answer_conversion_failure,
controlled_000275,qwen3:14b,oracle,Oracle Evidence,diagnostic_baseline,oracle_evidence_upper_reference,True,controlled,comparison,entity,4000,scattered,medium,low,Model Alpha 00274,Model Alpha,p0001;p0002,p0001;p0002,True,0.0,0.8,1.0,1.0,0.0,0.8,1.0,1.0,1.0,1.0,answer_conversion_failure,
controlled_000068,qwen3:14b,no_evidence,No Evidence,diagnostic_baseline,question_only_lower_bound,True,controlled,multi_hop,entity,4000,front,medium,conflicting,Zurich-00067,unknown,p0001;p0002,,True,0.0,0.0,0.0,0.0,0.0,0.0,0.0,0.0,0.0,0.0,evidence_localization_failure,
controlled_000068,qwen3:14b,direct,Full Context,diagnostic_condition,full_context_condition,True,controlled,multi_hop,entity,4000,front,medium,conflicting,Zurich-00067,Zurich-00067,p0001;p0002,p0001;p0002,True,1.0,1.0,1.0,1.0,1.0,1.0,1.0,1.0,1.0,1.0,success,
controlled_000068,qwen3:14b,retrieve_then_read,Retrieved Evidence,diagnostic_condition,evidence_narrowed_condition,True,controlled,multi_hop,entity,4000,front,medium,conflicting,Zurich-00067,Zurich-00067,p0001;p0002,p0001;p0002,True,1.0,1.0,1.0,1.0,1.0,1.0,1.0,1.0,1.0,1.0,success,
controlled_000068,qwen3:14b,oracle,Oracle Evidence,diagnostic_baseline,oracle_evidence_upper_reference,True,controlled,multi_hop,entity,4000,front,medium,conflicting,Zurich-00067,Zurich-00067,p0001;p0002,p0001;p0002,True,1.0,1.0,1.0,1.0,1.0,1.0,1.0,1.0,1.0,1.0,success,
controlled_000217,qwen3:14b,no_evidence,No Evidence,diagnostic_baseline,question_only_lower_bound,True,controlled,arithmetic,number,4000,end,medium,high,564,unknown,p0001;p0002,,True,0.0,0.0,0.0,0.0,0.0,0.0,0.0,0.0,0.0,0.0,evidence_localization_failure,
controlled_000217,qwen3:14b,direct,Full Context,diagnostic_condition,full_context_condition,True,controlled,arithmetic,number,4000,end,medium,high,564,564,p0001;p0002,p0001;p0002,True,1.0,1.0,1.0,1.0,1.0,1.0,1.0,1.0,1.0,1.0,success,
controlled_000217,qwen3:14b,retrieve_then_read,Retrieved Evidence,diagnostic_condition,evidence_narrowed_condition,True,controlled,arithmetic,number,4000,end,medium,high,564,564,p0001;p0002,p0001;p0002,True,1.0,1.0,1.0,1.0,1.0,1.0,1.0,1.0,1.0,1.0,success,
controlled_000217,qwen3:14b,oracle,Oracle Evidence,diagnostic_baseline,oracle_evidence_upper_reference,True,controlled,arithmetic,number,4000,end,medium,high,564,564,p0001;p0002,p0001;p0002,True,1.0,1.0,1.0,1.0,1.0,1.0,1.0,1.0,1.0,1.0,success,
controlled_000581,qwen3:14b,no_evidence,No Evidence,diagnostic_baseline,question_only_lower_bound,True,controlled,single_hop,entity,8000,scattered,low,low,Arcturus Systems 00580,unknown,p0001,,True,0.0,0.0,0.0,0.0,0.0,0.0,0.0,0.0,0.0,0.0,evidence_localization_failure,
controlled_000581,qwen3:14b,direct,Full Context,diagnostic_condition,full_context_condition,True,controlled,single_hop,entity,8000,scattered,low,low,Arcturus Systems 00580,Archer-Daniels-Midland,p0001,p0001,True,0.0,0.0,0.0,0.0,0.0,0.0,1.0,1.0,1.0,1.0,answer_conversion_failure,
controlled_000581,qwen3:14b,retrieve_then_read,Retrieved Evidence,diagnostic_condition,evidence_narrowed_condition,True,controlled,single_hop,entity,8000,scattered,low,low,Arcturus Systems 00580,Arcturus Systems,p0001,p0001,True,0.0,0.8,1.0,1.0,0.0,0.8,1.0,1.0,1.0,1.0,answer_conversion_failure,
controlled_000581,qwen3:14b,oracle,Oracle Evidence,diagnostic_baseline,oracle_evidence_upper_reference,True,controlled,single_hop,entity,8000,scattered,low,low,Arcturus Systems 00580,Arcturus Systems,p0001,p0001,True,0.0,0.8,1.0,1.0,0.0,0.8,1.0,1.0,1.0,1.0,answer_conversion_failure,
controlled_000736,qwen3:14b,no_evidence,No Evidence,diagnostic_baseline,question_only_lower_bound,True,controlled,arithmetic,number,16000,middle,medium,none,548,unknown,p0001;p0002,,True,0.0,0.0,0.0,0.0,0.0,0.0,0.0,0.0,0.0,0.0,evidence_localization_failure,
controlled_000736,qwen3:14b,direct,Full Context,diagnostic_condition,full_context_condition,True,controlled,arithmetic,number,16000,middle,medium,none,548,0,p0001;p0002,,True,0.0,0.0,0.0,0.0,0.0,0.0,0.0,0.0,0.0,0.0,evidence_localization_failure,
controlled_000736,qwen3:14b,retrieve_then_read,Retrieved Evidence,diagnostic_condition,evidence_narrowed_condition,True,controlled,arithmetic,number,16000,middle,medium,none,548,548,p0001;p0002,p0001;p0002,True,1.0,1.0,1.0,1.0,1.0,1.0,1.0,1.0,1.0,1.0,success,
controlled_000736,qwen3:14b,oracle,Oracle Evidence,diagnostic_baseline,oracle_evidence_upper_reference,True,controlled,arithmetic,number,16000,middle,medium,none,548,548,p0001;p0002,p0001;p0002,True,1.0,1.0,1.0,1.0,1.0,1.0,1.0,1.0,1.0,1.0,success,
controlled_000323,qwen3:14b,no_evidence,No Evidence,diagnostic_baseline,question_only_lower_bound,True,controlled,single_hop,entity,8000,front,low,none,Arcturus Systems 00322,unknown,p0001,,True,0.0,0.0,0.0,0.0,0.0,0.0,0.0,0.0,0.0,0.0,evidence_localization_failure,
controlled_000323,qwen3:14b,direct,Full Context,diagnostic_condition,full_context_condition,True,controlled,single_hop,entity,8000,front,low,none,Arcturus Systems 00322,QuantumTech Innovations,p0001,p0001,True,0.0,0.0,0.0,0.0,0.0,0.0,1.0,1.0,1.0,1.0,answer_conversion_failure,
controlled_000323,qwen3:14b,retrieve_then_read,Retrieved Evidence,diagnostic_condition,evidence_narrowed_condition,True,controlled,single_hop,entity,8000,front,low,none,Arcturus Systems 00322,Arcturus Systems,p0001,p0001,True,0.0,0.8,1.0,1.0,0.0,0.8,1.0,1.0,1.0,1.0,answer_conversion_failure,
controlled_000323,qwen3:14b,oracle,Oracle Evidence,diagnostic_baseline,oracle_evidence_upper_reference,True,controlled,single_hop,entity,8000,front,low,none,Arcturus Systems 00322,Arcturus Systems,p0001,p0001,True,0.0,0.8,1.0,1.0,0.0,0.8,1.0,1.0,1.0,1.0,answer_conversion_failure,
controlled_000218,qwen3:14b,no_evidence,No Evidence,diagnostic_baseline,question_only_lower_bound,True,controlled,arithmetic,number,4000,end,medium,high,562,unknown,p0001;p0002,,True,0.0,0.0,0.0,0.0,0.0,0.0,0.0,0.0,0.0,0.0,evidence_localization_failure,
controlled_000218,qwen3:14b,direct,Full Context,diagnostic_condition,full_context_condition,True,controlled,arithmetic,number,4000,end,medium,high,562,562,p0001;p0002,p0001;p0002,True,1.0,1.0,1.0,1.0,1.0,1.0,1.0,1.0,1.0,1.0,success,
controlled_000218,qwen3:14b,retrieve_then_read,Retrieved Evidence,diagnostic_condition,evidence_narrowed_condition,True,controlled,arithmetic,number,4000,end,medium,high,562,562,p0001;p0002,p0001;p0002,True,1.0,1.0,1.0,1.0,1.0,1.0,1.0,1.0,1.0,1.0,success,
controlled_000218,qwen3:14b,oracle,Oracle Evidence,diagnostic_baseline,oracle_evidence_upper_reference,True,controlled,arithmetic,number,4000,end,medium,high,562,562,p0001;p0002,p0001;p0002,True,1.0,1.0,1.0,1.0,1.0,1.0,1.0,1.0,1.0,1.0,success,
controlled_000672,qwen3:14b,no_evidence,No Evidence,diagnostic_baseline,question_only_lower_bound,True,controlled,comparison,entity,16000,front,medium,low,Model Alpha 00671,unknown,p0001;p0002,,True,0.0,0.0,0.0,0.0,0.0,0.0,0.0,0.0,0.0,0.0,evidence_localization_failure,
controlled_000672,qwen3:14b,direct,Full Context,diagnostic_condition,full_context_condition,True,controlled,comparison,entity,16000,front,medium,low,Model Alpha 00671,unknown,p0001;p0002,,True,0.0,0.0,0.0,0.0,0.0,0.0,0.0,0.0,0.0,0.0,evidence_localization_failure,
controlled_000672,qwen3:14b,retrieve_then_read,Retrieved Evidence,diagnostic_condition,evidence_narrowed_condition,True,controlled,comparison,entity,16000,front,medium,low,Model Alpha 00671,Model Alpha,p0001;p0002,p0001;p0002,True,0.0,0.8,1.0,1.0,0.0,0.8,1.0,1.0,1.0,1.0,answer_conversion_failure,
controlled_000672,qwen3:14b,oracle,Oracle Evidence,diagnostic_baseline,oracle_evidence_upper_reference,True,controlled,comparison,entity,16000,front,medium,low,Model Alpha 00671,Model Alpha,p0001;p0002,p0001;p0002,True,0.0,0.8,1.0,1.0,0.0,0.8,1.0,1.0,1.0,1.0,answer_conversion_failure,
controlled_000512,qwen3:14b,no_evidence,No Evidence,diagnostic_baseline,question_only_lower_bound,True,controlled,comparison,entity,8000,end,medium,low,Model Alpha 00511,unknown,p0001;p0002,,True,0.0,0.0,0.0,0.0,0.0,0.0,0.0,0.0,0.0,0.0,evidence_localization_failure,
controlled_000512,qwen3:14b,direct,Full Context,diagnostic_condition,full_context_condition,True,controlled,comparison,entity,8000,end,medium,low,Model Alpha 00511,Model Alpha,p0001;p0002,p0001;p0002,True,0.0,0.8,1.0,1.0,0.0,0.8,1.0,1.0,1.0,1.0,answer_conversion_failure,
controlled_000512,qwen3:14b,retrieve_then_read,Retrieved Evidence,diagnostic_condition,evidence_narrowed_condition,True,controlled,comparison,entity,8000,end,medium,low,Model Alpha 00511,Model Alpha,p0001;p0002,p0001;p0002,True,0.0,0.8,1.0,1.0,0.0,0.8,1.0,1.0,1.0,1.0,answer_conversion_failure,
controlled_000512,qwen3:14b,oracle,Oracle Evidence,diagnostic_baseline,oracle_evidence_upper_reference,True,controlled,comparison,entity,8000,end,medium,low,Model Alpha 00511,Model Alpha,p0001;p0002,p0001;p0002,True,0.0,0.8,1.0,1.0,0.0,0.8,1.0,1.0,1.0,1.0,answer_conversion_failure,
controlled_000406,qwen3:14b,no_evidence,No Evidence,diagnostic_baseline,question_only_lower_bound,True,controlled,multi_hop,entity,8000,middle,medium,none,Zurich-00405,unknown,p0001;p0002,,True,0.0,0.0,0.0,0.0,0.0,0.0,0.0,0.0,0.0,0.0,evidence_localization_failure,
controlled_000406,qwen3:14b,direct,Full Context,diagnostic_condition,full_context_condition,True,controlled,multi_hop,entity,8000,middle,medium,none,Zurich-00405,Zurich,p0001;p0002,p0001;p0002,True,0.0,0.0,1.0,1.0,0.0,0.0,1.0,1.0,1.0,1.0,answer_conversion_failure,
controlled_000406,qwen3:14b,retrieve_then_read,Retrieved Evidence,diagnostic_condition,evidence_narrowed_condition,True,controlled,multi_hop,entity,8000,middle,medium,none,Zurich-00405,Zurich-00405,p0001;p0002,p0001;p0002,True,1.0,1.0,1.0,1.0,1.0,1.0,1.0,1.0,1.0,1.0,success,
controlled_000406,qwen3:14b,oracle,Oracle Evidence,diagnostic_baseline,oracle_evidence_upper_reference,True,controlled,multi_hop,entity,8000,middle,medium,none,Zurich-00405,Zurich-00405,p0001;p0002,p0001;p0002,True,1.0,1.0,1.0,1.0,1.0,1.0,1.0,1.0,1.0,1.0,success,
controlled_000659,qwen3:14b,no_evidence,No Evidence,diagnostic_baseline,question_only_lower_bound,True,controlled,arithmetic,number,16000,front,medium,none,527,unknown,p0001;p0002,,True,0.0,0.0,0.0,0.0,0.0,0.0,0.0,0.0,0.0,0.0,evidence_localization_failure,
controlled_000659,qwen3:14b,direct,Full Context,diagnostic_condition,full_context_condition,True,controlled,arithmetic,number,16000,front,medium,none,527,0,p0001;p0002,,True,0.0,0.0,0.0,0.0,0.0,0.0,0.0,0.0,0.0,0.0,evidence_localization_failure,
controlled_000659,qwen3:14b,retrieve_then_read,Retrieved Evidence,diagnostic_condition,evidence_narrowed_condition,True,controlled,arithmetic,number,16000,front,medium,none,527,527,p0001;p0002,p0001;p0002,True,1.0,1.0,1.0,1.0,1.0,1.0,1.0,1.0,1.0,1.0,success,
controlled_000659,qwen3:14b,oracle,Oracle Evidence,diagnostic_baseline,oracle_evidence_upper_reference,True,controlled,arithmetic,number,16000,front,medium,none,527,527,p0001;p0002,p0001;p0002,True,1.0,1.0,1.0,1.0,1.0,1.0,1.0,1.0,1.0,1.0,success,
controlled_000470,qwen3:14b,no_evidence,No Evidence,diagnostic_baseline,question_only_lower_bound,True,controlled,multi_hop,entity,8000,middle,medium,conflicting,Zurich-00469,unknown,p0001;p0002,,True,0.0,0.0,0.0,0.0,0.0,0.0,0.0,0.0,0.0,0.0,evidence_localization_failure,
controlled_000470,qwen3:14b,direct,Full Context,diagnostic_condition,full_context_condition,True,controlled,multi_hop,entity,8000,middle,medium,conflicting,Zurich-00469,Oslo,p0001;p0002,p0001;p0002,True,0.0,0.0,0.0,0.0,0.0,0.0,1.0,1.0,1.0,1.0,answer_conversion_failure,
controlled_000470,qwen3:14b,retrieve_then_read,Retrieved Evidence,diagnostic_condition,evidence_narrowed_condition,True,controlled,multi_hop,entity,8000,middle,medium,conflicting,Zurich-00469,Zurich-00469,p0001;p0002,p0001;p0002,True,1.0,1.0,1.0,1.0,1.0,1.0,1.0,1.0,1.0,1.0,success,
controlled_000470,qwen3:14b,oracle,Oracle Evidence,diagnostic_baseline,oracle_evidence_upper_reference,True,controlled,multi_hop,entity,8000,middle,medium,conflicting,Zurich-00469,Zurich-00469,p0001;p0002,p0001;p0002,True,1.0,1.0,1.0,1.0,1.0,1.0,1.0,1.0,1.0,1.0,success,
controlled_000147,qwen3:14b,no_evidence,No Evidence,diagnostic_baseline,question_only_lower_bound,True,controlled,multi_hop,entity,4000,middle,medium,conflicting,Zurich-00146,unknown,p0001;p0002,,True,0.0,0.0,0.0,0.0,0.0,0.0,0.0,0.0,0.0,0.0,evidence_localization_failure,
controlled_000147,qwen3:14b,direct,Full Context,diagnostic_condition,full_context_condition,True,controlled,multi_hop,entity,4000,middle,medium,conflicting,Zurich-00146,Zurich-00146,p0001;p0002,p0001;p0002,True,1.0,1.0,1.0,1.0,1.0,1.0,1.0,1.0,1.0,1.0,success,
controlled_000147,qwen3:14b,retrieve_then_read,Retrieved Evidence,diagnostic_condition,evidence_narrowed_condition,True,controlled,multi_hop,entity,4000,middle,medium,conflicting,Zurich-00146,Zurich-00146,p0001;p0002,p0001;p0002,True,1.0,1.0,1.0,1.0,1.0,1.0,1.0,1.0,1.0,1.0,success,
controlled_000147,qwen3:14b,oracle,Oracle Evidence,diagnostic_baseline,oracle_evidence_upper_reference,True,controlled,multi_hop,entity,4000,middle,medium,conflicting,Zurich-00146,Zurich-00146,p0001;p0002,p0001;p0002,True,1.0,1.0,1.0,1.0,1.0,1.0,1.0,1.0,1.0,1.0,success,
controlled_000272,qwen3:14b,no_evidence,No Evidence,diagnostic_baseline,question_only_lower_bound,True,controlled,comparison,entity,4000,scattered,medium,low,Model Alpha 00271,unknown,p0001;p0002,,True,0.0,0.0,0.0,0.0,0.0,0.0,0.0,0.0,0.0,0.0,evidence_localization_failure,
controlled_000272,qwen3:14b,direct,Full Context,diagnostic_condition,full_context_condition,True,controlled,comparison,entity,4000,scattered,medium,low,Model Alpha 00271,Model Alpha,p0001;p0002,p0001;p0002,True,0.0,0.8,1.0,1.0,0.0,0.8,1.0,1.0,1.0,1.0,answer_conversion_failure,
controlled_000272,qwen3:14b,retrieve_then_read,Retrieved Evidence,diagnostic_condition,evidence_narrowed_condition,True,controlled,comparison,entity,4000,scattered,medium,low,Model Alpha 00271,Model Alpha,p0001;p0002,p0001;p0002,True,0.0,0.8,1.0,1.0,0.0,0.8,1.0,1.0,1.0,1.0,answer_conversion_failure,
controlled_000272,qwen3:14b,oracle,Oracle Evidence,diagnostic_baseline,oracle_evidence_upper_reference,True,controlled,comparison,entity,4000,scattered,medium,low,Model Alpha 00271,Model Alpha,p0001;p0002,p0001;p0002,True,0.0,0.8,1.0,1.0,0.0,0.8,1.0,1.0,1.0,1.0,answer_conversion_failure,
controlled_000953,qwen3:14b,no_evidence,No Evidence,diagnostic_baseline,question_only_lower_bound,True,controlled,comparison,entity,16000,scattered,medium,conflicting,Model Alpha 00952,unknown,p0001;p0002,,True,0.0,0.0,0.0,0.0,0.0,0.0,0.0,0.0,0.0,0.0,evidence_localization_failure,
controlled_000953,qwen3:14b,direct,Full Context,diagnostic_condition,full_context_condition,True,controlled,comparison,entity,16000,scattered,medium,conflicting,Model Alpha 00952,unknown,p0001;p0002,,True,0.0,0.0,0.0,0.0,0.0,0.0,0.0,0.0,0.0,0.0,evidence_localization_failure,
controlled_000953,qwen3:14b,retrieve_then_read,Retrieved Evidence,diagnostic_condition,evidence_narrowed_condition,True,controlled,comparison,entity,16000,scattered,medium,conflicting,Model Alpha 00952,Model Alpha 00952,p0001;p0002,p0001;p0002;p0003,True,1.0,1.0,1.0,1.0,1.0,1.0,0.6666666666666666,1.0,0.8,1.0,success,
controlled_000953,qwen3:14b,oracle,Oracle Evidence,diagnostic_baseline,oracle_evidence_upper_reference,True,controlled,comparison,entity,16000,scattered,medium,conflicting,Model Alpha 00952,Model Alpha,p0001;p0002,p0001;p0002,True,0.0,0.8,1.0,1.0,0.0,0.8,1.0,1.0,1.0,1.0,answer_conversion_failure,
controlled_000253,qwen3:14b,no_evidence,No Evidence,diagnostic_baseline,question_only_lower_bound,True,controlled,comparison,entity,4000,scattered,medium,none,Model Alpha 00252,unknown,p0001;p0002,,True,0.0,0.0,0.0,0.0,0.0,0.0,0.0,0.0,0.0,0.0,evidence_localization_failure,
controlled_000253,qwen3:14b,direct,Full Context,diagnostic_condition,full_context_condition,True,controlled,comparison,entity,4000,scattered,medium,none,Model Alpha 00252,Model Alpha,p0001;p0002,p0001,True,0.0,0.8,1.0,1.0,0.0,0.8,1.0,0.5,0.6666666666666666,1.0,evidence_integration_failure,
controlled_000253,qwen3:14b,retrieve_then_read,Retrieved Evidence,diagnostic_condition,evidence_narrowed_condition,True,controlled,comparison,entity,4000,scattered,medium,none,Model Alpha 00252,Model Alpha,p0001;p0002,p0001;p0002,True,0.0,0.8,1.0,1.0,0.0,0.8,1.0,1.0,1.0,1.0,answer_conversion_failure,
controlled_000253,qwen3:14b,oracle,Oracle Evidence,diagnostic_baseline,oracle_evidence_upper_reference,True,controlled,comparison,entity,4000,scattered,medium,none,Model Alpha 00252,Model Alpha,p0001;p0002,p0001;p0002,True,0.0,0.8,1.0,1.0,0.0,0.8,1.0,1.0,1.0,1.0,answer_conversion_failure,
controlled_000763,qwen3:14b,no_evidence,No Evidence,diagnostic_baseline,question_only_lower_bound,True,controlled,single_hop,entity,16000,middle,low,high,Arcturus Systems 00762,unknown,p0001,,True,0.0,0.0,0.0,0.0,0.0,0.0,0.0,0.0,0.0,0.0,evidence_localization_failure,
controlled_000763,qwen3:14b,direct,Full Context,diagnostic_condition,full_context_condition,True,controlled,single_hop,entity,16000,middle,low,high,Arcturus Systems 00762,QuantumTech Innovations,p0001,p0001,True,0.0,0.0,0.0,0.0,0.0,0.0,1.0,1.0,1.0,1.0,answer_conversion_failure,
controlled_000763,qwen3:14b,retrieve_then_read,Retrieved Evidence,diagnostic_condition,evidence_narrowed_condition,True,controlled,single_hop,entity,16000,middle,low,high,Arcturus Systems 00762,Arcturus Systems,p0001,p0001,True,0.0,0.8,1.0,1.0,0.0,0.8,1.0,1.0,1.0,1.0,answer_conversion_failure,
controlled_000763,qwen3:14b,oracle,Oracle Evidence,diagnostic_baseline,oracle_evidence_upper_reference,True,controlled,single_hop,entity,16000,middle,low,high,Arcturus Systems 00762,Arcturus Systems 00762,p0001,p0001,True,1.0,1.0,1.0,1.0,1.0,1.0,1.0,1.0,1.0,1.0,success,
controlled_000935,qwen3:14b,no_evidence,No Evidence,diagnostic_baseline,question_only_lower_bound,True,controlled,comparison,entity,16000,scattered,medium,high,Model Alpha 00934,unknown,p0001;p0002,,True,0.0,0.0,0.0,0.0,0.0,0.0,0.0,0.0,0.0,0.0,evidence_localization_failure,
controlled_000935,qwen3:14b,direct,Full Context,diagnostic_condition,full_context_condition,True,controlled,comparison,entity,16000,scattered,medium,high,Model Alpha 00934,unknown,p0001;p0002,,True,0.0,0.0,0.0,0.0,0.0,0.0,0.0,0.0,0.0,0.0,evidence_localization_failure,
controlled_000935,qwen3:14b,retrieve_then_read,Retrieved Evidence,diagnostic_condition,evidence_narrowed_condition,True,controlled,comparison,entity,16000,scattered,medium,high,Model Alpha 00934,Model Alpha,p0001;p0002,p0001,True,0.0,0.8,1.0,1.0,0.0,0.8,1.0,0.5,0.6666666666666666,1.0,evidence_integration_failure,
controlled_000935,qwen3:14b,oracle,Oracle Evidence,diagnostic_baseline,oracle_evidence_upper_reference,True,controlled,comparison,entity,16000,scattered,medium,high,Model Alpha 00934,Model Alpha,p0001;p0002,p0001;p0002,True,0.0,0.8,1.0,1.0,0.0,0.8,1.0,1.0,1.0,1.0,answer_conversion_failure,
controlled_000552,qwen3:14b,no_evidence,No Evidence,diagnostic_baseline,question_only_lower_bound,True,controlled,comparison,entity,8000,end,medium,conflicting,Model Alpha 00551,unknown,p0001;p0002,,True,0.0,0.0,0.0,0.0,0.0,0.0,0.0,0.0,0.0,0.0,evidence_localization_failure,
controlled_000552,qwen3:14b,direct,Full Context,diagnostic_condition,full_context_condition,True,controlled,comparison,entity,8000,end,medium,conflicting,Model Alpha 00551,Model Alpha 00551,p0001;p0002,p0001;p0002,True,1.0,1.0,1.0,1.0,1.0,1.0,1.0,1.0,1.0,1.0,success,
controlled_000552,qwen3:14b,retrieve_then_read,Retrieved Evidence,diagnostic_condition,evidence_narrowed_condition,True,controlled,comparison,entity,8000,end,medium,conflicting,Model Alpha 00551,Model Alpha 00551,p0001;p0002,p0001;p0002,True,1.0,1.0,1.0,1.0,1.0,1.0,1.0,1.0,1.0,1.0,success,
controlled_000552,qwen3:14b,oracle,Oracle Evidence,diagnostic_baseline,oracle_evidence_upper_reference,True,controlled,comparison,entity,8000,end,medium,conflicting,Model Alpha 00551,Model Alpha,p0001;p0002,p0001;p0002,True,0.0,0.8,1.0,1.0,0.0,0.8,1.0,1.0,1.0,1.0,answer_conversion_failure,
controlled_000270,qwen3:14b,no_evidence,No Evidence,diagnostic_baseline,question_only_lower_bound,True,controlled,multi_hop,entity,4000,scattered,medium,low,Zurich-00269,unknown,p0001;p0002,,True,0.0,0.0,0.0,0.0,0.0,0.0,0.0,0.0,0.0,0.0,evidence_localization_failure,
controlled_000270,qwen3:14b,direct,Full Context,diagnostic_condition,full_context_condition,True,controlled,multi_hop,entity,4000,scattered,medium,low,Zurich-00269,Zurich-00269,p0001;p0002,p0001;p0002,True,1.0,1.0,1.0,1.0,1.0,1.0,1.0,1.0,1.0,1.0,success,
controlled_000270,qwen3:14b,retrieve_then_read,Retrieved Evidence,diagnostic_condition,evidence_narrowed_condition,True,controlled,multi_hop,entity,4000,scattered,medium,low,Zurich-00269,Zurich-00269,p0001;p0002,p0001;p0002,True,1.0,1.0,1.0,1.0,1.0,1.0,1.0,1.0,1.0,1.0,success,
controlled_000270,qwen3:14b,oracle,Oracle Evidence,diagnostic_baseline,oracle_evidence_upper_reference,True,controlled,multi_hop,entity,4000,scattered,medium,low,Zurich-00269,Zurich-00269,p0001;p0002,p0001;p0002,True,1.0,1.0,1.0,1.0,1.0,1.0,1.0,1.0,1.0,1.0,success,
controlled_000765,qwen3:14b,no_evidence,No Evidence,diagnostic_baseline,question_only_lower_bound,True,controlled,single_hop,entity,16000,middle,low,high,Arcturus Systems 00764,unknown,p0001,,True,0.0,0.0,0.0,0.0,0.0,0.0,0.0,0.0,0.0,0.0,evidence_localization_failure,
controlled_000765,qwen3:14b,direct,Full Context,diagnostic_condition,full_context_condition,True,controlled,single_hop,entity,16000,middle,low,high,Arcturus Systems 00764,Acme Corp,p0001,p0001,True,0.0,0.0,0.0,0.0,0.0,0.0,1.0,1.0,1.0,1.0,answer_conversion_failure,
controlled_000765,qwen3:14b,retrieve_then_read,Retrieved Evidence,diagnostic_condition,evidence_narrowed_condition,True,controlled,single_hop,entity,16000,middle,low,high,Arcturus Systems 00764,Arcturus Systems,p0001,p0001,True,0.0,0.8,1.0,1.0,0.0,0.8,1.0,1.0,1.0,1.0,answer_conversion_failure,
controlled_000765,qwen3:14b,oracle,Oracle Evidence,diagnostic_baseline,oracle_evidence_upper_reference,True,controlled,single_hop,entity,16000,middle,low,high,Arcturus Systems 00764,Arcturus Systems,p0001,p0001,True,0.0,0.8,1.0,1.0,0.0,0.8,1.0,1.0,1.0,1.0,answer_conversion_failure,
controlled_000599,qwen3:14b,no_evidence,No Evidence,diagnostic_baseline,question_only_lower_bound,True,controlled,arithmetic,number,8000,scattered,medium,low,593,unknown,p0001;p0002,,True,0.0,0.0,0.0,0.0,0.0,0.0,0.0,0.0,0.0,0.0,evidence_localization_failure,
controlled_000599,qwen3:14b,direct,Full Context,diagnostic_condition,full_context_condition,True,controlled,arithmetic,number,8000,scattered,medium,low,593,100,p0001;p0002,p0001;p0002,True,0.0,0.0,0.0,0.0,0.0,0.0,1.0,1.0,1.0,1.0,answer_conversion_failure,
controlled_000599,qwen3:14b,retrieve_then_read,Retrieved Evidence,diagnostic_condition,evidence_narrowed_condition,True,controlled,arithmetic,number,8000,scattered,medium,low,593,593,p0001;p0002,p0001;p0002,True,1.0,1.0,1.0,1.0,1.0,1.0,1.0,1.0,1.0,1.0,success,
controlled_000599,qwen3:14b,oracle,Oracle Evidence,diagnostic_baseline,oracle_evidence_upper_reference,True,controlled,arithmetic,number,8000,scattered,medium,low,593,593,p0001;p0002,p0001;p0002,True,1.0,1.0,1.0,1.0,1.0,1.0,1.0,1.0,1.0,1.0,success,
controlled_000439,qwen3:14b,no_evidence,No Evidence,diagnostic_baseline,question_only_lower_bound,True,controlled,arithmetic,number,8000,middle,medium,low,377,unknown,p0001;p0002,,True,0.0,0.0,0.0,0.0,0.0,0.0,0.0,0.0,0.0,0.0,evidence_localization_failure,
controlled_000439,qwen3:14b,direct,Full Context,diagnostic_condition,full_context_condition,True,controlled,arithmetic,number,8000,middle,medium,low,377,377,p0001;p0002,p0001;p0002,True,1.0,1.0,1.0,1.0,1.0,1.0,1.0,1.0,1.0,1.0,success,
controlled_000439,qwen3:14b,retrieve_then_read,Retrieved Evidence,diagnostic_condition,evidence_narrowed_condition,True,controlled,arithmetic,number,8000,middle,medium,low,377,377,p0001;p0002,p0001;p0002,True,1.0,1.0,1.0,1.0,1.0,1.0,1.0,1.0,1.0,1.0,success,
controlled_000439,qwen3:14b,oracle,Oracle Evidence,diagnostic_baseline,oracle_evidence_upper_reference,True,controlled,arithmetic,number,8000,middle,medium,low,377,377,p0001;p0002,p0001;p0002,True,1.0,1.0,1.0,1.0,1.0,1.0,1.0,1.0,1.0,1.0,success,
controlled_000598,qwen3:14b,no_evidence,No Evidence,diagnostic_baseline,question_only_lower_bound,True,controlled,arithmetic,number,8000,scattered,medium,low,392,unknown,p0001;p0002,,True,0.0,0.0,0.0,0.0,0.0,0.0,0.0,0.0,0.0,0.0,evidence_localization_failure,
controlled_000598,qwen3:14b,direct,Full Context,diagnostic_condition,full_context_condition,True,controlled,arithmetic,number,8000,scattered,medium,low,392,150,p0001;p0002,p0001;p0002,True,0.0,0.0,0.0,0.0,0.0,0.0,1.0,1.0,1.0,1.0,answer_conversion_failure,
controlled_000598,qwen3:14b,retrieve_then_read,Retrieved Evidence,diagnostic_condition,evidence_narrowed_condition,True,controlled,arithmetic,number,8000,scattered,medium,low,392,392,p0001;p0002,p0001;p0002,True,1.0,1.0,1.0,1.0,1.0,1.0,1.0,1.0,1.0,1.0,success,
controlled_000598,qwen3:14b,oracle,Oracle Evidence,diagnostic_baseline,oracle_evidence_upper_reference,True,controlled,arithmetic,number,8000,scattered,medium,low,392,392,p0001;p0002,p0001;p0002,True,1.0,1.0,1.0,1.0,1.0,1.0,1.0,1.0,1.0,1.0,success,
controlled_000409,qwen3:14b,no_evidence,No Evidence,diagnostic_baseline,question_only_lower_bound,True,controlled,multi_hop,entity,8000,middle,medium,none,Zurich-00408,,p0001;p0002,,True,0.0,0.0,0.0,0.0,0.0,0.0,0.0,0.0,0.0,0.0,evidence_localization_failure,
controlled_000409,qwen3:14b,direct,Full Context,diagnostic_condition,full_context_condition,True,controlled,multi_hop,entity,8000,middle,medium,none,Zurich-00408,Zurich,p0001;p0002,p0001;p0002,True,0.0,0.0,1.0,1.0,0.0,0.0,1.0,1.0,1.0,1.0,answer_conversion_failure,
controlled_000409,qwen3:14b,retrieve_then_read,Retrieved Evidence,diagnostic_condition,evidence_narrowed_condition,True,controlled,multi_hop,entity,8000,middle,medium,none,Zurich-00408,Zurich-00408,p0001;p0002,p0001;p0002,True,1.0,1.0,1.0,1.0,1.0,1.0,1.0,1.0,1.0,1.0,success,
controlled_000409,qwen3:14b,oracle,Oracle Evidence,diagnostic_baseline,oracle_evidence_upper_reference,True,controlled,multi_hop,entity,8000,middle,medium,none,Zurich-00408,Zurich-00408,p0001;p0002,p0001;p0002,True,1.0,1.0,1.0,1.0,1.0,1.0,1.0,1.0,1.0,1.0,success,
controlled_000887,qwen3:14b,no_evidence,No Evidence,diagnostic_baseline,question_only_lower_bound,True,controlled,multi_hop,entity,16000,scattered,medium,none,Zurich-00886,unknown,p0001;p0002,,True,0.0,0.0,0.0,0.0,0.0,0.0,0.0,0.0,0.0,0.0,evidence_localization_failure,
controlled_000887,qwen3:14b,direct,Full Context,diagnostic_condition,full_context_condition,True,controlled,multi_hop,entity,16000,scattered,medium,none,Zurich-00886,San Francisco,p0001;p0002,p0001,True,0.0,0.0,0.0,0.0,0.0,0.0,1.0,0.5,0.6666666666666666,1.0,evidence_integration_failure,
controlled_000887,qwen3:14b,retrieve_then_read,Retrieved Evidence,diagnostic_condition,evidence_narrowed_condition,True,controlled,multi_hop,entity,16000,scattered,medium,none,Zurich-00886,Zurich-00886,p0001;p0002,p0001;p0002,True,1.0,1.0,1.0,1.0,1.0,1.0,1.0,1.0,1.0,1.0,success,
controlled_000887,qwen3:14b,oracle,Oracle Evidence,diagnostic_baseline,oracle_evidence_upper_reference,True,controlled,multi_hop,entity,16000,scattered,medium,none,Zurich-00886,Zurich-00886,p0001;p0002,p0001;p0002,True,1.0,1.0,1.0,1.0,1.0,1.0,1.0,1.0,1.0,1.0,success,
controlled_000844,qwen3:14b,no_evidence,No Evidence,diagnostic_baseline,question_only_lower_bound,True,controlled,single_hop,entity,16000,end,low,high,Arcturus Systems 00843,unknown,p0001,,True,0.0,0.0,0.0,0.0,0.0,0.0,0.0,0.0,0.0,0.0,evidence_localization_failure,
controlled_000844,qwen3:14b,direct,Full Context,diagnostic_condition,full_context_condition,True,controlled,single_hop,entity,16000,end,low,high,Arcturus Systems 00843,Arcturus Systems,p0001,p0001,True,0.0,0.8,1.0,1.0,0.0,0.8,1.0,1.0,1.0,1.0,answer_conversion_failure,
controlled_000844,qwen3:14b,retrieve_then_read,Retrieved Evidence,diagnostic_condition,evidence_narrowed_condition,True,controlled,single_hop,entity,16000,end,low,high,Arcturus Systems 00843,Arcturus Systems 00843,p0001,p0001,True,1.0,1.0,1.0,1.0,1.0,1.0,1.0,1.0,1.0,1.0,success,
controlled_000844,qwen3:14b,oracle,Oracle Evidence,diagnostic_baseline,oracle_evidence_upper_reference,True,controlled,single_hop,entity,16000,end,low,high,Arcturus Systems 00843,Arcturus Systems,p0001,p0001,True,0.0,0.8,1.0,1.0,0.0,0.8,1.0,1.0,1.0,1.0,answer_conversion_failure,
controlled_000142,qwen3:14b,no_evidence,No Evidence,diagnostic_baseline,question_only_lower_bound,True,controlled,single_hop,entity,4000,middle,low,conflicting,Arcturus Systems 00141,unknown,p0001,,True,0.0,0.0,0.0,0.0,0.0,0.0,0.0,0.0,0.0,0.0,evidence_localization_failure,
controlled_000142,qwen3:14b,direct,Full Context,diagnostic_condition,full_context_condition,True,controlled,single_hop,entity,4000,middle,low,conflicting,Arcturus Systems 00141,Arcturus Systems 00141,p0001,p0001,True,1.0,1.0,1.0,1.0,1.0,1.0,1.0,1.0,1.0,1.0,success,
controlled_000142,qwen3:14b,retrieve_then_read,Retrieved Evidence,diagnostic_condition,evidence_narrowed_condition,True,controlled,single_hop,entity,4000,middle,low,conflicting,Arcturus Systems 00141,Arcturus Systems,p0001,p0001,True,0.0,0.8,1.0,1.0,0.0,0.8,1.0,1.0,1.0,1.0,answer_conversion_failure,
controlled_000142,qwen3:14b,oracle,Oracle Evidence,diagnostic_baseline,oracle_evidence_upper_reference,True,controlled,single_hop,entity,4000,middle,low,conflicting,Arcturus Systems 00141,Arcturus Systems 00141,p0001,p0001,True,1.0,1.0,1.0,1.0,1.0,1.0,1.0,1.0,1.0,1.0,success,
controlled_000522,qwen3:14b,no_evidence,No Evidence,diagnostic_baseline,question_only_lower_bound,True,controlled,single_hop,entity,8000,end,low,high,Arcturus Systems 00521,unknown,p0001,,True,0.0,0.0,0.0,0.0,0.0,0.0,0.0,0.0,0.0,0.0,evidence_localization_failure,
controlled_000522,qwen3:14b,direct,Full Context,diagnostic_condition,full_context_condition,True,controlled,single_hop,entity,8000,end,low,high,Arcturus Systems 00521,Arcturus Systems,p0001,p0001,True,0.0,0.8,1.0,1.0,0.0,0.8,1.0,1.0,1.0,1.0,answer_conversion_failure,
controlled_000522,qwen3:14b,retrieve_then_read,Retrieved Evidence,diagnostic_condition,evidence_narrowed_condition,True,controlled,single_hop,entity,8000,end,low,high,Arcturus Systems 00521,Arcturus Systems,p0001,p0001,True,0.0,0.8,1.0,1.0,0.0,0.8,1.0,1.0,1.0,1.0,answer_conversion_failure,
controlled_000522,qwen3:14b,oracle,Oracle Evidence,diagnostic_baseline,oracle_evidence_upper_reference,True,controlled,single_hop,entity,8000,end,low,high,Arcturus Systems 00521,Arcturus Systems,p0001,p0001,True,0.0,0.8,1.0,1.0,0.0,0.8,1.0,1.0,1.0,1.0,answer_conversion_failure,
controlled_000506,qwen3:14b,no_evidence,No Evidence,diagnostic_baseline,question_only_lower_bound,True,controlled,multi_hop,entity,8000,end,medium,low,Zurich-00505,unknown,p0001;p0002,,True,0.0,0.0,0.0,0.0,0.0,0.0,0.0,0.0,0.0,0.0,evidence_localization_failure,
controlled_000506,qwen3:14b,direct,Full Context,diagnostic_condition,full_context_condition,True,controlled,multi_hop,entity,8000,end,medium,low,Zurich-00505,Zurich-00505,p0001;p0002,p0001;p0002,True,1.0,1.0,1.0,1.0,1.0,1.0,1.0,1.0,1.0,1.0,success,
controlled_000506,qwen3:14b,retrieve_then_read,Retrieved Evidence,diagnostic_condition,evidence_narrowed_condition,True,controlled,multi_hop,entity,8000,end,medium,low,Zurich-00505,Zurich-00505,p0001;p0002,p0001;p0002,True,1.0,1.0,1.0,1.0,1.0,1.0,1.0,1.0,1.0,1.0,success,
controlled_000506,qwen3:14b,oracle,Oracle Evidence,diagnostic_baseline,oracle_evidence_upper_reference,True,controlled,multi_hop,entity,8000,end,medium,low,Zurich-00505,Zurich-00505,p0001;p0002,p0001;p0002,True,1.0,1.0,1.0,1.0,1.0,1.0,1.0,1.0,1.0,1.0,success,
controlled_000094,qwen3:14b,no_evidence,No Evidence,diagnostic_baseline,question_only_lower_bound,True,controlled,comparison,entity,4000,middle,medium,none,Model Alpha 00093,unknown,p0001;p0002,,True,0.0,0.0,0.0,0.0,0.0,0.0,0.0,0.0,0.0,0.0,evidence_localization_failure,
controlled_000094,qwen3:14b,direct,Full Context,diagnostic_condition,full_context_condition,True,controlled,comparison,entity,4000,middle,medium,none,Model Alpha 00093,Model Alpha,p0001;p0002,p0001;p0002,True,0.0,0.8,1.0,1.0,0.0,0.8,1.0,1.0,1.0,1.0,answer_conversion_failure,
controlled_000094,qwen3:14b,retrieve_then_read,Retrieved Evidence,diagnostic_condition,evidence_narrowed_condition,True,controlled,comparison,entity,4000,middle,medium,none,Model Alpha 00093,Model Alpha,p0001;p0002,p0001;p0002,True,0.0,0.8,1.0,1.0,0.0,0.8,1.0,1.0,1.0,1.0,answer_conversion_failure,
controlled_000094,qwen3:14b,oracle,Oracle Evidence,diagnostic_baseline,oracle_evidence_upper_reference,True,controlled,comparison,entity,4000,middle,medium,none,Model Alpha 00093,Model Alpha,p0001;p0002,p0001;p0002,True,0.0,0.8,1.0,1.0,0.0,0.8,1.0,1.0,1.0,1.0,answer_conversion_failure,
controlled_000774,qwen3:14b,no_evidence,No Evidence,diagnostic_baseline,question_only_lower_bound,True,controlled,comparison,entity,16000,middle,medium,high,Model Alpha 00773,unknown,p0001;p0002,,True,0.0,0.0,0.0,0.0,0.0,0.0,0.0,0.0,0.0,0.0,evidence_localization_failure,
controlled_000774,qwen3:14b,direct,Full Context,diagnostic_condition,full_context_condition,True,controlled,comparison,entity,16000,middle,medium,high,Model Alpha 00773,unknown,p0001;p0002,,True,0.0,0.0,0.0,0.0,0.0,0.0,0.0,0.0,0.0,0.0,evidence_localization_failure,
controlled_000774,qwen3:14b,retrieve_then_read,Retrieved Evidence,diagnostic_condition,evidence_narrowed_condition,True,controlled,comparison,entity,16000,middle,medium,high,Model Alpha 00773,Model Alpha,p0001;p0002,p0001;p0002,True,0.0,0.8,1.0,1.0,0.0,0.8,1.0,1.0,1.0,1.0,answer_conversion_failure,
controlled_000774,qwen3:14b,oracle,Oracle Evidence,diagnostic_baseline,oracle_evidence_upper_reference,True,controlled,comparison,entity,16000,middle,medium,high,Model Alpha 00773,Model Alpha,p0001;p0002,p0001;p0002,True,0.0,0.8,1.0,1.0,0.0,0.8,1.0,1.0,1.0,1.0,answer_conversion_failure,
controlled_000049,qwen3:14b,no_evidence,No Evidence,diagnostic_baseline,question_only_lower_bound,True,controlled,multi_hop,entity,4000,front,medium,high,Zurich-00048,unknown,p0001;p0002,,True,0.0,0.0,0.0,0.0,0.0,0.0,0.0,0.0,0.0,0.0,evidence_localization_failure,
controlled_000049,qwen3:14b,direct,Full Context,diagnostic_condition,full_context_condition,True,controlled,multi_hop,entity,4000,front,medium,high,Zurich-00048,Zurich-00048,p0001;p0002,p0001;p0002,True,1.0,1.0,1.0,1.0,1.0,1.0,1.0,1.0,1.0,1.0,success,
controlled_000049,qwen3:14b,retrieve_then_read,Retrieved Evidence,diagnostic_condition,evidence_narrowed_condition,True,controlled,multi_hop,entity,4000,front,medium,high,Zurich-00048,Zurich-00048,p0001;p0002,p0001;p0002,True,1.0,1.0,1.0,1.0,1.0,1.0,1.0,1.0,1.0,1.0,success,
controlled_000049,qwen3:14b,oracle,Oracle Evidence,diagnostic_baseline,oracle_evidence_upper_reference,True,controlled,multi_hop,entity,4000,front,medium,high,Zurich-00048,Zurich-00048,p0001;p0002,p0001;p0002,True,1.0,1.0,1.0,1.0,1.0,1.0,1.0,1.0,1.0,1.0,success,
controlled_000113,qwen3:14b,no_evidence,No Evidence,diagnostic_baseline,question_only_lower_bound,True,controlled,comparison,entity,4000,middle,medium,low,Model Alpha 00112,unknown,p0001;p0002,,True,0.0,0.0,0.0,0.0,0.0,0.0,0.0,0.0,0.0,0.0,evidence_localization_failure,
controlled_000113,qwen3:14b,direct,Full Context,diagnostic_condition,full_context_condition,True,controlled,comparison,entity,4000,middle,medium,low,Model Alpha 00112,Model Alpha,p0001;p0002,p0001;p0002,True,0.0,0.8,1.0,1.0,0.0,0.8,1.0,1.0,1.0,1.0,answer_conversion_failure,
controlled_000113,qwen3:14b,retrieve_then_read,Retrieved Evidence,diagnostic_condition,evidence_narrowed_condition,True,controlled,comparison,entity,4000,middle,medium,low,Model Alpha 00112,Model Alpha,p0001;p0002,p0001;p0002,True,0.0,0.8,1.0,1.0,0.0,0.8,1.0,1.0,1.0,1.0,answer_conversion_failure,
controlled_000113,qwen3:14b,oracle,Oracle Evidence,diagnostic_baseline,oracle_evidence_upper_reference,True,controlled,comparison,entity,4000,middle,medium,low,Model Alpha 00112,Model Alpha,p0001;p0002,p0001;p0002,True,0.0,0.8,1.0,1.0,0.0,0.8,1.0,1.0,1.0,1.0,answer_conversion_failure,
controlled_000157,qwen3:14b,no_evidence,No Evidence,diagnostic_baseline,question_only_lower_bound,True,controlled,arithmetic,number,4000,middle,medium,conflicting,396,unknown,p0001;p0002,,True,0.0,0.0,0.0,0.0,0.0,0.0,0.0,0.0,0.0,0.0,evidence_localization_failure,
controlled_000157,qwen3:14b,direct,Full Context,diagnostic_condition,full_context_condition,True,controlled,arithmetic,number,4000,middle,medium,conflicting,396,396,p0001;p0002,p0001;p0002,True,1.0,1.0,1.0,1.0,1.0,1.0,1.0,1.0,1.0,1.0,success,
controlled_000157,qwen3:14b,retrieve_then_read,Retrieved Evidence,diagnostic_condition,evidence_narrowed_condition,True,controlled,arithmetic,number,4000,middle,medium,conflicting,396,396,p0001;p0002,p0001;p0002,True,1.0,1.0,1.0,1.0,1.0,1.0,1.0,1.0,1.0,1.0,success,
controlled_000157,qwen3:14b,oracle,Oracle Evidence,diagnostic_baseline,oracle_evidence_upper_reference,True,controlled,arithmetic,number,4000,middle,medium,conflicting,396,396,p0001;p0002,p0001;p0002,True,1.0,1.0,1.0,1.0,1.0,1.0,1.0,1.0,1.0,1.0,success,
controlled_000643,qwen3:14b,no_evidence,No Evidence,diagnostic_baseline,question_only_lower_bound,True,controlled,single_hop,entity,16000,front,low,none,Arcturus Systems 00642,unknown,p0001,,True,0.0,0.0,0.0,0.0,0.0,0.0,0.0,0.0,0.0,0.0,evidence_localization_failure,
controlled_000643,qwen3:14b,direct,Full Context,diagnostic_condition,full_context_condition,True,controlled,single_hop,entity,16000,front,low,none,Arcturus Systems 00642,QuantumTech Innovations,p0001,p0001,True,0.0,0.0,0.0,0.0,0.0,0.0,1.0,1.0,1.0,1.0,answer_conversion_failure,
controlled_000643,qwen3:14b,retrieve_then_read,Retrieved Evidence,diagnostic_condition,evidence_narrowed_condition,True,controlled,single_hop,entity,16000,front,low,none,Arcturus Systems 00642,Arcturus Systems,p0001,p0001,True,0.0,0.8,1.0,1.0,0.0,0.8,1.0,1.0,1.0,1.0,answer_conversion_failure,
controlled_000643,qwen3:14b,oracle,Oracle Evidence,diagnostic_baseline,oracle_evidence_upper_reference,True,controlled,single_hop,entity,16000,front,low,none,Arcturus Systems 00642,Arcturus Systems,p0001,p0001,True,0.0,0.8,1.0,1.0,0.0,0.8,1.0,1.0,1.0,1.0,answer_conversion_failure,
controlled_000919,qwen3:14b,no_evidence,No Evidence,diagnostic_baseline,question_only_lower_bound,True,controlled,arithmetic,number,16000,scattered,medium,low,669,unknown,p0001;p0002,,True,0.0,0.0,0.0,0.0,0.0,0.0,0.0,0.0,0.0,0.0,evidence_localization_failure,
controlled_000919,qwen3:14b,direct,Full Context,diagnostic_condition,full_context_condition,True,controlled,arithmetic,number,16000,scattered,medium,low,669,0,p0001;p0002,,True,0.0,0.0,0.0,0.0,0.0,0.0,0.0,0.0,0.0,0.0,evidence_localization_failure,
controlled_000919,qwen3:14b,retrieve_then_read,Retrieved Evidence,diagnostic_condition,evidence_narrowed_condition,True,controlled,arithmetic,number,16000,scattered,medium,low,669,669,p0001;p0002,p0001;p0002,True,1.0,1.0,1.0,1.0,1.0,1.0,1.0,1.0,1.0,1.0,success,
controlled_000919,qwen3:14b,oracle,Oracle Evidence,diagnostic_baseline,oracle_evidence_upper_reference,True,controlled,arithmetic,number,16000,scattered,medium,low,669,669,p0001;p0002,p0001;p0002,True,1.0,1.0,1.0,1.0,1.0,1.0,1.0,1.0,1.0,1.0,success,
controlled_000697,qwen3:14b,no_evidence,No Evidence,diagnostic_baseline,question_only_lower_bound,True,controlled,arithmetic,number,16000,front,medium,high,474,unknown,p0001;p0002,,True,0.0,0.0,0.0,0.0,0.0,0.0,0.0,0.0,0.0,0.0,evidence_localization_failure,
controlled_000697,qwen3:14b,direct,Full Context,diagnostic_condition,full_context_condition,True,controlled,arithmetic,number,16000,front,medium,high,474,0,p0001;p0002,,True,0.0,0.0,0.0,0.0,0.0,0.0,0.0,0.0,0.0,0.0,evidence_localization_failure,
controlled_000697,qwen3:14b,retrieve_then_read,Retrieved Evidence,diagnostic_condition,evidence_narrowed_condition,True,controlled,arithmetic,number,16000,front,medium,high,474,474,p0001;p0002,p0001;p0002,True,1.0,1.0,1.0,1.0,1.0,1.0,1.0,1.0,1.0,1.0,success,
controlled_000697,qwen3:14b,oracle,Oracle Evidence,diagnostic_baseline,oracle_evidence_upper_reference,True,controlled,arithmetic,number,16000,front,medium,high,474,474,p0001;p0002,p0001;p0002,True,1.0,1.0,1.0,1.0,1.0,1.0,1.0,1.0,1.0,1.0,success,
controlled_000917,qwen3:14b,no_evidence,No Evidence,diagnostic_baseline,question_only_lower_bound,True,controlled,arithmetic,number,16000,scattered,medium,low,607,unknown,p0001;p0002,,True,0.0,0.0,0.0,0.0,0.0,0.0,0.0,0.0,0.0,0.0,evidence_localization_failure,
controlled_000917,qwen3:14b,direct,Full Context,diagnostic_condition,full_context_condition,True,controlled,arithmetic,number,16000,scattered,medium,low,607,0,p0001;p0002,,True,0.0,0.0,0.0,0.0,0.0,0.0,0.0,0.0,0.0,0.0,evidence_localization_failure,
controlled_000917,qwen3:14b,retrieve_then_read,Retrieved Evidence,diagnostic_condition,evidence_narrowed_condition,True,controlled,arithmetic,number,16000,scattered,medium,low,607,607,p0001;p0002,p0001;p0002,True,1.0,1.0,1.0,1.0,1.0,1.0,1.0,1.0,1.0,1.0,success,
controlled_000917,qwen3:14b,oracle,Oracle Evidence,diagnostic_baseline,oracle_evidence_upper_reference,True,controlled,arithmetic,number,16000,scattered,medium,low,607,607,p0001;p0002,p0001;p0002,True,1.0,1.0,1.0,1.0,1.0,1.0,1.0,1.0,1.0,1.0,success,
controlled_000611,qwen3:14b,no_evidence,No Evidence,diagnostic_baseline,question_only_lower_bound,True,controlled,comparison,entity,8000,scattered,medium,high,Model Alpha 00610,unknown,p0001;p0002,,True,0.0,0.0,0.0,0.0,0.0,0.0,0.0,0.0,0.0,0.0,evidence_localization_failure,
controlled_000611,qwen3:14b,direct,Full Context,diagnostic_condition,full_context_condition,True,controlled,comparison,entity,8000,scattered,medium,high,Model Alpha 00610,Model 00610,p0001;p0002,p0001;p0002,True,0.0,0.8,0.0,0.6666666666666666,0.0,0.8,1.0,1.0,1.0,1.0,answer_conversion_failure,
controlled_000611,qwen3:14b,retrieve_then_read,Retrieved Evidence,diagnostic_condition,evidence_narrowed_condition,True,controlled,comparison,entity,8000,scattered,medium,high,Model Alpha 00610,Model Alpha 00610,p0001;p0002,p0001,True,1.0,1.0,1.0,1.0,1.0,1.0,1.0,0.5,0.6666666666666666,1.0,success,
controlled_000611,qwen3:14b,oracle,Oracle Evidence,diagnostic_baseline,oracle_evidence_upper_reference,True,controlled,comparison,entity,8000,scattered,medium,high,Model Alpha 00610,Model Alpha,p0001;p0002,p0001;p0002,True,0.0,0.8,1.0,1.0,0.0,0.8,1.0,1.0,1.0,1.0,answer_conversion_failure,
controlled_000066,qwen3:14b,no_evidence,No Evidence,diagnostic_baseline,question_only_lower_bound,True,controlled,multi_hop,entity,4000,front,medium,conflicting,Zurich-00065,unknown,p0001;p0002,,True,0.0,0.0,0.0,0.0,0.0,0.0,0.0,0.0,0.0,0.0,evidence_localization_failure,
controlled_000066,qwen3:14b,direct,Full Context,diagnostic_condition,full_context_condition,True,controlled,multi_hop,entity,4000,front,medium,conflicting,Zurich-00065,Zurich-00065,p0001;p0002,p0001;p0002,True,1.0,1.0,1.0,1.0,1.0,1.0,1.0,1.0,1.0,1.0,success,
controlled_000066,qwen3:14b,retrieve_then_read,Retrieved Evidence,diagnostic_condition,evidence_narrowed_condition,True,controlled,multi_hop,entity,4000,front,medium,conflicting,Zurich-00065,Zurich-00065,p0001;p0002,p0001;p0002,True,1.0,1.0,1.0,1.0,1.0,1.0,1.0,1.0,1.0,1.0,success,
controlled_000066,qwen3:14b,oracle,Oracle Evidence,diagnostic_baseline,oracle_evidence_upper_reference,True,controlled,multi_hop,entity,4000,front,medium,conflicting,Zurich-00065,Zurich-00065,p0001;p0002,p0001;p0002,True,1.0,1.0,1.0,1.0,1.0,1.0,1.0,1.0,1.0,1.0,success,
controlled_000395,qwen3:14b,no_evidence,No Evidence,diagnostic_baseline,question_only_lower_bound,True,controlled,comparison,entity,8000,front,medium,conflicting,Model Alpha 00394,unknown,p0001;p0002,,True,0.0,0.0,0.0,0.0,0.0,0.0,0.0,0.0,0.0,0.0,evidence_localization_failure,
controlled_000395,qwen3:14b,direct,Full Context,diagnostic_condition,full_context_condition,True,controlled,comparison,entity,8000,front,medium,conflicting,Model Alpha 00394,Model Beta,p0001;p0002,p0001,True,0.0,0.4,0.0,0.5,0.0,0.4,1.0,0.5,0.6666666666666666,1.0,evidence_integration_failure,
controlled_000395,qwen3:14b,retrieve_then_read,Retrieved Evidence,diagnostic_condition,evidence_narrowed_condition,True,controlled,comparison,entity,8000,front,medium,conflicting,Model Alpha 00394,Model Alpha,p0001;p0002,p0001;p0002,True,0.0,0.8,1.0,1.0,0.0,0.8,1.0,1.0,1.0,1.0,answer_conversion_failure,
controlled_000395,qwen3:14b,oracle,Oracle Evidence,diagnostic_baseline,oracle_evidence_upper_reference,True,controlled,comparison,entity,8000,front,medium,conflicting,Model Alpha 00394,Model Alpha,p0001;p0002,p0001;p0002,True,0.0,0.8,1.0,1.0,0.0,0.8,1.0,1.0,1.0,1.0,answer_conversion_failure,
controlled_000391,qwen3:14b,no_evidence,No Evidence,diagnostic_baseline,question_only_lower_bound,True,controlled,comparison,entity,8000,front,medium,conflicting,Model Alpha 00390,unknown,p0001;p0002,,True,0.0,0.0,0.0,0.0,0.0,0.0,0.0,0.0,0.0,0.0,evidence_localization_failure,
controlled_000391,qwen3:14b,direct,Full Context,diagnostic_condition,full_context_condition,True,controlled,comparison,entity,8000,front,medium,conflicting,Model Alpha 00390,Model Beta,p0001;p0002,p0001,True,0.0,0.4,0.0,0.5,0.0,0.4,1.0,0.5,0.6666666666666666,1.0,evidence_integration_failure,
controlled_000391,qwen3:14b,retrieve_then_read,Retrieved Evidence,diagnostic_condition,evidence_narrowed_condition,True,controlled,comparison,entity,8000,front,medium,conflicting,Model Alpha 00390,Model Alpha,p0001;p0002,p0001;p0002,True,0.0,0.8,1.0,1.0,0.0,0.8,1.0,1.0,1.0,1.0,answer_conversion_failure,
controlled_000391,qwen3:14b,oracle,Oracle Evidence,diagnostic_baseline,oracle_evidence_upper_reference,True,controlled,comparison,entity,8000,front,medium,conflicting,Model Alpha 00390,Model Alpha,p0001;p0002,p0001;p0002,True,0.0,0.8,1.0,1.0,0.0,0.8,1.0,1.0,1.0,1.0,answer_conversion_failure,
controlled_000794,qwen3:14b,no_evidence,No Evidence,diagnostic_baseline,question_only_lower_bound,True,controlled,comparison,entity,16000,middle,medium,conflicting,Model Alpha 00793,unknown,p0001;p0002,,True,0.0,0.0,0.0,0.0,0.0,0.0,0.0,0.0,0.0,0.0,evidence_localization_failure,
controlled_000794,qwen3:14b,direct,Full Context,diagnostic_condition,full_context_condition,True,controlled,comparison,entity,16000,middle,medium,conflicting,Model Alpha 00793,unknown,p0001;p0002,,True,0.0,0.0,0.0,0.0,0.0,0.0,0.0,0.0,0.0,0.0,evidence_localization_failure,
controlled_000794,qwen3:14b,retrieve_then_read,Retrieved Evidence,diagnostic_condition,evidence_narrowed_condition,True,controlled,comparison,entity,16000,middle,medium,conflicting,Model Alpha 00793,Model Alpha,p0001;p0002,p0001;p0002;p0003,True,0.0,0.8,1.0,1.0,0.0,0.8,0.6666666666666666,1.0,0.8,1.0,evidence_selection_failure,
controlled_000794,qwen3:14b,oracle,Oracle Evidence,diagnostic_baseline,oracle_evidence_upper_reference,True,controlled,comparison,entity,16000,middle,medium,conflicting,Model Alpha 00793,Model Alpha,p0001;p0002,p0001;p0002,True,0.0,0.8,1.0,1.0,0.0,0.8,1.0,1.0,1.0,1.0,answer_conversion_failure,
controlled_000480,qwen3:14b,no_evidence,No Evidence,diagnostic_baseline,question_only_lower_bound,True,controlled,arithmetic,number,8000,middle,medium,conflicting,549,unknown,p0001;p0002,,True,0.0,0.0,0.0,0.0,0.0,0.0,0.0,0.0,0.0,0.0,evidence_localization_failure,
controlled_000480,qwen3:14b,direct,Full Context,diagnostic_condition,full_context_condition,True,controlled,arithmetic,number,8000,middle,medium,conflicting,549,105,p0001;p0002,p0001;p0002,True,0.0,0.0,0.0,0.0,0.0,0.0,1.0,1.0,1.0,1.0,answer_conversion_failure,
controlled_000480,qwen3:14b,retrieve_then_read,Retrieved Evidence,diagnostic_condition,evidence_narrowed_condition,True,controlled,arithmetic,number,8000,middle,medium,conflicting,549,549,p0001;p0002,p0001;p0002,True,1.0,1.0,1.0,1.0,1.0,1.0,1.0,1.0,1.0,1.0,success,
controlled_000480,qwen3:14b,oracle,Oracle Evidence,diagnostic_baseline,oracle_evidence_upper_reference,True,controlled,arithmetic,number,8000,middle,medium,conflicting,549,549,p0001;p0002,p0001;p0002,True,1.0,1.0,1.0,1.0,1.0,1.0,1.0,1.0,1.0,1.0,success,
controlled_000542,qwen3:14b,no_evidence,No Evidence,diagnostic_baseline,question_only_lower_bound,True,controlled,single_hop,entity,8000,end,low,conflicting,Arcturus Systems 00541,unknown,p0001,,True,0.0,0.0,0.0,0.0,0.0,0.0,0.0,0.0,0.0,0.0,evidence_localization_failure,
controlled_000542,qwen3:14b,direct,Full Context,diagnostic_condition,full_context_condition,True,controlled,single_hop,entity,8000,end,low,conflicting,Arcturus Systems 00541,Arcturus Systems,p0001,p0001,True,0.0,0.8,1.0,1.0,0.0,0.8,1.0,1.0,1.0,1.0,answer_conversion_failure,
controlled_000542,qwen3:14b,retrieve_then_read,Retrieved Evidence,diagnostic_condition,evidence_narrowed_condition,True,controlled,single_hop,entity,8000,end,low,conflicting,Arcturus Systems 00541,Arcturus Systems,p0001,p0001,True,0.0,0.8,1.0,1.0,0.0,0.8,1.0,1.0,1.0,1.0,answer_conversion_failure,
controlled_000542,qwen3:14b,oracle,Oracle Evidence,diagnostic_baseline,oracle_evidence_upper_reference,True,controlled,single_hop,entity,8000,end,low,conflicting,Arcturus Systems 00541,Arcturus Systems,p0001,p0001,True,0.0,0.8,1.0,1.0,0.0,0.8,1.0,1.0,1.0,1.0,answer_conversion_failure,
controlled_000258,qwen3:14b,no_evidence,No Evidence,diagnostic_baseline,question_only_lower_bound,True,controlled,arithmetic,number,4000,scattered,medium,none,341,unknown,p0001;p0002,,True,0.0,0.0,0.0,0.0,0.0,0.0,0.0,0.0,0.0,0.0,evidence_localization_failure,
controlled_000258,qwen3:14b,direct,Full Context,diagnostic_condition,full_context_condition,True,controlled,arithmetic,number,4000,scattered,medium,none,341,341,p0001;p0002,p0001;p0002,True,1.0,1.0,1.0,1.0,1.0,1.0,1.0,1.0,1.0,1.0,success,
controlled_000258,qwen3:14b,retrieve_then_read,Retrieved Evidence,diagnostic_condition,evidence_narrowed_condition,True,controlled,arithmetic,number,4000,scattered,medium,none,341,341,p0001;p0002,p0001;p0002,True,1.0,1.0,1.0,1.0,1.0,1.0,1.0,1.0,1.0,1.0,success,
controlled_000258,qwen3:14b,oracle,Oracle Evidence,diagnostic_baseline,oracle_evidence_upper_reference,True,controlled,arithmetic,number,4000,scattered,medium,none,341,341,p0001;p0002,p0001;p0002,True,1.0,1.0,1.0,1.0,1.0,1.0,1.0,1.0,1.0,1.0,success,
controlled_000567,qwen3:14b,no_evidence,No Evidence,diagnostic_baseline,question_only_lower_bound,True,controlled,multi_hop,entity,8000,scattered,medium,none,Zurich-00566,unknown,p0001;p0002,,True,0.0,0.0,0.0,0.0,0.0,0.0,0.0,0.0,0.0,0.0,evidence_localization_failure,
controlled_000567,qwen3:14b,direct,Full Context,diagnostic_condition,full_context_condition,True,controlled,multi_hop,entity,8000,scattered,medium,none,Zurich-00566,Zurich,p0001;p0002,p0001,True,0.0,0.0,1.0,1.0,0.0,0.0,1.0,0.5,0.6666666666666666,1.0,evidence_integration_failure,
controlled_000567,qwen3:14b,retrieve_then_read,Retrieved Evidence,diagnostic_condition,evidence_narrowed_condition,True,controlled,multi_hop,entity,8000,scattered,medium,none,Zurich-00566,Zurich-00566,p0001;p0002,p0001;p0002,True,1.0,1.0,1.0,1.0,1.0,1.0,1.0,1.0,1.0,1.0,success,
controlled_000567,qwen3:14b,oracle,Oracle Evidence,diagnostic_baseline,oracle_evidence_upper_reference,True,controlled,multi_hop,entity,8000,scattered,medium,none,Zurich-00566,Zurich-00566,p0001;p0002,p0001;p0002,True,1.0,1.0,1.0,1.0,1.0,1.0,1.0,1.0,1.0,1.0,success,
controlled_000012,qwen3:14b,no_evidence,No Evidence,diagnostic_baseline,question_only_lower_bound,True,controlled,comparison,entity,4000,front,medium,none,Model Alpha 00011,Model B,p0001;p0002,,True,0.0,0.4,0.0,0.5,0.0,0.4,0.0,0.0,0.0,0.0,evidence_localization_failure,
controlled_000012,qwen3:14b,direct,Full Context,diagnostic_condition,full_context_condition,True,controlled,comparison,entity,4000,front,medium,none,Model Alpha 00011,Model Alpha,p0001;p0002,p0001;p0002,True,0.0,0.8,1.0,1.0,0.0,0.8,1.0,1.0,1.0,1.0,answer_conversion_failure,
controlled_000012,qwen3:14b,retrieve_then_read,Retrieved Evidence,diagnostic_condition,evidence_narrowed_condition,True,controlled,comparison,entity,4000,front,medium,none,Model Alpha 00011,Model Alpha,p0001;p0002,p0001;p0002,True,0.0,0.8,1.0,1.0,0.0,0.8,1.0,1.0,1.0,1.0,answer_conversion_failure,
controlled_000012,qwen3:14b,oracle,Oracle Evidence,diagnostic_baseline,oracle_evidence_upper_reference,True,controlled,comparison,entity,4000,front,medium,none,Model Alpha 00011,Model Alpha,p0001;p0002,p0001;p0002,True,0.0,0.8,1.0,1.0,0.0,0.8,1.0,1.0,1.0,1.0,answer_conversion_failure,
controlled_000796,qwen3:14b,no_evidence,No Evidence,diagnostic_baseline,question_only_lower_bound,True,controlled,arithmetic,number,16000,middle,medium,conflicting,404,unknown,p0001;p0002,,True,0.0,0.0,0.0,0.0,0.0,0.0,0.0,0.0,0.0,0.0,evidence_localization_failure,
controlled_000796,qwen3:14b,direct,Full Context,diagnostic_condition,full_context_condition,True,controlled,arithmetic,number,16000,middle,medium,conflicting,404,0,p0001;p0002,,True,0.0,0.0,0.0,0.0,0.0,0.0,0.0,0.0,0.0,0.0,evidence_localization_failure,
controlled_000796,qwen3:14b,retrieve_then_read,Retrieved Evidence,diagnostic_condition,evidence_narrowed_condition,True,controlled,arithmetic,number,16000,middle,medium,conflicting,404,404,p0001;p0002,p0001;p0002,True,1.0,1.0,1.0,1.0,1.0,1.0,1.0,1.0,1.0,1.0,success,
controlled_000796,qwen3:14b,oracle,Oracle Evidence,diagnostic_baseline,oracle_evidence_upper_reference,True,controlled,arithmetic,number,16000,middle,medium,conflicting,404,404,p0001;p0002,p0001;p0002,True,1.0,1.0,1.0,1.0,1.0,1.0,1.0,1.0,1.0,1.0,success,
controlled_000739,qwen3:14b,no_evidence,No Evidence,diagnostic_baseline,question_only_lower_bound,True,controlled,arithmetic,number,16000,middle,medium,none,597,unknown,p0001;p0002,,True,0.0,0.0,0.0,0.0,0.0,0.0,0.0,0.0,0.0,0.0,evidence_localization_failure,
controlled_000739,qwen3:14b,direct,Full Context,diagnostic_condition,full_context_condition,True,controlled,arithmetic,number,16000,middle,medium,none,597,0,p0001;p0002,,True,0.0,0.0,0.0,0.0,0.0,0.0,0.0,0.0,0.0,0.0,evidence_localization_failure,
controlled_000739,qwen3:14b,retrieve_then_read,Retrieved Evidence,diagnostic_condition,evidence_narrowed_condition,True,controlled,arithmetic,number,16000,middle,medium,none,597,597,p0001;p0002,p0001;p0002,True,1.0,1.0,1.0,1.0,1.0,1.0,1.0,1.0,1.0,1.0,success,
controlled_000739,qwen3:14b,oracle,Oracle Evidence,diagnostic_baseline,oracle_evidence_upper_reference,True,controlled,arithmetic,number,16000,middle,medium,none,597,597,p0001;p0002,p0001;p0002,True,1.0,1.0,1.0,1.0,1.0,1.0,1.0,1.0,1.0,1.0,success,
controlled_000118,qwen3:14b,no_evidence,No Evidence,diagnostic_baseline,question_only_lower_bound,True,controlled,arithmetic,number,4000,middle,medium,low,600,unknown,p0001;p0002,,True,0.0,0.0,0.0,0.0,0.0,0.0,0.0,0.0,0.0,0.0,evidence_localization_failure,
controlled_000118,qwen3:14b,direct,Full Context,diagnostic_condition,full_context_condition,True,controlled,arithmetic,number,4000,middle,medium,low,600,600,p0001;p0002,p0001;p0002,True,1.0,1.0,1.0,1.0,1.0,1.0,1.0,1.0,1.0,1.0,success,
controlled_000118,qwen3:14b,retrieve_then_read,Retrieved Evidence,diagnostic_condition,evidence_narrowed_condition,True,controlled,arithmetic,number,4000,middle,medium,low,600,600,p0001;p0002,p0001;p0002,True,1.0,1.0,1.0,1.0,1.0,1.0,1.0,1.0,1.0,1.0,success,
controlled_000118,qwen3:14b,oracle,Oracle Evidence,diagnostic_baseline,oracle_evidence_upper_reference,True,controlled,arithmetic,number,4000,middle,medium,low,600,600,p0001;p0002,p0001;p0002,True,1.0,1.0,1.0,1.0,1.0,1.0,1.0,1.0,1.0,1.0,success,
controlled_000699,qwen3:14b,no_evidence,No Evidence,diagnostic_baseline,question_only_lower_bound,True,controlled,arithmetic,number,16000,front,medium,high,468,unknown,p0001;p0002,,True,0.0,0.0,0.0,0.0,0.0,0.0,0.0,0.0,0.0,0.0,evidence_localization_failure,
controlled_000699,qwen3:14b,direct,Full Context,diagnostic_condition,full_context_condition,True,controlled,arithmetic,number,16000,front,medium,high,468,1000,p0001;p0002,p0001,True,0.0,0.0,0.0,0.0,0.0,0.0,1.0,0.5,0.6666666666666666,1.0,evidence_integration_failure,
controlled_000699,qwen3:14b,retrieve_then_read,Retrieved Evidence,diagnostic_condition,evidence_narrowed_condition,True,controlled,arithmetic,number,16000,front,medium,high,468,468,p0001;p0002,p0001;p0002,True,1.0,1.0,1.0,1.0,1.0,1.0,1.0,1.0,1.0,1.0,success,
controlled_000699,qwen3:14b,oracle,Oracle Evidence,diagnostic_baseline,oracle_evidence_upper_reference,True,controlled,arithmetic,number,16000,front,medium,high,468,468,p0001;p0002,p0001;p0002,True,1.0,1.0,1.0,1.0,1.0,1.0,1.0,1.0,1.0,1.0,success,
controlled_000897,qwen3:14b,no_evidence,No Evidence,diagnostic_baseline,question_only_lower_bound,True,controlled,arithmetic,number,16000,scattered,medium,none,583,unknown,p0001;p0002,,True,0.0,0.0,0.0,0.0,0.0,0.0,0.0,0.0,0.0,0.0,evidence_localization_failure,
controlled_000897,qwen3:14b,direct,Full Context,diagnostic_condition,full_context_condition,True,controlled,arithmetic,number,16000,scattered,medium,none,583,0,p0001;p0002,,True,0.0,0.0,0.0,0.0,0.0,0.0,0.0,0.0,0.0,0.0,evidence_localization_failure,
controlled_000897,qwen3:14b,retrieve_then_read,Retrieved Evidence,diagnostic_condition,evidence_narrowed_condition,True,controlled,arithmetic,number,16000,scattered,medium,none,583,583,p0001;p0002,p0001;p0002,True,1.0,1.0,1.0,1.0,1.0,1.0,1.0,1.0,1.0,1.0,success,
controlled_000897,qwen3:14b,oracle,Oracle Evidence,diagnostic_baseline,oracle_evidence_upper_reference,True,controlled,arithmetic,number,16000,scattered,medium,none,583,583,p0001;p0002,p0001;p0002,True,1.0,1.0,1.0,1.0,1.0,1.0,1.0,1.0,1.0,1.0,success,
controlled_000769,qwen3:14b,no_evidence,No Evidence,diagnostic_baseline,question_only_lower_bound,True,controlled,multi_hop,entity,16000,middle,medium,high,Zurich-00768,unknown,p0001;p0002,,True,0.0,0.0,0.0,0.0,0.0,0.0,0.0,0.0,0.0,0.0,evidence_localization_failure,
controlled_000769,qwen3:14b,direct,Full Context,diagnostic_condition,full_context_condition,True,controlled,multi_hop,entity,16000,middle,medium,high,Zurich-00768,San Francisco,p0001;p0002,p0001,True,0.0,0.0,0.0,0.0,0.0,0.0,1.0,0.5,0.6666666666666666,1.0,evidence_integration_failure,
controlled_000769,qwen3:14b,retrieve_then_read,Retrieved Evidence,diagnostic_condition,evidence_narrowed_condition,True,controlled,multi_hop,entity,16000,middle,medium,high,Zurich-00768,Zurich-00768,p0001;p0002,p0001;p0002,True,1.0,1.0,1.0,1.0,1.0,1.0,1.0,1.0,1.0,1.0,success,
controlled_000769,qwen3:14b,oracle,Oracle Evidence,diagnostic_baseline,oracle_evidence_upper_reference,True,controlled,multi_hop,entity,16000,middle,medium,high,Zurich-00768,Zurich-00768,p0001;p0002,p0001;p0002,True,1.0,1.0,1.0,1.0,1.0,1.0,1.0,1.0,1.0,1.0,success,
controlled_000862,qwen3:14b,no_evidence,No Evidence,diagnostic_baseline,question_only_lower_bound,True,controlled,single_hop,entity,16000,end,low,conflicting,Arcturus Systems 00861,unknown,p0001,,True,0.0,0.0,0.0,0.0,0.0,0.0,0.0,0.0,0.0,0.0,evidence_localization_failure,
controlled_000862,qwen3:14b,direct,Full Context,diagnostic_condition,full_context_condition,True,controlled,single_hop,entity,16000,end,low,conflicting,Arcturus Systems 00861,Arcturus Systems,p0001,p0001,True,0.0,0.8,1.0,1.0,0.0,0.8,1.0,1.0,1.0,1.0,answer_conversion_failure,
controlled_000862,qwen3:14b,retrieve_then_read,Retrieved Evidence,diagnostic_condition,evidence_narrowed_condition,True,controlled,single_hop,entity,16000,end,low,conflicting,Arcturus Systems 00861,Arcturus Systems 00861,p0001,p0001,True,1.0,1.0,1.0,1.0,1.0,1.0,1.0,1.0,1.0,1.0,success,
controlled_000862,qwen3:14b,oracle,Oracle Evidence,diagnostic_baseline,oracle_evidence_upper_reference,True,controlled,single_hop,entity,16000,end,low,conflicting,Arcturus Systems 00861,Arcturus Systems,p0001,p0001,True,0.0,0.8,1.0,1.0,0.0,0.8,1.0,1.0,1.0,1.0,answer_conversion_failure,
controlled_000657,qwen3:14b,no_evidence,No Evidence,diagnostic_baseline,question_only_lower_bound,True,controlled,arithmetic,number,16000,front,medium,none,437,unknown,p0001;p0002,,True,0.0,0.0,0.0,0.0,0.0,0.0,0.0,0.0,0.0,0.0,evidence_localization_failure,
controlled_000657,qwen3:14b,direct,Full Context,diagnostic_condition,full_context_condition,True,controlled,arithmetic,number,16000,front,medium,none,437,0,p0001;p0002,,True,0.0,0.0,0.0,0.0,0.0,0.0,0.0,0.0,0.0,0.0,evidence_localization_failure,
controlled_000657,qwen3:14b,retrieve_then_read,Retrieved Evidence,diagnostic_condition,evidence_narrowed_condition,True,controlled,arithmetic,number,16000,front,medium,none,437,437,p0001;p0002,p0001;p0002,True,1.0,1.0,1.0,1.0,1.0,1.0,1.0,1.0,1.0,1.0,success,
controlled_000657,qwen3:14b,oracle,Oracle Evidence,diagnostic_baseline,oracle_evidence_upper_reference,True,controlled,arithmetic,number,16000,front,medium,none,437,437,p0001;p0002,p0001;p0002,True,1.0,1.0,1.0,1.0,1.0,1.0,1.0,1.0,1.0,1.0,success,
controlled_000916,qwen3:14b,no_evidence,No Evidence,diagnostic_baseline,question_only_lower_bound,True,controlled,arithmetic,number,16000,scattered,medium,low,398,unknown,p0001;p0002,,True,0.0,0.0,0.0,0.0,0.0,0.0,0.0,0.0,0.0,0.0,evidence_localization_failure,
controlled_000916,qwen3:14b,direct,Full Context,diagnostic_condition,full_context_condition,True,controlled,arithmetic,number,16000,scattered,medium,low,398,0,p0001;p0002,,True,0.0,0.0,0.0,0.0,0.0,0.0,0.0,0.0,0.0,0.0,evidence_localization_failure,
controlled_000916,qwen3:14b,retrieve_then_read,Retrieved Evidence,diagnostic_condition,evidence_narrowed_condition,True,controlled,arithmetic,number,16000,scattered,medium,low,398,398,p0001;p0002,p0001;p0002,True,1.0,1.0,1.0,1.0,1.0,1.0,1.0,1.0,1.0,1.0,success,
controlled_000916,qwen3:14b,oracle,Oracle Evidence,diagnostic_baseline,oracle_evidence_upper_reference,True,controlled,arithmetic,number,16000,scattered,medium,low,398,398,p0001;p0002,p0001;p0002,True,1.0,1.0,1.0,1.0,1.0,1.0,1.0,1.0,1.0,1.0,success,
controlled_000959,qwen3:14b,no_evidence,No Evidence,diagnostic_baseline,question_only_lower_bound,True,controlled,arithmetic,number,16000,scattered,medium,conflicting,432,unknown,p0001;p0002,,True,0.0,0.0,0.0,0.0,0.0,0.0,0.0,0.0,0.0,0.0,evidence_localization_failure,
controlled_000959,qwen3:14b,direct,Full Context,diagnostic_condition,full_context_condition,True,controlled,arithmetic,number,16000,scattered,medium,conflicting,432,0,p0001;p0002,,True,0.0,0.0,0.0,0.0,0.0,0.0,0.0,0.0,0.0,0.0,evidence_localization_failure,
controlled_000959,qwen3:14b,retrieve_then_read,Retrieved Evidence,diagnostic_condition,evidence_narrowed_condition,True,controlled,arithmetic,number,16000,scattered,medium,conflicting,432,432,p0001;p0002,p0001;p0002,True,1.0,1.0,1.0,1.0,1.0,1.0,1.0,1.0,1.0,1.0,success,
controlled_000959,qwen3:14b,oracle,Oracle Evidence,diagnostic_baseline,oracle_evidence_upper_reference,True,controlled,arithmetic,number,16000,scattered,medium,conflicting,432,432,p0001;p0002,p0001;p0002,True,1.0,1.0,1.0,1.0,1.0,1.0,1.0,1.0,1.0,1.0,success,
controlled_000892,qwen3:14b,no_evidence,No Evidence,diagnostic_baseline,question_only_lower_bound,True,controlled,comparison,entity,16000,scattered,medium,none,Model Alpha 00891,unknown,p0001;p0002,,True,0.0,0.0,0.0,0.0,0.0,0.0,0.0,0.0,0.0,0.0,evidence_localization_failure,
controlled_000892,qwen3:14b,direct,Full Context,diagnostic_condition,full_context_condition,True,controlled,comparison,entity,16000,scattered,medium,none,Model Alpha 00891,unknown,p0001;p0002,,True,0.0,0.0,0.0,0.0,0.0,0.0,0.0,0.0,0.0,0.0,evidence_localization_failure,
controlled_000892,qwen3:14b,retrieve_then_read,Retrieved Evidence,diagnostic_condition,evidence_narrowed_condition,True,controlled,comparison,entity,16000,scattered,medium,none,Model Alpha 00891,Model Alpha,p0001;p0002,p0001,True,0.0,0.8,1.0,1.0,0.0,0.8,1.0,0.5,0.6666666666666666,1.0,evidence_integration_failure,
controlled_000892,qwen3:14b,oracle,Oracle Evidence,diagnostic_baseline,oracle_evidence_upper_reference,True,controlled,comparison,entity,16000,scattered,medium,none,Model Alpha 00891,Model Alpha,p0001;p0002,p0001;p0002,True,0.0,0.8,1.0,1.0,0.0,0.8,1.0,1.0,1.0,1.0,answer_conversion_failure,
controlled_000446,qwen3:14b,no_evidence,No Evidence,diagnostic_baseline,question_only_lower_bound,True,controlled,multi_hop,entity,8000,middle,medium,high,Zurich-00445,unknown,p0001;p0002,,True,0.0,0.0,0.0,0.0,0.0,0.0,0.0,0.0,0.0,0.0,evidence_localization_failure,
controlled_000446,qwen3:14b,direct,Full Context,diagnostic_condition,full_context_condition,True,controlled,multi_hop,entity,8000,middle,medium,high,Zurich-00445,Zurich,p0001;p0002,p0001;p0002,True,0.0,0.0,1.0,1.0,0.0,0.0,1.0,1.0,1.0,1.0,answer_conversion_failure,
controlled_000446,qwen3:14b,retrieve_then_read,Retrieved Evidence,diagnostic_condition,evidence_narrowed_condition,True,controlled,multi_hop,entity,8000,middle,medium,high,Zurich-00445,Zurich-00445,p0001;p0002,p0001;p0002,True,1.0,1.0,1.0,1.0,1.0,1.0,1.0,1.0,1.0,1.0,success,
controlled_000446,qwen3:14b,oracle,Oracle Evidence,diagnostic_baseline,oracle_evidence_upper_reference,True,controlled,multi_hop,entity,8000,middle,medium,high,Zurich-00445,Zurich-00445,p0001;p0002,p0001;p0002,True,1.0,1.0,1.0,1.0,1.0,1.0,1.0,1.0,1.0,1.0,success,
controlled_000162,qwen3:14b,no_evidence,No Evidence,diagnostic_baseline,question_only_lower_bound,True,controlled,single_hop,entity,4000,end,low,none,Arcturus Systems 00161,unknown,p0001,,True,0.0,0.0,0.0,0.0,0.0,0.0,0.0,0.0,0.0,0.0,evidence_localization_failure,
controlled_000162,qwen3:14b,direct,Full Context,diagnostic_condition,full_context_condition,True,controlled,single_hop,entity,4000,end,low,none,Arcturus Systems 00161,Arcturus Systems 00161,p0001,p0001,True,1.0,1.0,1.0,1.0,1.0,1.0,1.0,1.0,1.0,1.0,success,
controlled_000162,qwen3:14b,retrieve_then_read,Retrieved Evidence,diagnostic_condition,evidence_narrowed_condition,True,controlled,single_hop,entity,4000,end,low,none,Arcturus Systems 00161,Arcturus Systems,p0001,p0001,True,0.0,0.8,1.0,1.0,0.0,0.8,1.0,1.0,1.0,1.0,answer_conversion_failure,
controlled_000162,qwen3:14b,oracle,Oracle Evidence,diagnostic_baseline,oracle_evidence_upper_reference,True,controlled,single_hop,entity,4000,end,low,none,Arcturus Systems 00161,Arcturus Systems 00161,p0001,p0001,True,1.0,1.0,1.0,1.0,1.0,1.0,1.0,1.0,1.0,1.0,success,
controlled_000871,qwen3:14b,no_evidence,No Evidence,diagnostic_baseline,question_only_lower_bound,True,controlled,comparison,entity,16000,end,medium,conflicting,Model Alpha 00870,unknown,p0001;p0002,,True,0.0,0.0,0.0,0.0,0.0,0.0,0.0,0.0,0.0,0.0,evidence_localization_failure,
controlled_000871,qwen3:14b,direct,Full Context,diagnostic_condition,full_context_condition,True,controlled,comparison,entity,16000,end,medium,conflicting,Model Alpha 00870,Model Alpha,p0001;p0002,p0001;p0002,True,0.0,0.8,1.0,1.0,0.0,0.8,1.0,1.0,1.0,1.0,answer_conversion_failure,
controlled_000871,qwen3:14b,retrieve_then_read,Retrieved Evidence,diagnostic_condition,evidence_narrowed_condition,True,controlled,comparison,entity,16000,end,medium,conflicting,Model Alpha 00870,Model Alpha 00870,p0001;p0002,p0001;p0002;p0003,True,1.0,1.0,1.0,1.0,1.0,1.0,0.6666666666666666,1.0,0.8,1.0,success,
controlled_000871,qwen3:14b,oracle,Oracle Evidence,diagnostic_baseline,oracle_evidence_upper_reference,True,controlled,comparison,entity,16000,end,medium,conflicting,Model Alpha 00870,Model Alpha,p0001;p0002,p0001;p0002,True,0.0,0.8,1.0,1.0,0.0,0.8,1.0,1.0,1.0,1.0,answer_conversion_failure,
controlled_000004,qwen3:14b,no_evidence,No Evidence,diagnostic_baseline,question_only_lower_bound,True,controlled,single_hop,entity,4000,front,low,none,Arcturus Systems 00003,unknown,p0001,,True,0.0,0.0,0.0,0.0,0.0,0.0,0.0,0.0,0.0,0.0,evidence_localization_failure,
controlled_000004,qwen3:14b,direct,Full Context,diagnostic_condition,full_context_condition,True,controlled,single_hop,entity,4000,front,low,none,Arcturus Systems 00003,Arcturus Systems 00003,p0001,p0001,True,1.0,1.0,1.0,1.0,1.0,1.0,1.0,1.0,1.0,1.0,success,
controlled_000004,qwen3:14b,retrieve_then_read,Retrieved Evidence,diagnostic_condition,evidence_narrowed_condition,True,controlled,single_hop,entity,4000,front,low,none,Arcturus Systems 00003,Arcturus Systems 00003,p0001,p0001,True,1.0,1.0,1.0,1.0,1.0,1.0,1.0,1.0,1.0,1.0,success,
controlled_000004,qwen3:14b,oracle,Oracle Evidence,diagnostic_baseline,oracle_evidence_upper_reference,True,controlled,single_hop,entity,4000,front,low,none,Arcturus Systems 00003,Arcturus Systems 00003,p0001,p0001,True,1.0,1.0,1.0,1.0,1.0,1.0,1.0,1.0,1.0,1.0,success,
controlled_000740,qwen3:14b,no_evidence,No Evidence,diagnostic_baseline,question_only_lower_bound,True,controlled,arithmetic,number,16000,middle,medium,none,486,unknown,p0001;p0002,,True,0.0,0.0,0.0,0.0,0.0,0.0,0.0,0.0,0.0,0.0,evidence_localization_failure,
controlled_000740,qwen3:14b,direct,Full Context,diagnostic_condition,full_context_condition,True,controlled,arithmetic,number,16000,middle,medium,none,486,0,p0001;p0002,,True,0.0,0.0,0.0,0.0,0.0,0.0,0.0,0.0,0.0,0.0,evidence_localization_failure,
controlled_000740,qwen3:14b,retrieve_then_read,Retrieved Evidence,diagnostic_condition,evidence_narrowed_condition,True,controlled,arithmetic,number,16000,middle,medium,none,486,486,p0001;p0002,p0001;p0002,True,1.0,1.0,1.0,1.0,1.0,1.0,1.0,1.0,1.0,1.0,success,
controlled_000740,qwen3:14b,oracle,Oracle Evidence,diagnostic_baseline,oracle_evidence_upper_reference,True,controlled,arithmetic,number,16000,middle,medium,none,486,486,p0001;p0002,p0001;p0002,True,1.0,1.0,1.0,1.0,1.0,1.0,1.0,1.0,1.0,1.0,success,
controlled_000737,qwen3:14b,no_evidence,No Evidence,diagnostic_baseline,question_only_lower_bound,True,controlled,arithmetic,number,16000,middle,medium,none,609,unknown,p0001;p0002,,True,0.0,0.0,0.0,0.0,0.0,0.0,0.0,0.0,0.0,0.0,evidence_localization_failure,
controlled_000737,qwen3:14b,direct,Full Context,diagnostic_condition,full_context_condition,True,controlled,arithmetic,number,16000,middle,medium,none,609,0,p0001;p0002,,True,0.0,0.0,0.0,0.0,0.0,0.0,0.0,0.0,0.0,0.0,evidence_localization_failure,
controlled_000737,qwen3:14b,retrieve_then_read,Retrieved Evidence,diagnostic_condition,evidence_narrowed_condition,True,controlled,arithmetic,number,16000,middle,medium,none,609,609,p0001;p0002,p0001;p0002,True,1.0,1.0,1.0,1.0,1.0,1.0,1.0,1.0,1.0,1.0,success,
controlled_000737,qwen3:14b,oracle,Oracle Evidence,diagnostic_baseline,oracle_evidence_upper_reference,True,controlled,arithmetic,number,16000,middle,medium,none,609,609,p0001;p0002,p0001;p0002,True,1.0,1.0,1.0,1.0,1.0,1.0,1.0,1.0,1.0,1.0,success,
controlled_000814,qwen3:14b,no_evidence,No Evidence,diagnostic_baseline,question_only_lower_bound,True,controlled,comparison,entity,16000,end,medium,none,Model Alpha 00813,unknown,p0001;p0002,,True,0.0,0.0,0.0,0.0,0.0,0.0,0.0,0.0,0.0,0.0,evidence_localization_failure,
controlled_000814,qwen3:14b,direct,Full Context,diagnostic_condition,full_context_condition,True,controlled,comparison,entity,16000,end,medium,none,Model Alpha 00813,Model Alpha,p0001;p0002,p0001;p0002,True,0.0,0.8,1.0,1.0,0.0,0.8,1.0,1.0,1.0,1.0,answer_conversion_failure,
controlled_000814,qwen3:14b,retrieve_then_read,Retrieved Evidence,diagnostic_condition,evidence_narrowed_condition,True,controlled,comparison,entity,16000,end,medium,none,Model Alpha 00813,Model Alpha,p0001;p0002,p0001;p0002,True,0.0,0.8,1.0,1.0,0.0,0.8,1.0,1.0,1.0,1.0,answer_conversion_failure,
controlled_000814,qwen3:14b,oracle,Oracle Evidence,diagnostic_baseline,oracle_evidence_upper_reference,True,controlled,comparison,entity,16000,end,medium,none,Model Alpha 00813,Model Alpha,p0001;p0002,p0001;p0002,True,0.0,0.8,1.0,1.0,0.0,0.8,1.0,1.0,1.0,1.0,answer_conversion_failure,
controlled_000513,qwen3:14b,no_evidence,No Evidence,diagnostic_baseline,question_only_lower_bound,True,controlled,comparison,entity,8000,end,medium,low,Model Alpha 00512,unknown,p0001;p0002,,True,0.0,0.0,0.0,0.0,0.0,0.0,0.0,0.0,0.0,0.0,evidence_localization_failure,
controlled_000513,qwen3:14b,direct,Full Context,diagnostic_condition,full_context_condition,True,controlled,comparison,entity,8000,end,medium,low,Model Alpha 00512,Model Alpha,p0001;p0002,p0001;p0002,True,0.0,0.8,1.0,1.0,0.0,0.8,1.0,1.0,1.0,1.0,answer_conversion_failure,
controlled_000513,qwen3:14b,retrieve_then_read,Retrieved Evidence,diagnostic_condition,evidence_narrowed_condition,True,controlled,comparison,entity,8000,end,medium,low,Model Alpha 00512,Model Alpha,p0001;p0002,p0001;p0002,True,0.0,0.8,1.0,1.0,0.0,0.8,1.0,1.0,1.0,1.0,answer_conversion_failure,
controlled_000513,qwen3:14b,oracle,Oracle Evidence,diagnostic_baseline,oracle_evidence_upper_reference,True,controlled,comparison,entity,8000,end,medium,low,Model Alpha 00512,Model Alpha,p0001;p0002,p0001;p0002,True,0.0,0.8,1.0,1.0,0.0,0.8,1.0,1.0,1.0,1.0,answer_conversion_failure,
controlled_000183,qwen3:14b,no_evidence,No Evidence,diagnostic_baseline,question_only_lower_bound,True,controlled,single_hop,entity,4000,end,low,low,Arcturus Systems 00182,unknown,p0001,,True,0.0,0.0,0.0,0.0,0.0,0.0,0.0,0.0,0.0,0.0,evidence_localization_failure,
controlled_000183,qwen3:14b,direct,Full Context,diagnostic_condition,full_context_condition,True,controlled,single_hop,entity,4000,end,low,low,Arcturus Systems 00182,Arcturus Systems 00182,p0001,p0001,True,1.0,1.0,1.0,1.0,1.0,1.0,1.0,1.0,1.0,1.0,success,
controlled_000183,qwen3:14b,retrieve_then_read,Retrieved Evidence,diagnostic_condition,evidence_narrowed_condition,True,controlled,single_hop,entity,4000,end,low,low,Arcturus Systems 00182,Arcturus Systems,p0001,p0001,True,0.0,0.8,1.0,1.0,0.0,0.8,1.0,1.0,1.0,1.0,answer_conversion_failure,
controlled_000183,qwen3:14b,oracle,Oracle Evidence,diagnostic_baseline,oracle_evidence_upper_reference,True,controlled,single_hop,entity,4000,end,low,low,Arcturus Systems 00182,Arcturus Systems 00182,p0001,p0001,True,1.0,1.0,1.0,1.0,1.0,1.0,1.0,1.0,1.0,1.0,success,
controlled_000520,qwen3:14b,no_evidence,No Evidence,diagnostic_baseline,question_only_lower_bound,True,controlled,arithmetic,number,8000,end,medium,low,644,unknown,p0001;p0002,,True,0.0,0.0,0.0,0.0,0.0,0.0,0.0,0.0,0.0,0.0,evidence_localization_failure,
controlled_000520,qwen3:14b,direct,Full Context,diagnostic_condition,full_context_condition,True,controlled,arithmetic,number,8000,end,medium,low,644,644,p0001;p0002,p0001;p0002,True,1.0,1.0,1.0,1.0,1.0,1.0,1.0,1.0,1.0,1.0,success,
controlled_000520,qwen3:14b,retrieve_then_read,Retrieved Evidence,diagnostic_condition,evidence_narrowed_condition,True,controlled,arithmetic,number,8000,end,medium,low,644,644,p0001;p0002,p0001;p0002,True,1.0,1.0,1.0,1.0,1.0,1.0,1.0,1.0,1.0,1.0,success,
controlled_000520,qwen3:14b,oracle,Oracle Evidence,diagnostic_baseline,oracle_evidence_upper_reference,True,controlled,arithmetic,number,8000,end,medium,low,644,644,p0001;p0002,p0001;p0002,True,1.0,1.0,1.0,1.0,1.0,1.0,1.0,1.0,1.0,1.0,success,
controlled_000109,qwen3:14b,no_evidence,No Evidence,diagnostic_baseline,question_only_lower_bound,True,controlled,multi_hop,entity,4000,middle,medium,low,Zurich-00108,unknown,p0001;p0002,,True,0.0,0.0,0.0,0.0,0.0,0.0,0.0,0.0,0.0,0.0,evidence_localization_failure,
controlled_000109,qwen3:14b,direct,Full Context,diagnostic_condition,full_context_condition,True,controlled,multi_hop,entity,4000,middle,medium,low,Zurich-00108,Zurich-00108,p0001;p0002,p0001;p0002,True,1.0,1.0,1.0,1.0,1.0,1.0,1.0,1.0,1.0,1.0,success,
controlled_000109,qwen3:14b,retrieve_then_read,Retrieved Evidence,diagnostic_condition,evidence_narrowed_condition,True,controlled,multi_hop,entity,4000,middle,medium,low,Zurich-00108,Zurich-00108,p0001;p0002,p0001;p0002,True,1.0,1.0,1.0,1.0,1.0,1.0,1.0,1.0,1.0,1.0,success,
controlled_000109,qwen3:14b,oracle,Oracle Evidence,diagnostic_baseline,oracle_evidence_upper_reference,True,controlled,multi_hop,entity,4000,middle,medium,low,Zurich-00108,Zurich-00108,p0001;p0002,p0001;p0002,True,1.0,1.0,1.0,1.0,1.0,1.0,1.0,1.0,1.0,1.0,success,
controlled_000641,qwen3:14b,no_evidence,No Evidence,diagnostic_baseline,question_only_lower_bound,True,controlled,single_hop,entity,16000,front,low,none,Arcturus Systems 00640,unknown,p0001,,True,0.0,0.0,0.0,0.0,0.0,0.0,0.0,0.0,0.0,0.0,evidence_localization_failure,
controlled_000641,qwen3:14b,direct,Full Context,diagnostic_condition,full_context_condition,True,controlled,single_hop,entity,16000,front,low,none,Arcturus Systems 00640,Acme Corp,p0001,p0001,True,0.0,0.0,0.0,0.0,0.0,0.0,1.0,1.0,1.0,1.0,answer_conversion_failure,
controlled_000641,qwen3:14b,retrieve_then_read,Retrieved Evidence,diagnostic_condition,evidence_narrowed_condition,True,controlled,single_hop,entity,16000,front,low,none,Arcturus Systems 00640,Arcturus Systems,p0001,p0001,True,0.0,0.8,1.0,1.0,0.0,0.8,1.0,1.0,1.0,1.0,answer_conversion_failure,
controlled_000641,qwen3:14b,oracle,Oracle Evidence,diagnostic_baseline,oracle_evidence_upper_reference,True,controlled,single_hop,entity,16000,front,low,none,Arcturus Systems 00640,Arcturus Systems,p0001,p0001,True,0.0,0.8,1.0,1.0,0.0,0.8,1.0,1.0,1.0,1.0,answer_conversion_failure,
controlled_000306,qwen3:14b,no_evidence,No Evidence,diagnostic_baseline,question_only_lower_bound,True,controlled,multi_hop,entity,4000,scattered,medium,conflicting,Zurich-00305,,p0001;p0002,,True,0.0,0.0,0.0,0.0,0.0,0.0,0.0,0.0,0.0,0.0,evidence_localization_failure,
controlled_000306,qwen3:14b,direct,Full Context,diagnostic_condition,full_context_condition,True,controlled,multi_hop,entity,4000,scattered,medium,conflicting,Zurich-00305,Zurich-00305,p0001;p0002,p0001;p0002,True,1.0,1.0,1.0,1.0,1.0,1.0,1.0,1.0,1.0,1.0,success,
controlled_000306,qwen3:14b,retrieve_then_read,Retrieved Evidence,diagnostic_condition,evidence_narrowed_condition,True,controlled,multi_hop,entity,4000,scattered,medium,conflicting,Zurich-00305,Zurich-00305,p0001;p0002,p0001;p0002,True,1.0,1.0,1.0,1.0,1.0,1.0,1.0,1.0,1.0,1.0,success,
controlled_000306,qwen3:14b,oracle,Oracle Evidence,diagnostic_baseline,oracle_evidence_upper_reference,True,controlled,multi_hop,entity,4000,scattered,medium,conflicting,Zurich-00305,Zurich-00305,p0001;p0002,p0001;p0002,True,1.0,1.0,1.0,1.0,1.0,1.0,1.0,1.0,1.0,1.0,success,
