model_name,method,context_length,evidence_position,reasoning_type,distractor_similarity,n,answer_f1_relaxed,exact_match_relaxed,evidence_f1,parse_error_rate
gemma3:12b,direct,16000,pos_00,arithmetic,conflicting,5,0.0,0.0,0.0,0.0
gemma3:12b,direct,16000,pos_00,arithmetic,high,5,0.0,0.0,0.39999999999999997,0.0
gemma3:12b,direct,16000,pos_00,arithmetic,low,5,0.0,0.0,0.13333333333333333,0.0
gemma3:12b,direct,16000,pos_00,arithmetic,none,5,0.0,0.0,0.13333333333333333,0.0
gemma3:12b,direct,16000,pos_00,comparison,conflicting,5,0.5,0.0,0.6666666666666666,0.0
gemma3:12b,direct,16000,pos_00,comparison,high,5,0.5,0.0,0.6666666666666666,0.0
gemma3:12b,direct,16000,pos_00,comparison,low,5,0.5,0.0,0.6666666666666666,0.0
gemma3:12b,direct,16000,pos_00,comparison,none,5,0.5,0.0,0.6666666666666666,0.0
gemma3:12b,direct,16000,pos_00,multi_hop,conflicting,5,0.0,0.0,0.6666666666666666,0.0
gemma3:12b,direct,16000,pos_00,multi_hop,high,5,0.0,0.0,0.6666666666666666,0.0
gemma3:12b,direct,16000,pos_00,multi_hop,low,5,0.0,0.0,0.6666666666666666,0.0
gemma3:12b,direct,16000,pos_00,multi_hop,none,5,0.0,0.0,0.6666666666666666,0.0
gemma3:12b,direct,16000,pos_00,single_hop,conflicting,5,0.0,0.0,1.0,0.0
gemma3:12b,direct,16000,pos_00,single_hop,high,5,0.0,0.0,1.0,0.0
gemma3:12b,direct,16000,pos_00,single_hop,low,5,0.0,0.0,1.0,0.0
gemma3:12b,direct,16000,pos_00,single_hop,none,5,0.0,0.0,1.0,0.0
gemma3:12b,direct,16000,pos_01,arithmetic,conflicting,5,0.0,0.0,0.39999999999999997,0.0
gemma3:12b,direct,16000,pos_01,arithmetic,high,5,0.0,0.0,0.26666666666666666,0.0
gemma3:12b,direct,16000,pos_01,arithmetic,low,5,0.0,0.0,0.39999999999999997,0.0
gemma3:12b,direct,16000,pos_01,arithmetic,none,5,0.0,0.0,0.0,0.2
gemma3:12b,direct,16000,pos_01,comparison,conflicting,5,0.5,0.0,0.6666666666666666,0.0
gemma3:12b,direct,16000,pos_01,comparison,high,5,0.4,0.0,0.6666666666666666,0.0
gemma3:12b,direct,16000,pos_01,comparison,low,5,0.4,0.0,0.5333333333333333,0.0
gemma3:12b,direct,16000,pos_01,comparison,none,5,0.5,0.0,0.6666666666666666,0.0
gemma3:12b,direct,16000,pos_01,multi_hop,conflicting,5,0.0,0.0,0.6666666666666666,0.0
gemma3:12b,direct,16000,pos_01,multi_hop,high,5,0.0,0.0,0.6666666666666666,0.0
gemma3:12b,direct,16000,pos_01,multi_hop,low,5,0.0,0.0,0.6666666666666666,0.0
gemma3:12b,direct,16000,pos_01,multi_hop,none,5,0.0,0.0,0.6666666666666666,0.0
gemma3:12b,direct,16000,pos_01,single_hop,conflicting,5,0.0,0.0,1.0,0.0
gemma3:12b,direct,16000,pos_01,single_hop,high,5,0.0,0.0,1.0,0.0
gemma3:12b,direct,16000,pos_01,single_hop,low,5,0.0,0.0,1.0,0.0
gemma3:12b,direct,16000,pos_01,single_hop,none,5,0.0,0.0,1.0,0.0
gemma3:12b,direct,16000,pos_02,arithmetic,conflicting,5,0.0,0.0,0.13333333333333333,0.0
gemma3:12b,direct,16000,pos_02,arithmetic,high,5,0.0,0.0,0.6666666666666666,0.0
gemma3:12b,direct,16000,pos_02,arithmetic,low,5,0.0,0.0,0.0,0.0
gemma3:12b,direct,16000,pos_02,arithmetic,none,5,0.0,0.0,0.13333333333333333,0.0
gemma3:12b,direct,16000,pos_02,comparison,conflicting,5,0.5,0.0,0.6666666666666666,0.0
gemma3:12b,direct,16000,pos_02,comparison,high,5,0.5,0.0,0.6666666666666666,0.0
gemma3:12b,direct,16000,pos_02,comparison,low,5,0.5,0.0,0.6666666666666666,0.0
gemma3:12b,direct,16000,pos_02,comparison,none,5,0.5,0.0,0.6666666666666666,0.0
gemma3:12b,direct,16000,pos_02,multi_hop,conflicting,5,0.0,0.0,0.6666666666666666,0.0
gemma3:12b,direct,16000,pos_02,multi_hop,high,5,0.0,0.0,0.6666666666666666,0.0
gemma3:12b,direct,16000,pos_02,multi_hop,low,5,0.0,0.0,0.6666666666666666,0.0
gemma3:12b,direct,16000,pos_02,multi_hop,none,5,0.0,0.0,0.6666666666666666,0.0
gemma3:12b,direct,16000,pos_02,single_hop,conflicting,5,0.0,0.0,1.0,0.0
gemma3:12b,direct,16000,pos_02,single_hop,high,5,0.0,0.0,1.0,0.0
gemma3:12b,direct,16000,pos_02,single_hop,low,5,0.0,0.0,1.0,0.0
gemma3:12b,direct,16000,pos_02,single_hop,none,5,0.0,0.0,1.0,0.0
gemma3:12b,direct,16000,pos_03,arithmetic,conflicting,5,0.0,0.0,0.5333333333333333,0.0
gemma3:12b,direct,16000,pos_03,arithmetic,high,5,0.0,0.0,0.5333333333333333,0.0
gemma3:12b,direct,16000,pos_03,arithmetic,low,5,0.0,0.0,0.5333333333333333,0.2
gemma3:12b,direct,16000,pos_03,arithmetic,none,5,0.0,0.0,0.0,0.0
gemma3:12b,direct,16000,pos_03,comparison,conflicting,5,0.5,0.0,0.6666666666666666,0.0
gemma3:12b,direct,16000,pos_03,comparison,high,5,0.5,0.0,0.6666666666666666,0.0
gemma3:12b,direct,16000,pos_03,comparison,low,5,0.4,0.0,0.5333333333333333,0.2
gemma3:12b,direct,16000,pos_03,comparison,none,5,0.5,0.0,0.6666666666666666,0.0
gemma3:12b,direct,16000,pos_03,multi_hop,conflicting,5,0.0,0.0,0.6666666666666666,0.0
gemma3:12b,direct,16000,pos_03,multi_hop,high,5,0.0,0.0,0.6666666666666666,0.0
gemma3:12b,direct,16000,pos_03,multi_hop,low,5,0.0,0.0,0.6666666666666666,0.0
gemma3:12b,direct,16000,pos_03,multi_hop,none,5,0.0,0.0,0.6666666666666666,0.0
gemma3:12b,direct,16000,pos_03,single_hop,conflicting,5,0.0,0.0,1.0,0.0
gemma3:12b,direct,16000,pos_03,single_hop,high,5,0.0,0.0,1.0,0.0
gemma3:12b,direct,16000,pos_03,single_hop,low,5,0.0,0.0,1.0,0.0
gemma3:12b,direct,16000,pos_03,single_hop,none,5,0.0,0.0,1.0,0.0
gemma3:12b,direct,16000,pos_04,arithmetic,conflicting,5,0.0,0.0,0.5333333333333333,0.0
gemma3:12b,direct,16000,pos_04,arithmetic,high,5,0.0,0.0,0.39999999999999997,0.2
gemma3:12b,direct,16000,pos_04,arithmetic,low,5,0.0,0.0,0.6666666666666666,0.0
gemma3:12b,direct,16000,pos_04,arithmetic,none,5,0.0,0.0,0.5333333333333333,0.0
gemma3:12b,direct,16000,pos_04,comparison,conflicting,5,0.2,0.0,0.6666666666666666,0.0
gemma3:12b,direct,16000,pos_04,comparison,high,5,0.5,0.0,0.6666666666666666,0.0
gemma3:12b,direct,16000,pos_04,comparison,low,5,0.5,0.0,0.6666666666666666,0.0
gemma3:12b,direct,16000,pos_04,comparison,none,5,0.5,0.0,0.6666666666666666,0.0
gemma3:12b,direct,16000,pos_04,multi_hop,conflicting,5,0.0,0.0,0.5333333333333333,0.2
gemma3:12b,direct,16000,pos_04,multi_hop,high,5,0.0,0.0,0.6666666666666666,0.0
gemma3:12b,direct,16000,pos_04,multi_hop,low,5,0.0,0.0,0.6666666666666666,0.0
gemma3:12b,direct,16000,pos_04,multi_hop,none,5,0.0,0.0,0.6666666666666666,0.0
gemma3:12b,direct,16000,pos_04,single_hop,conflicting,5,0.0,0.0,1.0,0.0
gemma3:12b,direct,16000,pos_04,single_hop,high,5,0.0,0.0,1.0,0.0
gemma3:12b,direct,16000,pos_04,single_hop,low,5,0.0,0.0,1.0,0.0
gemma3:12b,direct,16000,pos_04,single_hop,none,5,0.0,0.0,1.0,0.0
gemma3:12b,direct,16000,pos_05,arithmetic,conflicting,5,0.0,0.0,0.5333333333333333,0.0
gemma3:12b,direct,16000,pos_05,arithmetic,high,5,0.0,0.0,0.5333333333333333,0.0
gemma3:12b,direct,16000,pos_05,arithmetic,low,5,0.0,0.0,0.0,0.0
gemma3:12b,direct,16000,pos_05,arithmetic,none,5,0.0,0.0,0.6666666666666666,0.0
gemma3:12b,direct,16000,pos_05,comparison,conflicting,5,0.5,0.0,0.6666666666666666,0.0
gemma3:12b,direct,16000,pos_05,comparison,high,5,0.5,0.0,0.6666666666666666,0.0
gemma3:12b,direct,16000,pos_05,comparison,low,5,0.5,0.0,0.6666666666666666,0.0
gemma3:12b,direct,16000,pos_05,comparison,none,5,0.4,0.0,0.5333333333333333,0.0
gemma3:12b,direct,16000,pos_05,multi_hop,conflicting,5,0.0,0.0,0.6666666666666666,0.0
gemma3:12b,direct,16000,pos_05,multi_hop,high,5,0.0,0.0,0.6666666666666666,0.0
gemma3:12b,direct,16000,pos_05,multi_hop,low,5,0.0,0.0,0.6666666666666666,0.0
gemma3:12b,direct,16000,pos_05,multi_hop,none,5,0.0,0.0,0.6666666666666666,0.0
gemma3:12b,direct,16000,pos_05,single_hop,conflicting,5,0.0,0.0,1.0,0.0
gemma3:12b,direct,16000,pos_05,single_hop,high,5,0.0,0.0,1.0,0.0
gemma3:12b,direct,16000,pos_05,single_hop,low,5,0.0,0.0,1.0,0.0
gemma3:12b,direct,16000,pos_05,single_hop,none,5,0.0,0.0,1.0,0.0
gemma3:12b,direct,16000,pos_06,arithmetic,conflicting,5,0.0,0.0,0.6666666666666666,0.0
gemma3:12b,direct,16000,pos_06,arithmetic,high,5,0.0,0.0,0.6666666666666666,0.0
gemma3:12b,direct,16000,pos_06,arithmetic,low,5,0.0,0.0,0.6666666666666666,0.0
gemma3:12b,direct,16000,pos_06,arithmetic,none,5,0.0,0.0,0.6666666666666666,0.0
gemma3:12b,direct,16000,pos_06,comparison,conflicting,5,0.6666666666666666,0.0,0.6666666666666666,0.0
gemma3:12b,direct,16000,pos_06,comparison,high,5,0.6666666666666666,0.0,0.6666666666666666,0.0
gemma3:12b,direct,16000,pos_06,comparison,low,5,0.6666666666666666,0.0,0.6666666666666666,0.0
gemma3:12b,direct,16000,pos_06,comparison,none,5,0.6666666666666666,0.0,0.6666666666666666,0.0
gemma3:12b,direct,16000,pos_06,multi_hop,conflicting,5,1.0,1.0,0.6666666666666666,0.0
gemma3:12b,direct,16000,pos_06,multi_hop,high,5,1.0,1.0,0.6666666666666666,0.0
gemma3:12b,direct,16000,pos_06,multi_hop,low,5,1.0,1.0,0.6666666666666666,0.0
gemma3:12b,direct,16000,pos_06,multi_hop,none,5,1.0,1.0,0.6666666666666666,0.0
gemma3:12b,direct,16000,pos_06,single_hop,conflicting,5,0.5,0.0,1.0,0.0
gemma3:12b,direct,16000,pos_06,single_hop,high,5,0.5,0.0,1.0,0.0
gemma3:12b,direct,16000,pos_06,single_hop,low,5,0.23333333333333334,0.0,1.0,0.0
gemma3:12b,direct,16000,pos_06,single_hop,none,5,0.6333333333333333,0.0,1.0,0.0
gemma3:12b,direct,16000,pos_07,arithmetic,conflicting,5,0.0,0.0,0.6666666666666666,0.0
gemma3:12b,direct,16000,pos_07,arithmetic,high,5,0.0,0.0,0.6666666666666666,0.0
gemma3:12b,direct,16000,pos_07,arithmetic,low,5,0.0,0.0,0.6666666666666666,0.0
gemma3:12b,direct,16000,pos_07,arithmetic,none,5,0.0,0.0,0.6666666666666666,0.0
gemma3:12b,direct,16000,pos_07,comparison,conflicting,5,0.6666666666666666,0.0,0.6666666666666666,0.0
gemma3:12b,direct,16000,pos_07,comparison,high,5,0.6666666666666666,0.0,0.6666666666666666,0.0
gemma3:12b,direct,16000,pos_07,comparison,low,5,0.6666666666666666,0.0,0.6666666666666666,0.0
gemma3:12b,direct,16000,pos_07,comparison,none,5,0.6666666666666666,0.0,0.6666666666666666,0.0
gemma3:12b,direct,16000,pos_07,multi_hop,conflicting,5,1.0,1.0,0.6666666666666666,0.0
gemma3:12b,direct,16000,pos_07,multi_hop,high,5,1.0,1.0,0.6666666666666666,0.0
gemma3:12b,direct,16000,pos_07,multi_hop,low,5,1.0,1.0,0.6666666666666666,0.0
gemma3:12b,direct,16000,pos_07,multi_hop,none,5,1.0,1.0,0.6666666666666666,0.0
gemma3:12b,direct,16000,pos_07,single_hop,conflicting,5,0.1,0.0,1.0,0.0
gemma3:12b,direct,16000,pos_07,single_hop,high,5,0.0,0.0,1.0,0.0
gemma3:12b,direct,16000,pos_07,single_hop,low,5,0.1,0.0,1.0,0.0
gemma3:12b,direct,16000,pos_07,single_hop,none,5,0.2,0.0,1.0,0.0
gemma3:12b,direct,16000,pos_08,arithmetic,conflicting,5,0.0,0.0,0.4,0.6
gemma3:12b,direct,16000,pos_08,arithmetic,high,5,0.2,0.2,0.6,0.4
gemma3:12b,direct,16000,pos_08,arithmetic,low,5,0.0,0.0,0.8666666666666667,0.0
gemma3:12b,direct,16000,pos_08,arithmetic,none,5,0.0,0.0,0.4,0.6
gemma3:12b,direct,16000,pos_08,comparison,conflicting,5,0.8,0.8,0.5333333333333333,0.2
gemma3:12b,direct,16000,pos_08,comparison,high,5,1.0,1.0,0.6666666666666666,0.0
gemma3:12b,direct,16000,pos_08,comparison,low,5,1.0,1.0,0.6666666666666666,0.0
gemma3:12b,direct,16000,pos_08,comparison,none,5,1.0,1.0,0.6666666666666666,0.0
gemma3:12b,direct,16000,pos_08,multi_hop,conflicting,5,1.0,1.0,0.6666666666666666,0.0
gemma3:12b,direct,16000,pos_08,multi_hop,high,5,1.0,1.0,0.6666666666666666,0.0
gemma3:12b,direct,16000,pos_08,multi_hop,low,5,1.0,1.0,0.6666666666666666,0.0
gemma3:12b,direct,16000,pos_08,multi_hop,none,5,1.0,1.0,0.6666666666666666,0.0
gemma3:12b,direct,16000,pos_08,single_hop,conflicting,5,1.0,1.0,1.0,0.0
gemma3:12b,direct,16000,pos_08,single_hop,high,5,1.0,1.0,1.0,0.0
gemma3:12b,direct,16000,pos_08,single_hop,low,5,1.0,1.0,1.0,0.0
gemma3:12b,direct,16000,pos_08,single_hop,none,5,1.0,1.0,1.0,0.0
gemma3:12b,direct,16000,pos_09,arithmetic,conflicting,5,0.0,0.0,0.2,0.8
gemma3:12b,direct,16000,pos_09,arithmetic,high,5,0.0,0.0,0.8,0.2
gemma3:12b,direct,16000,pos_09,arithmetic,low,5,0.0,0.0,0.8,0.2
gemma3:12b,direct,16000,pos_09,arithmetic,none,5,0.0,0.0,0.7333333333333333,0.2
gemma3:12b,direct,16000,pos_09,comparison,conflicting,5,1.0,1.0,0.6666666666666666,0.0
gemma3:12b,direct,16000,pos_09,comparison,high,5,1.0,1.0,0.6666666666666666,0.0
gemma3:12b,direct,16000,pos_09,comparison,low,5,1.0,1.0,0.6666666666666666,0.0
gemma3:12b,direct,16000,pos_09,comparison,none,5,1.0,1.0,0.6666666666666666,0.0
gemma3:12b,direct,16000,pos_09,multi_hop,conflicting,5,1.0,1.0,0.6666666666666666,0.0
gemma3:12b,direct,16000,pos_09,multi_hop,high,5,1.0,1.0,0.6666666666666666,0.0
gemma3:12b,direct,16000,pos_09,multi_hop,low,5,1.0,1.0,0.6666666666666666,0.0
gemma3:12b,direct,16000,pos_09,multi_hop,none,5,1.0,1.0,0.6666666666666666,0.0
gemma3:12b,direct,16000,pos_09,single_hop,conflicting,5,1.0,1.0,1.0,0.0
gemma3:12b,direct,16000,pos_09,single_hop,high,5,1.0,1.0,1.0,0.0
gemma3:12b,direct,16000,pos_09,single_hop,low,5,1.0,1.0,1.0,0.0
gemma3:12b,direct,16000,pos_09,single_hop,none,5,1.0,1.0,1.0,0.0
gemma3:12b,direct,32000,pos_00,arithmetic,conflicting,5,0.0,0.0,0.13333333333333333,0.0
gemma3:12b,direct,32000,pos_00,arithmetic,high,5,0.0,0.0,0.0,0.0
gemma3:12b,direct,32000,pos_00,arithmetic,low,5,0.0,0.0,0.0,0.0
gemma3:12b,direct,32000,pos_00,arithmetic,none,5,0.0,0.0,0.0,0.0
gemma3:12b,direct,32000,pos_00,comparison,conflicting,5,0.1,0.0,0.5333333333333333,0.0
gemma3:12b,direct,32000,pos_00,comparison,high,5,0.1,0.0,0.5333333333333333,0.0
gemma3:12b,direct,32000,pos_00,comparison,low,5,0.4,0.0,0.5333333333333333,0.0
gemma3:12b,direct,32000,pos_00,comparison,none,5,0.4,0.0,0.6666666666666666,0.0
gemma3:12b,direct,32000,pos_00,multi_hop,conflicting,5,0.0,0.0,0.6666666666666666,0.0
gemma3:12b,direct,32000,pos_00,multi_hop,high,5,0.0,0.0,0.6666666666666666,0.0
gemma3:12b,direct,32000,pos_00,multi_hop,low,5,0.0,0.0,0.6666666666666666,0.0
gemma3:12b,direct,32000,pos_00,multi_hop,none,5,0.0,0.0,0.6666666666666666,0.0
gemma3:12b,direct,32000,pos_00,single_hop,conflicting,5,0.0,0.0,1.0,0.0
gemma3:12b,direct,32000,pos_00,single_hop,high,5,0.0,0.0,1.0,0.0
gemma3:12b,direct,32000,pos_00,single_hop,low,5,0.0,0.0,1.0,0.0
gemma3:12b,direct,32000,pos_00,single_hop,none,5,0.0,0.0,1.0,0.0
gemma3:12b,direct,32000,pos_01,arithmetic,conflicting,5,0.0,0.0,0.0,0.0
gemma3:12b,direct,32000,pos_01,arithmetic,high,5,0.0,0.0,0.39999999999999997,0.0
gemma3:12b,direct,32000,pos_01,arithmetic,low,5,0.0,0.0,0.0,0.0
gemma3:12b,direct,32000,pos_01,arithmetic,none,5,0.0,0.0,0.0,0.0
gemma3:12b,direct,32000,pos_01,comparison,conflicting,5,0.5,0.0,0.6666666666666666,0.0
gemma3:12b,direct,32000,pos_01,comparison,high,5,0.5,0.0,0.6666666666666666,0.0
gemma3:12b,direct,32000,pos_01,comparison,low,5,0.5,0.0,0.6666666666666666,0.0
gemma3:12b,direct,32000,pos_01,comparison,none,5,0.4,0.0,0.6666666666666666,0.0
gemma3:12b,direct,32000,pos_01,multi_hop,conflicting,5,0.0,0.0,0.6666666666666666,0.0
gemma3:12b,direct,32000,pos_01,multi_hop,high,5,0.0,0.0,0.6666666666666666,0.0
gemma3:12b,direct,32000,pos_01,multi_hop,low,5,0.0,0.0,0.6666666666666666,0.0
gemma3:12b,direct,32000,pos_01,multi_hop,none,5,0.0,0.0,0.6666666666666666,0.0
gemma3:12b,direct,32000,pos_01,single_hop,conflicting,5,0.0,0.0,1.0,0.0
gemma3:12b,direct,32000,pos_01,single_hop,high,5,0.0,0.0,1.0,0.0
gemma3:12b,direct,32000,pos_01,single_hop,low,5,0.0,0.0,1.0,0.0
gemma3:12b,direct,32000,pos_01,single_hop,none,5,0.0,0.0,1.0,0.0
gemma3:12b,direct,32000,pos_02,arithmetic,conflicting,5,0.0,0.0,0.26666666666666666,0.0
gemma3:12b,direct,32000,pos_02,arithmetic,high,5,0.0,0.0,0.6666666666666666,0.0
gemma3:12b,direct,32000,pos_02,arithmetic,low,5,0.0,0.0,0.0,0.0
gemma3:12b,direct,32000,pos_02,arithmetic,none,5,0.0,0.0,0.26666666666666666,0.0
gemma3:12b,direct,32000,pos_02,comparison,conflicting,5,0.5,0.0,0.6666666666666666,0.0
gemma3:12b,direct,32000,pos_02,comparison,high,5,0.5,0.0,0.6666666666666666,0.0
gemma3:12b,direct,32000,pos_02,comparison,low,5,0.5,0.0,0.6666666666666666,0.0
gemma3:12b,direct,32000,pos_02,comparison,none,5,0.5,0.0,0.6666666666666666,0.0
gemma3:12b,direct,32000,pos_02,multi_hop,conflicting,5,0.0,0.0,0.6666666666666666,0.0
gemma3:12b,direct,32000,pos_02,multi_hop,high,5,0.0,0.0,0.6666666666666666,0.0
gemma3:12b,direct,32000,pos_02,multi_hop,low,5,0.0,0.0,0.6666666666666666,0.0
gemma3:12b,direct,32000,pos_02,multi_hop,none,5,0.0,0.0,0.6666666666666666,0.0
gemma3:12b,direct,32000,pos_02,single_hop,conflicting,5,0.0,0.0,1.0,0.0
gemma3:12b,direct,32000,pos_02,single_hop,high,5,0.0,0.0,1.0,0.0
gemma3:12b,direct,32000,pos_02,single_hop,low,5,0.0,0.0,1.0,0.0
gemma3:12b,direct,32000,pos_02,single_hop,none,5,0.0,0.0,1.0,0.0
gemma3:12b,direct,32000,pos_03,arithmetic,conflicting,5,0.0,0.0,0.0,0.0
gemma3:12b,direct,32000,pos_03,arithmetic,high,5,0.0,0.0,0.39999999999999997,0.0
gemma3:12b,direct,32000,pos_03,arithmetic,low,5,0.0,0.0,0.39999999999999997,0.0
gemma3:12b,direct,32000,pos_03,arithmetic,none,5,0.0,0.0,0.0,0.0
gemma3:12b,direct,32000,pos_03,comparison,conflicting,5,0.5,0.0,0.6666666666666666,0.0
gemma3:12b,direct,32000,pos_03,comparison,high,5,0.4,0.0,0.5333333333333333,0.2
gemma3:12b,direct,32000,pos_03,comparison,low,5,0.5,0.0,0.6666666666666666,0.0
gemma3:12b,direct,32000,pos_03,comparison,none,5,0.5,0.0,0.6666666666666666,0.0
gemma3:12b,direct,32000,pos_03,multi_hop,conflicting,5,0.0,0.0,0.6666666666666666,0.0
gemma3:12b,direct,32000,pos_03,multi_hop,high,5,0.0,0.0,0.6666666666666666,0.0
gemma3:12b,direct,32000,pos_03,multi_hop,low,5,0.0,0.0,0.6666666666666666,0.0
gemma3:12b,direct,32000,pos_03,multi_hop,none,5,0.0,0.0,0.5333333333333333,0.2
gemma3:12b,direct,32000,pos_03,single_hop,conflicting,5,0.0,0.0,1.0,0.0
gemma3:12b,direct,32000,pos_03,single_hop,high,5,0.0,0.0,1.0,0.0
gemma3:12b,direct,32000,pos_03,single_hop,low,5,0.0,0.0,1.0,0.0
gemma3:12b,direct,32000,pos_03,single_hop,none,5,0.0,0.0,1.0,0.0
gemma3:12b,direct,32000,pos_04,arithmetic,conflicting,5,0.0,0.0,0.0,0.0
gemma3:12b,direct,32000,pos_04,arithmetic,high,5,0.0,0.0,0.39999999999999997,0.0
gemma3:12b,direct,32000,pos_04,arithmetic,low,5,0.0,0.0,0.0,0.0
gemma3:12b,direct,32000,pos_04,arithmetic,none,5,0.0,0.0,0.0,0.0
gemma3:12b,direct,32000,pos_04,comparison,conflicting,5,0.5,0.0,0.6666666666666666,0.0
gemma3:12b,direct,32000,pos_04,comparison,high,5,0.5,0.0,0.6666666666666666,0.0
gemma3:12b,direct,32000,pos_04,comparison,low,5,0.5,0.0,0.6666666666666666,0.0
gemma3:12b,direct,32000,pos_04,comparison,none,5,0.4,0.0,0.5333333333333333,0.2
gemma3:12b,direct,32000,pos_04,multi_hop,conflicting,5,0.0,0.0,0.6666666666666666,0.0
gemma3:12b,direct,32000,pos_04,multi_hop,high,5,0.0,0.0,0.6666666666666666,0.0
gemma3:12b,direct,32000,pos_04,multi_hop,low,5,0.0,0.0,0.6666666666666666,0.0
gemma3:12b,direct,32000,pos_04,multi_hop,none,5,0.0,0.0,0.6666666666666666,0.0
gemma3:12b,direct,32000,pos_04,single_hop,conflicting,5,0.0,0.0,1.0,0.0
gemma3:12b,direct,32000,pos_04,single_hop,high,5,0.0,0.0,1.0,0.0
gemma3:12b,direct,32000,pos_04,single_hop,low,5,0.0,0.0,1.0,0.0
gemma3:12b,direct,32000,pos_04,single_hop,none,5,0.0,0.0,1.0,0.0
gemma3:12b,direct,32000,pos_05,arithmetic,conflicting,5,0.0,0.0,0.0,0.0
gemma3:12b,direct,32000,pos_05,arithmetic,high,5,0.0,0.0,0.39999999999999997,0.0
gemma3:12b,direct,32000,pos_05,arithmetic,low,5,0.0,0.0,0.26666666666666666,0.0
gemma3:12b,direct,32000,pos_05,arithmetic,none,5,0.0,0.0,0.0,0.0
gemma3:12b,direct,32000,pos_05,comparison,conflicting,5,0.5,0.0,0.6666666666666666,0.0
gemma3:12b,direct,32000,pos_05,comparison,high,5,0.5,0.0,0.6666666666666666,0.0
gemma3:12b,direct,32000,pos_05,comparison,low,5,0.5,0.0,0.6666666666666666,0.0
gemma3:12b,direct,32000,pos_05,comparison,none,5,0.5,0.0,0.6666666666666666,0.0
gemma3:12b,direct,32000,pos_05,multi_hop,conflicting,5,0.0,0.0,0.6666666666666666,0.0
gemma3:12b,direct,32000,pos_05,multi_hop,high,5,0.0,0.0,0.6666666666666666,0.0
gemma3:12b,direct,32000,pos_05,multi_hop,low,5,0.0,0.0,0.6666666666666666,0.0
gemma3:12b,direct,32000,pos_05,multi_hop,none,5,0.0,0.0,0.6666666666666666,0.0
gemma3:12b,direct,32000,pos_05,single_hop,conflicting,5,0.0,0.0,1.0,0.0
gemma3:12b,direct,32000,pos_05,single_hop,high,5,0.0,0.0,1.0,0.0
gemma3:12b,direct,32000,pos_05,single_hop,low,5,0.0,0.0,1.0,0.0
gemma3:12b,direct,32000,pos_05,single_hop,none,5,0.0,0.0,1.0,0.0
gemma3:12b,direct,32000,pos_06,arithmetic,conflicting,5,0.0,0.0,0.26666666666666666,0.0
gemma3:12b,direct,32000,pos_06,arithmetic,high,5,0.0,0.0,0.6666666666666666,0.0
gemma3:12b,direct,32000,pos_06,arithmetic,low,5,0.0,0.0,0.39999999999999997,0.0
gemma3:12b,direct,32000,pos_06,arithmetic,none,5,0.0,0.0,0.39999999999999997,0.0
gemma3:12b,direct,32000,pos_06,comparison,conflicting,5,0.5,0.0,0.6666666666666666,0.0
gemma3:12b,direct,32000,pos_06,comparison,high,5,0.5,0.0,0.6666666666666666,0.0
gemma3:12b,direct,32000,pos_06,comparison,low,5,0.5,0.0,0.6666666666666666,0.0
gemma3:12b,direct,32000,pos_06,comparison,none,5,0.5,0.0,0.6666666666666666,0.0
gemma3:12b,direct,32000,pos_06,multi_hop,conflicting,5,0.0,0.0,0.6666666666666666,0.0
gemma3:12b,direct,32000,pos_06,multi_hop,high,5,0.0,0.0,0.6666666666666666,0.0
gemma3:12b,direct,32000,pos_06,multi_hop,low,5,0.0,0.0,0.6666666666666666,0.0
gemma3:12b,direct,32000,pos_06,multi_hop,none,5,0.0,0.0,0.6666666666666666,0.0
gemma3:12b,direct,32000,pos_06,single_hop,conflicting,5,0.0,0.0,1.0,0.0
gemma3:12b,direct,32000,pos_06,single_hop,high,5,0.0,0.0,1.0,0.0
gemma3:12b,direct,32000,pos_06,single_hop,low,5,0.0,0.0,1.0,0.0
gemma3:12b,direct,32000,pos_06,single_hop,none,5,0.0,0.0,1.0,0.0
gemma3:12b,direct,32000,pos_07,arithmetic,conflicting,5,0.0,0.0,0.13333333333333333,0.0
gemma3:12b,direct,32000,pos_07,arithmetic,high,5,0.0,0.0,0.6666666666666666,0.0
gemma3:12b,direct,32000,pos_07,arithmetic,low,5,0.0,0.0,0.0,0.0
gemma3:12b,direct,32000,pos_07,arithmetic,none,5,0.0,0.0,0.6666666666666666,0.0
gemma3:12b,direct,32000,pos_07,comparison,conflicting,5,0.5,0.0,0.6666666666666666,0.0
gemma3:12b,direct,32000,pos_07,comparison,high,5,0.3,0.0,0.39999999999999997,0.4
gemma3:12b,direct,32000,pos_07,comparison,low,5,0.5,0.0,0.6666666666666666,0.0
gemma3:12b,direct,32000,pos_07,comparison,none,5,0.5,0.0,0.6666666666666666,0.0
gemma3:12b,direct,32000,pos_07,multi_hop,conflicting,5,0.0,0.0,0.6666666666666666,0.0
gemma3:12b,direct,32000,pos_07,multi_hop,high,5,0.0,0.0,0.6666666666666666,0.0
gemma3:12b,direct,32000,pos_07,multi_hop,low,5,0.0,0.0,0.6666666666666666,0.0
gemma3:12b,direct,32000,pos_07,multi_hop,none,5,0.0,0.0,0.6666666666666666,0.0
gemma3:12b,direct,32000,pos_07,single_hop,conflicting,5,0.0,0.0,1.0,0.0
gemma3:12b,direct,32000,pos_07,single_hop,high,5,0.0,0.0,1.0,0.0
gemma3:12b,direct,32000,pos_07,single_hop,low,5,0.0,0.0,0.8,0.2
gemma3:12b,direct,32000,pos_07,single_hop,none,5,0.0,0.0,1.0,0.0
gemma3:12b,direct,32000,pos_08,arithmetic,conflicting,5,0.0,0.0,0.6666666666666666,0.0
gemma3:12b,direct,32000,pos_08,arithmetic,high,5,0.0,0.0,0.6666666666666666,0.0
gemma3:12b,direct,32000,pos_08,arithmetic,low,5,0.0,0.0,0.6666666666666666,0.0
gemma3:12b,direct,32000,pos_08,arithmetic,none,5,0.0,0.0,0.6666666666666666,0.0
gemma3:12b,direct,32000,pos_08,comparison,conflicting,5,0.6666666666666666,0.0,0.6666666666666666,0.0
gemma3:12b,direct,32000,pos_08,comparison,high,5,0.6666666666666666,0.0,0.6666666666666666,0.0
gemma3:12b,direct,32000,pos_08,comparison,low,5,0.6666666666666666,0.0,0.6666666666666666,0.0
gemma3:12b,direct,32000,pos_08,comparison,none,5,0.5333333333333333,0.0,0.6666666666666666,0.0
gemma3:12b,direct,32000,pos_08,multi_hop,conflicting,5,0.9333333333333333,0.8,0.6666666666666666,0.0
gemma3:12b,direct,32000,pos_08,multi_hop,high,5,1.0,1.0,0.6666666666666666,0.0
gemma3:12b,direct,32000,pos_08,multi_hop,low,5,1.0,1.0,0.6666666666666666,0.0
gemma3:12b,direct,32000,pos_08,multi_hop,none,5,1.0,1.0,0.6666666666666666,0.0
gemma3:12b,direct,32000,pos_08,single_hop,conflicting,5,0.1,0.0,1.0,0.0
gemma3:12b,direct,32000,pos_08,single_hop,high,5,0.1,0.0,0.8,0.2
gemma3:12b,direct,32000,pos_08,single_hop,low,5,0.2,0.0,0.6,0.4
gemma3:12b,direct,32000,pos_08,single_hop,none,5,0.39999999999999997,0.0,1.0,0.0
gemma3:12b,direct,32000,pos_09,arithmetic,conflicting,5,0.0,0.0,1.0,0.0
gemma3:12b,direct,32000,pos_09,arithmetic,high,5,0.0,0.0,0.6,0.4
gemma3:12b,direct,32000,pos_09,arithmetic,low,5,0.0,0.0,1.0,0.0
gemma3:12b,direct,32000,pos_09,arithmetic,none,5,0.0,0.0,0.6,0.4
gemma3:12b,direct,32000,pos_09,comparison,conflicting,5,1.0,1.0,0.6666666666666666,0.0
gemma3:12b,direct,32000,pos_09,comparison,high,5,1.0,1.0,0.6666666666666666,0.0
gemma3:12b,direct,32000,pos_09,comparison,low,5,1.0,1.0,0.6666666666666666,0.0
gemma3:12b,direct,32000,pos_09,comparison,none,5,1.0,1.0,0.6666666666666666,0.0
gemma3:12b,direct,32000,pos_09,multi_hop,conflicting,5,1.0,1.0,0.6666666666666666,0.0
gemma3:12b,direct,32000,pos_09,multi_hop,high,5,1.0,1.0,0.6666666666666666,0.0
gemma3:12b,direct,32000,pos_09,multi_hop,low,5,1.0,1.0,0.6666666666666666,0.0
gemma3:12b,direct,32000,pos_09,multi_hop,none,5,1.0,1.0,0.6666666666666666,0.0
gemma3:12b,direct,32000,pos_09,single_hop,conflicting,5,1.0,1.0,1.0,0.0
gemma3:12b,direct,32000,pos_09,single_hop,high,5,1.0,1.0,1.0,0.0
gemma3:12b,direct,32000,pos_09,single_hop,low,5,1.0,1.0,1.0,0.0
gemma3:12b,direct,32000,pos_09,single_hop,none,5,1.0,1.0,1.0,0.0
gemma3:12b,direct,4000,pos_00,arithmetic,conflicting,5,0.4,0.4,1.0,0.0
gemma3:12b,direct,4000,pos_00,arithmetic,high,5,0.2,0.2,1.0,0.0
gemma3:12b,direct,4000,pos_00,arithmetic,low,5,0.0,0.0,1.0,0.0
gemma3:12b,direct,4000,pos_00,arithmetic,none,5,0.6,0.6,1.0,0.0
gemma3:12b,direct,4000,pos_00,comparison,conflicting,5,1.0,1.0,0.6666666666666666,0.0
gemma3:12b,direct,4000,pos_00,comparison,high,5,1.0,1.0,0.6666666666666666,0.0
gemma3:12b,direct,4000,pos_00,comparison,low,5,1.0,1.0,0.6666666666666666,0.0
gemma3:12b,direct,4000,pos_00,comparison,none,5,1.0,1.0,0.6666666666666666,0.0
gemma3:12b,direct,4000,pos_00,multi_hop,conflicting,5,1.0,1.0,0.6666666666666666,0.0
gemma3:12b,direct,4000,pos_00,multi_hop,high,5,1.0,1.0,0.6666666666666666,0.0
gemma3:12b,direct,4000,pos_00,multi_hop,low,5,1.0,1.0,0.6666666666666666,0.0
gemma3:12b,direct,4000,pos_00,multi_hop,none,5,1.0,1.0,0.6666666666666666,0.0
gemma3:12b,direct,4000,pos_00,single_hop,conflicting,5,1.0,1.0,1.0,0.0
gemma3:12b,direct,4000,pos_00,single_hop,high,5,1.0,1.0,1.0,0.0
gemma3:12b,direct,4000,pos_00,single_hop,low,5,1.0,1.0,1.0,0.0
gemma3:12b,direct,4000,pos_00,single_hop,none,5,1.0,1.0,1.0,0.0
gemma3:12b,direct,4000,pos_01,arithmetic,conflicting,5,0.6,0.6,0.8666666666666667,0.0
gemma3:12b,direct,4000,pos_01,arithmetic,high,5,0.0,0.0,1.0,0.0
gemma3:12b,direct,4000,pos_01,arithmetic,low,5,0.2,0.2,0.5333333333333333,0.2
gemma3:12b,direct,4000,pos_01,arithmetic,none,5,0.0,0.0,0.8,0.2
gemma3:12b,direct,4000,pos_01,comparison,conflicting,5,1.0,1.0,0.6666666666666666,0.0
gemma3:12b,direct,4000,pos_01,comparison,high,5,1.0,1.0,0.6666666666666666,0.0
gemma3:12b,direct,4000,pos_01,comparison,low,5,1.0,1.0,0.6666666666666666,0.0
gemma3:12b,direct,4000,pos_01,comparison,none,5,1.0,1.0,0.6666666666666666,0.0
gemma3:12b,direct,4000,pos_01,multi_hop,conflicting,5,1.0,1.0,0.6666666666666666,0.0
gemma3:12b,direct,4000,pos_01,multi_hop,high,5,1.0,1.0,0.6666666666666666,0.0
gemma3:12b,direct,4000,pos_01,multi_hop,low,5,1.0,1.0,0.6666666666666666,0.0
gemma3:12b,direct,4000,pos_01,multi_hop,none,5,1.0,1.0,0.6666666666666666,0.0
gemma3:12b,direct,4000,pos_01,single_hop,conflicting,5,1.0,1.0,1.0,0.0
gemma3:12b,direct,4000,pos_01,single_hop,high,5,1.0,1.0,1.0,0.0
gemma3:12b,direct,4000,pos_01,single_hop,low,5,1.0,1.0,1.0,0.0
gemma3:12b,direct,4000,pos_01,single_hop,none,5,1.0,1.0,1.0,0.0
gemma3:12b,direct,4000,pos_02,arithmetic,conflicting,5,0.0,0.0,0.7333333333333333,0.2
gemma3:12b,direct,4000,pos_02,arithmetic,high,5,0.0,0.0,0.9333333333333333,0.0
gemma3:12b,direct,4000,pos_02,arithmetic,low,5,0.2,0.2,0.8,0.2
gemma3:12b,direct,4000,pos_02,arithmetic,none,5,0.2,0.2,0.7333333333333333,0.2
gemma3:12b,direct,4000,pos_02,comparison,conflicting,5,0.9,0.8,0.39999999999999997,0.0
gemma3:12b,direct,4000,pos_02,comparison,high,5,1.0,1.0,0.6666666666666666,0.0
gemma3:12b,direct,4000,pos_02,comparison,low,5,1.0,1.0,0.6666666666666666,0.0
gemma3:12b,direct,4000,pos_02,comparison,none,5,1.0,1.0,0.6666666666666666,0.0
gemma3:12b,direct,4000,pos_02,multi_hop,conflicting,5,1.0,1.0,0.6666666666666666,0.0
gemma3:12b,direct,4000,pos_02,multi_hop,high,5,1.0,1.0,0.6666666666666666,0.0
gemma3:12b,direct,4000,pos_02,multi_hop,low,5,1.0,1.0,0.6666666666666666,0.0
gemma3:12b,direct,4000,pos_02,multi_hop,none,5,1.0,1.0,0.6666666666666666,0.0
gemma3:12b,direct,4000,pos_02,single_hop,conflicting,5,1.0,1.0,1.0,0.0
gemma3:12b,direct,4000,pos_02,single_hop,high,5,1.0,1.0,1.0,0.0
gemma3:12b,direct,4000,pos_02,single_hop,low,5,1.0,1.0,1.0,0.0
gemma3:12b,direct,4000,pos_02,single_hop,none,5,1.0,1.0,1.0,0.0
gemma3:12b,direct,4000,pos_03,arithmetic,conflicting,5,0.6,0.6,1.0,0.0
gemma3:12b,direct,4000,pos_03,arithmetic,high,5,0.0,0.0,1.0,0.0
gemma3:12b,direct,4000,pos_03,arithmetic,low,5,0.6,0.6,1.0,0.0
gemma3:12b,direct,4000,pos_03,arithmetic,none,5,0.0,0.0,0.4,0.6
gemma3:12b,direct,4000,pos_03,comparison,conflicting,5,0.5,0.0,0.5333333333333333,0.0
gemma3:12b,direct,4000,pos_03,comparison,high,5,0.5,0.0,0.7333333333333333,0.0
gemma3:12b,direct,4000,pos_03,comparison,low,5,1.0,1.0,0.6666666666666666,0.0
gemma3:12b,direct,4000,pos_03,comparison,none,5,1.0,1.0,0.6666666666666666,0.0
gemma3:12b,direct,4000,pos_03,multi_hop,conflicting,5,1.0,1.0,0.7333333333333333,0.0
gemma3:12b,direct,4000,pos_03,multi_hop,high,5,1.0,1.0,0.6666666666666666,0.0
gemma3:12b,direct,4000,pos_03,multi_hop,low,5,1.0,1.0,0.6666666666666666,0.0
gemma3:12b,direct,4000,pos_03,multi_hop,none,5,1.0,1.0,0.6666666666666666,0.0
gemma3:12b,direct,4000,pos_03,single_hop,conflicting,5,1.0,1.0,1.0,0.0
gemma3:12b,direct,4000,pos_03,single_hop,high,5,1.0,1.0,1.0,0.0
gemma3:12b,direct,4000,pos_03,single_hop,low,5,1.0,1.0,1.0,0.0
gemma3:12b,direct,4000,pos_03,single_hop,none,5,1.0,1.0,1.0,0.0
gemma3:12b,direct,4000,pos_04,arithmetic,conflicting,5,0.4,0.4,1.0,0.0
gemma3:12b,direct,4000,pos_04,arithmetic,high,5,0.0,0.0,0.8,0.2
gemma3:12b,direct,4000,pos_04,arithmetic,low,5,0.2,0.2,1.0,0.0
gemma3:12b,direct,4000,pos_04,arithmetic,none,5,0.0,0.0,0.6,0.4
gemma3:12b,direct,4000,pos_04,comparison,conflicting,5,1.0,1.0,0.6666666666666666,0.0
gemma3:12b,direct,4000,pos_04,comparison,high,5,0.8,0.6,0.8666666666666667,0.0
gemma3:12b,direct,4000,pos_04,comparison,low,5,1.0,1.0,0.6666666666666666,0.0
gemma3:12b,direct,4000,pos_04,comparison,none,5,1.0,1.0,0.6666666666666666,0.0
gemma3:12b,direct,4000,pos_04,multi_hop,conflicting,5,1.0,1.0,0.6666666666666666,0.0
gemma3:12b,direct,4000,pos_04,multi_hop,high,5,1.0,1.0,0.6666666666666666,0.0
gemma3:12b,direct,4000,pos_04,multi_hop,low,5,1.0,1.0,0.6666666666666666,0.0
gemma3:12b,direct,4000,pos_04,multi_hop,none,5,1.0,1.0,0.6666666666666666,0.0
gemma3:12b,direct,4000,pos_04,single_hop,conflicting,5,1.0,1.0,1.0,0.0
gemma3:12b,direct,4000,pos_04,single_hop,high,5,1.0,1.0,1.0,0.0
gemma3:12b,direct,4000,pos_04,single_hop,low,5,1.0,1.0,1.0,0.0
gemma3:12b,direct,4000,pos_04,single_hop,none,5,1.0,1.0,1.0,0.0
gemma3:12b,direct,4000,pos_05,arithmetic,conflicting,5,0.0,0.0,1.0,0.0
gemma3:12b,direct,4000,pos_05,arithmetic,high,5,0.0,0.0,0.5333333333333333,0.4
gemma3:12b,direct,4000,pos_05,arithmetic,low,5,0.0,0.0,1.0,0.0
gemma3:12b,direct,4000,pos_05,arithmetic,none,5,0.0,0.0,0.6,0.4
gemma3:12b,direct,4000,pos_05,comparison,conflicting,5,1.0,1.0,0.6666666666666666,0.0
gemma3:12b,direct,4000,pos_05,comparison,high,5,0.9,0.8,0.7333333333333333,0.0
gemma3:12b,direct,4000,pos_05,comparison,low,5,1.0,1.0,0.6666666666666666,0.0
gemma3:12b,direct,4000,pos_05,comparison,none,5,1.0,1.0,0.6666666666666666,0.0
gemma3:12b,direct,4000,pos_05,multi_hop,conflicting,5,1.0,1.0,0.7333333333333333,0.0
gemma3:12b,direct,4000,pos_05,multi_hop,high,5,1.0,1.0,0.6666666666666666,0.0
gemma3:12b,direct,4000,pos_05,multi_hop,low,5,1.0,1.0,0.6666666666666666,0.0
gemma3:12b,direct,4000,pos_05,multi_hop,none,5,1.0,1.0,0.6666666666666666,0.0
gemma3:12b,direct,4000,pos_05,single_hop,conflicting,5,1.0,1.0,1.0,0.0
gemma3:12b,direct,4000,pos_05,single_hop,high,5,1.0,1.0,1.0,0.0
gemma3:12b,direct,4000,pos_05,single_hop,low,5,1.0,1.0,1.0,0.0
gemma3:12b,direct,4000,pos_05,single_hop,none,5,1.0,1.0,1.0,0.0
gemma3:12b,direct,4000,pos_06,arithmetic,conflicting,5,0.6,0.6,1.0,0.0
gemma3:12b,direct,4000,pos_06,arithmetic,high,5,0.0,0.0,0.4,0.6
gemma3:12b,direct,4000,pos_06,arithmetic,low,5,0.4,0.4,1.0,0.0
gemma3:12b,direct,4000,pos_06,arithmetic,none,5,0.0,0.0,0.2,0.8
gemma3:12b,direct,4000,pos_06,comparison,conflicting,5,1.0,1.0,0.6666666666666666,0.0
gemma3:12b,direct,4000,pos_06,comparison,high,5,0.8,0.6,0.7333333333333333,0.0
gemma3:12b,direct,4000,pos_06,comparison,low,5,1.0,1.0,0.6666666666666666,0.0
gemma3:12b,direct,4000,pos_06,comparison,none,5,1.0,1.0,0.6666666666666666,0.0
gemma3:12b,direct,4000,pos_06,multi_hop,conflicting,5,1.0,1.0,0.6666666666666666,0.0
gemma3:12b,direct,4000,pos_06,multi_hop,high,5,1.0,1.0,0.6666666666666666,0.0
gemma3:12b,direct,4000,pos_06,multi_hop,low,5,1.0,1.0,0.6666666666666666,0.0
gemma3:12b,direct,4000,pos_06,multi_hop,none,5,1.0,1.0,0.6666666666666666,0.0
gemma3:12b,direct,4000,pos_06,single_hop,conflicting,5,1.0,1.0,1.0,0.0
gemma3:12b,direct,4000,pos_06,single_hop,high,5,1.0,1.0,1.0,0.0
gemma3:12b,direct,4000,pos_06,single_hop,low,5,1.0,1.0,1.0,0.0
gemma3:12b,direct,4000,pos_06,single_hop,none,5,1.0,1.0,1.0,0.0
gemma3:12b,direct,4000,pos_07,arithmetic,conflicting,5,0.4,0.4,1.0,0.0
gemma3:12b,direct,4000,pos_07,arithmetic,high,5,0.0,0.0,0.6,0.4
gemma3:12b,direct,4000,pos_07,arithmetic,low,5,0.2,0.2,1.0,0.0
gemma3:12b,direct,4000,pos_07,arithmetic,none,5,0.0,0.0,0.4,0.6
gemma3:12b,direct,4000,pos_07,comparison,conflicting,5,1.0,1.0,0.6666666666666666,0.0
gemma3:12b,direct,4000,pos_07,comparison,high,5,1.0,1.0,0.7333333333333333,0.0
gemma3:12b,direct,4000,pos_07,comparison,low,5,1.0,1.0,0.6666666666666666,0.0
gemma3:12b,direct,4000,pos_07,comparison,none,5,1.0,1.0,0.6666666666666666,0.0
gemma3:12b,direct,4000,pos_07,multi_hop,conflicting,5,1.0,1.0,0.6666666666666666,0.0
gemma3:12b,direct,4000,pos_07,multi_hop,high,5,1.0,1.0,0.6666666666666666,0.0
gemma3:12b,direct,4000,pos_07,multi_hop,low,5,1.0,1.0,0.6666666666666666,0.0
gemma3:12b,direct,4000,pos_07,multi_hop,none,5,1.0,1.0,0.6666666666666666,0.0
gemma3:12b,direct,4000,pos_07,single_hop,conflicting,5,1.0,1.0,1.0,0.0
gemma3:12b,direct,4000,pos_07,single_hop,high,5,1.0,1.0,1.0,0.0
gemma3:12b,direct,4000,pos_07,single_hop,low,5,1.0,1.0,1.0,0.0
gemma3:12b,direct,4000,pos_07,single_hop,none,5,1.0,1.0,1.0,0.0
gemma3:12b,direct,4000,pos_08,arithmetic,conflicting,5,0.0,0.0,1.0,0.0
gemma3:12b,direct,4000,pos_08,arithmetic,high,5,0.0,0.0,0.6,0.4
gemma3:12b,direct,4000,pos_08,arithmetic,low,5,0.4,0.4,1.0,0.0
gemma3:12b,direct,4000,pos_08,arithmetic,none,5,0.0,0.0,0.5333333333333333,0.4
gemma3:12b,direct,4000,pos_08,comparison,conflicting,5,1.0,1.0,0.6666666666666666,0.0
gemma3:12b,direct,4000,pos_08,comparison,high,5,1.0,1.0,0.8666666666666667,0.0
gemma3:12b,direct,4000,pos_08,comparison,low,5,1.0,1.0,0.7333333333333333,0.0
gemma3:12b,direct,4000,pos_08,comparison,none,5,1.0,1.0,0.6666666666666666,0.0
gemma3:12b,direct,4000,pos_08,multi_hop,conflicting,5,1.0,1.0,0.6666666666666666,0.0
gemma3:12b,direct,4000,pos_08,multi_hop,high,5,1.0,1.0,0.6666666666666666,0.0
gemma3:12b,direct,4000,pos_08,multi_hop,low,5,1.0,1.0,0.6666666666666666,0.0
gemma3:12b,direct,4000,pos_08,multi_hop,none,5,1.0,1.0,0.6666666666666666,0.0
gemma3:12b,direct,4000,pos_08,single_hop,conflicting,5,1.0,1.0,1.0,0.0
gemma3:12b,direct,4000,pos_08,single_hop,high,5,1.0,1.0,1.0,0.0
gemma3:12b,direct,4000,pos_08,single_hop,low,5,1.0,1.0,1.0,0.0
gemma3:12b,direct,4000,pos_08,single_hop,none,5,1.0,1.0,1.0,0.0
gemma3:12b,direct,4000,pos_09,arithmetic,conflicting,5,0.4,0.4,0.8,0.2
gemma3:12b,direct,4000,pos_09,arithmetic,high,5,0.0,0.0,0.6,0.4
gemma3:12b,direct,4000,pos_09,arithmetic,low,5,0.4,0.4,0.8,0.2
gemma3:12b,direct,4000,pos_09,arithmetic,none,5,0.0,0.0,0.4,0.6
gemma3:12b,direct,4000,pos_09,comparison,conflicting,5,0.8,0.6,0.6666666666666666,0.0
gemma3:12b,direct,4000,pos_09,comparison,high,5,1.0,1.0,0.7333333333333333,0.0
gemma3:12b,direct,4000,pos_09,comparison,low,5,1.0,1.0,0.6666666666666666,0.0
gemma3:12b,direct,4000,pos_09,comparison,none,5,1.0,1.0,0.6666666666666666,0.0
gemma3:12b,direct,4000,pos_09,multi_hop,conflicting,5,1.0,1.0,1.0,0.0
gemma3:12b,direct,4000,pos_09,multi_hop,high,5,1.0,1.0,1.0,0.0
gemma3:12b,direct,4000,pos_09,multi_hop,low,5,1.0,1.0,0.6666666666666666,0.0
gemma3:12b,direct,4000,pos_09,multi_hop,none,5,1.0,1.0,0.6666666666666666,0.0
gemma3:12b,direct,4000,pos_09,single_hop,conflicting,5,1.0,1.0,1.0,0.0
gemma3:12b,direct,4000,pos_09,single_hop,high,5,1.0,1.0,1.0,0.0
gemma3:12b,direct,4000,pos_09,single_hop,low,5,1.0,1.0,1.0,0.0
gemma3:12b,direct,4000,pos_09,single_hop,none,5,1.0,1.0,1.0,0.0
gemma3:12b,direct,8000,pos_00,arithmetic,conflicting,5,0.0,0.0,0.0,0.0
gemma3:12b,direct,8000,pos_00,arithmetic,high,5,0.0,0.0,0.5333333333333333,0.0
gemma3:12b,direct,8000,pos_00,arithmetic,low,5,0.0,0.0,0.0,0.0
gemma3:12b,direct,8000,pos_00,arithmetic,none,5,0.0,0.0,0.0,0.0
gemma3:12b,direct,8000,pos_00,comparison,conflicting,5,0.4,0.0,0.5333333333333333,0.2
gemma3:12b,direct,8000,pos_00,comparison,high,5,0.5333333333333333,0.0,0.6666666666666666,0.0
gemma3:12b,direct,8000,pos_00,comparison,low,5,0.13333333333333333,0.0,0.0,0.0
gemma3:12b,direct,8000,pos_00,comparison,none,5,0.5,0.0,0.6666666666666666,0.0
gemma3:12b,direct,8000,pos_00,multi_hop,conflicting,5,0.0,0.0,0.6666666666666666,0.0
gemma3:12b,direct,8000,pos_00,multi_hop,high,5,1.0,1.0,0.6666666666666666,0.0
gemma3:12b,direct,8000,pos_00,multi_hop,low,5,0.0,0.0,0.6666666666666666,0.0
gemma3:12b,direct,8000,pos_00,multi_hop,none,5,0.0,0.0,0.6666666666666666,0.0
gemma3:12b,direct,8000,pos_00,single_hop,conflicting,5,0.0,0.0,1.0,0.0
gemma3:12b,direct,8000,pos_00,single_hop,high,5,0.0,0.0,1.0,0.0
gemma3:12b,direct,8000,pos_00,single_hop,low,5,0.0,0.0,1.0,0.0
gemma3:12b,direct,8000,pos_00,single_hop,none,5,0.0,0.0,1.0,0.0
gemma3:12b,direct,8000,pos_01,arithmetic,conflicting,5,0.0,0.0,0.6666666666666666,0.0
gemma3:12b,direct,8000,pos_01,arithmetic,high,5,0.0,0.0,0.6666666666666666,0.0
gemma3:12b,direct,8000,pos_01,arithmetic,low,5,0.0,0.0,0.0,0.0
gemma3:12b,direct,8000,pos_01,arithmetic,none,5,0.0,0.0,0.0,0.0
gemma3:12b,direct,8000,pos_01,comparison,conflicting,5,0.5,0.0,0.6666666666666666,0.0
gemma3:12b,direct,8000,pos_01,comparison,high,5,0.5,0.0,0.6666666666666666,0.0
gemma3:12b,direct,8000,pos_01,comparison,low,5,0.06153846153846154,0.0,0.13333333333333333,0.0
gemma3:12b,direct,8000,pos_01,comparison,none,5,0.5,0.0,0.6666666666666666,0.0
gemma3:12b,direct,8000,pos_01,multi_hop,conflicting,5,0.0,0.0,0.6666666666666666,0.0
gemma3:12b,direct,8000,pos_01,multi_hop,high,5,1.0,1.0,0.6666666666666666,0.0
gemma3:12b,direct,8000,pos_01,multi_hop,low,5,0.0,0.0,0.6666666666666666,0.0
gemma3:12b,direct,8000,pos_01,multi_hop,none,5,0.0,0.0,0.6666666666666666,0.0
gemma3:12b,direct,8000,pos_01,single_hop,conflicting,5,0.0,0.0,1.0,0.0
gemma3:12b,direct,8000,pos_01,single_hop,high,5,0.0,0.0,1.0,0.0
gemma3:12b,direct,8000,pos_01,single_hop,low,5,0.0,0.0,0.8,0.0
gemma3:12b,direct,8000,pos_01,single_hop,none,5,0.0,0.0,1.0,0.0
gemma3:12b,direct,8000,pos_02,arithmetic,conflicting,5,0.0,0.0,0.6666666666666666,0.0
gemma3:12b,direct,8000,pos_02,arithmetic,high,5,0.0,0.0,0.6666666666666666,0.0
gemma3:12b,direct,8000,pos_02,arithmetic,low,5,0.0,0.0,0.6666666666666666,0.0
gemma3:12b,direct,8000,pos_02,arithmetic,none,5,0.0,0.0,0.6666666666666666,0.0
gemma3:12b,direct,8000,pos_02,comparison,conflicting,5,0.6666666666666666,0.0,0.6666666666666666,0.0
gemma3:12b,direct,8000,pos_02,comparison,high,5,0.6666666666666666,0.0,0.6666666666666666,0.0
gemma3:12b,direct,8000,pos_02,comparison,low,5,0.6,0.0,0.6666666666666666,0.0
gemma3:12b,direct,8000,pos_02,comparison,none,5,0.6666666666666666,0.0,0.6666666666666666,0.0
gemma3:12b,direct,8000,pos_02,multi_hop,conflicting,5,1.0,1.0,0.6666666666666666,0.0
gemma3:12b,direct,8000,pos_02,multi_hop,high,5,1.0,1.0,0.6666666666666666,0.0
gemma3:12b,direct,8000,pos_02,multi_hop,low,5,1.0,1.0,0.6666666666666666,0.0
gemma3:12b,direct,8000,pos_02,multi_hop,none,5,1.0,1.0,0.6666666666666666,0.0
gemma3:12b,direct,8000,pos_02,single_hop,conflicting,5,0.5666666666666667,0.0,1.0,0.0
gemma3:12b,direct,8000,pos_02,single_hop,high,5,0.5333333333333333,0.0,1.0,0.0
gemma3:12b,direct,8000,pos_02,single_hop,low,5,0.5333333333333333,0.0,1.0,0.0
gemma3:12b,direct,8000,pos_02,single_hop,none,5,0.5666666666666667,0.0,1.0,0.0
gemma3:12b,direct,8000,pos_03,arithmetic,conflicting,5,0.0,0.0,0.6666666666666666,0.0
gemma3:12b,direct,8000,pos_03,arithmetic,high,5,0.0,0.0,0.6666666666666666,0.0
gemma3:12b,direct,8000,pos_03,arithmetic,low,5,0.0,0.0,0.6666666666666666,0.0
gemma3:12b,direct,8000,pos_03,arithmetic,none,5,0.0,0.0,0.6666666666666666,0.0
gemma3:12b,direct,8000,pos_03,comparison,conflicting,5,0.5333333333333333,0.0,0.6666666666666666,0.0
gemma3:12b,direct,8000,pos_03,comparison,high,5,0.5333333333333333,0.0,0.5333333333333333,0.0
gemma3:12b,direct,8000,pos_03,comparison,low,5,0.5,0.0,0.6666666666666666,0.0
gemma3:12b,direct,8000,pos_03,comparison,none,5,0.6666666666666666,0.0,0.6666666666666666,0.0
gemma3:12b,direct,8000,pos_03,multi_hop,conflicting,5,0.6,0.6,0.6666666666666666,0.0
gemma3:12b,direct,8000,pos_03,multi_hop,high,5,1.0,1.0,0.6666666666666666,0.0
gemma3:12b,direct,8000,pos_03,multi_hop,low,5,1.0,1.0,0.6666666666666666,0.0
gemma3:12b,direct,8000,pos_03,multi_hop,none,5,1.0,1.0,0.6666666666666666,0.0
gemma3:12b,direct,8000,pos_03,single_hop,conflicting,5,0.4,0.0,1.0,0.0
gemma3:12b,direct,8000,pos_03,single_hop,high,5,0.36666666666666664,0.0,1.0,0.0
gemma3:12b,direct,8000,pos_03,single_hop,low,5,0.6,0.0,1.0,0.0
gemma3:12b,direct,8000,pos_03,single_hop,none,5,0.6666666666666666,0.0,1.0,0.0
gemma3:12b,direct,8000,pos_04,arithmetic,conflicting,5,0.0,0.0,0.6666666666666666,0.0
gemma3:12b,direct,8000,pos_04,arithmetic,high,5,0.0,0.0,0.6666666666666666,0.0
gemma3:12b,direct,8000,pos_04,arithmetic,low,5,0.0,0.0,0.6666666666666666,0.0
gemma3:12b,direct,8000,pos_04,arithmetic,none,5,0.0,0.0,0.6666666666666666,0.0
gemma3:12b,direct,8000,pos_04,comparison,conflicting,5,0.5,0.0,0.6666666666666666,0.0
gemma3:12b,direct,8000,pos_04,comparison,high,5,0.6666666666666666,0.2,0.6666666666666666,0.0
gemma3:12b,direct,8000,pos_04,comparison,low,5,0.5,0.0,0.6666666666666666,0.0
gemma3:12b,direct,8000,pos_04,comparison,none,5,0.6666666666666666,0.0,0.6666666666666666,0.0
gemma3:12b,direct,8000,pos_04,multi_hop,conflicting,5,0.6,0.6,0.6666666666666666,0.0
gemma3:12b,direct,8000,pos_04,multi_hop,high,5,1.0,1.0,0.6666666666666666,0.0
gemma3:12b,direct,8000,pos_04,multi_hop,low,5,1.0,1.0,0.6666666666666666,0.0
gemma3:12b,direct,8000,pos_04,multi_hop,none,5,1.0,1.0,0.6666666666666666,0.0
gemma3:12b,direct,8000,pos_04,single_hop,conflicting,5,0.23333333333333334,0.0,1.0,0.0
gemma3:12b,direct,8000,pos_04,single_hop,high,5,0.0,0.0,1.0,0.0
gemma3:12b,direct,8000,pos_04,single_hop,low,5,0.13333333333333333,0.0,1.0,0.0
gemma3:12b,direct,8000,pos_04,single_hop,none,5,0.5666666666666667,0.0,1.0,0.0
gemma3:12b,direct,8000,pos_05,arithmetic,conflicting,5,0.0,0.0,0.6666666666666666,0.0
gemma3:12b,direct,8000,pos_05,arithmetic,high,5,0.0,0.0,0.6666666666666666,0.0
gemma3:12b,direct,8000,pos_05,arithmetic,low,5,0.0,0.0,0.6666666666666666,0.0
gemma3:12b,direct,8000,pos_05,arithmetic,none,5,0.2,0.2,0.6666666666666666,0.0
gemma3:12b,direct,8000,pos_05,comparison,conflicting,5,0.6333333333333333,0.0,0.6666666666666666,0.0
gemma3:12b,direct,8000,pos_05,comparison,high,5,0.6666666666666666,0.0,0.6666666666666666,0.0
gemma3:12b,direct,8000,pos_05,comparison,low,5,0.5666666666666667,0.0,0.6666666666666666,0.0
gemma3:12b,direct,8000,pos_05,comparison,none,5,0.6666666666666666,0.0,0.6666666666666666,0.0
gemma3:12b,direct,8000,pos_05,multi_hop,conflicting,5,1.0,1.0,0.6666666666666666,0.0
gemma3:12b,direct,8000,pos_05,multi_hop,high,5,1.0,1.0,0.6666666666666666,0.0
gemma3:12b,direct,8000,pos_05,multi_hop,low,5,1.0,1.0,0.6666666666666666,0.0
gemma3:12b,direct,8000,pos_05,multi_hop,none,5,1.0,1.0,0.6666666666666666,0.0
gemma3:12b,direct,8000,pos_05,single_hop,conflicting,5,0.4,0.0,1.0,0.0
gemma3:12b,direct,8000,pos_05,single_hop,high,5,0.23333333333333334,0.0,1.0,0.0
gemma3:12b,direct,8000,pos_05,single_hop,low,5,0.26666666666666666,0.0,1.0,0.0
gemma3:12b,direct,8000,pos_05,single_hop,none,5,0.3333333333333333,0.0,1.0,0.0
gemma3:12b,direct,8000,pos_06,arithmetic,conflicting,5,0.2,0.2,0.6,0.4
gemma3:12b,direct,8000,pos_06,arithmetic,high,5,0.0,0.0,0.8,0.2
gemma3:12b,direct,8000,pos_06,arithmetic,low,5,0.4,0.4,1.0,0.0
gemma3:12b,direct,8000,pos_06,arithmetic,none,5,0.2,0.2,1.0,0.0
gemma3:12b,direct,8000,pos_06,comparison,conflicting,5,1.0,1.0,0.6666666666666666,0.0
gemma3:12b,direct,8000,pos_06,comparison,high,5,1.0,1.0,0.6666666666666666,0.0
gemma3:12b,direct,8000,pos_06,comparison,low,5,1.0,1.0,0.6666666666666666,0.0
gemma3:12b,direct,8000,pos_06,comparison,none,5,1.0,1.0,0.6666666666666666,0.0
gemma3:12b,direct,8000,pos_06,multi_hop,conflicting,5,1.0,1.0,0.6666666666666666,0.0
gemma3:12b,direct,8000,pos_06,multi_hop,high,5,1.0,1.0,0.6666666666666666,0.0
gemma3:12b,direct,8000,pos_06,multi_hop,low,5,1.0,1.0,0.6666666666666666,0.0
gemma3:12b,direct,8000,pos_06,multi_hop,none,5,1.0,1.0,0.6666666666666666,0.0
gemma3:12b,direct,8000,pos_06,single_hop,conflicting,5,1.0,1.0,1.0,0.0
gemma3:12b,direct,8000,pos_06,single_hop,high,5,1.0,1.0,1.0,0.0
gemma3:12b,direct,8000,pos_06,single_hop,low,5,1.0,1.0,1.0,0.0
gemma3:12b,direct,8000,pos_06,single_hop,none,5,1.0,1.0,1.0,0.0
gemma3:12b,direct,8000,pos_07,arithmetic,conflicting,5,0.0,0.0,0.8,0.2
gemma3:12b,direct,8000,pos_07,arithmetic,high,5,0.0,0.0,1.0,0.0
gemma3:12b,direct,8000,pos_07,arithmetic,low,5,0.4,0.4,0.7333333333333333,0.2
gemma3:12b,direct,8000,pos_07,arithmetic,none,5,0.2,0.2,1.0,0.0
gemma3:12b,direct,8000,pos_07,comparison,conflicting,5,1.0,1.0,0.6666666666666666,0.0
gemma3:12b,direct,8000,pos_07,comparison,high,5,1.0,1.0,0.6666666666666666,0.0
gemma3:12b,direct,8000,pos_07,comparison,low,5,1.0,1.0,0.6666666666666666,0.0
gemma3:12b,direct,8000,pos_07,comparison,none,5,1.0,1.0,0.6666666666666666,0.0
gemma3:12b,direct,8000,pos_07,multi_hop,conflicting,5,1.0,1.0,0.6666666666666666,0.0
gemma3:12b,direct,8000,pos_07,multi_hop,high,5,1.0,1.0,0.6666666666666666,0.0
gemma3:12b,direct,8000,pos_07,multi_hop,low,5,1.0,1.0,0.6666666666666666,0.0
gemma3:12b,direct,8000,pos_07,multi_hop,none,5,1.0,1.0,0.6666666666666666,0.0
gemma3:12b,direct,8000,pos_07,single_hop,conflicting,5,1.0,1.0,1.0,0.0
gemma3:12b,direct,8000,pos_07,single_hop,high,5,1.0,1.0,1.0,0.0
gemma3:12b,direct,8000,pos_07,single_hop,low,5,1.0,1.0,1.0,0.0
gemma3:12b,direct,8000,pos_07,single_hop,none,5,1.0,1.0,1.0,0.0
gemma3:12b,direct,8000,pos_08,arithmetic,conflicting,5,0.4,0.4,0.4666666666666667,0.2
gemma3:12b,direct,8000,pos_08,arithmetic,high,5,0.0,0.0,0.6,0.4
gemma3:12b,direct,8000,pos_08,arithmetic,low,5,0.0,0.0,0.9333333333333333,0.0
gemma3:12b,direct,8000,pos_08,arithmetic,none,5,0.0,0.0,0.6,0.4
gemma3:12b,direct,8000,pos_08,comparison,conflicting,5,1.0,1.0,0.6666666666666666,0.0
gemma3:12b,direct,8000,pos_08,comparison,high,5,1.0,1.0,0.6666666666666666,0.0
gemma3:12b,direct,8000,pos_08,comparison,low,5,1.0,1.0,0.6666666666666666,0.0
gemma3:12b,direct,8000,pos_08,comparison,none,5,1.0,1.0,0.6666666666666666,0.0
gemma3:12b,direct,8000,pos_08,multi_hop,conflicting,5,1.0,1.0,0.6666666666666666,0.0
gemma3:12b,direct,8000,pos_08,multi_hop,high,5,0.8,0.8,0.5333333333333333,0.2
gemma3:12b,direct,8000,pos_08,multi_hop,low,5,1.0,1.0,0.6666666666666666,0.0
gemma3:12b,direct,8000,pos_08,multi_hop,none,5,1.0,1.0,0.6666666666666666,0.0
gemma3:12b,direct,8000,pos_08,single_hop,conflicting,5,1.0,1.0,1.0,0.0
gemma3:12b,direct,8000,pos_08,single_hop,high,5,1.0,1.0,1.0,0.0
gemma3:12b,direct,8000,pos_08,single_hop,low,5,1.0,1.0,1.0,0.0
gemma3:12b,direct,8000,pos_08,single_hop,none,5,1.0,1.0,1.0,0.0
gemma3:12b,direct,8000,pos_09,arithmetic,conflicting,5,0.2,0.2,1.0,0.0
gemma3:12b,direct,8000,pos_09,arithmetic,high,5,0.0,0.0,0.6,0.4
gemma3:12b,direct,8000,pos_09,arithmetic,low,5,0.0,0.0,0.5333333333333333,0.4
gemma3:12b,direct,8000,pos_09,arithmetic,none,5,0.0,0.0,0.8,0.2
gemma3:12b,direct,8000,pos_09,comparison,conflicting,5,0.8,0.8,0.5333333333333333,0.2
gemma3:12b,direct,8000,pos_09,comparison,high,5,1.0,1.0,0.6666666666666666,0.0
gemma3:12b,direct,8000,pos_09,comparison,low,5,1.0,1.0,0.6666666666666666,0.0
gemma3:12b,direct,8000,pos_09,comparison,none,5,1.0,1.0,0.6666666666666666,0.0
gemma3:12b,direct,8000,pos_09,multi_hop,conflicting,5,1.0,1.0,0.6666666666666666,0.0
gemma3:12b,direct,8000,pos_09,multi_hop,high,5,1.0,1.0,0.6666666666666666,0.0
gemma3:12b,direct,8000,pos_09,multi_hop,low,5,1.0,1.0,0.6666666666666666,0.0
gemma3:12b,direct,8000,pos_09,multi_hop,none,5,1.0,1.0,0.6666666666666666,0.0
gemma3:12b,direct,8000,pos_09,single_hop,conflicting,5,1.0,1.0,1.0,0.0
gemma3:12b,direct,8000,pos_09,single_hop,high,5,1.0,1.0,1.0,0.0
gemma3:12b,direct,8000,pos_09,single_hop,low,5,1.0,1.0,1.0,0.0
gemma3:12b,direct,8000,pos_09,single_hop,none,5,1.0,1.0,1.0,0.0
gemma3:12b,no_evidence,16000,pos_00,arithmetic,conflicting,5,0.0,0.0,0.0,0.0
gemma3:12b,no_evidence,16000,pos_00,arithmetic,high,5,0.0,0.0,0.0,0.0
gemma3:12b,no_evidence,16000,pos_00,arithmetic,low,5,0.0,0.0,0.0,0.0
gemma3:12b,no_evidence,16000,pos_00,arithmetic,none,5,0.0,0.0,0.0,0.0
gemma3:12b,no_evidence,16000,pos_00,comparison,conflicting,5,0.0,0.0,0.0,0.0
gemma3:12b,no_evidence,16000,pos_00,comparison,high,5,0.0,0.0,0.0,0.0
gemma3:12b,no_evidence,16000,pos_00,comparison,low,5,0.0,0.0,0.0,0.0
gemma3:12b,no_evidence,16000,pos_00,comparison,none,5,0.0,0.0,0.0,0.0
gemma3:12b,no_evidence,16000,pos_00,multi_hop,conflicting,5,0.0,0.0,0.0,0.0
gemma3:12b,no_evidence,16000,pos_00,multi_hop,high,5,0.0,0.0,0.0,0.0
gemma3:12b,no_evidence,16000,pos_00,multi_hop,low,5,0.0,0.0,0.0,0.0
gemma3:12b,no_evidence,16000,pos_00,multi_hop,none,5,0.0,0.0,0.0,0.0
gemma3:12b,no_evidence,16000,pos_00,single_hop,conflicting,5,0.0,0.0,0.0,0.0
gemma3:12b,no_evidence,16000,pos_00,single_hop,high,5,0.0,0.0,0.0,0.0
gemma3:12b,no_evidence,16000,pos_00,single_hop,low,5,0.0,0.0,0.0,0.0
gemma3:12b,no_evidence,16000,pos_00,single_hop,none,5,0.0,0.0,0.0,0.0
gemma3:12b,no_evidence,16000,pos_01,arithmetic,conflicting,5,0.0,0.0,0.0,0.0
gemma3:12b,no_evidence,16000,pos_01,arithmetic,high,5,0.0,0.0,0.0,0.0
gemma3:12b,no_evidence,16000,pos_01,arithmetic,low,5,0.0,0.0,0.0,0.0
gemma3:12b,no_evidence,16000,pos_01,arithmetic,none,5,0.0,0.0,0.0,0.0
gemma3:12b,no_evidence,16000,pos_01,comparison,conflicting,5,0.0,0.0,0.0,0.0
gemma3:12b,no_evidence,16000,pos_01,comparison,high,5,0.0,0.0,0.0,0.0
gemma3:12b,no_evidence,16000,pos_01,comparison,low,5,0.0,0.0,0.0,0.0
gemma3:12b,no_evidence,16000,pos_01,comparison,none,5,0.0,0.0,0.0,0.0
gemma3:12b,no_evidence,16000,pos_01,multi_hop,conflicting,5,0.0,0.0,0.0,0.0
gemma3:12b,no_evidence,16000,pos_01,multi_hop,high,5,0.0,0.0,0.0,0.0
gemma3:12b,no_evidence,16000,pos_01,multi_hop,low,5,0.0,0.0,0.0,0.0
gemma3:12b,no_evidence,16000,pos_01,multi_hop,none,5,0.0,0.0,0.0,0.0
gemma3:12b,no_evidence,16000,pos_01,single_hop,conflicting,5,0.0,0.0,0.0,0.0
gemma3:12b,no_evidence,16000,pos_01,single_hop,high,5,0.4,0.0,0.0,0.0
gemma3:12b,no_evidence,16000,pos_01,single_hop,low,5,0.0,0.0,0.0,0.0
gemma3:12b,no_evidence,16000,pos_01,single_hop,none,5,0.0,0.0,0.0,0.0
gemma3:12b,no_evidence,16000,pos_02,arithmetic,conflicting,5,0.0,0.0,0.0,0.0
gemma3:12b,no_evidence,16000,pos_02,arithmetic,high,5,0.0,0.0,0.0,0.0
gemma3:12b,no_evidence,16000,pos_02,arithmetic,low,5,0.0,0.0,0.0,0.0
gemma3:12b,no_evidence,16000,pos_02,arithmetic,none,5,0.0,0.0,0.0,0.0
gemma3:12b,no_evidence,16000,pos_02,comparison,conflicting,5,0.0,0.0,0.0,0.0
gemma3:12b,no_evidence,16000,pos_02,comparison,high,5,0.0,0.0,0.0,0.0
gemma3:12b,no_evidence,16000,pos_02,comparison,low,5,0.0,0.0,0.0,0.0
gemma3:12b,no_evidence,16000,pos_02,comparison,none,5,0.0,0.0,0.0,0.0
gemma3:12b,no_evidence,16000,pos_02,multi_hop,conflicting,5,0.0,0.0,0.0,0.0
gemma3:12b,no_evidence,16000,pos_02,multi_hop,high,5,0.0,0.0,0.0,0.0
gemma3:12b,no_evidence,16000,pos_02,multi_hop,low,5,0.0,0.0,0.0,0.0
gemma3:12b,no_evidence,16000,pos_02,multi_hop,none,5,0.0,0.0,0.0,0.0
gemma3:12b,no_evidence,16000,pos_02,single_hop,conflicting,5,0.0,0.0,0.0,0.0
gemma3:12b,no_evidence,16000,pos_02,single_hop,high,5,0.0,0.0,0.0,0.0
gemma3:12b,no_evidence,16000,pos_02,single_hop,low,5,0.1,0.0,0.0,0.0
gemma3:12b,no_evidence,16000,pos_02,single_hop,none,5,0.0,0.0,0.0,0.0
gemma3:12b,no_evidence,16000,pos_03,arithmetic,conflicting,5,0.0,0.0,0.0,0.0
gemma3:12b,no_evidence,16000,pos_03,arithmetic,high,5,0.0,0.0,0.0,0.0
gemma3:12b,no_evidence,16000,pos_03,arithmetic,low,5,0.0,0.0,0.0,0.0
gemma3:12b,no_evidence,16000,pos_03,arithmetic,none,5,0.0,0.0,0.0,0.0
gemma3:12b,no_evidence,16000,pos_03,comparison,conflicting,5,0.0,0.0,0.0,0.0
gemma3:12b,no_evidence,16000,pos_03,comparison,high,5,0.0,0.0,0.0,0.0
gemma3:12b,no_evidence,16000,pos_03,comparison,low,5,0.0,0.0,0.0,0.0
gemma3:12b,no_evidence,16000,pos_03,comparison,none,5,0.0,0.0,0.0,0.0
gemma3:12b,no_evidence,16000,pos_03,multi_hop,conflicting,5,0.0,0.0,0.0,0.0
gemma3:12b,no_evidence,16000,pos_03,multi_hop,high,5,0.0,0.0,0.0,0.0
gemma3:12b,no_evidence,16000,pos_03,multi_hop,low,5,0.0,0.0,0.0,0.0
gemma3:12b,no_evidence,16000,pos_03,multi_hop,none,5,0.0,0.0,0.0,0.0
gemma3:12b,no_evidence,16000,pos_03,single_hop,conflicting,5,0.0,0.0,0.0,0.0
gemma3:12b,no_evidence,16000,pos_03,single_hop,high,5,0.5,0.0,0.0,0.0
gemma3:12b,no_evidence,16000,pos_03,single_hop,low,5,0.0,0.0,0.0,0.0
gemma3:12b,no_evidence,16000,pos_03,single_hop,none,5,0.1,0.0,0.0,0.0
gemma3:12b,no_evidence,16000,pos_04,arithmetic,conflicting,5,0.0,0.0,0.0,0.0
gemma3:12b,no_evidence,16000,pos_04,arithmetic,high,5,0.0,0.0,0.0,0.0
gemma3:12b,no_evidence,16000,pos_04,arithmetic,low,5,0.0,0.0,0.0,0.0
gemma3:12b,no_evidence,16000,pos_04,arithmetic,none,5,0.0,0.0,0.0,0.0
gemma3:12b,no_evidence,16000,pos_04,comparison,conflicting,5,0.0,0.0,0.0,0.0
gemma3:12b,no_evidence,16000,pos_04,comparison,high,5,0.0,0.0,0.0,0.0
gemma3:12b,no_evidence,16000,pos_04,comparison,low,5,0.0,0.0,0.0,0.0
gemma3:12b,no_evidence,16000,pos_04,comparison,none,5,0.0,0.0,0.0,0.0
gemma3:12b,no_evidence,16000,pos_04,multi_hop,conflicting,5,0.0,0.0,0.0,0.0
gemma3:12b,no_evidence,16000,pos_04,multi_hop,high,5,0.0,0.0,0.0,0.0
gemma3:12b,no_evidence,16000,pos_04,multi_hop,low,5,0.0,0.0,0.0,0.0
gemma3:12b,no_evidence,16000,pos_04,multi_hop,none,5,0.0,0.0,0.0,0.0
gemma3:12b,no_evidence,16000,pos_04,single_hop,conflicting,5,0.0,0.0,0.0,0.0
gemma3:12b,no_evidence,16000,pos_04,single_hop,high,5,0.0,0.0,0.0,0.0
gemma3:12b,no_evidence,16000,pos_04,single_hop,low,5,0.0,0.0,0.0,0.0
gemma3:12b,no_evidence,16000,pos_04,single_hop,none,5,0.3,0.0,0.0,0.0
gemma3:12b,no_evidence,16000,pos_05,arithmetic,conflicting,5,0.0,0.0,0.0,0.0
gemma3:12b,no_evidence,16000,pos_05,arithmetic,high,5,0.0,0.0,0.0,0.0
gemma3:12b,no_evidence,16000,pos_05,arithmetic,low,5,0.0,0.0,0.0,0.0
gemma3:12b,no_evidence,16000,pos_05,arithmetic,none,5,0.0,0.0,0.0,0.0
gemma3:12b,no_evidence,16000,pos_05,comparison,conflicting,5,0.0,0.0,0.0,0.0
gemma3:12b,no_evidence,16000,pos_05,comparison,high,5,0.0,0.0,0.0,0.0
gemma3:12b,no_evidence,16000,pos_05,comparison,low,5,0.0,0.0,0.0,0.0
gemma3:12b,no_evidence,16000,pos_05,comparison,none,5,0.0,0.0,0.0,0.0
gemma3:12b,no_evidence,16000,pos_05,multi_hop,conflicting,5,0.0,0.0,0.0,0.0
gemma3:12b,no_evidence,16000,pos_05,multi_hop,high,5,0.0,0.0,0.0,0.0
gemma3:12b,no_evidence,16000,pos_05,multi_hop,low,5,0.0,0.0,0.0,0.0
gemma3:12b,no_evidence,16000,pos_05,multi_hop,none,5,0.0,0.0,0.0,0.0
gemma3:12b,no_evidence,16000,pos_05,single_hop,conflicting,5,0.0,0.0,0.0,0.0
gemma3:12b,no_evidence,16000,pos_05,single_hop,high,5,0.0,0.0,0.0,0.0
gemma3:12b,no_evidence,16000,pos_05,single_hop,low,5,0.0,0.0,0.0,0.0
gemma3:12b,no_evidence,16000,pos_05,single_hop,none,5,0.0,0.0,0.0,0.0
gemma3:12b,no_evidence,16000,pos_06,arithmetic,conflicting,5,0.0,0.0,0.0,0.0
gemma3:12b,no_evidence,16000,pos_06,arithmetic,high,5,0.0,0.0,0.0,0.0
gemma3:12b,no_evidence,16000,pos_06,arithmetic,low,5,0.0,0.0,0.0,0.0
gemma3:12b,no_evidence,16000,pos_06,arithmetic,none,5,0.0,0.0,0.0,0.0
gemma3:12b,no_evidence,16000,pos_06,comparison,conflicting,5,0.0,0.0,0.0,0.0
gemma3:12b,no_evidence,16000,pos_06,comparison,high,5,0.0,0.0,0.0,0.0
gemma3:12b,no_evidence,16000,pos_06,comparison,low,5,0.0,0.0,0.0,0.0
gemma3:12b,no_evidence,16000,pos_06,comparison,none,5,0.0,0.0,0.0,0.0
gemma3:12b,no_evidence,16000,pos_06,multi_hop,conflicting,5,0.0,0.0,0.0,0.0
gemma3:12b,no_evidence,16000,pos_06,multi_hop,high,5,0.0,0.0,0.0,0.0
gemma3:12b,no_evidence,16000,pos_06,multi_hop,low,5,0.0,0.0,0.0,0.0
gemma3:12b,no_evidence,16000,pos_06,multi_hop,none,5,0.0,0.0,0.0,0.0
gemma3:12b,no_evidence,16000,pos_06,single_hop,conflicting,5,0.0,0.0,0.0,0.0
gemma3:12b,no_evidence,16000,pos_06,single_hop,high,5,0.0,0.0,0.0,0.0
gemma3:12b,no_evidence,16000,pos_06,single_hop,low,5,0.0,0.0,0.0,0.0
gemma3:12b,no_evidence,16000,pos_06,single_hop,none,5,0.0,0.0,0.0,0.0
gemma3:12b,no_evidence,16000,pos_07,arithmetic,conflicting,5,0.0,0.0,0.0,0.0
gemma3:12b,no_evidence,16000,pos_07,arithmetic,high,5,0.0,0.0,0.0,0.0
gemma3:12b,no_evidence,16000,pos_07,arithmetic,low,5,0.0,0.0,0.0,0.0
gemma3:12b,no_evidence,16000,pos_07,arithmetic,none,5,0.0,0.0,0.0,0.0
gemma3:12b,no_evidence,16000,pos_07,comparison,conflicting,5,0.0,0.0,0.0,0.0
gemma3:12b,no_evidence,16000,pos_07,comparison,high,5,0.0,0.0,0.0,0.0
gemma3:12b,no_evidence,16000,pos_07,comparison,low,5,0.0,0.0,0.0,0.0
gemma3:12b,no_evidence,16000,pos_07,comparison,none,5,0.0,0.0,0.0,0.0
gemma3:12b,no_evidence,16000,pos_07,multi_hop,conflicting,5,0.0,0.0,0.0,0.0
gemma3:12b,no_evidence,16000,pos_07,multi_hop,high,5,0.0,0.0,0.0,0.0
gemma3:12b,no_evidence,16000,pos_07,multi_hop,low,5,0.0,0.0,0.0,0.0
gemma3:12b,no_evidence,16000,pos_07,multi_hop,none,5,0.0,0.0,0.0,0.0
gemma3:12b,no_evidence,16000,pos_07,single_hop,conflicting,5,0.0,0.0,0.0,0.0
gemma3:12b,no_evidence,16000,pos_07,single_hop,high,5,0.0,0.0,0.0,0.0
gemma3:12b,no_evidence,16000,pos_07,single_hop,low,5,0.0,0.0,0.0,0.0
gemma3:12b,no_evidence,16000,pos_07,single_hop,none,5,0.0,0.0,0.0,0.0
gemma3:12b,no_evidence,16000,pos_08,arithmetic,conflicting,5,0.0,0.0,0.0,0.0
gemma3:12b,no_evidence,16000,pos_08,arithmetic,high,5,0.0,0.0,0.0,0.0
gemma3:12b,no_evidence,16000,pos_08,arithmetic,low,5,0.0,0.0,0.0,0.0
gemma3:12b,no_evidence,16000,pos_08,arithmetic,none,5,0.0,0.0,0.0,0.0
gemma3:12b,no_evidence,16000,pos_08,comparison,conflicting,5,0.0,0.0,0.0,0.0
gemma3:12b,no_evidence,16000,pos_08,comparison,high,5,0.0,0.0,0.0,0.0
gemma3:12b,no_evidence,16000,pos_08,comparison,low,5,0.0,0.0,0.0,0.0
gemma3:12b,no_evidence,16000,pos_08,comparison,none,5,0.0,0.0,0.0,0.0
gemma3:12b,no_evidence,16000,pos_08,multi_hop,conflicting,5,0.0,0.0,0.0,0.0
gemma3:12b,no_evidence,16000,pos_08,multi_hop,high,5,0.0,0.0,0.0,0.0
gemma3:12b,no_evidence,16000,pos_08,multi_hop,low,5,0.0,0.0,0.0,0.0
gemma3:12b,no_evidence,16000,pos_08,multi_hop,none,5,0.0,0.0,0.0,0.0
gemma3:12b,no_evidence,16000,pos_08,single_hop,conflicting,5,0.5,0.0,0.0,0.0
gemma3:12b,no_evidence,16000,pos_08,single_hop,high,5,0.0,0.0,0.0,0.0
gemma3:12b,no_evidence,16000,pos_08,single_hop,low,5,0.0,0.0,0.0,0.0
gemma3:12b,no_evidence,16000,pos_08,single_hop,none,5,0.0,0.0,0.0,0.0
gemma3:12b,no_evidence,16000,pos_09,arithmetic,conflicting,5,0.0,0.0,0.0,0.0
gemma3:12b,no_evidence,16000,pos_09,arithmetic,high,5,0.0,0.0,0.0,0.0
gemma3:12b,no_evidence,16000,pos_09,arithmetic,low,5,0.0,0.0,0.0,0.0
gemma3:12b,no_evidence,16000,pos_09,arithmetic,none,5,0.0,0.0,0.0,0.0
gemma3:12b,no_evidence,16000,pos_09,comparison,conflicting,5,0.0,0.0,0.0,0.0
gemma3:12b,no_evidence,16000,pos_09,comparison,high,5,0.0,0.0,0.0,0.0
gemma3:12b,no_evidence,16000,pos_09,comparison,low,5,0.0,0.0,0.0,0.0
gemma3:12b,no_evidence,16000,pos_09,comparison,none,5,0.0,0.0,0.0,0.0
gemma3:12b,no_evidence,16000,pos_09,multi_hop,conflicting,5,0.0,0.0,0.0,0.0
gemma3:12b,no_evidence,16000,pos_09,multi_hop,high,5,0.0,0.0,0.0,0.0
gemma3:12b,no_evidence,16000,pos_09,multi_hop,low,5,0.0,0.0,0.0,0.0
gemma3:12b,no_evidence,16000,pos_09,multi_hop,none,5,0.0,0.0,0.0,0.0
gemma3:12b,no_evidence,16000,pos_09,single_hop,conflicting,5,0.5,0.0,0.0,0.0
gemma3:12b,no_evidence,16000,pos_09,single_hop,high,5,0.5,0.0,0.0,0.0
gemma3:12b,no_evidence,16000,pos_09,single_hop,low,5,0.5,0.0,0.0,0.0
gemma3:12b,no_evidence,16000,pos_09,single_hop,none,5,0.5,0.0,0.0,0.0
gemma3:12b,no_evidence,32000,pos_00,arithmetic,conflicting,5,0.0,0.0,0.0,0.0
gemma3:12b,no_evidence,32000,pos_00,arithmetic,high,5,0.0,0.0,0.0,0.0
gemma3:12b,no_evidence,32000,pos_00,arithmetic,low,5,0.0,0.0,0.0,0.0
gemma3:12b,no_evidence,32000,pos_00,arithmetic,none,5,0.0,0.0,0.0,0.0
gemma3:12b,no_evidence,32000,pos_00,comparison,conflicting,5,0.0,0.0,0.0,0.0
gemma3:12b,no_evidence,32000,pos_00,comparison,high,5,0.0,0.0,0.0,0.0
gemma3:12b,no_evidence,32000,pos_00,comparison,low,5,0.0,0.0,0.0,0.0
gemma3:12b,no_evidence,32000,pos_00,comparison,none,5,0.0,0.0,0.0,0.0
gemma3:12b,no_evidence,32000,pos_00,multi_hop,conflicting,5,0.0,0.0,0.0,0.0
gemma3:12b,no_evidence,32000,pos_00,multi_hop,high,5,0.0,0.0,0.0,0.0
gemma3:12b,no_evidence,32000,pos_00,multi_hop,low,5,0.0,0.0,0.0,0.0
gemma3:12b,no_evidence,32000,pos_00,multi_hop,none,5,0.0,0.0,0.0,0.0
gemma3:12b,no_evidence,32000,pos_00,single_hop,conflicting,5,0.2,0.0,0.0,0.0
gemma3:12b,no_evidence,32000,pos_00,single_hop,high,5,0.3,0.0,0.0,0.0
gemma3:12b,no_evidence,32000,pos_00,single_hop,low,5,0.4,0.0,0.0,0.0
gemma3:12b,no_evidence,32000,pos_00,single_hop,none,5,0.0,0.0,0.0,0.0
gemma3:12b,no_evidence,32000,pos_01,arithmetic,conflicting,5,0.0,0.0,0.0,0.0
gemma3:12b,no_evidence,32000,pos_01,arithmetic,high,5,0.0,0.0,0.0,0.0
gemma3:12b,no_evidence,32000,pos_01,arithmetic,low,5,0.0,0.0,0.0,0.0
gemma3:12b,no_evidence,32000,pos_01,arithmetic,none,5,0.0,0.0,0.0,0.0
gemma3:12b,no_evidence,32000,pos_01,comparison,conflicting,5,0.0,0.0,0.0,0.0
gemma3:12b,no_evidence,32000,pos_01,comparison,high,5,0.0,0.0,0.0,0.0
gemma3:12b,no_evidence,32000,pos_01,comparison,low,5,0.0,0.0,0.0,0.0
gemma3:12b,no_evidence,32000,pos_01,comparison,none,5,0.0,0.0,0.0,0.0
gemma3:12b,no_evidence,32000,pos_01,multi_hop,conflicting,5,0.0,0.0,0.0,0.0
gemma3:12b,no_evidence,32000,pos_01,multi_hop,high,5,0.0,0.0,0.0,0.0
gemma3:12b,no_evidence,32000,pos_01,multi_hop,low,5,0.0,0.0,0.0,0.0
gemma3:12b,no_evidence,32000,pos_01,multi_hop,none,5,0.0,0.0,0.0,0.0
gemma3:12b,no_evidence,32000,pos_01,single_hop,conflicting,5,0.5,0.0,0.0,0.0
gemma3:12b,no_evidence,32000,pos_01,single_hop,high,5,0.5,0.0,0.0,0.0
gemma3:12b,no_evidence,32000,pos_01,single_hop,low,5,0.2,0.0,0.0,0.0
gemma3:12b,no_evidence,32000,pos_01,single_hop,none,5,0.3,0.0,0.0,0.0
gemma3:12b,no_evidence,32000,pos_02,arithmetic,conflicting,5,0.0,0.0,0.0,0.0
gemma3:12b,no_evidence,32000,pos_02,arithmetic,high,5,0.0,0.0,0.0,0.0
gemma3:12b,no_evidence,32000,pos_02,arithmetic,low,5,0.0,0.0,0.0,0.0
gemma3:12b,no_evidence,32000,pos_02,arithmetic,none,5,0.0,0.0,0.0,0.0
gemma3:12b,no_evidence,32000,pos_02,comparison,conflicting,5,0.0,0.0,0.0,0.0
gemma3:12b,no_evidence,32000,pos_02,comparison,high,5,0.0,0.0,0.0,0.0
gemma3:12b,no_evidence,32000,pos_02,comparison,low,5,0.0,0.0,0.0,0.0
gemma3:12b,no_evidence,32000,pos_02,comparison,none,5,0.0,0.0,0.0,0.0
gemma3:12b,no_evidence,32000,pos_02,multi_hop,conflicting,5,0.0,0.0,0.0,0.0
gemma3:12b,no_evidence,32000,pos_02,multi_hop,high,5,0.0,0.0,0.0,0.0
gemma3:12b,no_evidence,32000,pos_02,multi_hop,low,5,0.0,0.0,0.0,0.0
gemma3:12b,no_evidence,32000,pos_02,multi_hop,none,5,0.0,0.0,0.0,0.0
gemma3:12b,no_evidence,32000,pos_02,single_hop,conflicting,5,0.0,0.0,0.0,0.0
gemma3:12b,no_evidence,32000,pos_02,single_hop,high,5,0.0,0.0,0.0,0.0
gemma3:12b,no_evidence,32000,pos_02,single_hop,low,5,0.5,0.0,0.0,0.0
gemma3:12b,no_evidence,32000,pos_02,single_hop,none,5,0.5,0.0,0.0,0.0
gemma3:12b,no_evidence,32000,pos_03,arithmetic,conflicting,5,0.0,0.0,0.0,0.0
gemma3:12b,no_evidence,32000,pos_03,arithmetic,high,5,0.0,0.0,0.0,0.0
gemma3:12b,no_evidence,32000,pos_03,arithmetic,low,5,0.0,0.0,0.0,0.0
gemma3:12b,no_evidence,32000,pos_03,arithmetic,none,5,0.0,0.0,0.0,0.0
gemma3:12b,no_evidence,32000,pos_03,comparison,conflicting,5,0.0,0.0,0.0,0.0
gemma3:12b,no_evidence,32000,pos_03,comparison,high,5,0.0,0.0,0.0,0.0
gemma3:12b,no_evidence,32000,pos_03,comparison,low,5,0.0,0.0,0.0,0.0
gemma3:12b,no_evidence,32000,pos_03,comparison,none,5,0.0,0.0,0.0,0.0
gemma3:12b,no_evidence,32000,pos_03,multi_hop,conflicting,5,0.0,0.0,0.0,0.0
gemma3:12b,no_evidence,32000,pos_03,multi_hop,high,5,0.0,0.0,0.0,0.0
gemma3:12b,no_evidence,32000,pos_03,multi_hop,low,5,0.0,0.0,0.0,0.0
gemma3:12b,no_evidence,32000,pos_03,multi_hop,none,5,0.0,0.0,0.0,0.0
gemma3:12b,no_evidence,32000,pos_03,single_hop,conflicting,5,0.5,0.0,0.0,0.0
gemma3:12b,no_evidence,32000,pos_03,single_hop,high,5,0.2,0.0,0.0,0.0
gemma3:12b,no_evidence,32000,pos_03,single_hop,low,5,0.0,0.0,0.0,0.0
gemma3:12b,no_evidence,32000,pos_03,single_hop,none,5,0.1,0.0,0.0,0.0
gemma3:12b,no_evidence,32000,pos_04,arithmetic,conflicting,5,0.0,0.0,0.0,0.0
gemma3:12b,no_evidence,32000,pos_04,arithmetic,high,5,0.0,0.0,0.0,0.0
gemma3:12b,no_evidence,32000,pos_04,arithmetic,low,5,0.0,0.0,0.0,0.0
gemma3:12b,no_evidence,32000,pos_04,arithmetic,none,5,0.0,0.0,0.0,0.0
gemma3:12b,no_evidence,32000,pos_04,comparison,conflicting,5,0.0,0.0,0.0,0.0
gemma3:12b,no_evidence,32000,pos_04,comparison,high,5,0.0,0.0,0.0,0.0
gemma3:12b,no_evidence,32000,pos_04,comparison,low,5,0.0,0.0,0.0,0.0
gemma3:12b,no_evidence,32000,pos_04,comparison,none,5,0.0,0.0,0.0,0.0
gemma3:12b,no_evidence,32000,pos_04,multi_hop,conflicting,5,0.0,0.0,0.0,0.0
gemma3:12b,no_evidence,32000,pos_04,multi_hop,high,5,0.0,0.0,0.0,0.0
gemma3:12b,no_evidence,32000,pos_04,multi_hop,low,5,0.0,0.0,0.0,0.0
gemma3:12b,no_evidence,32000,pos_04,multi_hop,none,5,0.0,0.0,0.0,0.0
gemma3:12b,no_evidence,32000,pos_04,single_hop,conflicting,5,0.5,0.0,0.0,0.0
gemma3:12b,no_evidence,32000,pos_04,single_hop,high,5,0.5,0.0,0.0,0.0
gemma3:12b,no_evidence,32000,pos_04,single_hop,low,5,0.5,0.0,0.0,0.0
gemma3:12b,no_evidence,32000,pos_04,single_hop,none,5,0.5,0.0,0.0,0.0
gemma3:12b,no_evidence,32000,pos_05,arithmetic,conflicting,5,0.0,0.0,0.0,0.0
gemma3:12b,no_evidence,32000,pos_05,arithmetic,high,5,0.0,0.0,0.0,0.0
gemma3:12b,no_evidence,32000,pos_05,arithmetic,low,5,0.0,0.0,0.0,0.0
gemma3:12b,no_evidence,32000,pos_05,arithmetic,none,5,0.0,0.0,0.0,0.0
gemma3:12b,no_evidence,32000,pos_05,comparison,conflicting,5,0.0,0.0,0.0,0.0
gemma3:12b,no_evidence,32000,pos_05,comparison,high,5,0.0,0.0,0.0,0.0
gemma3:12b,no_evidence,32000,pos_05,comparison,low,5,0.0,0.0,0.0,0.0
gemma3:12b,no_evidence,32000,pos_05,comparison,none,5,0.0,0.0,0.0,0.0
gemma3:12b,no_evidence,32000,pos_05,multi_hop,conflicting,5,0.0,0.0,0.0,0.0
gemma3:12b,no_evidence,32000,pos_05,multi_hop,high,5,0.0,0.0,0.0,0.0
gemma3:12b,no_evidence,32000,pos_05,multi_hop,low,5,0.0,0.0,0.0,0.0
gemma3:12b,no_evidence,32000,pos_05,multi_hop,none,5,0.0,0.0,0.0,0.0
gemma3:12b,no_evidence,32000,pos_05,single_hop,conflicting,5,0.3,0.0,0.0,0.0
gemma3:12b,no_evidence,32000,pos_05,single_hop,high,5,0.1,0.0,0.0,0.0
gemma3:12b,no_evidence,32000,pos_05,single_hop,low,5,0.0,0.0,0.0,0.0
gemma3:12b,no_evidence,32000,pos_05,single_hop,none,5,0.0,0.0,0.0,0.0
gemma3:12b,no_evidence,32000,pos_06,arithmetic,conflicting,5,0.0,0.0,0.0,0.0
gemma3:12b,no_evidence,32000,pos_06,arithmetic,high,5,0.0,0.0,0.0,0.0
gemma3:12b,no_evidence,32000,pos_06,arithmetic,low,5,0.0,0.0,0.0,0.0
gemma3:12b,no_evidence,32000,pos_06,arithmetic,none,5,0.0,0.0,0.0,0.0
gemma3:12b,no_evidence,32000,pos_06,comparison,conflicting,5,0.0,0.0,0.0,0.0
gemma3:12b,no_evidence,32000,pos_06,comparison,high,5,0.0,0.0,0.0,0.0
gemma3:12b,no_evidence,32000,pos_06,comparison,low,5,0.0,0.0,0.0,0.0
gemma3:12b,no_evidence,32000,pos_06,comparison,none,5,0.0,0.0,0.0,0.0
gemma3:12b,no_evidence,32000,pos_06,multi_hop,conflicting,5,0.0,0.0,0.0,0.0
gemma3:12b,no_evidence,32000,pos_06,multi_hop,high,5,0.0,0.0,0.0,0.0
gemma3:12b,no_evidence,32000,pos_06,multi_hop,low,5,0.0,0.0,0.0,0.0
gemma3:12b,no_evidence,32000,pos_06,multi_hop,none,5,0.0,0.0,0.0,0.0
gemma3:12b,no_evidence,32000,pos_06,single_hop,conflicting,5,0.5,0.0,0.0,0.0
gemma3:12b,no_evidence,32000,pos_06,single_hop,high,5,0.5,0.0,0.0,0.0
gemma3:12b,no_evidence,32000,pos_06,single_hop,low,5,0.4,0.0,0.0,0.0
gemma3:12b,no_evidence,32000,pos_06,single_hop,none,5,0.2,0.0,0.0,0.0
gemma3:12b,no_evidence,32000,pos_07,arithmetic,conflicting,5,0.0,0.0,0.0,0.0
gemma3:12b,no_evidence,32000,pos_07,arithmetic,high,5,0.0,0.0,0.0,0.0
gemma3:12b,no_evidence,32000,pos_07,arithmetic,low,5,0.0,0.0,0.0,0.0
gemma3:12b,no_evidence,32000,pos_07,arithmetic,none,5,0.0,0.0,0.0,0.0
gemma3:12b,no_evidence,32000,pos_07,comparison,conflicting,5,0.0,0.0,0.0,0.0
gemma3:12b,no_evidence,32000,pos_07,comparison,high,5,0.0,0.0,0.0,0.0
gemma3:12b,no_evidence,32000,pos_07,comparison,low,5,0.0,0.0,0.0,0.0
gemma3:12b,no_evidence,32000,pos_07,comparison,none,5,0.0,0.0,0.0,0.0
gemma3:12b,no_evidence,32000,pos_07,multi_hop,conflicting,5,0.0,0.0,0.0,0.0
gemma3:12b,no_evidence,32000,pos_07,multi_hop,high,5,0.0,0.0,0.0,0.0
gemma3:12b,no_evidence,32000,pos_07,multi_hop,low,5,0.0,0.0,0.0,0.0
gemma3:12b,no_evidence,32000,pos_07,multi_hop,none,5,0.0,0.0,0.0,0.0
gemma3:12b,no_evidence,32000,pos_07,single_hop,conflicting,5,0.0,0.0,0.0,0.0
gemma3:12b,no_evidence,32000,pos_07,single_hop,high,5,0.0,0.0,0.0,0.0
gemma3:12b,no_evidence,32000,pos_07,single_hop,low,5,0.5,0.0,0.0,0.0
gemma3:12b,no_evidence,32000,pos_07,single_hop,none,5,0.5,0.0,0.0,0.0
gemma3:12b,no_evidence,32000,pos_08,arithmetic,conflicting,5,0.0,0.0,0.0,0.0
gemma3:12b,no_evidence,32000,pos_08,arithmetic,high,5,0.0,0.0,0.0,0.0
gemma3:12b,no_evidence,32000,pos_08,arithmetic,low,5,0.0,0.0,0.0,0.0
gemma3:12b,no_evidence,32000,pos_08,arithmetic,none,5,0.0,0.0,0.0,0.0
gemma3:12b,no_evidence,32000,pos_08,comparison,conflicting,5,0.0,0.0,0.0,0.0
gemma3:12b,no_evidence,32000,pos_08,comparison,high,5,0.0,0.0,0.0,0.0
gemma3:12b,no_evidence,32000,pos_08,comparison,low,5,0.0,0.0,0.0,0.0
gemma3:12b,no_evidence,32000,pos_08,comparison,none,5,0.0,0.0,0.0,0.0
gemma3:12b,no_evidence,32000,pos_08,multi_hop,conflicting,5,0.0,0.0,0.0,0.0
gemma3:12b,no_evidence,32000,pos_08,multi_hop,high,5,0.0,0.0,0.0,0.0
gemma3:12b,no_evidence,32000,pos_08,multi_hop,low,5,0.0,0.0,0.0,0.0
gemma3:12b,no_evidence,32000,pos_08,multi_hop,none,5,0.0,0.0,0.0,0.0
gemma3:12b,no_evidence,32000,pos_08,single_hop,conflicting,5,0.0,0.0,0.0,0.0
gemma3:12b,no_evidence,32000,pos_08,single_hop,high,5,0.0,0.0,0.0,0.0
gemma3:12b,no_evidence,32000,pos_08,single_hop,low,5,0.0,0.0,0.0,0.0
gemma3:12b,no_evidence,32000,pos_08,single_hop,none,5,0.0,0.0,0.0,0.0
gemma3:12b,no_evidence,32000,pos_09,arithmetic,conflicting,5,0.0,0.0,0.0,0.0
gemma3:12b,no_evidence,32000,pos_09,arithmetic,high,5,0.0,0.0,0.0,0.0
gemma3:12b,no_evidence,32000,pos_09,arithmetic,low,5,0.0,0.0,0.0,0.0
gemma3:12b,no_evidence,32000,pos_09,arithmetic,none,5,0.0,0.0,0.0,0.0
gemma3:12b,no_evidence,32000,pos_09,comparison,conflicting,5,0.0,0.0,0.0,0.0
gemma3:12b,no_evidence,32000,pos_09,comparison,high,5,0.0,0.0,0.0,0.0
gemma3:12b,no_evidence,32000,pos_09,comparison,low,5,0.0,0.0,0.0,0.0
gemma3:12b,no_evidence,32000,pos_09,comparison,none,5,0.0,0.0,0.0,0.0
gemma3:12b,no_evidence,32000,pos_09,multi_hop,conflicting,5,0.0,0.0,0.0,0.0
gemma3:12b,no_evidence,32000,pos_09,multi_hop,high,5,0.0,0.0,0.0,0.0
gemma3:12b,no_evidence,32000,pos_09,multi_hop,low,5,0.0,0.0,0.0,0.0
gemma3:12b,no_evidence,32000,pos_09,multi_hop,none,5,0.0,0.0,0.0,0.0
gemma3:12b,no_evidence,32000,pos_09,single_hop,conflicting,5,0.0,0.0,0.0,0.0
gemma3:12b,no_evidence,32000,pos_09,single_hop,high,5,0.0,0.0,0.0,0.0
gemma3:12b,no_evidence,32000,pos_09,single_hop,low,5,0.0,0.0,0.0,0.0
gemma3:12b,no_evidence,32000,pos_09,single_hop,none,5,0.0,0.0,0.0,0.0
gemma3:12b,no_evidence,4000,pos_00,arithmetic,conflicting,5,0.0,0.0,0.0,0.0
gemma3:12b,no_evidence,4000,pos_00,arithmetic,high,5,0.0,0.0,0.0,0.0
gemma3:12b,no_evidence,4000,pos_00,arithmetic,low,5,0.0,0.0,0.0,0.0
gemma3:12b,no_evidence,4000,pos_00,arithmetic,none,5,0.0,0.0,0.0,0.0
gemma3:12b,no_evidence,4000,pos_00,comparison,conflicting,5,0.0,0.0,0.0,0.0
gemma3:12b,no_evidence,4000,pos_00,comparison,high,5,0.0,0.0,0.0,0.0
gemma3:12b,no_evidence,4000,pos_00,comparison,low,5,0.0,0.0,0.0,0.0
gemma3:12b,no_evidence,4000,pos_00,comparison,none,5,0.0,0.0,0.0,0.0
gemma3:12b,no_evidence,4000,pos_00,multi_hop,conflicting,5,0.0,0.0,0.0,0.0
gemma3:12b,no_evidence,4000,pos_00,multi_hop,high,5,0.0,0.0,0.0,0.0
gemma3:12b,no_evidence,4000,pos_00,multi_hop,low,5,0.0,0.0,0.0,0.0
gemma3:12b,no_evidence,4000,pos_00,multi_hop,none,5,0.0,0.0,0.0,0.0
gemma3:12b,no_evidence,4000,pos_00,single_hop,conflicting,5,0.0,0.0,0.0,0.0
gemma3:12b,no_evidence,4000,pos_00,single_hop,high,5,0.0,0.0,0.0,0.0
gemma3:12b,no_evidence,4000,pos_00,single_hop,low,5,0.0,0.0,0.0,0.0
gemma3:12b,no_evidence,4000,pos_00,single_hop,none,5,0.0,0.0,0.0,0.0
gemma3:12b,no_evidence,4000,pos_01,arithmetic,conflicting,5,0.0,0.0,0.0,0.0
gemma3:12b,no_evidence,4000,pos_01,arithmetic,high,5,0.0,0.0,0.0,0.0
gemma3:12b,no_evidence,4000,pos_01,arithmetic,low,5,0.0,0.0,0.0,0.0
gemma3:12b,no_evidence,4000,pos_01,arithmetic,none,5,0.0,0.0,0.0,0.0
gemma3:12b,no_evidence,4000,pos_01,comparison,conflicting,5,0.0,0.0,0.0,0.0
gemma3:12b,no_evidence,4000,pos_01,comparison,high,5,0.0,0.0,0.0,0.0
gemma3:12b,no_evidence,4000,pos_01,comparison,low,5,0.0,0.0,0.0,0.0
gemma3:12b,no_evidence,4000,pos_01,comparison,none,5,0.0,0.0,0.0,0.0
gemma3:12b,no_evidence,4000,pos_01,multi_hop,conflicting,5,0.0,0.0,0.0,0.0
gemma3:12b,no_evidence,4000,pos_01,multi_hop,high,5,0.0,0.0,0.0,0.0
gemma3:12b,no_evidence,4000,pos_01,multi_hop,low,5,0.0,0.0,0.0,0.0
gemma3:12b,no_evidence,4000,pos_01,multi_hop,none,5,0.0,0.0,0.0,0.0
gemma3:12b,no_evidence,4000,pos_01,single_hop,conflicting,5,0.0,0.0,0.0,0.0
gemma3:12b,no_evidence,4000,pos_01,single_hop,high,5,0.0,0.0,0.0,0.0
gemma3:12b,no_evidence,4000,pos_01,single_hop,low,5,0.0,0.0,0.0,0.0
gemma3:12b,no_evidence,4000,pos_01,single_hop,none,5,0.0,0.0,0.0,0.0
gemma3:12b,no_evidence,4000,pos_02,arithmetic,conflicting,5,0.0,0.0,0.0,0.0
gemma3:12b,no_evidence,4000,pos_02,arithmetic,high,5,0.0,0.0,0.0,0.0
gemma3:12b,no_evidence,4000,pos_02,arithmetic,low,5,0.0,0.0,0.0,0.0
gemma3:12b,no_evidence,4000,pos_02,arithmetic,none,5,0.0,0.0,0.0,0.0
gemma3:12b,no_evidence,4000,pos_02,comparison,conflicting,5,0.0,0.0,0.0,0.0
gemma3:12b,no_evidence,4000,pos_02,comparison,high,5,0.0,0.0,0.0,0.0
gemma3:12b,no_evidence,4000,pos_02,comparison,low,5,0.0,0.0,0.0,0.0
gemma3:12b,no_evidence,4000,pos_02,comparison,none,5,0.0,0.0,0.0,0.0
gemma3:12b,no_evidence,4000,pos_02,multi_hop,conflicting,5,0.0,0.0,0.0,0.0
gemma3:12b,no_evidence,4000,pos_02,multi_hop,high,5,0.0,0.0,0.0,0.0
gemma3:12b,no_evidence,4000,pos_02,multi_hop,low,5,0.0,0.0,0.0,0.0
gemma3:12b,no_evidence,4000,pos_02,multi_hop,none,5,0.0,0.0,0.0,0.0
gemma3:12b,no_evidence,4000,pos_02,single_hop,conflicting,5,0.0,0.0,0.0,0.0
gemma3:12b,no_evidence,4000,pos_02,single_hop,high,5,0.0,0.0,0.0,0.0
gemma3:12b,no_evidence,4000,pos_02,single_hop,low,5,0.0,0.0,0.0,0.0
gemma3:12b,no_evidence,4000,pos_02,single_hop,none,5,0.0,0.0,0.0,0.0
gemma3:12b,no_evidence,4000,pos_03,arithmetic,conflicting,5,0.0,0.0,0.0,0.0
gemma3:12b,no_evidence,4000,pos_03,arithmetic,high,5,0.0,0.0,0.0,0.0
gemma3:12b,no_evidence,4000,pos_03,arithmetic,low,5,0.0,0.0,0.0,0.0
gemma3:12b,no_evidence,4000,pos_03,arithmetic,none,5,0.0,0.0,0.0,0.0
gemma3:12b,no_evidence,4000,pos_03,comparison,conflicting,5,0.0,0.0,0.0,0.0
gemma3:12b,no_evidence,4000,pos_03,comparison,high,5,0.0,0.0,0.0,0.0
gemma3:12b,no_evidence,4000,pos_03,comparison,low,5,0.0,0.0,0.0,0.0
gemma3:12b,no_evidence,4000,pos_03,comparison,none,5,0.0,0.0,0.0,0.0
gemma3:12b,no_evidence,4000,pos_03,multi_hop,conflicting,5,0.0,0.0,0.0,0.0
gemma3:12b,no_evidence,4000,pos_03,multi_hop,high,5,0.0,0.0,0.0,0.0
gemma3:12b,no_evidence,4000,pos_03,multi_hop,low,5,0.0,0.0,0.0,0.0
gemma3:12b,no_evidence,4000,pos_03,multi_hop,none,5,0.0,0.0,0.0,0.0
gemma3:12b,no_evidence,4000,pos_03,single_hop,conflicting,5,0.0,0.0,0.0,0.0
gemma3:12b,no_evidence,4000,pos_03,single_hop,high,5,0.0,0.0,0.0,0.0
gemma3:12b,no_evidence,4000,pos_03,single_hop,low,5,0.0,0.0,0.0,0.0
gemma3:12b,no_evidence,4000,pos_03,single_hop,none,5,0.0,0.0,0.0,0.0
gemma3:12b,no_evidence,4000,pos_04,arithmetic,conflicting,5,0.0,0.0,0.0,0.0
gemma3:12b,no_evidence,4000,pos_04,arithmetic,high,5,0.0,0.0,0.0,0.0
gemma3:12b,no_evidence,4000,pos_04,arithmetic,low,5,0.0,0.0,0.0,0.0
gemma3:12b,no_evidence,4000,pos_04,arithmetic,none,5,0.0,0.0,0.0,0.0
gemma3:12b,no_evidence,4000,pos_04,comparison,conflicting,5,0.0,0.0,0.0,0.0
gemma3:12b,no_evidence,4000,pos_04,comparison,high,5,0.0,0.0,0.0,0.0
gemma3:12b,no_evidence,4000,pos_04,comparison,low,5,0.0,0.0,0.0,0.0
gemma3:12b,no_evidence,4000,pos_04,comparison,none,5,0.0,0.0,0.0,0.0
gemma3:12b,no_evidence,4000,pos_04,multi_hop,conflicting,5,0.0,0.0,0.0,0.0
gemma3:12b,no_evidence,4000,pos_04,multi_hop,high,5,0.0,0.0,0.0,0.0
gemma3:12b,no_evidence,4000,pos_04,multi_hop,low,5,0.0,0.0,0.0,0.0
gemma3:12b,no_evidence,4000,pos_04,multi_hop,none,5,0.0,0.0,0.0,0.0
gemma3:12b,no_evidence,4000,pos_04,single_hop,conflicting,5,0.0,0.0,0.0,0.0
gemma3:12b,no_evidence,4000,pos_04,single_hop,high,5,0.0,0.0,0.0,0.0
gemma3:12b,no_evidence,4000,pos_04,single_hop,low,5,0.0,0.0,0.0,0.0
gemma3:12b,no_evidence,4000,pos_04,single_hop,none,5,0.0,0.0,0.0,0.0
gemma3:12b,no_evidence,4000,pos_05,arithmetic,conflicting,5,0.0,0.0,0.0,0.0
gemma3:12b,no_evidence,4000,pos_05,arithmetic,high,5,0.0,0.0,0.0,0.0
gemma3:12b,no_evidence,4000,pos_05,arithmetic,low,5,0.0,0.0,0.0,0.0
gemma3:12b,no_evidence,4000,pos_05,arithmetic,none,5,0.0,0.0,0.0,0.0
gemma3:12b,no_evidence,4000,pos_05,comparison,conflicting,5,0.0,0.0,0.0,0.0
gemma3:12b,no_evidence,4000,pos_05,comparison,high,5,0.0,0.0,0.0,0.0
gemma3:12b,no_evidence,4000,pos_05,comparison,low,5,0.0,0.0,0.0,0.0
gemma3:12b,no_evidence,4000,pos_05,comparison,none,5,0.0,0.0,0.0,0.0
gemma3:12b,no_evidence,4000,pos_05,multi_hop,conflicting,5,0.0,0.0,0.0,0.0
gemma3:12b,no_evidence,4000,pos_05,multi_hop,high,5,0.0,0.0,0.0,0.0
gemma3:12b,no_evidence,4000,pos_05,multi_hop,low,5,0.0,0.0,0.0,0.0
gemma3:12b,no_evidence,4000,pos_05,multi_hop,none,5,0.0,0.0,0.0,0.0
gemma3:12b,no_evidence,4000,pos_05,single_hop,conflicting,5,0.0,0.0,0.0,0.0
gemma3:12b,no_evidence,4000,pos_05,single_hop,high,5,0.0,0.0,0.0,0.0
gemma3:12b,no_evidence,4000,pos_05,single_hop,low,5,0.0,0.0,0.0,0.0
gemma3:12b,no_evidence,4000,pos_05,single_hop,none,5,0.0,0.0,0.0,0.0
gemma3:12b,no_evidence,4000,pos_06,arithmetic,conflicting,5,0.0,0.0,0.0,0.0
gemma3:12b,no_evidence,4000,pos_06,arithmetic,high,5,0.0,0.0,0.0,0.0
gemma3:12b,no_evidence,4000,pos_06,arithmetic,low,5,0.0,0.0,0.0,0.0
gemma3:12b,no_evidence,4000,pos_06,arithmetic,none,5,0.0,0.0,0.0,0.0
gemma3:12b,no_evidence,4000,pos_06,comparison,conflicting,5,0.0,0.0,0.0,0.0
gemma3:12b,no_evidence,4000,pos_06,comparison,high,5,0.0,0.0,0.0,0.0
gemma3:12b,no_evidence,4000,pos_06,comparison,low,5,0.0,0.0,0.0,0.0
gemma3:12b,no_evidence,4000,pos_06,comparison,none,5,0.0,0.0,0.0,0.0
gemma3:12b,no_evidence,4000,pos_06,multi_hop,conflicting,5,0.0,0.0,0.0,0.0
gemma3:12b,no_evidence,4000,pos_06,multi_hop,high,5,0.0,0.0,0.0,0.0
gemma3:12b,no_evidence,4000,pos_06,multi_hop,low,5,0.0,0.0,0.0,0.0
gemma3:12b,no_evidence,4000,pos_06,multi_hop,none,5,0.0,0.0,0.0,0.0
gemma3:12b,no_evidence,4000,pos_06,single_hop,conflicting,5,0.0,0.0,0.0,0.0
gemma3:12b,no_evidence,4000,pos_06,single_hop,high,5,0.0,0.0,0.0,0.0
gemma3:12b,no_evidence,4000,pos_06,single_hop,low,5,0.0,0.0,0.0,0.0
gemma3:12b,no_evidence,4000,pos_06,single_hop,none,5,0.0,0.0,0.0,0.0
gemma3:12b,no_evidence,4000,pos_07,arithmetic,conflicting,5,0.0,0.0,0.0,0.0
gemma3:12b,no_evidence,4000,pos_07,arithmetic,high,5,0.0,0.0,0.0,0.0
gemma3:12b,no_evidence,4000,pos_07,arithmetic,low,5,0.0,0.0,0.0,0.0
gemma3:12b,no_evidence,4000,pos_07,arithmetic,none,5,0.0,0.0,0.0,0.0
gemma3:12b,no_evidence,4000,pos_07,comparison,conflicting,5,0.0,0.0,0.0,0.0
gemma3:12b,no_evidence,4000,pos_07,comparison,high,5,0.0,0.0,0.0,0.0
gemma3:12b,no_evidence,4000,pos_07,comparison,low,5,0.0,0.0,0.0,0.0
gemma3:12b,no_evidence,4000,pos_07,comparison,none,5,0.0,0.0,0.0,0.0
gemma3:12b,no_evidence,4000,pos_07,multi_hop,conflicting,5,0.0,0.0,0.0,0.0
gemma3:12b,no_evidence,4000,pos_07,multi_hop,high,5,0.0,0.0,0.0,0.0
gemma3:12b,no_evidence,4000,pos_07,multi_hop,low,5,0.0,0.0,0.0,0.0
gemma3:12b,no_evidence,4000,pos_07,multi_hop,none,5,0.0,0.0,0.0,0.0
gemma3:12b,no_evidence,4000,pos_07,single_hop,conflicting,5,0.0,0.0,0.0,0.0
gemma3:12b,no_evidence,4000,pos_07,single_hop,high,5,0.0,0.0,0.0,0.0
gemma3:12b,no_evidence,4000,pos_07,single_hop,low,5,0.0,0.0,0.0,0.0
gemma3:12b,no_evidence,4000,pos_07,single_hop,none,5,0.0,0.0,0.0,0.0
gemma3:12b,no_evidence,4000,pos_08,arithmetic,conflicting,5,0.0,0.0,0.0,0.0
gemma3:12b,no_evidence,4000,pos_08,arithmetic,high,5,0.0,0.0,0.0,0.0
gemma3:12b,no_evidence,4000,pos_08,arithmetic,low,5,0.0,0.0,0.0,0.0
gemma3:12b,no_evidence,4000,pos_08,arithmetic,none,5,0.0,0.0,0.0,0.0
gemma3:12b,no_evidence,4000,pos_08,comparison,conflicting,5,0.0,0.0,0.0,0.0
gemma3:12b,no_evidence,4000,pos_08,comparison,high,5,0.0,0.0,0.0,0.0
gemma3:12b,no_evidence,4000,pos_08,comparison,low,5,0.0,0.0,0.0,0.0
gemma3:12b,no_evidence,4000,pos_08,comparison,none,5,0.0,0.0,0.0,0.0
gemma3:12b,no_evidence,4000,pos_08,multi_hop,conflicting,5,0.0,0.0,0.0,0.0
gemma3:12b,no_evidence,4000,pos_08,multi_hop,high,5,0.0,0.0,0.0,0.0
gemma3:12b,no_evidence,4000,pos_08,multi_hop,low,5,0.0,0.0,0.0,0.0
gemma3:12b,no_evidence,4000,pos_08,multi_hop,none,5,0.0,0.0,0.0,0.0
gemma3:12b,no_evidence,4000,pos_08,single_hop,conflicting,5,0.0,0.0,0.0,0.0
gemma3:12b,no_evidence,4000,pos_08,single_hop,high,5,0.0,0.0,0.0,0.0
gemma3:12b,no_evidence,4000,pos_08,single_hop,low,5,0.0,0.0,0.0,0.0
gemma3:12b,no_evidence,4000,pos_08,single_hop,none,5,0.0,0.0,0.0,0.0
gemma3:12b,no_evidence,4000,pos_09,arithmetic,conflicting,5,0.0,0.0,0.0,0.0
gemma3:12b,no_evidence,4000,pos_09,arithmetic,high,5,0.0,0.0,0.0,0.0
gemma3:12b,no_evidence,4000,pos_09,arithmetic,low,5,0.0,0.0,0.0,0.0
gemma3:12b,no_evidence,4000,pos_09,arithmetic,none,5,0.0,0.0,0.0,0.0
gemma3:12b,no_evidence,4000,pos_09,comparison,conflicting,5,0.0,0.0,0.0,0.0
gemma3:12b,no_evidence,4000,pos_09,comparison,high,5,0.0,0.0,0.0,0.0
gemma3:12b,no_evidence,4000,pos_09,comparison,low,5,0.0,0.0,0.0,0.0
gemma3:12b,no_evidence,4000,pos_09,comparison,none,5,0.0,0.0,0.0,0.0
gemma3:12b,no_evidence,4000,pos_09,multi_hop,conflicting,5,0.0,0.0,0.0,0.0
gemma3:12b,no_evidence,4000,pos_09,multi_hop,high,5,0.0,0.0,0.0,0.0
gemma3:12b,no_evidence,4000,pos_09,multi_hop,low,5,0.0,0.0,0.0,0.0
gemma3:12b,no_evidence,4000,pos_09,multi_hop,none,5,0.0,0.0,0.0,0.0
gemma3:12b,no_evidence,4000,pos_09,single_hop,conflicting,5,0.0,0.0,0.0,0.0
gemma3:12b,no_evidence,4000,pos_09,single_hop,high,5,0.0,0.0,0.0,0.0
gemma3:12b,no_evidence,4000,pos_09,single_hop,low,5,0.0,0.0,0.0,0.0
gemma3:12b,no_evidence,4000,pos_09,single_hop,none,5,0.0,0.0,0.0,0.0
gemma3:12b,no_evidence,8000,pos_00,arithmetic,conflicting,5,0.0,0.0,0.0,0.0
gemma3:12b,no_evidence,8000,pos_00,arithmetic,high,5,0.0,0.0,0.0,0.0
gemma3:12b,no_evidence,8000,pos_00,arithmetic,low,5,0.0,0.0,0.0,0.0
gemma3:12b,no_evidence,8000,pos_00,arithmetic,none,5,0.0,0.0,0.0,0.0
gemma3:12b,no_evidence,8000,pos_00,comparison,conflicting,5,0.0,0.0,0.0,0.0
gemma3:12b,no_evidence,8000,pos_00,comparison,high,5,0.0,0.0,0.0,0.0
gemma3:12b,no_evidence,8000,pos_00,comparison,low,5,0.0,0.0,0.0,0.0
gemma3:12b,no_evidence,8000,pos_00,comparison,none,5,0.0,0.0,0.0,0.0
gemma3:12b,no_evidence,8000,pos_00,multi_hop,conflicting,5,0.0,0.0,0.0,0.0
gemma3:12b,no_evidence,8000,pos_00,multi_hop,high,5,0.0,0.0,0.0,0.0
gemma3:12b,no_evidence,8000,pos_00,multi_hop,low,5,0.0,0.0,0.0,0.0
gemma3:12b,no_evidence,8000,pos_00,multi_hop,none,5,0.0,0.0,0.0,0.0
gemma3:12b,no_evidence,8000,pos_00,single_hop,conflicting,5,0.0,0.0,0.0,0.0
gemma3:12b,no_evidence,8000,pos_00,single_hop,high,5,0.0,0.0,0.0,0.0
gemma3:12b,no_evidence,8000,pos_00,single_hop,low,5,0.0,0.0,0.0,0.0
gemma3:12b,no_evidence,8000,pos_00,single_hop,none,5,0.0,0.0,0.0,0.0
gemma3:12b,no_evidence,8000,pos_01,arithmetic,conflicting,5,0.0,0.0,0.0,0.0
gemma3:12b,no_evidence,8000,pos_01,arithmetic,high,5,0.0,0.0,0.0,0.0
gemma3:12b,no_evidence,8000,pos_01,arithmetic,low,5,0.0,0.0,0.0,0.0
gemma3:12b,no_evidence,8000,pos_01,arithmetic,none,5,0.0,0.0,0.0,0.0
gemma3:12b,no_evidence,8000,pos_01,comparison,conflicting,5,0.0,0.0,0.0,0.0
gemma3:12b,no_evidence,8000,pos_01,comparison,high,5,0.0,0.0,0.0,0.0
gemma3:12b,no_evidence,8000,pos_01,comparison,low,5,0.0,0.0,0.0,0.0
gemma3:12b,no_evidence,8000,pos_01,comparison,none,5,0.0,0.0,0.0,0.0
gemma3:12b,no_evidence,8000,pos_01,multi_hop,conflicting,5,0.0,0.0,0.0,0.0
gemma3:12b,no_evidence,8000,pos_01,multi_hop,high,5,0.0,0.0,0.0,0.0
gemma3:12b,no_evidence,8000,pos_01,multi_hop,low,5,0.0,0.0,0.0,0.0
gemma3:12b,no_evidence,8000,pos_01,multi_hop,none,5,0.0,0.0,0.0,0.0
gemma3:12b,no_evidence,8000,pos_01,single_hop,conflicting,5,0.0,0.0,0.0,0.0
gemma3:12b,no_evidence,8000,pos_01,single_hop,high,5,0.0,0.0,0.0,0.0
gemma3:12b,no_evidence,8000,pos_01,single_hop,low,5,0.0,0.0,0.0,0.0
gemma3:12b,no_evidence,8000,pos_01,single_hop,none,5,0.0,0.0,0.0,0.0
gemma3:12b,no_evidence,8000,pos_02,arithmetic,conflicting,5,0.0,0.0,0.0,0.0
gemma3:12b,no_evidence,8000,pos_02,arithmetic,high,5,0.0,0.0,0.0,0.0
gemma3:12b,no_evidence,8000,pos_02,arithmetic,low,5,0.0,0.0,0.0,0.0
gemma3:12b,no_evidence,8000,pos_02,arithmetic,none,5,0.0,0.0,0.0,0.0
gemma3:12b,no_evidence,8000,pos_02,comparison,conflicting,5,0.0,0.0,0.0,0.0
gemma3:12b,no_evidence,8000,pos_02,comparison,high,5,0.0,0.0,0.0,0.0
gemma3:12b,no_evidence,8000,pos_02,comparison,low,5,0.0,0.0,0.0,0.0
gemma3:12b,no_evidence,8000,pos_02,comparison,none,5,0.0,0.0,0.0,0.0
gemma3:12b,no_evidence,8000,pos_02,multi_hop,conflicting,5,0.0,0.0,0.0,0.0
gemma3:12b,no_evidence,8000,pos_02,multi_hop,high,5,0.0,0.0,0.0,0.0
gemma3:12b,no_evidence,8000,pos_02,multi_hop,low,5,0.0,0.0,0.0,0.0
gemma3:12b,no_evidence,8000,pos_02,multi_hop,none,5,0.0,0.0,0.0,0.0
gemma3:12b,no_evidence,8000,pos_02,single_hop,conflicting,5,0.0,0.0,0.0,0.0
gemma3:12b,no_evidence,8000,pos_02,single_hop,high,5,0.0,0.0,0.0,0.0
gemma3:12b,no_evidence,8000,pos_02,single_hop,low,5,0.0,0.0,0.0,0.0
gemma3:12b,no_evidence,8000,pos_02,single_hop,none,5,0.1,0.0,0.0,0.0
gemma3:12b,no_evidence,8000,pos_03,arithmetic,conflicting,5,0.0,0.0,0.0,0.0
gemma3:12b,no_evidence,8000,pos_03,arithmetic,high,5,0.0,0.0,0.0,0.0
gemma3:12b,no_evidence,8000,pos_03,arithmetic,low,5,0.0,0.0,0.0,0.0
gemma3:12b,no_evidence,8000,pos_03,arithmetic,none,5,0.0,0.0,0.0,0.0
gemma3:12b,no_evidence,8000,pos_03,comparison,conflicting,5,0.0,0.0,0.0,0.0
gemma3:12b,no_evidence,8000,pos_03,comparison,high,5,0.0,0.0,0.0,0.0
gemma3:12b,no_evidence,8000,pos_03,comparison,low,5,0.0,0.0,0.0,0.0
gemma3:12b,no_evidence,8000,pos_03,comparison,none,5,0.0,0.0,0.0,0.0
gemma3:12b,no_evidence,8000,pos_03,multi_hop,conflicting,5,0.0,0.0,0.0,0.0
gemma3:12b,no_evidence,8000,pos_03,multi_hop,high,5,0.0,0.0,0.0,0.0
gemma3:12b,no_evidence,8000,pos_03,multi_hop,low,5,0.0,0.0,0.0,0.0
gemma3:12b,no_evidence,8000,pos_03,multi_hop,none,5,0.0,0.0,0.0,0.0
gemma3:12b,no_evidence,8000,pos_03,single_hop,conflicting,5,0.0,0.0,0.0,0.0
gemma3:12b,no_evidence,8000,pos_03,single_hop,high,5,0.0,0.0,0.0,0.0
gemma3:12b,no_evidence,8000,pos_03,single_hop,low,5,0.0,0.0,0.0,0.0
gemma3:12b,no_evidence,8000,pos_03,single_hop,none,5,0.0,0.0,0.0,0.0
gemma3:12b,no_evidence,8000,pos_04,arithmetic,conflicting,5,0.0,0.0,0.0,0.0
gemma3:12b,no_evidence,8000,pos_04,arithmetic,high,5,0.0,0.0,0.0,0.0
gemma3:12b,no_evidence,8000,pos_04,arithmetic,low,5,0.0,0.0,0.0,0.0
gemma3:12b,no_evidence,8000,pos_04,arithmetic,none,5,0.0,0.0,0.0,0.0
gemma3:12b,no_evidence,8000,pos_04,comparison,conflicting,5,0.0,0.0,0.0,0.0
gemma3:12b,no_evidence,8000,pos_04,comparison,high,5,0.0,0.0,0.0,0.0
gemma3:12b,no_evidence,8000,pos_04,comparison,low,5,0.0,0.0,0.0,0.0
gemma3:12b,no_evidence,8000,pos_04,comparison,none,5,0.0,0.0,0.0,0.0
gemma3:12b,no_evidence,8000,pos_04,multi_hop,conflicting,5,0.0,0.0,0.0,0.0
gemma3:12b,no_evidence,8000,pos_04,multi_hop,high,5,0.0,0.0,0.0,0.0
gemma3:12b,no_evidence,8000,pos_04,multi_hop,low,5,0.0,0.0,0.0,0.0
gemma3:12b,no_evidence,8000,pos_04,multi_hop,none,5,0.0,0.0,0.0,0.0
gemma3:12b,no_evidence,8000,pos_04,single_hop,conflicting,5,0.0,0.0,0.0,0.0
gemma3:12b,no_evidence,8000,pos_04,single_hop,high,5,0.0,0.0,0.0,0.0
gemma3:12b,no_evidence,8000,pos_04,single_hop,low,5,0.0,0.0,0.0,0.0
gemma3:12b,no_evidence,8000,pos_04,single_hop,none,5,0.0,0.0,0.0,0.0
gemma3:12b,no_evidence,8000,pos_05,arithmetic,conflicting,5,0.0,0.0,0.0,0.0
gemma3:12b,no_evidence,8000,pos_05,arithmetic,high,5,0.0,0.0,0.0,0.0
gemma3:12b,no_evidence,8000,pos_05,arithmetic,low,5,0.0,0.0,0.0,0.0
gemma3:12b,no_evidence,8000,pos_05,arithmetic,none,5,0.0,0.0,0.0,0.0
gemma3:12b,no_evidence,8000,pos_05,comparison,conflicting,5,0.0,0.0,0.0,0.0
gemma3:12b,no_evidence,8000,pos_05,comparison,high,5,0.0,0.0,0.0,0.0
gemma3:12b,no_evidence,8000,pos_05,comparison,low,5,0.0,0.0,0.0,0.0
gemma3:12b,no_evidence,8000,pos_05,comparison,none,5,0.0,0.0,0.0,0.0
gemma3:12b,no_evidence,8000,pos_05,multi_hop,conflicting,5,0.0,0.0,0.0,0.0
gemma3:12b,no_evidence,8000,pos_05,multi_hop,high,5,0.0,0.0,0.0,0.0
gemma3:12b,no_evidence,8000,pos_05,multi_hop,low,5,0.0,0.0,0.0,0.0
gemma3:12b,no_evidence,8000,pos_05,multi_hop,none,5,0.0,0.0,0.0,0.0
gemma3:12b,no_evidence,8000,pos_05,single_hop,conflicting,5,0.0,0.0,0.0,0.0
gemma3:12b,no_evidence,8000,pos_05,single_hop,high,5,0.0,0.0,0.0,0.0
gemma3:12b,no_evidence,8000,pos_05,single_hop,low,5,0.0,0.0,0.0,0.0
gemma3:12b,no_evidence,8000,pos_05,single_hop,none,5,0.0,0.0,0.0,0.0
gemma3:12b,no_evidence,8000,pos_06,arithmetic,conflicting,5,0.0,0.0,0.0,0.0
gemma3:12b,no_evidence,8000,pos_06,arithmetic,high,5,0.0,0.0,0.0,0.0
gemma3:12b,no_evidence,8000,pos_06,arithmetic,low,5,0.0,0.0,0.0,0.0
gemma3:12b,no_evidence,8000,pos_06,arithmetic,none,5,0.0,0.0,0.0,0.0
gemma3:12b,no_evidence,8000,pos_06,comparison,conflicting,5,0.0,0.0,0.0,0.0
gemma3:12b,no_evidence,8000,pos_06,comparison,high,5,0.0,0.0,0.0,0.0
gemma3:12b,no_evidence,8000,pos_06,comparison,low,5,0.0,0.0,0.0,0.0
gemma3:12b,no_evidence,8000,pos_06,comparison,none,5,0.0,0.0,0.0,0.0
gemma3:12b,no_evidence,8000,pos_06,multi_hop,conflicting,5,0.0,0.0,0.0,0.0
gemma3:12b,no_evidence,8000,pos_06,multi_hop,high,5,0.0,0.0,0.0,0.0
gemma3:12b,no_evidence,8000,pos_06,multi_hop,low,5,0.0,0.0,0.0,0.0
gemma3:12b,no_evidence,8000,pos_06,multi_hop,none,5,0.0,0.0,0.0,0.0
gemma3:12b,no_evidence,8000,pos_06,single_hop,conflicting,5,0.0,0.0,0.0,0.0
gemma3:12b,no_evidence,8000,pos_06,single_hop,high,5,0.1,0.0,0.0,0.0
gemma3:12b,no_evidence,8000,pos_06,single_hop,low,5,0.0,0.0,0.0,0.0
gemma3:12b,no_evidence,8000,pos_06,single_hop,none,5,0.0,0.0,0.0,0.0
gemma3:12b,no_evidence,8000,pos_07,arithmetic,conflicting,5,0.0,0.0,0.0,0.0
gemma3:12b,no_evidence,8000,pos_07,arithmetic,high,5,0.0,0.0,0.0,0.0
gemma3:12b,no_evidence,8000,pos_07,arithmetic,low,5,0.0,0.0,0.0,0.0
gemma3:12b,no_evidence,8000,pos_07,arithmetic,none,5,0.0,0.0,0.0,0.0
gemma3:12b,no_evidence,8000,pos_07,comparison,conflicting,5,0.0,0.0,0.0,0.0
gemma3:12b,no_evidence,8000,pos_07,comparison,high,5,0.0,0.0,0.0,0.0
gemma3:12b,no_evidence,8000,pos_07,comparison,low,5,0.0,0.0,0.0,0.0
gemma3:12b,no_evidence,8000,pos_07,comparison,none,5,0.0,0.0,0.0,0.0
gemma3:12b,no_evidence,8000,pos_07,multi_hop,conflicting,5,0.0,0.0,0.0,0.0
gemma3:12b,no_evidence,8000,pos_07,multi_hop,high,5,0.0,0.0,0.0,0.0
gemma3:12b,no_evidence,8000,pos_07,multi_hop,low,5,0.0,0.0,0.0,0.0
gemma3:12b,no_evidence,8000,pos_07,multi_hop,none,5,0.0,0.0,0.0,0.0
gemma3:12b,no_evidence,8000,pos_07,single_hop,conflicting,5,0.0,0.0,0.0,0.0
gemma3:12b,no_evidence,8000,pos_07,single_hop,high,5,0.0,0.0,0.0,0.0
gemma3:12b,no_evidence,8000,pos_07,single_hop,low,5,0.0,0.0,0.0,0.0
gemma3:12b,no_evidence,8000,pos_07,single_hop,none,5,0.0,0.0,0.0,0.0
gemma3:12b,no_evidence,8000,pos_08,arithmetic,conflicting,5,0.0,0.0,0.0,0.0
gemma3:12b,no_evidence,8000,pos_08,arithmetic,high,5,0.0,0.0,0.0,0.0
gemma3:12b,no_evidence,8000,pos_08,arithmetic,low,5,0.0,0.0,0.0,0.0
gemma3:12b,no_evidence,8000,pos_08,arithmetic,none,5,0.0,0.0,0.0,0.0
gemma3:12b,no_evidence,8000,pos_08,comparison,conflicting,5,0.0,0.0,0.0,0.0
gemma3:12b,no_evidence,8000,pos_08,comparison,high,5,0.0,0.0,0.0,0.0
gemma3:12b,no_evidence,8000,pos_08,comparison,low,5,0.0,0.0,0.0,0.0
gemma3:12b,no_evidence,8000,pos_08,comparison,none,5,0.0,0.0,0.0,0.0
gemma3:12b,no_evidence,8000,pos_08,multi_hop,conflicting,5,0.0,0.0,0.0,0.0
gemma3:12b,no_evidence,8000,pos_08,multi_hop,high,5,0.0,0.0,0.0,0.0
gemma3:12b,no_evidence,8000,pos_08,multi_hop,low,5,0.0,0.0,0.0,0.0
gemma3:12b,no_evidence,8000,pos_08,multi_hop,none,5,0.0,0.0,0.0,0.0
gemma3:12b,no_evidence,8000,pos_08,single_hop,conflicting,5,0.0,0.0,0.0,0.0
gemma3:12b,no_evidence,8000,pos_08,single_hop,high,5,0.0,0.0,0.0,0.0
gemma3:12b,no_evidence,8000,pos_08,single_hop,low,5,0.0,0.0,0.0,0.0
gemma3:12b,no_evidence,8000,pos_08,single_hop,none,5,0.0,0.0,0.0,0.0
gemma3:12b,no_evidence,8000,pos_09,arithmetic,conflicting,5,0.0,0.0,0.0,0.0
gemma3:12b,no_evidence,8000,pos_09,arithmetic,high,5,0.0,0.0,0.0,0.0
gemma3:12b,no_evidence,8000,pos_09,arithmetic,low,5,0.0,0.0,0.0,0.0
gemma3:12b,no_evidence,8000,pos_09,arithmetic,none,5,0.0,0.0,0.0,0.0
gemma3:12b,no_evidence,8000,pos_09,comparison,conflicting,5,0.0,0.0,0.0,0.0
gemma3:12b,no_evidence,8000,pos_09,comparison,high,5,0.0,0.0,0.0,0.0
gemma3:12b,no_evidence,8000,pos_09,comparison,low,5,0.0,0.0,0.0,0.0
gemma3:12b,no_evidence,8000,pos_09,comparison,none,5,0.0,0.0,0.0,0.0
gemma3:12b,no_evidence,8000,pos_09,multi_hop,conflicting,5,0.0,0.0,0.0,0.0
gemma3:12b,no_evidence,8000,pos_09,multi_hop,high,5,0.0,0.0,0.0,0.0
gemma3:12b,no_evidence,8000,pos_09,multi_hop,low,5,0.0,0.0,0.0,0.0
gemma3:12b,no_evidence,8000,pos_09,multi_hop,none,5,0.0,0.0,0.0,0.0
gemma3:12b,no_evidence,8000,pos_09,single_hop,conflicting,5,0.0,0.0,0.0,0.0
gemma3:12b,no_evidence,8000,pos_09,single_hop,high,5,0.1,0.0,0.0,0.0
gemma3:12b,no_evidence,8000,pos_09,single_hop,low,5,0.1,0.0,0.0,0.0
gemma3:12b,no_evidence,8000,pos_09,single_hop,none,5,0.0,0.0,0.0,0.0
gemma3:12b,oracle,16000,pos_00,arithmetic,conflicting,5,1.0,1.0,1.0,0.0
gemma3:12b,oracle,16000,pos_00,arithmetic,high,5,1.0,1.0,1.0,0.0
gemma3:12b,oracle,16000,pos_00,arithmetic,low,5,1.0,1.0,1.0,0.0
gemma3:12b,oracle,16000,pos_00,arithmetic,none,5,1.0,1.0,1.0,0.0
gemma3:12b,oracle,16000,pos_00,comparison,conflicting,5,1.0,1.0,0.6666666666666666,0.0
gemma3:12b,oracle,16000,pos_00,comparison,high,5,1.0,1.0,0.7333333333333333,0.0
gemma3:12b,oracle,16000,pos_00,comparison,low,5,1.0,1.0,0.6666666666666666,0.0
gemma3:12b,oracle,16000,pos_00,comparison,none,5,1.0,1.0,0.6666666666666666,0.0
gemma3:12b,oracle,16000,pos_00,multi_hop,conflicting,5,1.0,1.0,1.0,0.0
gemma3:12b,oracle,16000,pos_00,multi_hop,high,5,1.0,1.0,1.0,0.0
gemma3:12b,oracle,16000,pos_00,multi_hop,low,5,1.0,1.0,1.0,0.0
gemma3:12b,oracle,16000,pos_00,multi_hop,none,5,1.0,1.0,1.0,0.0
gemma3:12b,oracle,16000,pos_00,single_hop,conflicting,5,1.0,1.0,1.0,0.0
gemma3:12b,oracle,16000,pos_00,single_hop,high,5,1.0,1.0,1.0,0.0
gemma3:12b,oracle,16000,pos_00,single_hop,low,5,1.0,1.0,1.0,0.0
gemma3:12b,oracle,16000,pos_00,single_hop,none,5,1.0,1.0,1.0,0.0
gemma3:12b,oracle,16000,pos_01,arithmetic,conflicting,5,1.0,1.0,1.0,0.0
gemma3:12b,oracle,16000,pos_01,arithmetic,high,5,1.0,1.0,1.0,0.0
gemma3:12b,oracle,16000,pos_01,arithmetic,low,5,1.0,1.0,1.0,0.0
gemma3:12b,oracle,16000,pos_01,arithmetic,none,5,1.0,1.0,1.0,0.0
gemma3:12b,oracle,16000,pos_01,comparison,conflicting,5,1.0,1.0,0.6666666666666666,0.0
gemma3:12b,oracle,16000,pos_01,comparison,high,5,1.0,1.0,0.6666666666666666,0.0
gemma3:12b,oracle,16000,pos_01,comparison,low,5,1.0,1.0,0.6666666666666666,0.0
gemma3:12b,oracle,16000,pos_01,comparison,none,5,1.0,1.0,0.6666666666666666,0.0
gemma3:12b,oracle,16000,pos_01,multi_hop,conflicting,5,1.0,1.0,1.0,0.0
gemma3:12b,oracle,16000,pos_01,multi_hop,high,5,1.0,1.0,1.0,0.0
gemma3:12b,oracle,16000,pos_01,multi_hop,low,5,1.0,1.0,1.0,0.0
gemma3:12b,oracle,16000,pos_01,multi_hop,none,5,1.0,1.0,1.0,0.0
gemma3:12b,oracle,16000,pos_01,single_hop,conflicting,5,1.0,1.0,1.0,0.0
gemma3:12b,oracle,16000,pos_01,single_hop,high,5,1.0,1.0,1.0,0.0
gemma3:12b,oracle,16000,pos_01,single_hop,low,5,1.0,1.0,1.0,0.0
gemma3:12b,oracle,16000,pos_01,single_hop,none,5,1.0,1.0,1.0,0.0
gemma3:12b,oracle,16000,pos_02,arithmetic,conflicting,5,1.0,1.0,1.0,0.0
gemma3:12b,oracle,16000,pos_02,arithmetic,high,5,0.8,0.8,1.0,0.0
gemma3:12b,oracle,16000,pos_02,arithmetic,low,5,1.0,1.0,1.0,0.0
gemma3:12b,oracle,16000,pos_02,arithmetic,none,5,1.0,1.0,1.0,0.0
gemma3:12b,oracle,16000,pos_02,comparison,conflicting,5,1.0,1.0,0.6666666666666666,0.0
gemma3:12b,oracle,16000,pos_02,comparison,high,5,1.0,1.0,0.6666666666666666,0.0
gemma3:12b,oracle,16000,pos_02,comparison,low,5,1.0,1.0,0.6666666666666666,0.0
gemma3:12b,oracle,16000,pos_02,comparison,none,5,1.0,1.0,0.6666666666666666,0.0
gemma3:12b,oracle,16000,pos_02,multi_hop,conflicting,5,1.0,1.0,1.0,0.0
gemma3:12b,oracle,16000,pos_02,multi_hop,high,5,1.0,1.0,1.0,0.0
gemma3:12b,oracle,16000,pos_02,multi_hop,low,5,1.0,1.0,1.0,0.0
gemma3:12b,oracle,16000,pos_02,multi_hop,none,5,1.0,1.0,1.0,0.0
gemma3:12b,oracle,16000,pos_02,single_hop,conflicting,5,1.0,1.0,1.0,0.0
gemma3:12b,oracle,16000,pos_02,single_hop,high,5,1.0,1.0,1.0,0.0
gemma3:12b,oracle,16000,pos_02,single_hop,low,5,1.0,1.0,1.0,0.0
gemma3:12b,oracle,16000,pos_02,single_hop,none,5,1.0,1.0,1.0,0.0
gemma3:12b,oracle,16000,pos_03,arithmetic,conflicting,5,1.0,1.0,1.0,0.0
gemma3:12b,oracle,16000,pos_03,arithmetic,high,5,1.0,1.0,1.0,0.0
gemma3:12b,oracle,16000,pos_03,arithmetic,low,5,1.0,1.0,1.0,0.0
gemma3:12b,oracle,16000,pos_03,arithmetic,none,5,1.0,1.0,1.0,0.0
gemma3:12b,oracle,16000,pos_03,comparison,conflicting,5,1.0,1.0,0.6666666666666666,0.0
gemma3:12b,oracle,16000,pos_03,comparison,high,5,1.0,1.0,0.6666666666666666,0.0
gemma3:12b,oracle,16000,pos_03,comparison,low,5,1.0,1.0,0.6666666666666666,0.0
gemma3:12b,oracle,16000,pos_03,comparison,none,5,1.0,1.0,0.6666666666666666,0.0
gemma3:12b,oracle,16000,pos_03,multi_hop,conflicting,5,1.0,1.0,1.0,0.0
gemma3:12b,oracle,16000,pos_03,multi_hop,high,5,1.0,1.0,1.0,0.0
gemma3:12b,oracle,16000,pos_03,multi_hop,low,5,1.0,1.0,1.0,0.0
gemma3:12b,oracle,16000,pos_03,multi_hop,none,5,1.0,1.0,1.0,0.0
gemma3:12b,oracle,16000,pos_03,single_hop,conflicting,5,1.0,1.0,1.0,0.0
gemma3:12b,oracle,16000,pos_03,single_hop,high,5,1.0,1.0,1.0,0.0
gemma3:12b,oracle,16000,pos_03,single_hop,low,5,1.0,1.0,1.0,0.0
gemma3:12b,oracle,16000,pos_03,single_hop,none,5,1.0,1.0,1.0,0.0
gemma3:12b,oracle,16000,pos_04,arithmetic,conflicting,5,1.0,1.0,1.0,0.0
gemma3:12b,oracle,16000,pos_04,arithmetic,high,5,1.0,1.0,1.0,0.0
gemma3:12b,oracle,16000,pos_04,arithmetic,low,5,1.0,1.0,1.0,0.0
gemma3:12b,oracle,16000,pos_04,arithmetic,none,5,1.0,1.0,1.0,0.0
gemma3:12b,oracle,16000,pos_04,comparison,conflicting,5,1.0,1.0,0.6666666666666666,0.0
gemma3:12b,oracle,16000,pos_04,comparison,high,5,1.0,1.0,0.6666666666666666,0.0
gemma3:12b,oracle,16000,pos_04,comparison,low,5,1.0,1.0,0.6666666666666666,0.0
gemma3:12b,oracle,16000,pos_04,comparison,none,5,1.0,1.0,0.6666666666666666,0.0
gemma3:12b,oracle,16000,pos_04,multi_hop,conflicting,5,1.0,1.0,1.0,0.0
gemma3:12b,oracle,16000,pos_04,multi_hop,high,5,1.0,1.0,1.0,0.0
gemma3:12b,oracle,16000,pos_04,multi_hop,low,5,1.0,1.0,1.0,0.0
gemma3:12b,oracle,16000,pos_04,multi_hop,none,5,1.0,1.0,1.0,0.0
gemma3:12b,oracle,16000,pos_04,single_hop,conflicting,5,1.0,1.0,1.0,0.0
gemma3:12b,oracle,16000,pos_04,single_hop,high,5,1.0,1.0,1.0,0.0
gemma3:12b,oracle,16000,pos_04,single_hop,low,5,1.0,1.0,1.0,0.0
gemma3:12b,oracle,16000,pos_04,single_hop,none,5,1.0,1.0,1.0,0.0
gemma3:12b,oracle,16000,pos_05,arithmetic,conflicting,5,1.0,1.0,1.0,0.0
gemma3:12b,oracle,16000,pos_05,arithmetic,high,5,1.0,1.0,1.0,0.0
gemma3:12b,oracle,16000,pos_05,arithmetic,low,5,1.0,1.0,1.0,0.0
gemma3:12b,oracle,16000,pos_05,arithmetic,none,5,1.0,1.0,1.0,0.0
gemma3:12b,oracle,16000,pos_05,comparison,conflicting,5,1.0,1.0,0.6666666666666666,0.0
gemma3:12b,oracle,16000,pos_05,comparison,high,5,1.0,1.0,0.6666666666666666,0.0
gemma3:12b,oracle,16000,pos_05,comparison,low,5,1.0,1.0,0.6666666666666666,0.0
gemma3:12b,oracle,16000,pos_05,comparison,none,5,1.0,1.0,0.6666666666666666,0.0
gemma3:12b,oracle,16000,pos_05,multi_hop,conflicting,5,1.0,1.0,1.0,0.0
gemma3:12b,oracle,16000,pos_05,multi_hop,high,5,1.0,1.0,1.0,0.0
gemma3:12b,oracle,16000,pos_05,multi_hop,low,5,1.0,1.0,1.0,0.0
gemma3:12b,oracle,16000,pos_05,multi_hop,none,5,1.0,1.0,1.0,0.0
gemma3:12b,oracle,16000,pos_05,single_hop,conflicting,5,1.0,1.0,1.0,0.0
gemma3:12b,oracle,16000,pos_05,single_hop,high,5,1.0,1.0,1.0,0.0
gemma3:12b,oracle,16000,pos_05,single_hop,low,5,1.0,1.0,1.0,0.0
gemma3:12b,oracle,16000,pos_05,single_hop,none,5,1.0,1.0,1.0,0.0
gemma3:12b,oracle,16000,pos_06,arithmetic,conflicting,5,1.0,1.0,1.0,0.0
gemma3:12b,oracle,16000,pos_06,arithmetic,high,5,1.0,1.0,1.0,0.0
gemma3:12b,oracle,16000,pos_06,arithmetic,low,5,1.0,1.0,1.0,0.0
gemma3:12b,oracle,16000,pos_06,arithmetic,none,5,1.0,1.0,1.0,0.0
gemma3:12b,oracle,16000,pos_06,comparison,conflicting,5,1.0,1.0,0.6666666666666666,0.0
gemma3:12b,oracle,16000,pos_06,comparison,high,5,1.0,1.0,0.6666666666666666,0.0
gemma3:12b,oracle,16000,pos_06,comparison,low,5,1.0,1.0,0.6666666666666666,0.0
gemma3:12b,oracle,16000,pos_06,comparison,none,5,1.0,1.0,0.6666666666666666,0.0
gemma3:12b,oracle,16000,pos_06,multi_hop,conflicting,5,1.0,1.0,1.0,0.0
gemma3:12b,oracle,16000,pos_06,multi_hop,high,5,1.0,1.0,1.0,0.0
gemma3:12b,oracle,16000,pos_06,multi_hop,low,5,1.0,1.0,1.0,0.0
gemma3:12b,oracle,16000,pos_06,multi_hop,none,5,1.0,1.0,1.0,0.0
gemma3:12b,oracle,16000,pos_06,single_hop,conflicting,5,1.0,1.0,1.0,0.0
gemma3:12b,oracle,16000,pos_06,single_hop,high,5,1.0,1.0,1.0,0.0
gemma3:12b,oracle,16000,pos_06,single_hop,low,5,1.0,1.0,1.0,0.0
gemma3:12b,oracle,16000,pos_06,single_hop,none,5,1.0,1.0,1.0,0.0
gemma3:12b,oracle,16000,pos_07,arithmetic,conflicting,5,1.0,1.0,1.0,0.0
gemma3:12b,oracle,16000,pos_07,arithmetic,high,5,1.0,1.0,1.0,0.0
gemma3:12b,oracle,16000,pos_07,arithmetic,low,5,1.0,1.0,1.0,0.0
gemma3:12b,oracle,16000,pos_07,arithmetic,none,5,1.0,1.0,1.0,0.0
gemma3:12b,oracle,16000,pos_07,comparison,conflicting,5,1.0,1.0,0.6666666666666666,0.0
gemma3:12b,oracle,16000,pos_07,comparison,high,5,1.0,1.0,0.6666666666666666,0.0
gemma3:12b,oracle,16000,pos_07,comparison,low,5,1.0,1.0,0.6666666666666666,0.0
gemma3:12b,oracle,16000,pos_07,comparison,none,5,1.0,1.0,0.6666666666666666,0.0
gemma3:12b,oracle,16000,pos_07,multi_hop,conflicting,5,1.0,1.0,1.0,0.0
gemma3:12b,oracle,16000,pos_07,multi_hop,high,5,1.0,1.0,1.0,0.0
gemma3:12b,oracle,16000,pos_07,multi_hop,low,5,1.0,1.0,1.0,0.0
gemma3:12b,oracle,16000,pos_07,multi_hop,none,5,1.0,1.0,1.0,0.0
gemma3:12b,oracle,16000,pos_07,single_hop,conflicting,5,1.0,1.0,1.0,0.0
gemma3:12b,oracle,16000,pos_07,single_hop,high,5,1.0,1.0,1.0,0.0
gemma3:12b,oracle,16000,pos_07,single_hop,low,5,1.0,1.0,1.0,0.0
gemma3:12b,oracle,16000,pos_07,single_hop,none,5,1.0,1.0,1.0,0.0
gemma3:12b,oracle,16000,pos_08,arithmetic,conflicting,5,1.0,1.0,1.0,0.0
gemma3:12b,oracle,16000,pos_08,arithmetic,high,5,1.0,1.0,1.0,0.0
gemma3:12b,oracle,16000,pos_08,arithmetic,low,5,1.0,1.0,1.0,0.0
gemma3:12b,oracle,16000,pos_08,arithmetic,none,5,1.0,1.0,1.0,0.0
gemma3:12b,oracle,16000,pos_08,comparison,conflicting,5,1.0,1.0,0.6666666666666666,0.0
gemma3:12b,oracle,16000,pos_08,comparison,high,5,1.0,1.0,0.7333333333333333,0.0
gemma3:12b,oracle,16000,pos_08,comparison,low,5,1.0,1.0,0.7333333333333333,0.0
gemma3:12b,oracle,16000,pos_08,comparison,none,5,1.0,1.0,0.6666666666666666,0.0
gemma3:12b,oracle,16000,pos_08,multi_hop,conflicting,5,1.0,1.0,1.0,0.0
gemma3:12b,oracle,16000,pos_08,multi_hop,high,5,1.0,1.0,1.0,0.0
gemma3:12b,oracle,16000,pos_08,multi_hop,low,5,1.0,1.0,1.0,0.0
gemma3:12b,oracle,16000,pos_08,multi_hop,none,5,1.0,1.0,1.0,0.0
gemma3:12b,oracle,16000,pos_08,single_hop,conflicting,5,1.0,1.0,1.0,0.0
gemma3:12b,oracle,16000,pos_08,single_hop,high,5,1.0,1.0,1.0,0.0
gemma3:12b,oracle,16000,pos_08,single_hop,low,5,1.0,1.0,1.0,0.0
gemma3:12b,oracle,16000,pos_08,single_hop,none,5,1.0,1.0,1.0,0.0
gemma3:12b,oracle,16000,pos_09,arithmetic,conflicting,5,1.0,1.0,1.0,0.0
gemma3:12b,oracle,16000,pos_09,arithmetic,high,5,0.8,0.8,1.0,0.0
gemma3:12b,oracle,16000,pos_09,arithmetic,low,5,1.0,1.0,1.0,0.0
gemma3:12b,oracle,16000,pos_09,arithmetic,none,5,1.0,1.0,1.0,0.0
gemma3:12b,oracle,16000,pos_09,comparison,conflicting,5,1.0,1.0,0.6666666666666666,0.0
gemma3:12b,oracle,16000,pos_09,comparison,high,5,1.0,1.0,0.6666666666666666,0.0
gemma3:12b,oracle,16000,pos_09,comparison,low,5,1.0,1.0,0.6666666666666666,0.0
gemma3:12b,oracle,16000,pos_09,comparison,none,5,1.0,1.0,0.6666666666666666,0.0
gemma3:12b,oracle,16000,pos_09,multi_hop,conflicting,5,1.0,1.0,1.0,0.0
gemma3:12b,oracle,16000,pos_09,multi_hop,high,5,1.0,1.0,1.0,0.0
gemma3:12b,oracle,16000,pos_09,multi_hop,low,5,1.0,1.0,1.0,0.0
gemma3:12b,oracle,16000,pos_09,multi_hop,none,5,1.0,1.0,1.0,0.0
gemma3:12b,oracle,16000,pos_09,single_hop,conflicting,5,1.0,1.0,1.0,0.0
gemma3:12b,oracle,16000,pos_09,single_hop,high,5,1.0,1.0,1.0,0.0
gemma3:12b,oracle,16000,pos_09,single_hop,low,5,1.0,1.0,1.0,0.0
gemma3:12b,oracle,16000,pos_09,single_hop,none,5,1.0,1.0,1.0,0.0
gemma3:12b,oracle,32000,pos_00,arithmetic,conflicting,5,1.0,1.0,1.0,0.0
gemma3:12b,oracle,32000,pos_00,arithmetic,high,5,0.8,0.8,1.0,0.0
gemma3:12b,oracle,32000,pos_00,arithmetic,low,5,0.8,0.8,1.0,0.0
gemma3:12b,oracle,32000,pos_00,arithmetic,none,5,1.0,1.0,1.0,0.0
gemma3:12b,oracle,32000,pos_00,comparison,conflicting,5,1.0,1.0,0.6666666666666666,0.0
gemma3:12b,oracle,32000,pos_00,comparison,high,5,1.0,1.0,0.6666666666666666,0.0
gemma3:12b,oracle,32000,pos_00,comparison,low,5,1.0,1.0,0.7333333333333333,0.0
gemma3:12b,oracle,32000,pos_00,comparison,none,5,1.0,1.0,0.6666666666666666,0.0
gemma3:12b,oracle,32000,pos_00,multi_hop,conflicting,5,1.0,1.0,1.0,0.0
gemma3:12b,oracle,32000,pos_00,multi_hop,high,5,1.0,1.0,1.0,0.0
gemma3:12b,oracle,32000,pos_00,multi_hop,low,5,1.0,1.0,1.0,0.0
gemma3:12b,oracle,32000,pos_00,multi_hop,none,5,1.0,1.0,1.0,0.0
gemma3:12b,oracle,32000,pos_00,single_hop,conflicting,5,1.0,1.0,1.0,0.0
gemma3:12b,oracle,32000,pos_00,single_hop,high,5,1.0,1.0,1.0,0.0
gemma3:12b,oracle,32000,pos_00,single_hop,low,5,1.0,1.0,1.0,0.0
gemma3:12b,oracle,32000,pos_00,single_hop,none,5,1.0,1.0,1.0,0.0
gemma3:12b,oracle,32000,pos_01,arithmetic,conflicting,5,0.8,0.8,1.0,0.0
gemma3:12b,oracle,32000,pos_01,arithmetic,high,5,0.8,0.8,1.0,0.0
gemma3:12b,oracle,32000,pos_01,arithmetic,low,5,0.8,0.8,1.0,0.0
gemma3:12b,oracle,32000,pos_01,arithmetic,none,5,0.6,0.6,1.0,0.0
gemma3:12b,oracle,32000,pos_01,comparison,conflicting,5,1.0,1.0,0.6666666666666666,0.0
gemma3:12b,oracle,32000,pos_01,comparison,high,5,1.0,1.0,0.7999999999999999,0.0
gemma3:12b,oracle,32000,pos_01,comparison,low,5,1.0,1.0,0.6666666666666666,0.0
gemma3:12b,oracle,32000,pos_01,comparison,none,5,1.0,1.0,0.6666666666666666,0.0
gemma3:12b,oracle,32000,pos_01,multi_hop,conflicting,5,1.0,1.0,1.0,0.0
gemma3:12b,oracle,32000,pos_01,multi_hop,high,5,1.0,1.0,1.0,0.0
gemma3:12b,oracle,32000,pos_01,multi_hop,low,5,1.0,1.0,1.0,0.0
gemma3:12b,oracle,32000,pos_01,multi_hop,none,5,1.0,1.0,1.0,0.0
gemma3:12b,oracle,32000,pos_01,single_hop,conflicting,5,1.0,1.0,1.0,0.0
gemma3:12b,oracle,32000,pos_01,single_hop,high,5,1.0,1.0,1.0,0.0
gemma3:12b,oracle,32000,pos_01,single_hop,low,5,1.0,1.0,1.0,0.0
gemma3:12b,oracle,32000,pos_01,single_hop,none,5,1.0,1.0,1.0,0.0
gemma3:12b,oracle,32000,pos_02,arithmetic,conflicting,5,0.8,0.8,1.0,0.0
gemma3:12b,oracle,32000,pos_02,arithmetic,high,5,1.0,1.0,1.0,0.0
gemma3:12b,oracle,32000,pos_02,arithmetic,low,5,1.0,1.0,1.0,0.0
gemma3:12b,oracle,32000,pos_02,arithmetic,none,5,1.0,1.0,1.0,0.0
gemma3:12b,oracle,32000,pos_02,comparison,conflicting,5,1.0,1.0,0.6666666666666666,0.0
gemma3:12b,oracle,32000,pos_02,comparison,high,5,1.0,1.0,0.6666666666666666,0.0
gemma3:12b,oracle,32000,pos_02,comparison,low,5,1.0,1.0,0.6666666666666666,0.0
gemma3:12b,oracle,32000,pos_02,comparison,none,5,1.0,1.0,0.6666666666666666,0.0
gemma3:12b,oracle,32000,pos_02,multi_hop,conflicting,5,1.0,1.0,1.0,0.0
gemma3:12b,oracle,32000,pos_02,multi_hop,high,5,1.0,1.0,1.0,0.0
gemma3:12b,oracle,32000,pos_02,multi_hop,low,5,1.0,1.0,1.0,0.0
gemma3:12b,oracle,32000,pos_02,multi_hop,none,5,1.0,1.0,1.0,0.0
gemma3:12b,oracle,32000,pos_02,single_hop,conflicting,5,1.0,1.0,1.0,0.0
gemma3:12b,oracle,32000,pos_02,single_hop,high,5,1.0,1.0,1.0,0.0
gemma3:12b,oracle,32000,pos_02,single_hop,low,5,1.0,1.0,1.0,0.0
gemma3:12b,oracle,32000,pos_02,single_hop,none,5,1.0,1.0,1.0,0.0
gemma3:12b,oracle,32000,pos_03,arithmetic,conflicting,5,1.0,1.0,1.0,0.0
gemma3:12b,oracle,32000,pos_03,arithmetic,high,5,1.0,1.0,1.0,0.0
gemma3:12b,oracle,32000,pos_03,arithmetic,low,5,1.0,1.0,1.0,0.0
gemma3:12b,oracle,32000,pos_03,arithmetic,none,5,1.0,1.0,1.0,0.0
gemma3:12b,oracle,32000,pos_03,comparison,conflicting,5,1.0,1.0,0.6666666666666666,0.0
gemma3:12b,oracle,32000,pos_03,comparison,high,5,1.0,1.0,0.6666666666666666,0.0
gemma3:12b,oracle,32000,pos_03,comparison,low,5,1.0,1.0,0.6666666666666666,0.0
gemma3:12b,oracle,32000,pos_03,comparison,none,5,1.0,1.0,0.6666666666666666,0.0
gemma3:12b,oracle,32000,pos_03,multi_hop,conflicting,5,1.0,1.0,1.0,0.0
gemma3:12b,oracle,32000,pos_03,multi_hop,high,5,1.0,1.0,1.0,0.0
gemma3:12b,oracle,32000,pos_03,multi_hop,low,5,1.0,1.0,1.0,0.0
gemma3:12b,oracle,32000,pos_03,multi_hop,none,5,1.0,1.0,1.0,0.0
gemma3:12b,oracle,32000,pos_03,single_hop,conflicting,5,1.0,1.0,1.0,0.0
gemma3:12b,oracle,32000,pos_03,single_hop,high,5,1.0,1.0,1.0,0.0
gemma3:12b,oracle,32000,pos_03,single_hop,low,5,1.0,1.0,1.0,0.0
gemma3:12b,oracle,32000,pos_03,single_hop,none,5,1.0,1.0,1.0,0.0
gemma3:12b,oracle,32000,pos_04,arithmetic,conflicting,5,1.0,1.0,1.0,0.0
gemma3:12b,oracle,32000,pos_04,arithmetic,high,5,1.0,1.0,1.0,0.0
gemma3:12b,oracle,32000,pos_04,arithmetic,low,5,1.0,1.0,1.0,0.0
gemma3:12b,oracle,32000,pos_04,arithmetic,none,5,1.0,1.0,1.0,0.0
gemma3:12b,oracle,32000,pos_04,comparison,conflicting,5,1.0,1.0,0.6666666666666666,0.0
gemma3:12b,oracle,32000,pos_04,comparison,high,5,1.0,1.0,0.6666666666666666,0.0
gemma3:12b,oracle,32000,pos_04,comparison,low,5,1.0,1.0,0.6666666666666666,0.0
gemma3:12b,oracle,32000,pos_04,comparison,none,5,1.0,1.0,0.6666666666666666,0.0
gemma3:12b,oracle,32000,pos_04,multi_hop,conflicting,5,1.0,1.0,1.0,0.0
gemma3:12b,oracle,32000,pos_04,multi_hop,high,5,1.0,1.0,1.0,0.0
gemma3:12b,oracle,32000,pos_04,multi_hop,low,5,1.0,1.0,1.0,0.0
gemma3:12b,oracle,32000,pos_04,multi_hop,none,5,1.0,1.0,1.0,0.0
gemma3:12b,oracle,32000,pos_04,single_hop,conflicting,5,1.0,1.0,1.0,0.0
gemma3:12b,oracle,32000,pos_04,single_hop,high,5,1.0,1.0,1.0,0.0
gemma3:12b,oracle,32000,pos_04,single_hop,low,5,1.0,1.0,1.0,0.0
gemma3:12b,oracle,32000,pos_04,single_hop,none,5,1.0,1.0,1.0,0.0
gemma3:12b,oracle,32000,pos_05,arithmetic,conflicting,5,0.8,0.8,1.0,0.0
gemma3:12b,oracle,32000,pos_05,arithmetic,high,5,0.8,0.8,1.0,0.0
gemma3:12b,oracle,32000,pos_05,arithmetic,low,5,1.0,1.0,1.0,0.0
gemma3:12b,oracle,32000,pos_05,arithmetic,none,5,0.8,0.8,1.0,0.0
gemma3:12b,oracle,32000,pos_05,comparison,conflicting,5,1.0,1.0,0.6666666666666666,0.0
gemma3:12b,oracle,32000,pos_05,comparison,high,5,1.0,1.0,0.6666666666666666,0.0
gemma3:12b,oracle,32000,pos_05,comparison,low,5,1.0,1.0,0.6666666666666666,0.0
gemma3:12b,oracle,32000,pos_05,comparison,none,5,1.0,1.0,0.6666666666666666,0.0
gemma3:12b,oracle,32000,pos_05,multi_hop,conflicting,5,1.0,1.0,1.0,0.0
gemma3:12b,oracle,32000,pos_05,multi_hop,high,5,1.0,1.0,1.0,0.0
gemma3:12b,oracle,32000,pos_05,multi_hop,low,5,1.0,1.0,1.0,0.0
gemma3:12b,oracle,32000,pos_05,multi_hop,none,5,1.0,1.0,1.0,0.0
gemma3:12b,oracle,32000,pos_05,single_hop,conflicting,5,1.0,1.0,1.0,0.0
gemma3:12b,oracle,32000,pos_05,single_hop,high,5,1.0,1.0,1.0,0.0
gemma3:12b,oracle,32000,pos_05,single_hop,low,5,1.0,1.0,1.0,0.0
gemma3:12b,oracle,32000,pos_05,single_hop,none,5,1.0,1.0,1.0,0.0
gemma3:12b,oracle,32000,pos_06,arithmetic,conflicting,5,1.0,1.0,1.0,0.0
gemma3:12b,oracle,32000,pos_06,arithmetic,high,5,1.0,1.0,1.0,0.0
gemma3:12b,oracle,32000,pos_06,arithmetic,low,5,1.0,1.0,1.0,0.0
gemma3:12b,oracle,32000,pos_06,arithmetic,none,5,1.0,1.0,1.0,0.0
gemma3:12b,oracle,32000,pos_06,comparison,conflicting,5,1.0,1.0,0.6666666666666666,0.0
gemma3:12b,oracle,32000,pos_06,comparison,high,5,1.0,1.0,0.7333333333333333,0.0
gemma3:12b,oracle,32000,pos_06,comparison,low,5,1.0,1.0,0.7333333333333333,0.0
gemma3:12b,oracle,32000,pos_06,comparison,none,5,1.0,1.0,0.6666666666666666,0.0
gemma3:12b,oracle,32000,pos_06,multi_hop,conflicting,5,1.0,1.0,1.0,0.0
gemma3:12b,oracle,32000,pos_06,multi_hop,high,5,1.0,1.0,1.0,0.0
gemma3:12b,oracle,32000,pos_06,multi_hop,low,5,1.0,1.0,1.0,0.0
gemma3:12b,oracle,32000,pos_06,multi_hop,none,5,1.0,1.0,1.0,0.0
gemma3:12b,oracle,32000,pos_06,single_hop,conflicting,5,1.0,1.0,1.0,0.0
gemma3:12b,oracle,32000,pos_06,single_hop,high,5,1.0,1.0,1.0,0.0
gemma3:12b,oracle,32000,pos_06,single_hop,low,5,1.0,1.0,1.0,0.0
gemma3:12b,oracle,32000,pos_06,single_hop,none,5,1.0,1.0,1.0,0.0
gemma3:12b,oracle,32000,pos_07,arithmetic,conflicting,5,0.8,0.8,1.0,0.0
gemma3:12b,oracle,32000,pos_07,arithmetic,high,5,1.0,1.0,1.0,0.0
gemma3:12b,oracle,32000,pos_07,arithmetic,low,5,1.0,1.0,1.0,0.0
gemma3:12b,oracle,32000,pos_07,arithmetic,none,5,0.8,0.8,1.0,0.0
gemma3:12b,oracle,32000,pos_07,comparison,conflicting,5,1.0,1.0,0.6666666666666666,0.0
gemma3:12b,oracle,32000,pos_07,comparison,high,5,1.0,1.0,0.6666666666666666,0.0
gemma3:12b,oracle,32000,pos_07,comparison,low,5,1.0,1.0,0.6666666666666666,0.0
gemma3:12b,oracle,32000,pos_07,comparison,none,5,1.0,1.0,0.8666666666666667,0.0
gemma3:12b,oracle,32000,pos_07,multi_hop,conflicting,5,1.0,1.0,1.0,0.0
gemma3:12b,oracle,32000,pos_07,multi_hop,high,5,1.0,1.0,1.0,0.0
gemma3:12b,oracle,32000,pos_07,multi_hop,low,5,1.0,1.0,1.0,0.0
gemma3:12b,oracle,32000,pos_07,multi_hop,none,5,1.0,1.0,1.0,0.0
gemma3:12b,oracle,32000,pos_07,single_hop,conflicting,5,1.0,1.0,1.0,0.0
gemma3:12b,oracle,32000,pos_07,single_hop,high,5,1.0,1.0,1.0,0.0
gemma3:12b,oracle,32000,pos_07,single_hop,low,5,1.0,1.0,1.0,0.0
gemma3:12b,oracle,32000,pos_07,single_hop,none,5,1.0,1.0,1.0,0.0
gemma3:12b,oracle,32000,pos_08,arithmetic,conflicting,5,1.0,1.0,1.0,0.0
gemma3:12b,oracle,32000,pos_08,arithmetic,high,5,1.0,1.0,1.0,0.0
gemma3:12b,oracle,32000,pos_08,arithmetic,low,5,1.0,1.0,1.0,0.0
gemma3:12b,oracle,32000,pos_08,arithmetic,none,5,1.0,1.0,1.0,0.0
gemma3:12b,oracle,32000,pos_08,comparison,conflicting,5,1.0,1.0,0.7333333333333333,0.0
gemma3:12b,oracle,32000,pos_08,comparison,high,5,1.0,1.0,0.7333333333333333,0.0
gemma3:12b,oracle,32000,pos_08,comparison,low,5,1.0,1.0,0.6666666666666666,0.0
gemma3:12b,oracle,32000,pos_08,comparison,none,5,1.0,1.0,0.7333333333333333,0.0
gemma3:12b,oracle,32000,pos_08,multi_hop,conflicting,5,1.0,1.0,1.0,0.0
gemma3:12b,oracle,32000,pos_08,multi_hop,high,5,1.0,1.0,1.0,0.0
gemma3:12b,oracle,32000,pos_08,multi_hop,low,5,1.0,1.0,1.0,0.0
gemma3:12b,oracle,32000,pos_08,multi_hop,none,5,1.0,1.0,1.0,0.0
gemma3:12b,oracle,32000,pos_08,single_hop,conflicting,5,1.0,1.0,1.0,0.0
gemma3:12b,oracle,32000,pos_08,single_hop,high,5,1.0,1.0,1.0,0.0
gemma3:12b,oracle,32000,pos_08,single_hop,low,5,1.0,1.0,1.0,0.0
gemma3:12b,oracle,32000,pos_08,single_hop,none,5,1.0,1.0,1.0,0.0
gemma3:12b,oracle,32000,pos_09,arithmetic,conflicting,5,1.0,1.0,1.0,0.0
gemma3:12b,oracle,32000,pos_09,arithmetic,high,5,1.0,1.0,1.0,0.0
gemma3:12b,oracle,32000,pos_09,arithmetic,low,5,1.0,1.0,1.0,0.0
gemma3:12b,oracle,32000,pos_09,arithmetic,none,5,1.0,1.0,1.0,0.0
gemma3:12b,oracle,32000,pos_09,comparison,conflicting,5,1.0,1.0,0.7333333333333333,0.0
gemma3:12b,oracle,32000,pos_09,comparison,high,5,1.0,1.0,0.6666666666666666,0.0
gemma3:12b,oracle,32000,pos_09,comparison,low,5,1.0,1.0,0.7999999999999999,0.0
gemma3:12b,oracle,32000,pos_09,comparison,none,5,1.0,1.0,0.8666666666666667,0.0
gemma3:12b,oracle,32000,pos_09,multi_hop,conflicting,5,1.0,1.0,1.0,0.0
gemma3:12b,oracle,32000,pos_09,multi_hop,high,5,1.0,1.0,1.0,0.0
gemma3:12b,oracle,32000,pos_09,multi_hop,low,5,1.0,1.0,1.0,0.0
gemma3:12b,oracle,32000,pos_09,multi_hop,none,5,1.0,1.0,1.0,0.0
gemma3:12b,oracle,32000,pos_09,single_hop,conflicting,5,1.0,1.0,1.0,0.0
gemma3:12b,oracle,32000,pos_09,single_hop,high,5,1.0,1.0,1.0,0.0
gemma3:12b,oracle,32000,pos_09,single_hop,low,5,1.0,1.0,1.0,0.0
gemma3:12b,oracle,32000,pos_09,single_hop,none,5,1.0,1.0,1.0,0.0
gemma3:12b,oracle,4000,pos_00,arithmetic,conflicting,5,1.0,1.0,1.0,0.0
gemma3:12b,oracle,4000,pos_00,arithmetic,high,5,1.0,1.0,1.0,0.0
gemma3:12b,oracle,4000,pos_00,arithmetic,low,5,1.0,1.0,1.0,0.0
gemma3:12b,oracle,4000,pos_00,arithmetic,none,5,1.0,1.0,1.0,0.0
gemma3:12b,oracle,4000,pos_00,comparison,conflicting,5,1.0,1.0,0.7333333333333333,0.0
gemma3:12b,oracle,4000,pos_00,comparison,high,5,1.0,1.0,0.8666666666666667,0.0
gemma3:12b,oracle,4000,pos_00,comparison,low,5,1.0,1.0,0.7333333333333333,0.0
gemma3:12b,oracle,4000,pos_00,comparison,none,5,1.0,1.0,0.7999999999999999,0.0
gemma3:12b,oracle,4000,pos_00,multi_hop,conflicting,5,1.0,1.0,1.0,0.0
gemma3:12b,oracle,4000,pos_00,multi_hop,high,5,1.0,1.0,1.0,0.0
gemma3:12b,oracle,4000,pos_00,multi_hop,low,5,1.0,1.0,1.0,0.0
gemma3:12b,oracle,4000,pos_00,multi_hop,none,5,1.0,1.0,1.0,0.0
gemma3:12b,oracle,4000,pos_00,single_hop,conflicting,5,1.0,1.0,1.0,0.0
gemma3:12b,oracle,4000,pos_00,single_hop,high,5,1.0,1.0,1.0,0.0
gemma3:12b,oracle,4000,pos_00,single_hop,low,5,1.0,1.0,1.0,0.0
gemma3:12b,oracle,4000,pos_00,single_hop,none,5,1.0,1.0,1.0,0.0
gemma3:12b,oracle,4000,pos_01,arithmetic,conflicting,5,0.8,0.8,1.0,0.0
gemma3:12b,oracle,4000,pos_01,arithmetic,high,5,0.8,0.8,1.0,0.0
gemma3:12b,oracle,4000,pos_01,arithmetic,low,5,1.0,1.0,1.0,0.0
gemma3:12b,oracle,4000,pos_01,arithmetic,none,5,1.0,1.0,1.0,0.0
gemma3:12b,oracle,4000,pos_01,comparison,conflicting,5,1.0,1.0,0.7999999999999999,0.0
gemma3:12b,oracle,4000,pos_01,comparison,high,5,1.0,1.0,0.7333333333333333,0.0
gemma3:12b,oracle,4000,pos_01,comparison,low,5,1.0,1.0,0.6666666666666666,0.0
gemma3:12b,oracle,4000,pos_01,comparison,none,5,1.0,1.0,0.6666666666666666,0.0
gemma3:12b,oracle,4000,pos_01,multi_hop,conflicting,5,1.0,1.0,1.0,0.0
gemma3:12b,oracle,4000,pos_01,multi_hop,high,5,1.0,1.0,1.0,0.0
gemma3:12b,oracle,4000,pos_01,multi_hop,low,5,1.0,1.0,1.0,0.0
gemma3:12b,oracle,4000,pos_01,multi_hop,none,5,1.0,1.0,1.0,0.0
gemma3:12b,oracle,4000,pos_01,single_hop,conflicting,5,1.0,1.0,1.0,0.0
gemma3:12b,oracle,4000,pos_01,single_hop,high,5,1.0,1.0,1.0,0.0
gemma3:12b,oracle,4000,pos_01,single_hop,low,5,1.0,1.0,1.0,0.0
gemma3:12b,oracle,4000,pos_01,single_hop,none,5,1.0,1.0,1.0,0.0
gemma3:12b,oracle,4000,pos_02,arithmetic,conflicting,5,0.8,0.8,1.0,0.0
gemma3:12b,oracle,4000,pos_02,arithmetic,high,5,1.0,1.0,1.0,0.0
gemma3:12b,oracle,4000,pos_02,arithmetic,low,5,1.0,1.0,1.0,0.0
gemma3:12b,oracle,4000,pos_02,arithmetic,none,5,1.0,1.0,1.0,0.0
gemma3:12b,oracle,4000,pos_02,comparison,conflicting,5,1.0,1.0,0.6666666666666666,0.0
gemma3:12b,oracle,4000,pos_02,comparison,high,5,1.0,1.0,0.6666666666666666,0.0
gemma3:12b,oracle,4000,pos_02,comparison,low,5,1.0,1.0,0.7333333333333333,0.0
gemma3:12b,oracle,4000,pos_02,comparison,none,5,1.0,1.0,0.6666666666666666,0.0
gemma3:12b,oracle,4000,pos_02,multi_hop,conflicting,5,1.0,1.0,1.0,0.0
gemma3:12b,oracle,4000,pos_02,multi_hop,high,5,1.0,1.0,1.0,0.0
gemma3:12b,oracle,4000,pos_02,multi_hop,low,5,1.0,1.0,1.0,0.0
gemma3:12b,oracle,4000,pos_02,multi_hop,none,5,1.0,1.0,1.0,0.0
gemma3:12b,oracle,4000,pos_02,single_hop,conflicting,5,1.0,1.0,1.0,0.0
gemma3:12b,oracle,4000,pos_02,single_hop,high,5,1.0,1.0,1.0,0.0
gemma3:12b,oracle,4000,pos_02,single_hop,low,5,1.0,1.0,1.0,0.0
gemma3:12b,oracle,4000,pos_02,single_hop,none,5,1.0,1.0,1.0,0.0
gemma3:12b,oracle,4000,pos_03,arithmetic,conflicting,5,0.6,0.6,1.0,0.0
gemma3:12b,oracle,4000,pos_03,arithmetic,high,5,1.0,1.0,1.0,0.0
gemma3:12b,oracle,4000,pos_03,arithmetic,low,5,1.0,1.0,1.0,0.0
gemma3:12b,oracle,4000,pos_03,arithmetic,none,5,1.0,1.0,1.0,0.0
gemma3:12b,oracle,4000,pos_03,comparison,conflicting,5,1.0,1.0,0.7999999999999999,0.0
gemma3:12b,oracle,4000,pos_03,comparison,high,5,1.0,1.0,0.6666666666666666,0.0
gemma3:12b,oracle,4000,pos_03,comparison,low,5,1.0,1.0,0.7333333333333333,0.0
gemma3:12b,oracle,4000,pos_03,comparison,none,5,1.0,1.0,0.6666666666666666,0.0
gemma3:12b,oracle,4000,pos_03,multi_hop,conflicting,5,1.0,1.0,1.0,0.0
gemma3:12b,oracle,4000,pos_03,multi_hop,high,5,1.0,1.0,1.0,0.0
gemma3:12b,oracle,4000,pos_03,multi_hop,low,5,1.0,1.0,1.0,0.0
gemma3:12b,oracle,4000,pos_03,multi_hop,none,5,1.0,1.0,1.0,0.0
gemma3:12b,oracle,4000,pos_03,single_hop,conflicting,5,1.0,1.0,1.0,0.0
gemma3:12b,oracle,4000,pos_03,single_hop,high,5,1.0,1.0,1.0,0.0
gemma3:12b,oracle,4000,pos_03,single_hop,low,5,1.0,1.0,1.0,0.0
gemma3:12b,oracle,4000,pos_03,single_hop,none,5,1.0,1.0,1.0,0.0
gemma3:12b,oracle,4000,pos_04,arithmetic,conflicting,5,1.0,1.0,1.0,0.0
gemma3:12b,oracle,4000,pos_04,arithmetic,high,5,0.8,0.8,1.0,0.0
gemma3:12b,oracle,4000,pos_04,arithmetic,low,5,0.8,0.8,1.0,0.0
gemma3:12b,oracle,4000,pos_04,arithmetic,none,5,1.0,1.0,1.0,0.0
gemma3:12b,oracle,4000,pos_04,comparison,conflicting,5,1.0,1.0,0.6666666666666666,0.0
gemma3:12b,oracle,4000,pos_04,comparison,high,5,1.0,1.0,0.7333333333333333,0.0
gemma3:12b,oracle,4000,pos_04,comparison,low,5,1.0,1.0,0.6666666666666666,0.0
gemma3:12b,oracle,4000,pos_04,comparison,none,5,1.0,1.0,0.8666666666666667,0.0
gemma3:12b,oracle,4000,pos_04,multi_hop,conflicting,5,1.0,1.0,1.0,0.0
gemma3:12b,oracle,4000,pos_04,multi_hop,high,5,1.0,1.0,1.0,0.0
gemma3:12b,oracle,4000,pos_04,multi_hop,low,5,1.0,1.0,1.0,0.0
gemma3:12b,oracle,4000,pos_04,multi_hop,none,5,1.0,1.0,1.0,0.0
gemma3:12b,oracle,4000,pos_04,single_hop,conflicting,5,1.0,1.0,1.0,0.0
gemma3:12b,oracle,4000,pos_04,single_hop,high,5,1.0,1.0,1.0,0.0
gemma3:12b,oracle,4000,pos_04,single_hop,low,5,1.0,1.0,1.0,0.0
gemma3:12b,oracle,4000,pos_04,single_hop,none,5,1.0,1.0,1.0,0.0
gemma3:12b,oracle,4000,pos_05,arithmetic,conflicting,5,0.8,0.8,1.0,0.0
gemma3:12b,oracle,4000,pos_05,arithmetic,high,5,0.8,0.8,1.0,0.0
gemma3:12b,oracle,4000,pos_05,arithmetic,low,5,1.0,1.0,1.0,0.0
gemma3:12b,oracle,4000,pos_05,arithmetic,none,5,1.0,1.0,1.0,0.0
gemma3:12b,oracle,4000,pos_05,comparison,conflicting,5,1.0,1.0,0.7999999999999999,0.0
gemma3:12b,oracle,4000,pos_05,comparison,high,5,1.0,1.0,0.8666666666666667,0.0
gemma3:12b,oracle,4000,pos_05,comparison,low,5,1.0,1.0,0.7999999999999999,0.0
gemma3:12b,oracle,4000,pos_05,comparison,none,5,1.0,1.0,0.7999999999999999,0.0
gemma3:12b,oracle,4000,pos_05,multi_hop,conflicting,5,1.0,1.0,1.0,0.0
gemma3:12b,oracle,4000,pos_05,multi_hop,high,5,1.0,1.0,1.0,0.0
gemma3:12b,oracle,4000,pos_05,multi_hop,low,5,1.0,1.0,1.0,0.0
gemma3:12b,oracle,4000,pos_05,multi_hop,none,5,1.0,1.0,1.0,0.0
gemma3:12b,oracle,4000,pos_05,single_hop,conflicting,5,1.0,1.0,1.0,0.0
gemma3:12b,oracle,4000,pos_05,single_hop,high,5,1.0,1.0,1.0,0.0
gemma3:12b,oracle,4000,pos_05,single_hop,low,5,1.0,1.0,1.0,0.0
gemma3:12b,oracle,4000,pos_05,single_hop,none,5,1.0,1.0,1.0,0.0
gemma3:12b,oracle,4000,pos_06,arithmetic,conflicting,5,1.0,1.0,1.0,0.0
gemma3:12b,oracle,4000,pos_06,arithmetic,high,5,1.0,1.0,1.0,0.0
gemma3:12b,oracle,4000,pos_06,arithmetic,low,5,1.0,1.0,1.0,0.0
gemma3:12b,oracle,4000,pos_06,arithmetic,none,5,1.0,1.0,1.0,0.0
gemma3:12b,oracle,4000,pos_06,comparison,conflicting,5,1.0,1.0,0.7333333333333333,0.0
gemma3:12b,oracle,4000,pos_06,comparison,high,5,1.0,1.0,0.7999999999999999,0.0
gemma3:12b,oracle,4000,pos_06,comparison,low,5,1.0,1.0,0.6666666666666666,0.0
gemma3:12b,oracle,4000,pos_06,comparison,none,5,1.0,1.0,0.7333333333333333,0.0
gemma3:12b,oracle,4000,pos_06,multi_hop,conflicting,5,1.0,1.0,1.0,0.0
gemma3:12b,oracle,4000,pos_06,multi_hop,high,5,1.0,1.0,1.0,0.0
gemma3:12b,oracle,4000,pos_06,multi_hop,low,5,1.0,1.0,1.0,0.0
gemma3:12b,oracle,4000,pos_06,multi_hop,none,5,1.0,1.0,1.0,0.0
gemma3:12b,oracle,4000,pos_06,single_hop,conflicting,5,1.0,1.0,1.0,0.0
gemma3:12b,oracle,4000,pos_06,single_hop,high,5,1.0,1.0,1.0,0.0
gemma3:12b,oracle,4000,pos_06,single_hop,low,5,1.0,1.0,1.0,0.0
gemma3:12b,oracle,4000,pos_06,single_hop,none,5,1.0,1.0,1.0,0.0
gemma3:12b,oracle,4000,pos_07,arithmetic,conflicting,5,1.0,1.0,1.0,0.0
gemma3:12b,oracle,4000,pos_07,arithmetic,high,5,1.0,1.0,1.0,0.0
gemma3:12b,oracle,4000,pos_07,arithmetic,low,5,1.0,1.0,1.0,0.0
gemma3:12b,oracle,4000,pos_07,arithmetic,none,5,1.0,1.0,1.0,0.0
gemma3:12b,oracle,4000,pos_07,comparison,conflicting,5,1.0,1.0,0.7999999999999999,0.0
gemma3:12b,oracle,4000,pos_07,comparison,high,5,1.0,1.0,0.6666666666666666,0.0
gemma3:12b,oracle,4000,pos_07,comparison,low,5,1.0,1.0,0.7333333333333333,0.0
gemma3:12b,oracle,4000,pos_07,comparison,none,5,1.0,1.0,0.7333333333333333,0.0
gemma3:12b,oracle,4000,pos_07,multi_hop,conflicting,5,1.0,1.0,1.0,0.0
gemma3:12b,oracle,4000,pos_07,multi_hop,high,5,1.0,1.0,1.0,0.0
gemma3:12b,oracle,4000,pos_07,multi_hop,low,5,1.0,1.0,1.0,0.0
gemma3:12b,oracle,4000,pos_07,multi_hop,none,5,1.0,1.0,1.0,0.0
gemma3:12b,oracle,4000,pos_07,single_hop,conflicting,5,1.0,1.0,1.0,0.0
gemma3:12b,oracle,4000,pos_07,single_hop,high,5,1.0,1.0,1.0,0.0
gemma3:12b,oracle,4000,pos_07,single_hop,low,5,1.0,1.0,1.0,0.0
gemma3:12b,oracle,4000,pos_07,single_hop,none,5,1.0,1.0,1.0,0.0
gemma3:12b,oracle,4000,pos_08,arithmetic,conflicting,5,1.0,1.0,1.0,0.0
gemma3:12b,oracle,4000,pos_08,arithmetic,high,5,1.0,1.0,1.0,0.0
gemma3:12b,oracle,4000,pos_08,arithmetic,low,5,1.0,1.0,1.0,0.0
gemma3:12b,oracle,4000,pos_08,arithmetic,none,5,1.0,1.0,1.0,0.0
gemma3:12b,oracle,4000,pos_08,comparison,conflicting,5,1.0,1.0,0.6666666666666666,0.0
gemma3:12b,oracle,4000,pos_08,comparison,high,5,1.0,1.0,0.7333333333333333,0.0
gemma3:12b,oracle,4000,pos_08,comparison,low,5,1.0,1.0,0.7333333333333333,0.0
gemma3:12b,oracle,4000,pos_08,comparison,none,5,1.0,1.0,0.7999999999999999,0.0
gemma3:12b,oracle,4000,pos_08,multi_hop,conflicting,5,1.0,1.0,1.0,0.0
gemma3:12b,oracle,4000,pos_08,multi_hop,high,5,1.0,1.0,1.0,0.0
gemma3:12b,oracle,4000,pos_08,multi_hop,low,5,1.0,1.0,1.0,0.0
gemma3:12b,oracle,4000,pos_08,multi_hop,none,5,1.0,1.0,1.0,0.0
gemma3:12b,oracle,4000,pos_08,single_hop,conflicting,5,1.0,1.0,1.0,0.0
gemma3:12b,oracle,4000,pos_08,single_hop,high,5,1.0,1.0,1.0,0.0
gemma3:12b,oracle,4000,pos_08,single_hop,low,5,1.0,1.0,1.0,0.0
gemma3:12b,oracle,4000,pos_08,single_hop,none,5,1.0,1.0,1.0,0.0
gemma3:12b,oracle,4000,pos_09,arithmetic,conflicting,5,1.0,1.0,1.0,0.0
gemma3:12b,oracle,4000,pos_09,arithmetic,high,5,1.0,1.0,1.0,0.0
gemma3:12b,oracle,4000,pos_09,arithmetic,low,5,1.0,1.0,1.0,0.0
gemma3:12b,oracle,4000,pos_09,arithmetic,none,5,1.0,1.0,1.0,0.0
gemma3:12b,oracle,4000,pos_09,comparison,conflicting,5,1.0,1.0,0.6666666666666666,0.0
gemma3:12b,oracle,4000,pos_09,comparison,high,5,1.0,1.0,0.6666666666666666,0.0
gemma3:12b,oracle,4000,pos_09,comparison,low,5,1.0,1.0,0.6666666666666666,0.0
gemma3:12b,oracle,4000,pos_09,comparison,none,5,1.0,1.0,0.6666666666666666,0.0
gemma3:12b,oracle,4000,pos_09,multi_hop,conflicting,5,1.0,1.0,1.0,0.0
gemma3:12b,oracle,4000,pos_09,multi_hop,high,5,1.0,1.0,1.0,0.0
gemma3:12b,oracle,4000,pos_09,multi_hop,low,5,1.0,1.0,1.0,0.0
gemma3:12b,oracle,4000,pos_09,multi_hop,none,5,1.0,1.0,1.0,0.0
gemma3:12b,oracle,4000,pos_09,single_hop,conflicting,5,1.0,1.0,1.0,0.0
gemma3:12b,oracle,4000,pos_09,single_hop,high,5,1.0,1.0,1.0,0.0
gemma3:12b,oracle,4000,pos_09,single_hop,low,5,1.0,1.0,1.0,0.0
gemma3:12b,oracle,4000,pos_09,single_hop,none,5,1.0,1.0,1.0,0.0
gemma3:12b,oracle,8000,pos_00,arithmetic,conflicting,5,1.0,1.0,1.0,0.0
gemma3:12b,oracle,8000,pos_00,arithmetic,high,5,1.0,1.0,1.0,0.0
gemma3:12b,oracle,8000,pos_00,arithmetic,low,5,1.0,1.0,1.0,0.0
gemma3:12b,oracle,8000,pos_00,arithmetic,none,5,1.0,1.0,1.0,0.0
gemma3:12b,oracle,8000,pos_00,comparison,conflicting,5,1.0,1.0,0.7999999999999999,0.0
gemma3:12b,oracle,8000,pos_00,comparison,high,5,1.0,1.0,0.7333333333333333,0.0
gemma3:12b,oracle,8000,pos_00,comparison,low,5,1.0,1.0,0.6666666666666666,0.0
gemma3:12b,oracle,8000,pos_00,comparison,none,5,1.0,1.0,0.6666666666666666,0.0
gemma3:12b,oracle,8000,pos_00,multi_hop,conflicting,5,1.0,1.0,1.0,0.0
gemma3:12b,oracle,8000,pos_00,multi_hop,high,5,1.0,1.0,1.0,0.0
gemma3:12b,oracle,8000,pos_00,multi_hop,low,5,1.0,1.0,1.0,0.0
gemma3:12b,oracle,8000,pos_00,multi_hop,none,5,1.0,1.0,1.0,0.0
gemma3:12b,oracle,8000,pos_00,single_hop,conflicting,5,1.0,1.0,1.0,0.0
gemma3:12b,oracle,8000,pos_00,single_hop,high,5,1.0,1.0,1.0,0.0
gemma3:12b,oracle,8000,pos_00,single_hop,low,5,1.0,1.0,1.0,0.0
gemma3:12b,oracle,8000,pos_00,single_hop,none,5,1.0,1.0,1.0,0.0
gemma3:12b,oracle,8000,pos_01,arithmetic,conflicting,5,0.8,0.8,1.0,0.0
gemma3:12b,oracle,8000,pos_01,arithmetic,high,5,1.0,1.0,1.0,0.0
gemma3:12b,oracle,8000,pos_01,arithmetic,low,5,1.0,1.0,1.0,0.0
gemma3:12b,oracle,8000,pos_01,arithmetic,none,5,0.8,0.8,1.0,0.0
gemma3:12b,oracle,8000,pos_01,comparison,conflicting,5,1.0,1.0,0.6666666666666666,0.0
gemma3:12b,oracle,8000,pos_01,comparison,high,5,1.0,1.0,0.7999999999999999,0.0
gemma3:12b,oracle,8000,pos_01,comparison,low,5,1.0,1.0,0.7999999999999999,0.0
gemma3:12b,oracle,8000,pos_01,comparison,none,5,1.0,1.0,0.7333333333333333,0.0
gemma3:12b,oracle,8000,pos_01,multi_hop,conflicting,5,1.0,1.0,1.0,0.0
gemma3:12b,oracle,8000,pos_01,multi_hop,high,5,1.0,1.0,1.0,0.0
gemma3:12b,oracle,8000,pos_01,multi_hop,low,5,1.0,1.0,1.0,0.0
gemma3:12b,oracle,8000,pos_01,multi_hop,none,5,1.0,1.0,1.0,0.0
gemma3:12b,oracle,8000,pos_01,single_hop,conflicting,5,1.0,1.0,1.0,0.0
gemma3:12b,oracle,8000,pos_01,single_hop,high,5,1.0,1.0,1.0,0.0
gemma3:12b,oracle,8000,pos_01,single_hop,low,5,1.0,1.0,1.0,0.0
gemma3:12b,oracle,8000,pos_01,single_hop,none,5,1.0,1.0,1.0,0.0
gemma3:12b,oracle,8000,pos_02,arithmetic,conflicting,5,1.0,1.0,1.0,0.0
gemma3:12b,oracle,8000,pos_02,arithmetic,high,5,1.0,1.0,1.0,0.0
gemma3:12b,oracle,8000,pos_02,arithmetic,low,5,1.0,1.0,1.0,0.0
gemma3:12b,oracle,8000,pos_02,arithmetic,none,5,1.0,1.0,1.0,0.0
gemma3:12b,oracle,8000,pos_02,comparison,conflicting,5,1.0,1.0,0.7333333333333333,0.0
gemma3:12b,oracle,8000,pos_02,comparison,high,5,1.0,1.0,0.7999999999999999,0.0
gemma3:12b,oracle,8000,pos_02,comparison,low,5,1.0,1.0,0.6666666666666666,0.0
gemma3:12b,oracle,8000,pos_02,comparison,none,5,1.0,1.0,0.7333333333333333,0.0
gemma3:12b,oracle,8000,pos_02,multi_hop,conflicting,5,1.0,1.0,1.0,0.0
gemma3:12b,oracle,8000,pos_02,multi_hop,high,5,1.0,1.0,1.0,0.0
gemma3:12b,oracle,8000,pos_02,multi_hop,low,5,1.0,1.0,1.0,0.0
gemma3:12b,oracle,8000,pos_02,multi_hop,none,5,1.0,1.0,1.0,0.0
gemma3:12b,oracle,8000,pos_02,single_hop,conflicting,5,1.0,1.0,1.0,0.0
gemma3:12b,oracle,8000,pos_02,single_hop,high,5,1.0,1.0,1.0,0.0
gemma3:12b,oracle,8000,pos_02,single_hop,low,5,1.0,1.0,1.0,0.0
gemma3:12b,oracle,8000,pos_02,single_hop,none,5,1.0,1.0,1.0,0.0
gemma3:12b,oracle,8000,pos_03,arithmetic,conflicting,5,1.0,1.0,1.0,0.0
gemma3:12b,oracle,8000,pos_03,arithmetic,high,5,0.8,0.8,1.0,0.0
gemma3:12b,oracle,8000,pos_03,arithmetic,low,5,1.0,1.0,1.0,0.0
gemma3:12b,oracle,8000,pos_03,arithmetic,none,5,1.0,1.0,1.0,0.0
gemma3:12b,oracle,8000,pos_03,comparison,conflicting,5,1.0,1.0,0.6666666666666666,0.0
gemma3:12b,oracle,8000,pos_03,comparison,high,5,1.0,1.0,0.6666666666666666,0.0
gemma3:12b,oracle,8000,pos_03,comparison,low,5,1.0,1.0,0.7333333333333333,0.0
gemma3:12b,oracle,8000,pos_03,comparison,none,5,1.0,1.0,0.7333333333333333,0.0
gemma3:12b,oracle,8000,pos_03,multi_hop,conflicting,5,1.0,1.0,1.0,0.0
gemma3:12b,oracle,8000,pos_03,multi_hop,high,5,1.0,1.0,1.0,0.0
gemma3:12b,oracle,8000,pos_03,multi_hop,low,5,1.0,1.0,1.0,0.0
gemma3:12b,oracle,8000,pos_03,multi_hop,none,5,1.0,1.0,1.0,0.0
gemma3:12b,oracle,8000,pos_03,single_hop,conflicting,5,1.0,1.0,1.0,0.0
gemma3:12b,oracle,8000,pos_03,single_hop,high,5,1.0,1.0,1.0,0.0
gemma3:12b,oracle,8000,pos_03,single_hop,low,5,1.0,1.0,1.0,0.0
gemma3:12b,oracle,8000,pos_03,single_hop,none,5,1.0,1.0,1.0,0.0
gemma3:12b,oracle,8000,pos_04,arithmetic,conflicting,5,1.0,1.0,1.0,0.0
gemma3:12b,oracle,8000,pos_04,arithmetic,high,5,1.0,1.0,1.0,0.0
gemma3:12b,oracle,8000,pos_04,arithmetic,low,5,1.0,1.0,1.0,0.0
gemma3:12b,oracle,8000,pos_04,arithmetic,none,5,1.0,1.0,1.0,0.0
gemma3:12b,oracle,8000,pos_04,comparison,conflicting,5,1.0,1.0,0.6666666666666666,0.0
gemma3:12b,oracle,8000,pos_04,comparison,high,5,1.0,1.0,0.7333333333333333,0.0
gemma3:12b,oracle,8000,pos_04,comparison,low,5,1.0,1.0,0.7333333333333333,0.0
gemma3:12b,oracle,8000,pos_04,comparison,none,5,1.0,1.0,0.8666666666666667,0.0
gemma3:12b,oracle,8000,pos_04,multi_hop,conflicting,5,1.0,1.0,1.0,0.0
gemma3:12b,oracle,8000,pos_04,multi_hop,high,5,1.0,1.0,1.0,0.0
gemma3:12b,oracle,8000,pos_04,multi_hop,low,5,1.0,1.0,1.0,0.0
gemma3:12b,oracle,8000,pos_04,multi_hop,none,5,1.0,1.0,1.0,0.0
gemma3:12b,oracle,8000,pos_04,single_hop,conflicting,5,1.0,1.0,1.0,0.0
gemma3:12b,oracle,8000,pos_04,single_hop,high,5,1.0,1.0,1.0,0.0
gemma3:12b,oracle,8000,pos_04,single_hop,low,5,1.0,1.0,1.0,0.0
gemma3:12b,oracle,8000,pos_04,single_hop,none,5,1.0,1.0,1.0,0.0
gemma3:12b,oracle,8000,pos_05,arithmetic,conflicting,5,1.0,1.0,1.0,0.0
gemma3:12b,oracle,8000,pos_05,arithmetic,high,5,0.8,0.8,1.0,0.0
gemma3:12b,oracle,8000,pos_05,arithmetic,low,5,1.0,1.0,1.0,0.0
gemma3:12b,oracle,8000,pos_05,arithmetic,none,5,1.0,1.0,1.0,0.0
gemma3:12b,oracle,8000,pos_05,comparison,conflicting,5,1.0,1.0,0.6666666666666666,0.0
gemma3:12b,oracle,8000,pos_05,comparison,high,5,1.0,1.0,0.6666666666666666,0.0
gemma3:12b,oracle,8000,pos_05,comparison,low,5,1.0,1.0,0.6666666666666666,0.0
gemma3:12b,oracle,8000,pos_05,comparison,none,5,1.0,1.0,0.6666666666666666,0.0
gemma3:12b,oracle,8000,pos_05,multi_hop,conflicting,5,1.0,1.0,1.0,0.0
gemma3:12b,oracle,8000,pos_05,multi_hop,high,5,1.0,1.0,1.0,0.0
gemma3:12b,oracle,8000,pos_05,multi_hop,low,5,1.0,1.0,1.0,0.0
gemma3:12b,oracle,8000,pos_05,multi_hop,none,5,1.0,1.0,1.0,0.0
gemma3:12b,oracle,8000,pos_05,single_hop,conflicting,5,1.0,1.0,1.0,0.0
gemma3:12b,oracle,8000,pos_05,single_hop,high,5,1.0,1.0,1.0,0.0
gemma3:12b,oracle,8000,pos_05,single_hop,low,5,1.0,1.0,1.0,0.0
gemma3:12b,oracle,8000,pos_05,single_hop,none,5,1.0,1.0,1.0,0.0
gemma3:12b,oracle,8000,pos_06,arithmetic,conflicting,5,1.0,1.0,1.0,0.0
gemma3:12b,oracle,8000,pos_06,arithmetic,high,5,1.0,1.0,1.0,0.0
gemma3:12b,oracle,8000,pos_06,arithmetic,low,5,1.0,1.0,1.0,0.0
gemma3:12b,oracle,8000,pos_06,arithmetic,none,5,1.0,1.0,1.0,0.0
gemma3:12b,oracle,8000,pos_06,comparison,conflicting,5,1.0,1.0,0.6666666666666666,0.0
gemma3:12b,oracle,8000,pos_06,comparison,high,5,1.0,1.0,0.7999999999999999,0.0
gemma3:12b,oracle,8000,pos_06,comparison,low,5,1.0,1.0,0.9333333333333333,0.0
gemma3:12b,oracle,8000,pos_06,comparison,none,5,1.0,1.0,0.6666666666666666,0.0
gemma3:12b,oracle,8000,pos_06,multi_hop,conflicting,5,1.0,1.0,1.0,0.0
gemma3:12b,oracle,8000,pos_06,multi_hop,high,5,1.0,1.0,1.0,0.0
gemma3:12b,oracle,8000,pos_06,multi_hop,low,5,1.0,1.0,1.0,0.0
gemma3:12b,oracle,8000,pos_06,multi_hop,none,5,1.0,1.0,1.0,0.0
gemma3:12b,oracle,8000,pos_06,single_hop,conflicting,5,1.0,1.0,1.0,0.0
gemma3:12b,oracle,8000,pos_06,single_hop,high,5,1.0,1.0,1.0,0.0
gemma3:12b,oracle,8000,pos_06,single_hop,low,5,1.0,1.0,1.0,0.0
gemma3:12b,oracle,8000,pos_06,single_hop,none,5,1.0,1.0,1.0,0.0
gemma3:12b,oracle,8000,pos_07,arithmetic,conflicting,5,1.0,1.0,1.0,0.0
gemma3:12b,oracle,8000,pos_07,arithmetic,high,5,1.0,1.0,1.0,0.0
gemma3:12b,oracle,8000,pos_07,arithmetic,low,5,1.0,1.0,1.0,0.0
gemma3:12b,oracle,8000,pos_07,arithmetic,none,5,0.8,0.8,1.0,0.0
gemma3:12b,oracle,8000,pos_07,comparison,conflicting,5,1.0,1.0,0.6666666666666666,0.0
gemma3:12b,oracle,8000,pos_07,comparison,high,5,1.0,1.0,0.6666666666666666,0.0
gemma3:12b,oracle,8000,pos_07,comparison,low,5,1.0,1.0,0.6666666666666666,0.0
gemma3:12b,oracle,8000,pos_07,comparison,none,5,1.0,1.0,0.7333333333333333,0.0
gemma3:12b,oracle,8000,pos_07,multi_hop,conflicting,5,1.0,1.0,1.0,0.0
gemma3:12b,oracle,8000,pos_07,multi_hop,high,5,1.0,1.0,1.0,0.0
gemma3:12b,oracle,8000,pos_07,multi_hop,low,5,1.0,1.0,1.0,0.0
gemma3:12b,oracle,8000,pos_07,multi_hop,none,5,1.0,1.0,1.0,0.0
gemma3:12b,oracle,8000,pos_07,single_hop,conflicting,5,1.0,1.0,1.0,0.0
gemma3:12b,oracle,8000,pos_07,single_hop,high,5,1.0,1.0,1.0,0.0
gemma3:12b,oracle,8000,pos_07,single_hop,low,5,1.0,1.0,1.0,0.0
gemma3:12b,oracle,8000,pos_07,single_hop,none,5,1.0,1.0,1.0,0.0
gemma3:12b,oracle,8000,pos_08,arithmetic,conflicting,5,1.0,1.0,1.0,0.0
gemma3:12b,oracle,8000,pos_08,arithmetic,high,5,1.0,1.0,1.0,0.0
gemma3:12b,oracle,8000,pos_08,arithmetic,low,5,1.0,1.0,1.0,0.0
gemma3:12b,oracle,8000,pos_08,arithmetic,none,5,1.0,1.0,1.0,0.0
gemma3:12b,oracle,8000,pos_08,comparison,conflicting,5,1.0,1.0,0.7333333333333333,0.0
gemma3:12b,oracle,8000,pos_08,comparison,high,5,1.0,1.0,0.7333333333333333,0.0
gemma3:12b,oracle,8000,pos_08,comparison,low,5,1.0,1.0,0.7999999999999999,0.0
gemma3:12b,oracle,8000,pos_08,comparison,none,5,1.0,1.0,0.6666666666666666,0.0
gemma3:12b,oracle,8000,pos_08,multi_hop,conflicting,5,1.0,1.0,1.0,0.0
gemma3:12b,oracle,8000,pos_08,multi_hop,high,5,1.0,1.0,1.0,0.0
gemma3:12b,oracle,8000,pos_08,multi_hop,low,5,1.0,1.0,1.0,0.0
gemma3:12b,oracle,8000,pos_08,multi_hop,none,5,1.0,1.0,1.0,0.0
gemma3:12b,oracle,8000,pos_08,single_hop,conflicting,5,1.0,1.0,1.0,0.0
gemma3:12b,oracle,8000,pos_08,single_hop,high,5,1.0,1.0,1.0,0.0
gemma3:12b,oracle,8000,pos_08,single_hop,low,5,1.0,1.0,1.0,0.0
gemma3:12b,oracle,8000,pos_08,single_hop,none,5,1.0,1.0,1.0,0.0
gemma3:12b,oracle,8000,pos_09,arithmetic,conflicting,5,0.8,0.8,1.0,0.0
gemma3:12b,oracle,8000,pos_09,arithmetic,high,5,1.0,1.0,1.0,0.0
gemma3:12b,oracle,8000,pos_09,arithmetic,low,5,1.0,1.0,1.0,0.0
gemma3:12b,oracle,8000,pos_09,arithmetic,none,5,0.8,0.8,1.0,0.0
gemma3:12b,oracle,8000,pos_09,comparison,conflicting,5,1.0,1.0,0.6666666666666666,0.0
gemma3:12b,oracle,8000,pos_09,comparison,high,5,1.0,1.0,0.7333333333333333,0.0
gemma3:12b,oracle,8000,pos_09,comparison,low,5,1.0,1.0,0.8666666666666667,0.0
gemma3:12b,oracle,8000,pos_09,comparison,none,5,1.0,1.0,0.6666666666666666,0.0
gemma3:12b,oracle,8000,pos_09,multi_hop,conflicting,5,1.0,1.0,1.0,0.0
gemma3:12b,oracle,8000,pos_09,multi_hop,high,5,1.0,1.0,1.0,0.0
gemma3:12b,oracle,8000,pos_09,multi_hop,low,5,1.0,1.0,1.0,0.0
gemma3:12b,oracle,8000,pos_09,multi_hop,none,5,1.0,1.0,1.0,0.0
gemma3:12b,oracle,8000,pos_09,single_hop,conflicting,5,1.0,1.0,1.0,0.0
gemma3:12b,oracle,8000,pos_09,single_hop,high,5,1.0,1.0,1.0,0.0
gemma3:12b,oracle,8000,pos_09,single_hop,low,5,1.0,1.0,1.0,0.0
gemma3:12b,oracle,8000,pos_09,single_hop,none,5,1.0,1.0,1.0,0.0
gemma3:12b,retrieve_then_read,16000,pos_00,arithmetic,conflicting,5,0.6,0.6,1.0,0.0
gemma3:12b,retrieve_then_read,16000,pos_00,arithmetic,high,5,0.6,0.6,0.9333333333333333,0.0
gemma3:12b,retrieve_then_read,16000,pos_00,arithmetic,low,5,0.6,0.6,0.9333333333333333,0.0
gemma3:12b,retrieve_then_read,16000,pos_00,arithmetic,none,5,0.4,0.4,1.0,0.0
gemma3:12b,retrieve_then_read,16000,pos_00,comparison,conflicting,5,1.0,1.0,0.4666666666666667,0.0
gemma3:12b,retrieve_then_read,16000,pos_00,comparison,high,5,1.0,1.0,0.6666666666666666,0.0
gemma3:12b,retrieve_then_read,16000,pos_00,comparison,low,5,1.0,1.0,0.6666666666666666,0.0
gemma3:12b,retrieve_then_read,16000,pos_00,comparison,none,5,1.0,1.0,0.6666666666666666,0.0
gemma3:12b,retrieve_then_read,16000,pos_00,multi_hop,conflicting,5,1.0,1.0,0.7333333333333333,0.0
gemma3:12b,retrieve_then_read,16000,pos_00,multi_hop,high,5,1.0,1.0,0.9333333333333333,0.0
gemma3:12b,retrieve_then_read,16000,pos_00,multi_hop,low,5,1.0,1.0,0.7333333333333333,0.0
gemma3:12b,retrieve_then_read,16000,pos_00,multi_hop,none,5,1.0,1.0,0.6666666666666666,0.0
gemma3:12b,retrieve_then_read,16000,pos_00,single_hop,conflicting,5,1.0,1.0,1.0,0.0
gemma3:12b,retrieve_then_read,16000,pos_00,single_hop,high,5,1.0,1.0,1.0,0.0
gemma3:12b,retrieve_then_read,16000,pos_00,single_hop,low,5,1.0,1.0,1.0,0.0
gemma3:12b,retrieve_then_read,16000,pos_00,single_hop,none,5,1.0,1.0,1.0,0.0
gemma3:12b,retrieve_then_read,16000,pos_01,arithmetic,conflicting,5,0.0,0.0,1.0,0.0
gemma3:12b,retrieve_then_read,16000,pos_01,arithmetic,high,5,0.2,0.2,1.0,0.0
gemma3:12b,retrieve_then_read,16000,pos_01,arithmetic,low,5,0.4,0.4,1.0,0.0
gemma3:12b,retrieve_then_read,16000,pos_01,arithmetic,none,5,0.2,0.2,1.0,0.0
gemma3:12b,retrieve_then_read,16000,pos_01,comparison,conflicting,5,1.0,1.0,0.2,0.0
gemma3:12b,retrieve_then_read,16000,pos_01,comparison,high,5,1.0,1.0,0.6666666666666666,0.0
gemma3:12b,retrieve_then_read,16000,pos_01,comparison,low,5,1.0,1.0,0.6666666666666666,0.0
gemma3:12b,retrieve_then_read,16000,pos_01,comparison,none,5,1.0,1.0,0.6666666666666666,0.0
gemma3:12b,retrieve_then_read,16000,pos_01,multi_hop,conflicting,5,1.0,1.0,0.6666666666666666,0.0
gemma3:12b,retrieve_then_read,16000,pos_01,multi_hop,high,5,1.0,1.0,0.6666666666666666,0.0
gemma3:12b,retrieve_then_read,16000,pos_01,multi_hop,low,5,1.0,1.0,0.7999999999999999,0.0
gemma3:12b,retrieve_then_read,16000,pos_01,multi_hop,none,5,1.0,1.0,0.8666666666666667,0.0
gemma3:12b,retrieve_then_read,16000,pos_01,single_hop,conflicting,5,1.0,1.0,1.0,0.0
gemma3:12b,retrieve_then_read,16000,pos_01,single_hop,high,5,1.0,1.0,1.0,0.0
gemma3:12b,retrieve_then_read,16000,pos_01,single_hop,low,5,1.0,1.0,1.0,0.0
gemma3:12b,retrieve_then_read,16000,pos_01,single_hop,none,5,1.0,1.0,1.0,0.0
gemma3:12b,retrieve_then_read,16000,pos_02,arithmetic,conflicting,5,0.6,0.6,0.9333333333333333,0.0
gemma3:12b,retrieve_then_read,16000,pos_02,arithmetic,high,5,0.4,0.4,1.0,0.0
gemma3:12b,retrieve_then_read,16000,pos_02,arithmetic,low,5,0.6,0.6,1.0,0.0
gemma3:12b,retrieve_then_read,16000,pos_02,arithmetic,none,5,0.2,0.2,0.9333333333333333,0.0
gemma3:12b,retrieve_then_read,16000,pos_02,comparison,conflicting,5,0.5,0.0,0.0,0.0
gemma3:12b,retrieve_then_read,16000,pos_02,comparison,high,5,1.0,1.0,0.6666666666666666,0.0
gemma3:12b,retrieve_then_read,16000,pos_02,comparison,low,5,1.0,1.0,0.6666666666666666,0.0
gemma3:12b,retrieve_then_read,16000,pos_02,comparison,none,5,1.0,1.0,0.6666666666666666,0.0
gemma3:12b,retrieve_then_read,16000,pos_02,multi_hop,conflicting,5,1.0,1.0,0.6666666666666666,0.0
gemma3:12b,retrieve_then_read,16000,pos_02,multi_hop,high,5,1.0,1.0,1.0,0.0
gemma3:12b,retrieve_then_read,16000,pos_02,multi_hop,low,5,1.0,1.0,0.7999999999999999,0.0
gemma3:12b,retrieve_then_read,16000,pos_02,multi_hop,none,5,1.0,1.0,0.6666666666666666,0.0
gemma3:12b,retrieve_then_read,16000,pos_02,single_hop,conflicting,5,1.0,1.0,1.0,0.0
gemma3:12b,retrieve_then_read,16000,pos_02,single_hop,high,5,1.0,1.0,1.0,0.0
gemma3:12b,retrieve_then_read,16000,pos_02,single_hop,low,5,1.0,1.0,1.0,0.0
gemma3:12b,retrieve_then_read,16000,pos_02,single_hop,none,5,1.0,1.0,1.0,0.0
gemma3:12b,retrieve_then_read,16000,pos_03,arithmetic,conflicting,5,0.4,0.4,1.0,0.0
gemma3:12b,retrieve_then_read,16000,pos_03,arithmetic,high,5,0.2,0.2,1.0,0.0
gemma3:12b,retrieve_then_read,16000,pos_03,arithmetic,low,5,0.2,0.2,1.0,0.0
gemma3:12b,retrieve_then_read,16000,pos_03,arithmetic,none,5,0.2,0.2,1.0,0.0
gemma3:12b,retrieve_then_read,16000,pos_03,comparison,conflicting,5,1.0,1.0,0.16,0.0
gemma3:12b,retrieve_then_read,16000,pos_03,comparison,high,5,1.0,1.0,0.6666666666666666,0.0
gemma3:12b,retrieve_then_read,16000,pos_03,comparison,low,5,1.0,1.0,0.6666666666666666,0.0
gemma3:12b,retrieve_then_read,16000,pos_03,comparison,none,5,1.0,1.0,0.6666666666666666,0.0
gemma3:12b,retrieve_then_read,16000,pos_03,multi_hop,conflicting,5,1.0,1.0,0.6666666666666666,0.0
gemma3:12b,retrieve_then_read,16000,pos_03,multi_hop,high,5,1.0,1.0,0.9333333333333333,0.0
gemma3:12b,retrieve_then_read,16000,pos_03,multi_hop,low,5,1.0,1.0,0.7999999999999999,0.0
gemma3:12b,retrieve_then_read,16000,pos_03,multi_hop,none,5,1.0,1.0,0.6666666666666666,0.0
gemma3:12b,retrieve_then_read,16000,pos_03,single_hop,conflicting,5,1.0,1.0,1.0,0.0
gemma3:12b,retrieve_then_read,16000,pos_03,single_hop,high,5,1.0,1.0,1.0,0.0
gemma3:12b,retrieve_then_read,16000,pos_03,single_hop,low,5,1.0,1.0,1.0,0.0
gemma3:12b,retrieve_then_read,16000,pos_03,single_hop,none,5,1.0,1.0,1.0,0.0
gemma3:12b,retrieve_then_read,16000,pos_04,arithmetic,conflicting,5,0.4,0.4,1.0,0.0
gemma3:12b,retrieve_then_read,16000,pos_04,arithmetic,high,5,0.6,0.6,0.9333333333333333,0.0
gemma3:12b,retrieve_then_read,16000,pos_04,arithmetic,low,5,0.6,0.6,1.0,0.0
gemma3:12b,retrieve_then_read,16000,pos_04,arithmetic,none,5,0.2,0.2,1.0,0.0
gemma3:12b,retrieve_then_read,16000,pos_04,comparison,conflicting,5,0.6,0.2,0.0,0.0
gemma3:12b,retrieve_then_read,16000,pos_04,comparison,high,5,1.0,1.0,0.6666666666666666,0.0
gemma3:12b,retrieve_then_read,16000,pos_04,comparison,low,5,1.0,1.0,0.6666666666666666,0.0
gemma3:12b,retrieve_then_read,16000,pos_04,comparison,none,5,1.0,1.0,0.6666666666666666,0.0
gemma3:12b,retrieve_then_read,16000,pos_04,multi_hop,conflicting,5,1.0,1.0,0.7999999999999999,0.0
gemma3:12b,retrieve_then_read,16000,pos_04,multi_hop,high,5,1.0,1.0,0.9333333333333333,0.0
gemma3:12b,retrieve_then_read,16000,pos_04,multi_hop,low,5,1.0,1.0,0.9333333333333333,0.0
gemma3:12b,retrieve_then_read,16000,pos_04,multi_hop,none,5,1.0,1.0,0.7333333333333333,0.0
gemma3:12b,retrieve_then_read,16000,pos_04,single_hop,conflicting,5,1.0,1.0,1.0,0.0
gemma3:12b,retrieve_then_read,16000,pos_04,single_hop,high,5,1.0,1.0,1.0,0.0
gemma3:12b,retrieve_then_read,16000,pos_04,single_hop,low,5,1.0,1.0,1.0,0.0
gemma3:12b,retrieve_then_read,16000,pos_04,single_hop,none,5,1.0,1.0,1.0,0.0
gemma3:12b,retrieve_then_read,16000,pos_05,arithmetic,conflicting,5,0.2,0.2,0.8666666666666667,0.0
gemma3:12b,retrieve_then_read,16000,pos_05,arithmetic,high,5,0.6,0.6,1.0,0.0
gemma3:12b,retrieve_then_read,16000,pos_05,arithmetic,low,5,0.4,0.4,1.0,0.0
gemma3:12b,retrieve_then_read,16000,pos_05,arithmetic,none,5,0.6,0.6,1.0,0.0
gemma3:12b,retrieve_then_read,16000,pos_05,comparison,conflicting,5,0.5,0.0,0.0,0.0
gemma3:12b,retrieve_then_read,16000,pos_05,comparison,high,5,1.0,1.0,0.6666666666666666,0.0
gemma3:12b,retrieve_then_read,16000,pos_05,comparison,low,5,1.0,1.0,0.6666666666666666,0.0
gemma3:12b,retrieve_then_read,16000,pos_05,comparison,none,5,1.0,1.0,0.6666666666666666,0.0
gemma3:12b,retrieve_then_read,16000,pos_05,multi_hop,conflicting,5,1.0,1.0,0.6666666666666666,0.0
gemma3:12b,retrieve_then_read,16000,pos_05,multi_hop,high,5,1.0,1.0,1.0,0.0
gemma3:12b,retrieve_then_read,16000,pos_05,multi_hop,low,5,1.0,1.0,0.9333333333333333,0.0
gemma3:12b,retrieve_then_read,16000,pos_05,multi_hop,none,5,1.0,1.0,0.7999999999999999,0.0
gemma3:12b,retrieve_then_read,16000,pos_05,single_hop,conflicting,5,1.0,1.0,1.0,0.0
gemma3:12b,retrieve_then_read,16000,pos_05,single_hop,high,5,1.0,1.0,1.0,0.0
gemma3:12b,retrieve_then_read,16000,pos_05,single_hop,low,5,1.0,1.0,1.0,0.0
gemma3:12b,retrieve_then_read,16000,pos_05,single_hop,none,5,1.0,1.0,1.0,0.0
gemma3:12b,retrieve_then_read,16000,pos_06,arithmetic,conflicting,5,0.6,0.6,0.7999999999999999,0.0
gemma3:12b,retrieve_then_read,16000,pos_06,arithmetic,high,5,0.8,0.8,1.0,0.0
gemma3:12b,retrieve_then_read,16000,pos_06,arithmetic,low,5,0.6,0.6,1.0,0.0
gemma3:12b,retrieve_then_read,16000,pos_06,arithmetic,none,5,0.6,0.6,1.0,0.0
gemma3:12b,retrieve_then_read,16000,pos_06,comparison,conflicting,5,0.5,0.0,0.0,0.0
gemma3:12b,retrieve_then_read,16000,pos_06,comparison,high,5,1.0,1.0,0.6666666666666666,0.0
gemma3:12b,retrieve_then_read,16000,pos_06,comparison,low,5,1.0,1.0,0.6666666666666666,0.0
gemma3:12b,retrieve_then_read,16000,pos_06,comparison,none,5,1.0,1.0,0.7999999999999999,0.0
gemma3:12b,retrieve_then_read,16000,pos_06,multi_hop,conflicting,5,1.0,1.0,0.7333333333333333,0.0
gemma3:12b,retrieve_then_read,16000,pos_06,multi_hop,high,5,1.0,1.0,1.0,0.0
gemma3:12b,retrieve_then_read,16000,pos_06,multi_hop,low,5,1.0,1.0,1.0,0.0
gemma3:12b,retrieve_then_read,16000,pos_06,multi_hop,none,5,1.0,1.0,0.6666666666666666,0.0
gemma3:12b,retrieve_then_read,16000,pos_06,single_hop,conflicting,5,1.0,1.0,1.0,0.0
gemma3:12b,retrieve_then_read,16000,pos_06,single_hop,high,5,1.0,1.0,1.0,0.0
gemma3:12b,retrieve_then_read,16000,pos_06,single_hop,low,5,1.0,1.0,1.0,0.0
gemma3:12b,retrieve_then_read,16000,pos_06,single_hop,none,5,1.0,1.0,1.0,0.0
gemma3:12b,retrieve_then_read,16000,pos_07,arithmetic,conflicting,5,0.6,0.6,1.0,0.0
gemma3:12b,retrieve_then_read,16000,pos_07,arithmetic,high,5,0.2,0.2,1.0,0.0
gemma3:12b,retrieve_then_read,16000,pos_07,arithmetic,low,5,0.2,0.2,1.0,0.0
gemma3:12b,retrieve_then_read,16000,pos_07,arithmetic,none,5,0.6,0.6,1.0,0.0
gemma3:12b,retrieve_then_read,16000,pos_07,comparison,conflicting,5,0.6,0.2,0.0,0.0
gemma3:12b,retrieve_then_read,16000,pos_07,comparison,high,5,1.0,1.0,0.6666666666666666,0.0
gemma3:12b,retrieve_then_read,16000,pos_07,comparison,low,5,1.0,1.0,0.7333333333333333,0.0
gemma3:12b,retrieve_then_read,16000,pos_07,comparison,none,5,1.0,1.0,0.6666666666666666,0.0
gemma3:12b,retrieve_then_read,16000,pos_07,multi_hop,conflicting,5,1.0,1.0,0.7333333333333333,0.0
gemma3:12b,retrieve_then_read,16000,pos_07,multi_hop,high,5,1.0,1.0,1.0,0.0
gemma3:12b,retrieve_then_read,16000,pos_07,multi_hop,low,5,1.0,1.0,0.8666666666666667,0.0
gemma3:12b,retrieve_then_read,16000,pos_07,multi_hop,none,5,1.0,1.0,0.6666666666666666,0.0
gemma3:12b,retrieve_then_read,16000,pos_07,single_hop,conflicting,5,1.0,1.0,1.0,0.0
gemma3:12b,retrieve_then_read,16000,pos_07,single_hop,high,5,1.0,1.0,1.0,0.0
gemma3:12b,retrieve_then_read,16000,pos_07,single_hop,low,5,1.0,1.0,1.0,0.0
gemma3:12b,retrieve_then_read,16000,pos_07,single_hop,none,5,1.0,1.0,1.0,0.0
gemma3:12b,retrieve_then_read,16000,pos_08,arithmetic,conflicting,5,0.6,0.6,1.0,0.0
gemma3:12b,retrieve_then_read,16000,pos_08,arithmetic,high,5,0.4,0.4,1.0,0.0
gemma3:12b,retrieve_then_read,16000,pos_08,arithmetic,low,5,0.2,0.2,0.8,0.2
gemma3:12b,retrieve_then_read,16000,pos_08,arithmetic,none,5,0.0,0.0,1.0,0.0
gemma3:12b,retrieve_then_read,16000,pos_08,comparison,conflicting,5,0.7,0.4,0.0,0.0
gemma3:12b,retrieve_then_read,16000,pos_08,comparison,high,5,1.0,1.0,0.6666666666666666,0.0
gemma3:12b,retrieve_then_read,16000,pos_08,comparison,low,5,1.0,1.0,0.6666666666666666,0.0
gemma3:12b,retrieve_then_read,16000,pos_08,comparison,none,5,1.0,1.0,0.6666666666666666,0.0
gemma3:12b,retrieve_then_read,16000,pos_08,multi_hop,conflicting,5,1.0,1.0,0.8666666666666667,0.0
gemma3:12b,retrieve_then_read,16000,pos_08,multi_hop,high,5,1.0,1.0,1.0,0.0
gemma3:12b,retrieve_then_read,16000,pos_08,multi_hop,low,5,1.0,1.0,0.6666666666666666,0.0
gemma3:12b,retrieve_then_read,16000,pos_08,multi_hop,none,5,1.0,1.0,0.6666666666666666,0.0
gemma3:12b,retrieve_then_read,16000,pos_08,single_hop,conflicting,5,1.0,1.0,1.0,0.0
gemma3:12b,retrieve_then_read,16000,pos_08,single_hop,high,5,1.0,1.0,1.0,0.0
gemma3:12b,retrieve_then_read,16000,pos_08,single_hop,low,5,1.0,1.0,1.0,0.0
gemma3:12b,retrieve_then_read,16000,pos_08,single_hop,none,5,1.0,1.0,1.0,0.0
gemma3:12b,retrieve_then_read,16000,pos_09,arithmetic,conflicting,5,0.4,0.4,1.0,0.0
gemma3:12b,retrieve_then_read,16000,pos_09,arithmetic,high,5,0.4,0.4,1.0,0.0
gemma3:12b,retrieve_then_read,16000,pos_09,arithmetic,low,5,0.6,0.6,1.0,0.0
gemma3:12b,retrieve_then_read,16000,pos_09,arithmetic,none,5,0.4,0.4,0.8,0.2
gemma3:12b,retrieve_then_read,16000,pos_09,comparison,conflicting,5,1.0,1.0,0.0,0.0
gemma3:12b,retrieve_then_read,16000,pos_09,comparison,high,5,1.0,1.0,0.6666666666666666,0.0
gemma3:12b,retrieve_then_read,16000,pos_09,comparison,low,5,1.0,1.0,0.6666666666666666,0.0
gemma3:12b,retrieve_then_read,16000,pos_09,comparison,none,5,1.0,1.0,0.6666666666666666,0.0
gemma3:12b,retrieve_then_read,16000,pos_09,multi_hop,conflicting,5,1.0,1.0,0.7333333333333333,0.0
gemma3:12b,retrieve_then_read,16000,pos_09,multi_hop,high,5,1.0,1.0,0.6666666666666666,0.0
gemma3:12b,retrieve_then_read,16000,pos_09,multi_hop,low,5,1.0,1.0,0.6666666666666666,0.0
gemma3:12b,retrieve_then_read,16000,pos_09,multi_hop,none,5,1.0,1.0,0.6666666666666666,0.0
gemma3:12b,retrieve_then_read,16000,pos_09,single_hop,conflicting,5,1.0,1.0,1.0,0.0
gemma3:12b,retrieve_then_read,16000,pos_09,single_hop,high,5,1.0,1.0,1.0,0.0
gemma3:12b,retrieve_then_read,16000,pos_09,single_hop,low,5,1.0,1.0,1.0,0.0
gemma3:12b,retrieve_then_read,16000,pos_09,single_hop,none,5,1.0,1.0,1.0,0.0
gemma3:12b,retrieve_then_read,32000,pos_00,arithmetic,conflicting,5,0.4,0.4,0.7333333333333333,0.0
gemma3:12b,retrieve_then_read,32000,pos_00,arithmetic,high,5,0.4,0.4,1.0,0.0
gemma3:12b,retrieve_then_read,32000,pos_00,arithmetic,low,5,0.6,0.6,1.0,0.0
gemma3:12b,retrieve_then_read,32000,pos_00,arithmetic,none,5,0.4,0.4,1.0,0.0
gemma3:12b,retrieve_then_read,32000,pos_00,comparison,conflicting,5,0.7,0.4,0.0,0.0
gemma3:12b,retrieve_then_read,32000,pos_00,comparison,high,5,1.0,1.0,0.6666666666666666,0.0
gemma3:12b,retrieve_then_read,32000,pos_00,comparison,low,5,1.0,1.0,0.6666666666666666,0.0
gemma3:12b,retrieve_then_read,32000,pos_00,comparison,none,5,1.0,1.0,0.6666666666666666,0.0
gemma3:12b,retrieve_then_read,32000,pos_00,multi_hop,conflicting,5,1.0,1.0,0.6666666666666666,0.0
gemma3:12b,retrieve_then_read,32000,pos_00,multi_hop,high,5,1.0,1.0,0.9333333333333333,0.0
gemma3:12b,retrieve_then_read,32000,pos_00,multi_hop,low,5,1.0,1.0,0.8666666666666667,0.0
gemma3:12b,retrieve_then_read,32000,pos_00,multi_hop,none,5,1.0,1.0,0.7999999999999999,0.0
gemma3:12b,retrieve_then_read,32000,pos_00,single_hop,conflicting,5,1.0,1.0,1.0,0.0
gemma3:12b,retrieve_then_read,32000,pos_00,single_hop,high,5,1.0,1.0,1.0,0.0
gemma3:12b,retrieve_then_read,32000,pos_00,single_hop,low,5,1.0,1.0,1.0,0.0
gemma3:12b,retrieve_then_read,32000,pos_00,single_hop,none,5,1.0,1.0,1.0,0.0
gemma3:12b,retrieve_then_read,32000,pos_01,arithmetic,conflicting,5,0.4,0.4,0.6666666666666666,0.0
gemma3:12b,retrieve_then_read,32000,pos_01,arithmetic,high,5,0.0,0.0,1.0,0.0
gemma3:12b,retrieve_then_read,32000,pos_01,arithmetic,low,5,0.6,0.6,1.0,0.0
gemma3:12b,retrieve_then_read,32000,pos_01,arithmetic,none,5,0.2,0.2,1.0,0.0
gemma3:12b,retrieve_then_read,32000,pos_01,comparison,conflicting,5,0.5,0.0,0.0,0.0
gemma3:12b,retrieve_then_read,32000,pos_01,comparison,high,5,1.0,1.0,0.6666666666666666,0.0
gemma3:12b,retrieve_then_read,32000,pos_01,comparison,low,5,1.0,1.0,0.6666666666666666,0.0
gemma3:12b,retrieve_then_read,32000,pos_01,comparison,none,5,1.0,1.0,0.6666666666666666,0.0
gemma3:12b,retrieve_then_read,32000,pos_01,multi_hop,conflicting,5,1.0,1.0,0.6666666666666666,0.0
gemma3:12b,retrieve_then_read,32000,pos_01,multi_hop,high,5,1.0,1.0,1.0,0.0
gemma3:12b,retrieve_then_read,32000,pos_01,multi_hop,low,5,1.0,1.0,0.6666666666666666,0.0
gemma3:12b,retrieve_then_read,32000,pos_01,multi_hop,none,5,1.0,1.0,0.6666666666666666,0.0
gemma3:12b,retrieve_then_read,32000,pos_01,single_hop,conflicting,5,1.0,1.0,1.0,0.0
gemma3:12b,retrieve_then_read,32000,pos_01,single_hop,high,5,1.0,1.0,1.0,0.0
gemma3:12b,retrieve_then_read,32000,pos_01,single_hop,low,5,1.0,1.0,1.0,0.0
gemma3:12b,retrieve_then_read,32000,pos_01,single_hop,none,5,1.0,1.0,1.0,0.0
gemma3:12b,retrieve_then_read,32000,pos_02,arithmetic,conflicting,5,1.0,1.0,1.0,0.0
gemma3:12b,retrieve_then_read,32000,pos_02,arithmetic,high,5,0.8,0.8,0.9333333333333333,0.0
gemma3:12b,retrieve_then_read,32000,pos_02,arithmetic,low,5,0.6,0.6,0.9333333333333333,0.0
gemma3:12b,retrieve_then_read,32000,pos_02,arithmetic,none,5,0.6,0.6,1.0,0.0
gemma3:12b,retrieve_then_read,32000,pos_02,comparison,conflicting,5,1.0,1.0,0.8666666666666667,0.0
gemma3:12b,retrieve_then_read,32000,pos_02,comparison,high,5,1.0,1.0,0.6666666666666666,0.0
gemma3:12b,retrieve_then_read,32000,pos_02,comparison,low,5,1.0,1.0,0.6666666666666666,0.0
gemma3:12b,retrieve_then_read,32000,pos_02,comparison,none,5,1.0,1.0,0.6666666666666666,0.0
gemma3:12b,retrieve_then_read,32000,pos_02,multi_hop,conflicting,5,1.0,1.0,0.6666666666666666,0.0
gemma3:12b,retrieve_then_read,32000,pos_02,multi_hop,high,5,1.0,1.0,1.0,0.0
gemma3:12b,retrieve_then_read,32000,pos_02,multi_hop,low,5,1.0,1.0,0.9333333333333333,0.0
gemma3:12b,retrieve_then_read,32000,pos_02,multi_hop,none,5,1.0,1.0,0.6666666666666666,0.0
gemma3:12b,retrieve_then_read,32000,pos_02,single_hop,conflicting,5,1.0,1.0,1.0,0.0
gemma3:12b,retrieve_then_read,32000,pos_02,single_hop,high,5,1.0,1.0,1.0,0.0
gemma3:12b,retrieve_then_read,32000,pos_02,single_hop,low,5,1.0,1.0,1.0,0.0
gemma3:12b,retrieve_then_read,32000,pos_02,single_hop,none,5,1.0,1.0,1.0,0.0
gemma3:12b,retrieve_then_read,32000,pos_03,arithmetic,conflicting,5,0.4,0.4,0.8,0.2
gemma3:12b,retrieve_then_read,32000,pos_03,arithmetic,high,5,0.6,0.6,0.9333333333333333,0.0
gemma3:12b,retrieve_then_read,32000,pos_03,arithmetic,low,5,1.0,1.0,1.0,0.0
gemma3:12b,retrieve_then_read,32000,pos_03,arithmetic,none,5,0.0,0.0,0.9333333333333333,0.0
gemma3:12b,retrieve_then_read,32000,pos_03,comparison,conflicting,5,0.7,0.4,0.0,0.0
gemma3:12b,retrieve_then_read,32000,pos_03,comparison,high,5,1.0,1.0,0.6666666666666666,0.0
gemma3:12b,retrieve_then_read,32000,pos_03,comparison,low,5,1.0,1.0,0.6666666666666666,0.0
gemma3:12b,retrieve_then_read,32000,pos_03,comparison,none,5,1.0,1.0,0.6666666666666666,0.0
gemma3:12b,retrieve_then_read,32000,pos_03,multi_hop,conflicting,5,1.0,1.0,0.6666666666666666,0.0
gemma3:12b,retrieve_then_read,32000,pos_03,multi_hop,high,5,1.0,1.0,1.0,0.0
gemma3:12b,retrieve_then_read,32000,pos_03,multi_hop,low,5,1.0,1.0,0.6666666666666666,0.0
gemma3:12b,retrieve_then_read,32000,pos_03,multi_hop,none,5,1.0,1.0,0.6666666666666666,0.0
gemma3:12b,retrieve_then_read,32000,pos_03,single_hop,conflicting,5,1.0,1.0,1.0,0.0
gemma3:12b,retrieve_then_read,32000,pos_03,single_hop,high,5,1.0,1.0,1.0,0.0
gemma3:12b,retrieve_then_read,32000,pos_03,single_hop,low,5,1.0,1.0,1.0,0.0
gemma3:12b,retrieve_then_read,32000,pos_03,single_hop,none,5,1.0,1.0,1.0,0.0
gemma3:12b,retrieve_then_read,32000,pos_04,arithmetic,conflicting,5,0.2,0.2,0.6666666666666666,0.2
gemma3:12b,retrieve_then_read,32000,pos_04,arithmetic,high,5,0.4,0.4,1.0,0.0
gemma3:12b,retrieve_then_read,32000,pos_04,arithmetic,low,5,0.4,0.4,1.0,0.0
gemma3:12b,retrieve_then_read,32000,pos_04,arithmetic,none,5,0.2,0.2,1.0,0.0
gemma3:12b,retrieve_then_read,32000,pos_04,comparison,conflicting,5,0.6,0.2,0.13333333333333333,0.0
gemma3:12b,retrieve_then_read,32000,pos_04,comparison,high,5,1.0,1.0,0.6666666666666666,0.0
gemma3:12b,retrieve_then_read,32000,pos_04,comparison,low,5,1.0,1.0,0.6666666666666666,0.0
gemma3:12b,retrieve_then_read,32000,pos_04,comparison,none,5,1.0,1.0,0.6666666666666666,0.0
gemma3:12b,retrieve_then_read,32000,pos_04,multi_hop,conflicting,5,1.0,1.0,0.6666666666666666,0.0
gemma3:12b,retrieve_then_read,32000,pos_04,multi_hop,high,5,1.0,1.0,0.6666666666666666,0.0
gemma3:12b,retrieve_then_read,32000,pos_04,multi_hop,low,5,1.0,1.0,0.6666666666666666,0.0
gemma3:12b,retrieve_then_read,32000,pos_04,multi_hop,none,5,1.0,1.0,0.6666666666666666,0.0
gemma3:12b,retrieve_then_read,32000,pos_04,single_hop,conflicting,5,1.0,1.0,1.0,0.0
gemma3:12b,retrieve_then_read,32000,pos_04,single_hop,high,5,1.0,1.0,1.0,0.0
gemma3:12b,retrieve_then_read,32000,pos_04,single_hop,low,5,1.0,1.0,1.0,0.0
gemma3:12b,retrieve_then_read,32000,pos_04,single_hop,none,5,1.0,1.0,1.0,0.0
gemma3:12b,retrieve_then_read,32000,pos_05,arithmetic,conflicting,5,0.2,0.2,1.0,0.0
gemma3:12b,retrieve_then_read,32000,pos_05,arithmetic,high,5,0.6,0.6,1.0,0.0
gemma3:12b,retrieve_then_read,32000,pos_05,arithmetic,low,5,0.6,0.6,1.0,0.0
gemma3:12b,retrieve_then_read,32000,pos_05,arithmetic,none,5,0.0,0.0,1.0,0.0
gemma3:12b,retrieve_then_read,32000,pos_05,comparison,conflicting,5,0.6,0.2,0.13333333333333333,0.0
gemma3:12b,retrieve_then_read,32000,pos_05,comparison,high,5,1.0,1.0,0.6666666666666666,0.0
gemma3:12b,retrieve_then_read,32000,pos_05,comparison,low,5,1.0,1.0,0.6666666666666666,0.0
gemma3:12b,retrieve_then_read,32000,pos_05,comparison,none,5,1.0,1.0,0.8666666666666667,0.0
gemma3:12b,retrieve_then_read,32000,pos_05,multi_hop,conflicting,5,1.0,1.0,0.6666666666666666,0.0
gemma3:12b,retrieve_then_read,32000,pos_05,multi_hop,high,5,1.0,1.0,1.0,0.0
gemma3:12b,retrieve_then_read,32000,pos_05,multi_hop,low,5,1.0,1.0,1.0,0.0
gemma3:12b,retrieve_then_read,32000,pos_05,multi_hop,none,5,1.0,1.0,0.6666666666666666,0.0
gemma3:12b,retrieve_then_read,32000,pos_05,single_hop,conflicting,5,1.0,1.0,1.0,0.0
gemma3:12b,retrieve_then_read,32000,pos_05,single_hop,high,5,1.0,1.0,1.0,0.0
gemma3:12b,retrieve_then_read,32000,pos_05,single_hop,low,5,1.0,1.0,1.0,0.0
gemma3:12b,retrieve_then_read,32000,pos_05,single_hop,none,5,1.0,1.0,1.0,0.0
gemma3:12b,retrieve_then_read,32000,pos_06,arithmetic,conflicting,5,0.4,0.4,1.0,0.0
gemma3:12b,retrieve_then_read,32000,pos_06,arithmetic,high,5,0.0,0.0,1.0,0.0
gemma3:12b,retrieve_then_read,32000,pos_06,arithmetic,low,5,0.4,0.4,0.6,0.4
gemma3:12b,retrieve_then_read,32000,pos_06,arithmetic,none,5,0.2,0.2,0.8,0.2
gemma3:12b,retrieve_then_read,32000,pos_06,comparison,conflicting,5,0.8,0.6,0.0,0.0
gemma3:12b,retrieve_then_read,32000,pos_06,comparison,high,5,1.0,1.0,0.6666666666666666,0.0
gemma3:12b,retrieve_then_read,32000,pos_06,comparison,low,5,1.0,1.0,0.6666666666666666,0.0
gemma3:12b,retrieve_then_read,32000,pos_06,comparison,none,5,1.0,1.0,0.6666666666666666,0.0
gemma3:12b,retrieve_then_read,32000,pos_06,multi_hop,conflicting,5,1.0,1.0,0.6666666666666666,0.0
gemma3:12b,retrieve_then_read,32000,pos_06,multi_hop,high,5,1.0,1.0,0.7333333333333333,0.0
gemma3:12b,retrieve_then_read,32000,pos_06,multi_hop,low,5,1.0,1.0,0.6666666666666666,0.0
gemma3:12b,retrieve_then_read,32000,pos_06,multi_hop,none,5,1.0,1.0,0.6666666666666666,0.0
gemma3:12b,retrieve_then_read,32000,pos_06,single_hop,conflicting,5,1.0,1.0,1.0,0.0
gemma3:12b,retrieve_then_read,32000,pos_06,single_hop,high,5,1.0,1.0,1.0,0.0
gemma3:12b,retrieve_then_read,32000,pos_06,single_hop,low,5,1.0,1.0,1.0,0.0
gemma3:12b,retrieve_then_read,32000,pos_06,single_hop,none,5,1.0,1.0,1.0,0.0
gemma3:12b,retrieve_then_read,32000,pos_07,arithmetic,conflicting,5,0.8,0.8,1.0,0.0
gemma3:12b,retrieve_then_read,32000,pos_07,arithmetic,high,5,0.6,0.6,1.0,0.0
gemma3:12b,retrieve_then_read,32000,pos_07,arithmetic,low,5,1.0,1.0,1.0,0.0
gemma3:12b,retrieve_then_read,32000,pos_07,arithmetic,none,5,0.0,0.0,0.8,0.2
gemma3:12b,retrieve_then_read,32000,pos_07,comparison,conflicting,5,0.5,0.0,0.0,0.0
gemma3:12b,retrieve_then_read,32000,pos_07,comparison,high,5,0.9,0.8,0.6666666666666666,0.0
gemma3:12b,retrieve_then_read,32000,pos_07,comparison,low,5,1.0,1.0,0.6666666666666666,0.0
gemma3:12b,retrieve_then_read,32000,pos_07,comparison,none,5,1.0,1.0,0.6666666666666666,0.0
gemma3:12b,retrieve_then_read,32000,pos_07,multi_hop,conflicting,5,1.0,1.0,0.6666666666666666,0.0
gemma3:12b,retrieve_then_read,32000,pos_07,multi_hop,high,5,1.0,1.0,0.7333333333333333,0.0
gemma3:12b,retrieve_then_read,32000,pos_07,multi_hop,low,5,1.0,1.0,1.0,0.0
gemma3:12b,retrieve_then_read,32000,pos_07,multi_hop,none,5,1.0,1.0,0.8666666666666667,0.0
gemma3:12b,retrieve_then_read,32000,pos_07,single_hop,conflicting,5,1.0,1.0,1.0,0.0
gemma3:12b,retrieve_then_read,32000,pos_07,single_hop,high,5,1.0,1.0,1.0,0.0
gemma3:12b,retrieve_then_read,32000,pos_07,single_hop,low,5,1.0,1.0,1.0,0.0
gemma3:12b,retrieve_then_read,32000,pos_07,single_hop,none,5,1.0,1.0,1.0,0.0
gemma3:12b,retrieve_then_read,32000,pos_08,arithmetic,conflicting,5,0.2,0.2,1.0,0.0
gemma3:12b,retrieve_then_read,32000,pos_08,arithmetic,high,5,0.6,0.6,1.0,0.0
gemma3:12b,retrieve_then_read,32000,pos_08,arithmetic,low,5,0.8,0.8,1.0,0.0
gemma3:12b,retrieve_then_read,32000,pos_08,arithmetic,none,5,1.0,1.0,1.0,0.0
gemma3:12b,retrieve_then_read,32000,pos_08,comparison,conflicting,5,0.7,0.4,0.1,0.0
gemma3:12b,retrieve_then_read,32000,pos_08,comparison,high,5,0.9,0.8,0.7333333333333333,0.0
gemma3:12b,retrieve_then_read,32000,pos_08,comparison,low,5,1.0,1.0,0.6666666666666666,0.0
gemma3:12b,retrieve_then_read,32000,pos_08,comparison,none,5,1.0,1.0,0.6666666666666666,0.0
gemma3:12b,retrieve_then_read,32000,pos_08,multi_hop,conflicting,5,1.0,1.0,0.6666666666666666,0.0
gemma3:12b,retrieve_then_read,32000,pos_08,multi_hop,high,5,1.0,1.0,1.0,0.0
gemma3:12b,retrieve_then_read,32000,pos_08,multi_hop,low,5,1.0,1.0,0.7999999999999999,0.0
gemma3:12b,retrieve_then_read,32000,pos_08,multi_hop,none,5,1.0,1.0,0.8666666666666667,0.0
gemma3:12b,retrieve_then_read,32000,pos_08,single_hop,conflicting,5,1.0,1.0,1.0,0.0
gemma3:12b,retrieve_then_read,32000,pos_08,single_hop,high,5,1.0,1.0,1.0,0.0
gemma3:12b,retrieve_then_read,32000,pos_08,single_hop,low,5,1.0,1.0,1.0,0.0
gemma3:12b,retrieve_then_read,32000,pos_08,single_hop,none,5,1.0,1.0,1.0,0.0
gemma3:12b,retrieve_then_read,32000,pos_09,arithmetic,conflicting,5,0.4,0.4,1.0,0.0
gemma3:12b,retrieve_then_read,32000,pos_09,arithmetic,high,5,0.4,0.4,1.0,0.0
gemma3:12b,retrieve_then_read,32000,pos_09,arithmetic,low,5,0.8,0.8,1.0,0.0
gemma3:12b,retrieve_then_read,32000,pos_09,arithmetic,none,5,0.2,0.2,0.6,0.4
gemma3:12b,retrieve_then_read,32000,pos_09,comparison,conflicting,5,0.9,0.8,0.3933333333333333,0.0
gemma3:12b,retrieve_then_read,32000,pos_09,comparison,high,5,1.0,1.0,0.6666666666666666,0.0
gemma3:12b,retrieve_then_read,32000,pos_09,comparison,low,5,1.0,1.0,0.6666666666666666,0.0
gemma3:12b,retrieve_then_read,32000,pos_09,comparison,none,5,1.0,1.0,0.6666666666666666,0.0
gemma3:12b,retrieve_then_read,32000,pos_09,multi_hop,conflicting,5,1.0,1.0,0.6666666666666666,0.0
gemma3:12b,retrieve_then_read,32000,pos_09,multi_hop,high,5,1.0,1.0,1.0,0.0
gemma3:12b,retrieve_then_read,32000,pos_09,multi_hop,low,5,1.0,1.0,0.9333333333333333,0.0
gemma3:12b,retrieve_then_read,32000,pos_09,multi_hop,none,5,1.0,1.0,0.7999999999999999,0.0
gemma3:12b,retrieve_then_read,32000,pos_09,single_hop,conflicting,5,1.0,1.0,1.0,0.0
gemma3:12b,retrieve_then_read,32000,pos_09,single_hop,high,5,1.0,1.0,1.0,0.0
gemma3:12b,retrieve_then_read,32000,pos_09,single_hop,low,5,1.0,1.0,1.0,0.0
gemma3:12b,retrieve_then_read,32000,pos_09,single_hop,none,5,1.0,1.0,1.0,0.0
gemma3:12b,retrieve_then_read,4000,pos_00,arithmetic,conflicting,5,0.2,0.2,0.7999999999999999,0.0
gemma3:12b,retrieve_then_read,4000,pos_00,arithmetic,high,5,0.4,0.4,1.0,0.0
gemma3:12b,retrieve_then_read,4000,pos_00,arithmetic,low,5,0.0,0.0,0.9333333333333333,0.0
gemma3:12b,retrieve_then_read,4000,pos_00,arithmetic,none,5,0.4,0.4,0.8,0.2
gemma3:12b,retrieve_then_read,4000,pos_00,comparison,conflicting,5,0.9,0.8,0.26,0.0
gemma3:12b,retrieve_then_read,4000,pos_00,comparison,high,5,1.0,1.0,0.6666666666666666,0.0
gemma3:12b,retrieve_then_read,4000,pos_00,comparison,low,5,1.0,1.0,0.6666666666666666,0.0
gemma3:12b,retrieve_then_read,4000,pos_00,comparison,none,5,1.0,1.0,0.7333333333333333,0.0
gemma3:12b,retrieve_then_read,4000,pos_00,multi_hop,conflicting,5,1.0,1.0,0.6666666666666666,0.0
gemma3:12b,retrieve_then_read,4000,pos_00,multi_hop,high,5,1.0,1.0,1.0,0.0
gemma3:12b,retrieve_then_read,4000,pos_00,multi_hop,low,5,1.0,1.0,0.6666666666666666,0.0
gemma3:12b,retrieve_then_read,4000,pos_00,multi_hop,none,5,1.0,1.0,0.6666666666666666,0.0
gemma3:12b,retrieve_then_read,4000,pos_00,single_hop,conflicting,5,1.0,1.0,1.0,0.0
gemma3:12b,retrieve_then_read,4000,pos_00,single_hop,high,5,1.0,1.0,1.0,0.0
gemma3:12b,retrieve_then_read,4000,pos_00,single_hop,low,5,1.0,1.0,1.0,0.0
gemma3:12b,retrieve_then_read,4000,pos_00,single_hop,none,5,1.0,1.0,1.0,0.0
gemma3:12b,retrieve_then_read,4000,pos_01,arithmetic,conflicting,5,1.0,1.0,1.0,0.0
gemma3:12b,retrieve_then_read,4000,pos_01,arithmetic,high,5,0.4,0.4,0.8,0.2
gemma3:12b,retrieve_then_read,4000,pos_01,arithmetic,low,5,0.2,0.2,1.0,0.0
gemma3:12b,retrieve_then_read,4000,pos_01,arithmetic,none,5,0.8,0.8,1.0,0.0
gemma3:12b,retrieve_then_read,4000,pos_01,comparison,conflicting,5,1.0,1.0,0.7333333333333333,0.0
gemma3:12b,retrieve_then_read,4000,pos_01,comparison,high,5,1.0,1.0,0.6666666666666666,0.0
gemma3:12b,retrieve_then_read,4000,pos_01,comparison,low,5,1.0,1.0,0.6666666666666666,0.0
gemma3:12b,retrieve_then_read,4000,pos_01,comparison,none,5,1.0,1.0,0.6666666666666666,0.0
gemma3:12b,retrieve_then_read,4000,pos_01,multi_hop,conflicting,5,1.0,1.0,0.6666666666666666,0.0
gemma3:12b,retrieve_then_read,4000,pos_01,multi_hop,high,5,1.0,1.0,0.6666666666666666,0.0
gemma3:12b,retrieve_then_read,4000,pos_01,multi_hop,low,5,1.0,1.0,0.6666666666666666,0.0
gemma3:12b,retrieve_then_read,4000,pos_01,multi_hop,none,5,1.0,1.0,0.6666666666666666,0.0
gemma3:12b,retrieve_then_read,4000,pos_01,single_hop,conflicting,5,1.0,1.0,1.0,0.0
gemma3:12b,retrieve_then_read,4000,pos_01,single_hop,high,5,1.0,1.0,1.0,0.0
gemma3:12b,retrieve_then_read,4000,pos_01,single_hop,low,5,1.0,1.0,1.0,0.0
gemma3:12b,retrieve_then_read,4000,pos_01,single_hop,none,5,1.0,1.0,1.0,0.0
gemma3:12b,retrieve_then_read,4000,pos_02,arithmetic,conflicting,5,0.2,0.2,0.7333333333333333,0.0
gemma3:12b,retrieve_then_read,4000,pos_02,arithmetic,high,5,0.4,0.4,1.0,0.0
gemma3:12b,retrieve_then_read,4000,pos_02,arithmetic,low,5,0.4,0.4,0.6,0.4
gemma3:12b,retrieve_then_read,4000,pos_02,arithmetic,none,5,0.2,0.2,1.0,0.0
gemma3:12b,retrieve_then_read,4000,pos_02,comparison,conflicting,5,0.9,0.8,0.1,0.0
gemma3:12b,retrieve_then_read,4000,pos_02,comparison,high,5,1.0,1.0,0.6666666666666666,0.0
gemma3:12b,retrieve_then_read,4000,pos_02,comparison,low,5,1.0,1.0,0.7333333333333333,0.0
gemma3:12b,retrieve_then_read,4000,pos_02,comparison,none,5,1.0,1.0,0.7333333333333333,0.0
gemma3:12b,retrieve_then_read,4000,pos_02,multi_hop,conflicting,5,1.0,1.0,0.6666666666666666,0.0
gemma3:12b,retrieve_then_read,4000,pos_02,multi_hop,high,5,1.0,1.0,1.0,0.0
gemma3:12b,retrieve_then_read,4000,pos_02,multi_hop,low,5,1.0,1.0,0.8666666666666667,0.0
gemma3:12b,retrieve_then_read,4000,pos_02,multi_hop,none,5,1.0,1.0,0.6666666666666666,0.0
gemma3:12b,retrieve_then_read,4000,pos_02,single_hop,conflicting,5,1.0,1.0,1.0,0.0
gemma3:12b,retrieve_then_read,4000,pos_02,single_hop,high,5,1.0,1.0,1.0,0.0
gemma3:12b,retrieve_then_read,4000,pos_02,single_hop,low,5,1.0,1.0,1.0,0.0
gemma3:12b,retrieve_then_read,4000,pos_02,single_hop,none,5,1.0,1.0,1.0,0.0
gemma3:12b,retrieve_then_read,4000,pos_03,arithmetic,conflicting,5,0.4,0.4,1.0,0.0
gemma3:12b,retrieve_then_read,4000,pos_03,arithmetic,high,5,0.2,0.2,0.9333333333333333,0.0
gemma3:12b,retrieve_then_read,4000,pos_03,arithmetic,low,5,0.8,0.8,1.0,0.0
gemma3:12b,retrieve_then_read,4000,pos_03,arithmetic,none,5,0.2,0.2,1.0,0.0
gemma3:12b,retrieve_then_read,4000,pos_03,comparison,conflicting,5,0.5,0.0,0.0,0.0
gemma3:12b,retrieve_then_read,4000,pos_03,comparison,high,5,0.5,0.0,0.4666666666666667,0.0
gemma3:12b,retrieve_then_read,4000,pos_03,comparison,low,5,1.0,1.0,0.7999999999999999,0.0
gemma3:12b,retrieve_then_read,4000,pos_03,comparison,none,5,1.0,1.0,0.6666666666666666,0.0
gemma3:12b,retrieve_then_read,4000,pos_03,multi_hop,conflicting,5,1.0,1.0,0.6666666666666666,0.0
gemma3:12b,retrieve_then_read,4000,pos_03,multi_hop,high,5,1.0,1.0,0.6666666666666666,0.0
gemma3:12b,retrieve_then_read,4000,pos_03,multi_hop,low,5,1.0,1.0,0.6666666666666666,0.0
gemma3:12b,retrieve_then_read,4000,pos_03,multi_hop,none,5,1.0,1.0,0.6666666666666666,0.0
gemma3:12b,retrieve_then_read,4000,pos_03,single_hop,conflicting,5,1.0,1.0,1.0,0.0
gemma3:12b,retrieve_then_read,4000,pos_03,single_hop,high,5,1.0,1.0,1.0,0.0
gemma3:12b,retrieve_then_read,4000,pos_03,single_hop,low,5,1.0,1.0,1.0,0.0
gemma3:12b,retrieve_then_read,4000,pos_03,single_hop,none,5,1.0,1.0,1.0,0.0
gemma3:12b,retrieve_then_read,4000,pos_04,arithmetic,conflicting,5,0.2,0.2,1.0,0.0
gemma3:12b,retrieve_then_read,4000,pos_04,arithmetic,high,5,0.8,0.8,1.0,0.0
gemma3:12b,retrieve_then_read,4000,pos_04,arithmetic,low,5,0.2,0.2,1.0,0.0
gemma3:12b,retrieve_then_read,4000,pos_04,arithmetic,none,5,0.8,0.8,0.8,0.2
gemma3:12b,retrieve_then_read,4000,pos_04,comparison,conflicting,5,0.5,0.0,0.0,0.0
gemma3:12b,retrieve_then_read,4000,pos_04,comparison,high,5,1.0,1.0,0.6666666666666666,0.0
gemma3:12b,retrieve_then_read,4000,pos_04,comparison,low,5,1.0,1.0,0.6666666666666666,0.0
gemma3:12b,retrieve_then_read,4000,pos_04,comparison,none,5,1.0,1.0,0.7333333333333333,0.0
gemma3:12b,retrieve_then_read,4000,pos_04,multi_hop,conflicting,5,1.0,1.0,0.6666666666666666,0.0
gemma3:12b,retrieve_then_read,4000,pos_04,multi_hop,high,5,1.0,1.0,1.0,0.0
gemma3:12b,retrieve_then_read,4000,pos_04,multi_hop,low,5,1.0,1.0,0.8666666666666667,0.0
gemma3:12b,retrieve_then_read,4000,pos_04,multi_hop,none,5,1.0,1.0,0.6666666666666666,0.0
gemma3:12b,retrieve_then_read,4000,pos_04,single_hop,conflicting,5,1.0,1.0,1.0,0.0
gemma3:12b,retrieve_then_read,4000,pos_04,single_hop,high,5,1.0,1.0,1.0,0.0
gemma3:12b,retrieve_then_read,4000,pos_04,single_hop,low,5,1.0,1.0,1.0,0.0
gemma3:12b,retrieve_then_read,4000,pos_04,single_hop,none,5,1.0,1.0,1.0,0.0
gemma3:12b,retrieve_then_read,4000,pos_05,arithmetic,conflicting,5,1.0,1.0,0.9333333333333333,0.0
gemma3:12b,retrieve_then_read,4000,pos_05,arithmetic,high,5,0.6,0.6,1.0,0.0
gemma3:12b,retrieve_then_read,4000,pos_05,arithmetic,low,5,0.4,0.4,1.0,0.0
gemma3:12b,retrieve_then_read,4000,pos_05,arithmetic,none,5,0.6,0.6,1.0,0.0
gemma3:12b,retrieve_then_read,4000,pos_05,comparison,conflicting,5,0.8,0.6,0.0,0.0
gemma3:12b,retrieve_then_read,4000,pos_05,comparison,high,5,1.0,1.0,0.6666666666666666,0.0
gemma3:12b,retrieve_then_read,4000,pos_05,comparison,low,5,1.0,1.0,0.6666666666666666,0.0
gemma3:12b,retrieve_then_read,4000,pos_05,comparison,none,5,1.0,1.0,0.6666666666666666,0.0
gemma3:12b,retrieve_then_read,4000,pos_05,multi_hop,conflicting,5,1.0,1.0,0.6666666666666666,0.0
gemma3:12b,retrieve_then_read,4000,pos_05,multi_hop,high,5,1.0,1.0,0.6666666666666666,0.0
gemma3:12b,retrieve_then_read,4000,pos_05,multi_hop,low,5,1.0,1.0,0.6666666666666666,0.0
gemma3:12b,retrieve_then_read,4000,pos_05,multi_hop,none,5,1.0,1.0,0.6666666666666666,0.0
gemma3:12b,retrieve_then_read,4000,pos_05,single_hop,conflicting,5,1.0,1.0,1.0,0.0
gemma3:12b,retrieve_then_read,4000,pos_05,single_hop,high,5,1.0,1.0,1.0,0.0
gemma3:12b,retrieve_then_read,4000,pos_05,single_hop,low,5,1.0,1.0,1.0,0.0
gemma3:12b,retrieve_then_read,4000,pos_05,single_hop,none,5,1.0,1.0,1.0,0.0
gemma3:12b,retrieve_then_read,4000,pos_06,arithmetic,conflicting,5,0.4,0.4,1.0,0.0
gemma3:12b,retrieve_then_read,4000,pos_06,arithmetic,high,5,0.8,0.8,1.0,0.0
gemma3:12b,retrieve_then_read,4000,pos_06,arithmetic,low,5,0.4,0.4,0.8,0.2
gemma3:12b,retrieve_then_read,4000,pos_06,arithmetic,none,5,0.2,0.2,0.6,0.4
gemma3:12b,retrieve_then_read,4000,pos_06,comparison,conflicting,5,1.0,1.0,0.0,0.0
gemma3:12b,retrieve_then_read,4000,pos_06,comparison,high,5,1.0,1.0,0.6666666666666666,0.0
gemma3:12b,retrieve_then_read,4000,pos_06,comparison,low,5,1.0,1.0,0.6666666666666666,0.0
gemma3:12b,retrieve_then_read,4000,pos_06,comparison,none,5,1.0,1.0,0.6666666666666666,0.0
gemma3:12b,retrieve_then_read,4000,pos_06,multi_hop,conflicting,5,1.0,1.0,0.6666666666666666,0.0
gemma3:12b,retrieve_then_read,4000,pos_06,multi_hop,high,5,1.0,1.0,1.0,0.0
gemma3:12b,retrieve_then_read,4000,pos_06,multi_hop,low,5,1.0,1.0,0.8666666666666667,0.0
gemma3:12b,retrieve_then_read,4000,pos_06,multi_hop,none,5,1.0,1.0,0.6666666666666666,0.0
gemma3:12b,retrieve_then_read,4000,pos_06,single_hop,conflicting,5,1.0,1.0,1.0,0.0
gemma3:12b,retrieve_then_read,4000,pos_06,single_hop,high,5,1.0,1.0,1.0,0.0
gemma3:12b,retrieve_then_read,4000,pos_06,single_hop,low,5,1.0,1.0,1.0,0.0
gemma3:12b,retrieve_then_read,4000,pos_06,single_hop,none,5,1.0,1.0,1.0,0.0
gemma3:12b,retrieve_then_read,4000,pos_07,arithmetic,conflicting,5,0.0,0.0,0.8,0.2
gemma3:12b,retrieve_then_read,4000,pos_07,arithmetic,high,5,0.2,0.2,1.0,0.0
gemma3:12b,retrieve_then_read,4000,pos_07,arithmetic,low,5,0.6,0.6,1.0,0.0
gemma3:12b,retrieve_then_read,4000,pos_07,arithmetic,none,5,0.6,0.6,1.0,0.0
gemma3:12b,retrieve_then_read,4000,pos_07,comparison,conflicting,5,0.6,0.2,0.1,0.0
gemma3:12b,retrieve_then_read,4000,pos_07,comparison,high,5,1.0,1.0,0.6666666666666666,0.0
gemma3:12b,retrieve_then_read,4000,pos_07,comparison,low,5,1.0,1.0,0.6666666666666666,0.0
gemma3:12b,retrieve_then_read,4000,pos_07,comparison,none,5,1.0,1.0,0.6666666666666666,0.0
gemma3:12b,retrieve_then_read,4000,pos_07,multi_hop,conflicting,5,1.0,1.0,0.9333333333333333,0.0
gemma3:12b,retrieve_then_read,4000,pos_07,multi_hop,high,5,1.0,1.0,1.0,0.0
gemma3:12b,retrieve_then_read,4000,pos_07,multi_hop,low,5,1.0,1.0,0.8666666666666667,0.0
gemma3:12b,retrieve_then_read,4000,pos_07,multi_hop,none,5,1.0,1.0,0.6666666666666666,0.0
gemma3:12b,retrieve_then_read,4000,pos_07,single_hop,conflicting,5,1.0,1.0,1.0,0.0
gemma3:12b,retrieve_then_read,4000,pos_07,single_hop,high,5,1.0,1.0,1.0,0.0
gemma3:12b,retrieve_then_read,4000,pos_07,single_hop,low,5,1.0,1.0,1.0,0.0
gemma3:12b,retrieve_then_read,4000,pos_07,single_hop,none,5,1.0,1.0,1.0,0.0
gemma3:12b,retrieve_then_read,4000,pos_08,arithmetic,conflicting,5,0.0,0.0,1.0,0.0
gemma3:12b,retrieve_then_read,4000,pos_08,arithmetic,high,5,0.2,0.2,1.0,0.0
gemma3:12b,retrieve_then_read,4000,pos_08,arithmetic,low,5,0.2,0.2,1.0,0.0
gemma3:12b,retrieve_then_read,4000,pos_08,arithmetic,none,5,0.4,0.4,1.0,0.0
gemma3:12b,retrieve_then_read,4000,pos_08,comparison,conflicting,5,0.5,0.0,0.0,0.0
gemma3:12b,retrieve_then_read,4000,pos_08,comparison,high,5,1.0,1.0,0.6666666666666666,0.0
gemma3:12b,retrieve_then_read,4000,pos_08,comparison,low,5,1.0,1.0,0.6666666666666666,0.0
gemma3:12b,retrieve_then_read,4000,pos_08,comparison,none,5,1.0,1.0,0.6666666666666666,0.0
gemma3:12b,retrieve_then_read,4000,pos_08,multi_hop,conflicting,5,1.0,1.0,0.6666666666666666,0.0
gemma3:12b,retrieve_then_read,4000,pos_08,multi_hop,high,5,1.0,1.0,0.8666666666666667,0.0
gemma3:12b,retrieve_then_read,4000,pos_08,multi_hop,low,5,1.0,1.0,0.7333333333333333,0.0
gemma3:12b,retrieve_then_read,4000,pos_08,multi_hop,none,5,1.0,1.0,0.6666666666666666,0.0
gemma3:12b,retrieve_then_read,4000,pos_08,single_hop,conflicting,5,1.0,1.0,1.0,0.0
gemma3:12b,retrieve_then_read,4000,pos_08,single_hop,high,5,1.0,1.0,1.0,0.0
gemma3:12b,retrieve_then_read,4000,pos_08,single_hop,low,5,1.0,1.0,1.0,0.0
gemma3:12b,retrieve_then_read,4000,pos_08,single_hop,none,5,1.0,1.0,1.0,0.0
gemma3:12b,retrieve_then_read,4000,pos_09,arithmetic,conflicting,5,1.0,1.0,1.0,0.0
gemma3:12b,retrieve_then_read,4000,pos_09,arithmetic,high,5,0.4,0.4,1.0,0.0
gemma3:12b,retrieve_then_read,4000,pos_09,arithmetic,low,5,0.4,0.4,1.0,0.0
gemma3:12b,retrieve_then_read,4000,pos_09,arithmetic,none,5,0.6,0.6,1.0,0.0
gemma3:12b,retrieve_then_read,4000,pos_09,comparison,conflicting,5,0.6,0.2,0.0,0.0
gemma3:12b,retrieve_then_read,4000,pos_09,comparison,high,5,0.9,0.8,0.6666666666666666,0.0
gemma3:12b,retrieve_then_read,4000,pos_09,comparison,low,5,1.0,1.0,0.6666666666666666,0.0
gemma3:12b,retrieve_then_read,4000,pos_09,comparison,none,5,1.0,1.0,0.6666666666666666,0.0
gemma3:12b,retrieve_then_read,4000,pos_09,multi_hop,conflicting,5,1.0,1.0,0.9333333333333333,0.0
gemma3:12b,retrieve_then_read,4000,pos_09,multi_hop,high,5,1.0,1.0,0.9333333333333333,0.0
gemma3:12b,retrieve_then_read,4000,pos_09,multi_hop,low,5,1.0,1.0,0.6666666666666666,0.0
gemma3:12b,retrieve_then_read,4000,pos_09,multi_hop,none,5,1.0,1.0,0.6666666666666666,0.0
gemma3:12b,retrieve_then_read,4000,pos_09,single_hop,conflicting,5,1.0,1.0,1.0,0.0
gemma3:12b,retrieve_then_read,4000,pos_09,single_hop,high,5,1.0,1.0,1.0,0.0
gemma3:12b,retrieve_then_read,4000,pos_09,single_hop,low,5,1.0,1.0,1.0,0.0
gemma3:12b,retrieve_then_read,4000,pos_09,single_hop,none,5,1.0,1.0,1.0,0.0
gemma3:12b,retrieve_then_read,8000,pos_00,arithmetic,conflicting,5,0.6,0.6,1.0,0.0
gemma3:12b,retrieve_then_read,8000,pos_00,arithmetic,high,5,0.6,0.6,1.0,0.0
gemma3:12b,retrieve_then_read,8000,pos_00,arithmetic,low,5,0.4,0.4,1.0,0.0
gemma3:12b,retrieve_then_read,8000,pos_00,arithmetic,none,5,0.6,0.6,1.0,0.0
gemma3:12b,retrieve_then_read,8000,pos_00,comparison,conflicting,5,0.7,0.4,0.0,0.0
gemma3:12b,retrieve_then_read,8000,pos_00,comparison,high,5,1.0,1.0,0.6666666666666666,0.0
gemma3:12b,retrieve_then_read,8000,pos_00,comparison,low,5,1.0,1.0,0.6666666666666666,0.0
gemma3:12b,retrieve_then_read,8000,pos_00,comparison,none,5,1.0,1.0,0.6666666666666666,0.0
gemma3:12b,retrieve_then_read,8000,pos_00,multi_hop,conflicting,5,1.0,1.0,0.7333333333333333,0.0
gemma3:12b,retrieve_then_read,8000,pos_00,multi_hop,high,5,1.0,1.0,0.8666666666666667,0.0
gemma3:12b,retrieve_then_read,8000,pos_00,multi_hop,low,5,1.0,1.0,0.7999999999999999,0.0
gemma3:12b,retrieve_then_read,8000,pos_00,multi_hop,none,5,1.0,1.0,0.6666666666666666,0.0
gemma3:12b,retrieve_then_read,8000,pos_00,single_hop,conflicting,5,1.0,1.0,1.0,0.0
gemma3:12b,retrieve_then_read,8000,pos_00,single_hop,high,5,1.0,1.0,1.0,0.0
gemma3:12b,retrieve_then_read,8000,pos_00,single_hop,low,5,1.0,1.0,1.0,0.0
gemma3:12b,retrieve_then_read,8000,pos_00,single_hop,none,5,1.0,1.0,1.0,0.0
gemma3:12b,retrieve_then_read,8000,pos_01,arithmetic,conflicting,5,0.0,0.0,1.0,0.0
gemma3:12b,retrieve_then_read,8000,pos_01,arithmetic,high,5,0.6,0.6,1.0,0.0
gemma3:12b,retrieve_then_read,8000,pos_01,arithmetic,low,5,0.4,0.4,1.0,0.0
gemma3:12b,retrieve_then_read,8000,pos_01,arithmetic,none,5,0.4,0.4,1.0,0.0
gemma3:12b,retrieve_then_read,8000,pos_01,comparison,conflicting,5,0.9,0.8,0.5333333333333333,0.0
gemma3:12b,retrieve_then_read,8000,pos_01,comparison,high,5,1.0,1.0,0.6666666666666666,0.0
gemma3:12b,retrieve_then_read,8000,pos_01,comparison,low,5,1.0,1.0,0.6666666666666666,0.0
gemma3:12b,retrieve_then_read,8000,pos_01,comparison,none,5,1.0,1.0,0.6666666666666666,0.0
gemma3:12b,retrieve_then_read,8000,pos_01,multi_hop,conflicting,5,1.0,1.0,0.7999999999999999,0.0
gemma3:12b,retrieve_then_read,8000,pos_01,multi_hop,high,5,1.0,1.0,1.0,0.0
gemma3:12b,retrieve_then_read,8000,pos_01,multi_hop,low,5,1.0,1.0,0.9333333333333333,0.0
gemma3:12b,retrieve_then_read,8000,pos_01,multi_hop,none,5,1.0,1.0,0.6666666666666666,0.0
gemma3:12b,retrieve_then_read,8000,pos_01,single_hop,conflicting,5,1.0,1.0,1.0,0.0
gemma3:12b,retrieve_then_read,8000,pos_01,single_hop,high,5,1.0,1.0,1.0,0.0
gemma3:12b,retrieve_then_read,8000,pos_01,single_hop,low,5,1.0,1.0,1.0,0.0
gemma3:12b,retrieve_then_read,8000,pos_01,single_hop,none,5,1.0,1.0,1.0,0.0
gemma3:12b,retrieve_then_read,8000,pos_02,arithmetic,conflicting,5,0.8,0.8,1.0,0.0
gemma3:12b,retrieve_then_read,8000,pos_02,arithmetic,high,5,0.4,0.4,1.0,0.0
gemma3:12b,retrieve_then_read,8000,pos_02,arithmetic,low,5,0.6,0.6,1.0,0.0
gemma3:12b,retrieve_then_read,8000,pos_02,arithmetic,none,5,0.4,0.4,1.0,0.0
gemma3:12b,retrieve_then_read,8000,pos_02,comparison,conflicting,5,0.5,0.0,0.0,0.0
gemma3:12b,retrieve_then_read,8000,pos_02,comparison,high,5,1.0,1.0,0.6666666666666666,0.0
gemma3:12b,retrieve_then_read,8000,pos_02,comparison,low,5,1.0,1.0,0.6666666666666666,0.0
gemma3:12b,retrieve_then_read,8000,pos_02,comparison,none,5,1.0,1.0,0.6666666666666666,0.0
gemma3:12b,retrieve_then_read,8000,pos_02,multi_hop,conflicting,5,1.0,1.0,0.6666666666666666,0.0
gemma3:12b,retrieve_then_read,8000,pos_02,multi_hop,high,5,1.0,1.0,0.8666666666666667,0.0
gemma3:12b,retrieve_then_read,8000,pos_02,multi_hop,low,5,1.0,1.0,0.8666666666666667,0.0
gemma3:12b,retrieve_then_read,8000,pos_02,multi_hop,none,5,1.0,1.0,0.6666666666666666,0.0
gemma3:12b,retrieve_then_read,8000,pos_02,single_hop,conflicting,5,1.0,1.0,1.0,0.0
gemma3:12b,retrieve_then_read,8000,pos_02,single_hop,high,5,1.0,1.0,1.0,0.0
gemma3:12b,retrieve_then_read,8000,pos_02,single_hop,low,5,1.0,1.0,1.0,0.0
gemma3:12b,retrieve_then_read,8000,pos_02,single_hop,none,5,1.0,1.0,1.0,0.0
gemma3:12b,retrieve_then_read,8000,pos_03,arithmetic,conflicting,5,0.4,0.4,0.6666666666666666,0.0
gemma3:12b,retrieve_then_read,8000,pos_03,arithmetic,high,5,0.2,0.2,0.8,0.2
gemma3:12b,retrieve_then_read,8000,pos_03,arithmetic,low,5,0.4,0.4,1.0,0.0
gemma3:12b,retrieve_then_read,8000,pos_03,arithmetic,none,5,0.6,0.6,1.0,0.0
gemma3:12b,retrieve_then_read,8000,pos_03,comparison,conflicting,5,0.5,0.0,0.0,0.0
gemma3:12b,retrieve_then_read,8000,pos_03,comparison,high,5,0.5,0.0,0.6666666666666666,0.0
gemma3:12b,retrieve_then_read,8000,pos_03,comparison,low,5,1.0,1.0,0.7999999999999999,0.0
gemma3:12b,retrieve_then_read,8000,pos_03,comparison,none,5,1.0,1.0,0.6666666666666666,0.0
gemma3:12b,retrieve_then_read,8000,pos_03,multi_hop,conflicting,5,1.0,1.0,0.7999999999999999,0.0
gemma3:12b,retrieve_then_read,8000,pos_03,multi_hop,high,5,1.0,1.0,1.0,0.0
gemma3:12b,retrieve_then_read,8000,pos_03,multi_hop,low,5,1.0,1.0,0.8666666666666667,0.0
gemma3:12b,retrieve_then_read,8000,pos_03,multi_hop,none,5,1.0,1.0,0.6666666666666666,0.0
gemma3:12b,retrieve_then_read,8000,pos_03,single_hop,conflicting,5,1.0,1.0,1.0,0.0
gemma3:12b,retrieve_then_read,8000,pos_03,single_hop,high,5,1.0,1.0,1.0,0.0
gemma3:12b,retrieve_then_read,8000,pos_03,single_hop,low,5,1.0,1.0,1.0,0.0
gemma3:12b,retrieve_then_read,8000,pos_03,single_hop,none,5,1.0,1.0,1.0,0.0
gemma3:12b,retrieve_then_read,8000,pos_04,arithmetic,conflicting,5,0.6,0.6,1.0,0.0
gemma3:12b,retrieve_then_read,8000,pos_04,arithmetic,high,5,0.6,0.6,1.0,0.0
gemma3:12b,retrieve_then_read,8000,pos_04,arithmetic,low,5,0.2,0.2,1.0,0.0
gemma3:12b,retrieve_then_read,8000,pos_04,arithmetic,none,5,0.2,0.2,1.0,0.0
gemma3:12b,retrieve_then_read,8000,pos_04,comparison,conflicting,5,0.9,0.8,0.1,0.0
gemma3:12b,retrieve_then_read,8000,pos_04,comparison,high,5,1.0,1.0,0.6666666666666666,0.0
gemma3:12b,retrieve_then_read,8000,pos_04,comparison,low,5,1.0,1.0,0.6666666666666666,0.0
gemma3:12b,retrieve_then_read,8000,pos_04,comparison,none,5,1.0,1.0,0.6666666666666666,0.0
gemma3:12b,retrieve_then_read,8000,pos_04,multi_hop,conflicting,5,1.0,1.0,0.7333333333333333,0.0
gemma3:12b,retrieve_then_read,8000,pos_04,multi_hop,high,5,1.0,1.0,1.0,0.0
gemma3:12b,retrieve_then_read,8000,pos_04,multi_hop,low,5,1.0,1.0,1.0,0.0
gemma3:12b,retrieve_then_read,8000,pos_04,multi_hop,none,5,1.0,1.0,0.6666666666666666,0.0
gemma3:12b,retrieve_then_read,8000,pos_04,single_hop,conflicting,5,1.0,1.0,1.0,0.0
gemma3:12b,retrieve_then_read,8000,pos_04,single_hop,high,5,1.0,1.0,1.0,0.0
gemma3:12b,retrieve_then_read,8000,pos_04,single_hop,low,5,1.0,1.0,1.0,0.0
gemma3:12b,retrieve_then_read,8000,pos_04,single_hop,none,5,1.0,1.0,1.0,0.0
gemma3:12b,retrieve_then_read,8000,pos_05,arithmetic,conflicting,5,1.0,1.0,1.0,0.0
gemma3:12b,retrieve_then_read,8000,pos_05,arithmetic,high,5,0.6,0.6,1.0,0.0
gemma3:12b,retrieve_then_read,8000,pos_05,arithmetic,low,5,0.6,0.6,1.0,0.0
gemma3:12b,retrieve_then_read,8000,pos_05,arithmetic,none,5,0.8,0.8,1.0,0.0
gemma3:12b,retrieve_then_read,8000,pos_05,comparison,conflicting,5,1.0,1.0,0.0,0.0
gemma3:12b,retrieve_then_read,8000,pos_05,comparison,high,5,1.0,1.0,0.6666666666666666,0.0
gemma3:12b,retrieve_then_read,8000,pos_05,comparison,low,5,1.0,1.0,0.6666666666666666,0.0
gemma3:12b,retrieve_then_read,8000,pos_05,comparison,none,5,1.0,1.0,0.6666666666666666,0.0
gemma3:12b,retrieve_then_read,8000,pos_05,multi_hop,conflicting,5,1.0,1.0,0.6666666666666666,0.0
gemma3:12b,retrieve_then_read,8000,pos_05,multi_hop,high,5,1.0,1.0,0.6666666666666666,0.0
gemma3:12b,retrieve_then_read,8000,pos_05,multi_hop,low,5,1.0,1.0,0.6666666666666666,0.0
gemma3:12b,retrieve_then_read,8000,pos_05,multi_hop,none,5,1.0,1.0,0.6666666666666666,0.0
gemma3:12b,retrieve_then_read,8000,pos_05,single_hop,conflicting,5,1.0,1.0,1.0,0.0
gemma3:12b,retrieve_then_read,8000,pos_05,single_hop,high,5,1.0,1.0,1.0,0.0
gemma3:12b,retrieve_then_read,8000,pos_05,single_hop,low,5,1.0,1.0,1.0,0.0
gemma3:12b,retrieve_then_read,8000,pos_05,single_hop,none,5,1.0,1.0,1.0,0.0
gemma3:12b,retrieve_then_read,8000,pos_06,arithmetic,conflicting,5,0.2,0.2,1.0,0.0
gemma3:12b,retrieve_then_read,8000,pos_06,arithmetic,high,5,0.4,0.4,0.9333333333333333,0.0
gemma3:12b,retrieve_then_read,8000,pos_06,arithmetic,low,5,0.4,0.4,1.0,0.0
gemma3:12b,retrieve_then_read,8000,pos_06,arithmetic,none,5,0.4,0.4,1.0,0.0
gemma3:12b,retrieve_then_read,8000,pos_06,comparison,conflicting,5,0.8,0.6,0.0,0.0
gemma3:12b,retrieve_then_read,8000,pos_06,comparison,high,5,1.0,1.0,0.6666666666666666,0.0
gemma3:12b,retrieve_then_read,8000,pos_06,comparison,low,5,1.0,1.0,0.6666666666666666,0.0
gemma3:12b,retrieve_then_read,8000,pos_06,comparison,none,5,1.0,1.0,0.6666666666666666,0.0
gemma3:12b,retrieve_then_read,8000,pos_06,multi_hop,conflicting,5,1.0,1.0,0.7999999999999999,0.0
gemma3:12b,retrieve_then_read,8000,pos_06,multi_hop,high,5,1.0,1.0,1.0,0.0
gemma3:12b,retrieve_then_read,8000,pos_06,multi_hop,low,5,1.0,1.0,0.7333333333333333,0.0
gemma3:12b,retrieve_then_read,8000,pos_06,multi_hop,none,5,1.0,1.0,0.6666666666666666,0.0
gemma3:12b,retrieve_then_read,8000,pos_06,single_hop,conflicting,5,1.0,1.0,1.0,0.0
gemma3:12b,retrieve_then_read,8000,pos_06,single_hop,high,5,1.0,1.0,1.0,0.0
gemma3:12b,retrieve_then_read,8000,pos_06,single_hop,low,5,1.0,1.0,1.0,0.0
gemma3:12b,retrieve_then_read,8000,pos_06,single_hop,none,5,1.0,1.0,1.0,0.0
gemma3:12b,retrieve_then_read,8000,pos_07,arithmetic,conflicting,5,0.2,0.2,1.0,0.0
gemma3:12b,retrieve_then_read,8000,pos_07,arithmetic,high,5,0.4,0.4,1.0,0.0
gemma3:12b,retrieve_then_read,8000,pos_07,arithmetic,low,5,0.0,0.0,1.0,0.0
gemma3:12b,retrieve_then_read,8000,pos_07,arithmetic,none,5,0.0,0.0,1.0,0.0
gemma3:12b,retrieve_then_read,8000,pos_07,comparison,conflicting,5,1.0,1.0,0.72,0.0
gemma3:12b,retrieve_then_read,8000,pos_07,comparison,high,5,1.0,1.0,0.6666666666666666,0.0
gemma3:12b,retrieve_then_read,8000,pos_07,comparison,low,5,1.0,1.0,0.6666666666666666,0.0
gemma3:12b,retrieve_then_read,8000,pos_07,comparison,none,5,1.0,1.0,0.6666666666666666,0.0
gemma3:12b,retrieve_then_read,8000,pos_07,multi_hop,conflicting,5,1.0,1.0,0.6666666666666666,0.0
gemma3:12b,retrieve_then_read,8000,pos_07,multi_hop,high,5,1.0,1.0,0.7999999999999999,0.0
gemma3:12b,retrieve_then_read,8000,pos_07,multi_hop,low,5,1.0,1.0,0.8666666666666667,0.0
gemma3:12b,retrieve_then_read,8000,pos_07,multi_hop,none,5,1.0,1.0,0.6666666666666666,0.0
gemma3:12b,retrieve_then_read,8000,pos_07,single_hop,conflicting,5,1.0,1.0,1.0,0.0
gemma3:12b,retrieve_then_read,8000,pos_07,single_hop,high,5,1.0,1.0,1.0,0.0
gemma3:12b,retrieve_then_read,8000,pos_07,single_hop,low,5,1.0,1.0,1.0,0.0
gemma3:12b,retrieve_then_read,8000,pos_07,single_hop,none,5,1.0,1.0,1.0,0.0
gemma3:12b,retrieve_then_read,8000,pos_08,arithmetic,conflicting,5,0.2,0.2,1.0,0.0
gemma3:12b,retrieve_then_read,8000,pos_08,arithmetic,high,5,0.4,0.4,1.0,0.0
gemma3:12b,retrieve_then_read,8000,pos_08,arithmetic,low,5,0.6,0.6,1.0,0.0
gemma3:12b,retrieve_then_read,8000,pos_08,arithmetic,none,5,0.2,0.2,0.8,0.2
gemma3:12b,retrieve_then_read,8000,pos_08,comparison,conflicting,5,0.9,0.8,0.1,0.0
gemma3:12b,retrieve_then_read,8000,pos_08,comparison,high,5,1.0,1.0,0.6666666666666666,0.0
gemma3:12b,retrieve_then_read,8000,pos_08,comparison,low,5,1.0,1.0,0.6666666666666666,0.0
gemma3:12b,retrieve_then_read,8000,pos_08,comparison,none,5,1.0,1.0,0.6666666666666666,0.0
gemma3:12b,retrieve_then_read,8000,pos_08,multi_hop,conflicting,5,1.0,1.0,0.7333333333333333,0.0
gemma3:12b,retrieve_then_read,8000,pos_08,multi_hop,high,5,1.0,1.0,1.0,0.0
gemma3:12b,retrieve_then_read,8000,pos_08,multi_hop,low,5,1.0,1.0,0.9333333333333333,0.0
gemma3:12b,retrieve_then_read,8000,pos_08,multi_hop,none,5,1.0,1.0,0.6666666666666666,0.0
gemma3:12b,retrieve_then_read,8000,pos_08,single_hop,conflicting,5,1.0,1.0,1.0,0.0
gemma3:12b,retrieve_then_read,8000,pos_08,single_hop,high,5,1.0,1.0,1.0,0.0
gemma3:12b,retrieve_then_read,8000,pos_08,single_hop,low,5,1.0,1.0,1.0,0.0
gemma3:12b,retrieve_then_read,8000,pos_08,single_hop,none,5,1.0,1.0,1.0,0.0
gemma3:12b,retrieve_then_read,8000,pos_09,arithmetic,conflicting,5,0.6,0.6,1.0,0.0
gemma3:12b,retrieve_then_read,8000,pos_09,arithmetic,high,5,0.2,0.2,1.0,0.0
gemma3:12b,retrieve_then_read,8000,pos_09,arithmetic,low,5,0.0,0.0,1.0,0.0
gemma3:12b,retrieve_then_read,8000,pos_09,arithmetic,none,5,0.2,0.2,1.0,0.0
gemma3:12b,retrieve_then_read,8000,pos_09,comparison,conflicting,5,0.7,0.4,0.0,0.0
gemma3:12b,retrieve_then_read,8000,pos_09,comparison,high,5,1.0,1.0,0.6666666666666666,0.0
gemma3:12b,retrieve_then_read,8000,pos_09,comparison,low,5,1.0,1.0,0.6666666666666666,0.0
gemma3:12b,retrieve_then_read,8000,pos_09,comparison,none,5,1.0,1.0,0.6666666666666666,0.0
gemma3:12b,retrieve_then_read,8000,pos_09,multi_hop,conflicting,5,1.0,1.0,0.6666666666666666,0.0
gemma3:12b,retrieve_then_read,8000,pos_09,multi_hop,high,5,1.0,1.0,0.8666666666666667,0.0
gemma3:12b,retrieve_then_read,8000,pos_09,multi_hop,low,5,1.0,1.0,0.7999999999999999,0.0
gemma3:12b,retrieve_then_read,8000,pos_09,multi_hop,none,5,1.0,1.0,0.6666666666666666,0.0
gemma3:12b,retrieve_then_read,8000,pos_09,single_hop,conflicting,5,1.0,1.0,1.0,0.0
gemma3:12b,retrieve_then_read,8000,pos_09,single_hop,high,5,1.0,1.0,1.0,0.0
gemma3:12b,retrieve_then_read,8000,pos_09,single_hop,low,5,1.0,1.0,1.0,0.0
gemma3:12b,retrieve_then_read,8000,pos_09,single_hop,none,5,1.0,1.0,1.0,0.0
qwen2.5:14b,direct,16000,pos_00,arithmetic,conflicting,5,0.0,0.0,0.0,0.0
qwen2.5:14b,direct,16000,pos_00,arithmetic,high,5,0.0,0.0,0.0,0.0
qwen2.5:14b,direct,16000,pos_00,arithmetic,low,5,0.0,0.0,0.0,0.0
qwen2.5:14b,direct,16000,pos_00,arithmetic,none,5,0.0,0.0,0.0,0.0
qwen2.5:14b,direct,16000,pos_00,comparison,conflicting,5,0.0,0.0,0.0,0.0
qwen2.5:14b,direct,16000,pos_00,comparison,high,5,0.1,0.0,0.0,0.0
qwen2.5:14b,direct,16000,pos_00,comparison,low,5,0.0,0.0,0.0,0.0
qwen2.5:14b,direct,16000,pos_00,comparison,none,5,0.0,0.0,0.0,0.0
qwen2.5:14b,direct,16000,pos_00,multi_hop,conflicting,5,0.0,0.0,0.0,0.0
qwen2.5:14b,direct,16000,pos_00,multi_hop,high,5,0.0,0.0,0.0,0.0
qwen2.5:14b,direct,16000,pos_00,multi_hop,low,5,0.0,0.0,0.0,0.0
qwen2.5:14b,direct,16000,pos_00,multi_hop,none,5,0.0,0.0,0.0,0.0
qwen2.5:14b,direct,16000,pos_00,single_hop,conflicting,5,0.0,0.0,0.0,0.0
qwen2.5:14b,direct,16000,pos_00,single_hop,high,5,0.0,0.0,0.0,0.0
qwen2.5:14b,direct,16000,pos_00,single_hop,low,5,0.0,0.0,0.0,0.0
qwen2.5:14b,direct,16000,pos_00,single_hop,none,5,0.0,0.0,0.0,0.0
qwen2.5:14b,direct,16000,pos_01,arithmetic,conflicting,5,0.0,0.0,0.0,0.0
qwen2.5:14b,direct,16000,pos_01,arithmetic,high,5,0.0,0.0,0.0,0.0
qwen2.5:14b,direct,16000,pos_01,arithmetic,low,5,0.0,0.0,0.0,0.0
qwen2.5:14b,direct,16000,pos_01,arithmetic,none,5,0.0,0.0,0.0,0.0
qwen2.5:14b,direct,16000,pos_01,comparison,conflicting,5,0.0,0.0,0.0,0.0
qwen2.5:14b,direct,16000,pos_01,comparison,high,5,0.3,0.0,0.0,0.0
qwen2.5:14b,direct,16000,pos_01,comparison,low,5,0.3,0.0,0.0,0.0
qwen2.5:14b,direct,16000,pos_01,comparison,none,5,0.0,0.0,0.0,0.0
qwen2.5:14b,direct,16000,pos_01,multi_hop,conflicting,5,0.0,0.0,0.0,0.0
qwen2.5:14b,direct,16000,pos_01,multi_hop,high,5,0.0,0.0,0.0,0.0
qwen2.5:14b,direct,16000,pos_01,multi_hop,low,5,0.0,0.0,0.0,0.0
qwen2.5:14b,direct,16000,pos_01,multi_hop,none,5,0.0,0.0,0.0,0.0
qwen2.5:14b,direct,16000,pos_01,single_hop,conflicting,5,0.0,0.0,0.0,0.0
qwen2.5:14b,direct,16000,pos_01,single_hop,high,5,0.0,0.0,0.0,0.0
qwen2.5:14b,direct,16000,pos_01,single_hop,low,5,0.0,0.0,0.0,0.0
qwen2.5:14b,direct,16000,pos_01,single_hop,none,5,0.0,0.0,0.0,0.0
qwen2.5:14b,direct,16000,pos_02,arithmetic,conflicting,5,0.0,0.0,0.0,0.0
qwen2.5:14b,direct,16000,pos_02,arithmetic,high,5,0.0,0.0,0.0,0.0
qwen2.5:14b,direct,16000,pos_02,arithmetic,low,5,0.0,0.0,0.0,0.0
qwen2.5:14b,direct,16000,pos_02,arithmetic,none,5,0.0,0.0,0.0,0.0
qwen2.5:14b,direct,16000,pos_02,comparison,conflicting,5,0.0,0.0,0.0,0.0
qwen2.5:14b,direct,16000,pos_02,comparison,high,5,0.4,0.0,0.0,0.0
qwen2.5:14b,direct,16000,pos_02,comparison,low,5,0.3,0.0,0.0,0.0
qwen2.5:14b,direct,16000,pos_02,comparison,none,5,0.1,0.0,0.0,0.0
qwen2.5:14b,direct,16000,pos_02,multi_hop,conflicting,5,0.0,0.0,0.0,0.0
qwen2.5:14b,direct,16000,pos_02,multi_hop,high,5,0.0,0.0,0.0,0.0
qwen2.5:14b,direct,16000,pos_02,multi_hop,low,5,0.0,0.0,0.0,0.0
qwen2.5:14b,direct,16000,pos_02,multi_hop,none,5,0.0,0.0,0.0,0.0
qwen2.5:14b,direct,16000,pos_02,single_hop,conflicting,5,0.0,0.0,0.0,0.0
qwen2.5:14b,direct,16000,pos_02,single_hop,high,5,0.0,0.0,0.0,0.0
qwen2.5:14b,direct,16000,pos_02,single_hop,low,5,0.0,0.0,0.0,0.0
qwen2.5:14b,direct,16000,pos_02,single_hop,none,5,0.0,0.0,0.0,0.0
qwen2.5:14b,direct,16000,pos_03,arithmetic,conflicting,5,0.0,0.0,0.0,0.0
qwen2.5:14b,direct,16000,pos_03,arithmetic,high,5,0.0,0.0,0.0,0.0
qwen2.5:14b,direct,16000,pos_03,arithmetic,low,5,0.0,0.0,0.0,0.0
qwen2.5:14b,direct,16000,pos_03,arithmetic,none,5,0.0,0.0,0.0,0.0
qwen2.5:14b,direct,16000,pos_03,comparison,conflicting,5,0.0,0.0,0.0,0.0
qwen2.5:14b,direct,16000,pos_03,comparison,high,5,0.2,0.0,0.0,0.0
qwen2.5:14b,direct,16000,pos_03,comparison,low,5,0.5,0.0,0.0,0.0
qwen2.5:14b,direct,16000,pos_03,comparison,none,5,0.0,0.0,0.0,0.0
qwen2.5:14b,direct,16000,pos_03,multi_hop,conflicting,5,0.0,0.0,0.0,0.0
qwen2.5:14b,direct,16000,pos_03,multi_hop,high,5,0.0,0.0,0.0,0.0
qwen2.5:14b,direct,16000,pos_03,multi_hop,low,5,0.0,0.0,0.0,0.0
qwen2.5:14b,direct,16000,pos_03,multi_hop,none,5,0.0,0.0,0.0,0.0
qwen2.5:14b,direct,16000,pos_03,single_hop,conflicting,5,0.0,0.0,0.0,0.0
qwen2.5:14b,direct,16000,pos_03,single_hop,high,5,0.0,0.0,0.0,0.0
qwen2.5:14b,direct,16000,pos_03,single_hop,low,5,0.0,0.0,0.0,0.0
qwen2.5:14b,direct,16000,pos_03,single_hop,none,5,0.0,0.0,0.0,0.0
qwen2.5:14b,direct,16000,pos_04,arithmetic,conflicting,5,0.0,0.0,0.0,0.0
qwen2.5:14b,direct,16000,pos_04,arithmetic,high,5,0.0,0.0,0.0,0.0
qwen2.5:14b,direct,16000,pos_04,arithmetic,low,5,0.0,0.0,0.0,0.0
qwen2.5:14b,direct,16000,pos_04,arithmetic,none,5,0.0,0.0,0.0,0.0
qwen2.5:14b,direct,16000,pos_04,comparison,conflicting,5,0.0,0.0,0.0,0.0
qwen2.5:14b,direct,16000,pos_04,comparison,high,5,0.0,0.0,0.0,0.0
qwen2.5:14b,direct,16000,pos_04,comparison,low,5,0.0,0.0,0.0,0.0
qwen2.5:14b,direct,16000,pos_04,comparison,none,5,0.0,0.0,0.0,0.0
qwen2.5:14b,direct,16000,pos_04,multi_hop,conflicting,5,0.0,0.0,0.0,0.0
qwen2.5:14b,direct,16000,pos_04,multi_hop,high,5,0.0,0.0,0.0,0.0
qwen2.5:14b,direct,16000,pos_04,multi_hop,low,5,0.0,0.0,0.0,0.0
qwen2.5:14b,direct,16000,pos_04,multi_hop,none,5,0.0,0.0,0.0,0.0
qwen2.5:14b,direct,16000,pos_04,single_hop,conflicting,5,0.0,0.0,0.0,0.0
qwen2.5:14b,direct,16000,pos_04,single_hop,high,5,0.0,0.0,0.0,0.0
qwen2.5:14b,direct,16000,pos_04,single_hop,low,5,0.0,0.0,0.0,0.0
qwen2.5:14b,direct,16000,pos_04,single_hop,none,5,0.0,0.0,0.0,0.0
qwen2.5:14b,direct,16000,pos_05,arithmetic,conflicting,5,0.0,0.0,0.0,0.0
qwen2.5:14b,direct,16000,pos_05,arithmetic,high,5,0.0,0.0,0.0,0.0
qwen2.5:14b,direct,16000,pos_05,arithmetic,low,5,0.0,0.0,0.0,0.0
qwen2.5:14b,direct,16000,pos_05,arithmetic,none,5,0.0,0.0,0.0,0.0
qwen2.5:14b,direct,16000,pos_05,comparison,conflicting,5,0.3,0.0,0.0,0.0
qwen2.5:14b,direct,16000,pos_05,comparison,high,5,0.0,0.0,0.0,0.0
qwen2.5:14b,direct,16000,pos_05,comparison,low,5,0.1,0.0,0.0,0.0
qwen2.5:14b,direct,16000,pos_05,comparison,none,5,0.1,0.0,0.0,0.0
qwen2.5:14b,direct,16000,pos_05,multi_hop,conflicting,5,0.0,0.0,0.0,0.0
qwen2.5:14b,direct,16000,pos_05,multi_hop,high,5,0.0,0.0,0.0,0.0
qwen2.5:14b,direct,16000,pos_05,multi_hop,low,5,0.0,0.0,0.0,0.0
qwen2.5:14b,direct,16000,pos_05,multi_hop,none,5,0.0,0.0,0.0,0.0
qwen2.5:14b,direct,16000,pos_05,single_hop,conflicting,5,0.0,0.0,0.0,0.0
qwen2.5:14b,direct,16000,pos_05,single_hop,high,5,0.0,0.0,0.0,0.0
qwen2.5:14b,direct,16000,pos_05,single_hop,low,5,0.0,0.0,0.0,0.0
qwen2.5:14b,direct,16000,pos_05,single_hop,none,5,0.0,0.0,0.0,0.0
qwen2.5:14b,direct,16000,pos_06,arithmetic,conflicting,5,0.0,0.0,0.6666666666666666,0.0
qwen2.5:14b,direct,16000,pos_06,arithmetic,high,5,0.0,0.0,0.6666666666666666,0.0
qwen2.5:14b,direct,16000,pos_06,arithmetic,low,5,0.0,0.0,0.6666666666666666,0.0
qwen2.5:14b,direct,16000,pos_06,arithmetic,none,5,0.0,0.0,0.6666666666666666,0.0
qwen2.5:14b,direct,16000,pos_06,comparison,conflicting,5,0.6133333333333333,0.0,0.6666666666666666,0.0
qwen2.5:14b,direct,16000,pos_06,comparison,high,5,0.6666666666666666,0.0,0.6666666666666666,0.0
qwen2.5:14b,direct,16000,pos_06,comparison,low,5,0.5333333333333333,0.0,0.6666666666666666,0.0
qwen2.5:14b,direct,16000,pos_06,comparison,none,5,0.48,0.0,0.7333333333333333,0.0
qwen2.5:14b,direct,16000,pos_06,multi_hop,conflicting,5,1.0,1.0,1.0,0.0
qwen2.5:14b,direct,16000,pos_06,multi_hop,high,5,1.0,1.0,1.0,0.0
qwen2.5:14b,direct,16000,pos_06,multi_hop,low,5,1.0,1.0,0.8,0.0
qwen2.5:14b,direct,16000,pos_06,multi_hop,none,5,1.0,1.0,1.0,0.0
qwen2.5:14b,direct,16000,pos_06,single_hop,conflicting,5,0.0,0.0,1.0,0.0
qwen2.5:14b,direct,16000,pos_06,single_hop,high,5,0.0,0.0,1.0,0.0
qwen2.5:14b,direct,16000,pos_06,single_hop,low,5,0.0,0.0,1.0,0.0
qwen2.5:14b,direct,16000,pos_06,single_hop,none,5,0.0,0.0,1.0,0.0
qwen2.5:14b,direct,16000,pos_07,arithmetic,conflicting,5,0.0,0.0,0.6666666666666666,0.0
qwen2.5:14b,direct,16000,pos_07,arithmetic,high,5,0.0,0.0,0.6666666666666666,0.0
qwen2.5:14b,direct,16000,pos_07,arithmetic,low,5,0.0,0.0,0.6666666666666666,0.0
qwen2.5:14b,direct,16000,pos_07,arithmetic,none,5,0.0,0.0,0.6666666666666666,0.0
qwen2.5:14b,direct,16000,pos_07,comparison,conflicting,5,0.39999999999999997,0.0,0.6666666666666666,0.0
qwen2.5:14b,direct,16000,pos_07,comparison,high,5,0.6333333333333333,0.0,0.6666666666666666,0.0
qwen2.5:14b,direct,16000,pos_07,comparison,low,5,0.5,0.0,0.6666666666666666,0.0
qwen2.5:14b,direct,16000,pos_07,comparison,none,5,0.6,0.0,0.6666666666666666,0.0
qwen2.5:14b,direct,16000,pos_07,multi_hop,conflicting,5,1.0,1.0,0.7333333333333333,0.0
qwen2.5:14b,direct,16000,pos_07,multi_hop,high,5,1.0,1.0,1.0,0.0
qwen2.5:14b,direct,16000,pos_07,multi_hop,low,5,1.0,1.0,0.9333333333333333,0.0
qwen2.5:14b,direct,16000,pos_07,multi_hop,none,5,1.0,1.0,1.0,0.0
qwen2.5:14b,direct,16000,pos_07,single_hop,conflicting,5,0.0,0.0,1.0,0.0
qwen2.5:14b,direct,16000,pos_07,single_hop,high,5,0.0,0.0,1.0,0.0
qwen2.5:14b,direct,16000,pos_07,single_hop,low,5,0.0,0.0,1.0,0.0
qwen2.5:14b,direct,16000,pos_07,single_hop,none,5,0.0,0.0,0.8,0.0
qwen2.5:14b,direct,16000,pos_08,arithmetic,conflicting,5,1.0,1.0,1.0,0.0
qwen2.5:14b,direct,16000,pos_08,arithmetic,high,5,1.0,1.0,1.0,0.0
qwen2.5:14b,direct,16000,pos_08,arithmetic,low,5,1.0,1.0,0.9333333333333333,0.0
qwen2.5:14b,direct,16000,pos_08,arithmetic,none,5,1.0,1.0,0.9333333333333333,0.0
qwen2.5:14b,direct,16000,pos_08,comparison,conflicting,5,1.0,1.0,1.0,0.0
qwen2.5:14b,direct,16000,pos_08,comparison,high,5,1.0,1.0,1.0,0.0
qwen2.5:14b,direct,16000,pos_08,comparison,low,5,1.0,1.0,1.0,0.0
qwen2.5:14b,direct,16000,pos_08,comparison,none,5,1.0,1.0,1.0,0.0
qwen2.5:14b,direct,16000,pos_08,multi_hop,conflicting,5,1.0,1.0,1.0,0.0
qwen2.5:14b,direct,16000,pos_08,multi_hop,high,5,1.0,1.0,1.0,0.0
qwen2.5:14b,direct,16000,pos_08,multi_hop,low,5,1.0,1.0,1.0,0.0
qwen2.5:14b,direct,16000,pos_08,multi_hop,none,5,1.0,1.0,1.0,0.0
qwen2.5:14b,direct,16000,pos_08,single_hop,conflicting,5,1.0,1.0,1.0,0.0
qwen2.5:14b,direct,16000,pos_08,single_hop,high,5,1.0,1.0,1.0,0.0
qwen2.5:14b,direct,16000,pos_08,single_hop,low,5,1.0,1.0,1.0,0.0
qwen2.5:14b,direct,16000,pos_08,single_hop,none,5,1.0,1.0,1.0,0.0
qwen2.5:14b,direct,16000,pos_09,arithmetic,conflicting,5,0.8,0.8,1.0,0.0
qwen2.5:14b,direct,16000,pos_09,arithmetic,high,5,1.0,1.0,1.0,0.0
qwen2.5:14b,direct,16000,pos_09,arithmetic,low,5,0.8,0.8,1.0,0.0
qwen2.5:14b,direct,16000,pos_09,arithmetic,none,5,1.0,1.0,1.0,0.0
qwen2.5:14b,direct,16000,pos_09,comparison,conflicting,5,1.0,1.0,1.0,0.0
qwen2.5:14b,direct,16000,pos_09,comparison,high,5,1.0,1.0,1.0,0.0
qwen2.5:14b,direct,16000,pos_09,comparison,low,5,1.0,1.0,1.0,0.0
qwen2.5:14b,direct,16000,pos_09,comparison,none,5,1.0,1.0,1.0,0.0
qwen2.5:14b,direct,16000,pos_09,multi_hop,conflicting,5,1.0,1.0,1.0,0.0
qwen2.5:14b,direct,16000,pos_09,multi_hop,high,5,1.0,1.0,1.0,0.0
qwen2.5:14b,direct,16000,pos_09,multi_hop,low,5,1.0,1.0,1.0,0.0
qwen2.5:14b,direct,16000,pos_09,multi_hop,none,5,1.0,1.0,1.0,0.0
qwen2.5:14b,direct,16000,pos_09,single_hop,conflicting,5,1.0,1.0,1.0,0.0
qwen2.5:14b,direct,16000,pos_09,single_hop,high,5,1.0,1.0,1.0,0.0
qwen2.5:14b,direct,16000,pos_09,single_hop,low,5,1.0,1.0,1.0,0.0
qwen2.5:14b,direct,16000,pos_09,single_hop,none,5,1.0,1.0,1.0,0.0
qwen2.5:14b,direct,32000,pos_00,arithmetic,conflicting,5,0.0,0.0,0.0,0.0
qwen2.5:14b,direct,32000,pos_00,arithmetic,high,5,0.0,0.0,0.0,0.0
qwen2.5:14b,direct,32000,pos_00,arithmetic,low,5,0.0,0.0,0.0,0.0
qwen2.5:14b,direct,32000,pos_00,arithmetic,none,5,0.0,0.0,0.0,0.0
qwen2.5:14b,direct,32000,pos_00,comparison,conflicting,5,0.2,0.0,0.0,0.0
qwen2.5:14b,direct,32000,pos_00,comparison,high,5,0.0,0.0,0.0,0.0
qwen2.5:14b,direct,32000,pos_00,comparison,low,5,0.0,0.0,0.0,0.0
qwen2.5:14b,direct,32000,pos_00,comparison,none,5,0.0,0.0,0.0,0.0
qwen2.5:14b,direct,32000,pos_00,multi_hop,conflicting,5,0.0,0.0,0.0,0.0
qwen2.5:14b,direct,32000,pos_00,multi_hop,high,5,0.0,0.0,0.0,0.0
qwen2.5:14b,direct,32000,pos_00,multi_hop,low,5,0.0,0.0,0.0,0.0
qwen2.5:14b,direct,32000,pos_00,multi_hop,none,5,0.0,0.0,0.0,0.0
qwen2.5:14b,direct,32000,pos_00,single_hop,conflicting,5,0.0,0.0,0.0,0.0
qwen2.5:14b,direct,32000,pos_00,single_hop,high,5,0.0,0.0,0.0,0.0
qwen2.5:14b,direct,32000,pos_00,single_hop,low,5,0.0,0.0,0.0,0.0
qwen2.5:14b,direct,32000,pos_00,single_hop,none,5,0.0,0.0,0.0,0.0
qwen2.5:14b,direct,32000,pos_01,arithmetic,conflicting,5,0.0,0.0,0.0,0.0
qwen2.5:14b,direct,32000,pos_01,arithmetic,high,5,0.0,0.0,0.0,0.0
qwen2.5:14b,direct,32000,pos_01,arithmetic,low,5,0.0,0.0,0.0,0.0
qwen2.5:14b,direct,32000,pos_01,arithmetic,none,5,0.0,0.0,0.0,0.0
qwen2.5:14b,direct,32000,pos_01,comparison,conflicting,5,0.0,0.0,0.0,0.0
qwen2.5:14b,direct,32000,pos_01,comparison,high,5,0.0,0.0,0.0,0.0
qwen2.5:14b,direct,32000,pos_01,comparison,low,5,0.0,0.0,0.0,0.0
qwen2.5:14b,direct,32000,pos_01,comparison,none,5,0.0,0.0,0.0,0.0
qwen2.5:14b,direct,32000,pos_01,multi_hop,conflicting,5,0.0,0.0,0.0,0.0
qwen2.5:14b,direct,32000,pos_01,multi_hop,high,5,0.0,0.0,0.0,0.0
qwen2.5:14b,direct,32000,pos_01,multi_hop,low,5,0.0,0.0,0.0,0.0
qwen2.5:14b,direct,32000,pos_01,multi_hop,none,5,0.0,0.0,0.0,0.0
qwen2.5:14b,direct,32000,pos_01,single_hop,conflicting,5,0.0,0.0,0.0,0.0
qwen2.5:14b,direct,32000,pos_01,single_hop,high,5,0.0,0.0,0.0,0.0
qwen2.5:14b,direct,32000,pos_01,single_hop,low,5,0.0,0.0,0.0,0.0
qwen2.5:14b,direct,32000,pos_01,single_hop,none,5,0.0,0.0,0.0,0.0
qwen2.5:14b,direct,32000,pos_02,arithmetic,conflicting,5,0.0,0.0,0.0,0.0
qwen2.5:14b,direct,32000,pos_02,arithmetic,high,5,0.0,0.0,0.0,0.0
qwen2.5:14b,direct,32000,pos_02,arithmetic,low,5,0.0,0.0,0.0,0.0
qwen2.5:14b,direct,32000,pos_02,arithmetic,none,5,0.0,0.0,0.0,0.0
qwen2.5:14b,direct,32000,pos_02,comparison,conflicting,5,0.0,0.0,0.0,0.0
qwen2.5:14b,direct,32000,pos_02,comparison,high,5,0.0,0.0,0.0,0.0
qwen2.5:14b,direct,32000,pos_02,comparison,low,5,0.0,0.0,0.0,0.0
qwen2.5:14b,direct,32000,pos_02,comparison,none,5,0.1,0.0,0.0,0.0
qwen2.5:14b,direct,32000,pos_02,multi_hop,conflicting,5,0.0,0.0,0.0,0.0
qwen2.5:14b,direct,32000,pos_02,multi_hop,high,5,0.0,0.0,0.0,0.0
qwen2.5:14b,direct,32000,pos_02,multi_hop,low,5,0.0,0.0,0.0,0.0
qwen2.5:14b,direct,32000,pos_02,multi_hop,none,5,0.0,0.0,0.0,0.0
qwen2.5:14b,direct,32000,pos_02,single_hop,conflicting,5,0.0,0.0,0.0,0.0
qwen2.5:14b,direct,32000,pos_02,single_hop,high,5,0.0,0.0,0.0,0.0
qwen2.5:14b,direct,32000,pos_02,single_hop,low,5,0.0,0.0,0.0,0.0
qwen2.5:14b,direct,32000,pos_02,single_hop,none,5,0.0,0.0,0.0,0.0
qwen2.5:14b,direct,32000,pos_03,arithmetic,conflicting,5,0.0,0.0,0.0,0.0
qwen2.5:14b,direct,32000,pos_03,arithmetic,high,5,0.0,0.0,0.0,0.0
qwen2.5:14b,direct,32000,pos_03,arithmetic,low,5,0.0,0.0,0.0,0.0
qwen2.5:14b,direct,32000,pos_03,arithmetic,none,5,0.0,0.0,0.0,0.0
qwen2.5:14b,direct,32000,pos_03,comparison,conflicting,5,0.1,0.0,0.0,0.0
qwen2.5:14b,direct,32000,pos_03,comparison,high,5,0.3,0.0,0.0,0.0
qwen2.5:14b,direct,32000,pos_03,comparison,low,5,0.3,0.0,0.0,0.0
qwen2.5:14b,direct,32000,pos_03,comparison,none,5,0.0,0.0,0.0,0.0
qwen2.5:14b,direct,32000,pos_03,multi_hop,conflicting,5,0.0,0.0,0.0,0.0
qwen2.5:14b,direct,32000,pos_03,multi_hop,high,5,0.0,0.0,0.0,0.0
qwen2.5:14b,direct,32000,pos_03,multi_hop,low,5,0.0,0.0,0.0,0.0
qwen2.5:14b,direct,32000,pos_03,multi_hop,none,5,0.0,0.0,0.0,0.0
qwen2.5:14b,direct,32000,pos_03,single_hop,conflicting,5,0.0,0.0,0.0,0.0
qwen2.5:14b,direct,32000,pos_03,single_hop,high,5,0.0,0.0,0.0,0.0
qwen2.5:14b,direct,32000,pos_03,single_hop,low,5,0.0,0.0,0.0,0.0
qwen2.5:14b,direct,32000,pos_03,single_hop,none,5,0.0,0.0,0.0,0.0
qwen2.5:14b,direct,32000,pos_04,arithmetic,conflicting,5,0.0,0.0,0.0,0.0
qwen2.5:14b,direct,32000,pos_04,arithmetic,high,5,0.0,0.0,0.0,0.0
qwen2.5:14b,direct,32000,pos_04,arithmetic,low,5,0.0,0.0,0.0,0.0
qwen2.5:14b,direct,32000,pos_04,arithmetic,none,5,0.0,0.0,0.0,0.0
qwen2.5:14b,direct,32000,pos_04,comparison,conflicting,5,0.0,0.0,0.0,0.0
qwen2.5:14b,direct,32000,pos_04,comparison,high,5,0.4,0.0,0.0,0.0
qwen2.5:14b,direct,32000,pos_04,comparison,low,5,0.3,0.0,0.0,0.0
qwen2.5:14b,direct,32000,pos_04,comparison,none,5,0.0,0.0,0.0,0.0
qwen2.5:14b,direct,32000,pos_04,multi_hop,conflicting,5,0.0,0.0,0.0,0.0
qwen2.5:14b,direct,32000,pos_04,multi_hop,high,5,0.0,0.0,0.0,0.0
qwen2.5:14b,direct,32000,pos_04,multi_hop,low,5,0.0,0.0,0.0,0.0
qwen2.5:14b,direct,32000,pos_04,multi_hop,none,5,0.0,0.0,0.0,0.0
qwen2.5:14b,direct,32000,pos_04,single_hop,conflicting,5,0.0,0.0,0.0,0.0
qwen2.5:14b,direct,32000,pos_04,single_hop,high,5,0.0,0.0,0.0,0.0
qwen2.5:14b,direct,32000,pos_04,single_hop,low,5,0.0,0.0,0.0,0.0
qwen2.5:14b,direct,32000,pos_04,single_hop,none,5,0.0,0.0,0.0,0.0
qwen2.5:14b,direct,32000,pos_05,arithmetic,conflicting,5,0.0,0.0,0.0,0.0
qwen2.5:14b,direct,32000,pos_05,arithmetic,high,5,0.0,0.0,0.0,0.0
qwen2.5:14b,direct,32000,pos_05,arithmetic,low,5,0.0,0.0,0.0,0.0
qwen2.5:14b,direct,32000,pos_05,arithmetic,none,5,0.0,0.0,0.0,0.0
qwen2.5:14b,direct,32000,pos_05,comparison,conflicting,5,0.1,0.0,0.0,0.0
qwen2.5:14b,direct,32000,pos_05,comparison,high,5,0.4,0.0,0.0,0.0
qwen2.5:14b,direct,32000,pos_05,comparison,low,5,0.3,0.0,0.0,0.0
qwen2.5:14b,direct,32000,pos_05,comparison,none,5,0.0,0.0,0.0,0.0
qwen2.5:14b,direct,32000,pos_05,multi_hop,conflicting,5,0.0,0.0,0.0,0.0
qwen2.5:14b,direct,32000,pos_05,multi_hop,high,5,0.0,0.0,0.0,0.0
qwen2.5:14b,direct,32000,pos_05,multi_hop,low,5,0.0,0.0,0.0,0.0
qwen2.5:14b,direct,32000,pos_05,multi_hop,none,5,0.0,0.0,0.0,0.0
qwen2.5:14b,direct,32000,pos_05,single_hop,conflicting,5,0.0,0.0,0.0,0.0
qwen2.5:14b,direct,32000,pos_05,single_hop,high,5,0.0,0.0,0.0,0.0
qwen2.5:14b,direct,32000,pos_05,single_hop,low,5,0.0,0.0,0.0,0.0
qwen2.5:14b,direct,32000,pos_05,single_hop,none,5,0.0,0.0,0.0,0.0
qwen2.5:14b,direct,32000,pos_06,arithmetic,conflicting,5,0.0,0.0,0.0,0.0
qwen2.5:14b,direct,32000,pos_06,arithmetic,high,5,0.0,0.0,0.0,0.0
qwen2.5:14b,direct,32000,pos_06,arithmetic,low,5,0.0,0.0,0.0,0.0
qwen2.5:14b,direct,32000,pos_06,arithmetic,none,5,0.0,0.0,0.0,0.0
qwen2.5:14b,direct,32000,pos_06,comparison,conflicting,5,0.0,0.0,0.0,0.0
qwen2.5:14b,direct,32000,pos_06,comparison,high,5,0.0,0.0,0.0,0.0
qwen2.5:14b,direct,32000,pos_06,comparison,low,5,0.2,0.0,0.0,0.0
qwen2.5:14b,direct,32000,pos_06,comparison,none,5,0.1,0.0,0.0,0.0
qwen2.5:14b,direct,32000,pos_06,multi_hop,conflicting,5,0.0,0.0,0.0,0.0
qwen2.5:14b,direct,32000,pos_06,multi_hop,high,5,0.0,0.0,0.0,0.0
qwen2.5:14b,direct,32000,pos_06,multi_hop,low,5,0.0,0.0,0.0,0.0
qwen2.5:14b,direct,32000,pos_06,multi_hop,none,5,0.0,0.0,0.0,0.0
qwen2.5:14b,direct,32000,pos_06,single_hop,conflicting,5,0.0,0.0,0.0,0.0
qwen2.5:14b,direct,32000,pos_06,single_hop,high,5,0.0,0.0,0.0,0.0
qwen2.5:14b,direct,32000,pos_06,single_hop,low,5,0.0,0.0,0.0,0.0
qwen2.5:14b,direct,32000,pos_06,single_hop,none,5,0.0,0.0,0.0,0.0
qwen2.5:14b,direct,32000,pos_07,arithmetic,conflicting,5,0.0,0.0,0.0,0.0
qwen2.5:14b,direct,32000,pos_07,arithmetic,high,5,0.0,0.0,0.0,0.0
qwen2.5:14b,direct,32000,pos_07,arithmetic,low,5,0.0,0.0,0.0,0.0
qwen2.5:14b,direct,32000,pos_07,arithmetic,none,5,0.0,0.0,0.0,0.0
qwen2.5:14b,direct,32000,pos_07,comparison,conflicting,5,0.0,0.0,0.0,0.0
qwen2.5:14b,direct,32000,pos_07,comparison,high,5,0.0,0.0,0.0,0.0
qwen2.5:14b,direct,32000,pos_07,comparison,low,5,0.0,0.0,0.0,0.0
qwen2.5:14b,direct,32000,pos_07,comparison,none,5,0.1,0.0,0.0,0.0
qwen2.5:14b,direct,32000,pos_07,multi_hop,conflicting,5,0.0,0.0,0.0,0.0
qwen2.5:14b,direct,32000,pos_07,multi_hop,high,5,0.0,0.0,0.0,0.0
qwen2.5:14b,direct,32000,pos_07,multi_hop,low,5,0.0,0.0,0.0,0.0
qwen2.5:14b,direct,32000,pos_07,multi_hop,none,5,0.0,0.0,0.0,0.0
qwen2.5:14b,direct,32000,pos_07,single_hop,conflicting,5,0.0,0.0,0.0,0.0
qwen2.5:14b,direct,32000,pos_07,single_hop,high,5,0.0,0.0,0.0,0.0
qwen2.5:14b,direct,32000,pos_07,single_hop,low,5,0.0,0.0,0.0,0.0
qwen2.5:14b,direct,32000,pos_07,single_hop,none,5,0.0,0.0,0.0,0.0
qwen2.5:14b,direct,32000,pos_08,arithmetic,conflicting,5,0.0,0.0,0.6666666666666666,0.0
qwen2.5:14b,direct,32000,pos_08,arithmetic,high,5,0.0,0.0,0.7333333333333333,0.0
qwen2.5:14b,direct,32000,pos_08,arithmetic,low,5,0.0,0.0,0.6666666666666666,0.0
qwen2.5:14b,direct,32000,pos_08,arithmetic,none,5,0.0,0.0,0.6666666666666666,0.0
qwen2.5:14b,direct,32000,pos_08,comparison,conflicting,5,0.6666666666666666,0.0,0.6666666666666666,0.0
qwen2.5:14b,direct,32000,pos_08,comparison,high,5,0.5333333333333333,0.0,0.7333333333333333,0.0
qwen2.5:14b,direct,32000,pos_08,comparison,low,5,0.5066666666666666,0.0,0.7333333333333333,0.0
qwen2.5:14b,direct,32000,pos_08,comparison,none,5,0.6666666666666666,0.0,0.6666666666666666,0.0
qwen2.5:14b,direct,32000,pos_08,multi_hop,conflicting,5,1.0,1.0,1.0,0.0
qwen2.5:14b,direct,32000,pos_08,multi_hop,high,5,1.0,1.0,1.0,0.0
qwen2.5:14b,direct,32000,pos_08,multi_hop,low,5,1.0,1.0,1.0,0.0
qwen2.5:14b,direct,32000,pos_08,multi_hop,none,5,1.0,1.0,1.0,0.0
qwen2.5:14b,direct,32000,pos_08,single_hop,conflicting,5,0.0,0.0,1.0,0.0
qwen2.5:14b,direct,32000,pos_08,single_hop,high,5,0.0,0.0,1.0,0.0
qwen2.5:14b,direct,32000,pos_08,single_hop,low,5,0.0,0.0,0.8,0.0
qwen2.5:14b,direct,32000,pos_08,single_hop,none,5,0.0,0.0,1.0,0.0
qwen2.5:14b,direct,32000,pos_09,arithmetic,conflicting,5,0.6,0.6,1.0,0.0
qwen2.5:14b,direct,32000,pos_09,arithmetic,high,5,0.8,0.8,1.0,0.0
qwen2.5:14b,direct,32000,pos_09,arithmetic,low,5,1.0,1.0,0.9333333333333333,0.0
qwen2.5:14b,direct,32000,pos_09,arithmetic,none,5,0.8,0.8,1.0,0.0
qwen2.5:14b,direct,32000,pos_09,comparison,conflicting,5,1.0,1.0,1.0,0.0
qwen2.5:14b,direct,32000,pos_09,comparison,high,5,1.0,1.0,1.0,0.0
qwen2.5:14b,direct,32000,pos_09,comparison,low,5,1.0,1.0,1.0,0.0
qwen2.5:14b,direct,32000,pos_09,comparison,none,5,1.0,1.0,1.0,0.0
qwen2.5:14b,direct,32000,pos_09,multi_hop,conflicting,5,1.0,1.0,1.0,0.0
qwen2.5:14b,direct,32000,pos_09,multi_hop,high,5,1.0,1.0,1.0,0.0
qwen2.5:14b,direct,32000,pos_09,multi_hop,low,5,1.0,1.0,1.0,0.0
qwen2.5:14b,direct,32000,pos_09,multi_hop,none,5,1.0,1.0,1.0,0.0
qwen2.5:14b,direct,32000,pos_09,single_hop,conflicting,5,1.0,1.0,1.0,0.0
qwen2.5:14b,direct,32000,pos_09,single_hop,high,5,1.0,1.0,1.0,0.0
qwen2.5:14b,direct,32000,pos_09,single_hop,low,5,1.0,1.0,1.0,0.0
qwen2.5:14b,direct,32000,pos_09,single_hop,none,5,1.0,1.0,1.0,0.0
qwen2.5:14b,direct,4000,pos_00,arithmetic,conflicting,5,1.0,1.0,0.8,0.0
qwen2.5:14b,direct,4000,pos_00,arithmetic,high,5,1.0,1.0,1.0,0.0
qwen2.5:14b,direct,4000,pos_00,arithmetic,low,5,1.0,1.0,1.0,0.0
qwen2.5:14b,direct,4000,pos_00,arithmetic,none,5,1.0,1.0,1.0,0.0
qwen2.5:14b,direct,4000,pos_00,comparison,conflicting,5,0.7,0.6,0.5,0.0
qwen2.5:14b,direct,4000,pos_00,comparison,high,5,0.9333333333333333,0.8,0.8933333333333333,0.0
qwen2.5:14b,direct,4000,pos_00,comparison,low,5,1.0,1.0,1.0,0.0
qwen2.5:14b,direct,4000,pos_00,comparison,none,5,1.0,1.0,1.0,0.0
qwen2.5:14b,direct,4000,pos_00,multi_hop,conflicting,5,0.4,0.4,0.7,0.0
qwen2.5:14b,direct,4000,pos_00,multi_hop,high,5,1.0,1.0,0.8,0.0
qwen2.5:14b,direct,4000,pos_00,multi_hop,low,5,1.0,1.0,1.0,0.0
qwen2.5:14b,direct,4000,pos_00,multi_hop,none,5,1.0,1.0,1.0,0.0
qwen2.5:14b,direct,4000,pos_00,single_hop,conflicting,5,1.0,1.0,1.0,0.0
qwen2.5:14b,direct,4000,pos_00,single_hop,high,5,1.0,1.0,1.0,0.0
qwen2.5:14b,direct,4000,pos_00,single_hop,low,5,1.0,1.0,1.0,0.0
qwen2.5:14b,direct,4000,pos_00,single_hop,none,5,1.0,1.0,1.0,0.0
qwen2.5:14b,direct,4000,pos_01,arithmetic,conflicting,5,1.0,1.0,1.0,0.0
qwen2.5:14b,direct,4000,pos_01,arithmetic,high,5,1.0,1.0,1.0,0.0
qwen2.5:14b,direct,4000,pos_01,arithmetic,low,5,0.8,0.8,1.0,0.0
qwen2.5:14b,direct,4000,pos_01,arithmetic,none,5,1.0,1.0,1.0,0.0
qwen2.5:14b,direct,4000,pos_01,comparison,conflicting,5,0.8,0.6,0.56,0.0
qwen2.5:14b,direct,4000,pos_01,comparison,high,5,0.9,0.8,0.6333333333333333,0.0
qwen2.5:14b,direct,4000,pos_01,comparison,low,5,1.0,1.0,1.0,0.0
qwen2.5:14b,direct,4000,pos_01,comparison,none,5,1.0,1.0,1.0,0.0
qwen2.5:14b,direct,4000,pos_01,multi_hop,conflicting,5,1.0,1.0,1.0,0.0
qwen2.5:14b,direct,4000,pos_01,multi_hop,high,5,1.0,1.0,1.0,0.0
qwen2.5:14b,direct,4000,pos_01,multi_hop,low,5,1.0,1.0,1.0,0.0
qwen2.5:14b,direct,4000,pos_01,multi_hop,none,5,1.0,1.0,1.0,0.0
qwen2.5:14b,direct,4000,pos_01,single_hop,conflicting,5,1.0,1.0,1.0,0.0
qwen2.5:14b,direct,4000,pos_01,single_hop,high,5,1.0,1.0,1.0,0.0
qwen2.5:14b,direct,4000,pos_01,single_hop,low,5,1.0,1.0,1.0,0.0
qwen2.5:14b,direct,4000,pos_01,single_hop,none,5,1.0,1.0,1.0,0.0
qwen2.5:14b,direct,4000,pos_02,arithmetic,conflicting,5,1.0,1.0,0.9333333333333333,0.0
qwen2.5:14b,direct,4000,pos_02,arithmetic,high,5,1.0,1.0,1.0,0.0
qwen2.5:14b,direct,4000,pos_02,arithmetic,low,5,1.0,1.0,0.9333333333333333,0.0
qwen2.5:14b,direct,4000,pos_02,arithmetic,none,5,1.0,1.0,1.0,0.0
qwen2.5:14b,direct,4000,pos_02,comparison,conflicting,5,0.8666666666666667,0.6,0.5,0.0
qwen2.5:14b,direct,4000,pos_02,comparison,high,5,0.9333333333333333,0.8,0.5,0.0
qwen2.5:14b,direct,4000,pos_02,comparison,low,5,1.0,1.0,0.7999999999999999,0.0
qwen2.5:14b,direct,4000,pos_02,comparison,none,5,1.0,1.0,1.0,0.0
qwen2.5:14b,direct,4000,pos_02,multi_hop,conflicting,5,1.0,1.0,1.0,0.0
qwen2.5:14b,direct,4000,pos_02,multi_hop,high,5,1.0,1.0,1.0,0.0
qwen2.5:14b,direct,4000,pos_02,multi_hop,low,5,1.0,1.0,1.0,0.0
qwen2.5:14b,direct,4000,pos_02,multi_hop,none,5,1.0,1.0,1.0,0.0
qwen2.5:14b,direct,4000,pos_02,single_hop,conflicting,5,1.0,1.0,1.0,0.0
qwen2.5:14b,direct,4000,pos_02,single_hop,high,5,1.0,1.0,1.0,0.0
qwen2.5:14b,direct,4000,pos_02,single_hop,low,5,1.0,1.0,1.0,0.0
qwen2.5:14b,direct,4000,pos_02,single_hop,none,5,1.0,1.0,1.0,0.0
qwen2.5:14b,direct,4000,pos_03,arithmetic,conflicting,5,0.8,0.8,1.0,0.0
qwen2.5:14b,direct,4000,pos_03,arithmetic,high,5,1.0,1.0,1.0,0.0
qwen2.5:14b,direct,4000,pos_03,arithmetic,low,5,1.0,1.0,1.0,0.0
qwen2.5:14b,direct,4000,pos_03,arithmetic,none,5,1.0,1.0,1.0,0.0
qwen2.5:14b,direct,4000,pos_03,comparison,conflicting,5,1.0,1.0,0.62,0.0
qwen2.5:14b,direct,4000,pos_03,comparison,high,5,1.0,1.0,0.56,0.0
qwen2.5:14b,direct,4000,pos_03,comparison,low,5,1.0,1.0,1.0,0.0
qwen2.5:14b,direct,4000,pos_03,comparison,none,5,1.0,1.0,1.0,0.0
qwen2.5:14b,direct,4000,pos_03,multi_hop,conflicting,5,1.0,1.0,1.0,0.0
qwen2.5:14b,direct,4000,pos_03,multi_hop,high,5,1.0,1.0,1.0,0.0
qwen2.5:14b,direct,4000,pos_03,multi_hop,low,5,1.0,1.0,1.0,0.0
qwen2.5:14b,direct,4000,pos_03,multi_hop,none,5,1.0,1.0,1.0,0.0
qwen2.5:14b,direct,4000,pos_03,single_hop,conflicting,5,1.0,1.0,1.0,0.0
qwen2.5:14b,direct,4000,pos_03,single_hop,high,5,1.0,1.0,1.0,0.0
qwen2.5:14b,direct,4000,pos_03,single_hop,low,5,1.0,1.0,1.0,0.0
qwen2.5:14b,direct,4000,pos_03,single_hop,none,5,1.0,1.0,1.0,0.0
qwen2.5:14b,direct,4000,pos_04,arithmetic,conflicting,5,1.0,1.0,1.0,0.0
qwen2.5:14b,direct,4000,pos_04,arithmetic,high,5,1.0,1.0,1.0,0.0
qwen2.5:14b,direct,4000,pos_04,arithmetic,low,5,1.0,1.0,1.0,0.0
qwen2.5:14b,direct,4000,pos_04,arithmetic,none,5,1.0,1.0,0.8666666666666667,0.0
qwen2.5:14b,direct,4000,pos_04,comparison,conflicting,5,0.8,0.6,0.74,0.0
qwen2.5:14b,direct,4000,pos_04,comparison,high,5,0.8,0.6,0.7,0.0
qwen2.5:14b,direct,4000,pos_04,comparison,low,5,1.0,1.0,1.0,0.0
qwen2.5:14b,direct,4000,pos_04,comparison,none,5,1.0,1.0,1.0,0.0
qwen2.5:14b,direct,4000,pos_04,multi_hop,conflicting,5,1.0,1.0,1.0,0.0
qwen2.5:14b,direct,4000,pos_04,multi_hop,high,5,1.0,1.0,1.0,0.0
qwen2.5:14b,direct,4000,pos_04,multi_hop,low,5,1.0,1.0,1.0,0.0
qwen2.5:14b,direct,4000,pos_04,multi_hop,none,5,1.0,1.0,1.0,0.0
qwen2.5:14b,direct,4000,pos_04,single_hop,conflicting,5,1.0,1.0,1.0,0.0
qwen2.5:14b,direct,4000,pos_04,single_hop,high,5,1.0,1.0,1.0,0.0
qwen2.5:14b,direct,4000,pos_04,single_hop,low,5,1.0,1.0,1.0,0.0
qwen2.5:14b,direct,4000,pos_04,single_hop,none,5,1.0,1.0,1.0,0.0
qwen2.5:14b,direct,4000,pos_05,arithmetic,conflicting,5,1.0,1.0,1.0,0.0
qwen2.5:14b,direct,4000,pos_05,arithmetic,high,5,1.0,1.0,1.0,0.0
qwen2.5:14b,direct,4000,pos_05,arithmetic,low,5,1.0,1.0,1.0,0.0
qwen2.5:14b,direct,4000,pos_05,arithmetic,none,5,1.0,1.0,0.7999999999999999,0.0
qwen2.5:14b,direct,4000,pos_05,comparison,conflicting,5,0.6,0.2,0.74,0.0
qwen2.5:14b,direct,4000,pos_05,comparison,high,5,0.9,0.8,0.5,0.0
qwen2.5:14b,direct,4000,pos_05,comparison,low,5,1.0,1.0,1.0,0.0
qwen2.5:14b,direct,4000,pos_05,comparison,none,5,1.0,1.0,1.0,0.0
qwen2.5:14b,direct,4000,pos_05,multi_hop,conflicting,5,1.0,1.0,1.0,0.0
qwen2.5:14b,direct,4000,pos_05,multi_hop,high,5,1.0,1.0,1.0,0.0
qwen2.5:14b,direct,4000,pos_05,multi_hop,low,5,1.0,1.0,1.0,0.0
qwen2.5:14b,direct,4000,pos_05,multi_hop,none,5,1.0,1.0,1.0,0.0
qwen2.5:14b,direct,4000,pos_05,single_hop,conflicting,5,1.0,1.0,1.0,0.0
qwen2.5:14b,direct,4000,pos_05,single_hop,high,5,1.0,1.0,1.0,0.0
qwen2.5:14b,direct,4000,pos_05,single_hop,low,5,1.0,1.0,1.0,0.0
qwen2.5:14b,direct,4000,pos_05,single_hop,none,5,1.0,1.0,1.0,0.0
qwen2.5:14b,direct,4000,pos_06,arithmetic,conflicting,5,1.0,1.0,1.0,0.0
qwen2.5:14b,direct,4000,pos_06,arithmetic,high,5,1.0,1.0,1.0,0.0
qwen2.5:14b,direct,4000,pos_06,arithmetic,low,5,1.0,1.0,1.0,0.0
qwen2.5:14b,direct,4000,pos_06,arithmetic,none,5,1.0,1.0,0.9333333333333333,0.0
qwen2.5:14b,direct,4000,pos_06,comparison,conflicting,5,0.5,0.0,0.8,0.0
qwen2.5:14b,direct,4000,pos_06,comparison,high,5,0.7,0.4,0.5,0.0
qwen2.5:14b,direct,4000,pos_06,comparison,low,5,1.0,1.0,1.0,0.0
qwen2.5:14b,direct,4000,pos_06,comparison,none,5,0.9333333333333333,0.8,1.0,0.0
qwen2.5:14b,direct,4000,pos_06,multi_hop,conflicting,5,1.0,1.0,1.0,0.0
qwen2.5:14b,direct,4000,pos_06,multi_hop,high,5,1.0,1.0,1.0,0.0
qwen2.5:14b,direct,4000,pos_06,multi_hop,low,5,1.0,1.0,1.0,0.0
qwen2.5:14b,direct,4000,pos_06,multi_hop,none,5,1.0,1.0,1.0,0.0
qwen2.5:14b,direct,4000,pos_06,single_hop,conflicting,5,1.0,1.0,1.0,0.0
qwen2.5:14b,direct,4000,pos_06,single_hop,high,5,1.0,1.0,1.0,0.0
qwen2.5:14b,direct,4000,pos_06,single_hop,low,5,1.0,1.0,1.0,0.0
qwen2.5:14b,direct,4000,pos_06,single_hop,none,5,1.0,1.0,1.0,0.0
qwen2.5:14b,direct,4000,pos_07,arithmetic,conflicting,5,1.0,1.0,1.0,0.0
qwen2.5:14b,direct,4000,pos_07,arithmetic,high,5,1.0,1.0,1.0,0.0
qwen2.5:14b,direct,4000,pos_07,arithmetic,low,5,1.0,1.0,1.0,0.0
qwen2.5:14b,direct,4000,pos_07,arithmetic,none,5,1.0,1.0,1.0,0.0
qwen2.5:14b,direct,4000,pos_07,comparison,conflicting,5,0.5,0.0,0.56,0.0
qwen2.5:14b,direct,4000,pos_07,comparison,high,5,0.6,0.2,0.5,0.0
qwen2.5:14b,direct,4000,pos_07,comparison,low,5,1.0,1.0,1.0,0.0
qwen2.5:14b,direct,4000,pos_07,comparison,none,5,1.0,1.0,1.0,0.0
qwen2.5:14b,direct,4000,pos_07,multi_hop,conflicting,5,1.0,1.0,1.0,0.0
qwen2.5:14b,direct,4000,pos_07,multi_hop,high,5,1.0,1.0,1.0,0.0
qwen2.5:14b,direct,4000,pos_07,multi_hop,low,5,1.0,1.0,1.0,0.0
qwen2.5:14b,direct,4000,pos_07,multi_hop,none,5,1.0,1.0,1.0,0.0
qwen2.5:14b,direct,4000,pos_07,single_hop,conflicting,5,1.0,1.0,1.0,0.0
qwen2.5:14b,direct,4000,pos_07,single_hop,high,5,1.0,1.0,1.0,0.0
qwen2.5:14b,direct,4000,pos_07,single_hop,low,5,1.0,1.0,1.0,0.0
qwen2.5:14b,direct,4000,pos_07,single_hop,none,5,1.0,1.0,1.0,0.0
qwen2.5:14b,direct,4000,pos_08,arithmetic,conflicting,5,1.0,1.0,1.0,0.0
qwen2.5:14b,direct,4000,pos_08,arithmetic,high,5,1.0,1.0,1.0,0.0
qwen2.5:14b,direct,4000,pos_08,arithmetic,low,5,1.0,1.0,1.0,0.0
qwen2.5:14b,direct,4000,pos_08,arithmetic,none,5,1.0,1.0,1.0,0.0
qwen2.5:14b,direct,4000,pos_08,comparison,conflicting,5,0.5,0.0,0.5,0.0
qwen2.5:14b,direct,4000,pos_08,comparison,high,5,1.0,1.0,0.8,0.0
qwen2.5:14b,direct,4000,pos_08,comparison,low,5,1.0,1.0,1.0,0.0
qwen2.5:14b,direct,4000,pos_08,comparison,none,5,1.0,1.0,1.0,0.0
qwen2.5:14b,direct,4000,pos_08,multi_hop,conflicting,5,1.0,1.0,1.0,0.0
qwen2.5:14b,direct,4000,pos_08,multi_hop,high,5,1.0,1.0,1.0,0.0
qwen2.5:14b,direct,4000,pos_08,multi_hop,low,5,1.0,1.0,1.0,0.0
qwen2.5:14b,direct,4000,pos_08,multi_hop,none,5,1.0,1.0,1.0,0.0
qwen2.5:14b,direct,4000,pos_08,single_hop,conflicting,5,1.0,1.0,1.0,0.0
qwen2.5:14b,direct,4000,pos_08,single_hop,high,5,1.0,1.0,1.0,0.0
qwen2.5:14b,direct,4000,pos_08,single_hop,low,5,1.0,1.0,1.0,0.0
qwen2.5:14b,direct,4000,pos_08,single_hop,none,5,1.0,1.0,1.0,0.0
qwen2.5:14b,direct,4000,pos_09,arithmetic,conflicting,5,1.0,1.0,1.0,0.0
qwen2.5:14b,direct,4000,pos_09,arithmetic,high,5,1.0,1.0,1.0,0.0
qwen2.5:14b,direct,4000,pos_09,arithmetic,low,5,1.0,1.0,1.0,0.0
qwen2.5:14b,direct,4000,pos_09,arithmetic,none,5,1.0,1.0,1.0,0.0
qwen2.5:14b,direct,4000,pos_09,comparison,conflicting,5,0.5,0.0,0.5333333333333333,0.0
qwen2.5:14b,direct,4000,pos_09,comparison,high,5,1.0,1.0,1.0,0.0
qwen2.5:14b,direct,4000,pos_09,comparison,low,5,1.0,1.0,1.0,0.0
qwen2.5:14b,direct,4000,pos_09,comparison,none,5,0.8666666666666667,0.6,1.0,0.0
qwen2.5:14b,direct,4000,pos_09,multi_hop,conflicting,5,1.0,1.0,1.0,0.0
qwen2.5:14b,direct,4000,pos_09,multi_hop,high,5,1.0,1.0,1.0,0.0
qwen2.5:14b,direct,4000,pos_09,multi_hop,low,5,1.0,1.0,1.0,0.0
qwen2.5:14b,direct,4000,pos_09,multi_hop,none,5,1.0,1.0,1.0,0.0
qwen2.5:14b,direct,4000,pos_09,single_hop,conflicting,5,0.8,0.8,0.9333333333333333,0.0
qwen2.5:14b,direct,4000,pos_09,single_hop,high,5,1.0,1.0,1.0,0.0
qwen2.5:14b,direct,4000,pos_09,single_hop,low,5,1.0,1.0,1.0,0.0
qwen2.5:14b,direct,4000,pos_09,single_hop,none,5,1.0,1.0,1.0,0.0
qwen2.5:14b,direct,8000,pos_00,arithmetic,conflicting,5,0.0,0.0,0.0,0.0
qwen2.5:14b,direct,8000,pos_00,arithmetic,high,5,0.0,0.0,0.0,0.0
qwen2.5:14b,direct,8000,pos_00,arithmetic,low,5,0.0,0.0,0.0,0.0
qwen2.5:14b,direct,8000,pos_00,arithmetic,none,5,0.0,0.0,0.0,0.0
qwen2.5:14b,direct,8000,pos_00,comparison,conflicting,5,0.5333333333333333,0.0,0.6666666666666666,0.0
qwen2.5:14b,direct,8000,pos_00,comparison,high,5,0.6666666666666666,0.0,0.6666666666666666,0.0
qwen2.5:14b,direct,8000,pos_00,comparison,low,5,0.0,0.0,0.0,0.0
qwen2.5:14b,direct,8000,pos_00,comparison,none,5,0.0,0.0,0.0,0.0
qwen2.5:14b,direct,8000,pos_00,multi_hop,conflicting,5,0.0,0.0,0.7666666666666666,0.0
qwen2.5:14b,direct,8000,pos_00,multi_hop,high,5,0.4,0.4,0.6666666666666666,0.0
qwen2.5:14b,direct,8000,pos_00,multi_hop,low,5,0.0,0.0,0.0,0.0
qwen2.5:14b,direct,8000,pos_00,multi_hop,none,5,0.0,0.0,0.0,0.0
qwen2.5:14b,direct,8000,pos_00,single_hop,conflicting,5,0.0,0.0,1.0,0.0
qwen2.5:14b,direct,8000,pos_00,single_hop,high,5,0.0,0.0,0.8666666666666667,0.0
qwen2.5:14b,direct,8000,pos_00,single_hop,low,5,0.0,0.0,0.0,0.0
qwen2.5:14b,direct,8000,pos_00,single_hop,none,5,0.0,0.0,0.0,0.0
qwen2.5:14b,direct,8000,pos_01,arithmetic,conflicting,5,0.0,0.0,0.0,0.0
qwen2.5:14b,direct,8000,pos_01,arithmetic,high,5,0.0,0.0,0.0,0.0
qwen2.5:14b,direct,8000,pos_01,arithmetic,low,5,0.0,0.0,0.0,0.0
qwen2.5:14b,direct,8000,pos_01,arithmetic,none,5,0.0,0.0,0.0,0.0
qwen2.5:14b,direct,8000,pos_01,comparison,conflicting,5,0.5,0.0,0.6666666666666666,0.0
qwen2.5:14b,direct,8000,pos_01,comparison,high,5,0.6666666666666666,0.0,0.6666666666666666,0.0
qwen2.5:14b,direct,8000,pos_01,comparison,low,5,0.0,0.0,0.0,0.0
qwen2.5:14b,direct,8000,pos_01,comparison,none,5,0.1,0.0,0.0,0.0
qwen2.5:14b,direct,8000,pos_01,multi_hop,conflicting,5,0.0,0.0,0.7999999999999999,0.0
qwen2.5:14b,direct,8000,pos_01,multi_hop,high,5,0.2,0.2,0.6666666666666666,0.0
qwen2.5:14b,direct,8000,pos_01,multi_hop,low,5,0.0,0.0,0.0,0.0
qwen2.5:14b,direct,8000,pos_01,multi_hop,none,5,0.0,0.0,0.0,0.0
qwen2.5:14b,direct,8000,pos_01,single_hop,conflicting,5,0.0,0.0,1.0,0.0
qwen2.5:14b,direct,8000,pos_01,single_hop,high,5,0.0,0.0,1.0,0.0
qwen2.5:14b,direct,8000,pos_01,single_hop,low,5,0.0,0.0,0.0,0.0
qwen2.5:14b,direct,8000,pos_01,single_hop,none,5,0.0,0.0,0.0,0.0
qwen2.5:14b,direct,8000,pos_02,arithmetic,conflicting,5,0.0,0.0,1.0,0.0
qwen2.5:14b,direct,8000,pos_02,arithmetic,high,5,0.0,0.0,0.8666666666666667,0.0
qwen2.5:14b,direct,8000,pos_02,arithmetic,low,5,0.2,0.2,0.7333333333333333,0.0
qwen2.5:14b,direct,8000,pos_02,arithmetic,none,5,0.0,0.0,0.7333333333333333,0.0
qwen2.5:14b,direct,8000,pos_02,comparison,conflicting,5,0.6,0.0,1.0,0.0
qwen2.5:14b,direct,8000,pos_02,comparison,high,5,0.5,0.0,1.0,0.0
qwen2.5:14b,direct,8000,pos_02,comparison,low,5,0.5333333333333333,0.0,0.9333333333333333,0.0
qwen2.5:14b,direct,8000,pos_02,comparison,none,5,0.6666666666666666,0.0,0.6666666666666666,0.0
qwen2.5:14b,direct,8000,pos_02,multi_hop,conflicting,5,1.0,1.0,1.0,0.0
qwen2.5:14b,direct,8000,pos_02,multi_hop,high,5,1.0,1.0,1.0,0.0
qwen2.5:14b,direct,8000,pos_02,multi_hop,low,5,1.0,1.0,1.0,0.0
qwen2.5:14b,direct,8000,pos_02,multi_hop,none,5,1.0,1.0,1.0,0.0
qwen2.5:14b,direct,8000,pos_02,single_hop,conflicting,5,0.0,0.0,1.0,0.0
qwen2.5:14b,direct,8000,pos_02,single_hop,high,5,0.0,0.0,1.0,0.0
qwen2.5:14b,direct,8000,pos_02,single_hop,low,5,0.0,0.0,1.0,0.0
qwen2.5:14b,direct,8000,pos_02,single_hop,none,5,0.0,0.0,1.0,0.0
qwen2.5:14b,direct,8000,pos_03,arithmetic,conflicting,5,0.0,0.0,1.0,0.0
qwen2.5:14b,direct,8000,pos_03,arithmetic,high,5,0.0,0.0,1.0,0.0
qwen2.5:14b,direct,8000,pos_03,arithmetic,low,5,0.2,0.2,1.0,0.0
qwen2.5:14b,direct,8000,pos_03,arithmetic,none,5,0.0,0.0,0.7999999999999999,0.0
qwen2.5:14b,direct,8000,pos_03,comparison,conflicting,5,0.6333333333333333,0.0,0.7,0.0
qwen2.5:14b,direct,8000,pos_03,comparison,high,5,0.5333333333333333,0.0,0.6,0.0
qwen2.5:14b,direct,8000,pos_03,comparison,low,5,0.6666666666666666,0.0,1.0,0.0
qwen2.5:14b,direct,8000,pos_03,comparison,none,5,0.6666666666666666,0.0,0.6666666666666666,0.0
qwen2.5:14b,direct,8000,pos_03,multi_hop,conflicting,5,1.0,1.0,0.9333333333333333,0.0
qwen2.5:14b,direct,8000,pos_03,multi_hop,high,5,1.0,1.0,1.0,0.0
qwen2.5:14b,direct,8000,pos_03,multi_hop,low,5,1.0,1.0,1.0,0.0
qwen2.5:14b,direct,8000,pos_03,multi_hop,none,5,1.0,1.0,1.0,0.0
qwen2.5:14b,direct,8000,pos_03,single_hop,conflicting,5,0.0,0.0,1.0,0.0
qwen2.5:14b,direct,8000,pos_03,single_hop,high,5,0.0,0.0,1.0,0.0
qwen2.5:14b,direct,8000,pos_03,single_hop,low,5,0.0,0.0,1.0,0.0
qwen2.5:14b,direct,8000,pos_03,single_hop,none,5,0.0,0.0,1.0,0.0
qwen2.5:14b,direct,8000,pos_04,arithmetic,conflicting,5,0.0,0.0,0.7,0.0
qwen2.5:14b,direct,8000,pos_04,arithmetic,high,5,0.6,0.6,1.0,0.0
qwen2.5:14b,direct,8000,pos_04,arithmetic,low,5,0.0,0.0,1.0,0.0
qwen2.5:14b,direct,8000,pos_04,arithmetic,none,5,0.0,0.0,0.6666666666666666,0.0
qwen2.5:14b,direct,8000,pos_04,comparison,conflicting,5,0.5333333333333333,0.0,0.7,0.0
qwen2.5:14b,direct,8000,pos_04,comparison,high,5,0.6,0.0,0.9,0.0
qwen2.5:14b,direct,8000,pos_04,comparison,low,5,0.6666666666666666,0.0,1.0,0.0
qwen2.5:14b,direct,8000,pos_04,comparison,none,5,0.5333333333333333,0.0,0.6666666666666666,0.0
qwen2.5:14b,direct,8000,pos_04,multi_hop,conflicting,5,1.0,1.0,1.0,0.0
qwen2.5:14b,direct,8000,pos_04,multi_hop,high,5,1.0,1.0,1.0,0.0
qwen2.5:14b,direct,8000,pos_04,multi_hop,low,5,1.0,1.0,1.0,0.0
qwen2.5:14b,direct,8000,pos_04,multi_hop,none,5,1.0,1.0,0.8666666666666667,0.0
qwen2.5:14b,direct,8000,pos_04,single_hop,conflicting,5,0.0,0.0,1.0,0.0
qwen2.5:14b,direct,8000,pos_04,single_hop,high,5,0.0,0.0,0.9333333333333333,0.0
qwen2.5:14b,direct,8000,pos_04,single_hop,low,5,0.0,0.0,1.0,0.0
qwen2.5:14b,direct,8000,pos_04,single_hop,none,5,0.0,0.0,1.0,0.0
qwen2.5:14b,direct,8000,pos_05,arithmetic,conflicting,5,0.0,0.0,0.9,0.0
qwen2.5:14b,direct,8000,pos_05,arithmetic,high,5,0.0,0.0,1.0,0.0
qwen2.5:14b,direct,8000,pos_05,arithmetic,low,5,0.0,0.0,1.0,0.0
qwen2.5:14b,direct,8000,pos_05,arithmetic,none,5,0.2,0.2,0.7999999999999999,0.0
qwen2.5:14b,direct,8000,pos_05,comparison,conflicting,5,0.5619047619047619,0.0,0.6,0.0
qwen2.5:14b,direct,8000,pos_05,comparison,high,5,0.5666666666666667,0.0,1.0,0.0
qwen2.5:14b,direct,8000,pos_05,comparison,low,5,0.6,0.0,1.0,0.0
qwen2.5:14b,direct,8000,pos_05,comparison,none,5,0.5333333333333333,0.0,0.6666666666666666,0.0
qwen2.5:14b,direct,8000,pos_05,multi_hop,conflicting,5,1.0,1.0,0.9333333333333333,0.0
qwen2.5:14b,direct,8000,pos_05,multi_hop,high,5,1.0,1.0,1.0,0.0
qwen2.5:14b,direct,8000,pos_05,multi_hop,low,5,1.0,1.0,1.0,0.0
qwen2.5:14b,direct,8000,pos_05,multi_hop,none,5,1.0,1.0,1.0,0.0
qwen2.5:14b,direct,8000,pos_05,single_hop,conflicting,5,0.0,0.0,1.0,0.0
qwen2.5:14b,direct,8000,pos_05,single_hop,high,5,0.0,0.0,0.8,0.0
qwen2.5:14b,direct,8000,pos_05,single_hop,low,5,0.0,0.0,1.0,0.0
qwen2.5:14b,direct,8000,pos_05,single_hop,none,5,0.0,0.0,1.0,0.0
qwen2.5:14b,direct,8000,pos_06,arithmetic,conflicting,5,1.0,1.0,1.0,0.0
qwen2.5:14b,direct,8000,pos_06,arithmetic,high,5,0.8,0.8,1.0,0.0
qwen2.5:14b,direct,8000,pos_06,arithmetic,low,5,0.8,0.8,1.0,0.0
qwen2.5:14b,direct,8000,pos_06,arithmetic,none,5,0.8,0.8,1.0,0.0
qwen2.5:14b,direct,8000,pos_06,comparison,conflicting,5,1.0,1.0,1.0,0.0
qwen2.5:14b,direct,8000,pos_06,comparison,high,5,0.9333333333333333,0.8,1.0,0.0
qwen2.5:14b,direct,8000,pos_06,comparison,low,5,1.0,1.0,1.0,0.0
qwen2.5:14b,direct,8000,pos_06,comparison,none,5,1.0,1.0,0.9333333333333333,0.0
qwen2.5:14b,direct,8000,pos_06,multi_hop,conflicting,5,1.0,1.0,1.0,0.0
qwen2.5:14b,direct,8000,pos_06,multi_hop,high,5,1.0,1.0,1.0,0.0
qwen2.5:14b,direct,8000,pos_06,multi_hop,low,5,1.0,1.0,1.0,0.0
qwen2.5:14b,direct,8000,pos_06,multi_hop,none,5,1.0,1.0,1.0,0.0
qwen2.5:14b,direct,8000,pos_06,single_hop,conflicting,5,1.0,1.0,0.6666666666666666,0.0
qwen2.5:14b,direct,8000,pos_06,single_hop,high,5,1.0,1.0,1.0,0.0
qwen2.5:14b,direct,8000,pos_06,single_hop,low,5,1.0,1.0,1.0,0.0
qwen2.5:14b,direct,8000,pos_06,single_hop,none,5,1.0,1.0,1.0,0.0
qwen2.5:14b,direct,8000,pos_07,arithmetic,conflicting,5,1.0,1.0,1.0,0.0
qwen2.5:14b,direct,8000,pos_07,arithmetic,high,5,1.0,1.0,1.0,0.0
qwen2.5:14b,direct,8000,pos_07,arithmetic,low,5,1.0,1.0,1.0,0.0
qwen2.5:14b,direct,8000,pos_07,arithmetic,none,5,0.6,0.6,0.9333333333333333,0.0
qwen2.5:14b,direct,8000,pos_07,comparison,conflicting,5,1.0,1.0,1.0,0.0
qwen2.5:14b,direct,8000,pos_07,comparison,high,5,0.8,0.8,0.9,0.0
qwen2.5:14b,direct,8000,pos_07,comparison,low,5,1.0,1.0,1.0,0.0
qwen2.5:14b,direct,8000,pos_07,comparison,none,5,1.0,1.0,0.8666666666666667,0.0
qwen2.5:14b,direct,8000,pos_07,multi_hop,conflicting,5,1.0,1.0,1.0,0.0
qwen2.5:14b,direct,8000,pos_07,multi_hop,high,5,1.0,1.0,1.0,0.0
qwen2.5:14b,direct,8000,pos_07,multi_hop,low,5,1.0,1.0,1.0,0.0
qwen2.5:14b,direct,8000,pos_07,multi_hop,none,5,1.0,1.0,1.0,0.0
qwen2.5:14b,direct,8000,pos_07,single_hop,conflicting,5,1.0,1.0,1.0,0.0
qwen2.5:14b,direct,8000,pos_07,single_hop,high,5,1.0,1.0,1.0,0.0
qwen2.5:14b,direct,8000,pos_07,single_hop,low,5,1.0,1.0,1.0,0.0
qwen2.5:14b,direct,8000,pos_07,single_hop,none,5,1.0,1.0,1.0,0.0
qwen2.5:14b,direct,8000,pos_08,arithmetic,conflicting,5,1.0,1.0,1.0,0.0
qwen2.5:14b,direct,8000,pos_08,arithmetic,high,5,1.0,1.0,1.0,0.0
qwen2.5:14b,direct,8000,pos_08,arithmetic,low,5,1.0,1.0,1.0,0.0
qwen2.5:14b,direct,8000,pos_08,arithmetic,none,5,0.8,0.8,1.0,0.0
qwen2.5:14b,direct,8000,pos_08,comparison,conflicting,5,0.9,0.8,1.0,0.0
qwen2.5:14b,direct,8000,pos_08,comparison,high,5,1.0,1.0,1.0,0.0
qwen2.5:14b,direct,8000,pos_08,comparison,low,5,1.0,1.0,1.0,0.0
qwen2.5:14b,direct,8000,pos_08,comparison,none,5,1.0,1.0,1.0,0.0
qwen2.5:14b,direct,8000,pos_08,multi_hop,conflicting,5,1.0,1.0,1.0,0.0
qwen2.5:14b,direct,8000,pos_08,multi_hop,high,5,1.0,1.0,1.0,0.0
qwen2.5:14b,direct,8000,pos_08,multi_hop,low,5,1.0,1.0,1.0,0.0
qwen2.5:14b,direct,8000,pos_08,multi_hop,none,5,1.0,1.0,1.0,0.0
qwen2.5:14b,direct,8000,pos_08,single_hop,conflicting,5,1.0,1.0,0.9333333333333333,0.0
qwen2.5:14b,direct,8000,pos_08,single_hop,high,5,1.0,1.0,1.0,0.0
qwen2.5:14b,direct,8000,pos_08,single_hop,low,5,1.0,1.0,1.0,0.0
qwen2.5:14b,direct,8000,pos_08,single_hop,none,5,1.0,1.0,1.0,0.0
qwen2.5:14b,direct,8000,pos_09,arithmetic,conflicting,5,1.0,1.0,1.0,0.0
qwen2.5:14b,direct,8000,pos_09,arithmetic,high,5,1.0,1.0,1.0,0.0
qwen2.5:14b,direct,8000,pos_09,arithmetic,low,5,1.0,1.0,1.0,0.0
qwen2.5:14b,direct,8000,pos_09,arithmetic,none,5,0.6,0.6,1.0,0.0
qwen2.5:14b,direct,8000,pos_09,comparison,conflicting,5,1.0,1.0,1.0,0.0
qwen2.5:14b,direct,8000,pos_09,comparison,high,5,1.0,1.0,1.0,0.0
qwen2.5:14b,direct,8000,pos_09,comparison,low,5,1.0,1.0,1.0,0.0
qwen2.5:14b,direct,8000,pos_09,comparison,none,5,1.0,1.0,1.0,0.0
qwen2.5:14b,direct,8000,pos_09,multi_hop,conflicting,5,1.0,1.0,1.0,0.0
qwen2.5:14b,direct,8000,pos_09,multi_hop,high,5,1.0,1.0,1.0,0.0
qwen2.5:14b,direct,8000,pos_09,multi_hop,low,5,1.0,1.0,1.0,0.0
qwen2.5:14b,direct,8000,pos_09,multi_hop,none,5,1.0,1.0,1.0,0.0
qwen2.5:14b,direct,8000,pos_09,single_hop,conflicting,5,1.0,1.0,1.0,0.0
qwen2.5:14b,direct,8000,pos_09,single_hop,high,5,1.0,1.0,1.0,0.0
qwen2.5:14b,direct,8000,pos_09,single_hop,low,5,1.0,1.0,1.0,0.0
qwen2.5:14b,direct,8000,pos_09,single_hop,none,5,1.0,1.0,1.0,0.0
qwen2.5:14b,no_evidence,16000,pos_00,arithmetic,conflicting,5,0.0,0.0,0.0,0.0
qwen2.5:14b,no_evidence,16000,pos_00,arithmetic,high,5,0.0,0.0,0.0,0.0
qwen2.5:14b,no_evidence,16000,pos_00,arithmetic,low,5,0.0,0.0,0.0,0.0
qwen2.5:14b,no_evidence,16000,pos_00,arithmetic,none,5,0.0,0.0,0.0,0.0
qwen2.5:14b,no_evidence,16000,pos_00,comparison,conflicting,5,0.0,0.0,0.0,0.0
qwen2.5:14b,no_evidence,16000,pos_00,comparison,high,5,0.0,0.0,0.0,0.0
qwen2.5:14b,no_evidence,16000,pos_00,comparison,low,5,0.0,0.0,0.0,0.0
qwen2.5:14b,no_evidence,16000,pos_00,comparison,none,5,0.0,0.0,0.0,0.0
qwen2.5:14b,no_evidence,16000,pos_00,multi_hop,conflicting,5,0.0,0.0,0.0,0.0
qwen2.5:14b,no_evidence,16000,pos_00,multi_hop,high,5,0.0,0.0,0.0,0.0
qwen2.5:14b,no_evidence,16000,pos_00,multi_hop,low,5,0.0,0.0,0.0,0.0
qwen2.5:14b,no_evidence,16000,pos_00,multi_hop,none,5,0.0,0.0,0.0,0.0
qwen2.5:14b,no_evidence,16000,pos_00,single_hop,conflicting,5,0.0,0.0,0.0,0.0
qwen2.5:14b,no_evidence,16000,pos_00,single_hop,high,5,0.0,0.0,0.0,0.0
qwen2.5:14b,no_evidence,16000,pos_00,single_hop,low,5,0.0,0.0,0.0,0.0
qwen2.5:14b,no_evidence,16000,pos_00,single_hop,none,5,0.0,0.0,0.0,0.0
qwen2.5:14b,no_evidence,16000,pos_01,arithmetic,conflicting,5,0.0,0.0,0.0,0.0
qwen2.5:14b,no_evidence,16000,pos_01,arithmetic,high,5,0.0,0.0,0.0,0.0
qwen2.5:14b,no_evidence,16000,pos_01,arithmetic,low,5,0.0,0.0,0.0,0.0
qwen2.5:14b,no_evidence,16000,pos_01,arithmetic,none,5,0.0,0.0,0.0,0.0
qwen2.5:14b,no_evidence,16000,pos_01,comparison,conflicting,5,0.0,0.0,0.0,0.0
qwen2.5:14b,no_evidence,16000,pos_01,comparison,high,5,0.0,0.0,0.0,0.0
qwen2.5:14b,no_evidence,16000,pos_01,comparison,low,5,0.0,0.0,0.0,0.0
qwen2.5:14b,no_evidence,16000,pos_01,comparison,none,5,0.0,0.0,0.0,0.0
qwen2.5:14b,no_evidence,16000,pos_01,multi_hop,conflicting,5,0.0,0.0,0.0,0.0
qwen2.5:14b,no_evidence,16000,pos_01,multi_hop,high,5,0.0,0.0,0.0,0.0
qwen2.5:14b,no_evidence,16000,pos_01,multi_hop,low,5,0.0,0.0,0.0,0.0
qwen2.5:14b,no_evidence,16000,pos_01,multi_hop,none,5,0.0,0.0,0.0,0.0
qwen2.5:14b,no_evidence,16000,pos_01,single_hop,conflicting,5,0.0,0.0,0.0,0.0
qwen2.5:14b,no_evidence,16000,pos_01,single_hop,high,5,0.0,0.0,0.0,0.0
qwen2.5:14b,no_evidence,16000,pos_01,single_hop,low,5,0.0,0.0,0.0,0.0
qwen2.5:14b,no_evidence,16000,pos_01,single_hop,none,5,0.0,0.0,0.0,0.0
qwen2.5:14b,no_evidence,16000,pos_02,arithmetic,conflicting,5,0.0,0.0,0.0,0.0
qwen2.5:14b,no_evidence,16000,pos_02,arithmetic,high,5,0.0,0.0,0.0,0.0
qwen2.5:14b,no_evidence,16000,pos_02,arithmetic,low,5,0.0,0.0,0.0,0.0
qwen2.5:14b,no_evidence,16000,pos_02,arithmetic,none,5,0.0,0.0,0.0,0.0
qwen2.5:14b,no_evidence,16000,pos_02,comparison,conflicting,5,0.0,0.0,0.0,0.0
qwen2.5:14b,no_evidence,16000,pos_02,comparison,high,5,0.0,0.0,0.0,0.0
qwen2.5:14b,no_evidence,16000,pos_02,comparison,low,5,0.0,0.0,0.0,0.0
qwen2.5:14b,no_evidence,16000,pos_02,comparison,none,5,0.0,0.0,0.0,0.0
qwen2.5:14b,no_evidence,16000,pos_02,multi_hop,conflicting,5,0.0,0.0,0.0,0.0
qwen2.5:14b,no_evidence,16000,pos_02,multi_hop,high,5,0.0,0.0,0.0,0.0
qwen2.5:14b,no_evidence,16000,pos_02,multi_hop,low,5,0.0,0.0,0.0,0.0
qwen2.5:14b,no_evidence,16000,pos_02,multi_hop,none,5,0.0,0.0,0.0,0.0
qwen2.5:14b,no_evidence,16000,pos_02,single_hop,conflicting,5,0.0,0.0,0.0,0.0
qwen2.5:14b,no_evidence,16000,pos_02,single_hop,high,5,0.0,0.0,0.0,0.0
qwen2.5:14b,no_evidence,16000,pos_02,single_hop,low,5,0.0,0.0,0.0,0.0
qwen2.5:14b,no_evidence,16000,pos_02,single_hop,none,5,0.0,0.0,0.0,0.0
qwen2.5:14b,no_evidence,16000,pos_03,arithmetic,conflicting,5,0.0,0.0,0.0,0.0
qwen2.5:14b,no_evidence,16000,pos_03,arithmetic,high,5,0.0,0.0,0.0,0.0
qwen2.5:14b,no_evidence,16000,pos_03,arithmetic,low,5,0.0,0.0,0.0,0.0
qwen2.5:14b,no_evidence,16000,pos_03,arithmetic,none,5,0.0,0.0,0.0,0.0
qwen2.5:14b,no_evidence,16000,pos_03,comparison,conflicting,5,0.0,0.0,0.0,0.0
qwen2.5:14b,no_evidence,16000,pos_03,comparison,high,5,0.0,0.0,0.0,0.0
qwen2.5:14b,no_evidence,16000,pos_03,comparison,low,5,0.0,0.0,0.0,0.0
qwen2.5:14b,no_evidence,16000,pos_03,comparison,none,5,0.0,0.0,0.0,0.0
qwen2.5:14b,no_evidence,16000,pos_03,multi_hop,conflicting,5,0.0,0.0,0.0,0.0
qwen2.5:14b,no_evidence,16000,pos_03,multi_hop,high,5,0.0,0.0,0.0,0.0
qwen2.5:14b,no_evidence,16000,pos_03,multi_hop,low,5,0.0,0.0,0.0,0.0
qwen2.5:14b,no_evidence,16000,pos_03,multi_hop,none,5,0.0,0.0,0.0,0.0
qwen2.5:14b,no_evidence,16000,pos_03,single_hop,conflicting,5,0.0,0.0,0.0,0.0
qwen2.5:14b,no_evidence,16000,pos_03,single_hop,high,5,0.0,0.0,0.0,0.0
qwen2.5:14b,no_evidence,16000,pos_03,single_hop,low,5,0.0,0.0,0.0,0.0
qwen2.5:14b,no_evidence,16000,pos_03,single_hop,none,5,0.0,0.0,0.0,0.0
qwen2.5:14b,no_evidence,16000,pos_04,arithmetic,conflicting,5,0.0,0.0,0.0,0.0
qwen2.5:14b,no_evidence,16000,pos_04,arithmetic,high,5,0.0,0.0,0.0,0.0
qwen2.5:14b,no_evidence,16000,pos_04,arithmetic,low,5,0.0,0.0,0.0,0.0
qwen2.5:14b,no_evidence,16000,pos_04,arithmetic,none,5,0.0,0.0,0.0,0.0
qwen2.5:14b,no_evidence,16000,pos_04,comparison,conflicting,5,0.0,0.0,0.0,0.0
qwen2.5:14b,no_evidence,16000,pos_04,comparison,high,5,0.0,0.0,0.0,0.0
qwen2.5:14b,no_evidence,16000,pos_04,comparison,low,5,0.0,0.0,0.0,0.0
qwen2.5:14b,no_evidence,16000,pos_04,comparison,none,5,0.0,0.0,0.0,0.0
qwen2.5:14b,no_evidence,16000,pos_04,multi_hop,conflicting,5,0.0,0.0,0.0,0.0
qwen2.5:14b,no_evidence,16000,pos_04,multi_hop,high,5,0.0,0.0,0.0,0.0
qwen2.5:14b,no_evidence,16000,pos_04,multi_hop,low,5,0.0,0.0,0.0,0.0
qwen2.5:14b,no_evidence,16000,pos_04,multi_hop,none,5,0.0,0.0,0.0,0.0
qwen2.5:14b,no_evidence,16000,pos_04,single_hop,conflicting,5,0.0,0.0,0.0,0.0
qwen2.5:14b,no_evidence,16000,pos_04,single_hop,high,5,0.0,0.0,0.0,0.0
qwen2.5:14b,no_evidence,16000,pos_04,single_hop,low,5,0.0,0.0,0.0,0.0
qwen2.5:14b,no_evidence,16000,pos_04,single_hop,none,5,0.0,0.0,0.0,0.0
qwen2.5:14b,no_evidence,16000,pos_05,arithmetic,conflicting,5,0.0,0.0,0.0,0.0
qwen2.5:14b,no_evidence,16000,pos_05,arithmetic,high,5,0.0,0.0,0.0,0.0
qwen2.5:14b,no_evidence,16000,pos_05,arithmetic,low,5,0.0,0.0,0.0,0.0
qwen2.5:14b,no_evidence,16000,pos_05,arithmetic,none,5,0.0,0.0,0.0,0.0
qwen2.5:14b,no_evidence,16000,pos_05,comparison,conflicting,5,0.0,0.0,0.0,0.0
qwen2.5:14b,no_evidence,16000,pos_05,comparison,high,5,0.0,0.0,0.0,0.0
qwen2.5:14b,no_evidence,16000,pos_05,comparison,low,5,0.0,0.0,0.0,0.0
qwen2.5:14b,no_evidence,16000,pos_05,comparison,none,5,0.0,0.0,0.0,0.0
qwen2.5:14b,no_evidence,16000,pos_05,multi_hop,conflicting,5,0.0,0.0,0.0,0.0
qwen2.5:14b,no_evidence,16000,pos_05,multi_hop,high,5,0.0,0.0,0.0,0.0
qwen2.5:14b,no_evidence,16000,pos_05,multi_hop,low,5,0.0,0.0,0.0,0.0
qwen2.5:14b,no_evidence,16000,pos_05,multi_hop,none,5,0.0,0.0,0.0,0.0
qwen2.5:14b,no_evidence,16000,pos_05,single_hop,conflicting,5,0.0,0.0,0.0,0.0
qwen2.5:14b,no_evidence,16000,pos_05,single_hop,high,5,0.0,0.0,0.0,0.0
qwen2.5:14b,no_evidence,16000,pos_05,single_hop,low,5,0.0,0.0,0.0,0.0
qwen2.5:14b,no_evidence,16000,pos_05,single_hop,none,5,0.0,0.0,0.0,0.0
qwen2.5:14b,no_evidence,16000,pos_06,arithmetic,conflicting,5,0.0,0.0,0.0,0.0
qwen2.5:14b,no_evidence,16000,pos_06,arithmetic,high,5,0.0,0.0,0.0,0.0
qwen2.5:14b,no_evidence,16000,pos_06,arithmetic,low,5,0.0,0.0,0.0,0.0
qwen2.5:14b,no_evidence,16000,pos_06,arithmetic,none,5,0.0,0.0,0.0,0.0
qwen2.5:14b,no_evidence,16000,pos_06,comparison,conflicting,5,0.0,0.0,0.0,0.0
qwen2.5:14b,no_evidence,16000,pos_06,comparison,high,5,0.0,0.0,0.0,0.0
qwen2.5:14b,no_evidence,16000,pos_06,comparison,low,5,0.0,0.0,0.0,0.0
qwen2.5:14b,no_evidence,16000,pos_06,comparison,none,5,0.0,0.0,0.0,0.0
qwen2.5:14b,no_evidence,16000,pos_06,multi_hop,conflicting,5,0.0,0.0,0.0,0.0
qwen2.5:14b,no_evidence,16000,pos_06,multi_hop,high,5,0.0,0.0,0.0,0.0
qwen2.5:14b,no_evidence,16000,pos_06,multi_hop,low,5,0.0,0.0,0.0,0.0
qwen2.5:14b,no_evidence,16000,pos_06,multi_hop,none,5,0.0,0.0,0.0,0.0
qwen2.5:14b,no_evidence,16000,pos_06,single_hop,conflicting,5,0.0,0.0,0.0,0.0
qwen2.5:14b,no_evidence,16000,pos_06,single_hop,high,5,0.0,0.0,0.0,0.0
qwen2.5:14b,no_evidence,16000,pos_06,single_hop,low,5,0.0,0.0,0.0,0.0
qwen2.5:14b,no_evidence,16000,pos_06,single_hop,none,5,0.0,0.0,0.0,0.0
qwen2.5:14b,no_evidence,16000,pos_07,arithmetic,conflicting,5,0.0,0.0,0.0,0.0
qwen2.5:14b,no_evidence,16000,pos_07,arithmetic,high,5,0.0,0.0,0.0,0.0
qwen2.5:14b,no_evidence,16000,pos_07,arithmetic,low,5,0.0,0.0,0.0,0.0
qwen2.5:14b,no_evidence,16000,pos_07,arithmetic,none,5,0.0,0.0,0.0,0.0
qwen2.5:14b,no_evidence,16000,pos_07,comparison,conflicting,5,0.0,0.0,0.0,0.0
qwen2.5:14b,no_evidence,16000,pos_07,comparison,high,5,0.0,0.0,0.0,0.0
qwen2.5:14b,no_evidence,16000,pos_07,comparison,low,5,0.0,0.0,0.0,0.0
qwen2.5:14b,no_evidence,16000,pos_07,comparison,none,5,0.0,0.0,0.0,0.0
qwen2.5:14b,no_evidence,16000,pos_07,multi_hop,conflicting,5,0.0,0.0,0.0,0.0
qwen2.5:14b,no_evidence,16000,pos_07,multi_hop,high,5,0.0,0.0,0.0,0.0
qwen2.5:14b,no_evidence,16000,pos_07,multi_hop,low,5,0.0,0.0,0.0,0.0
qwen2.5:14b,no_evidence,16000,pos_07,multi_hop,none,5,0.0,0.0,0.0,0.0
qwen2.5:14b,no_evidence,16000,pos_07,single_hop,conflicting,5,0.0,0.0,0.0,0.0
qwen2.5:14b,no_evidence,16000,pos_07,single_hop,high,5,0.0,0.0,0.0,0.0
qwen2.5:14b,no_evidence,16000,pos_07,single_hop,low,5,0.0,0.0,0.0,0.0
qwen2.5:14b,no_evidence,16000,pos_07,single_hop,none,5,0.0,0.0,0.0,0.0
qwen2.5:14b,no_evidence,16000,pos_08,arithmetic,conflicting,5,0.0,0.0,0.0,0.0
qwen2.5:14b,no_evidence,16000,pos_08,arithmetic,high,5,0.0,0.0,0.0,0.0
qwen2.5:14b,no_evidence,16000,pos_08,arithmetic,low,5,0.0,0.0,0.0,0.0
qwen2.5:14b,no_evidence,16000,pos_08,arithmetic,none,5,0.0,0.0,0.0,0.0
qwen2.5:14b,no_evidence,16000,pos_08,comparison,conflicting,5,0.0,0.0,0.0,0.0
qwen2.5:14b,no_evidence,16000,pos_08,comparison,high,5,0.0,0.0,0.0,0.0
qwen2.5:14b,no_evidence,16000,pos_08,comparison,low,5,0.0,0.0,0.0,0.0
qwen2.5:14b,no_evidence,16000,pos_08,comparison,none,5,0.0,0.0,0.0,0.0
qwen2.5:14b,no_evidence,16000,pos_08,multi_hop,conflicting,5,0.0,0.0,0.0,0.0
qwen2.5:14b,no_evidence,16000,pos_08,multi_hop,high,5,0.0,0.0,0.0,0.0
qwen2.5:14b,no_evidence,16000,pos_08,multi_hop,low,5,0.0,0.0,0.0,0.0
qwen2.5:14b,no_evidence,16000,pos_08,multi_hop,none,5,0.0,0.0,0.0,0.0
qwen2.5:14b,no_evidence,16000,pos_08,single_hop,conflicting,5,0.0,0.0,0.0,0.0
qwen2.5:14b,no_evidence,16000,pos_08,single_hop,high,5,0.0,0.0,0.0,0.0
qwen2.5:14b,no_evidence,16000,pos_08,single_hop,low,5,0.0,0.0,0.0,0.0
qwen2.5:14b,no_evidence,16000,pos_08,single_hop,none,5,0.0,0.0,0.0,0.0
qwen2.5:14b,no_evidence,16000,pos_09,arithmetic,conflicting,5,0.0,0.0,0.0,0.0
qwen2.5:14b,no_evidence,16000,pos_09,arithmetic,high,5,0.0,0.0,0.0,0.0
qwen2.5:14b,no_evidence,16000,pos_09,arithmetic,low,5,0.0,0.0,0.0,0.0
qwen2.5:14b,no_evidence,16000,pos_09,arithmetic,none,5,0.0,0.0,0.0,0.0
qwen2.5:14b,no_evidence,16000,pos_09,comparison,conflicting,5,0.0,0.0,0.0,0.0
qwen2.5:14b,no_evidence,16000,pos_09,comparison,high,5,0.0,0.0,0.0,0.0
qwen2.5:14b,no_evidence,16000,pos_09,comparison,low,5,0.0,0.0,0.0,0.0
qwen2.5:14b,no_evidence,16000,pos_09,comparison,none,5,0.0,0.0,0.0,0.0
qwen2.5:14b,no_evidence,16000,pos_09,multi_hop,conflicting,5,0.0,0.0,0.0,0.0
qwen2.5:14b,no_evidence,16000,pos_09,multi_hop,high,5,0.0,0.0,0.0,0.0
qwen2.5:14b,no_evidence,16000,pos_09,multi_hop,low,5,0.0,0.0,0.0,0.0
qwen2.5:14b,no_evidence,16000,pos_09,multi_hop,none,5,0.0,0.0,0.0,0.0
qwen2.5:14b,no_evidence,16000,pos_09,single_hop,conflicting,5,0.0,0.0,0.0,0.0
qwen2.5:14b,no_evidence,16000,pos_09,single_hop,high,5,0.0,0.0,0.0,0.0
qwen2.5:14b,no_evidence,16000,pos_09,single_hop,low,5,0.0,0.0,0.0,0.0
qwen2.5:14b,no_evidence,16000,pos_09,single_hop,none,5,0.0,0.0,0.0,0.0
qwen2.5:14b,no_evidence,32000,pos_00,arithmetic,conflicting,5,0.0,0.0,0.0,0.0
qwen2.5:14b,no_evidence,32000,pos_00,arithmetic,high,5,0.0,0.0,0.0,0.0
qwen2.5:14b,no_evidence,32000,pos_00,arithmetic,low,5,0.0,0.0,0.0,0.0
qwen2.5:14b,no_evidence,32000,pos_00,arithmetic,none,5,0.0,0.0,0.0,0.0
qwen2.5:14b,no_evidence,32000,pos_00,comparison,conflicting,5,0.0,0.0,0.0,0.0
qwen2.5:14b,no_evidence,32000,pos_00,comparison,high,5,0.0,0.0,0.0,0.0
qwen2.5:14b,no_evidence,32000,pos_00,comparison,low,5,0.0,0.0,0.0,0.0
qwen2.5:14b,no_evidence,32000,pos_00,comparison,none,5,0.0,0.0,0.0,0.0
qwen2.5:14b,no_evidence,32000,pos_00,multi_hop,conflicting,5,0.0,0.0,0.0,0.0
qwen2.5:14b,no_evidence,32000,pos_00,multi_hop,high,5,0.0,0.0,0.0,0.0
qwen2.5:14b,no_evidence,32000,pos_00,multi_hop,low,5,0.0,0.0,0.0,0.0
qwen2.5:14b,no_evidence,32000,pos_00,multi_hop,none,5,0.0,0.0,0.0,0.0
qwen2.5:14b,no_evidence,32000,pos_00,single_hop,conflicting,5,0.0,0.0,0.0,0.0
qwen2.5:14b,no_evidence,32000,pos_00,single_hop,high,5,0.0,0.0,0.0,0.0
qwen2.5:14b,no_evidence,32000,pos_00,single_hop,low,5,0.0,0.0,0.0,0.0
qwen2.5:14b,no_evidence,32000,pos_00,single_hop,none,5,0.0,0.0,0.0,0.0
qwen2.5:14b,no_evidence,32000,pos_01,arithmetic,conflicting,5,0.0,0.0,0.0,0.0
qwen2.5:14b,no_evidence,32000,pos_01,arithmetic,high,5,0.0,0.0,0.0,0.0
qwen2.5:14b,no_evidence,32000,pos_01,arithmetic,low,5,0.0,0.0,0.0,0.0
qwen2.5:14b,no_evidence,32000,pos_01,arithmetic,none,5,0.0,0.0,0.0,0.0
qwen2.5:14b,no_evidence,32000,pos_01,comparison,conflicting,5,0.0,0.0,0.0,0.0
qwen2.5:14b,no_evidence,32000,pos_01,comparison,high,5,0.0,0.0,0.0,0.0
qwen2.5:14b,no_evidence,32000,pos_01,comparison,low,5,0.0,0.0,0.0,0.0
qwen2.5:14b,no_evidence,32000,pos_01,comparison,none,5,0.0,0.0,0.0,0.0
qwen2.5:14b,no_evidence,32000,pos_01,multi_hop,conflicting,5,0.0,0.0,0.0,0.0
qwen2.5:14b,no_evidence,32000,pos_01,multi_hop,high,5,0.0,0.0,0.0,0.0
qwen2.5:14b,no_evidence,32000,pos_01,multi_hop,low,5,0.0,0.0,0.0,0.0
qwen2.5:14b,no_evidence,32000,pos_01,multi_hop,none,5,0.0,0.0,0.0,0.0
qwen2.5:14b,no_evidence,32000,pos_01,single_hop,conflicting,5,0.0,0.0,0.0,0.0
qwen2.5:14b,no_evidence,32000,pos_01,single_hop,high,5,0.0,0.0,0.0,0.0
qwen2.5:14b,no_evidence,32000,pos_01,single_hop,low,5,0.0,0.0,0.0,0.0
qwen2.5:14b,no_evidence,32000,pos_01,single_hop,none,5,0.0,0.0,0.0,0.0
qwen2.5:14b,no_evidence,32000,pos_02,arithmetic,conflicting,5,0.0,0.0,0.0,0.0
qwen2.5:14b,no_evidence,32000,pos_02,arithmetic,high,5,0.0,0.0,0.0,0.0
qwen2.5:14b,no_evidence,32000,pos_02,arithmetic,low,5,0.0,0.0,0.0,0.0
qwen2.5:14b,no_evidence,32000,pos_02,arithmetic,none,5,0.0,0.0,0.0,0.0
qwen2.5:14b,no_evidence,32000,pos_02,comparison,conflicting,5,0.0,0.0,0.0,0.0
qwen2.5:14b,no_evidence,32000,pos_02,comparison,high,5,0.0,0.0,0.0,0.0
qwen2.5:14b,no_evidence,32000,pos_02,comparison,low,5,0.0,0.0,0.0,0.0
qwen2.5:14b,no_evidence,32000,pos_02,comparison,none,5,0.0,0.0,0.0,0.0
qwen2.5:14b,no_evidence,32000,pos_02,multi_hop,conflicting,5,0.0,0.0,0.0,0.0
qwen2.5:14b,no_evidence,32000,pos_02,multi_hop,high,5,0.0,0.0,0.0,0.0
qwen2.5:14b,no_evidence,32000,pos_02,multi_hop,low,5,0.0,0.0,0.0,0.0
qwen2.5:14b,no_evidence,32000,pos_02,multi_hop,none,5,0.0,0.0,0.0,0.0
qwen2.5:14b,no_evidence,32000,pos_02,single_hop,conflicting,5,0.0,0.0,0.0,0.0
qwen2.5:14b,no_evidence,32000,pos_02,single_hop,high,5,0.0,0.0,0.0,0.0
qwen2.5:14b,no_evidence,32000,pos_02,single_hop,low,5,0.0,0.0,0.0,0.0
qwen2.5:14b,no_evidence,32000,pos_02,single_hop,none,5,0.0,0.0,0.0,0.0
qwen2.5:14b,no_evidence,32000,pos_03,arithmetic,conflicting,5,0.0,0.0,0.0,0.0
qwen2.5:14b,no_evidence,32000,pos_03,arithmetic,high,5,0.0,0.0,0.0,0.0
qwen2.5:14b,no_evidence,32000,pos_03,arithmetic,low,5,0.0,0.0,0.0,0.0
qwen2.5:14b,no_evidence,32000,pos_03,arithmetic,none,5,0.0,0.0,0.0,0.0
qwen2.5:14b,no_evidence,32000,pos_03,comparison,conflicting,5,0.0,0.0,0.0,0.0
qwen2.5:14b,no_evidence,32000,pos_03,comparison,high,5,0.0,0.0,0.0,0.0
qwen2.5:14b,no_evidence,32000,pos_03,comparison,low,5,0.0,0.0,0.0,0.0
qwen2.5:14b,no_evidence,32000,pos_03,comparison,none,5,0.0,0.0,0.0,0.0
qwen2.5:14b,no_evidence,32000,pos_03,multi_hop,conflicting,5,0.0,0.0,0.0,0.0
qwen2.5:14b,no_evidence,32000,pos_03,multi_hop,high,5,0.0,0.0,0.0,0.0
qwen2.5:14b,no_evidence,32000,pos_03,multi_hop,low,5,0.0,0.0,0.0,0.0
qwen2.5:14b,no_evidence,32000,pos_03,multi_hop,none,5,0.0,0.0,0.0,0.0
qwen2.5:14b,no_evidence,32000,pos_03,single_hop,conflicting,5,0.0,0.0,0.0,0.0
qwen2.5:14b,no_evidence,32000,pos_03,single_hop,high,5,0.0,0.0,0.0,0.0
qwen2.5:14b,no_evidence,32000,pos_03,single_hop,low,5,0.0,0.0,0.0,0.0
qwen2.5:14b,no_evidence,32000,pos_03,single_hop,none,5,0.0,0.0,0.0,0.0
qwen2.5:14b,no_evidence,32000,pos_04,arithmetic,conflicting,5,0.0,0.0,0.0,0.0
qwen2.5:14b,no_evidence,32000,pos_04,arithmetic,high,5,0.0,0.0,0.0,0.0
qwen2.5:14b,no_evidence,32000,pos_04,arithmetic,low,5,0.0,0.0,0.0,0.0
qwen2.5:14b,no_evidence,32000,pos_04,arithmetic,none,5,0.0,0.0,0.0,0.0
qwen2.5:14b,no_evidence,32000,pos_04,comparison,conflicting,5,0.0,0.0,0.0,0.0
qwen2.5:14b,no_evidence,32000,pos_04,comparison,high,5,0.0,0.0,0.0,0.0
qwen2.5:14b,no_evidence,32000,pos_04,comparison,low,5,0.0,0.0,0.0,0.0
qwen2.5:14b,no_evidence,32000,pos_04,comparison,none,5,0.0,0.0,0.0,0.0
qwen2.5:14b,no_evidence,32000,pos_04,multi_hop,conflicting,5,0.0,0.0,0.0,0.0
qwen2.5:14b,no_evidence,32000,pos_04,multi_hop,high,5,0.0,0.0,0.0,0.0
qwen2.5:14b,no_evidence,32000,pos_04,multi_hop,low,5,0.0,0.0,0.0,0.0
qwen2.5:14b,no_evidence,32000,pos_04,multi_hop,none,5,0.0,0.0,0.0,0.0
qwen2.5:14b,no_evidence,32000,pos_04,single_hop,conflicting,5,0.0,0.0,0.0,0.0
qwen2.5:14b,no_evidence,32000,pos_04,single_hop,high,5,0.0,0.0,0.0,0.0
qwen2.5:14b,no_evidence,32000,pos_04,single_hop,low,5,0.0,0.0,0.0,0.0
qwen2.5:14b,no_evidence,32000,pos_04,single_hop,none,5,0.0,0.0,0.0,0.0
qwen2.5:14b,no_evidence,32000,pos_05,arithmetic,conflicting,5,0.0,0.0,0.0,0.0
qwen2.5:14b,no_evidence,32000,pos_05,arithmetic,high,5,0.0,0.0,0.0,0.0
qwen2.5:14b,no_evidence,32000,pos_05,arithmetic,low,5,0.0,0.0,0.0,0.0
qwen2.5:14b,no_evidence,32000,pos_05,arithmetic,none,5,0.0,0.0,0.0,0.0
qwen2.5:14b,no_evidence,32000,pos_05,comparison,conflicting,5,0.0,0.0,0.0,0.0
qwen2.5:14b,no_evidence,32000,pos_05,comparison,high,5,0.0,0.0,0.0,0.0
qwen2.5:14b,no_evidence,32000,pos_05,comparison,low,5,0.0,0.0,0.0,0.0
qwen2.5:14b,no_evidence,32000,pos_05,comparison,none,5,0.0,0.0,0.0,0.0
qwen2.5:14b,no_evidence,32000,pos_05,multi_hop,conflicting,5,0.0,0.0,0.0,0.0
qwen2.5:14b,no_evidence,32000,pos_05,multi_hop,high,5,0.0,0.0,0.0,0.0
qwen2.5:14b,no_evidence,32000,pos_05,multi_hop,low,5,0.0,0.0,0.0,0.0
qwen2.5:14b,no_evidence,32000,pos_05,multi_hop,none,5,0.0,0.0,0.0,0.0
qwen2.5:14b,no_evidence,32000,pos_05,single_hop,conflicting,5,0.0,0.0,0.0,0.0
qwen2.5:14b,no_evidence,32000,pos_05,single_hop,high,5,0.0,0.0,0.0,0.0
qwen2.5:14b,no_evidence,32000,pos_05,single_hop,low,5,0.0,0.0,0.0,0.0
qwen2.5:14b,no_evidence,32000,pos_05,single_hop,none,5,0.0,0.0,0.0,0.0
qwen2.5:14b,no_evidence,32000,pos_06,arithmetic,conflicting,5,0.0,0.0,0.0,0.0
qwen2.5:14b,no_evidence,32000,pos_06,arithmetic,high,5,0.0,0.0,0.0,0.0
qwen2.5:14b,no_evidence,32000,pos_06,arithmetic,low,5,0.0,0.0,0.0,0.0
qwen2.5:14b,no_evidence,32000,pos_06,arithmetic,none,5,0.0,0.0,0.0,0.0
qwen2.5:14b,no_evidence,32000,pos_06,comparison,conflicting,5,0.0,0.0,0.0,0.0
qwen2.5:14b,no_evidence,32000,pos_06,comparison,high,5,0.0,0.0,0.0,0.0
qwen2.5:14b,no_evidence,32000,pos_06,comparison,low,5,0.0,0.0,0.0,0.0
qwen2.5:14b,no_evidence,32000,pos_06,comparison,none,5,0.0,0.0,0.0,0.0
qwen2.5:14b,no_evidence,32000,pos_06,multi_hop,conflicting,5,0.0,0.0,0.0,0.0
qwen2.5:14b,no_evidence,32000,pos_06,multi_hop,high,5,0.0,0.0,0.0,0.0
qwen2.5:14b,no_evidence,32000,pos_06,multi_hop,low,5,0.0,0.0,0.0,0.0
qwen2.5:14b,no_evidence,32000,pos_06,multi_hop,none,5,0.0,0.0,0.0,0.0
qwen2.5:14b,no_evidence,32000,pos_06,single_hop,conflicting,5,0.0,0.0,0.0,0.0
qwen2.5:14b,no_evidence,32000,pos_06,single_hop,high,5,0.0,0.0,0.0,0.0
qwen2.5:14b,no_evidence,32000,pos_06,single_hop,low,5,0.0,0.0,0.0,0.0
qwen2.5:14b,no_evidence,32000,pos_06,single_hop,none,5,0.0,0.0,0.0,0.0
qwen2.5:14b,no_evidence,32000,pos_07,arithmetic,conflicting,5,0.0,0.0,0.0,0.0
qwen2.5:14b,no_evidence,32000,pos_07,arithmetic,high,5,0.0,0.0,0.0,0.0
qwen2.5:14b,no_evidence,32000,pos_07,arithmetic,low,5,0.0,0.0,0.0,0.0
qwen2.5:14b,no_evidence,32000,pos_07,arithmetic,none,5,0.0,0.0,0.0,0.0
qwen2.5:14b,no_evidence,32000,pos_07,comparison,conflicting,5,0.0,0.0,0.0,0.0
qwen2.5:14b,no_evidence,32000,pos_07,comparison,high,5,0.0,0.0,0.0,0.0
qwen2.5:14b,no_evidence,32000,pos_07,comparison,low,5,0.0,0.0,0.0,0.0
qwen2.5:14b,no_evidence,32000,pos_07,comparison,none,5,0.0,0.0,0.0,0.0
qwen2.5:14b,no_evidence,32000,pos_07,multi_hop,conflicting,5,0.0,0.0,0.0,0.0
qwen2.5:14b,no_evidence,32000,pos_07,multi_hop,high,5,0.0,0.0,0.0,0.0
qwen2.5:14b,no_evidence,32000,pos_07,multi_hop,low,5,0.0,0.0,0.0,0.0
qwen2.5:14b,no_evidence,32000,pos_07,multi_hop,none,5,0.0,0.0,0.0,0.0
qwen2.5:14b,no_evidence,32000,pos_07,single_hop,conflicting,5,0.0,0.0,0.0,0.0
qwen2.5:14b,no_evidence,32000,pos_07,single_hop,high,5,0.0,0.0,0.0,0.0
qwen2.5:14b,no_evidence,32000,pos_07,single_hop,low,5,0.0,0.0,0.0,0.0
qwen2.5:14b,no_evidence,32000,pos_07,single_hop,none,5,0.0,0.0,0.0,0.0
qwen2.5:14b,no_evidence,32000,pos_08,arithmetic,conflicting,5,0.0,0.0,0.0,0.0
qwen2.5:14b,no_evidence,32000,pos_08,arithmetic,high,5,0.0,0.0,0.0,0.0
qwen2.5:14b,no_evidence,32000,pos_08,arithmetic,low,5,0.0,0.0,0.0,0.0
qwen2.5:14b,no_evidence,32000,pos_08,arithmetic,none,5,0.0,0.0,0.0,0.0
qwen2.5:14b,no_evidence,32000,pos_08,comparison,conflicting,5,0.0,0.0,0.0,0.0
qwen2.5:14b,no_evidence,32000,pos_08,comparison,high,5,0.0,0.0,0.0,0.0
qwen2.5:14b,no_evidence,32000,pos_08,comparison,low,5,0.0,0.0,0.0,0.0
qwen2.5:14b,no_evidence,32000,pos_08,comparison,none,5,0.0,0.0,0.0,0.0
qwen2.5:14b,no_evidence,32000,pos_08,multi_hop,conflicting,5,0.0,0.0,0.0,0.0
qwen2.5:14b,no_evidence,32000,pos_08,multi_hop,high,5,0.0,0.0,0.0,0.0
qwen2.5:14b,no_evidence,32000,pos_08,multi_hop,low,5,0.0,0.0,0.0,0.0
qwen2.5:14b,no_evidence,32000,pos_08,multi_hop,none,5,0.0,0.0,0.0,0.0
qwen2.5:14b,no_evidence,32000,pos_08,single_hop,conflicting,5,0.0,0.0,0.0,0.0
qwen2.5:14b,no_evidence,32000,pos_08,single_hop,high,5,0.0,0.0,0.0,0.0
qwen2.5:14b,no_evidence,32000,pos_08,single_hop,low,5,0.0,0.0,0.0,0.0
qwen2.5:14b,no_evidence,32000,pos_08,single_hop,none,5,0.0,0.0,0.0,0.0
qwen2.5:14b,no_evidence,32000,pos_09,arithmetic,conflicting,5,0.0,0.0,0.0,0.0
qwen2.5:14b,no_evidence,32000,pos_09,arithmetic,high,5,0.0,0.0,0.0,0.0
qwen2.5:14b,no_evidence,32000,pos_09,arithmetic,low,5,0.0,0.0,0.0,0.0
qwen2.5:14b,no_evidence,32000,pos_09,arithmetic,none,5,0.0,0.0,0.0,0.0
qwen2.5:14b,no_evidence,32000,pos_09,comparison,conflicting,5,0.0,0.0,0.0,0.0
qwen2.5:14b,no_evidence,32000,pos_09,comparison,high,5,0.0,0.0,0.0,0.0
qwen2.5:14b,no_evidence,32000,pos_09,comparison,low,5,0.0,0.0,0.0,0.0
qwen2.5:14b,no_evidence,32000,pos_09,comparison,none,5,0.0,0.0,0.0,0.0
qwen2.5:14b,no_evidence,32000,pos_09,multi_hop,conflicting,5,0.0,0.0,0.0,0.0
qwen2.5:14b,no_evidence,32000,pos_09,multi_hop,high,5,0.0,0.0,0.0,0.0
qwen2.5:14b,no_evidence,32000,pos_09,multi_hop,low,5,0.0,0.0,0.0,0.0
qwen2.5:14b,no_evidence,32000,pos_09,multi_hop,none,5,0.0,0.0,0.0,0.0
qwen2.5:14b,no_evidence,32000,pos_09,single_hop,conflicting,5,0.0,0.0,0.0,0.0
qwen2.5:14b,no_evidence,32000,pos_09,single_hop,high,5,0.0,0.0,0.0,0.0
qwen2.5:14b,no_evidence,32000,pos_09,single_hop,low,5,0.0,0.0,0.0,0.0
qwen2.5:14b,no_evidence,32000,pos_09,single_hop,none,5,0.0,0.0,0.0,0.0
qwen2.5:14b,no_evidence,4000,pos_00,arithmetic,conflicting,5,0.0,0.0,0.0,0.0
qwen2.5:14b,no_evidence,4000,pos_00,arithmetic,high,5,0.0,0.0,0.0,0.0
qwen2.5:14b,no_evidence,4000,pos_00,arithmetic,low,5,0.0,0.0,0.0,0.0
qwen2.5:14b,no_evidence,4000,pos_00,arithmetic,none,5,0.0,0.0,0.0,0.0
qwen2.5:14b,no_evidence,4000,pos_00,comparison,conflicting,5,0.0,0.0,0.0,0.0
qwen2.5:14b,no_evidence,4000,pos_00,comparison,high,5,0.0,0.0,0.0,0.0
qwen2.5:14b,no_evidence,4000,pos_00,comparison,low,5,0.0,0.0,0.0,0.0
qwen2.5:14b,no_evidence,4000,pos_00,comparison,none,5,0.0,0.0,0.0,0.0
qwen2.5:14b,no_evidence,4000,pos_00,multi_hop,conflicting,5,0.0,0.0,0.0,0.0
qwen2.5:14b,no_evidence,4000,pos_00,multi_hop,high,5,0.0,0.0,0.0,0.0
qwen2.5:14b,no_evidence,4000,pos_00,multi_hop,low,5,0.0,0.0,0.0,0.0
qwen2.5:14b,no_evidence,4000,pos_00,multi_hop,none,5,0.0,0.0,0.0,0.0
qwen2.5:14b,no_evidence,4000,pos_00,single_hop,conflicting,5,0.0,0.0,0.0,0.0
qwen2.5:14b,no_evidence,4000,pos_00,single_hop,high,5,0.0,0.0,0.0,0.0
qwen2.5:14b,no_evidence,4000,pos_00,single_hop,low,5,0.0,0.0,0.0,0.0
qwen2.5:14b,no_evidence,4000,pos_00,single_hop,none,5,0.0,0.0,0.0,0.0
qwen2.5:14b,no_evidence,4000,pos_01,arithmetic,conflicting,5,0.0,0.0,0.0,0.0
qwen2.5:14b,no_evidence,4000,pos_01,arithmetic,high,5,0.0,0.0,0.0,0.0
qwen2.5:14b,no_evidence,4000,pos_01,arithmetic,low,5,0.0,0.0,0.0,0.0
qwen2.5:14b,no_evidence,4000,pos_01,arithmetic,none,5,0.0,0.0,0.0,0.0
qwen2.5:14b,no_evidence,4000,pos_01,comparison,conflicting,5,0.0,0.0,0.0,0.0
qwen2.5:14b,no_evidence,4000,pos_01,comparison,high,5,0.0,0.0,0.0,0.0
qwen2.5:14b,no_evidence,4000,pos_01,comparison,low,5,0.0,0.0,0.0,0.0
qwen2.5:14b,no_evidence,4000,pos_01,comparison,none,5,0.0,0.0,0.0,0.0
qwen2.5:14b,no_evidence,4000,pos_01,multi_hop,conflicting,5,0.0,0.0,0.0,0.0
qwen2.5:14b,no_evidence,4000,pos_01,multi_hop,high,5,0.0,0.0,0.0,0.0
qwen2.5:14b,no_evidence,4000,pos_01,multi_hop,low,5,0.0,0.0,0.0,0.0
qwen2.5:14b,no_evidence,4000,pos_01,multi_hop,none,5,0.0,0.0,0.0,0.0
qwen2.5:14b,no_evidence,4000,pos_01,single_hop,conflicting,5,0.0,0.0,0.0,0.0
qwen2.5:14b,no_evidence,4000,pos_01,single_hop,high,5,0.0,0.0,0.0,0.0
qwen2.5:14b,no_evidence,4000,pos_01,single_hop,low,5,0.0,0.0,0.0,0.0
qwen2.5:14b,no_evidence,4000,pos_01,single_hop,none,5,0.0,0.0,0.0,0.0
qwen2.5:14b,no_evidence,4000,pos_02,arithmetic,conflicting,5,0.0,0.0,0.0,0.0
qwen2.5:14b,no_evidence,4000,pos_02,arithmetic,high,5,0.0,0.0,0.0,0.0
qwen2.5:14b,no_evidence,4000,pos_02,arithmetic,low,5,0.0,0.0,0.0,0.0
qwen2.5:14b,no_evidence,4000,pos_02,arithmetic,none,5,0.0,0.0,0.0,0.0
qwen2.5:14b,no_evidence,4000,pos_02,comparison,conflicting,5,0.0,0.0,0.0,0.0
qwen2.5:14b,no_evidence,4000,pos_02,comparison,high,5,0.0,0.0,0.0,0.0
qwen2.5:14b,no_evidence,4000,pos_02,comparison,low,5,0.0,0.0,0.0,0.0
qwen2.5:14b,no_evidence,4000,pos_02,comparison,none,5,0.0,0.0,0.0,0.0
qwen2.5:14b,no_evidence,4000,pos_02,multi_hop,conflicting,5,0.0,0.0,0.0,0.0
qwen2.5:14b,no_evidence,4000,pos_02,multi_hop,high,5,0.0,0.0,0.0,0.0
qwen2.5:14b,no_evidence,4000,pos_02,multi_hop,low,5,0.0,0.0,0.0,0.0
qwen2.5:14b,no_evidence,4000,pos_02,multi_hop,none,5,0.0,0.0,0.0,0.0
qwen2.5:14b,no_evidence,4000,pos_02,single_hop,conflicting,5,0.0,0.0,0.0,0.0
qwen2.5:14b,no_evidence,4000,pos_02,single_hop,high,5,0.0,0.0,0.0,0.0
qwen2.5:14b,no_evidence,4000,pos_02,single_hop,low,5,0.0,0.0,0.0,0.0
qwen2.5:14b,no_evidence,4000,pos_02,single_hop,none,5,0.0,0.0,0.0,0.0
qwen2.5:14b,no_evidence,4000,pos_03,arithmetic,conflicting,5,0.0,0.0,0.0,0.0
qwen2.5:14b,no_evidence,4000,pos_03,arithmetic,high,5,0.0,0.0,0.0,0.0
qwen2.5:14b,no_evidence,4000,pos_03,arithmetic,low,5,0.0,0.0,0.0,0.0
qwen2.5:14b,no_evidence,4000,pos_03,arithmetic,none,5,0.0,0.0,0.0,0.0
qwen2.5:14b,no_evidence,4000,pos_03,comparison,conflicting,5,0.0,0.0,0.0,0.0
qwen2.5:14b,no_evidence,4000,pos_03,comparison,high,5,0.0,0.0,0.0,0.0
qwen2.5:14b,no_evidence,4000,pos_03,comparison,low,5,0.0,0.0,0.0,0.0
qwen2.5:14b,no_evidence,4000,pos_03,comparison,none,5,0.0,0.0,0.0,0.0
qwen2.5:14b,no_evidence,4000,pos_03,multi_hop,conflicting,5,0.0,0.0,0.0,0.0
qwen2.5:14b,no_evidence,4000,pos_03,multi_hop,high,5,0.0,0.0,0.0,0.0
qwen2.5:14b,no_evidence,4000,pos_03,multi_hop,low,5,0.0,0.0,0.0,0.0
qwen2.5:14b,no_evidence,4000,pos_03,multi_hop,none,5,0.0,0.0,0.0,0.0
qwen2.5:14b,no_evidence,4000,pos_03,single_hop,conflicting,5,0.0,0.0,0.0,0.0
qwen2.5:14b,no_evidence,4000,pos_03,single_hop,high,5,0.0,0.0,0.0,0.0
qwen2.5:14b,no_evidence,4000,pos_03,single_hop,low,5,0.0,0.0,0.0,0.0
qwen2.5:14b,no_evidence,4000,pos_03,single_hop,none,5,0.0,0.0,0.0,0.0
qwen2.5:14b,no_evidence,4000,pos_04,arithmetic,conflicting,5,0.0,0.0,0.0,0.0
qwen2.5:14b,no_evidence,4000,pos_04,arithmetic,high,5,0.0,0.0,0.0,0.0
qwen2.5:14b,no_evidence,4000,pos_04,arithmetic,low,5,0.0,0.0,0.0,0.0
qwen2.5:14b,no_evidence,4000,pos_04,arithmetic,none,5,0.0,0.0,0.0,0.0
qwen2.5:14b,no_evidence,4000,pos_04,comparison,conflicting,5,0.0,0.0,0.0,0.0
qwen2.5:14b,no_evidence,4000,pos_04,comparison,high,5,0.0,0.0,0.0,0.0
qwen2.5:14b,no_evidence,4000,pos_04,comparison,low,5,0.0,0.0,0.0,0.0
qwen2.5:14b,no_evidence,4000,pos_04,comparison,none,5,0.0,0.0,0.0,0.0
qwen2.5:14b,no_evidence,4000,pos_04,multi_hop,conflicting,5,0.0,0.0,0.0,0.0
qwen2.5:14b,no_evidence,4000,pos_04,multi_hop,high,5,0.0,0.0,0.0,0.0
qwen2.5:14b,no_evidence,4000,pos_04,multi_hop,low,5,0.0,0.0,0.0,0.0
qwen2.5:14b,no_evidence,4000,pos_04,multi_hop,none,5,0.0,0.0,0.0,0.0
qwen2.5:14b,no_evidence,4000,pos_04,single_hop,conflicting,5,0.0,0.0,0.0,0.0
qwen2.5:14b,no_evidence,4000,pos_04,single_hop,high,5,0.0,0.0,0.0,0.0
qwen2.5:14b,no_evidence,4000,pos_04,single_hop,low,5,0.0,0.0,0.0,0.0
qwen2.5:14b,no_evidence,4000,pos_04,single_hop,none,5,0.0,0.0,0.0,0.0
qwen2.5:14b,no_evidence,4000,pos_05,arithmetic,conflicting,5,0.0,0.0,0.0,0.0
qwen2.5:14b,no_evidence,4000,pos_05,arithmetic,high,5,0.0,0.0,0.0,0.0
qwen2.5:14b,no_evidence,4000,pos_05,arithmetic,low,5,0.0,0.0,0.0,0.0
qwen2.5:14b,no_evidence,4000,pos_05,arithmetic,none,5,0.0,0.0,0.0,0.0
qwen2.5:14b,no_evidence,4000,pos_05,comparison,conflicting,5,0.0,0.0,0.0,0.0
qwen2.5:14b,no_evidence,4000,pos_05,comparison,high,5,0.0,0.0,0.0,0.0
qwen2.5:14b,no_evidence,4000,pos_05,comparison,low,5,0.0,0.0,0.0,0.0
qwen2.5:14b,no_evidence,4000,pos_05,comparison,none,5,0.0,0.0,0.0,0.0
qwen2.5:14b,no_evidence,4000,pos_05,multi_hop,conflicting,5,0.0,0.0,0.0,0.0
qwen2.5:14b,no_evidence,4000,pos_05,multi_hop,high,5,0.0,0.0,0.0,0.0
qwen2.5:14b,no_evidence,4000,pos_05,multi_hop,low,5,0.0,0.0,0.0,0.0
qwen2.5:14b,no_evidence,4000,pos_05,multi_hop,none,5,0.0,0.0,0.0,0.0
qwen2.5:14b,no_evidence,4000,pos_05,single_hop,conflicting,5,0.0,0.0,0.0,0.0
qwen2.5:14b,no_evidence,4000,pos_05,single_hop,high,5,0.0,0.0,0.0,0.0
qwen2.5:14b,no_evidence,4000,pos_05,single_hop,low,5,0.0,0.0,0.0,0.0
qwen2.5:14b,no_evidence,4000,pos_05,single_hop,none,5,0.0,0.0,0.0,0.0
qwen2.5:14b,no_evidence,4000,pos_06,arithmetic,conflicting,5,0.0,0.0,0.0,0.0
qwen2.5:14b,no_evidence,4000,pos_06,arithmetic,high,5,0.0,0.0,0.0,0.0
qwen2.5:14b,no_evidence,4000,pos_06,arithmetic,low,5,0.0,0.0,0.0,0.0
qwen2.5:14b,no_evidence,4000,pos_06,arithmetic,none,5,0.0,0.0,0.0,0.0
qwen2.5:14b,no_evidence,4000,pos_06,comparison,conflicting,5,0.0,0.0,0.0,0.0
qwen2.5:14b,no_evidence,4000,pos_06,comparison,high,5,0.0,0.0,0.0,0.0
qwen2.5:14b,no_evidence,4000,pos_06,comparison,low,5,0.0,0.0,0.0,0.0
qwen2.5:14b,no_evidence,4000,pos_06,comparison,none,5,0.0,0.0,0.0,0.0
qwen2.5:14b,no_evidence,4000,pos_06,multi_hop,conflicting,5,0.0,0.0,0.0,0.0
qwen2.5:14b,no_evidence,4000,pos_06,multi_hop,high,5,0.0,0.0,0.0,0.0
qwen2.5:14b,no_evidence,4000,pos_06,multi_hop,low,5,0.0,0.0,0.0,0.0
qwen2.5:14b,no_evidence,4000,pos_06,multi_hop,none,5,0.0,0.0,0.0,0.0
qwen2.5:14b,no_evidence,4000,pos_06,single_hop,conflicting,5,0.0,0.0,0.0,0.0
qwen2.5:14b,no_evidence,4000,pos_06,single_hop,high,5,0.0,0.0,0.0,0.0
qwen2.5:14b,no_evidence,4000,pos_06,single_hop,low,5,0.0,0.0,0.0,0.0
qwen2.5:14b,no_evidence,4000,pos_06,single_hop,none,5,0.0,0.0,0.0,0.0
qwen2.5:14b,no_evidence,4000,pos_07,arithmetic,conflicting,5,0.0,0.0,0.0,0.0
qwen2.5:14b,no_evidence,4000,pos_07,arithmetic,high,5,0.0,0.0,0.0,0.0
qwen2.5:14b,no_evidence,4000,pos_07,arithmetic,low,5,0.0,0.0,0.0,0.0
qwen2.5:14b,no_evidence,4000,pos_07,arithmetic,none,5,0.0,0.0,0.0,0.0
qwen2.5:14b,no_evidence,4000,pos_07,comparison,conflicting,5,0.0,0.0,0.0,0.0
qwen2.5:14b,no_evidence,4000,pos_07,comparison,high,5,0.0,0.0,0.0,0.0
qwen2.5:14b,no_evidence,4000,pos_07,comparison,low,5,0.0,0.0,0.0,0.0
qwen2.5:14b,no_evidence,4000,pos_07,comparison,none,5,0.0,0.0,0.0,0.0
qwen2.5:14b,no_evidence,4000,pos_07,multi_hop,conflicting,5,0.0,0.0,0.0,0.0
qwen2.5:14b,no_evidence,4000,pos_07,multi_hop,high,5,0.0,0.0,0.0,0.0
qwen2.5:14b,no_evidence,4000,pos_07,multi_hop,low,5,0.0,0.0,0.0,0.0
qwen2.5:14b,no_evidence,4000,pos_07,multi_hop,none,5,0.0,0.0,0.0,0.0
qwen2.5:14b,no_evidence,4000,pos_07,single_hop,conflicting,5,0.0,0.0,0.0,0.0
qwen2.5:14b,no_evidence,4000,pos_07,single_hop,high,5,0.0,0.0,0.0,0.0
qwen2.5:14b,no_evidence,4000,pos_07,single_hop,low,5,0.0,0.0,0.0,0.0
qwen2.5:14b,no_evidence,4000,pos_07,single_hop,none,5,0.0,0.0,0.0,0.0
qwen2.5:14b,no_evidence,4000,pos_08,arithmetic,conflicting,5,0.0,0.0,0.0,0.0
qwen2.5:14b,no_evidence,4000,pos_08,arithmetic,high,5,0.0,0.0,0.0,0.0
qwen2.5:14b,no_evidence,4000,pos_08,arithmetic,low,5,0.0,0.0,0.0,0.0
qwen2.5:14b,no_evidence,4000,pos_08,arithmetic,none,5,0.0,0.0,0.0,0.0
qwen2.5:14b,no_evidence,4000,pos_08,comparison,conflicting,5,0.0,0.0,0.0,0.0
qwen2.5:14b,no_evidence,4000,pos_08,comparison,high,5,0.0,0.0,0.0,0.0
qwen2.5:14b,no_evidence,4000,pos_08,comparison,low,5,0.0,0.0,0.0,0.0
qwen2.5:14b,no_evidence,4000,pos_08,comparison,none,5,0.0,0.0,0.0,0.0
qwen2.5:14b,no_evidence,4000,pos_08,multi_hop,conflicting,5,0.0,0.0,0.0,0.0
qwen2.5:14b,no_evidence,4000,pos_08,multi_hop,high,5,0.0,0.0,0.0,0.0
qwen2.5:14b,no_evidence,4000,pos_08,multi_hop,low,5,0.0,0.0,0.0,0.0
qwen2.5:14b,no_evidence,4000,pos_08,multi_hop,none,5,0.0,0.0,0.0,0.0
qwen2.5:14b,no_evidence,4000,pos_08,single_hop,conflicting,5,0.0,0.0,0.0,0.0
qwen2.5:14b,no_evidence,4000,pos_08,single_hop,high,5,0.0,0.0,0.0,0.0
qwen2.5:14b,no_evidence,4000,pos_08,single_hop,low,5,0.0,0.0,0.0,0.0
qwen2.5:14b,no_evidence,4000,pos_08,single_hop,none,5,0.0,0.0,0.0,0.0
qwen2.5:14b,no_evidence,4000,pos_09,arithmetic,conflicting,5,0.0,0.0,0.0,0.0
qwen2.5:14b,no_evidence,4000,pos_09,arithmetic,high,5,0.0,0.0,0.0,0.0
qwen2.5:14b,no_evidence,4000,pos_09,arithmetic,low,5,0.0,0.0,0.0,0.0
qwen2.5:14b,no_evidence,4000,pos_09,arithmetic,none,5,0.0,0.0,0.0,0.0
qwen2.5:14b,no_evidence,4000,pos_09,comparison,conflicting,5,0.0,0.0,0.0,0.0
qwen2.5:14b,no_evidence,4000,pos_09,comparison,high,5,0.0,0.0,0.0,0.0
qwen2.5:14b,no_evidence,4000,pos_09,comparison,low,5,0.0,0.0,0.0,0.0
qwen2.5:14b,no_evidence,4000,pos_09,comparison,none,5,0.0,0.0,0.0,0.0
qwen2.5:14b,no_evidence,4000,pos_09,multi_hop,conflicting,5,0.0,0.0,0.0,0.0
qwen2.5:14b,no_evidence,4000,pos_09,multi_hop,high,5,0.0,0.0,0.0,0.0
qwen2.5:14b,no_evidence,4000,pos_09,multi_hop,low,5,0.0,0.0,0.0,0.0
qwen2.5:14b,no_evidence,4000,pos_09,multi_hop,none,5,0.0,0.0,0.0,0.0
qwen2.5:14b,no_evidence,4000,pos_09,single_hop,conflicting,5,0.0,0.0,0.0,0.0
qwen2.5:14b,no_evidence,4000,pos_09,single_hop,high,5,0.0,0.0,0.0,0.0
qwen2.5:14b,no_evidence,4000,pos_09,single_hop,low,5,0.0,0.0,0.0,0.0
qwen2.5:14b,no_evidence,4000,pos_09,single_hop,none,5,0.0,0.0,0.0,0.0
qwen2.5:14b,no_evidence,8000,pos_00,arithmetic,conflicting,5,0.0,0.0,0.0,0.0
qwen2.5:14b,no_evidence,8000,pos_00,arithmetic,high,5,0.0,0.0,0.0,0.0
qwen2.5:14b,no_evidence,8000,pos_00,arithmetic,low,5,0.0,0.0,0.0,0.0
qwen2.5:14b,no_evidence,8000,pos_00,arithmetic,none,5,0.0,0.0,0.0,0.0
qwen2.5:14b,no_evidence,8000,pos_00,comparison,conflicting,5,0.0,0.0,0.0,0.0
qwen2.5:14b,no_evidence,8000,pos_00,comparison,high,5,0.0,0.0,0.0,0.0
qwen2.5:14b,no_evidence,8000,pos_00,comparison,low,5,0.0,0.0,0.0,0.0
qwen2.5:14b,no_evidence,8000,pos_00,comparison,none,5,0.0,0.0,0.0,0.0
qwen2.5:14b,no_evidence,8000,pos_00,multi_hop,conflicting,5,0.0,0.0,0.0,0.0
qwen2.5:14b,no_evidence,8000,pos_00,multi_hop,high,5,0.0,0.0,0.0,0.0
qwen2.5:14b,no_evidence,8000,pos_00,multi_hop,low,5,0.0,0.0,0.0,0.0
qwen2.5:14b,no_evidence,8000,pos_00,multi_hop,none,5,0.0,0.0,0.0,0.0
qwen2.5:14b,no_evidence,8000,pos_00,single_hop,conflicting,5,0.0,0.0,0.0,0.0
qwen2.5:14b,no_evidence,8000,pos_00,single_hop,high,5,0.0,0.0,0.0,0.0
qwen2.5:14b,no_evidence,8000,pos_00,single_hop,low,5,0.0,0.0,0.0,0.0
qwen2.5:14b,no_evidence,8000,pos_00,single_hop,none,5,0.0,0.0,0.0,0.0
qwen2.5:14b,no_evidence,8000,pos_01,arithmetic,conflicting,5,0.0,0.0,0.0,0.0
qwen2.5:14b,no_evidence,8000,pos_01,arithmetic,high,5,0.0,0.0,0.0,0.0
qwen2.5:14b,no_evidence,8000,pos_01,arithmetic,low,5,0.0,0.0,0.0,0.0
qwen2.5:14b,no_evidence,8000,pos_01,arithmetic,none,5,0.0,0.0,0.0,0.0
qwen2.5:14b,no_evidence,8000,pos_01,comparison,conflicting,5,0.0,0.0,0.0,0.0
qwen2.5:14b,no_evidence,8000,pos_01,comparison,high,5,0.0,0.0,0.0,0.0
qwen2.5:14b,no_evidence,8000,pos_01,comparison,low,5,0.0,0.0,0.0,0.0
qwen2.5:14b,no_evidence,8000,pos_01,comparison,none,5,0.0,0.0,0.0,0.0
qwen2.5:14b,no_evidence,8000,pos_01,multi_hop,conflicting,5,0.0,0.0,0.0,0.0
qwen2.5:14b,no_evidence,8000,pos_01,multi_hop,high,5,0.0,0.0,0.0,0.0
qwen2.5:14b,no_evidence,8000,pos_01,multi_hop,low,5,0.0,0.0,0.0,0.0
qwen2.5:14b,no_evidence,8000,pos_01,multi_hop,none,5,0.0,0.0,0.0,0.0
qwen2.5:14b,no_evidence,8000,pos_01,single_hop,conflicting,5,0.0,0.0,0.0,0.0
qwen2.5:14b,no_evidence,8000,pos_01,single_hop,high,5,0.0,0.0,0.0,0.0
qwen2.5:14b,no_evidence,8000,pos_01,single_hop,low,5,0.0,0.0,0.0,0.0
qwen2.5:14b,no_evidence,8000,pos_01,single_hop,none,5,0.0,0.0,0.0,0.0
qwen2.5:14b,no_evidence,8000,pos_02,arithmetic,conflicting,5,0.0,0.0,0.0,0.0
qwen2.5:14b,no_evidence,8000,pos_02,arithmetic,high,5,0.0,0.0,0.0,0.0
qwen2.5:14b,no_evidence,8000,pos_02,arithmetic,low,5,0.0,0.0,0.0,0.0
qwen2.5:14b,no_evidence,8000,pos_02,arithmetic,none,5,0.0,0.0,0.0,0.0
qwen2.5:14b,no_evidence,8000,pos_02,comparison,conflicting,5,0.0,0.0,0.0,0.0
qwen2.5:14b,no_evidence,8000,pos_02,comparison,high,5,0.0,0.0,0.0,0.0
qwen2.5:14b,no_evidence,8000,pos_02,comparison,low,5,0.0,0.0,0.0,0.0
qwen2.5:14b,no_evidence,8000,pos_02,comparison,none,5,0.0,0.0,0.0,0.0
qwen2.5:14b,no_evidence,8000,pos_02,multi_hop,conflicting,5,0.0,0.0,0.0,0.0
qwen2.5:14b,no_evidence,8000,pos_02,multi_hop,high,5,0.0,0.0,0.0,0.0
qwen2.5:14b,no_evidence,8000,pos_02,multi_hop,low,5,0.0,0.0,0.0,0.0
qwen2.5:14b,no_evidence,8000,pos_02,multi_hop,none,5,0.0,0.0,0.0,0.0
qwen2.5:14b,no_evidence,8000,pos_02,single_hop,conflicting,5,0.0,0.0,0.0,0.0
qwen2.5:14b,no_evidence,8000,pos_02,single_hop,high,5,0.0,0.0,0.0,0.0
qwen2.5:14b,no_evidence,8000,pos_02,single_hop,low,5,0.0,0.0,0.0,0.0
qwen2.5:14b,no_evidence,8000,pos_02,single_hop,none,5,0.0,0.0,0.0,0.0
qwen2.5:14b,no_evidence,8000,pos_03,arithmetic,conflicting,5,0.0,0.0,0.0,0.0
qwen2.5:14b,no_evidence,8000,pos_03,arithmetic,high,5,0.0,0.0,0.0,0.0
qwen2.5:14b,no_evidence,8000,pos_03,arithmetic,low,5,0.0,0.0,0.0,0.0
qwen2.5:14b,no_evidence,8000,pos_03,arithmetic,none,5,0.0,0.0,0.0,0.0
qwen2.5:14b,no_evidence,8000,pos_03,comparison,conflicting,5,0.0,0.0,0.0,0.0
qwen2.5:14b,no_evidence,8000,pos_03,comparison,high,5,0.0,0.0,0.0,0.0
qwen2.5:14b,no_evidence,8000,pos_03,comparison,low,5,0.0,0.0,0.0,0.0
qwen2.5:14b,no_evidence,8000,pos_03,comparison,none,5,0.0,0.0,0.0,0.0
qwen2.5:14b,no_evidence,8000,pos_03,multi_hop,conflicting,5,0.0,0.0,0.0,0.0
qwen2.5:14b,no_evidence,8000,pos_03,multi_hop,high,5,0.0,0.0,0.0,0.0
qwen2.5:14b,no_evidence,8000,pos_03,multi_hop,low,5,0.0,0.0,0.0,0.0
qwen2.5:14b,no_evidence,8000,pos_03,multi_hop,none,5,0.0,0.0,0.0,0.0
qwen2.5:14b,no_evidence,8000,pos_03,single_hop,conflicting,5,0.0,0.0,0.0,0.0
qwen2.5:14b,no_evidence,8000,pos_03,single_hop,high,5,0.0,0.0,0.0,0.0
qwen2.5:14b,no_evidence,8000,pos_03,single_hop,low,5,0.0,0.0,0.0,0.0
qwen2.5:14b,no_evidence,8000,pos_03,single_hop,none,5,0.0,0.0,0.0,0.0
qwen2.5:14b,no_evidence,8000,pos_04,arithmetic,conflicting,5,0.0,0.0,0.0,0.0
qwen2.5:14b,no_evidence,8000,pos_04,arithmetic,high,5,0.0,0.0,0.0,0.0
qwen2.5:14b,no_evidence,8000,pos_04,arithmetic,low,5,0.0,0.0,0.0,0.0
qwen2.5:14b,no_evidence,8000,pos_04,arithmetic,none,5,0.0,0.0,0.0,0.0
qwen2.5:14b,no_evidence,8000,pos_04,comparison,conflicting,5,0.0,0.0,0.0,0.0
qwen2.5:14b,no_evidence,8000,pos_04,comparison,high,5,0.0,0.0,0.0,0.0
qwen2.5:14b,no_evidence,8000,pos_04,comparison,low,5,0.0,0.0,0.0,0.0
qwen2.5:14b,no_evidence,8000,pos_04,comparison,none,5,0.0,0.0,0.0,0.0
qwen2.5:14b,no_evidence,8000,pos_04,multi_hop,conflicting,5,0.0,0.0,0.0,0.0
qwen2.5:14b,no_evidence,8000,pos_04,multi_hop,high,5,0.0,0.0,0.0,0.0
qwen2.5:14b,no_evidence,8000,pos_04,multi_hop,low,5,0.0,0.0,0.0,0.0
qwen2.5:14b,no_evidence,8000,pos_04,multi_hop,none,5,0.0,0.0,0.0,0.0
qwen2.5:14b,no_evidence,8000,pos_04,single_hop,conflicting,5,0.0,0.0,0.0,0.0
qwen2.5:14b,no_evidence,8000,pos_04,single_hop,high,5,0.0,0.0,0.0,0.0
qwen2.5:14b,no_evidence,8000,pos_04,single_hop,low,5,0.0,0.0,0.0,0.0
qwen2.5:14b,no_evidence,8000,pos_04,single_hop,none,5,0.0,0.0,0.0,0.0
qwen2.5:14b,no_evidence,8000,pos_05,arithmetic,conflicting,5,0.0,0.0,0.0,0.0
qwen2.5:14b,no_evidence,8000,pos_05,arithmetic,high,5,0.0,0.0,0.0,0.0
qwen2.5:14b,no_evidence,8000,pos_05,arithmetic,low,5,0.0,0.0,0.0,0.0
qwen2.5:14b,no_evidence,8000,pos_05,arithmetic,none,5,0.0,0.0,0.0,0.0
qwen2.5:14b,no_evidence,8000,pos_05,comparison,conflicting,5,0.0,0.0,0.0,0.0
qwen2.5:14b,no_evidence,8000,pos_05,comparison,high,5,0.0,0.0,0.0,0.0
qwen2.5:14b,no_evidence,8000,pos_05,comparison,low,5,0.0,0.0,0.0,0.0
qwen2.5:14b,no_evidence,8000,pos_05,comparison,none,5,0.0,0.0,0.0,0.0
qwen2.5:14b,no_evidence,8000,pos_05,multi_hop,conflicting,5,0.0,0.0,0.0,0.0
qwen2.5:14b,no_evidence,8000,pos_05,multi_hop,high,5,0.0,0.0,0.0,0.0
qwen2.5:14b,no_evidence,8000,pos_05,multi_hop,low,5,0.0,0.0,0.0,0.0
qwen2.5:14b,no_evidence,8000,pos_05,multi_hop,none,5,0.0,0.0,0.0,0.0
qwen2.5:14b,no_evidence,8000,pos_05,single_hop,conflicting,5,0.0,0.0,0.0,0.0
qwen2.5:14b,no_evidence,8000,pos_05,single_hop,high,5,0.0,0.0,0.0,0.0
qwen2.5:14b,no_evidence,8000,pos_05,single_hop,low,5,0.0,0.0,0.0,0.0
qwen2.5:14b,no_evidence,8000,pos_05,single_hop,none,5,0.0,0.0,0.0,0.0
qwen2.5:14b,no_evidence,8000,pos_06,arithmetic,conflicting,5,0.0,0.0,0.0,0.0
qwen2.5:14b,no_evidence,8000,pos_06,arithmetic,high,5,0.0,0.0,0.0,0.0
qwen2.5:14b,no_evidence,8000,pos_06,arithmetic,low,5,0.0,0.0,0.0,0.0
qwen2.5:14b,no_evidence,8000,pos_06,arithmetic,none,5,0.0,0.0,0.0,0.0
qwen2.5:14b,no_evidence,8000,pos_06,comparison,conflicting,5,0.0,0.0,0.0,0.0
qwen2.5:14b,no_evidence,8000,pos_06,comparison,high,5,0.0,0.0,0.0,0.0
qwen2.5:14b,no_evidence,8000,pos_06,comparison,low,5,0.0,0.0,0.0,0.0
qwen2.5:14b,no_evidence,8000,pos_06,comparison,none,5,0.0,0.0,0.0,0.0
qwen2.5:14b,no_evidence,8000,pos_06,multi_hop,conflicting,5,0.0,0.0,0.0,0.0
qwen2.5:14b,no_evidence,8000,pos_06,multi_hop,high,5,0.0,0.0,0.0,0.0
qwen2.5:14b,no_evidence,8000,pos_06,multi_hop,low,5,0.0,0.0,0.0,0.0
qwen2.5:14b,no_evidence,8000,pos_06,multi_hop,none,5,0.0,0.0,0.0,0.0
qwen2.5:14b,no_evidence,8000,pos_06,single_hop,conflicting,5,0.0,0.0,0.0,0.0
qwen2.5:14b,no_evidence,8000,pos_06,single_hop,high,5,0.0,0.0,0.0,0.0
qwen2.5:14b,no_evidence,8000,pos_06,single_hop,low,5,0.0,0.0,0.0,0.0
qwen2.5:14b,no_evidence,8000,pos_06,single_hop,none,5,0.0,0.0,0.0,0.0
qwen2.5:14b,no_evidence,8000,pos_07,arithmetic,conflicting,5,0.0,0.0,0.0,0.0
qwen2.5:14b,no_evidence,8000,pos_07,arithmetic,high,5,0.0,0.0,0.0,0.0
qwen2.5:14b,no_evidence,8000,pos_07,arithmetic,low,5,0.0,0.0,0.0,0.0
qwen2.5:14b,no_evidence,8000,pos_07,arithmetic,none,5,0.0,0.0,0.0,0.0
qwen2.5:14b,no_evidence,8000,pos_07,comparison,conflicting,5,0.0,0.0,0.0,0.0
qwen2.5:14b,no_evidence,8000,pos_07,comparison,high,5,0.0,0.0,0.0,0.0
qwen2.5:14b,no_evidence,8000,pos_07,comparison,low,5,0.0,0.0,0.0,0.0
qwen2.5:14b,no_evidence,8000,pos_07,comparison,none,5,0.0,0.0,0.0,0.0
qwen2.5:14b,no_evidence,8000,pos_07,multi_hop,conflicting,5,0.0,0.0,0.0,0.0
qwen2.5:14b,no_evidence,8000,pos_07,multi_hop,high,5,0.0,0.0,0.0,0.0
qwen2.5:14b,no_evidence,8000,pos_07,multi_hop,low,5,0.0,0.0,0.0,0.0
qwen2.5:14b,no_evidence,8000,pos_07,multi_hop,none,5,0.0,0.0,0.0,0.0
qwen2.5:14b,no_evidence,8000,pos_07,single_hop,conflicting,5,0.0,0.0,0.0,0.0
qwen2.5:14b,no_evidence,8000,pos_07,single_hop,high,5,0.0,0.0,0.0,0.0
qwen2.5:14b,no_evidence,8000,pos_07,single_hop,low,5,0.0,0.0,0.0,0.0
qwen2.5:14b,no_evidence,8000,pos_07,single_hop,none,5,0.0,0.0,0.0,0.0
qwen2.5:14b,no_evidence,8000,pos_08,arithmetic,conflicting,5,0.0,0.0,0.0,0.0
qwen2.5:14b,no_evidence,8000,pos_08,arithmetic,high,5,0.0,0.0,0.0,0.0
qwen2.5:14b,no_evidence,8000,pos_08,arithmetic,low,5,0.0,0.0,0.0,0.0
qwen2.5:14b,no_evidence,8000,pos_08,arithmetic,none,5,0.0,0.0,0.0,0.0
qwen2.5:14b,no_evidence,8000,pos_08,comparison,conflicting,5,0.0,0.0,0.0,0.0
qwen2.5:14b,no_evidence,8000,pos_08,comparison,high,5,0.0,0.0,0.0,0.0
qwen2.5:14b,no_evidence,8000,pos_08,comparison,low,5,0.0,0.0,0.0,0.0
qwen2.5:14b,no_evidence,8000,pos_08,comparison,none,5,0.0,0.0,0.0,0.0
qwen2.5:14b,no_evidence,8000,pos_08,multi_hop,conflicting,5,0.0,0.0,0.0,0.0
qwen2.5:14b,no_evidence,8000,pos_08,multi_hop,high,5,0.0,0.0,0.0,0.0
qwen2.5:14b,no_evidence,8000,pos_08,multi_hop,low,5,0.0,0.0,0.0,0.0
qwen2.5:14b,no_evidence,8000,pos_08,multi_hop,none,5,0.0,0.0,0.0,0.0
qwen2.5:14b,no_evidence,8000,pos_08,single_hop,conflicting,5,0.0,0.0,0.0,0.0
qwen2.5:14b,no_evidence,8000,pos_08,single_hop,high,5,0.0,0.0,0.0,0.0
qwen2.5:14b,no_evidence,8000,pos_08,single_hop,low,5,0.0,0.0,0.0,0.0
qwen2.5:14b,no_evidence,8000,pos_08,single_hop,none,5,0.0,0.0,0.0,0.0
qwen2.5:14b,no_evidence,8000,pos_09,arithmetic,conflicting,5,0.0,0.0,0.0,0.0
qwen2.5:14b,no_evidence,8000,pos_09,arithmetic,high,5,0.0,0.0,0.0,0.0
qwen2.5:14b,no_evidence,8000,pos_09,arithmetic,low,5,0.0,0.0,0.0,0.0
qwen2.5:14b,no_evidence,8000,pos_09,arithmetic,none,5,0.0,0.0,0.0,0.0
qwen2.5:14b,no_evidence,8000,pos_09,comparison,conflicting,5,0.0,0.0,0.0,0.0
qwen2.5:14b,no_evidence,8000,pos_09,comparison,high,5,0.0,0.0,0.0,0.0
qwen2.5:14b,no_evidence,8000,pos_09,comparison,low,5,0.0,0.0,0.0,0.0
qwen2.5:14b,no_evidence,8000,pos_09,comparison,none,5,0.0,0.0,0.0,0.0
qwen2.5:14b,no_evidence,8000,pos_09,multi_hop,conflicting,5,0.0,0.0,0.0,0.0
qwen2.5:14b,no_evidence,8000,pos_09,multi_hop,high,5,0.0,0.0,0.0,0.0
qwen2.5:14b,no_evidence,8000,pos_09,multi_hop,low,5,0.0,0.0,0.0,0.0
qwen2.5:14b,no_evidence,8000,pos_09,multi_hop,none,5,0.0,0.0,0.0,0.0
qwen2.5:14b,no_evidence,8000,pos_09,single_hop,conflicting,5,0.0,0.0,0.0,0.0
qwen2.5:14b,no_evidence,8000,pos_09,single_hop,high,5,0.0,0.0,0.0,0.0
qwen2.5:14b,no_evidence,8000,pos_09,single_hop,low,5,0.0,0.0,0.0,0.0
qwen2.5:14b,no_evidence,8000,pos_09,single_hop,none,5,0.0,0.0,0.0,0.0
qwen2.5:14b,oracle,16000,pos_00,arithmetic,conflicting,5,1.0,1.0,1.0,0.0
qwen2.5:14b,oracle,16000,pos_00,arithmetic,high,5,1.0,1.0,1.0,0.0
qwen2.5:14b,oracle,16000,pos_00,arithmetic,low,5,1.0,1.0,1.0,0.0
qwen2.5:14b,oracle,16000,pos_00,arithmetic,none,5,1.0,1.0,1.0,0.0
qwen2.5:14b,oracle,16000,pos_00,comparison,conflicting,5,0.7333333333333333,0.2,1.0,0.0
qwen2.5:14b,oracle,16000,pos_00,comparison,high,5,0.7333333333333333,0.2,1.0,0.0
qwen2.5:14b,oracle,16000,pos_00,comparison,low,5,0.9333333333333333,0.8,1.0,0.0
qwen2.5:14b,oracle,16000,pos_00,comparison,none,5,0.7333333333333333,0.2,1.0,0.0
qwen2.5:14b,oracle,16000,pos_00,multi_hop,conflicting,5,1.0,1.0,1.0,0.0
qwen2.5:14b,oracle,16000,pos_00,multi_hop,high,5,1.0,1.0,1.0,0.0
qwen2.5:14b,oracle,16000,pos_00,multi_hop,low,5,1.0,1.0,1.0,0.0
qwen2.5:14b,oracle,16000,pos_00,multi_hop,none,5,1.0,1.0,1.0,0.0
qwen2.5:14b,oracle,16000,pos_00,single_hop,conflicting,5,1.0,1.0,1.0,0.0
qwen2.5:14b,oracle,16000,pos_00,single_hop,high,5,1.0,1.0,1.0,0.0
qwen2.5:14b,oracle,16000,pos_00,single_hop,low,5,1.0,1.0,1.0,0.0
qwen2.5:14b,oracle,16000,pos_00,single_hop,none,5,1.0,1.0,1.0,0.0
qwen2.5:14b,oracle,16000,pos_01,arithmetic,conflicting,5,1.0,1.0,1.0,0.0
qwen2.5:14b,oracle,16000,pos_01,arithmetic,high,5,1.0,1.0,1.0,0.0
qwen2.5:14b,oracle,16000,pos_01,arithmetic,low,5,1.0,1.0,1.0,0.0
qwen2.5:14b,oracle,16000,pos_01,arithmetic,none,5,1.0,1.0,1.0,0.0
qwen2.5:14b,oracle,16000,pos_01,comparison,conflicting,5,0.6666666666666666,0.0,1.0,0.0
qwen2.5:14b,oracle,16000,pos_01,comparison,high,5,0.7333333333333333,0.2,1.0,0.0
qwen2.5:14b,oracle,16000,pos_01,comparison,low,5,0.6666666666666666,0.0,1.0,0.0
qwen2.5:14b,oracle,16000,pos_01,comparison,none,5,0.7333333333333333,0.2,1.0,0.0
qwen2.5:14b,oracle,16000,pos_01,multi_hop,conflicting,5,1.0,1.0,1.0,0.0
qwen2.5:14b,oracle,16000,pos_01,multi_hop,high,5,1.0,1.0,1.0,0.0
qwen2.5:14b,oracle,16000,pos_01,multi_hop,low,5,1.0,1.0,1.0,0.0
qwen2.5:14b,oracle,16000,pos_01,multi_hop,none,5,1.0,1.0,1.0,0.0
qwen2.5:14b,oracle,16000,pos_01,single_hop,conflicting,5,1.0,1.0,1.0,0.0
qwen2.5:14b,oracle,16000,pos_01,single_hop,high,5,1.0,1.0,1.0,0.0
qwen2.5:14b,oracle,16000,pos_01,single_hop,low,5,1.0,1.0,1.0,0.0
qwen2.5:14b,oracle,16000,pos_01,single_hop,none,5,1.0,1.0,1.0,0.0
qwen2.5:14b,oracle,16000,pos_02,arithmetic,conflicting,5,1.0,1.0,1.0,0.0
qwen2.5:14b,oracle,16000,pos_02,arithmetic,high,5,1.0,1.0,1.0,0.0
qwen2.5:14b,oracle,16000,pos_02,arithmetic,low,5,1.0,1.0,1.0,0.0
qwen2.5:14b,oracle,16000,pos_02,arithmetic,none,5,1.0,1.0,1.0,0.0
qwen2.5:14b,oracle,16000,pos_02,comparison,conflicting,5,0.7999999999999999,0.4,1.0,0.0
qwen2.5:14b,oracle,16000,pos_02,comparison,high,5,0.7333333333333333,0.2,1.0,0.0
qwen2.5:14b,oracle,16000,pos_02,comparison,low,5,0.7333333333333333,0.2,1.0,0.0
qwen2.5:14b,oracle,16000,pos_02,comparison,none,5,0.6666666666666666,0.0,1.0,0.0
qwen2.5:14b,oracle,16000,pos_02,multi_hop,conflicting,5,1.0,1.0,1.0,0.0
qwen2.5:14b,oracle,16000,pos_02,multi_hop,high,5,1.0,1.0,1.0,0.0
qwen2.5:14b,oracle,16000,pos_02,multi_hop,low,5,1.0,1.0,1.0,0.0
qwen2.5:14b,oracle,16000,pos_02,multi_hop,none,5,1.0,1.0,1.0,0.0
qwen2.5:14b,oracle,16000,pos_02,single_hop,conflicting,5,1.0,1.0,1.0,0.0
qwen2.5:14b,oracle,16000,pos_02,single_hop,high,5,1.0,1.0,1.0,0.0
qwen2.5:14b,oracle,16000,pos_02,single_hop,low,5,1.0,1.0,1.0,0.0
qwen2.5:14b,oracle,16000,pos_02,single_hop,none,5,1.0,1.0,1.0,0.0
qwen2.5:14b,oracle,16000,pos_03,arithmetic,conflicting,5,1.0,1.0,1.0,0.0
qwen2.5:14b,oracle,16000,pos_03,arithmetic,high,5,1.0,1.0,1.0,0.0
qwen2.5:14b,oracle,16000,pos_03,arithmetic,low,5,1.0,1.0,1.0,0.0
qwen2.5:14b,oracle,16000,pos_03,arithmetic,none,5,1.0,1.0,1.0,0.0
qwen2.5:14b,oracle,16000,pos_03,comparison,conflicting,5,0.7333333333333333,0.2,1.0,0.0
qwen2.5:14b,oracle,16000,pos_03,comparison,high,5,0.7333333333333333,0.2,1.0,0.0
qwen2.5:14b,oracle,16000,pos_03,comparison,low,5,0.6666666666666666,0.0,1.0,0.0
qwen2.5:14b,oracle,16000,pos_03,comparison,none,5,0.7333333333333333,0.2,1.0,0.0
qwen2.5:14b,oracle,16000,pos_03,multi_hop,conflicting,5,1.0,1.0,1.0,0.0
qwen2.5:14b,oracle,16000,pos_03,multi_hop,high,5,1.0,1.0,1.0,0.0
qwen2.5:14b,oracle,16000,pos_03,multi_hop,low,5,1.0,1.0,1.0,0.0
qwen2.5:14b,oracle,16000,pos_03,multi_hop,none,5,1.0,1.0,1.0,0.0
qwen2.5:14b,oracle,16000,pos_03,single_hop,conflicting,5,1.0,1.0,1.0,0.0
qwen2.5:14b,oracle,16000,pos_03,single_hop,high,5,1.0,1.0,1.0,0.0
qwen2.5:14b,oracle,16000,pos_03,single_hop,low,5,1.0,1.0,1.0,0.0
qwen2.5:14b,oracle,16000,pos_03,single_hop,none,5,1.0,1.0,1.0,0.0
qwen2.5:14b,oracle,16000,pos_04,arithmetic,conflicting,5,0.8,0.8,1.0,0.0
qwen2.5:14b,oracle,16000,pos_04,arithmetic,high,5,1.0,1.0,1.0,0.0
qwen2.5:14b,oracle,16000,pos_04,arithmetic,low,5,1.0,1.0,1.0,0.0
qwen2.5:14b,oracle,16000,pos_04,arithmetic,none,5,1.0,1.0,1.0,0.0
qwen2.5:14b,oracle,16000,pos_04,comparison,conflicting,5,0.7333333333333333,0.2,1.0,0.0
qwen2.5:14b,oracle,16000,pos_04,comparison,high,5,0.7999999999999999,0.4,1.0,0.0
qwen2.5:14b,oracle,16000,pos_04,comparison,low,5,0.8666666666666667,0.6,1.0,0.0
qwen2.5:14b,oracle,16000,pos_04,comparison,none,5,0.8666666666666667,0.6,1.0,0.0
qwen2.5:14b,oracle,16000,pos_04,multi_hop,conflicting,5,1.0,1.0,1.0,0.0
qwen2.5:14b,oracle,16000,pos_04,multi_hop,high,5,1.0,1.0,1.0,0.0
qwen2.5:14b,oracle,16000,pos_04,multi_hop,low,5,1.0,1.0,1.0,0.0
qwen2.5:14b,oracle,16000,pos_04,multi_hop,none,5,1.0,1.0,1.0,0.0
qwen2.5:14b,oracle,16000,pos_04,single_hop,conflicting,5,1.0,1.0,1.0,0.0
qwen2.5:14b,oracle,16000,pos_04,single_hop,high,5,1.0,1.0,1.0,0.0
qwen2.5:14b,oracle,16000,pos_04,single_hop,low,5,1.0,1.0,1.0,0.0
qwen2.5:14b,oracle,16000,pos_04,single_hop,none,5,1.0,1.0,1.0,0.0
qwen2.5:14b,oracle,16000,pos_05,arithmetic,conflicting,5,1.0,1.0,1.0,0.0
qwen2.5:14b,oracle,16000,pos_05,arithmetic,high,5,1.0,1.0,1.0,0.0
qwen2.5:14b,oracle,16000,pos_05,arithmetic,low,5,1.0,1.0,1.0,0.0
qwen2.5:14b,oracle,16000,pos_05,arithmetic,none,5,1.0,1.0,1.0,0.0
qwen2.5:14b,oracle,16000,pos_05,comparison,conflicting,5,0.7333333333333333,0.2,1.0,0.0
qwen2.5:14b,oracle,16000,pos_05,comparison,high,5,0.7333333333333333,0.2,1.0,0.0
qwen2.5:14b,oracle,16000,pos_05,comparison,low,5,0.7999999999999999,0.4,1.0,0.0
qwen2.5:14b,oracle,16000,pos_05,comparison,none,5,0.7999999999999999,0.4,1.0,0.0
qwen2.5:14b,oracle,16000,pos_05,multi_hop,conflicting,5,1.0,1.0,1.0,0.0
qwen2.5:14b,oracle,16000,pos_05,multi_hop,high,5,1.0,1.0,1.0,0.0
qwen2.5:14b,oracle,16000,pos_05,multi_hop,low,5,1.0,1.0,1.0,0.0
qwen2.5:14b,oracle,16000,pos_05,multi_hop,none,5,1.0,1.0,1.0,0.0
qwen2.5:14b,oracle,16000,pos_05,single_hop,conflicting,5,1.0,1.0,1.0,0.0
qwen2.5:14b,oracle,16000,pos_05,single_hop,high,5,1.0,1.0,1.0,0.0
qwen2.5:14b,oracle,16000,pos_05,single_hop,low,5,1.0,1.0,1.0,0.0
qwen2.5:14b,oracle,16000,pos_05,single_hop,none,5,1.0,1.0,1.0,0.0
qwen2.5:14b,oracle,16000,pos_06,arithmetic,conflicting,5,1.0,1.0,1.0,0.0
qwen2.5:14b,oracle,16000,pos_06,arithmetic,high,5,1.0,1.0,1.0,0.0
qwen2.5:14b,oracle,16000,pos_06,arithmetic,low,5,1.0,1.0,1.0,0.0
qwen2.5:14b,oracle,16000,pos_06,arithmetic,none,5,1.0,1.0,1.0,0.0
qwen2.5:14b,oracle,16000,pos_06,comparison,conflicting,5,0.6666666666666666,0.0,1.0,0.0
qwen2.5:14b,oracle,16000,pos_06,comparison,high,5,0.7999999999999999,0.4,1.0,0.0
qwen2.5:14b,oracle,16000,pos_06,comparison,low,5,0.6666666666666666,0.0,1.0,0.0
qwen2.5:14b,oracle,16000,pos_06,comparison,none,5,0.8666666666666667,0.6,1.0,0.0
qwen2.5:14b,oracle,16000,pos_06,multi_hop,conflicting,5,1.0,1.0,1.0,0.0
qwen2.5:14b,oracle,16000,pos_06,multi_hop,high,5,1.0,1.0,1.0,0.0
qwen2.5:14b,oracle,16000,pos_06,multi_hop,low,5,1.0,1.0,1.0,0.0
qwen2.5:14b,oracle,16000,pos_06,multi_hop,none,5,1.0,1.0,1.0,0.0
qwen2.5:14b,oracle,16000,pos_06,single_hop,conflicting,5,1.0,1.0,1.0,0.0
qwen2.5:14b,oracle,16000,pos_06,single_hop,high,5,1.0,1.0,1.0,0.0
qwen2.5:14b,oracle,16000,pos_06,single_hop,low,5,1.0,1.0,1.0,0.0
qwen2.5:14b,oracle,16000,pos_06,single_hop,none,5,1.0,1.0,1.0,0.0
qwen2.5:14b,oracle,16000,pos_07,arithmetic,conflicting,5,1.0,1.0,1.0,0.0
qwen2.5:14b,oracle,16000,pos_07,arithmetic,high,5,1.0,1.0,1.0,0.0
qwen2.5:14b,oracle,16000,pos_07,arithmetic,low,5,1.0,1.0,1.0,0.0
qwen2.5:14b,oracle,16000,pos_07,arithmetic,none,5,1.0,1.0,1.0,0.0
qwen2.5:14b,oracle,16000,pos_07,comparison,conflicting,5,0.9333333333333333,0.8,1.0,0.0
qwen2.5:14b,oracle,16000,pos_07,comparison,high,5,0.7999999999999999,0.4,1.0,0.0
qwen2.5:14b,oracle,16000,pos_07,comparison,low,5,0.6666666666666666,0.0,1.0,0.0
qwen2.5:14b,oracle,16000,pos_07,comparison,none,5,0.6666666666666666,0.0,1.0,0.0
qwen2.5:14b,oracle,16000,pos_07,multi_hop,conflicting,5,1.0,1.0,1.0,0.0
qwen2.5:14b,oracle,16000,pos_07,multi_hop,high,5,1.0,1.0,1.0,0.0
qwen2.5:14b,oracle,16000,pos_07,multi_hop,low,5,1.0,1.0,1.0,0.0
qwen2.5:14b,oracle,16000,pos_07,multi_hop,none,5,1.0,1.0,1.0,0.0
qwen2.5:14b,oracle,16000,pos_07,single_hop,conflicting,5,1.0,1.0,1.0,0.0
qwen2.5:14b,oracle,16000,pos_07,single_hop,high,5,1.0,1.0,1.0,0.0
qwen2.5:14b,oracle,16000,pos_07,single_hop,low,5,1.0,1.0,1.0,0.0
qwen2.5:14b,oracle,16000,pos_07,single_hop,none,5,1.0,1.0,1.0,0.0
qwen2.5:14b,oracle,16000,pos_08,arithmetic,conflicting,5,1.0,1.0,1.0,0.0
qwen2.5:14b,oracle,16000,pos_08,arithmetic,high,5,1.0,1.0,1.0,0.0
qwen2.5:14b,oracle,16000,pos_08,arithmetic,low,5,1.0,1.0,1.0,0.0
qwen2.5:14b,oracle,16000,pos_08,arithmetic,none,5,1.0,1.0,1.0,0.0
qwen2.5:14b,oracle,16000,pos_08,comparison,conflicting,5,0.6666666666666666,0.0,1.0,0.0
qwen2.5:14b,oracle,16000,pos_08,comparison,high,5,0.6666666666666666,0.0,1.0,0.0
qwen2.5:14b,oracle,16000,pos_08,comparison,low,5,0.7999999999999999,0.4,1.0,0.0
qwen2.5:14b,oracle,16000,pos_08,comparison,none,5,0.6666666666666666,0.0,1.0,0.0
qwen2.5:14b,oracle,16000,pos_08,multi_hop,conflicting,5,1.0,1.0,1.0,0.0
qwen2.5:14b,oracle,16000,pos_08,multi_hop,high,5,1.0,1.0,1.0,0.0
qwen2.5:14b,oracle,16000,pos_08,multi_hop,low,5,1.0,1.0,1.0,0.0
qwen2.5:14b,oracle,16000,pos_08,multi_hop,none,5,1.0,1.0,1.0,0.0
qwen2.5:14b,oracle,16000,pos_08,single_hop,conflicting,5,1.0,1.0,1.0,0.0
qwen2.5:14b,oracle,16000,pos_08,single_hop,high,5,1.0,1.0,1.0,0.0
qwen2.5:14b,oracle,16000,pos_08,single_hop,low,5,1.0,1.0,1.0,0.0
qwen2.5:14b,oracle,16000,pos_08,single_hop,none,5,1.0,1.0,1.0,0.0
qwen2.5:14b,oracle,16000,pos_09,arithmetic,conflicting,5,1.0,1.0,1.0,0.0
qwen2.5:14b,oracle,16000,pos_09,arithmetic,high,5,1.0,1.0,1.0,0.0
qwen2.5:14b,oracle,16000,pos_09,arithmetic,low,5,1.0,1.0,1.0,0.0
qwen2.5:14b,oracle,16000,pos_09,arithmetic,none,5,1.0,1.0,1.0,0.0
qwen2.5:14b,oracle,16000,pos_09,comparison,conflicting,5,0.7333333333333333,0.2,1.0,0.0
qwen2.5:14b,oracle,16000,pos_09,comparison,high,5,0.7333333333333333,0.2,1.0,0.0
qwen2.5:14b,oracle,16000,pos_09,comparison,low,5,0.6666666666666666,0.0,1.0,0.0
qwen2.5:14b,oracle,16000,pos_09,comparison,none,5,0.6666666666666666,0.0,1.0,0.0
qwen2.5:14b,oracle,16000,pos_09,multi_hop,conflicting,5,1.0,1.0,1.0,0.0
qwen2.5:14b,oracle,16000,pos_09,multi_hop,high,5,1.0,1.0,1.0,0.0
qwen2.5:14b,oracle,16000,pos_09,multi_hop,low,5,1.0,1.0,1.0,0.0
qwen2.5:14b,oracle,16000,pos_09,multi_hop,none,5,1.0,1.0,1.0,0.0
qwen2.5:14b,oracle,16000,pos_09,single_hop,conflicting,5,1.0,1.0,1.0,0.0
qwen2.5:14b,oracle,16000,pos_09,single_hop,high,5,1.0,1.0,1.0,0.0
qwen2.5:14b,oracle,16000,pos_09,single_hop,low,5,1.0,1.0,1.0,0.0
qwen2.5:14b,oracle,16000,pos_09,single_hop,none,5,1.0,1.0,1.0,0.0
qwen2.5:14b,oracle,32000,pos_00,arithmetic,conflicting,5,1.0,1.0,1.0,0.0
qwen2.5:14b,oracle,32000,pos_00,arithmetic,high,5,1.0,1.0,1.0,0.0
qwen2.5:14b,oracle,32000,pos_00,arithmetic,low,5,1.0,1.0,1.0,0.0
qwen2.5:14b,oracle,32000,pos_00,arithmetic,none,5,1.0,1.0,1.0,0.0
qwen2.5:14b,oracle,32000,pos_00,comparison,conflicting,5,0.9333333333333333,0.8,1.0,0.0
qwen2.5:14b,oracle,32000,pos_00,comparison,high,5,0.6666666666666666,0.0,1.0,0.0
qwen2.5:14b,oracle,32000,pos_00,comparison,low,5,0.7333333333333333,0.2,1.0,0.0
qwen2.5:14b,oracle,32000,pos_00,comparison,none,5,0.7333333333333333,0.2,1.0,0.0
qwen2.5:14b,oracle,32000,pos_00,multi_hop,conflicting,5,1.0,1.0,1.0,0.0
qwen2.5:14b,oracle,32000,pos_00,multi_hop,high,5,1.0,1.0,1.0,0.0
qwen2.5:14b,oracle,32000,pos_00,multi_hop,low,5,1.0,1.0,1.0,0.0
qwen2.5:14b,oracle,32000,pos_00,multi_hop,none,5,1.0,1.0,1.0,0.0
qwen2.5:14b,oracle,32000,pos_00,single_hop,conflicting,5,1.0,1.0,1.0,0.0
qwen2.5:14b,oracle,32000,pos_00,single_hop,high,5,1.0,1.0,1.0,0.0
qwen2.5:14b,oracle,32000,pos_00,single_hop,low,5,1.0,1.0,1.0,0.0
qwen2.5:14b,oracle,32000,pos_00,single_hop,none,5,1.0,1.0,1.0,0.0
qwen2.5:14b,oracle,32000,pos_01,arithmetic,conflicting,5,1.0,1.0,1.0,0.0
qwen2.5:14b,oracle,32000,pos_01,arithmetic,high,5,1.0,1.0,1.0,0.0
qwen2.5:14b,oracle,32000,pos_01,arithmetic,low,5,1.0,1.0,1.0,0.0
qwen2.5:14b,oracle,32000,pos_01,arithmetic,none,5,1.0,1.0,1.0,0.0
qwen2.5:14b,oracle,32000,pos_01,comparison,conflicting,5,0.7333333333333333,0.2,1.0,0.0
qwen2.5:14b,oracle,32000,pos_01,comparison,high,5,0.6666666666666666,0.0,1.0,0.0
qwen2.5:14b,oracle,32000,pos_01,comparison,low,5,0.6666666666666666,0.0,1.0,0.0
qwen2.5:14b,oracle,32000,pos_01,comparison,none,5,0.7999999999999999,0.4,1.0,0.0
qwen2.5:14b,oracle,32000,pos_01,multi_hop,conflicting,5,1.0,1.0,1.0,0.0
qwen2.5:14b,oracle,32000,pos_01,multi_hop,high,5,1.0,1.0,1.0,0.0
qwen2.5:14b,oracle,32000,pos_01,multi_hop,low,5,1.0,1.0,1.0,0.0
qwen2.5:14b,oracle,32000,pos_01,multi_hop,none,5,1.0,1.0,1.0,0.0
qwen2.5:14b,oracle,32000,pos_01,single_hop,conflicting,5,1.0,1.0,1.0,0.0
qwen2.5:14b,oracle,32000,pos_01,single_hop,high,5,1.0,1.0,1.0,0.0
qwen2.5:14b,oracle,32000,pos_01,single_hop,low,5,1.0,1.0,1.0,0.0
qwen2.5:14b,oracle,32000,pos_01,single_hop,none,5,1.0,1.0,1.0,0.0
qwen2.5:14b,oracle,32000,pos_02,arithmetic,conflicting,5,1.0,1.0,1.0,0.0
qwen2.5:14b,oracle,32000,pos_02,arithmetic,high,5,1.0,1.0,1.0,0.0
qwen2.5:14b,oracle,32000,pos_02,arithmetic,low,5,1.0,1.0,1.0,0.0
qwen2.5:14b,oracle,32000,pos_02,arithmetic,none,5,1.0,1.0,1.0,0.0
qwen2.5:14b,oracle,32000,pos_02,comparison,conflicting,5,0.7999999999999999,0.4,1.0,0.0
qwen2.5:14b,oracle,32000,pos_02,comparison,high,5,0.7333333333333333,0.2,1.0,0.0
qwen2.5:14b,oracle,32000,pos_02,comparison,low,5,0.7333333333333333,0.2,1.0,0.0
qwen2.5:14b,oracle,32000,pos_02,comparison,none,5,0.7333333333333333,0.2,1.0,0.0
qwen2.5:14b,oracle,32000,pos_02,multi_hop,conflicting,5,1.0,1.0,1.0,0.0
qwen2.5:14b,oracle,32000,pos_02,multi_hop,high,5,1.0,1.0,1.0,0.0
qwen2.5:14b,oracle,32000,pos_02,multi_hop,low,5,1.0,1.0,1.0,0.0
qwen2.5:14b,oracle,32000,pos_02,multi_hop,none,5,1.0,1.0,1.0,0.0
qwen2.5:14b,oracle,32000,pos_02,single_hop,conflicting,5,1.0,1.0,1.0,0.0
qwen2.5:14b,oracle,32000,pos_02,single_hop,high,5,1.0,1.0,1.0,0.0
qwen2.5:14b,oracle,32000,pos_02,single_hop,low,5,1.0,1.0,1.0,0.0
qwen2.5:14b,oracle,32000,pos_02,single_hop,none,5,1.0,1.0,1.0,0.0
qwen2.5:14b,oracle,32000,pos_03,arithmetic,conflicting,5,1.0,1.0,1.0,0.0
qwen2.5:14b,oracle,32000,pos_03,arithmetic,high,5,1.0,1.0,1.0,0.0
qwen2.5:14b,oracle,32000,pos_03,arithmetic,low,5,1.0,1.0,1.0,0.0
qwen2.5:14b,oracle,32000,pos_03,arithmetic,none,5,1.0,1.0,1.0,0.0
qwen2.5:14b,oracle,32000,pos_03,comparison,conflicting,5,0.6666666666666666,0.0,1.0,0.0
qwen2.5:14b,oracle,32000,pos_03,comparison,high,5,0.7999999999999999,0.4,1.0,0.0
qwen2.5:14b,oracle,32000,pos_03,comparison,low,5,0.6666666666666666,0.0,1.0,0.0
qwen2.5:14b,oracle,32000,pos_03,comparison,none,5,0.7333333333333333,0.2,1.0,0.0
qwen2.5:14b,oracle,32000,pos_03,multi_hop,conflicting,5,1.0,1.0,1.0,0.0
qwen2.5:14b,oracle,32000,pos_03,multi_hop,high,5,1.0,1.0,1.0,0.0
qwen2.5:14b,oracle,32000,pos_03,multi_hop,low,5,1.0,1.0,1.0,0.0
qwen2.5:14b,oracle,32000,pos_03,multi_hop,none,5,1.0,1.0,1.0,0.0
qwen2.5:14b,oracle,32000,pos_03,single_hop,conflicting,5,1.0,1.0,1.0,0.0
qwen2.5:14b,oracle,32000,pos_03,single_hop,high,5,1.0,1.0,1.0,0.0
qwen2.5:14b,oracle,32000,pos_03,single_hop,low,5,1.0,1.0,1.0,0.0
qwen2.5:14b,oracle,32000,pos_03,single_hop,none,5,1.0,1.0,1.0,0.0
qwen2.5:14b,oracle,32000,pos_04,arithmetic,conflicting,5,1.0,1.0,1.0,0.0
qwen2.5:14b,oracle,32000,pos_04,arithmetic,high,5,0.8,0.8,1.0,0.0
qwen2.5:14b,oracle,32000,pos_04,arithmetic,low,5,1.0,1.0,1.0,0.0
qwen2.5:14b,oracle,32000,pos_04,arithmetic,none,5,1.0,1.0,1.0,0.0
qwen2.5:14b,oracle,32000,pos_04,comparison,conflicting,5,0.7999999999999999,0.4,1.0,0.0
qwen2.5:14b,oracle,32000,pos_04,comparison,high,5,0.6666666666666666,0.0,1.0,0.0
qwen2.5:14b,oracle,32000,pos_04,comparison,low,5,0.6666666666666666,0.0,1.0,0.0
qwen2.5:14b,oracle,32000,pos_04,comparison,none,5,0.6666666666666666,0.0,1.0,0.0
qwen2.5:14b,oracle,32000,pos_04,multi_hop,conflicting,5,1.0,1.0,1.0,0.0
qwen2.5:14b,oracle,32000,pos_04,multi_hop,high,5,1.0,1.0,1.0,0.0
qwen2.5:14b,oracle,32000,pos_04,multi_hop,low,5,1.0,1.0,1.0,0.0
qwen2.5:14b,oracle,32000,pos_04,multi_hop,none,5,1.0,1.0,1.0,0.0
qwen2.5:14b,oracle,32000,pos_04,single_hop,conflicting,5,1.0,1.0,1.0,0.0
qwen2.5:14b,oracle,32000,pos_04,single_hop,high,5,1.0,1.0,1.0,0.0
qwen2.5:14b,oracle,32000,pos_04,single_hop,low,5,1.0,1.0,1.0,0.0
qwen2.5:14b,oracle,32000,pos_04,single_hop,none,5,1.0,1.0,1.0,0.0
qwen2.5:14b,oracle,32000,pos_05,arithmetic,conflicting,5,1.0,1.0,1.0,0.0
qwen2.5:14b,oracle,32000,pos_05,arithmetic,high,5,0.8,0.8,1.0,0.0
qwen2.5:14b,oracle,32000,pos_05,arithmetic,low,5,1.0,1.0,1.0,0.0
qwen2.5:14b,oracle,32000,pos_05,arithmetic,none,5,1.0,1.0,1.0,0.0
qwen2.5:14b,oracle,32000,pos_05,comparison,conflicting,5,0.6666666666666666,0.0,1.0,0.0
qwen2.5:14b,oracle,32000,pos_05,comparison,high,5,0.7333333333333333,0.2,1.0,0.0
qwen2.5:14b,oracle,32000,pos_05,comparison,low,5,0.7333333333333333,0.2,1.0,0.0
qwen2.5:14b,oracle,32000,pos_05,comparison,none,5,0.7333333333333333,0.2,1.0,0.0
qwen2.5:14b,oracle,32000,pos_05,multi_hop,conflicting,5,1.0,1.0,1.0,0.0
qwen2.5:14b,oracle,32000,pos_05,multi_hop,high,5,1.0,1.0,1.0,0.0
qwen2.5:14b,oracle,32000,pos_05,multi_hop,low,5,1.0,1.0,1.0,0.0
qwen2.5:14b,oracle,32000,pos_05,multi_hop,none,5,1.0,1.0,1.0,0.0
qwen2.5:14b,oracle,32000,pos_05,single_hop,conflicting,5,1.0,1.0,1.0,0.0
qwen2.5:14b,oracle,32000,pos_05,single_hop,high,5,1.0,1.0,1.0,0.0
qwen2.5:14b,oracle,32000,pos_05,single_hop,low,5,1.0,1.0,1.0,0.0
qwen2.5:14b,oracle,32000,pos_05,single_hop,none,5,1.0,1.0,1.0,0.0
qwen2.5:14b,oracle,32000,pos_06,arithmetic,conflicting,5,1.0,1.0,1.0,0.0
qwen2.5:14b,oracle,32000,pos_06,arithmetic,high,5,1.0,1.0,1.0,0.0
qwen2.5:14b,oracle,32000,pos_06,arithmetic,low,5,1.0,1.0,1.0,0.0
qwen2.5:14b,oracle,32000,pos_06,arithmetic,none,5,1.0,1.0,1.0,0.0
qwen2.5:14b,oracle,32000,pos_06,comparison,conflicting,5,0.7333333333333333,0.2,1.0,0.0
qwen2.5:14b,oracle,32000,pos_06,comparison,high,5,0.6666666666666666,0.0,1.0,0.0
qwen2.5:14b,oracle,32000,pos_06,comparison,low,5,0.6666666666666666,0.0,1.0,0.0
qwen2.5:14b,oracle,32000,pos_06,comparison,none,5,0.7333333333333333,0.2,1.0,0.0
qwen2.5:14b,oracle,32000,pos_06,multi_hop,conflicting,5,1.0,1.0,1.0,0.0
qwen2.5:14b,oracle,32000,pos_06,multi_hop,high,5,1.0,1.0,1.0,0.0
qwen2.5:14b,oracle,32000,pos_06,multi_hop,low,5,1.0,1.0,1.0,0.0
qwen2.5:14b,oracle,32000,pos_06,multi_hop,none,5,1.0,1.0,1.0,0.0
qwen2.5:14b,oracle,32000,pos_06,single_hop,conflicting,5,1.0,1.0,1.0,0.0
qwen2.5:14b,oracle,32000,pos_06,single_hop,high,5,1.0,1.0,1.0,0.0
qwen2.5:14b,oracle,32000,pos_06,single_hop,low,5,1.0,1.0,1.0,0.0
qwen2.5:14b,oracle,32000,pos_06,single_hop,none,5,1.0,1.0,1.0,0.0
qwen2.5:14b,oracle,32000,pos_07,arithmetic,conflicting,5,1.0,1.0,1.0,0.0
qwen2.5:14b,oracle,32000,pos_07,arithmetic,high,5,1.0,1.0,1.0,0.0
qwen2.5:14b,oracle,32000,pos_07,arithmetic,low,5,1.0,1.0,1.0,0.0
qwen2.5:14b,oracle,32000,pos_07,arithmetic,none,5,1.0,1.0,1.0,0.0
qwen2.5:14b,oracle,32000,pos_07,comparison,conflicting,5,0.6666666666666666,0.0,1.0,0.0
qwen2.5:14b,oracle,32000,pos_07,comparison,high,5,0.6666666666666666,0.0,1.0,0.0
qwen2.5:14b,oracle,32000,pos_07,comparison,low,5,0.7999999999999999,0.4,1.0,0.0
qwen2.5:14b,oracle,32000,pos_07,comparison,none,5,0.6666666666666666,0.0,1.0,0.0
qwen2.5:14b,oracle,32000,pos_07,multi_hop,conflicting,5,1.0,1.0,1.0,0.0
qwen2.5:14b,oracle,32000,pos_07,multi_hop,high,5,1.0,1.0,1.0,0.0
qwen2.5:14b,oracle,32000,pos_07,multi_hop,low,5,1.0,1.0,1.0,0.0
qwen2.5:14b,oracle,32000,pos_07,multi_hop,none,5,1.0,1.0,1.0,0.0
qwen2.5:14b,oracle,32000,pos_07,single_hop,conflicting,5,1.0,1.0,1.0,0.0
qwen2.5:14b,oracle,32000,pos_07,single_hop,high,5,1.0,1.0,1.0,0.0
qwen2.5:14b,oracle,32000,pos_07,single_hop,low,5,1.0,1.0,1.0,0.0
qwen2.5:14b,oracle,32000,pos_07,single_hop,none,5,1.0,1.0,1.0,0.0
qwen2.5:14b,oracle,32000,pos_08,arithmetic,conflicting,5,1.0,1.0,1.0,0.0
qwen2.5:14b,oracle,32000,pos_08,arithmetic,high,5,1.0,1.0,1.0,0.0
qwen2.5:14b,oracle,32000,pos_08,arithmetic,low,5,1.0,1.0,1.0,0.0
qwen2.5:14b,oracle,32000,pos_08,arithmetic,none,5,1.0,1.0,1.0,0.0
qwen2.5:14b,oracle,32000,pos_08,comparison,conflicting,5,0.7333333333333333,0.2,1.0,0.0
qwen2.5:14b,oracle,32000,pos_08,comparison,high,5,0.6666666666666666,0.0,1.0,0.0
qwen2.5:14b,oracle,32000,pos_08,comparison,low,5,0.6666666666666666,0.0,1.0,0.0
qwen2.5:14b,oracle,32000,pos_08,comparison,none,5,0.7333333333333333,0.2,1.0,0.0
qwen2.5:14b,oracle,32000,pos_08,multi_hop,conflicting,5,1.0,1.0,1.0,0.0
qwen2.5:14b,oracle,32000,pos_08,multi_hop,high,5,1.0,1.0,1.0,0.0
qwen2.5:14b,oracle,32000,pos_08,multi_hop,low,5,1.0,1.0,1.0,0.0
qwen2.5:14b,oracle,32000,pos_08,multi_hop,none,5,1.0,1.0,1.0,0.0
qwen2.5:14b,oracle,32000,pos_08,single_hop,conflicting,5,1.0,1.0,1.0,0.0
qwen2.5:14b,oracle,32000,pos_08,single_hop,high,5,1.0,1.0,1.0,0.0
qwen2.5:14b,oracle,32000,pos_08,single_hop,low,5,1.0,1.0,1.0,0.0
qwen2.5:14b,oracle,32000,pos_08,single_hop,none,5,1.0,1.0,1.0,0.0
qwen2.5:14b,oracle,32000,pos_09,arithmetic,conflicting,5,0.8,0.8,1.0,0.0
qwen2.5:14b,oracle,32000,pos_09,arithmetic,high,5,1.0,1.0,1.0,0.0
qwen2.5:14b,oracle,32000,pos_09,arithmetic,low,5,1.0,1.0,1.0,0.0
qwen2.5:14b,oracle,32000,pos_09,arithmetic,none,5,1.0,1.0,1.0,0.0
qwen2.5:14b,oracle,32000,pos_09,comparison,conflicting,5,0.6666666666666666,0.0,1.0,0.0
qwen2.5:14b,oracle,32000,pos_09,comparison,high,5,0.6666666666666666,0.0,1.0,0.0
qwen2.5:14b,oracle,32000,pos_09,comparison,low,5,0.6666666666666666,0.0,1.0,0.0
qwen2.5:14b,oracle,32000,pos_09,comparison,none,5,0.6666666666666666,0.0,1.0,0.0
qwen2.5:14b,oracle,32000,pos_09,multi_hop,conflicting,5,1.0,1.0,1.0,0.0
qwen2.5:14b,oracle,32000,pos_09,multi_hop,high,5,1.0,1.0,1.0,0.0
qwen2.5:14b,oracle,32000,pos_09,multi_hop,low,5,1.0,1.0,1.0,0.0
qwen2.5:14b,oracle,32000,pos_09,multi_hop,none,5,1.0,1.0,1.0,0.0
qwen2.5:14b,oracle,32000,pos_09,single_hop,conflicting,5,1.0,1.0,1.0,0.0
qwen2.5:14b,oracle,32000,pos_09,single_hop,high,5,1.0,1.0,1.0,0.0
qwen2.5:14b,oracle,32000,pos_09,single_hop,low,5,1.0,1.0,1.0,0.0
qwen2.5:14b,oracle,32000,pos_09,single_hop,none,5,1.0,1.0,1.0,0.0
qwen2.5:14b,oracle,4000,pos_00,arithmetic,conflicting,5,1.0,1.0,1.0,0.0
qwen2.5:14b,oracle,4000,pos_00,arithmetic,high,5,1.0,1.0,1.0,0.0
qwen2.5:14b,oracle,4000,pos_00,arithmetic,low,5,1.0,1.0,1.0,0.0
qwen2.5:14b,oracle,4000,pos_00,arithmetic,none,5,1.0,1.0,1.0,0.0
qwen2.5:14b,oracle,4000,pos_00,comparison,conflicting,5,0.8666666666666667,0.6,1.0,0.0
qwen2.5:14b,oracle,4000,pos_00,comparison,high,5,0.8666666666666667,0.6,1.0,0.0
qwen2.5:14b,oracle,4000,pos_00,comparison,low,5,0.7999999999999999,0.4,1.0,0.0
qwen2.5:14b,oracle,4000,pos_00,comparison,none,5,0.6666666666666666,0.0,1.0,0.0
qwen2.5:14b,oracle,4000,pos_00,multi_hop,conflicting,5,1.0,1.0,1.0,0.0
qwen2.5:14b,oracle,4000,pos_00,multi_hop,high,5,1.0,1.0,1.0,0.0
qwen2.5:14b,oracle,4000,pos_00,multi_hop,low,5,1.0,1.0,1.0,0.0
qwen2.5:14b,oracle,4000,pos_00,multi_hop,none,5,1.0,1.0,1.0,0.0
qwen2.5:14b,oracle,4000,pos_00,single_hop,conflicting,5,1.0,1.0,1.0,0.0
qwen2.5:14b,oracle,4000,pos_00,single_hop,high,5,1.0,1.0,1.0,0.0
qwen2.5:14b,oracle,4000,pos_00,single_hop,low,5,1.0,1.0,1.0,0.0
qwen2.5:14b,oracle,4000,pos_00,single_hop,none,5,1.0,1.0,1.0,0.0
qwen2.5:14b,oracle,4000,pos_01,arithmetic,conflicting,5,1.0,1.0,1.0,0.0
qwen2.5:14b,oracle,4000,pos_01,arithmetic,high,5,1.0,1.0,1.0,0.0
qwen2.5:14b,oracle,4000,pos_01,arithmetic,low,5,0.8,0.8,1.0,0.0
qwen2.5:14b,oracle,4000,pos_01,arithmetic,none,5,1.0,1.0,1.0,0.0
qwen2.5:14b,oracle,4000,pos_01,comparison,conflicting,5,0.7999999999999999,0.4,1.0,0.0
qwen2.5:14b,oracle,4000,pos_01,comparison,high,5,0.7333333333333333,0.2,1.0,0.0
qwen2.5:14b,oracle,4000,pos_01,comparison,low,5,0.7333333333333333,0.2,1.0,0.0
qwen2.5:14b,oracle,4000,pos_01,comparison,none,5,0.7999999999999999,0.4,1.0,0.0
qwen2.5:14b,oracle,4000,pos_01,multi_hop,conflicting,5,1.0,1.0,1.0,0.0
qwen2.5:14b,oracle,4000,pos_01,multi_hop,high,5,1.0,1.0,1.0,0.0
qwen2.5:14b,oracle,4000,pos_01,multi_hop,low,5,1.0,1.0,1.0,0.0
qwen2.5:14b,oracle,4000,pos_01,multi_hop,none,5,1.0,1.0,1.0,0.0
qwen2.5:14b,oracle,4000,pos_01,single_hop,conflicting,5,1.0,1.0,1.0,0.0
qwen2.5:14b,oracle,4000,pos_01,single_hop,high,5,1.0,1.0,1.0,0.0
qwen2.5:14b,oracle,4000,pos_01,single_hop,low,5,1.0,1.0,1.0,0.0
qwen2.5:14b,oracle,4000,pos_01,single_hop,none,5,1.0,1.0,1.0,0.0
qwen2.5:14b,oracle,4000,pos_02,arithmetic,conflicting,5,1.0,1.0,1.0,0.0
qwen2.5:14b,oracle,4000,pos_02,arithmetic,high,5,1.0,1.0,1.0,0.0
qwen2.5:14b,oracle,4000,pos_02,arithmetic,low,5,1.0,1.0,1.0,0.0
qwen2.5:14b,oracle,4000,pos_02,arithmetic,none,5,1.0,1.0,1.0,0.0
qwen2.5:14b,oracle,4000,pos_02,comparison,conflicting,5,0.6666666666666666,0.0,1.0,0.0
qwen2.5:14b,oracle,4000,pos_02,comparison,high,5,0.6666666666666666,0.0,1.0,0.0
qwen2.5:14b,oracle,4000,pos_02,comparison,low,5,0.7333333333333333,0.2,1.0,0.0
qwen2.5:14b,oracle,4000,pos_02,comparison,none,5,0.8666666666666667,0.6,1.0,0.0
qwen2.5:14b,oracle,4000,pos_02,multi_hop,conflicting,5,1.0,1.0,1.0,0.0
qwen2.5:14b,oracle,4000,pos_02,multi_hop,high,5,1.0,1.0,1.0,0.0
qwen2.5:14b,oracle,4000,pos_02,multi_hop,low,5,1.0,1.0,1.0,0.0
qwen2.5:14b,oracle,4000,pos_02,multi_hop,none,5,1.0,1.0,1.0,0.0
qwen2.5:14b,oracle,4000,pos_02,single_hop,conflicting,5,1.0,1.0,1.0,0.0
qwen2.5:14b,oracle,4000,pos_02,single_hop,high,5,1.0,1.0,1.0,0.0
qwen2.5:14b,oracle,4000,pos_02,single_hop,low,5,1.0,1.0,1.0,0.0
qwen2.5:14b,oracle,4000,pos_02,single_hop,none,5,1.0,1.0,1.0,0.0
qwen2.5:14b,oracle,4000,pos_03,arithmetic,conflicting,5,0.8,0.8,1.0,0.0
qwen2.5:14b,oracle,4000,pos_03,arithmetic,high,5,1.0,1.0,1.0,0.0
qwen2.5:14b,oracle,4000,pos_03,arithmetic,low,5,1.0,1.0,1.0,0.0
qwen2.5:14b,oracle,4000,pos_03,arithmetic,none,5,1.0,1.0,1.0,0.0
qwen2.5:14b,oracle,4000,pos_03,comparison,conflicting,5,0.6666666666666666,0.0,1.0,0.0
qwen2.5:14b,oracle,4000,pos_03,comparison,high,5,0.6666666666666666,0.0,1.0,0.0
qwen2.5:14b,oracle,4000,pos_03,comparison,low,5,0.6666666666666666,0.0,1.0,0.0
qwen2.5:14b,oracle,4000,pos_03,comparison,none,5,0.6666666666666666,0.0,1.0,0.0
qwen2.5:14b,oracle,4000,pos_03,multi_hop,conflicting,5,1.0,1.0,1.0,0.0
qwen2.5:14b,oracle,4000,pos_03,multi_hop,high,5,1.0,1.0,1.0,0.0
qwen2.5:14b,oracle,4000,pos_03,multi_hop,low,5,1.0,1.0,1.0,0.0
qwen2.5:14b,oracle,4000,pos_03,multi_hop,none,5,1.0,1.0,1.0,0.0
qwen2.5:14b,oracle,4000,pos_03,single_hop,conflicting,5,1.0,1.0,1.0,0.0
qwen2.5:14b,oracle,4000,pos_03,single_hop,high,5,1.0,1.0,1.0,0.0
qwen2.5:14b,oracle,4000,pos_03,single_hop,low,5,1.0,1.0,1.0,0.0
qwen2.5:14b,oracle,4000,pos_03,single_hop,none,5,1.0,1.0,1.0,0.0
qwen2.5:14b,oracle,4000,pos_04,arithmetic,conflicting,5,1.0,1.0,1.0,0.0
qwen2.5:14b,oracle,4000,pos_04,arithmetic,high,5,1.0,1.0,1.0,0.0
qwen2.5:14b,oracle,4000,pos_04,arithmetic,low,5,1.0,1.0,1.0,0.0
qwen2.5:14b,oracle,4000,pos_04,arithmetic,none,5,1.0,1.0,1.0,0.0
qwen2.5:14b,oracle,4000,pos_04,comparison,conflicting,5,0.6666666666666666,0.0,1.0,0.0
qwen2.5:14b,oracle,4000,pos_04,comparison,high,5,0.7999999999999999,0.4,1.0,0.0
qwen2.5:14b,oracle,4000,pos_04,comparison,low,5,0.7333333333333333,0.2,1.0,0.0
qwen2.5:14b,oracle,4000,pos_04,comparison,none,5,0.6666666666666666,0.0,1.0,0.0
qwen2.5:14b,oracle,4000,pos_04,multi_hop,conflicting,5,1.0,1.0,1.0,0.0
qwen2.5:14b,oracle,4000,pos_04,multi_hop,high,5,1.0,1.0,1.0,0.0
qwen2.5:14b,oracle,4000,pos_04,multi_hop,low,5,1.0,1.0,1.0,0.0
qwen2.5:14b,oracle,4000,pos_04,multi_hop,none,5,1.0,1.0,1.0,0.0
qwen2.5:14b,oracle,4000,pos_04,single_hop,conflicting,5,1.0,1.0,1.0,0.0
qwen2.5:14b,oracle,4000,pos_04,single_hop,high,5,1.0,1.0,1.0,0.0
qwen2.5:14b,oracle,4000,pos_04,single_hop,low,5,1.0,1.0,1.0,0.0
qwen2.5:14b,oracle,4000,pos_04,single_hop,none,5,1.0,1.0,1.0,0.0
qwen2.5:14b,oracle,4000,pos_05,arithmetic,conflicting,5,1.0,1.0,1.0,0.0
qwen2.5:14b,oracle,4000,pos_05,arithmetic,high,5,1.0,1.0,1.0,0.0
qwen2.5:14b,oracle,4000,pos_05,arithmetic,low,5,1.0,1.0,1.0,0.0
qwen2.5:14b,oracle,4000,pos_05,arithmetic,none,5,1.0,1.0,1.0,0.0
qwen2.5:14b,oracle,4000,pos_05,comparison,conflicting,5,0.6666666666666666,0.0,1.0,0.0
qwen2.5:14b,oracle,4000,pos_05,comparison,high,5,0.6666666666666666,0.0,1.0,0.0
qwen2.5:14b,oracle,4000,pos_05,comparison,low,5,0.6666666666666666,0.0,1.0,0.0
qwen2.5:14b,oracle,4000,pos_05,comparison,none,5,0.7333333333333333,0.2,1.0,0.0
qwen2.5:14b,oracle,4000,pos_05,multi_hop,conflicting,5,1.0,1.0,1.0,0.0
qwen2.5:14b,oracle,4000,pos_05,multi_hop,high,5,1.0,1.0,1.0,0.0
qwen2.5:14b,oracle,4000,pos_05,multi_hop,low,5,1.0,1.0,1.0,0.0
qwen2.5:14b,oracle,4000,pos_05,multi_hop,none,5,1.0,1.0,1.0,0.0
qwen2.5:14b,oracle,4000,pos_05,single_hop,conflicting,5,1.0,1.0,1.0,0.0
qwen2.5:14b,oracle,4000,pos_05,single_hop,high,5,1.0,1.0,1.0,0.0
qwen2.5:14b,oracle,4000,pos_05,single_hop,low,5,1.0,1.0,1.0,0.0
qwen2.5:14b,oracle,4000,pos_05,single_hop,none,5,1.0,1.0,1.0,0.0
qwen2.5:14b,oracle,4000,pos_06,arithmetic,conflicting,5,1.0,1.0,1.0,0.0
qwen2.5:14b,oracle,4000,pos_06,arithmetic,high,5,1.0,1.0,1.0,0.0
qwen2.5:14b,oracle,4000,pos_06,arithmetic,low,5,1.0,1.0,1.0,0.0
qwen2.5:14b,oracle,4000,pos_06,arithmetic,none,5,1.0,1.0,1.0,0.0
qwen2.5:14b,oracle,4000,pos_06,comparison,conflicting,5,0.6666666666666666,0.0,1.0,0.0
qwen2.5:14b,oracle,4000,pos_06,comparison,high,5,0.6666666666666666,0.0,1.0,0.0
qwen2.5:14b,oracle,4000,pos_06,comparison,low,5,0.6666666666666666,0.0,1.0,0.0
qwen2.5:14b,oracle,4000,pos_06,comparison,none,5,0.6666666666666666,0.0,1.0,0.0
qwen2.5:14b,oracle,4000,pos_06,multi_hop,conflicting,5,1.0,1.0,1.0,0.0
qwen2.5:14b,oracle,4000,pos_06,multi_hop,high,5,1.0,1.0,1.0,0.0
qwen2.5:14b,oracle,4000,pos_06,multi_hop,low,5,1.0,1.0,1.0,0.0
qwen2.5:14b,oracle,4000,pos_06,multi_hop,none,5,1.0,1.0,1.0,0.0
qwen2.5:14b,oracle,4000,pos_06,single_hop,conflicting,5,1.0,1.0,1.0,0.0
qwen2.5:14b,oracle,4000,pos_06,single_hop,high,5,1.0,1.0,1.0,0.0
qwen2.5:14b,oracle,4000,pos_06,single_hop,low,5,1.0,1.0,1.0,0.0
qwen2.5:14b,oracle,4000,pos_06,single_hop,none,5,1.0,1.0,1.0,0.0
qwen2.5:14b,oracle,4000,pos_07,arithmetic,conflicting,5,1.0,1.0,1.0,0.0
qwen2.5:14b,oracle,4000,pos_07,arithmetic,high,5,1.0,1.0,1.0,0.0
qwen2.5:14b,oracle,4000,pos_07,arithmetic,low,5,1.0,1.0,1.0,0.0
qwen2.5:14b,oracle,4000,pos_07,arithmetic,none,5,1.0,1.0,1.0,0.0
qwen2.5:14b,oracle,4000,pos_07,comparison,conflicting,5,0.9333333333333333,0.8,1.0,0.0
qwen2.5:14b,oracle,4000,pos_07,comparison,high,5,0.7999999999999999,0.4,1.0,0.0
qwen2.5:14b,oracle,4000,pos_07,comparison,low,5,0.6666666666666666,0.0,1.0,0.0
qwen2.5:14b,oracle,4000,pos_07,comparison,none,5,0.7333333333333333,0.2,1.0,0.0
qwen2.5:14b,oracle,4000,pos_07,multi_hop,conflicting,5,1.0,1.0,1.0,0.0
qwen2.5:14b,oracle,4000,pos_07,multi_hop,high,5,1.0,1.0,1.0,0.0
qwen2.5:14b,oracle,4000,pos_07,multi_hop,low,5,1.0,1.0,1.0,0.0
qwen2.5:14b,oracle,4000,pos_07,multi_hop,none,5,1.0,1.0,1.0,0.0
qwen2.5:14b,oracle,4000,pos_07,single_hop,conflicting,5,1.0,1.0,1.0,0.0
qwen2.5:14b,oracle,4000,pos_07,single_hop,high,5,1.0,1.0,1.0,0.0
qwen2.5:14b,oracle,4000,pos_07,single_hop,low,5,1.0,1.0,1.0,0.0
qwen2.5:14b,oracle,4000,pos_07,single_hop,none,5,1.0,1.0,1.0,0.0
qwen2.5:14b,oracle,4000,pos_08,arithmetic,conflicting,5,1.0,1.0,1.0,0.0
qwen2.5:14b,oracle,4000,pos_08,arithmetic,high,5,1.0,1.0,1.0,0.0
qwen2.5:14b,oracle,4000,pos_08,arithmetic,low,5,1.0,1.0,1.0,0.0
qwen2.5:14b,oracle,4000,pos_08,arithmetic,none,5,1.0,1.0,1.0,0.0
qwen2.5:14b,oracle,4000,pos_08,comparison,conflicting,5,0.6666666666666666,0.0,1.0,0.0
qwen2.5:14b,oracle,4000,pos_08,comparison,high,5,0.6666666666666666,0.0,1.0,0.0
qwen2.5:14b,oracle,4000,pos_08,comparison,low,5,0.6666666666666666,0.0,1.0,0.0
qwen2.5:14b,oracle,4000,pos_08,comparison,none,5,0.6666666666666666,0.0,1.0,0.0
qwen2.5:14b,oracle,4000,pos_08,multi_hop,conflicting,5,1.0,1.0,1.0,0.0
qwen2.5:14b,oracle,4000,pos_08,multi_hop,high,5,1.0,1.0,1.0,0.0
qwen2.5:14b,oracle,4000,pos_08,multi_hop,low,5,1.0,1.0,1.0,0.0
qwen2.5:14b,oracle,4000,pos_08,multi_hop,none,5,1.0,1.0,1.0,0.0
qwen2.5:14b,oracle,4000,pos_08,single_hop,conflicting,5,1.0,1.0,1.0,0.0
qwen2.5:14b,oracle,4000,pos_08,single_hop,high,5,1.0,1.0,1.0,0.0
qwen2.5:14b,oracle,4000,pos_08,single_hop,low,5,1.0,1.0,1.0,0.0
qwen2.5:14b,oracle,4000,pos_08,single_hop,none,5,1.0,1.0,1.0,0.0
qwen2.5:14b,oracle,4000,pos_09,arithmetic,conflicting,5,1.0,1.0,1.0,0.0
qwen2.5:14b,oracle,4000,pos_09,arithmetic,high,5,1.0,1.0,1.0,0.0
qwen2.5:14b,oracle,4000,pos_09,arithmetic,low,5,1.0,1.0,1.0,0.0
qwen2.5:14b,oracle,4000,pos_09,arithmetic,none,5,1.0,1.0,1.0,0.0
qwen2.5:14b,oracle,4000,pos_09,comparison,conflicting,5,0.6666666666666666,0.0,1.0,0.0
qwen2.5:14b,oracle,4000,pos_09,comparison,high,5,0.6666666666666666,0.0,1.0,0.0
qwen2.5:14b,oracle,4000,pos_09,comparison,low,5,0.6666666666666666,0.0,1.0,0.0
qwen2.5:14b,oracle,4000,pos_09,comparison,none,5,0.6666666666666666,0.0,1.0,0.0
qwen2.5:14b,oracle,4000,pos_09,multi_hop,conflicting,5,1.0,1.0,1.0,0.0
qwen2.5:14b,oracle,4000,pos_09,multi_hop,high,5,1.0,1.0,1.0,0.0
qwen2.5:14b,oracle,4000,pos_09,multi_hop,low,5,1.0,1.0,1.0,0.0
qwen2.5:14b,oracle,4000,pos_09,multi_hop,none,5,1.0,1.0,1.0,0.0
qwen2.5:14b,oracle,4000,pos_09,single_hop,conflicting,5,1.0,1.0,1.0,0.0
qwen2.5:14b,oracle,4000,pos_09,single_hop,high,5,1.0,1.0,1.0,0.0
qwen2.5:14b,oracle,4000,pos_09,single_hop,low,5,1.0,1.0,1.0,0.0
qwen2.5:14b,oracle,4000,pos_09,single_hop,none,5,1.0,1.0,1.0,0.0
qwen2.5:14b,oracle,8000,pos_00,arithmetic,conflicting,5,1.0,1.0,1.0,0.0
qwen2.5:14b,oracle,8000,pos_00,arithmetic,high,5,1.0,1.0,1.0,0.0
qwen2.5:14b,oracle,8000,pos_00,arithmetic,low,5,1.0,1.0,1.0,0.0
qwen2.5:14b,oracle,8000,pos_00,arithmetic,none,5,1.0,1.0,1.0,0.0
qwen2.5:14b,oracle,8000,pos_00,comparison,conflicting,5,0.6666666666666666,0.0,1.0,0.0
qwen2.5:14b,oracle,8000,pos_00,comparison,high,5,0.6666666666666666,0.0,1.0,0.0
qwen2.5:14b,oracle,8000,pos_00,comparison,low,5,0.6666666666666666,0.0,1.0,0.0
qwen2.5:14b,oracle,8000,pos_00,comparison,none,5,0.6666666666666666,0.0,1.0,0.0
qwen2.5:14b,oracle,8000,pos_00,multi_hop,conflicting,5,1.0,1.0,1.0,0.0
qwen2.5:14b,oracle,8000,pos_00,multi_hop,high,5,1.0,1.0,1.0,0.0
qwen2.5:14b,oracle,8000,pos_00,multi_hop,low,5,1.0,1.0,1.0,0.0
qwen2.5:14b,oracle,8000,pos_00,multi_hop,none,5,1.0,1.0,1.0,0.0
qwen2.5:14b,oracle,8000,pos_00,single_hop,conflicting,5,1.0,1.0,1.0,0.0
qwen2.5:14b,oracle,8000,pos_00,single_hop,high,5,1.0,1.0,1.0,0.0
qwen2.5:14b,oracle,8000,pos_00,single_hop,low,5,1.0,1.0,1.0,0.0
qwen2.5:14b,oracle,8000,pos_00,single_hop,none,5,1.0,1.0,1.0,0.0
qwen2.5:14b,oracle,8000,pos_01,arithmetic,conflicting,5,0.8,0.8,1.0,0.0
qwen2.5:14b,oracle,8000,pos_01,arithmetic,high,5,1.0,1.0,1.0,0.0
qwen2.5:14b,oracle,8000,pos_01,arithmetic,low,5,1.0,1.0,1.0,0.0
qwen2.5:14b,oracle,8000,pos_01,arithmetic,none,5,1.0,1.0,1.0,0.0
qwen2.5:14b,oracle,8000,pos_01,comparison,conflicting,5,0.7333333333333333,0.2,1.0,0.0
qwen2.5:14b,oracle,8000,pos_01,comparison,high,5,0.6666666666666666,0.0,1.0,0.0
qwen2.5:14b,oracle,8000,pos_01,comparison,low,5,0.6666666666666666,0.0,1.0,0.0
qwen2.5:14b,oracle,8000,pos_01,comparison,none,5,0.6666666666666666,0.0,1.0,0.0
qwen2.5:14b,oracle,8000,pos_01,multi_hop,conflicting,5,1.0,1.0,1.0,0.0
qwen2.5:14b,oracle,8000,pos_01,multi_hop,high,5,1.0,1.0,1.0,0.0
qwen2.5:14b,oracle,8000,pos_01,multi_hop,low,5,1.0,1.0,1.0,0.0
qwen2.5:14b,oracle,8000,pos_01,multi_hop,none,5,1.0,1.0,1.0,0.0
qwen2.5:14b,oracle,8000,pos_01,single_hop,conflicting,5,1.0,1.0,1.0,0.0
qwen2.5:14b,oracle,8000,pos_01,single_hop,high,5,1.0,1.0,1.0,0.0
qwen2.5:14b,oracle,8000,pos_01,single_hop,low,5,1.0,1.0,1.0,0.0
qwen2.5:14b,oracle,8000,pos_01,single_hop,none,5,1.0,1.0,1.0,0.0
qwen2.5:14b,oracle,8000,pos_02,arithmetic,conflicting,5,1.0,1.0,1.0,0.0
qwen2.5:14b,oracle,8000,pos_02,arithmetic,high,5,1.0,1.0,1.0,0.0
qwen2.5:14b,oracle,8000,pos_02,arithmetic,low,5,1.0,1.0,1.0,0.0
qwen2.5:14b,oracle,8000,pos_02,arithmetic,none,5,1.0,1.0,1.0,0.0
qwen2.5:14b,oracle,8000,pos_02,comparison,conflicting,5,0.8666666666666667,0.6,1.0,0.0
qwen2.5:14b,oracle,8000,pos_02,comparison,high,5,0.7999999999999999,0.4,1.0,0.0
qwen2.5:14b,oracle,8000,pos_02,comparison,low,5,0.6666666666666666,0.0,1.0,0.0
qwen2.5:14b,oracle,8000,pos_02,comparison,none,5,0.7333333333333333,0.2,1.0,0.0
qwen2.5:14b,oracle,8000,pos_02,multi_hop,conflicting,5,1.0,1.0,1.0,0.0
qwen2.5:14b,oracle,8000,pos_02,multi_hop,high,5,1.0,1.0,1.0,0.0
qwen2.5:14b,oracle,8000,pos_02,multi_hop,low,5,1.0,1.0,1.0,0.0
qwen2.5:14b,oracle,8000,pos_02,multi_hop,none,5,1.0,1.0,1.0,0.0
qwen2.5:14b,oracle,8000,pos_02,single_hop,conflicting,5,1.0,1.0,1.0,0.0
qwen2.5:14b,oracle,8000,pos_02,single_hop,high,5,1.0,1.0,1.0,0.0
qwen2.5:14b,oracle,8000,pos_02,single_hop,low,5,1.0,1.0,1.0,0.0
qwen2.5:14b,oracle,8000,pos_02,single_hop,none,5,1.0,1.0,1.0,0.0
qwen2.5:14b,oracle,8000,pos_03,arithmetic,conflicting,5,1.0,1.0,1.0,0.0
qwen2.5:14b,oracle,8000,pos_03,arithmetic,high,5,1.0,1.0,1.0,0.0
qwen2.5:14b,oracle,8000,pos_03,arithmetic,low,5,1.0,1.0,1.0,0.0
qwen2.5:14b,oracle,8000,pos_03,arithmetic,none,5,1.0,1.0,1.0,0.0
qwen2.5:14b,oracle,8000,pos_03,comparison,conflicting,5,0.7333333333333333,0.2,1.0,0.0
qwen2.5:14b,oracle,8000,pos_03,comparison,high,5,0.6666666666666666,0.0,1.0,0.0
qwen2.5:14b,oracle,8000,pos_03,comparison,low,5,0.7333333333333333,0.2,1.0,0.0
qwen2.5:14b,oracle,8000,pos_03,comparison,none,5,0.6666666666666666,0.0,1.0,0.0
qwen2.5:14b,oracle,8000,pos_03,multi_hop,conflicting,5,1.0,1.0,1.0,0.0
qwen2.5:14b,oracle,8000,pos_03,multi_hop,high,5,1.0,1.0,1.0,0.0
qwen2.5:14b,oracle,8000,pos_03,multi_hop,low,5,1.0,1.0,1.0,0.0
qwen2.5:14b,oracle,8000,pos_03,multi_hop,none,5,1.0,1.0,1.0,0.0
qwen2.5:14b,oracle,8000,pos_03,single_hop,conflicting,5,1.0,1.0,1.0,0.0
qwen2.5:14b,oracle,8000,pos_03,single_hop,high,5,1.0,1.0,1.0,0.0
qwen2.5:14b,oracle,8000,pos_03,single_hop,low,5,1.0,1.0,1.0,0.0
qwen2.5:14b,oracle,8000,pos_03,single_hop,none,5,1.0,1.0,1.0,0.0
qwen2.5:14b,oracle,8000,pos_04,arithmetic,conflicting,5,1.0,1.0,1.0,0.0
qwen2.5:14b,oracle,8000,pos_04,arithmetic,high,5,1.0,1.0,1.0,0.0
qwen2.5:14b,oracle,8000,pos_04,arithmetic,low,5,1.0,1.0,1.0,0.0
qwen2.5:14b,oracle,8000,pos_04,arithmetic,none,5,1.0,1.0,1.0,0.0
qwen2.5:14b,oracle,8000,pos_04,comparison,conflicting,5,0.6666666666666666,0.0,1.0,0.0
qwen2.5:14b,oracle,8000,pos_04,comparison,high,5,0.6666666666666666,0.0,1.0,0.0
qwen2.5:14b,oracle,8000,pos_04,comparison,low,5,0.7333333333333333,0.2,1.0,0.0
qwen2.5:14b,oracle,8000,pos_04,comparison,none,5,0.9333333333333333,0.8,1.0,0.0
qwen2.5:14b,oracle,8000,pos_04,multi_hop,conflicting,5,1.0,1.0,1.0,0.0
qwen2.5:14b,oracle,8000,pos_04,multi_hop,high,5,1.0,1.0,1.0,0.0
qwen2.5:14b,oracle,8000,pos_04,multi_hop,low,5,1.0,1.0,1.0,0.0
qwen2.5:14b,oracle,8000,pos_04,multi_hop,none,5,1.0,1.0,1.0,0.0
qwen2.5:14b,oracle,8000,pos_04,single_hop,conflicting,5,1.0,1.0,1.0,0.0
qwen2.5:14b,oracle,8000,pos_04,single_hop,high,5,1.0,1.0,1.0,0.0
qwen2.5:14b,oracle,8000,pos_04,single_hop,low,5,1.0,1.0,1.0,0.0
qwen2.5:14b,oracle,8000,pos_04,single_hop,none,5,1.0,1.0,1.0,0.0
qwen2.5:14b,oracle,8000,pos_05,arithmetic,conflicting,5,1.0,1.0,1.0,0.0
qwen2.5:14b,oracle,8000,pos_05,arithmetic,high,5,1.0,1.0,1.0,0.0
qwen2.5:14b,oracle,8000,pos_05,arithmetic,low,5,1.0,1.0,1.0,0.0
qwen2.5:14b,oracle,8000,pos_05,arithmetic,none,5,1.0,1.0,1.0,0.0
qwen2.5:14b,oracle,8000,pos_05,comparison,conflicting,5,0.6666666666666666,0.0,1.0,0.0
qwen2.5:14b,oracle,8000,pos_05,comparison,high,5,0.7333333333333333,0.2,1.0,0.0
qwen2.5:14b,oracle,8000,pos_05,comparison,low,5,0.8666666666666667,0.6,1.0,0.0
qwen2.5:14b,oracle,8000,pos_05,comparison,none,5,0.7333333333333333,0.2,1.0,0.0
qwen2.5:14b,oracle,8000,pos_05,multi_hop,conflicting,5,1.0,1.0,1.0,0.0
qwen2.5:14b,oracle,8000,pos_05,multi_hop,high,5,1.0,1.0,1.0,0.0
qwen2.5:14b,oracle,8000,pos_05,multi_hop,low,5,1.0,1.0,1.0,0.0
qwen2.5:14b,oracle,8000,pos_05,multi_hop,none,5,1.0,1.0,1.0,0.0
qwen2.5:14b,oracle,8000,pos_05,single_hop,conflicting,5,1.0,1.0,1.0,0.0
qwen2.5:14b,oracle,8000,pos_05,single_hop,high,5,1.0,1.0,1.0,0.0
qwen2.5:14b,oracle,8000,pos_05,single_hop,low,5,1.0,1.0,1.0,0.0
qwen2.5:14b,oracle,8000,pos_05,single_hop,none,5,1.0,1.0,1.0,0.0
qwen2.5:14b,oracle,8000,pos_06,arithmetic,conflicting,5,1.0,1.0,1.0,0.0
qwen2.5:14b,oracle,8000,pos_06,arithmetic,high,5,1.0,1.0,1.0,0.0
qwen2.5:14b,oracle,8000,pos_06,arithmetic,low,5,1.0,1.0,1.0,0.0
qwen2.5:14b,oracle,8000,pos_06,arithmetic,none,5,1.0,1.0,1.0,0.0
qwen2.5:14b,oracle,8000,pos_06,comparison,conflicting,5,0.6666666666666666,0.0,1.0,0.0
qwen2.5:14b,oracle,8000,pos_06,comparison,high,5,0.7333333333333333,0.2,1.0,0.0
qwen2.5:14b,oracle,8000,pos_06,comparison,low,5,0.6666666666666666,0.0,1.0,0.0
qwen2.5:14b,oracle,8000,pos_06,comparison,none,5,0.7333333333333333,0.2,1.0,0.0
qwen2.5:14b,oracle,8000,pos_06,multi_hop,conflicting,5,1.0,1.0,1.0,0.0
qwen2.5:14b,oracle,8000,pos_06,multi_hop,high,5,1.0,1.0,1.0,0.0
qwen2.5:14b,oracle,8000,pos_06,multi_hop,low,5,1.0,1.0,1.0,0.0
qwen2.5:14b,oracle,8000,pos_06,multi_hop,none,5,1.0,1.0,1.0,0.0
qwen2.5:14b,oracle,8000,pos_06,single_hop,conflicting,5,1.0,1.0,1.0,0.0
qwen2.5:14b,oracle,8000,pos_06,single_hop,high,5,1.0,1.0,1.0,0.0
qwen2.5:14b,oracle,8000,pos_06,single_hop,low,5,1.0,1.0,1.0,0.0
qwen2.5:14b,oracle,8000,pos_06,single_hop,none,5,1.0,1.0,1.0,0.0
qwen2.5:14b,oracle,8000,pos_07,arithmetic,conflicting,5,1.0,1.0,1.0,0.0
qwen2.5:14b,oracle,8000,pos_07,arithmetic,high,5,1.0,1.0,1.0,0.0
qwen2.5:14b,oracle,8000,pos_07,arithmetic,low,5,1.0,1.0,1.0,0.0
qwen2.5:14b,oracle,8000,pos_07,arithmetic,none,5,0.8,0.8,1.0,0.0
qwen2.5:14b,oracle,8000,pos_07,comparison,conflicting,5,0.6666666666666666,0.0,1.0,0.0
qwen2.5:14b,oracle,8000,pos_07,comparison,high,5,0.7333333333333333,0.2,1.0,0.0
qwen2.5:14b,oracle,8000,pos_07,comparison,low,5,0.6666666666666666,0.0,1.0,0.0
qwen2.5:14b,oracle,8000,pos_07,comparison,none,5,0.6666666666666666,0.0,1.0,0.0
qwen2.5:14b,oracle,8000,pos_07,multi_hop,conflicting,5,1.0,1.0,1.0,0.0
qwen2.5:14b,oracle,8000,pos_07,multi_hop,high,5,1.0,1.0,1.0,0.0
qwen2.5:14b,oracle,8000,pos_07,multi_hop,low,5,1.0,1.0,1.0,0.0
qwen2.5:14b,oracle,8000,pos_07,multi_hop,none,5,1.0,1.0,1.0,0.0
qwen2.5:14b,oracle,8000,pos_07,single_hop,conflicting,5,1.0,1.0,1.0,0.0
qwen2.5:14b,oracle,8000,pos_07,single_hop,high,5,1.0,1.0,1.0,0.0
qwen2.5:14b,oracle,8000,pos_07,single_hop,low,5,1.0,1.0,1.0,0.0
qwen2.5:14b,oracle,8000,pos_07,single_hop,none,5,1.0,1.0,1.0,0.0
qwen2.5:14b,oracle,8000,pos_08,arithmetic,conflicting,5,1.0,1.0,1.0,0.0
qwen2.5:14b,oracle,8000,pos_08,arithmetic,high,5,1.0,1.0,1.0,0.0
qwen2.5:14b,oracle,8000,pos_08,arithmetic,low,5,1.0,1.0,1.0,0.0
qwen2.5:14b,oracle,8000,pos_08,arithmetic,none,5,1.0,1.0,1.0,0.0
qwen2.5:14b,oracle,8000,pos_08,comparison,conflicting,5,0.6666666666666666,0.0,1.0,0.0
qwen2.5:14b,oracle,8000,pos_08,comparison,high,5,0.6666666666666666,0.0,1.0,0.0
qwen2.5:14b,oracle,8000,pos_08,comparison,low,5,0.7333333333333333,0.2,1.0,0.0
qwen2.5:14b,oracle,8000,pos_08,comparison,none,5,0.7333333333333333,0.2,1.0,0.0
qwen2.5:14b,oracle,8000,pos_08,multi_hop,conflicting,5,1.0,1.0,1.0,0.0
qwen2.5:14b,oracle,8000,pos_08,multi_hop,high,5,1.0,1.0,1.0,0.0
qwen2.5:14b,oracle,8000,pos_08,multi_hop,low,5,1.0,1.0,1.0,0.0
qwen2.5:14b,oracle,8000,pos_08,multi_hop,none,5,1.0,1.0,1.0,0.0
qwen2.5:14b,oracle,8000,pos_08,single_hop,conflicting,5,1.0,1.0,1.0,0.0
qwen2.5:14b,oracle,8000,pos_08,single_hop,high,5,1.0,1.0,1.0,0.0
qwen2.5:14b,oracle,8000,pos_08,single_hop,low,5,1.0,1.0,1.0,0.0
qwen2.5:14b,oracle,8000,pos_08,single_hop,none,5,1.0,1.0,1.0,0.0
qwen2.5:14b,oracle,8000,pos_09,arithmetic,conflicting,5,1.0,1.0,1.0,0.0
qwen2.5:14b,oracle,8000,pos_09,arithmetic,high,5,1.0,1.0,1.0,0.0
qwen2.5:14b,oracle,8000,pos_09,arithmetic,low,5,1.0,1.0,1.0,0.0
qwen2.5:14b,oracle,8000,pos_09,arithmetic,none,5,0.8,0.8,1.0,0.0
qwen2.5:14b,oracle,8000,pos_09,comparison,conflicting,5,0.6666666666666666,0.0,1.0,0.0
qwen2.5:14b,oracle,8000,pos_09,comparison,high,5,0.6666666666666666,0.0,1.0,0.0
qwen2.5:14b,oracle,8000,pos_09,comparison,low,5,0.6666666666666666,0.0,1.0,0.0
qwen2.5:14b,oracle,8000,pos_09,comparison,none,5,0.6666666666666666,0.0,1.0,0.0
qwen2.5:14b,oracle,8000,pos_09,multi_hop,conflicting,5,1.0,1.0,1.0,0.0
qwen2.5:14b,oracle,8000,pos_09,multi_hop,high,5,1.0,1.0,1.0,0.0
qwen2.5:14b,oracle,8000,pos_09,multi_hop,low,5,1.0,1.0,1.0,0.0
qwen2.5:14b,oracle,8000,pos_09,multi_hop,none,5,1.0,1.0,1.0,0.0
qwen2.5:14b,oracle,8000,pos_09,single_hop,conflicting,5,1.0,1.0,1.0,0.0
qwen2.5:14b,oracle,8000,pos_09,single_hop,high,5,1.0,1.0,1.0,0.0
qwen2.5:14b,oracle,8000,pos_09,single_hop,low,5,1.0,1.0,1.0,0.0
qwen2.5:14b,oracle,8000,pos_09,single_hop,none,5,1.0,1.0,1.0,0.0
qwen2.5:14b,retrieve_then_read,16000,pos_00,arithmetic,conflicting,5,1.0,1.0,1.0,0.0
qwen2.5:14b,retrieve_then_read,16000,pos_00,arithmetic,high,5,1.0,1.0,1.0,0.0
qwen2.5:14b,retrieve_then_read,16000,pos_00,arithmetic,low,5,1.0,1.0,1.0,0.0
qwen2.5:14b,retrieve_then_read,16000,pos_00,arithmetic,none,5,1.0,1.0,1.0,0.0
qwen2.5:14b,retrieve_then_read,16000,pos_00,comparison,conflicting,5,1.0,1.0,1.0,0.0
qwen2.5:14b,retrieve_then_read,16000,pos_00,comparison,high,5,1.0,1.0,1.0,0.0
qwen2.5:14b,retrieve_then_read,16000,pos_00,comparison,low,5,1.0,1.0,1.0,0.0
qwen2.5:14b,retrieve_then_read,16000,pos_00,comparison,none,5,1.0,1.0,1.0,0.0
qwen2.5:14b,retrieve_then_read,16000,pos_00,multi_hop,conflicting,5,0.4,0.4,0.7,0.0
qwen2.5:14b,retrieve_then_read,16000,pos_00,multi_hop,high,5,1.0,1.0,1.0,0.0
qwen2.5:14b,retrieve_then_read,16000,pos_00,multi_hop,low,5,1.0,1.0,1.0,0.0
qwen2.5:14b,retrieve_then_read,16000,pos_00,multi_hop,none,5,1.0,1.0,1.0,0.0
qwen2.5:14b,retrieve_then_read,16000,pos_00,single_hop,conflicting,5,1.0,1.0,1.0,0.0
qwen2.5:14b,retrieve_then_read,16000,pos_00,single_hop,high,5,1.0,1.0,1.0,0.0
qwen2.5:14b,retrieve_then_read,16000,pos_00,single_hop,low,5,1.0,1.0,1.0,0.0
qwen2.5:14b,retrieve_then_read,16000,pos_00,single_hop,none,5,1.0,1.0,1.0,0.0
qwen2.5:14b,retrieve_then_read,16000,pos_01,arithmetic,conflicting,5,1.0,1.0,1.0,0.0
qwen2.5:14b,retrieve_then_read,16000,pos_01,arithmetic,high,5,1.0,1.0,1.0,0.0
qwen2.5:14b,retrieve_then_read,16000,pos_01,arithmetic,low,5,1.0,1.0,1.0,0.0
qwen2.5:14b,retrieve_then_read,16000,pos_01,arithmetic,none,5,1.0,1.0,1.0,0.0
qwen2.5:14b,retrieve_then_read,16000,pos_01,comparison,conflicting,5,1.0,1.0,0.8400000000000001,0.0
qwen2.5:14b,retrieve_then_read,16000,pos_01,comparison,high,5,1.0,1.0,0.7999999999999999,0.0
qwen2.5:14b,retrieve_then_read,16000,pos_01,comparison,low,5,1.0,1.0,1.0,0.0
qwen2.5:14b,retrieve_then_read,16000,pos_01,comparison,none,5,1.0,1.0,1.0,0.0
qwen2.5:14b,retrieve_then_read,16000,pos_01,multi_hop,conflicting,5,0.8,0.8,0.9,0.0
qwen2.5:14b,retrieve_then_read,16000,pos_01,multi_hop,high,5,1.0,1.0,1.0,0.0
qwen2.5:14b,retrieve_then_read,16000,pos_01,multi_hop,low,5,1.0,1.0,1.0,0.0
qwen2.5:14b,retrieve_then_read,16000,pos_01,multi_hop,none,5,1.0,1.0,1.0,0.0
qwen2.5:14b,retrieve_then_read,16000,pos_01,single_hop,conflicting,5,1.0,1.0,1.0,0.0
qwen2.5:14b,retrieve_then_read,16000,pos_01,single_hop,high,5,1.0,1.0,1.0,0.0
qwen2.5:14b,retrieve_then_read,16000,pos_01,single_hop,low,5,1.0,1.0,1.0,0.0
qwen2.5:14b,retrieve_then_read,16000,pos_01,single_hop,none,5,1.0,1.0,1.0,0.0
qwen2.5:14b,retrieve_then_read,16000,pos_02,arithmetic,conflicting,5,1.0,1.0,1.0,0.0
qwen2.5:14b,retrieve_then_read,16000,pos_02,arithmetic,high,5,1.0,1.0,1.0,0.0
qwen2.5:14b,retrieve_then_read,16000,pos_02,arithmetic,low,5,1.0,1.0,1.0,0.0
qwen2.5:14b,retrieve_then_read,16000,pos_02,arithmetic,none,5,1.0,1.0,1.0,0.0
qwen2.5:14b,retrieve_then_read,16000,pos_02,comparison,conflicting,5,1.0,1.0,0.68,0.0
qwen2.5:14b,retrieve_then_read,16000,pos_02,comparison,high,5,1.0,1.0,1.0,0.0
qwen2.5:14b,retrieve_then_read,16000,pos_02,comparison,low,5,1.0,1.0,1.0,0.0
qwen2.5:14b,retrieve_then_read,16000,pos_02,comparison,none,5,1.0,1.0,1.0,0.0
qwen2.5:14b,retrieve_then_read,16000,pos_02,multi_hop,conflicting,5,0.8,0.8,0.9,0.0
qwen2.5:14b,retrieve_then_read,16000,pos_02,multi_hop,high,5,1.0,1.0,1.0,0.0
qwen2.5:14b,retrieve_then_read,16000,pos_02,multi_hop,low,5,1.0,1.0,1.0,0.0
qwen2.5:14b,retrieve_then_read,16000,pos_02,multi_hop,none,5,1.0,1.0,1.0,0.0
qwen2.5:14b,retrieve_then_read,16000,pos_02,single_hop,conflicting,5,1.0,1.0,1.0,0.0
qwen2.5:14b,retrieve_then_read,16000,pos_02,single_hop,high,5,1.0,1.0,1.0,0.0
qwen2.5:14b,retrieve_then_read,16000,pos_02,single_hop,low,5,1.0,1.0,1.0,0.0
qwen2.5:14b,retrieve_then_read,16000,pos_02,single_hop,none,5,1.0,1.0,1.0,0.0
qwen2.5:14b,retrieve_then_read,16000,pos_03,arithmetic,conflicting,5,1.0,1.0,1.0,0.0
qwen2.5:14b,retrieve_then_read,16000,pos_03,arithmetic,high,5,1.0,1.0,1.0,0.0
qwen2.5:14b,retrieve_then_read,16000,pos_03,arithmetic,low,5,1.0,1.0,1.0,0.0
qwen2.5:14b,retrieve_then_read,16000,pos_03,arithmetic,none,5,1.0,1.0,1.0,0.0
qwen2.5:14b,retrieve_then_read,16000,pos_03,comparison,conflicting,5,1.0,1.0,0.96,0.0
qwen2.5:14b,retrieve_then_read,16000,pos_03,comparison,high,5,1.0,1.0,1.0,0.0
qwen2.5:14b,retrieve_then_read,16000,pos_03,comparison,low,5,1.0,1.0,1.0,0.0
qwen2.5:14b,retrieve_then_read,16000,pos_03,comparison,none,5,1.0,1.0,1.0,0.0
qwen2.5:14b,retrieve_then_read,16000,pos_03,multi_hop,conflicting,5,0.6,0.6,0.8,0.0
qwen2.5:14b,retrieve_then_read,16000,pos_03,multi_hop,high,5,1.0,1.0,1.0,0.0
qwen2.5:14b,retrieve_then_read,16000,pos_03,multi_hop,low,5,1.0,1.0,1.0,0.0
qwen2.5:14b,retrieve_then_read,16000,pos_03,multi_hop,none,5,1.0,1.0,1.0,0.0
qwen2.5:14b,retrieve_then_read,16000,pos_03,single_hop,conflicting,5,1.0,1.0,1.0,0.0
qwen2.5:14b,retrieve_then_read,16000,pos_03,single_hop,high,5,1.0,1.0,1.0,0.0
qwen2.5:14b,retrieve_then_read,16000,pos_03,single_hop,low,5,1.0,1.0,1.0,0.0
qwen2.5:14b,retrieve_then_read,16000,pos_03,single_hop,none,5,1.0,1.0,1.0,0.0
qwen2.5:14b,retrieve_then_read,16000,pos_04,arithmetic,conflicting,5,1.0,1.0,1.0,0.0
qwen2.5:14b,retrieve_then_read,16000,pos_04,arithmetic,high,5,1.0,1.0,1.0,0.0
qwen2.5:14b,retrieve_then_read,16000,pos_04,arithmetic,low,5,1.0,1.0,1.0,0.0
qwen2.5:14b,retrieve_then_read,16000,pos_04,arithmetic,none,5,1.0,1.0,1.0,0.0
qwen2.5:14b,retrieve_then_read,16000,pos_04,comparison,conflicting,5,1.0,1.0,1.0,0.0
qwen2.5:14b,retrieve_then_read,16000,pos_04,comparison,high,5,1.0,1.0,1.0,0.0
qwen2.5:14b,retrieve_then_read,16000,pos_04,comparison,low,5,1.0,1.0,1.0,0.0
qwen2.5:14b,retrieve_then_read,16000,pos_04,comparison,none,5,1.0,1.0,1.0,0.0
qwen2.5:14b,retrieve_then_read,16000,pos_04,multi_hop,conflicting,5,1.0,1.0,1.0,0.0
qwen2.5:14b,retrieve_then_read,16000,pos_04,multi_hop,high,5,1.0,1.0,1.0,0.0
qwen2.5:14b,retrieve_then_read,16000,pos_04,multi_hop,low,5,1.0,1.0,1.0,0.0
qwen2.5:14b,retrieve_then_read,16000,pos_04,multi_hop,none,5,1.0,1.0,1.0,0.0
qwen2.5:14b,retrieve_then_read,16000,pos_04,single_hop,conflicting,5,1.0,1.0,1.0,0.0
qwen2.5:14b,retrieve_then_read,16000,pos_04,single_hop,high,5,1.0,1.0,1.0,0.0
qwen2.5:14b,retrieve_then_read,16000,pos_04,single_hop,low,5,1.0,1.0,1.0,0.0
qwen2.5:14b,retrieve_then_read,16000,pos_04,single_hop,none,5,1.0,1.0,1.0,0.0
qwen2.5:14b,retrieve_then_read,16000,pos_05,arithmetic,conflicting,5,1.0,1.0,1.0,0.0
qwen2.5:14b,retrieve_then_read,16000,pos_05,arithmetic,high,5,1.0,1.0,1.0,0.0
qwen2.5:14b,retrieve_then_read,16000,pos_05,arithmetic,low,5,1.0,1.0,1.0,0.0
qwen2.5:14b,retrieve_then_read,16000,pos_05,arithmetic,none,5,1.0,1.0,1.0,0.0
qwen2.5:14b,retrieve_then_read,16000,pos_05,comparison,conflicting,5,1.0,1.0,0.96,0.0
qwen2.5:14b,retrieve_then_read,16000,pos_05,comparison,high,5,1.0,1.0,1.0,0.0
qwen2.5:14b,retrieve_then_read,16000,pos_05,comparison,low,5,1.0,1.0,1.0,0.0
qwen2.5:14b,retrieve_then_read,16000,pos_05,comparison,none,5,1.0,1.0,1.0,0.0
qwen2.5:14b,retrieve_then_read,16000,pos_05,multi_hop,conflicting,5,0.6,0.6,0.8,0.0
qwen2.5:14b,retrieve_then_read,16000,pos_05,multi_hop,high,5,1.0,1.0,1.0,0.0
qwen2.5:14b,retrieve_then_read,16000,pos_05,multi_hop,low,5,1.0,1.0,1.0,0.0
qwen2.5:14b,retrieve_then_read,16000,pos_05,multi_hop,none,5,1.0,1.0,1.0,0.0
qwen2.5:14b,retrieve_then_read,16000,pos_05,single_hop,conflicting,5,1.0,1.0,1.0,0.0
qwen2.5:14b,retrieve_then_read,16000,pos_05,single_hop,high,5,1.0,1.0,1.0,0.0
qwen2.5:14b,retrieve_then_read,16000,pos_05,single_hop,low,5,1.0,1.0,1.0,0.0
qwen2.5:14b,retrieve_then_read,16000,pos_05,single_hop,none,5,1.0,1.0,1.0,0.0
qwen2.5:14b,retrieve_then_read,16000,pos_06,arithmetic,conflicting,5,1.0,1.0,1.0,0.0
qwen2.5:14b,retrieve_then_read,16000,pos_06,arithmetic,high,5,1.0,1.0,1.0,0.0
qwen2.5:14b,retrieve_then_read,16000,pos_06,arithmetic,low,5,1.0,1.0,1.0,0.0
qwen2.5:14b,retrieve_then_read,16000,pos_06,arithmetic,none,5,1.0,1.0,1.0,0.0
qwen2.5:14b,retrieve_then_read,16000,pos_06,comparison,conflicting,5,1.0,1.0,0.8400000000000001,0.0
qwen2.5:14b,retrieve_then_read,16000,pos_06,comparison,high,5,1.0,1.0,1.0,0.0
qwen2.5:14b,retrieve_then_read,16000,pos_06,comparison,low,5,1.0,1.0,1.0,0.0
qwen2.5:14b,retrieve_then_read,16000,pos_06,comparison,none,5,1.0,1.0,1.0,0.0
qwen2.5:14b,retrieve_then_read,16000,pos_06,multi_hop,conflicting,5,0.8,0.8,0.9,0.0
qwen2.5:14b,retrieve_then_read,16000,pos_06,multi_hop,high,5,1.0,1.0,1.0,0.0
qwen2.5:14b,retrieve_then_read,16000,pos_06,multi_hop,low,5,1.0,1.0,1.0,0.0
qwen2.5:14b,retrieve_then_read,16000,pos_06,multi_hop,none,5,1.0,1.0,1.0,0.0
qwen2.5:14b,retrieve_then_read,16000,pos_06,single_hop,conflicting,5,1.0,1.0,1.0,0.0
qwen2.5:14b,retrieve_then_read,16000,pos_06,single_hop,high,5,1.0,1.0,1.0,0.0
qwen2.5:14b,retrieve_then_read,16000,pos_06,single_hop,low,5,1.0,1.0,1.0,0.0
qwen2.5:14b,retrieve_then_read,16000,pos_06,single_hop,none,5,1.0,1.0,1.0,0.0
qwen2.5:14b,retrieve_then_read,16000,pos_07,arithmetic,conflicting,5,1.0,1.0,1.0,0.0
qwen2.5:14b,retrieve_then_read,16000,pos_07,arithmetic,high,5,1.0,1.0,1.0,0.0
qwen2.5:14b,retrieve_then_read,16000,pos_07,arithmetic,low,5,1.0,1.0,1.0,0.0
qwen2.5:14b,retrieve_then_read,16000,pos_07,arithmetic,none,5,1.0,1.0,1.0,0.0
qwen2.5:14b,retrieve_then_read,16000,pos_07,comparison,conflicting,5,1.0,1.0,0.74,0.0
qwen2.5:14b,retrieve_then_read,16000,pos_07,comparison,high,5,1.0,1.0,1.0,0.0
qwen2.5:14b,retrieve_then_read,16000,pos_07,comparison,low,5,1.0,1.0,1.0,0.0
qwen2.5:14b,retrieve_then_read,16000,pos_07,comparison,none,5,1.0,1.0,1.0,0.0
qwen2.5:14b,retrieve_then_read,16000,pos_07,multi_hop,conflicting,5,0.8,0.8,0.9,0.0
qwen2.5:14b,retrieve_then_read,16000,pos_07,multi_hop,high,5,1.0,1.0,1.0,0.0
qwen2.5:14b,retrieve_then_read,16000,pos_07,multi_hop,low,5,1.0,1.0,1.0,0.0
qwen2.5:14b,retrieve_then_read,16000,pos_07,multi_hop,none,5,1.0,1.0,1.0,0.0
qwen2.5:14b,retrieve_then_read,16000,pos_07,single_hop,conflicting,5,1.0,1.0,1.0,0.0
qwen2.5:14b,retrieve_then_read,16000,pos_07,single_hop,high,5,1.0,1.0,1.0,0.0
qwen2.5:14b,retrieve_then_read,16000,pos_07,single_hop,low,5,1.0,1.0,1.0,0.0
qwen2.5:14b,retrieve_then_read,16000,pos_07,single_hop,none,5,1.0,1.0,1.0,0.0
qwen2.5:14b,retrieve_then_read,16000,pos_08,arithmetic,conflicting,5,1.0,1.0,1.0,0.0
qwen2.5:14b,retrieve_then_read,16000,pos_08,arithmetic,high,5,1.0,1.0,1.0,0.0
qwen2.5:14b,retrieve_then_read,16000,pos_08,arithmetic,low,5,1.0,1.0,1.0,0.0
qwen2.5:14b,retrieve_then_read,16000,pos_08,arithmetic,none,5,1.0,1.0,1.0,0.0
qwen2.5:14b,retrieve_then_read,16000,pos_08,comparison,conflicting,5,1.0,1.0,0.96,0.0
qwen2.5:14b,retrieve_then_read,16000,pos_08,comparison,high,5,1.0,1.0,1.0,0.0
qwen2.5:14b,retrieve_then_read,16000,pos_08,comparison,low,5,1.0,1.0,1.0,0.0
qwen2.5:14b,retrieve_then_read,16000,pos_08,comparison,none,5,1.0,1.0,1.0,0.0
qwen2.5:14b,retrieve_then_read,16000,pos_08,multi_hop,conflicting,5,1.0,1.0,1.0,0.0
qwen2.5:14b,retrieve_then_read,16000,pos_08,multi_hop,high,5,1.0,1.0,1.0,0.0
qwen2.5:14b,retrieve_then_read,16000,pos_08,multi_hop,low,5,1.0,1.0,1.0,0.0
qwen2.5:14b,retrieve_then_read,16000,pos_08,multi_hop,none,5,1.0,1.0,1.0,0.0
qwen2.5:14b,retrieve_then_read,16000,pos_08,single_hop,conflicting,5,1.0,1.0,1.0,0.0
qwen2.5:14b,retrieve_then_read,16000,pos_08,single_hop,high,5,1.0,1.0,1.0,0.0
qwen2.5:14b,retrieve_then_read,16000,pos_08,single_hop,low,5,1.0,1.0,1.0,0.0
qwen2.5:14b,retrieve_then_read,16000,pos_08,single_hop,none,5,1.0,1.0,1.0,0.0
qwen2.5:14b,retrieve_then_read,16000,pos_09,arithmetic,conflicting,5,1.0,1.0,1.0,0.0
qwen2.5:14b,retrieve_then_read,16000,pos_09,arithmetic,high,5,1.0,1.0,1.0,0.0
qwen2.5:14b,retrieve_then_read,16000,pos_09,arithmetic,low,5,1.0,1.0,1.0,0.0
qwen2.5:14b,retrieve_then_read,16000,pos_09,arithmetic,none,5,1.0,1.0,1.0,0.0
qwen2.5:14b,retrieve_then_read,16000,pos_09,comparison,conflicting,5,1.0,1.0,1.0,0.0
qwen2.5:14b,retrieve_then_read,16000,pos_09,comparison,high,5,1.0,1.0,1.0,0.0
qwen2.5:14b,retrieve_then_read,16000,pos_09,comparison,low,5,1.0,1.0,1.0,0.0
qwen2.5:14b,retrieve_then_read,16000,pos_09,comparison,none,5,1.0,1.0,1.0,0.0
qwen2.5:14b,retrieve_then_read,16000,pos_09,multi_hop,conflicting,5,0.2,0.2,0.6,0.0
qwen2.5:14b,retrieve_then_read,16000,pos_09,multi_hop,high,5,1.0,1.0,1.0,0.0
qwen2.5:14b,retrieve_then_read,16000,pos_09,multi_hop,low,5,1.0,1.0,1.0,0.0
qwen2.5:14b,retrieve_then_read,16000,pos_09,multi_hop,none,5,1.0,1.0,1.0,0.0
qwen2.5:14b,retrieve_then_read,16000,pos_09,single_hop,conflicting,5,1.0,1.0,1.0,0.0
qwen2.5:14b,retrieve_then_read,16000,pos_09,single_hop,high,5,1.0,1.0,1.0,0.0
qwen2.5:14b,retrieve_then_read,16000,pos_09,single_hop,low,5,1.0,1.0,1.0,0.0
qwen2.5:14b,retrieve_then_read,16000,pos_09,single_hop,none,5,1.0,1.0,1.0,0.0
qwen2.5:14b,retrieve_then_read,32000,pos_00,arithmetic,conflicting,5,1.0,1.0,1.0,0.0
qwen2.5:14b,retrieve_then_read,32000,pos_00,arithmetic,high,5,1.0,1.0,1.0,0.0
qwen2.5:14b,retrieve_then_read,32000,pos_00,arithmetic,low,5,1.0,1.0,1.0,0.0
qwen2.5:14b,retrieve_then_read,32000,pos_00,arithmetic,none,5,1.0,1.0,1.0,0.0
qwen2.5:14b,retrieve_then_read,32000,pos_00,comparison,conflicting,5,1.0,1.0,0.92,0.0
qwen2.5:14b,retrieve_then_read,32000,pos_00,comparison,high,5,1.0,1.0,1.0,0.0
qwen2.5:14b,retrieve_then_read,32000,pos_00,comparison,low,5,1.0,1.0,1.0,0.0
qwen2.5:14b,retrieve_then_read,32000,pos_00,comparison,none,5,1.0,1.0,1.0,0.0
qwen2.5:14b,retrieve_then_read,32000,pos_00,multi_hop,conflicting,5,1.0,1.0,1.0,0.0
qwen2.5:14b,retrieve_then_read,32000,pos_00,multi_hop,high,5,1.0,1.0,1.0,0.0
qwen2.5:14b,retrieve_then_read,32000,pos_00,multi_hop,low,5,1.0,1.0,1.0,0.0
qwen2.5:14b,retrieve_then_read,32000,pos_00,multi_hop,none,5,1.0,1.0,1.0,0.0
qwen2.5:14b,retrieve_then_read,32000,pos_00,single_hop,conflicting,5,1.0,1.0,1.0,0.0
qwen2.5:14b,retrieve_then_read,32000,pos_00,single_hop,high,5,1.0,1.0,1.0,0.0
qwen2.5:14b,retrieve_then_read,32000,pos_00,single_hop,low,5,1.0,1.0,1.0,0.0
qwen2.5:14b,retrieve_then_read,32000,pos_00,single_hop,none,5,1.0,1.0,1.0,0.0
qwen2.5:14b,retrieve_then_read,32000,pos_01,arithmetic,conflicting,5,1.0,1.0,1.0,0.0
qwen2.5:14b,retrieve_then_read,32000,pos_01,arithmetic,high,5,1.0,1.0,0.9333333333333333,0.0
qwen2.5:14b,retrieve_then_read,32000,pos_01,arithmetic,low,5,1.0,1.0,1.0,0.0
qwen2.5:14b,retrieve_then_read,32000,pos_01,arithmetic,none,5,1.0,1.0,0.8666666666666667,0.0
qwen2.5:14b,retrieve_then_read,32000,pos_01,comparison,conflicting,5,1.0,1.0,0.5,0.0
qwen2.5:14b,retrieve_then_read,32000,pos_01,comparison,high,5,1.0,1.0,1.0,0.0
qwen2.5:14b,retrieve_then_read,32000,pos_01,comparison,low,5,1.0,1.0,1.0,0.0
qwen2.5:14b,retrieve_then_read,32000,pos_01,comparison,none,5,1.0,1.0,1.0,0.0
qwen2.5:14b,retrieve_then_read,32000,pos_01,multi_hop,conflicting,5,1.0,1.0,1.0,0.0
qwen2.5:14b,retrieve_then_read,32000,pos_01,multi_hop,high,5,1.0,1.0,1.0,0.0
qwen2.5:14b,retrieve_then_read,32000,pos_01,multi_hop,low,5,1.0,1.0,1.0,0.0
qwen2.5:14b,retrieve_then_read,32000,pos_01,multi_hop,none,5,1.0,1.0,1.0,0.0
qwen2.5:14b,retrieve_then_read,32000,pos_01,single_hop,conflicting,5,1.0,1.0,1.0,0.0
qwen2.5:14b,retrieve_then_read,32000,pos_01,single_hop,high,5,1.0,1.0,1.0,0.0
qwen2.5:14b,retrieve_then_read,32000,pos_01,single_hop,low,5,1.0,1.0,1.0,0.0
qwen2.5:14b,retrieve_then_read,32000,pos_01,single_hop,none,5,1.0,1.0,1.0,0.0
qwen2.5:14b,retrieve_then_read,32000,pos_02,arithmetic,conflicting,5,1.0,1.0,1.0,0.0
qwen2.5:14b,retrieve_then_read,32000,pos_02,arithmetic,high,5,1.0,1.0,1.0,0.0
qwen2.5:14b,retrieve_then_read,32000,pos_02,arithmetic,low,5,1.0,1.0,1.0,0.0
qwen2.5:14b,retrieve_then_read,32000,pos_02,arithmetic,none,5,1.0,1.0,1.0,0.0
qwen2.5:14b,retrieve_then_read,32000,pos_02,comparison,conflicting,5,1.0,1.0,1.0,0.0
qwen2.5:14b,retrieve_then_read,32000,pos_02,comparison,high,5,1.0,1.0,1.0,0.0
qwen2.5:14b,retrieve_then_read,32000,pos_02,comparison,low,5,1.0,1.0,1.0,0.0
qwen2.5:14b,retrieve_then_read,32000,pos_02,comparison,none,5,1.0,1.0,1.0,0.0
qwen2.5:14b,retrieve_then_read,32000,pos_02,multi_hop,conflicting,5,0.8,0.8,0.9,0.0
qwen2.5:14b,retrieve_then_read,32000,pos_02,multi_hop,high,5,1.0,1.0,1.0,0.0
qwen2.5:14b,retrieve_then_read,32000,pos_02,multi_hop,low,5,1.0,1.0,1.0,0.0
qwen2.5:14b,retrieve_then_read,32000,pos_02,multi_hop,none,5,1.0,1.0,1.0,0.0
qwen2.5:14b,retrieve_then_read,32000,pos_02,single_hop,conflicting,5,1.0,1.0,1.0,0.0
qwen2.5:14b,retrieve_then_read,32000,pos_02,single_hop,high,5,1.0,1.0,1.0,0.0
qwen2.5:14b,retrieve_then_read,32000,pos_02,single_hop,low,5,1.0,1.0,1.0,0.0
qwen2.5:14b,retrieve_then_read,32000,pos_02,single_hop,none,5,1.0,1.0,1.0,0.0
qwen2.5:14b,retrieve_then_read,32000,pos_03,arithmetic,conflicting,5,1.0,1.0,1.0,0.0
qwen2.5:14b,retrieve_then_read,32000,pos_03,arithmetic,high,5,1.0,1.0,0.7333333333333333,0.0
qwen2.5:14b,retrieve_then_read,32000,pos_03,arithmetic,low,5,1.0,1.0,0.8666666666666667,0.0
qwen2.5:14b,retrieve_then_read,32000,pos_03,arithmetic,none,5,1.0,1.0,1.0,0.0
qwen2.5:14b,retrieve_then_read,32000,pos_03,comparison,conflicting,5,1.0,1.0,0.8,0.0
qwen2.5:14b,retrieve_then_read,32000,pos_03,comparison,high,5,1.0,1.0,0.9333333333333333,0.0
qwen2.5:14b,retrieve_then_read,32000,pos_03,comparison,low,5,1.0,1.0,1.0,0.0
qwen2.5:14b,retrieve_then_read,32000,pos_03,comparison,none,5,1.0,1.0,1.0,0.0
qwen2.5:14b,retrieve_then_read,32000,pos_03,multi_hop,conflicting,5,0.8,0.8,0.9,0.0
qwen2.5:14b,retrieve_then_read,32000,pos_03,multi_hop,high,5,1.0,1.0,1.0,0.0
qwen2.5:14b,retrieve_then_read,32000,pos_03,multi_hop,low,5,1.0,1.0,1.0,0.0
qwen2.5:14b,retrieve_then_read,32000,pos_03,multi_hop,none,5,1.0,1.0,1.0,0.0
qwen2.5:14b,retrieve_then_read,32000,pos_03,single_hop,conflicting,5,1.0,1.0,1.0,0.0
qwen2.5:14b,retrieve_then_read,32000,pos_03,single_hop,high,5,1.0,1.0,1.0,0.0
qwen2.5:14b,retrieve_then_read,32000,pos_03,single_hop,low,5,1.0,1.0,1.0,0.0
qwen2.5:14b,retrieve_then_read,32000,pos_03,single_hop,none,5,1.0,1.0,1.0,0.0
qwen2.5:14b,retrieve_then_read,32000,pos_04,arithmetic,conflicting,5,1.0,1.0,0.9333333333333333,0.0
qwen2.5:14b,retrieve_then_read,32000,pos_04,arithmetic,high,5,1.0,1.0,0.9333333333333333,0.0
qwen2.5:14b,retrieve_then_read,32000,pos_04,arithmetic,low,5,1.0,1.0,1.0,0.0
qwen2.5:14b,retrieve_then_read,32000,pos_04,arithmetic,none,5,1.0,1.0,1.0,0.0
qwen2.5:14b,retrieve_then_read,32000,pos_04,comparison,conflicting,5,1.0,1.0,0.8,0.0
qwen2.5:14b,retrieve_then_read,32000,pos_04,comparison,high,5,0.9333333333333333,0.8,1.0,0.0
qwen2.5:14b,retrieve_then_read,32000,pos_04,comparison,low,5,1.0,1.0,1.0,0.0
qwen2.5:14b,retrieve_then_read,32000,pos_04,comparison,none,5,1.0,1.0,1.0,0.0
qwen2.5:14b,retrieve_then_read,32000,pos_04,multi_hop,conflicting,5,0.0,0.0,0.5,0.0
qwen2.5:14b,retrieve_then_read,32000,pos_04,multi_hop,high,5,1.0,1.0,1.0,0.0
qwen2.5:14b,retrieve_then_read,32000,pos_04,multi_hop,low,5,1.0,1.0,1.0,0.0
qwen2.5:14b,retrieve_then_read,32000,pos_04,multi_hop,none,5,1.0,1.0,1.0,0.0
qwen2.5:14b,retrieve_then_read,32000,pos_04,single_hop,conflicting,5,1.0,1.0,1.0,0.0
qwen2.5:14b,retrieve_then_read,32000,pos_04,single_hop,high,5,1.0,1.0,1.0,0.0
qwen2.5:14b,retrieve_then_read,32000,pos_04,single_hop,low,5,1.0,1.0,1.0,0.0
qwen2.5:14b,retrieve_then_read,32000,pos_04,single_hop,none,5,1.0,1.0,1.0,0.0
qwen2.5:14b,retrieve_then_read,32000,pos_05,arithmetic,conflicting,5,1.0,1.0,0.9,0.0
qwen2.5:14b,retrieve_then_read,32000,pos_05,arithmetic,high,5,0.8,0.8,0.9333333333333333,0.0
qwen2.5:14b,retrieve_then_read,32000,pos_05,arithmetic,low,5,1.0,1.0,1.0,0.0
qwen2.5:14b,retrieve_then_read,32000,pos_05,arithmetic,none,5,1.0,1.0,1.0,0.0
qwen2.5:14b,retrieve_then_read,32000,pos_05,comparison,conflicting,5,1.0,1.0,0.56,0.0
qwen2.5:14b,retrieve_then_read,32000,pos_05,comparison,high,5,1.0,1.0,0.8666666666666667,0.0
qwen2.5:14b,retrieve_then_read,32000,pos_05,comparison,low,5,1.0,1.0,1.0,0.0
qwen2.5:14b,retrieve_then_read,32000,pos_05,comparison,none,5,1.0,1.0,1.0,0.0
qwen2.5:14b,retrieve_then_read,32000,pos_05,multi_hop,conflicting,5,1.0,1.0,1.0,0.0
qwen2.5:14b,retrieve_then_read,32000,pos_05,multi_hop,high,5,1.0,1.0,1.0,0.0
qwen2.5:14b,retrieve_then_read,32000,pos_05,multi_hop,low,5,1.0,1.0,1.0,0.0
qwen2.5:14b,retrieve_then_read,32000,pos_05,multi_hop,none,5,1.0,1.0,1.0,0.0
qwen2.5:14b,retrieve_then_read,32000,pos_05,single_hop,conflicting,5,1.0,1.0,1.0,0.0
qwen2.5:14b,retrieve_then_read,32000,pos_05,single_hop,high,5,1.0,1.0,1.0,0.0
qwen2.5:14b,retrieve_then_read,32000,pos_05,single_hop,low,5,1.0,1.0,1.0,0.0
qwen2.5:14b,retrieve_then_read,32000,pos_05,single_hop,none,5,1.0,1.0,1.0,0.0
qwen2.5:14b,retrieve_then_read,32000,pos_06,arithmetic,conflicting,5,1.0,1.0,0.7,0.0
qwen2.5:14b,retrieve_then_read,32000,pos_06,arithmetic,high,5,1.0,1.0,1.0,0.0
qwen2.5:14b,retrieve_then_read,32000,pos_06,arithmetic,low,5,1.0,1.0,1.0,0.0
qwen2.5:14b,retrieve_then_read,32000,pos_06,arithmetic,none,5,1.0,1.0,1.0,0.0
qwen2.5:14b,retrieve_then_read,32000,pos_06,comparison,conflicting,5,1.0,1.0,0.8,0.0
qwen2.5:14b,retrieve_then_read,32000,pos_06,comparison,high,5,1.0,1.0,1.0,0.0
qwen2.5:14b,retrieve_then_read,32000,pos_06,comparison,low,5,1.0,1.0,1.0,0.0
qwen2.5:14b,retrieve_then_read,32000,pos_06,comparison,none,5,1.0,1.0,1.0,0.0
qwen2.5:14b,retrieve_then_read,32000,pos_06,multi_hop,conflicting,5,1.0,1.0,1.0,0.0
qwen2.5:14b,retrieve_then_read,32000,pos_06,multi_hop,high,5,1.0,1.0,1.0,0.0
qwen2.5:14b,retrieve_then_read,32000,pos_06,multi_hop,low,5,1.0,1.0,1.0,0.0
qwen2.5:14b,retrieve_then_read,32000,pos_06,multi_hop,none,5,1.0,1.0,1.0,0.0
qwen2.5:14b,retrieve_then_read,32000,pos_06,single_hop,conflicting,5,1.0,1.0,1.0,0.0
qwen2.5:14b,retrieve_then_read,32000,pos_06,single_hop,high,5,1.0,1.0,1.0,0.0
qwen2.5:14b,retrieve_then_read,32000,pos_06,single_hop,low,5,1.0,1.0,1.0,0.0
qwen2.5:14b,retrieve_then_read,32000,pos_06,single_hop,none,5,1.0,1.0,1.0,0.0
qwen2.5:14b,retrieve_then_read,32000,pos_07,arithmetic,conflicting,5,1.0,1.0,1.0,0.0
qwen2.5:14b,retrieve_then_read,32000,pos_07,arithmetic,high,5,1.0,1.0,0.9333333333333333,0.0
qwen2.5:14b,retrieve_then_read,32000,pos_07,arithmetic,low,5,1.0,1.0,1.0,0.0
qwen2.5:14b,retrieve_then_read,32000,pos_07,arithmetic,none,5,1.0,1.0,1.0,0.0
qwen2.5:14b,retrieve_then_read,32000,pos_07,comparison,conflicting,5,1.0,1.0,0.96,0.0
qwen2.5:14b,retrieve_then_read,32000,pos_07,comparison,high,5,0.9333333333333333,0.8,0.8666666666666667,0.0
qwen2.5:14b,retrieve_then_read,32000,pos_07,comparison,low,5,1.0,1.0,1.0,0.0
qwen2.5:14b,retrieve_then_read,32000,pos_07,comparison,none,5,1.0,1.0,1.0,0.0
qwen2.5:14b,retrieve_then_read,32000,pos_07,multi_hop,conflicting,5,1.0,1.0,1.0,0.0
qwen2.5:14b,retrieve_then_read,32000,pos_07,multi_hop,high,5,1.0,1.0,1.0,0.0
qwen2.5:14b,retrieve_then_read,32000,pos_07,multi_hop,low,5,1.0,1.0,1.0,0.0
qwen2.5:14b,retrieve_then_read,32000,pos_07,multi_hop,none,5,1.0,1.0,1.0,0.0
qwen2.5:14b,retrieve_then_read,32000,pos_07,single_hop,conflicting,5,1.0,1.0,1.0,0.0
qwen2.5:14b,retrieve_then_read,32000,pos_07,single_hop,high,5,1.0,1.0,1.0,0.0
qwen2.5:14b,retrieve_then_read,32000,pos_07,single_hop,low,5,1.0,1.0,1.0,0.0
qwen2.5:14b,retrieve_then_read,32000,pos_07,single_hop,none,5,1.0,1.0,1.0,0.0
qwen2.5:14b,retrieve_then_read,32000,pos_08,arithmetic,conflicting,5,1.0,1.0,0.8666666666666667,0.0
qwen2.5:14b,retrieve_then_read,32000,pos_08,arithmetic,high,5,1.0,1.0,0.9333333333333333,0.0
qwen2.5:14b,retrieve_then_read,32000,pos_08,arithmetic,low,5,1.0,1.0,0.8666666666666667,0.0
qwen2.5:14b,retrieve_then_read,32000,pos_08,arithmetic,none,5,1.0,1.0,1.0,0.0
qwen2.5:14b,retrieve_then_read,32000,pos_08,comparison,conflicting,5,1.0,1.0,0.8200000000000001,0.0
qwen2.5:14b,retrieve_then_read,32000,pos_08,comparison,high,5,1.0,1.0,1.0,0.0
qwen2.5:14b,retrieve_then_read,32000,pos_08,comparison,low,5,1.0,1.0,1.0,0.0
qwen2.5:14b,retrieve_then_read,32000,pos_08,comparison,none,5,1.0,1.0,1.0,0.0
qwen2.5:14b,retrieve_then_read,32000,pos_08,multi_hop,conflicting,5,0.0,0.0,0.5,0.0
qwen2.5:14b,retrieve_then_read,32000,pos_08,multi_hop,high,5,1.0,1.0,1.0,0.0
qwen2.5:14b,retrieve_then_read,32000,pos_08,multi_hop,low,5,1.0,1.0,1.0,0.0
qwen2.5:14b,retrieve_then_read,32000,pos_08,multi_hop,none,5,1.0,1.0,1.0,0.0
qwen2.5:14b,retrieve_then_read,32000,pos_08,single_hop,conflicting,5,1.0,1.0,1.0,0.0
qwen2.5:14b,retrieve_then_read,32000,pos_08,single_hop,high,5,1.0,1.0,1.0,0.0
qwen2.5:14b,retrieve_then_read,32000,pos_08,single_hop,low,5,1.0,1.0,1.0,0.0
qwen2.5:14b,retrieve_then_read,32000,pos_08,single_hop,none,5,1.0,1.0,1.0,0.0
qwen2.5:14b,retrieve_then_read,32000,pos_09,arithmetic,conflicting,5,0.8,0.8,1.0,0.0
qwen2.5:14b,retrieve_then_read,32000,pos_09,arithmetic,high,5,1.0,1.0,1.0,0.0
qwen2.5:14b,retrieve_then_read,32000,pos_09,arithmetic,low,5,1.0,1.0,1.0,0.0
qwen2.5:14b,retrieve_then_read,32000,pos_09,arithmetic,none,5,1.0,1.0,1.0,0.0
qwen2.5:14b,retrieve_then_read,32000,pos_09,comparison,conflicting,5,1.0,1.0,0.5,0.0
qwen2.5:14b,retrieve_then_read,32000,pos_09,comparison,high,5,1.0,1.0,1.0,0.0
qwen2.5:14b,retrieve_then_read,32000,pos_09,comparison,low,5,1.0,1.0,1.0,0.0
qwen2.5:14b,retrieve_then_read,32000,pos_09,comparison,none,5,1.0,1.0,1.0,0.0
qwen2.5:14b,retrieve_then_read,32000,pos_09,multi_hop,conflicting,5,0.0,0.0,0.5,0.0
qwen2.5:14b,retrieve_then_read,32000,pos_09,multi_hop,high,5,1.0,1.0,1.0,0.0
qwen2.5:14b,retrieve_then_read,32000,pos_09,multi_hop,low,5,1.0,1.0,1.0,0.0
qwen2.5:14b,retrieve_then_read,32000,pos_09,multi_hop,none,5,1.0,1.0,1.0,0.0
qwen2.5:14b,retrieve_then_read,32000,pos_09,single_hop,conflicting,5,1.0,1.0,1.0,0.0
qwen2.5:14b,retrieve_then_read,32000,pos_09,single_hop,high,5,1.0,1.0,1.0,0.0
qwen2.5:14b,retrieve_then_read,32000,pos_09,single_hop,low,5,1.0,1.0,1.0,0.0
qwen2.5:14b,retrieve_then_read,32000,pos_09,single_hop,none,5,1.0,1.0,1.0,0.0
qwen2.5:14b,retrieve_then_read,4000,pos_00,arithmetic,conflicting,5,1.0,1.0,1.0,0.0
qwen2.5:14b,retrieve_then_read,4000,pos_00,arithmetic,high,5,1.0,1.0,0.9333333333333333,0.0
qwen2.5:14b,retrieve_then_read,4000,pos_00,arithmetic,low,5,1.0,1.0,1.0,0.0
qwen2.5:14b,retrieve_then_read,4000,pos_00,arithmetic,none,5,1.0,1.0,1.0,0.0
qwen2.5:14b,retrieve_then_read,4000,pos_00,comparison,conflicting,5,1.0,1.0,0.8,0.0
qwen2.5:14b,retrieve_then_read,4000,pos_00,comparison,high,5,1.0,1.0,0.9333333333333333,0.0
qwen2.5:14b,retrieve_then_read,4000,pos_00,comparison,low,5,1.0,1.0,1.0,0.0
qwen2.5:14b,retrieve_then_read,4000,pos_00,comparison,none,5,1.0,1.0,1.0,0.0
qwen2.5:14b,retrieve_then_read,4000,pos_00,multi_hop,conflicting,5,1.0,1.0,1.0,0.0
qwen2.5:14b,retrieve_then_read,4000,pos_00,multi_hop,high,5,1.0,1.0,1.0,0.0
qwen2.5:14b,retrieve_then_read,4000,pos_00,multi_hop,low,5,1.0,1.0,1.0,0.0
qwen2.5:14b,retrieve_then_read,4000,pos_00,multi_hop,none,5,1.0,1.0,1.0,0.0
qwen2.5:14b,retrieve_then_read,4000,pos_00,single_hop,conflicting,5,1.0,1.0,1.0,0.0
qwen2.5:14b,retrieve_then_read,4000,pos_00,single_hop,high,5,1.0,1.0,1.0,0.0
qwen2.5:14b,retrieve_then_read,4000,pos_00,single_hop,low,5,1.0,1.0,1.0,0.0
qwen2.5:14b,retrieve_then_read,4000,pos_00,single_hop,none,5,1.0,1.0,1.0,0.0
qwen2.5:14b,retrieve_then_read,4000,pos_01,arithmetic,conflicting,5,1.0,1.0,1.0,0.0
qwen2.5:14b,retrieve_then_read,4000,pos_01,arithmetic,high,5,1.0,1.0,1.0,0.0
qwen2.5:14b,retrieve_then_read,4000,pos_01,arithmetic,low,5,0.8,0.8,1.0,0.0
qwen2.5:14b,retrieve_then_read,4000,pos_01,arithmetic,none,5,1.0,1.0,1.0,0.0
qwen2.5:14b,retrieve_then_read,4000,pos_01,comparison,conflicting,5,1.0,1.0,1.0,0.0
qwen2.5:14b,retrieve_then_read,4000,pos_01,comparison,high,5,1.0,1.0,0.9333333333333333,0.0
qwen2.5:14b,retrieve_then_read,4000,pos_01,comparison,low,5,1.0,1.0,1.0,0.0
qwen2.5:14b,retrieve_then_read,4000,pos_01,comparison,none,5,1.0,1.0,1.0,0.0
qwen2.5:14b,retrieve_then_read,4000,pos_01,multi_hop,conflicting,5,1.0,1.0,1.0,0.0
qwen2.5:14b,retrieve_then_read,4000,pos_01,multi_hop,high,5,1.0,1.0,1.0,0.0
qwen2.5:14b,retrieve_then_read,4000,pos_01,multi_hop,low,5,1.0,1.0,1.0,0.0
qwen2.5:14b,retrieve_then_read,4000,pos_01,multi_hop,none,5,1.0,1.0,1.0,0.0
qwen2.5:14b,retrieve_then_read,4000,pos_01,single_hop,conflicting,5,1.0,1.0,1.0,0.0
qwen2.5:14b,retrieve_then_read,4000,pos_01,single_hop,high,5,1.0,1.0,1.0,0.0
qwen2.5:14b,retrieve_then_read,4000,pos_01,single_hop,low,5,1.0,1.0,1.0,0.0
qwen2.5:14b,retrieve_then_read,4000,pos_01,single_hop,none,5,1.0,1.0,1.0,0.0
qwen2.5:14b,retrieve_then_read,4000,pos_02,arithmetic,conflicting,5,1.0,1.0,1.0,0.0
qwen2.5:14b,retrieve_then_read,4000,pos_02,arithmetic,high,5,1.0,1.0,1.0,0.0
qwen2.5:14b,retrieve_then_read,4000,pos_02,arithmetic,low,5,1.0,1.0,1.0,0.0
qwen2.5:14b,retrieve_then_read,4000,pos_02,arithmetic,none,5,1.0,1.0,1.0,0.0
qwen2.5:14b,retrieve_then_read,4000,pos_02,comparison,conflicting,5,1.0,1.0,0.92,0.0
qwen2.5:14b,retrieve_then_read,4000,pos_02,comparison,high,5,0.7999999999999999,0.4,1.0,0.0
qwen2.5:14b,retrieve_then_read,4000,pos_02,comparison,low,5,1.0,1.0,1.0,0.0
qwen2.5:14b,retrieve_then_read,4000,pos_02,comparison,none,5,1.0,1.0,1.0,0.0
qwen2.5:14b,retrieve_then_read,4000,pos_02,multi_hop,conflicting,5,0.4,0.4,0.7,0.0
qwen2.5:14b,retrieve_then_read,4000,pos_02,multi_hop,high,5,1.0,1.0,1.0,0.0
qwen2.5:14b,retrieve_then_read,4000,pos_02,multi_hop,low,5,1.0,1.0,1.0,0.0
qwen2.5:14b,retrieve_then_read,4000,pos_02,multi_hop,none,5,1.0,1.0,1.0,0.0
qwen2.5:14b,retrieve_then_read,4000,pos_02,single_hop,conflicting,5,1.0,1.0,1.0,0.0
qwen2.5:14b,retrieve_then_read,4000,pos_02,single_hop,high,5,1.0,1.0,1.0,0.0
qwen2.5:14b,retrieve_then_read,4000,pos_02,single_hop,low,5,1.0,1.0,1.0,0.0
qwen2.5:14b,retrieve_then_read,4000,pos_02,single_hop,none,5,1.0,1.0,1.0,0.0
qwen2.5:14b,retrieve_then_read,4000,pos_03,arithmetic,conflicting,5,0.8,0.8,1.0,0.0
qwen2.5:14b,retrieve_then_read,4000,pos_03,arithmetic,high,5,1.0,1.0,1.0,0.0
qwen2.5:14b,retrieve_then_read,4000,pos_03,arithmetic,low,5,1.0,1.0,1.0,0.0
qwen2.5:14b,retrieve_then_read,4000,pos_03,arithmetic,none,5,1.0,1.0,1.0,0.0
qwen2.5:14b,retrieve_then_read,4000,pos_03,comparison,conflicting,5,1.0,1.0,0.92,0.0
qwen2.5:14b,retrieve_then_read,4000,pos_03,comparison,high,5,1.0,1.0,0.7,0.0
qwen2.5:14b,retrieve_then_read,4000,pos_03,comparison,low,5,1.0,1.0,1.0,0.0
qwen2.5:14b,retrieve_then_read,4000,pos_03,comparison,none,5,1.0,1.0,1.0,0.0
qwen2.5:14b,retrieve_then_read,4000,pos_03,multi_hop,conflicting,5,1.0,1.0,1.0,0.0
qwen2.5:14b,retrieve_then_read,4000,pos_03,multi_hop,high,5,1.0,1.0,1.0,0.0
qwen2.5:14b,retrieve_then_read,4000,pos_03,multi_hop,low,5,1.0,1.0,1.0,0.0
qwen2.5:14b,retrieve_then_read,4000,pos_03,multi_hop,none,5,1.0,1.0,1.0,0.0
qwen2.5:14b,retrieve_then_read,4000,pos_03,single_hop,conflicting,5,1.0,1.0,1.0,0.0
qwen2.5:14b,retrieve_then_read,4000,pos_03,single_hop,high,5,1.0,1.0,1.0,0.0
qwen2.5:14b,retrieve_then_read,4000,pos_03,single_hop,low,5,1.0,1.0,1.0,0.0
qwen2.5:14b,retrieve_then_read,4000,pos_03,single_hop,none,5,1.0,1.0,1.0,0.0
qwen2.5:14b,retrieve_then_read,4000,pos_04,arithmetic,conflicting,5,1.0,1.0,1.0,0.0
qwen2.5:14b,retrieve_then_read,4000,pos_04,arithmetic,high,5,1.0,1.0,0.7333333333333333,0.0
qwen2.5:14b,retrieve_then_read,4000,pos_04,arithmetic,low,5,1.0,1.0,1.0,0.0
qwen2.5:14b,retrieve_then_read,4000,pos_04,arithmetic,none,5,1.0,1.0,1.0,0.0
qwen2.5:14b,retrieve_then_read,4000,pos_04,comparison,conflicting,5,1.0,1.0,0.5,0.0
qwen2.5:14b,retrieve_then_read,4000,pos_04,comparison,high,5,1.0,1.0,0.9333333333333333,0.0
qwen2.5:14b,retrieve_then_read,4000,pos_04,comparison,low,5,1.0,1.0,1.0,0.0
qwen2.5:14b,retrieve_then_read,4000,pos_04,comparison,none,5,1.0,1.0,1.0,0.0
qwen2.5:14b,retrieve_then_read,4000,pos_04,multi_hop,conflicting,5,0.8,0.8,0.9,0.0
qwen2.5:14b,retrieve_then_read,4000,pos_04,multi_hop,high,5,1.0,1.0,1.0,0.0
qwen2.5:14b,retrieve_then_read,4000,pos_04,multi_hop,low,5,1.0,1.0,1.0,0.0
qwen2.5:14b,retrieve_then_read,4000,pos_04,multi_hop,none,5,1.0,1.0,1.0,0.0
qwen2.5:14b,retrieve_then_read,4000,pos_04,single_hop,conflicting,5,1.0,1.0,1.0,0.0
qwen2.5:14b,retrieve_then_read,4000,pos_04,single_hop,high,5,1.0,1.0,1.0,0.0
qwen2.5:14b,retrieve_then_read,4000,pos_04,single_hop,low,5,1.0,1.0,1.0,0.0
qwen2.5:14b,retrieve_then_read,4000,pos_04,single_hop,none,5,1.0,1.0,1.0,0.0
qwen2.5:14b,retrieve_then_read,4000,pos_05,arithmetic,conflicting,5,1.0,1.0,1.0,0.0
qwen2.5:14b,retrieve_then_read,4000,pos_05,arithmetic,high,5,1.0,1.0,1.0,0.0
qwen2.5:14b,retrieve_then_read,4000,pos_05,arithmetic,low,5,1.0,1.0,1.0,0.0
qwen2.5:14b,retrieve_then_read,4000,pos_05,arithmetic,none,5,1.0,1.0,1.0,0.0
qwen2.5:14b,retrieve_then_read,4000,pos_05,comparison,conflicting,5,1.0,1.0,1.0,0.0
qwen2.5:14b,retrieve_then_read,4000,pos_05,comparison,high,5,1.0,1.0,1.0,0.0
qwen2.5:14b,retrieve_then_read,4000,pos_05,comparison,low,5,1.0,1.0,1.0,0.0
qwen2.5:14b,retrieve_then_read,4000,pos_05,comparison,none,5,1.0,1.0,1.0,0.0
qwen2.5:14b,retrieve_then_read,4000,pos_05,multi_hop,conflicting,5,0.6,0.6,0.8,0.0
qwen2.5:14b,retrieve_then_read,4000,pos_05,multi_hop,high,5,1.0,1.0,1.0,0.0
qwen2.5:14b,retrieve_then_read,4000,pos_05,multi_hop,low,5,1.0,1.0,1.0,0.0
qwen2.5:14b,retrieve_then_read,4000,pos_05,multi_hop,none,5,1.0,1.0,1.0,0.0
qwen2.5:14b,retrieve_then_read,4000,pos_05,single_hop,conflicting,5,1.0,1.0,1.0,0.0
qwen2.5:14b,retrieve_then_read,4000,pos_05,single_hop,high,5,1.0,1.0,1.0,0.0
qwen2.5:14b,retrieve_then_read,4000,pos_05,single_hop,low,5,1.0,1.0,1.0,0.0
qwen2.5:14b,retrieve_then_read,4000,pos_05,single_hop,none,5,1.0,1.0,1.0,0.0
qwen2.5:14b,retrieve_then_read,4000,pos_06,arithmetic,conflicting,5,1.0,1.0,1.0,0.0
qwen2.5:14b,retrieve_then_read,4000,pos_06,arithmetic,high,5,1.0,1.0,1.0,0.0
qwen2.5:14b,retrieve_then_read,4000,pos_06,arithmetic,low,5,1.0,1.0,1.0,0.0
qwen2.5:14b,retrieve_then_read,4000,pos_06,arithmetic,none,5,1.0,1.0,1.0,0.0
qwen2.5:14b,retrieve_then_read,4000,pos_06,comparison,conflicting,5,1.0,1.0,0.68,0.0
qwen2.5:14b,retrieve_then_read,4000,pos_06,comparison,high,5,1.0,1.0,1.0,0.0
qwen2.5:14b,retrieve_then_read,4000,pos_06,comparison,low,5,1.0,1.0,1.0,0.0
qwen2.5:14b,retrieve_then_read,4000,pos_06,comparison,none,5,1.0,1.0,1.0,0.0
qwen2.5:14b,retrieve_then_read,4000,pos_06,multi_hop,conflicting,5,0.6,0.6,0.8,0.0
qwen2.5:14b,retrieve_then_read,4000,pos_06,multi_hop,high,5,1.0,1.0,1.0,0.0
qwen2.5:14b,retrieve_then_read,4000,pos_06,multi_hop,low,5,1.0,1.0,1.0,0.0
qwen2.5:14b,retrieve_then_read,4000,pos_06,multi_hop,none,5,1.0,1.0,1.0,0.0
qwen2.5:14b,retrieve_then_read,4000,pos_06,single_hop,conflicting,5,1.0,1.0,1.0,0.0
qwen2.5:14b,retrieve_then_read,4000,pos_06,single_hop,high,5,1.0,1.0,1.0,0.0
qwen2.5:14b,retrieve_then_read,4000,pos_06,single_hop,low,5,1.0,1.0,1.0,0.0
qwen2.5:14b,retrieve_then_read,4000,pos_06,single_hop,none,5,1.0,1.0,1.0,0.0
qwen2.5:14b,retrieve_then_read,4000,pos_07,arithmetic,conflicting,5,1.0,1.0,1.0,0.0
qwen2.5:14b,retrieve_then_read,4000,pos_07,arithmetic,high,5,1.0,1.0,1.0,0.0
qwen2.5:14b,retrieve_then_read,4000,pos_07,arithmetic,low,5,1.0,1.0,1.0,0.0
qwen2.5:14b,retrieve_then_read,4000,pos_07,arithmetic,none,5,1.0,1.0,1.0,0.0
qwen2.5:14b,retrieve_then_read,4000,pos_07,comparison,conflicting,5,1.0,1.0,0.6,0.0
qwen2.5:14b,retrieve_then_read,4000,pos_07,comparison,high,5,0.9333333333333333,0.8,1.0,0.0
qwen2.5:14b,retrieve_then_read,4000,pos_07,comparison,low,5,1.0,1.0,1.0,0.0
qwen2.5:14b,retrieve_then_read,4000,pos_07,comparison,none,5,1.0,1.0,1.0,0.0
qwen2.5:14b,retrieve_then_read,4000,pos_07,multi_hop,conflicting,5,0.6,0.6,0.8,0.0
qwen2.5:14b,retrieve_then_read,4000,pos_07,multi_hop,high,5,1.0,1.0,1.0,0.0
qwen2.5:14b,retrieve_then_read,4000,pos_07,multi_hop,low,5,1.0,1.0,1.0,0.0
qwen2.5:14b,retrieve_then_read,4000,pos_07,multi_hop,none,5,1.0,1.0,1.0,0.0
qwen2.5:14b,retrieve_then_read,4000,pos_07,single_hop,conflicting,5,1.0,1.0,1.0,0.0
qwen2.5:14b,retrieve_then_read,4000,pos_07,single_hop,high,5,1.0,1.0,1.0,0.0
qwen2.5:14b,retrieve_then_read,4000,pos_07,single_hop,low,5,1.0,1.0,1.0,0.0
qwen2.5:14b,retrieve_then_read,4000,pos_07,single_hop,none,5,1.0,1.0,1.0,0.0
qwen2.5:14b,retrieve_then_read,4000,pos_08,arithmetic,conflicting,5,1.0,1.0,1.0,0.0
qwen2.5:14b,retrieve_then_read,4000,pos_08,arithmetic,high,5,1.0,1.0,1.0,0.0
qwen2.5:14b,retrieve_then_read,4000,pos_08,arithmetic,low,5,1.0,1.0,1.0,0.0
qwen2.5:14b,retrieve_then_read,4000,pos_08,arithmetic,none,5,1.0,1.0,1.0,0.0
qwen2.5:14b,retrieve_then_read,4000,pos_08,comparison,conflicting,5,1.0,1.0,0.5,0.0
qwen2.5:14b,retrieve_then_read,4000,pos_08,comparison,high,5,1.0,1.0,0.9333333333333333,0.0
qwen2.5:14b,retrieve_then_read,4000,pos_08,comparison,low,5,1.0,1.0,1.0,0.0
qwen2.5:14b,retrieve_then_read,4000,pos_08,comparison,none,5,1.0,1.0,1.0,0.0
qwen2.5:14b,retrieve_then_read,4000,pos_08,multi_hop,conflicting,5,0.6,0.6,0.8,0.0
qwen2.5:14b,retrieve_then_read,4000,pos_08,multi_hop,high,5,1.0,1.0,1.0,0.0
qwen2.5:14b,retrieve_then_read,4000,pos_08,multi_hop,low,5,1.0,1.0,1.0,0.0
qwen2.5:14b,retrieve_then_read,4000,pos_08,multi_hop,none,5,1.0,1.0,1.0,0.0
qwen2.5:14b,retrieve_then_read,4000,pos_08,single_hop,conflicting,5,1.0,1.0,1.0,0.0
qwen2.5:14b,retrieve_then_read,4000,pos_08,single_hop,high,5,1.0,1.0,1.0,0.0
qwen2.5:14b,retrieve_then_read,4000,pos_08,single_hop,low,5,1.0,1.0,1.0,0.0
qwen2.5:14b,retrieve_then_read,4000,pos_08,single_hop,none,5,1.0,1.0,1.0,0.0
qwen2.5:14b,retrieve_then_read,4000,pos_09,arithmetic,conflicting,5,1.0,1.0,1.0,0.0
qwen2.5:14b,retrieve_then_read,4000,pos_09,arithmetic,high,5,1.0,1.0,1.0,0.0
qwen2.5:14b,retrieve_then_read,4000,pos_09,arithmetic,low,5,1.0,1.0,1.0,0.0
qwen2.5:14b,retrieve_then_read,4000,pos_09,arithmetic,none,5,1.0,1.0,1.0,0.0
qwen2.5:14b,retrieve_then_read,4000,pos_09,comparison,conflicting,5,1.0,1.0,1.0,0.0
qwen2.5:14b,retrieve_then_read,4000,pos_09,comparison,high,5,0.9333333333333333,0.8,1.0,0.0
qwen2.5:14b,retrieve_then_read,4000,pos_09,comparison,low,5,1.0,1.0,1.0,0.0
qwen2.5:14b,retrieve_then_read,4000,pos_09,comparison,none,5,1.0,1.0,1.0,0.0
qwen2.5:14b,retrieve_then_read,4000,pos_09,multi_hop,conflicting,5,1.0,1.0,1.0,0.0
qwen2.5:14b,retrieve_then_read,4000,pos_09,multi_hop,high,5,1.0,1.0,1.0,0.0
qwen2.5:14b,retrieve_then_read,4000,pos_09,multi_hop,low,5,1.0,1.0,1.0,0.0
qwen2.5:14b,retrieve_then_read,4000,pos_09,multi_hop,none,5,1.0,1.0,1.0,0.0
qwen2.5:14b,retrieve_then_read,4000,pos_09,single_hop,conflicting,5,1.0,1.0,1.0,0.0
qwen2.5:14b,retrieve_then_read,4000,pos_09,single_hop,high,5,1.0,1.0,1.0,0.0
qwen2.5:14b,retrieve_then_read,4000,pos_09,single_hop,low,5,1.0,1.0,1.0,0.0
qwen2.5:14b,retrieve_then_read,4000,pos_09,single_hop,none,5,1.0,1.0,1.0,0.0
qwen2.5:14b,retrieve_then_read,8000,pos_00,arithmetic,conflicting,5,1.0,1.0,1.0,0.0
qwen2.5:14b,retrieve_then_read,8000,pos_00,arithmetic,high,5,1.0,1.0,1.0,0.0
qwen2.5:14b,retrieve_then_read,8000,pos_00,arithmetic,low,5,1.0,1.0,1.0,0.0
qwen2.5:14b,retrieve_then_read,8000,pos_00,arithmetic,none,5,1.0,1.0,1.0,0.0
qwen2.5:14b,retrieve_then_read,8000,pos_00,comparison,conflicting,5,1.0,1.0,0.56,0.0
qwen2.5:14b,retrieve_then_read,8000,pos_00,comparison,high,5,1.0,1.0,1.0,0.0
qwen2.5:14b,retrieve_then_read,8000,pos_00,comparison,low,5,1.0,1.0,1.0,0.0
qwen2.5:14b,retrieve_then_read,8000,pos_00,comparison,none,5,1.0,1.0,1.0,0.0
qwen2.5:14b,retrieve_then_read,8000,pos_00,multi_hop,conflicting,5,0.2,0.2,0.6,0.0
qwen2.5:14b,retrieve_then_read,8000,pos_00,multi_hop,high,5,1.0,1.0,1.0,0.0
qwen2.5:14b,retrieve_then_read,8000,pos_00,multi_hop,low,5,1.0,1.0,1.0,0.0
qwen2.5:14b,retrieve_then_read,8000,pos_00,multi_hop,none,5,1.0,1.0,1.0,0.0
qwen2.5:14b,retrieve_then_read,8000,pos_00,single_hop,conflicting,5,1.0,1.0,1.0,0.0
qwen2.5:14b,retrieve_then_read,8000,pos_00,single_hop,high,5,1.0,1.0,1.0,0.0
qwen2.5:14b,retrieve_then_read,8000,pos_00,single_hop,low,5,1.0,1.0,1.0,0.0
qwen2.5:14b,retrieve_then_read,8000,pos_00,single_hop,none,5,1.0,1.0,1.0,0.0
qwen2.5:14b,retrieve_then_read,8000,pos_01,arithmetic,conflicting,5,1.0,1.0,1.0,0.0
qwen2.5:14b,retrieve_then_read,8000,pos_01,arithmetic,high,5,1.0,1.0,1.0,0.0
qwen2.5:14b,retrieve_then_read,8000,pos_01,arithmetic,low,5,1.0,1.0,1.0,0.0
qwen2.5:14b,retrieve_then_read,8000,pos_01,arithmetic,none,5,1.0,1.0,1.0,0.0
qwen2.5:14b,retrieve_then_read,8000,pos_01,comparison,conflicting,5,1.0,1.0,0.68,0.0
qwen2.5:14b,retrieve_then_read,8000,pos_01,comparison,high,5,1.0,1.0,0.9333333333333333,0.0
qwen2.5:14b,retrieve_then_read,8000,pos_01,comparison,low,5,1.0,1.0,1.0,0.0
qwen2.5:14b,retrieve_then_read,8000,pos_01,comparison,none,5,1.0,1.0,1.0,0.0
qwen2.5:14b,retrieve_then_read,8000,pos_01,multi_hop,conflicting,5,1.0,1.0,1.0,0.0
qwen2.5:14b,retrieve_then_read,8000,pos_01,multi_hop,high,5,1.0,1.0,1.0,0.0
qwen2.5:14b,retrieve_then_read,8000,pos_01,multi_hop,low,5,1.0,1.0,1.0,0.0
qwen2.5:14b,retrieve_then_read,8000,pos_01,multi_hop,none,5,1.0,1.0,1.0,0.0
qwen2.5:14b,retrieve_then_read,8000,pos_01,single_hop,conflicting,5,1.0,1.0,1.0,0.0
qwen2.5:14b,retrieve_then_read,8000,pos_01,single_hop,high,5,1.0,1.0,1.0,0.0
qwen2.5:14b,retrieve_then_read,8000,pos_01,single_hop,low,5,1.0,1.0,1.0,0.0
qwen2.5:14b,retrieve_then_read,8000,pos_01,single_hop,none,5,1.0,1.0,1.0,0.0
qwen2.5:14b,retrieve_then_read,8000,pos_02,arithmetic,conflicting,5,1.0,1.0,1.0,0.0
qwen2.5:14b,retrieve_then_read,8000,pos_02,arithmetic,high,5,1.0,1.0,1.0,0.0
qwen2.5:14b,retrieve_then_read,8000,pos_02,arithmetic,low,5,1.0,1.0,1.0,0.0
qwen2.5:14b,retrieve_then_read,8000,pos_02,arithmetic,none,5,1.0,1.0,1.0,0.0
qwen2.5:14b,retrieve_then_read,8000,pos_02,comparison,conflicting,5,1.0,1.0,0.78,0.0
qwen2.5:14b,retrieve_then_read,8000,pos_02,comparison,high,5,1.0,1.0,0.7999999999999999,0.0
qwen2.5:14b,retrieve_then_read,8000,pos_02,comparison,low,5,1.0,1.0,1.0,0.0
qwen2.5:14b,retrieve_then_read,8000,pos_02,comparison,none,5,1.0,1.0,1.0,0.0
qwen2.5:14b,retrieve_then_read,8000,pos_02,multi_hop,conflicting,5,0.2,0.2,0.6,0.0
qwen2.5:14b,retrieve_then_read,8000,pos_02,multi_hop,high,5,1.0,1.0,1.0,0.0
qwen2.5:14b,retrieve_then_read,8000,pos_02,multi_hop,low,5,1.0,1.0,1.0,0.0
qwen2.5:14b,retrieve_then_read,8000,pos_02,multi_hop,none,5,1.0,1.0,1.0,0.0
qwen2.5:14b,retrieve_then_read,8000,pos_02,single_hop,conflicting,5,1.0,1.0,1.0,0.0
qwen2.5:14b,retrieve_then_read,8000,pos_02,single_hop,high,5,1.0,1.0,1.0,0.0
qwen2.5:14b,retrieve_then_read,8000,pos_02,single_hop,low,5,1.0,1.0,1.0,0.0
qwen2.5:14b,retrieve_then_read,8000,pos_02,single_hop,none,5,1.0,1.0,1.0,0.0
qwen2.5:14b,retrieve_then_read,8000,pos_03,arithmetic,conflicting,5,1.0,1.0,1.0,0.0
qwen2.5:14b,retrieve_then_read,8000,pos_03,arithmetic,high,5,1.0,1.0,1.0,0.0
qwen2.5:14b,retrieve_then_read,8000,pos_03,arithmetic,low,5,1.0,1.0,1.0,0.0
qwen2.5:14b,retrieve_then_read,8000,pos_03,arithmetic,none,5,1.0,1.0,1.0,0.0
qwen2.5:14b,retrieve_then_read,8000,pos_03,comparison,conflicting,5,1.0,1.0,1.0,0.0
qwen2.5:14b,retrieve_then_read,8000,pos_03,comparison,high,5,0.5,0.4,0.7,0.0
qwen2.5:14b,retrieve_then_read,8000,pos_03,comparison,low,5,1.0,1.0,1.0,0.0
qwen2.5:14b,retrieve_then_read,8000,pos_03,comparison,none,5,1.0,1.0,1.0,0.0
qwen2.5:14b,retrieve_then_read,8000,pos_03,multi_hop,conflicting,5,1.0,1.0,1.0,0.0
qwen2.5:14b,retrieve_then_read,8000,pos_03,multi_hop,high,5,1.0,1.0,1.0,0.0
qwen2.5:14b,retrieve_then_read,8000,pos_03,multi_hop,low,5,1.0,1.0,1.0,0.0
qwen2.5:14b,retrieve_then_read,8000,pos_03,multi_hop,none,5,1.0,1.0,1.0,0.0
qwen2.5:14b,retrieve_then_read,8000,pos_03,single_hop,conflicting,5,1.0,1.0,1.0,0.0
qwen2.5:14b,retrieve_then_read,8000,pos_03,single_hop,high,5,1.0,1.0,1.0,0.0
qwen2.5:14b,retrieve_then_read,8000,pos_03,single_hop,low,5,1.0,1.0,1.0,0.0
qwen2.5:14b,retrieve_then_read,8000,pos_03,single_hop,none,5,1.0,1.0,1.0,0.0
qwen2.5:14b,retrieve_then_read,8000,pos_04,arithmetic,conflicting,5,1.0,1.0,1.0,0.0
qwen2.5:14b,retrieve_then_read,8000,pos_04,arithmetic,high,5,1.0,1.0,1.0,0.0
qwen2.5:14b,retrieve_then_read,8000,pos_04,arithmetic,low,5,1.0,1.0,1.0,0.0
qwen2.5:14b,retrieve_then_read,8000,pos_04,arithmetic,none,5,1.0,1.0,1.0,0.0
qwen2.5:14b,retrieve_then_read,8000,pos_04,comparison,conflicting,5,1.0,1.0,0.88,0.0
qwen2.5:14b,retrieve_then_read,8000,pos_04,comparison,high,5,1.0,1.0,1.0,0.0
qwen2.5:14b,retrieve_then_read,8000,pos_04,comparison,low,5,1.0,1.0,1.0,0.0
qwen2.5:14b,retrieve_then_read,8000,pos_04,comparison,none,5,1.0,1.0,1.0,0.0
qwen2.5:14b,retrieve_then_read,8000,pos_04,multi_hop,conflicting,5,0.2,0.2,0.6,0.0
qwen2.5:14b,retrieve_then_read,8000,pos_04,multi_hop,high,5,1.0,1.0,1.0,0.0
qwen2.5:14b,retrieve_then_read,8000,pos_04,multi_hop,low,5,1.0,1.0,1.0,0.0
qwen2.5:14b,retrieve_then_read,8000,pos_04,multi_hop,none,5,1.0,1.0,1.0,0.0
qwen2.5:14b,retrieve_then_read,8000,pos_04,single_hop,conflicting,5,1.0,1.0,1.0,0.0
qwen2.5:14b,retrieve_then_read,8000,pos_04,single_hop,high,5,1.0,1.0,1.0,0.0
qwen2.5:14b,retrieve_then_read,8000,pos_04,single_hop,low,5,1.0,1.0,1.0,0.0
qwen2.5:14b,retrieve_then_read,8000,pos_04,single_hop,none,5,1.0,1.0,1.0,0.0
qwen2.5:14b,retrieve_then_read,8000,pos_05,arithmetic,conflicting,5,1.0,1.0,1.0,0.0
qwen2.5:14b,retrieve_then_read,8000,pos_05,arithmetic,high,5,1.0,1.0,1.0,0.0
qwen2.5:14b,retrieve_then_read,8000,pos_05,arithmetic,low,5,1.0,1.0,1.0,0.0
qwen2.5:14b,retrieve_then_read,8000,pos_05,arithmetic,none,5,1.0,1.0,1.0,0.0
qwen2.5:14b,retrieve_then_read,8000,pos_05,comparison,conflicting,5,1.0,1.0,1.0,0.0
qwen2.5:14b,retrieve_then_read,8000,pos_05,comparison,high,5,1.0,1.0,1.0,0.0
qwen2.5:14b,retrieve_then_read,8000,pos_05,comparison,low,5,1.0,1.0,1.0,0.0
qwen2.5:14b,retrieve_then_read,8000,pos_05,comparison,none,5,1.0,1.0,1.0,0.0
qwen2.5:14b,retrieve_then_read,8000,pos_05,multi_hop,conflicting,5,0.2,0.2,0.6,0.0
qwen2.5:14b,retrieve_then_read,8000,pos_05,multi_hop,high,5,1.0,1.0,1.0,0.0
qwen2.5:14b,retrieve_then_read,8000,pos_05,multi_hop,low,5,1.0,1.0,1.0,0.0
qwen2.5:14b,retrieve_then_read,8000,pos_05,multi_hop,none,5,1.0,1.0,1.0,0.0
qwen2.5:14b,retrieve_then_read,8000,pos_05,single_hop,conflicting,5,1.0,1.0,1.0,0.0
qwen2.5:14b,retrieve_then_read,8000,pos_05,single_hop,high,5,1.0,1.0,1.0,0.0
qwen2.5:14b,retrieve_then_read,8000,pos_05,single_hop,low,5,1.0,1.0,1.0,0.0
qwen2.5:14b,retrieve_then_read,8000,pos_05,single_hop,none,5,1.0,1.0,1.0,0.0
qwen2.5:14b,retrieve_then_read,8000,pos_06,arithmetic,conflicting,5,1.0,1.0,1.0,0.0
qwen2.5:14b,retrieve_then_read,8000,pos_06,arithmetic,high,5,1.0,1.0,1.0,0.0
qwen2.5:14b,retrieve_then_read,8000,pos_06,arithmetic,low,5,0.8,0.8,1.0,0.0
qwen2.5:14b,retrieve_then_read,8000,pos_06,arithmetic,none,5,1.0,1.0,1.0,0.0
qwen2.5:14b,retrieve_then_read,8000,pos_06,comparison,conflicting,5,1.0,1.0,0.76,0.0
qwen2.5:14b,retrieve_then_read,8000,pos_06,comparison,high,5,1.0,1.0,1.0,0.0
qwen2.5:14b,retrieve_then_read,8000,pos_06,comparison,low,5,1.0,1.0,1.0,0.0
qwen2.5:14b,retrieve_then_read,8000,pos_06,comparison,none,5,1.0,1.0,1.0,0.0
qwen2.5:14b,retrieve_then_read,8000,pos_06,multi_hop,conflicting,5,0.0,0.0,0.5,0.0
qwen2.5:14b,retrieve_then_read,8000,pos_06,multi_hop,high,5,1.0,1.0,1.0,0.0
qwen2.5:14b,retrieve_then_read,8000,pos_06,multi_hop,low,5,1.0,1.0,1.0,0.0
qwen2.5:14b,retrieve_then_read,8000,pos_06,multi_hop,none,5,1.0,1.0,1.0,0.0
qwen2.5:14b,retrieve_then_read,8000,pos_06,single_hop,conflicting,5,1.0,1.0,1.0,0.0
qwen2.5:14b,retrieve_then_read,8000,pos_06,single_hop,high,5,1.0,1.0,1.0,0.0
qwen2.5:14b,retrieve_then_read,8000,pos_06,single_hop,low,5,1.0,1.0,1.0,0.0
qwen2.5:14b,retrieve_then_read,8000,pos_06,single_hop,none,5,1.0,1.0,1.0,0.0
qwen2.5:14b,retrieve_then_read,8000,pos_07,arithmetic,conflicting,5,1.0,1.0,1.0,0.0
qwen2.5:14b,retrieve_then_read,8000,pos_07,arithmetic,high,5,1.0,1.0,1.0,0.0
qwen2.5:14b,retrieve_then_read,8000,pos_07,arithmetic,low,5,0.8,0.8,1.0,0.0
qwen2.5:14b,retrieve_then_read,8000,pos_07,arithmetic,none,5,0.8,0.8,1.0,0.0
qwen2.5:14b,retrieve_then_read,8000,pos_07,comparison,conflicting,5,1.0,1.0,1.0,0.0
qwen2.5:14b,retrieve_then_read,8000,pos_07,comparison,high,5,1.0,1.0,1.0,0.0
qwen2.5:14b,retrieve_then_read,8000,pos_07,comparison,low,5,1.0,1.0,1.0,0.0
qwen2.5:14b,retrieve_then_read,8000,pos_07,comparison,none,5,1.0,1.0,1.0,0.0
qwen2.5:14b,retrieve_then_read,8000,pos_07,multi_hop,conflicting,5,0.4,0.4,0.7,0.0
qwen2.5:14b,retrieve_then_read,8000,pos_07,multi_hop,high,5,1.0,1.0,1.0,0.0
qwen2.5:14b,retrieve_then_read,8000,pos_07,multi_hop,low,5,1.0,1.0,1.0,0.0
qwen2.5:14b,retrieve_then_read,8000,pos_07,multi_hop,none,5,1.0,1.0,1.0,0.0
qwen2.5:14b,retrieve_then_read,8000,pos_07,single_hop,conflicting,5,1.0,1.0,1.0,0.0
qwen2.5:14b,retrieve_then_read,8000,pos_07,single_hop,high,5,1.0,1.0,1.0,0.0
qwen2.5:14b,retrieve_then_read,8000,pos_07,single_hop,low,5,1.0,1.0,1.0,0.0
qwen2.5:14b,retrieve_then_read,8000,pos_07,single_hop,none,5,1.0,1.0,1.0,0.0
qwen2.5:14b,retrieve_then_read,8000,pos_08,arithmetic,conflicting,5,1.0,1.0,1.0,0.0
qwen2.5:14b,retrieve_then_read,8000,pos_08,arithmetic,high,5,1.0,1.0,1.0,0.0
qwen2.5:14b,retrieve_then_read,8000,pos_08,arithmetic,low,5,1.0,1.0,1.0,0.0
qwen2.5:14b,retrieve_then_read,8000,pos_08,arithmetic,none,5,1.0,1.0,1.0,0.0
qwen2.5:14b,retrieve_then_read,8000,pos_08,comparison,conflicting,5,1.0,1.0,1.0,0.0
qwen2.5:14b,retrieve_then_read,8000,pos_08,comparison,high,5,1.0,1.0,1.0,0.0
qwen2.5:14b,retrieve_then_read,8000,pos_08,comparison,low,5,1.0,1.0,1.0,0.0
qwen2.5:14b,retrieve_then_read,8000,pos_08,comparison,none,5,1.0,1.0,1.0,0.0
qwen2.5:14b,retrieve_then_read,8000,pos_08,multi_hop,conflicting,5,1.0,1.0,1.0,0.0
qwen2.5:14b,retrieve_then_read,8000,pos_08,multi_hop,high,5,1.0,1.0,1.0,0.0
qwen2.5:14b,retrieve_then_read,8000,pos_08,multi_hop,low,5,1.0,1.0,1.0,0.0
qwen2.5:14b,retrieve_then_read,8000,pos_08,multi_hop,none,5,1.0,1.0,1.0,0.0
qwen2.5:14b,retrieve_then_read,8000,pos_08,single_hop,conflicting,5,1.0,1.0,1.0,0.0
qwen2.5:14b,retrieve_then_read,8000,pos_08,single_hop,high,5,1.0,1.0,1.0,0.0
qwen2.5:14b,retrieve_then_read,8000,pos_08,single_hop,low,5,1.0,1.0,1.0,0.0
qwen2.5:14b,retrieve_then_read,8000,pos_08,single_hop,none,5,1.0,1.0,1.0,0.0
qwen2.5:14b,retrieve_then_read,8000,pos_09,arithmetic,conflicting,5,1.0,1.0,1.0,0.0
qwen2.5:14b,retrieve_then_read,8000,pos_09,arithmetic,high,5,1.0,1.0,1.0,0.0
qwen2.5:14b,retrieve_then_read,8000,pos_09,arithmetic,low,5,0.8,0.8,1.0,0.0
qwen2.5:14b,retrieve_then_read,8000,pos_09,arithmetic,none,5,1.0,1.0,1.0,0.0
qwen2.5:14b,retrieve_then_read,8000,pos_09,comparison,conflicting,5,1.0,1.0,1.0,0.0
qwen2.5:14b,retrieve_then_read,8000,pos_09,comparison,high,5,1.0,1.0,1.0,0.0
qwen2.5:14b,retrieve_then_read,8000,pos_09,comparison,low,5,1.0,1.0,1.0,0.0
qwen2.5:14b,retrieve_then_read,8000,pos_09,comparison,none,5,1.0,1.0,1.0,0.0
qwen2.5:14b,retrieve_then_read,8000,pos_09,multi_hop,conflicting,5,1.0,1.0,1.0,0.0
qwen2.5:14b,retrieve_then_read,8000,pos_09,multi_hop,high,5,1.0,1.0,1.0,0.0
qwen2.5:14b,retrieve_then_read,8000,pos_09,multi_hop,low,5,1.0,1.0,1.0,0.0
qwen2.5:14b,retrieve_then_read,8000,pos_09,multi_hop,none,5,1.0,1.0,1.0,0.0
qwen2.5:14b,retrieve_then_read,8000,pos_09,single_hop,conflicting,5,1.0,1.0,1.0,0.0
qwen2.5:14b,retrieve_then_read,8000,pos_09,single_hop,high,5,1.0,1.0,1.0,0.0
qwen2.5:14b,retrieve_then_read,8000,pos_09,single_hop,low,5,1.0,1.0,1.0,0.0
qwen2.5:14b,retrieve_then_read,8000,pos_09,single_hop,none,5,1.0,1.0,1.0,0.0
qwen3:14b,direct,16000,pos_00,arithmetic,conflicting,5,0.0,0.0,0.16,0.0
qwen3:14b,direct,16000,pos_00,arithmetic,high,5,0.0,0.0,0.0,0.0
qwen3:14b,direct,16000,pos_00,arithmetic,low,5,0.0,0.0,0.0,0.0
qwen3:14b,direct,16000,pos_00,arithmetic,none,5,0.0,0.0,0.6,0.0
qwen3:14b,direct,16000,pos_00,comparison,conflicting,5,0.0,0.0,0.0,0.0
qwen3:14b,direct,16000,pos_00,comparison,high,5,0.0,0.0,0.0,0.0
qwen3:14b,direct,16000,pos_00,comparison,low,5,0.0,0.0,0.0,0.0
qwen3:14b,direct,16000,pos_00,comparison,none,5,0.0,0.0,0.0,0.0
qwen3:14b,direct,16000,pos_00,multi_hop,conflicting,5,0.0,0.0,0.6666666666666666,0.0
qwen3:14b,direct,16000,pos_00,multi_hop,high,5,0.0,0.0,0.6666666666666666,0.0
qwen3:14b,direct,16000,pos_00,multi_hop,low,5,0.0,0.0,0.6666666666666666,0.0
qwen3:14b,direct,16000,pos_00,multi_hop,none,5,0.0,0.0,0.6666666666666666,0.0
qwen3:14b,direct,16000,pos_00,single_hop,conflicting,5,0.0,0.0,1.0,0.0
qwen3:14b,direct,16000,pos_00,single_hop,high,5,0.0,0.0,1.0,0.0
qwen3:14b,direct,16000,pos_00,single_hop,low,5,0.0,0.0,0.6,0.0
qwen3:14b,direct,16000,pos_00,single_hop,none,5,0.0,0.0,1.0,0.0
qwen3:14b,direct,16000,pos_01,arithmetic,conflicting,5,0.0,0.0,0.0,0.0
qwen3:14b,direct,16000,pos_01,arithmetic,high,5,0.0,0.0,0.42666666666666664,0.0
qwen3:14b,direct,16000,pos_01,arithmetic,low,5,0.0,0.0,0.0,0.0
qwen3:14b,direct,16000,pos_01,arithmetic,none,5,0.0,0.0,0.0,0.0
qwen3:14b,direct,16000,pos_01,comparison,conflicting,5,0.0,0.0,0.0,0.0
qwen3:14b,direct,16000,pos_01,comparison,high,5,0.0,0.0,0.0,0.0
qwen3:14b,direct,16000,pos_01,comparison,low,5,0.0,0.0,0.0,0.0
qwen3:14b,direct,16000,pos_01,comparison,none,5,0.0,0.0,0.0,0.0
qwen3:14b,direct,16000,pos_01,multi_hop,conflicting,5,0.0,0.0,0.6666666666666666,0.0
qwen3:14b,direct,16000,pos_01,multi_hop,high,5,0.0,0.0,0.6666666666666666,0.0
qwen3:14b,direct,16000,pos_01,multi_hop,low,5,0.0,0.0,0.6666666666666666,0.0
qwen3:14b,direct,16000,pos_01,multi_hop,none,5,0.0,0.0,0.6666666666666666,0.0
qwen3:14b,direct,16000,pos_01,single_hop,conflicting,5,0.0,0.0,0.8,0.2
qwen3:14b,direct,16000,pos_01,single_hop,high,5,0.0,0.0,1.0,0.0
qwen3:14b,direct,16000,pos_01,single_hop,low,5,0.0,0.0,1.0,0.0
qwen3:14b,direct,16000,pos_01,single_hop,none,5,0.0,0.0,0.2,0.0
qwen3:14b,direct,16000,pos_02,arithmetic,conflicting,5,0.0,0.0,0.0,0.0
qwen3:14b,direct,16000,pos_02,arithmetic,high,5,0.0,0.0,0.13333333333333333,0.0
qwen3:14b,direct,16000,pos_02,arithmetic,low,5,0.0,0.0,0.0,0.0
qwen3:14b,direct,16000,pos_02,arithmetic,none,5,0.0,0.0,0.0,0.0
qwen3:14b,direct,16000,pos_02,comparison,conflicting,5,0.0,0.0,0.0,0.0
qwen3:14b,direct,16000,pos_02,comparison,high,5,0.0,0.0,0.0,0.0
qwen3:14b,direct,16000,pos_02,comparison,low,5,0.0,0.0,0.0,0.0
qwen3:14b,direct,16000,pos_02,comparison,none,5,0.0,0.0,0.0,0.0
qwen3:14b,direct,16000,pos_02,multi_hop,conflicting,5,0.0,0.0,0.6666666666666666,0.0
qwen3:14b,direct,16000,pos_02,multi_hop,high,5,0.0,0.0,0.6666666666666666,0.0
qwen3:14b,direct,16000,pos_02,multi_hop,low,5,0.0,0.0,0.6666666666666666,0.0
qwen3:14b,direct,16000,pos_02,multi_hop,none,5,0.0,0.0,0.6666666666666666,0.0
qwen3:14b,direct,16000,pos_02,single_hop,conflicting,5,0.0,0.0,1.0,0.0
qwen3:14b,direct,16000,pos_02,single_hop,high,5,0.0,0.0,1.0,0.0
qwen3:14b,direct,16000,pos_02,single_hop,low,5,0.0,0.0,0.6,0.2
qwen3:14b,direct,16000,pos_02,single_hop,none,5,0.0,0.0,0.6,0.2
qwen3:14b,direct,16000,pos_03,arithmetic,conflicting,5,0.0,0.0,0.0,0.0
qwen3:14b,direct,16000,pos_03,arithmetic,high,5,0.0,0.0,0.0,0.0
qwen3:14b,direct,16000,pos_03,arithmetic,low,5,0.0,0.0,0.0,0.0
qwen3:14b,direct,16000,pos_03,arithmetic,none,5,0.0,0.0,0.0,0.0
qwen3:14b,direct,16000,pos_03,comparison,conflicting,5,0.0,0.0,0.0,0.0
qwen3:14b,direct,16000,pos_03,comparison,high,5,0.0,0.0,0.0,0.0
qwen3:14b,direct,16000,pos_03,comparison,low,5,0.0,0.0,0.0,0.0
qwen3:14b,direct,16000,pos_03,comparison,none,5,0.0,0.0,0.0,0.0
qwen3:14b,direct,16000,pos_03,multi_hop,conflicting,5,0.0,0.0,0.6666666666666666,0.0
qwen3:14b,direct,16000,pos_03,multi_hop,high,5,0.0,0.0,0.6666666666666666,0.0
qwen3:14b,direct,16000,pos_03,multi_hop,low,5,0.0,0.0,0.6666666666666666,0.0
qwen3:14b,direct,16000,pos_03,multi_hop,none,5,0.0,0.0,0.6666666666666666,0.0
qwen3:14b,direct,16000,pos_03,single_hop,conflicting,5,0.0,0.0,1.0,0.0
qwen3:14b,direct,16000,pos_03,single_hop,high,5,0.0,0.0,1.0,0.0
qwen3:14b,direct,16000,pos_03,single_hop,low,5,0.0,0.0,1.0,0.0
qwen3:14b,direct,16000,pos_03,single_hop,none,5,0.0,0.0,0.6,0.0
qwen3:14b,direct,16000,pos_04,arithmetic,conflicting,5,0.0,0.0,0.0,0.0
qwen3:14b,direct,16000,pos_04,arithmetic,high,5,0.0,0.0,0.26666666666666666,0.2
qwen3:14b,direct,16000,pos_04,arithmetic,low,5,0.0,0.0,0.26666666666666666,0.0
qwen3:14b,direct,16000,pos_04,arithmetic,none,5,0.0,0.0,0.13333333333333333,0.0
qwen3:14b,direct,16000,pos_04,comparison,conflicting,5,0.0,0.0,0.0,0.0
qwen3:14b,direct,16000,pos_04,comparison,high,5,0.0,0.0,0.0,0.0
qwen3:14b,direct,16000,pos_04,comparison,low,5,0.0,0.0,0.0,0.0
qwen3:14b,direct,16000,pos_04,comparison,none,5,0.0,0.0,0.0,0.0
qwen3:14b,direct,16000,pos_04,multi_hop,conflicting,5,0.0,0.0,0.5333333333333333,0.0
qwen3:14b,direct,16000,pos_04,multi_hop,high,5,0.0,0.0,0.5333333333333333,0.2
qwen3:14b,direct,16000,pos_04,multi_hop,low,5,0.0,0.0,0.6666666666666666,0.0
qwen3:14b,direct,16000,pos_04,multi_hop,none,5,0.0,0.0,0.6666666666666666,0.0
qwen3:14b,direct,16000,pos_04,single_hop,conflicting,5,0.0,0.0,1.0,0.0
qwen3:14b,direct,16000,pos_04,single_hop,high,5,0.0,0.0,0.0,0.0
qwen3:14b,direct,16000,pos_04,single_hop,low,5,0.0,0.0,0.2,0.2
qwen3:14b,direct,16000,pos_04,single_hop,none,5,0.0,0.0,0.8,0.0
qwen3:14b,direct,16000,pos_05,arithmetic,conflicting,5,0.0,0.0,0.5599999999999999,0.0
qwen3:14b,direct,16000,pos_05,arithmetic,high,5,0.0,0.0,0.5866666666666667,0.0
qwen3:14b,direct,16000,pos_05,arithmetic,low,5,0.0,0.0,0.29333333333333333,0.0
qwen3:14b,direct,16000,pos_05,arithmetic,none,5,0.0,0.0,0.7333333333333333,0.2
qwen3:14b,direct,16000,pos_05,comparison,conflicting,5,0.0,0.0,0.0,0.0
qwen3:14b,direct,16000,pos_05,comparison,high,5,0.0,0.0,0.0,0.0
qwen3:14b,direct,16000,pos_05,comparison,low,5,0.0,0.0,0.0,0.0
qwen3:14b,direct,16000,pos_05,comparison,none,5,0.0,0.0,0.0,0.0
qwen3:14b,direct,16000,pos_05,multi_hop,conflicting,5,0.0,0.0,0.6666666666666666,0.0
qwen3:14b,direct,16000,pos_05,multi_hop,high,5,0.0,0.0,0.6666666666666666,0.0
qwen3:14b,direct,16000,pos_05,multi_hop,low,5,0.0,0.0,0.6666666666666666,0.0
qwen3:14b,direct,16000,pos_05,multi_hop,none,5,0.0,0.0,0.6666666666666666,0.0
qwen3:14b,direct,16000,pos_05,single_hop,conflicting,5,0.0,0.0,0.0,0.0
qwen3:14b,direct,16000,pos_05,single_hop,high,5,0.0,0.0,0.6,0.0
qwen3:14b,direct,16000,pos_05,single_hop,low,5,0.0,0.0,1.0,0.0
qwen3:14b,direct,16000,pos_05,single_hop,none,5,0.0,0.0,0.8,0.0
qwen3:14b,direct,16000,pos_06,arithmetic,conflicting,5,0.0,0.0,0.6666666666666666,0.0
qwen3:14b,direct,16000,pos_06,arithmetic,high,5,0.0,0.0,0.9333333333333333,0.0
qwen3:14b,direct,16000,pos_06,arithmetic,low,5,0.0,0.0,0.7333333333333333,0.0
qwen3:14b,direct,16000,pos_06,arithmetic,none,5,0.0,0.0,0.6666666666666666,0.0
qwen3:14b,direct,16000,pos_06,comparison,conflicting,5,1.0,1.0,0.6666666666666666,0.0
qwen3:14b,direct,16000,pos_06,comparison,high,5,1.0,1.0,0.6666666666666666,0.0
qwen3:14b,direct,16000,pos_06,comparison,low,5,1.0,1.0,0.6666666666666666,0.0
qwen3:14b,direct,16000,pos_06,comparison,none,5,1.0,1.0,0.6666666666666666,0.0
qwen3:14b,direct,16000,pos_06,multi_hop,conflicting,5,1.0,1.0,0.7333333333333333,0.0
qwen3:14b,direct,16000,pos_06,multi_hop,high,5,1.0,1.0,1.0,0.0
qwen3:14b,direct,16000,pos_06,multi_hop,low,5,1.0,1.0,0.9333333333333333,0.0
qwen3:14b,direct,16000,pos_06,multi_hop,none,5,1.0,1.0,0.8666666666666667,0.0
qwen3:14b,direct,16000,pos_06,single_hop,conflicting,5,0.0,0.0,1.0,0.0
qwen3:14b,direct,16000,pos_06,single_hop,high,5,0.0,0.0,1.0,0.0
qwen3:14b,direct,16000,pos_06,single_hop,low,5,0.0,0.0,1.0,0.0
qwen3:14b,direct,16000,pos_06,single_hop,none,5,0.0,0.0,1.0,0.0
qwen3:14b,direct,16000,pos_07,arithmetic,conflicting,5,0.2,0.2,0.7333333333333333,0.0
qwen3:14b,direct,16000,pos_07,arithmetic,high,5,0.0,0.0,0.7999999999999999,0.0
qwen3:14b,direct,16000,pos_07,arithmetic,low,5,0.0,0.0,0.8666666666666667,0.0
qwen3:14b,direct,16000,pos_07,arithmetic,none,5,0.0,0.0,0.7999999999999999,0.0
qwen3:14b,direct,16000,pos_07,comparison,conflicting,5,1.0,1.0,0.6666666666666666,0.0
qwen3:14b,direct,16000,pos_07,comparison,high,5,1.0,1.0,0.6666666666666666,0.0
qwen3:14b,direct,16000,pos_07,comparison,low,5,1.0,1.0,0.6666666666666666,0.0
qwen3:14b,direct,16000,pos_07,comparison,none,5,1.0,1.0,0.6666666666666666,0.0
qwen3:14b,direct,16000,pos_07,multi_hop,conflicting,5,1.0,1.0,0.6666666666666666,0.0
qwen3:14b,direct,16000,pos_07,multi_hop,high,5,1.0,1.0,1.0,0.0
qwen3:14b,direct,16000,pos_07,multi_hop,low,5,1.0,1.0,0.7999999999999999,0.0
qwen3:14b,direct,16000,pos_07,multi_hop,none,5,1.0,1.0,0.9333333333333333,0.0
qwen3:14b,direct,16000,pos_07,single_hop,conflicting,5,0.0,0.0,1.0,0.0
qwen3:14b,direct,16000,pos_07,single_hop,high,5,0.0,0.0,1.0,0.0
qwen3:14b,direct,16000,pos_07,single_hop,low,5,0.0,0.0,1.0,0.0
qwen3:14b,direct,16000,pos_07,single_hop,none,5,0.0,0.0,1.0,0.0
qwen3:14b,direct,16000,pos_08,arithmetic,conflicting,5,1.0,1.0,1.0,0.0
qwen3:14b,direct,16000,pos_08,arithmetic,high,5,1.0,1.0,1.0,0.0
qwen3:14b,direct,16000,pos_08,arithmetic,low,5,1.0,1.0,1.0,0.0
qwen3:14b,direct,16000,pos_08,arithmetic,none,5,1.0,1.0,1.0,0.0
qwen3:14b,direct,16000,pos_08,comparison,conflicting,5,1.0,1.0,1.0,0.0
qwen3:14b,direct,16000,pos_08,comparison,high,5,1.0,1.0,1.0,0.0
qwen3:14b,direct,16000,pos_08,comparison,low,5,1.0,1.0,1.0,0.0
qwen3:14b,direct,16000,pos_08,comparison,none,5,1.0,1.0,1.0,0.0
qwen3:14b,direct,16000,pos_08,multi_hop,conflicting,5,1.0,1.0,0.6666666666666666,0.0
qwen3:14b,direct,16000,pos_08,multi_hop,high,5,1.0,1.0,0.6666666666666666,0.0
qwen3:14b,direct,16000,pos_08,multi_hop,low,5,1.0,1.0,0.6666666666666666,0.0
qwen3:14b,direct,16000,pos_08,multi_hop,none,5,1.0,1.0,0.7333333333333333,0.0
qwen3:14b,direct,16000,pos_08,single_hop,conflicting,5,1.0,1.0,1.0,0.0
qwen3:14b,direct,16000,pos_08,single_hop,high,5,1.0,1.0,1.0,0.0
qwen3:14b,direct,16000,pos_08,single_hop,low,5,1.0,1.0,1.0,0.0
qwen3:14b,direct,16000,pos_08,single_hop,none,5,1.0,1.0,1.0,0.0
qwen3:14b,direct,16000,pos_09,arithmetic,conflicting,5,0.8,0.8,0.9333333333333333,0.0
qwen3:14b,direct,16000,pos_09,arithmetic,high,5,1.0,1.0,1.0,0.0
qwen3:14b,direct,16000,pos_09,arithmetic,low,5,1.0,1.0,1.0,0.0
qwen3:14b,direct,16000,pos_09,arithmetic,none,5,1.0,1.0,1.0,0.0
qwen3:14b,direct,16000,pos_09,comparison,conflicting,5,1.0,1.0,1.0,0.0
qwen3:14b,direct,16000,pos_09,comparison,high,5,1.0,1.0,1.0,0.0
qwen3:14b,direct,16000,pos_09,comparison,low,5,1.0,1.0,1.0,0.0
qwen3:14b,direct,16000,pos_09,comparison,none,5,1.0,1.0,1.0,0.0
qwen3:14b,direct,16000,pos_09,multi_hop,conflicting,5,1.0,1.0,0.9333333333333333,0.0
qwen3:14b,direct,16000,pos_09,multi_hop,high,5,1.0,1.0,1.0,0.0
qwen3:14b,direct,16000,pos_09,multi_hop,low,5,1.0,1.0,1.0,0.0
qwen3:14b,direct,16000,pos_09,multi_hop,none,5,1.0,1.0,1.0,0.0
qwen3:14b,direct,16000,pos_09,single_hop,conflicting,5,1.0,1.0,1.0,0.0
qwen3:14b,direct,16000,pos_09,single_hop,high,5,0.8,0.8,0.8,0.2
qwen3:14b,direct,16000,pos_09,single_hop,low,5,1.0,1.0,1.0,0.0
qwen3:14b,direct,16000,pos_09,single_hop,none,5,1.0,1.0,1.0,0.0
qwen3:14b,direct,32000,pos_00,arithmetic,conflicting,5,0.0,0.0,0.6133333333333334,0.0
qwen3:14b,direct,32000,pos_00,arithmetic,high,5,0.0,0.0,0.16,0.0
qwen3:14b,direct,32000,pos_00,arithmetic,low,5,0.0,0.0,0.0,0.0
qwen3:14b,direct,32000,pos_00,arithmetic,none,5,0.0,0.0,0.0,0.0
qwen3:14b,direct,32000,pos_00,comparison,conflicting,5,0.0,0.0,0.0,0.0
qwen3:14b,direct,32000,pos_00,comparison,high,5,0.0,0.0,0.0,0.0
qwen3:14b,direct,32000,pos_00,comparison,low,5,0.0,0.0,0.0,0.0
qwen3:14b,direct,32000,pos_00,comparison,none,5,0.0,0.0,0.0,0.0
qwen3:14b,direct,32000,pos_00,multi_hop,conflicting,5,0.0,0.0,0.6666666666666666,0.0
qwen3:14b,direct,32000,pos_00,multi_hop,high,5,0.0,0.0,0.6666666666666666,0.0
qwen3:14b,direct,32000,pos_00,multi_hop,low,5,0.0,0.0,0.6666666666666666,0.0
qwen3:14b,direct,32000,pos_00,multi_hop,none,5,0.0,0.0,0.6666666666666666,0.0
qwen3:14b,direct,32000,pos_00,single_hop,conflicting,5,0.0,0.0,0.2,0.0
qwen3:14b,direct,32000,pos_00,single_hop,high,5,0.0,0.0,1.0,0.0
qwen3:14b,direct,32000,pos_00,single_hop,low,5,0.0,0.0,0.6,0.0
qwen3:14b,direct,32000,pos_00,single_hop,none,5,0.0,0.0,1.0,0.0
qwen3:14b,direct,32000,pos_01,arithmetic,conflicting,5,0.0,0.0,0.0,0.0
qwen3:14b,direct,32000,pos_01,arithmetic,high,5,0.0,0.0,0.0,0.0
qwen3:14b,direct,32000,pos_01,arithmetic,low,5,0.0,0.0,0.0,0.0
qwen3:14b,direct,32000,pos_01,arithmetic,none,5,0.0,0.0,0.13333333333333333,0.0
qwen3:14b,direct,32000,pos_01,comparison,conflicting,5,0.0,0.0,0.0,0.0
qwen3:14b,direct,32000,pos_01,comparison,high,5,0.0,0.0,0.0,0.0
qwen3:14b,direct,32000,pos_01,comparison,low,5,0.0,0.0,0.0,0.2
qwen3:14b,direct,32000,pos_01,comparison,none,5,0.0,0.0,0.0,0.0
qwen3:14b,direct,32000,pos_01,multi_hop,conflicting,5,0.0,0.0,0.6666666666666666,0.0
qwen3:14b,direct,32000,pos_01,multi_hop,high,5,0.0,0.0,0.6666666666666666,0.0
qwen3:14b,direct,32000,pos_01,multi_hop,low,5,0.0,0.0,0.6666666666666666,0.0
qwen3:14b,direct,32000,pos_01,multi_hop,none,5,0.0,0.0,0.6666666666666666,0.0
qwen3:14b,direct,32000,pos_01,single_hop,conflicting,5,0.0,0.0,1.0,0.0
qwen3:14b,direct,32000,pos_01,single_hop,high,5,0.0,0.0,1.0,0.0
qwen3:14b,direct,32000,pos_01,single_hop,low,5,0.0,0.0,1.0,0.0
qwen3:14b,direct,32000,pos_01,single_hop,none,5,0.0,0.0,1.0,0.0
qwen3:14b,direct,32000,pos_02,arithmetic,conflicting,5,0.0,0.0,0.13333333333333333,0.0
qwen3:14b,direct,32000,pos_02,arithmetic,high,5,0.0,0.0,0.29333333333333333,0.0
qwen3:14b,direct,32000,pos_02,arithmetic,low,5,0.0,0.0,0.13333333333333333,0.0
qwen3:14b,direct,32000,pos_02,arithmetic,none,5,0.0,0.0,0.3333333333333333,0.0
qwen3:14b,direct,32000,pos_02,comparison,conflicting,5,0.0,0.0,0.0,0.0
qwen3:14b,direct,32000,pos_02,comparison,high,5,0.0,0.0,0.0,0.0
qwen3:14b,direct,32000,pos_02,comparison,low,5,0.0,0.0,0.0,0.0
qwen3:14b,direct,32000,pos_02,comparison,none,5,0.0,0.0,0.0,0.0
qwen3:14b,direct,32000,pos_02,multi_hop,conflicting,5,0.0,0.0,0.6666666666666666,0.0
qwen3:14b,direct,32000,pos_02,multi_hop,high,5,0.0,0.0,0.6666666666666666,0.0
qwen3:14b,direct,32000,pos_02,multi_hop,low,5,0.0,0.0,0.6666666666666666,0.0
qwen3:14b,direct,32000,pos_02,multi_hop,none,5,0.0,0.0,0.6666666666666666,0.0
qwen3:14b,direct,32000,pos_02,single_hop,conflicting,5,0.0,0.0,1.0,0.0
qwen3:14b,direct,32000,pos_02,single_hop,high,5,0.0,0.0,1.0,0.0
qwen3:14b,direct,32000,pos_02,single_hop,low,5,0.0,0.0,0.6,0.0
qwen3:14b,direct,32000,pos_02,single_hop,none,5,0.0,0.0,1.0,0.0
qwen3:14b,direct,32000,pos_03,arithmetic,conflicting,5,0.0,0.0,0.0,0.0
qwen3:14b,direct,32000,pos_03,arithmetic,high,5,0.0,0.0,0.0,0.0
qwen3:14b,direct,32000,pos_03,arithmetic,low,5,0.0,0.0,0.0,0.0
qwen3:14b,direct,32000,pos_03,arithmetic,none,5,0.0,0.0,0.2,0.0
qwen3:14b,direct,32000,pos_03,comparison,conflicting,5,0.0,0.0,0.0,0.0
qwen3:14b,direct,32000,pos_03,comparison,high,5,0.0,0.0,0.0,0.0
qwen3:14b,direct,32000,pos_03,comparison,low,5,0.0,0.0,0.0,0.0
qwen3:14b,direct,32000,pos_03,comparison,none,5,0.0,0.0,0.0,0.0
qwen3:14b,direct,32000,pos_03,multi_hop,conflicting,5,0.0,0.0,0.6666666666666666,0.0
qwen3:14b,direct,32000,pos_03,multi_hop,high,5,0.0,0.0,0.6666666666666666,0.0
qwen3:14b,direct,32000,pos_03,multi_hop,low,5,0.0,0.0,0.6666666666666666,0.0
qwen3:14b,direct,32000,pos_03,multi_hop,none,5,0.0,0.0,0.6666666666666666,0.0
qwen3:14b,direct,32000,pos_03,single_hop,conflicting,5,0.0,0.0,0.6,0.0
qwen3:14b,direct,32000,pos_03,single_hop,high,5,0.0,0.0,1.0,0.0
qwen3:14b,direct,32000,pos_03,single_hop,low,5,0.0,0.0,1.0,0.0
qwen3:14b,direct,32000,pos_03,single_hop,none,5,0.0,0.0,0.4,0.0
qwen3:14b,direct,32000,pos_04,arithmetic,conflicting,5,0.0,0.0,0.0,0.0
qwen3:14b,direct,32000,pos_04,arithmetic,high,5,0.0,0.0,0.0,0.0
qwen3:14b,direct,32000,pos_04,arithmetic,low,5,0.0,0.0,0.0,0.0
qwen3:14b,direct,32000,pos_04,arithmetic,none,5,0.0,0.0,0.0,0.0
qwen3:14b,direct,32000,pos_04,comparison,conflicting,5,0.0,0.0,0.0,0.0
qwen3:14b,direct,32000,pos_04,comparison,high,5,0.0,0.0,0.0,0.0
qwen3:14b,direct,32000,pos_04,comparison,low,5,0.0,0.0,0.0,0.0
qwen3:14b,direct,32000,pos_04,comparison,none,5,0.0,0.0,0.0,0.0
qwen3:14b,direct,32000,pos_04,multi_hop,conflicting,5,0.0,0.0,0.6666666666666666,0.0
qwen3:14b,direct,32000,pos_04,multi_hop,high,5,0.0,0.0,0.6666666666666666,0.0
qwen3:14b,direct,32000,pos_04,multi_hop,low,5,0.0,0.0,0.5333333333333333,0.2
qwen3:14b,direct,32000,pos_04,multi_hop,none,5,0.0,0.0,0.6666666666666666,0.0
qwen3:14b,direct,32000,pos_04,single_hop,conflicting,5,0.0,0.0,0.8,0.2
qwen3:14b,direct,32000,pos_04,single_hop,high,5,0.0,0.0,1.0,0.0
qwen3:14b,direct,32000,pos_04,single_hop,low,5,0.0,0.0,1.0,0.0
qwen3:14b,direct,32000,pos_04,single_hop,none,5,0.0,0.0,0.6,0.0
qwen3:14b,direct,32000,pos_05,arithmetic,conflicting,5,0.0,0.0,0.0,0.0
qwen3:14b,direct,32000,pos_05,arithmetic,high,5,0.0,0.0,0.0,0.0
qwen3:14b,direct,32000,pos_05,arithmetic,low,5,0.0,0.0,0.0,0.0
qwen3:14b,direct,32000,pos_05,arithmetic,none,5,0.0,0.0,0.0,0.0
qwen3:14b,direct,32000,pos_05,comparison,conflicting,5,0.0,0.0,0.0,0.0
qwen3:14b,direct,32000,pos_05,comparison,high,5,0.0,0.0,0.0,0.0
qwen3:14b,direct,32000,pos_05,comparison,low,5,0.0,0.0,0.0,0.0
qwen3:14b,direct,32000,pos_05,comparison,none,5,0.0,0.0,0.0,0.0
qwen3:14b,direct,32000,pos_05,multi_hop,conflicting,5,0.0,0.0,0.5333333333333333,0.2
qwen3:14b,direct,32000,pos_05,multi_hop,high,5,0.0,0.0,0.6666666666666666,0.0
qwen3:14b,direct,32000,pos_05,multi_hop,low,5,0.0,0.0,0.6666666666666666,0.0
qwen3:14b,direct,32000,pos_05,multi_hop,none,5,0.0,0.0,0.6666666666666666,0.0
qwen3:14b,direct,32000,pos_05,single_hop,conflicting,5,0.0,0.0,1.0,0.0
qwen3:14b,direct,32000,pos_05,single_hop,high,5,0.0,0.0,1.0,0.0
qwen3:14b,direct,32000,pos_05,single_hop,low,5,0.0,0.0,1.0,0.0
qwen3:14b,direct,32000,pos_05,single_hop,none,5,0.0,0.0,1.0,0.0
qwen3:14b,direct,32000,pos_06,arithmetic,conflicting,5,0.0,0.0,0.0,0.0
qwen3:14b,direct,32000,pos_06,arithmetic,high,5,0.0,0.0,0.0,0.0
qwen3:14b,direct,32000,pos_06,arithmetic,low,5,0.0,0.0,0.0,0.0
qwen3:14b,direct,32000,pos_06,arithmetic,none,5,0.0,0.0,0.13333333333333333,0.0
qwen3:14b,direct,32000,pos_06,comparison,conflicting,5,0.0,0.0,0.0,0.0
qwen3:14b,direct,32000,pos_06,comparison,high,5,0.0,0.0,0.0,0.0
qwen3:14b,direct,32000,pos_06,comparison,low,5,0.0,0.0,0.0,0.0
qwen3:14b,direct,32000,pos_06,comparison,none,5,0.0,0.0,0.0,0.0
qwen3:14b,direct,32000,pos_06,multi_hop,conflicting,5,0.0,0.0,0.6666666666666666,0.0
qwen3:14b,direct,32000,pos_06,multi_hop,high,5,0.0,0.0,0.6666666666666666,0.0
qwen3:14b,direct,32000,pos_06,multi_hop,low,5,0.0,0.0,0.6666666666666666,0.0
qwen3:14b,direct,32000,pos_06,multi_hop,none,5,0.0,0.0,0.6666666666666666,0.0
qwen3:14b,direct,32000,pos_06,single_hop,conflicting,5,0.0,0.0,0.8,0.2
qwen3:14b,direct,32000,pos_06,single_hop,high,5,0.0,0.0,1.0,0.0
qwen3:14b,direct,32000,pos_06,single_hop,low,5,0.0,0.0,0.8,0.0
qwen3:14b,direct,32000,pos_06,single_hop,none,5,0.0,0.0,1.0,0.0
qwen3:14b,direct,32000,pos_07,arithmetic,conflicting,5,0.0,0.0,0.7733333333333333,0.0
qwen3:14b,direct,32000,pos_07,arithmetic,high,5,0.0,0.0,0.6666666666666666,0.0
qwen3:14b,direct,32000,pos_07,arithmetic,low,5,0.0,0.0,0.13333333333333333,0.0
qwen3:14b,direct,32000,pos_07,arithmetic,none,5,0.0,0.0,0.0,0.0
qwen3:14b,direct,32000,pos_07,comparison,conflicting,5,0.0,0.0,0.0,0.0
qwen3:14b,direct,32000,pos_07,comparison,high,5,0.0,0.0,0.0,0.0
qwen3:14b,direct,32000,pos_07,comparison,low,5,0.0,0.0,0.0,0.0
qwen3:14b,direct,32000,pos_07,comparison,none,5,0.0,0.0,0.0,0.0
qwen3:14b,direct,32000,pos_07,multi_hop,conflicting,5,0.0,0.0,0.6666666666666666,0.0
qwen3:14b,direct,32000,pos_07,multi_hop,high,5,0.0,0.0,0.6666666666666666,0.0
qwen3:14b,direct,32000,pos_07,multi_hop,low,5,0.0,0.0,0.6666666666666666,0.0
qwen3:14b,direct,32000,pos_07,multi_hop,none,5,0.0,0.0,0.6666666666666666,0.0
qwen3:14b,direct,32000,pos_07,single_hop,conflicting,5,0.0,0.0,0.0,0.0
qwen3:14b,direct,32000,pos_07,single_hop,high,5,0.0,0.0,0.6,0.0
qwen3:14b,direct,32000,pos_07,single_hop,low,5,0.0,0.0,0.0,0.0
qwen3:14b,direct,32000,pos_07,single_hop,none,5,0.0,0.0,1.0,0.0
qwen3:14b,direct,32000,pos_08,arithmetic,conflicting,5,0.0,0.0,0.6666666666666666,0.0
qwen3:14b,direct,32000,pos_08,arithmetic,high,5,0.0,0.0,0.7333333333333333,0.0
qwen3:14b,direct,32000,pos_08,arithmetic,low,5,0.0,0.0,0.7333333333333333,0.0
qwen3:14b,direct,32000,pos_08,arithmetic,none,5,0.0,0.0,0.6,0.2
qwen3:14b,direct,32000,pos_08,comparison,conflicting,5,1.0,1.0,0.6666666666666666,0.0
qwen3:14b,direct,32000,pos_08,comparison,high,5,1.0,1.0,0.6666666666666666,0.0
qwen3:14b,direct,32000,pos_08,comparison,low,5,1.0,1.0,0.6666666666666666,0.0
qwen3:14b,direct,32000,pos_08,comparison,none,5,1.0,1.0,0.6666666666666666,0.0
qwen3:14b,direct,32000,pos_08,multi_hop,conflicting,5,1.0,1.0,0.6666666666666666,0.0
qwen3:14b,direct,32000,pos_08,multi_hop,high,5,1.0,1.0,0.8666666666666667,0.0
qwen3:14b,direct,32000,pos_08,multi_hop,low,5,1.0,1.0,0.7333333333333333,0.0
qwen3:14b,direct,32000,pos_08,multi_hop,none,5,1.0,1.0,0.7999999999999999,0.0
qwen3:14b,direct,32000,pos_08,single_hop,conflicting,5,0.0,0.0,1.0,0.0
qwen3:14b,direct,32000,pos_08,single_hop,high,5,0.0,0.0,1.0,0.0
qwen3:14b,direct,32000,pos_08,single_hop,low,5,0.0,0.0,1.0,0.0
qwen3:14b,direct,32000,pos_08,single_hop,none,5,0.0,0.0,1.0,0.0
qwen3:14b,direct,32000,pos_09,arithmetic,conflicting,5,1.0,1.0,1.0,0.0
qwen3:14b,direct,32000,pos_09,arithmetic,high,5,1.0,1.0,1.0,0.0
qwen3:14b,direct,32000,pos_09,arithmetic,low,5,1.0,1.0,1.0,0.0
qwen3:14b,direct,32000,pos_09,arithmetic,none,5,1.0,1.0,1.0,0.0
qwen3:14b,direct,32000,pos_09,comparison,conflicting,5,1.0,1.0,1.0,0.0
qwen3:14b,direct,32000,pos_09,comparison,high,5,1.0,1.0,1.0,0.0
qwen3:14b,direct,32000,pos_09,comparison,low,5,1.0,1.0,1.0,0.0
qwen3:14b,direct,32000,pos_09,comparison,none,5,1.0,1.0,1.0,0.0
qwen3:14b,direct,32000,pos_09,multi_hop,conflicting,5,1.0,1.0,0.6666666666666666,0.0
qwen3:14b,direct,32000,pos_09,multi_hop,high,5,1.0,1.0,0.7333333333333333,0.0
qwen3:14b,direct,32000,pos_09,multi_hop,low,5,1.0,1.0,0.6666666666666666,0.0
qwen3:14b,direct,32000,pos_09,multi_hop,none,5,1.0,1.0,0.6666666666666666,0.0
qwen3:14b,direct,32000,pos_09,single_hop,conflicting,5,0.8,0.8,0.8,0.2
qwen3:14b,direct,32000,pos_09,single_hop,high,5,1.0,1.0,1.0,0.0
qwen3:14b,direct,32000,pos_09,single_hop,low,5,1.0,1.0,1.0,0.0
qwen3:14b,direct,32000,pos_09,single_hop,none,5,1.0,1.0,1.0,0.0
qwen3:14b,direct,4000,pos_00,arithmetic,conflicting,5,1.0,1.0,1.0,0.0
qwen3:14b,direct,4000,pos_00,arithmetic,high,5,1.0,1.0,1.0,0.0
qwen3:14b,direct,4000,pos_00,arithmetic,low,5,1.0,1.0,1.0,0.0
qwen3:14b,direct,4000,pos_00,arithmetic,none,5,1.0,1.0,1.0,0.0
qwen3:14b,direct,4000,pos_00,comparison,conflicting,5,0.5,0.0,0.5,0.0
qwen3:14b,direct,4000,pos_00,comparison,high,5,1.0,1.0,1.0,0.0
qwen3:14b,direct,4000,pos_00,comparison,low,5,1.0,1.0,1.0,0.0
qwen3:14b,direct,4000,pos_00,comparison,none,5,1.0,1.0,1.0,0.0
qwen3:14b,direct,4000,pos_00,multi_hop,conflicting,5,1.0,1.0,1.0,0.0
qwen3:14b,direct,4000,pos_00,multi_hop,high,5,1.0,1.0,1.0,0.0
qwen3:14b,direct,4000,pos_00,multi_hop,low,5,1.0,1.0,1.0,0.0
qwen3:14b,direct,4000,pos_00,multi_hop,none,5,1.0,1.0,1.0,0.0
qwen3:14b,direct,4000,pos_00,single_hop,conflicting,5,1.0,1.0,1.0,0.0
qwen3:14b,direct,4000,pos_00,single_hop,high,5,1.0,1.0,1.0,0.0
qwen3:14b,direct,4000,pos_00,single_hop,low,5,1.0,1.0,1.0,0.0
qwen3:14b,direct,4000,pos_00,single_hop,none,5,1.0,1.0,1.0,0.0
qwen3:14b,direct,4000,pos_01,arithmetic,conflicting,5,1.0,1.0,1.0,0.0
qwen3:14b,direct,4000,pos_01,arithmetic,high,5,1.0,1.0,1.0,0.0
qwen3:14b,direct,4000,pos_01,arithmetic,low,5,1.0,1.0,1.0,0.0
qwen3:14b,direct,4000,pos_01,arithmetic,none,5,1.0,1.0,1.0,0.0
qwen3:14b,direct,4000,pos_01,comparison,conflicting,5,0.8,0.6,0.74,0.0
qwen3:14b,direct,4000,pos_01,comparison,high,5,1.0,1.0,1.0,0.0
qwen3:14b,direct,4000,pos_01,comparison,low,5,1.0,1.0,1.0,0.0
qwen3:14b,direct,4000,pos_01,comparison,none,5,1.0,1.0,1.0,0.0
qwen3:14b,direct,4000,pos_01,multi_hop,conflicting,5,1.0,1.0,1.0,0.0
qwen3:14b,direct,4000,pos_01,multi_hop,high,5,1.0,1.0,1.0,0.0
qwen3:14b,direct,4000,pos_01,multi_hop,low,5,1.0,1.0,1.0,0.0
qwen3:14b,direct,4000,pos_01,multi_hop,none,5,1.0,1.0,1.0,0.0
qwen3:14b,direct,4000,pos_01,single_hop,conflicting,5,1.0,1.0,1.0,0.0
qwen3:14b,direct,4000,pos_01,single_hop,high,5,1.0,1.0,1.0,0.0
qwen3:14b,direct,4000,pos_01,single_hop,low,5,1.0,1.0,1.0,0.0
qwen3:14b,direct,4000,pos_01,single_hop,none,5,1.0,1.0,1.0,0.0
qwen3:14b,direct,4000,pos_02,arithmetic,conflicting,5,1.0,1.0,1.0,0.0
qwen3:14b,direct,4000,pos_02,arithmetic,high,5,1.0,1.0,1.0,0.0
qwen3:14b,direct,4000,pos_02,arithmetic,low,5,1.0,1.0,1.0,0.0
qwen3:14b,direct,4000,pos_02,arithmetic,none,5,1.0,1.0,1.0,0.0
qwen3:14b,direct,4000,pos_02,comparison,conflicting,5,0.9,0.8,0.8,0.0
qwen3:14b,direct,4000,pos_02,comparison,high,5,1.0,1.0,1.0,0.0
qwen3:14b,direct,4000,pos_02,comparison,low,5,1.0,1.0,1.0,0.0
qwen3:14b,direct,4000,pos_02,comparison,none,5,1.0,1.0,1.0,0.0
qwen3:14b,direct,4000,pos_02,multi_hop,conflicting,5,1.0,1.0,1.0,0.0
qwen3:14b,direct,4000,pos_02,multi_hop,high,5,1.0,1.0,1.0,0.0
qwen3:14b,direct,4000,pos_02,multi_hop,low,5,1.0,1.0,1.0,0.0
qwen3:14b,direct,4000,pos_02,multi_hop,none,5,1.0,1.0,1.0,0.0
qwen3:14b,direct,4000,pos_02,single_hop,conflicting,5,1.0,1.0,1.0,0.0
qwen3:14b,direct,4000,pos_02,single_hop,high,5,1.0,1.0,1.0,0.0
qwen3:14b,direct,4000,pos_02,single_hop,low,5,1.0,1.0,1.0,0.0
qwen3:14b,direct,4000,pos_02,single_hop,none,5,1.0,1.0,1.0,0.0
qwen3:14b,direct,4000,pos_03,arithmetic,conflicting,5,1.0,1.0,1.0,0.0
qwen3:14b,direct,4000,pos_03,arithmetic,high,5,1.0,1.0,1.0,0.0
qwen3:14b,direct,4000,pos_03,arithmetic,low,5,1.0,1.0,1.0,0.0
qwen3:14b,direct,4000,pos_03,arithmetic,none,5,1.0,1.0,1.0,0.0
qwen3:14b,direct,4000,pos_03,comparison,conflicting,5,0.8,0.6,0.8,0.0
qwen3:14b,direct,4000,pos_03,comparison,high,5,0.9,0.8,0.92,0.0
qwen3:14b,direct,4000,pos_03,comparison,low,5,1.0,1.0,1.0,0.0
qwen3:14b,direct,4000,pos_03,comparison,none,5,1.0,1.0,1.0,0.0
qwen3:14b,direct,4000,pos_03,multi_hop,conflicting,5,1.0,1.0,1.0,0.0
qwen3:14b,direct,4000,pos_03,multi_hop,high,5,1.0,1.0,1.0,0.0
qwen3:14b,direct,4000,pos_03,multi_hop,low,5,1.0,1.0,1.0,0.0
qwen3:14b,direct,4000,pos_03,multi_hop,none,5,1.0,1.0,1.0,0.0
qwen3:14b,direct,4000,pos_03,single_hop,conflicting,5,1.0,1.0,1.0,0.0
qwen3:14b,direct,4000,pos_03,single_hop,high,5,1.0,1.0,1.0,0.0
qwen3:14b,direct,4000,pos_03,single_hop,low,5,1.0,1.0,1.0,0.0
qwen3:14b,direct,4000,pos_03,single_hop,none,5,1.0,1.0,1.0,0.0
qwen3:14b,direct,4000,pos_04,arithmetic,conflicting,5,1.0,1.0,1.0,0.0
qwen3:14b,direct,4000,pos_04,arithmetic,high,5,1.0,1.0,1.0,0.0
qwen3:14b,direct,4000,pos_04,arithmetic,low,5,1.0,1.0,1.0,0.0
qwen3:14b,direct,4000,pos_04,arithmetic,none,5,1.0,1.0,1.0,0.0
qwen3:14b,direct,4000,pos_04,comparison,conflicting,5,0.7,0.4,0.8,0.0
qwen3:14b,direct,4000,pos_04,comparison,high,5,0.8,0.6,1.0,0.0
qwen3:14b,direct,4000,pos_04,comparison,low,5,1.0,1.0,1.0,0.0
qwen3:14b,direct,4000,pos_04,comparison,none,5,1.0,1.0,1.0,0.0
qwen3:14b,direct,4000,pos_04,multi_hop,conflicting,5,1.0,1.0,1.0,0.0
qwen3:14b,direct,4000,pos_04,multi_hop,high,5,1.0,1.0,1.0,0.0
qwen3:14b,direct,4000,pos_04,multi_hop,low,5,1.0,1.0,1.0,0.0
qwen3:14b,direct,4000,pos_04,multi_hop,none,5,1.0,1.0,1.0,0.0
qwen3:14b,direct,4000,pos_04,single_hop,conflicting,5,1.0,1.0,1.0,0.0
qwen3:14b,direct,4000,pos_04,single_hop,high,5,1.0,1.0,1.0,0.0
qwen3:14b,direct,4000,pos_04,single_hop,low,5,1.0,1.0,1.0,0.0
qwen3:14b,direct,4000,pos_04,single_hop,none,5,1.0,1.0,1.0,0.0
qwen3:14b,direct,4000,pos_05,arithmetic,conflicting,5,1.0,1.0,1.0,0.0
qwen3:14b,direct,4000,pos_05,arithmetic,high,5,1.0,1.0,1.0,0.0
qwen3:14b,direct,4000,pos_05,arithmetic,low,5,1.0,1.0,1.0,0.0
qwen3:14b,direct,4000,pos_05,arithmetic,none,5,1.0,1.0,1.0,0.0
qwen3:14b,direct,4000,pos_05,comparison,conflicting,5,0.8,0.6,0.8400000000000001,0.0
qwen3:14b,direct,4000,pos_05,comparison,high,5,0.9,0.8,0.96,0.0
qwen3:14b,direct,4000,pos_05,comparison,low,5,1.0,1.0,1.0,0.0
qwen3:14b,direct,4000,pos_05,comparison,none,5,1.0,1.0,1.0,0.0
qwen3:14b,direct,4000,pos_05,multi_hop,conflicting,5,1.0,1.0,1.0,0.0
qwen3:14b,direct,4000,pos_05,multi_hop,high,5,1.0,1.0,1.0,0.0
qwen3:14b,direct,4000,pos_05,multi_hop,low,5,1.0,1.0,1.0,0.0
qwen3:14b,direct,4000,pos_05,multi_hop,none,5,1.0,1.0,1.0,0.0
qwen3:14b,direct,4000,pos_05,single_hop,conflicting,5,1.0,1.0,1.0,0.0
qwen3:14b,direct,4000,pos_05,single_hop,high,5,1.0,1.0,1.0,0.0
qwen3:14b,direct,4000,pos_05,single_hop,low,5,1.0,1.0,1.0,0.0
qwen3:14b,direct,4000,pos_05,single_hop,none,5,1.0,1.0,1.0,0.0
qwen3:14b,direct,4000,pos_06,arithmetic,conflicting,5,1.0,1.0,1.0,0.0
qwen3:14b,direct,4000,pos_06,arithmetic,high,5,1.0,1.0,1.0,0.0
qwen3:14b,direct,4000,pos_06,arithmetic,low,5,1.0,1.0,1.0,0.0
qwen3:14b,direct,4000,pos_06,arithmetic,none,5,1.0,1.0,1.0,0.0
qwen3:14b,direct,4000,pos_06,comparison,conflicting,5,1.0,1.0,0.96,0.0
qwen3:14b,direct,4000,pos_06,comparison,high,5,0.9,0.8,0.88,0.0
qwen3:14b,direct,4000,pos_06,comparison,low,5,1.0,1.0,1.0,0.0
qwen3:14b,direct,4000,pos_06,comparison,none,5,1.0,1.0,1.0,0.0
qwen3:14b,direct,4000,pos_06,multi_hop,conflicting,5,1.0,1.0,1.0,0.0
qwen3:14b,direct,4000,pos_06,multi_hop,high,5,1.0,1.0,1.0,0.0
qwen3:14b,direct,4000,pos_06,multi_hop,low,5,1.0,1.0,1.0,0.0
qwen3:14b,direct,4000,pos_06,multi_hop,none,5,1.0,1.0,1.0,0.0
qwen3:14b,direct,4000,pos_06,single_hop,conflicting,5,1.0,1.0,1.0,0.0
qwen3:14b,direct,4000,pos_06,single_hop,high,5,1.0,1.0,1.0,0.0
qwen3:14b,direct,4000,pos_06,single_hop,low,5,1.0,1.0,1.0,0.0
qwen3:14b,direct,4000,pos_06,single_hop,none,5,1.0,1.0,1.0,0.0
qwen3:14b,direct,4000,pos_07,arithmetic,conflicting,5,1.0,1.0,1.0,0.0
qwen3:14b,direct,4000,pos_07,arithmetic,high,5,0.8,0.8,1.0,0.0
qwen3:14b,direct,4000,pos_07,arithmetic,low,5,1.0,1.0,1.0,0.0
qwen3:14b,direct,4000,pos_07,arithmetic,none,5,1.0,1.0,1.0,0.0
qwen3:14b,direct,4000,pos_07,comparison,conflicting,5,0.8,0.6,0.76,0.0
qwen3:14b,direct,4000,pos_07,comparison,high,5,0.5,0.0,0.5,0.0
qwen3:14b,direct,4000,pos_07,comparison,low,5,1.0,1.0,1.0,0.0
qwen3:14b,direct,4000,pos_07,comparison,none,5,1.0,1.0,1.0,0.0
qwen3:14b,direct,4000,pos_07,multi_hop,conflicting,5,1.0,1.0,1.0,0.0
qwen3:14b,direct,4000,pos_07,multi_hop,high,5,1.0,1.0,1.0,0.0
qwen3:14b,direct,4000,pos_07,multi_hop,low,5,1.0,1.0,1.0,0.0
qwen3:14b,direct,4000,pos_07,multi_hop,none,5,1.0,1.0,1.0,0.0
qwen3:14b,direct,4000,pos_07,single_hop,conflicting,5,1.0,1.0,1.0,0.0
qwen3:14b,direct,4000,pos_07,single_hop,high,5,1.0,1.0,1.0,0.0
qwen3:14b,direct,4000,pos_07,single_hop,low,5,1.0,1.0,1.0,0.0
qwen3:14b,direct,4000,pos_07,single_hop,none,5,1.0,1.0,1.0,0.0
qwen3:14b,direct,4000,pos_08,arithmetic,conflicting,5,1.0,1.0,1.0,0.0
qwen3:14b,direct,4000,pos_08,arithmetic,high,5,1.0,1.0,1.0,0.0
qwen3:14b,direct,4000,pos_08,arithmetic,low,5,0.8,0.8,1.0,0.0
qwen3:14b,direct,4000,pos_08,arithmetic,none,5,1.0,1.0,1.0,0.0
qwen3:14b,direct,4000,pos_08,comparison,conflicting,5,0.8,0.6,0.72,0.0
qwen3:14b,direct,4000,pos_08,comparison,high,5,0.5,0.0,0.5,0.0
qwen3:14b,direct,4000,pos_08,comparison,low,5,1.0,1.0,1.0,0.0
qwen3:14b,direct,4000,pos_08,comparison,none,5,1.0,1.0,1.0,0.0
qwen3:14b,direct,4000,pos_08,multi_hop,conflicting,5,1.0,1.0,1.0,0.0
qwen3:14b,direct,4000,pos_08,multi_hop,high,5,1.0,1.0,1.0,0.0
qwen3:14b,direct,4000,pos_08,multi_hop,low,5,1.0,1.0,1.0,0.0
qwen3:14b,direct,4000,pos_08,multi_hop,none,5,1.0,1.0,1.0,0.0
qwen3:14b,direct,4000,pos_08,single_hop,conflicting,5,1.0,1.0,1.0,0.0
qwen3:14b,direct,4000,pos_08,single_hop,high,5,1.0,1.0,1.0,0.0
qwen3:14b,direct,4000,pos_08,single_hop,low,5,1.0,1.0,1.0,0.0
qwen3:14b,direct,4000,pos_08,single_hop,none,5,1.0,1.0,1.0,0.0
qwen3:14b,direct,4000,pos_09,arithmetic,conflicting,5,1.0,1.0,1.0,0.0
qwen3:14b,direct,4000,pos_09,arithmetic,high,5,1.0,1.0,1.0,0.0
qwen3:14b,direct,4000,pos_09,arithmetic,low,5,1.0,1.0,1.0,0.0
qwen3:14b,direct,4000,pos_09,arithmetic,none,5,1.0,1.0,1.0,0.0
qwen3:14b,direct,4000,pos_09,comparison,conflicting,5,1.0,1.0,0.92,0.0
qwen3:14b,direct,4000,pos_09,comparison,high,5,1.0,1.0,1.0,0.0
qwen3:14b,direct,4000,pos_09,comparison,low,5,1.0,1.0,1.0,0.0
qwen3:14b,direct,4000,pos_09,comparison,none,5,1.0,1.0,1.0,0.0
qwen3:14b,direct,4000,pos_09,multi_hop,conflicting,5,1.0,1.0,1.0,0.0
qwen3:14b,direct,4000,pos_09,multi_hop,high,5,1.0,1.0,1.0,0.0
qwen3:14b,direct,4000,pos_09,multi_hop,low,5,1.0,1.0,1.0,0.0
qwen3:14b,direct,4000,pos_09,multi_hop,none,5,1.0,1.0,1.0,0.0
qwen3:14b,direct,4000,pos_09,single_hop,conflicting,5,1.0,1.0,1.0,0.0
qwen3:14b,direct,4000,pos_09,single_hop,high,5,1.0,1.0,1.0,0.0
qwen3:14b,direct,4000,pos_09,single_hop,low,5,1.0,1.0,1.0,0.0
qwen3:14b,direct,4000,pos_09,single_hop,none,5,1.0,1.0,1.0,0.0
qwen3:14b,direct,8000,pos_00,arithmetic,conflicting,5,0.0,0.0,0.0,0.0
qwen3:14b,direct,8000,pos_00,arithmetic,high,5,0.0,0.0,0.0,0.0
qwen3:14b,direct,8000,pos_00,arithmetic,low,5,0.0,0.0,0.0,0.0
qwen3:14b,direct,8000,pos_00,arithmetic,none,5,0.0,0.0,0.0,0.0
qwen3:14b,direct,8000,pos_00,comparison,conflicting,5,0.5,0.0,0.6666666666666666,0.0
qwen3:14b,direct,8000,pos_00,comparison,high,5,0.6333333333333333,0.0,0.6666666666666666,0.0
qwen3:14b,direct,8000,pos_00,comparison,low,5,0.0,0.0,0.0,0.0
qwen3:14b,direct,8000,pos_00,comparison,none,5,0.0,0.0,0.0,0.0
qwen3:14b,direct,8000,pos_00,multi_hop,conflicting,5,0.0,0.0,0.6666666666666666,0.0
qwen3:14b,direct,8000,pos_00,multi_hop,high,5,1.0,1.0,0.6666666666666666,0.0
qwen3:14b,direct,8000,pos_00,multi_hop,low,5,0.0,0.0,0.0,0.0
qwen3:14b,direct,8000,pos_00,multi_hop,none,5,0.0,0.0,0.6666666666666666,0.0
qwen3:14b,direct,8000,pos_00,single_hop,conflicting,5,0.0,0.0,1.0,0.0
qwen3:14b,direct,8000,pos_00,single_hop,high,5,0.0,0.0,1.0,0.0
qwen3:14b,direct,8000,pos_00,single_hop,low,5,0.0,0.0,0.0,0.0
qwen3:14b,direct,8000,pos_00,single_hop,none,5,0.0,0.0,0.8,0.0
qwen3:14b,direct,8000,pos_01,arithmetic,conflicting,5,0.0,0.0,0.0,0.0
qwen3:14b,direct,8000,pos_01,arithmetic,high,5,0.0,0.0,0.0,0.0
qwen3:14b,direct,8000,pos_01,arithmetic,low,5,0.0,0.0,0.0,0.0
qwen3:14b,direct,8000,pos_01,arithmetic,none,5,0.0,0.0,0.0,0.0
qwen3:14b,direct,8000,pos_01,comparison,conflicting,5,0.5,0.0,0.6666666666666666,0.0
qwen3:14b,direct,8000,pos_01,comparison,high,5,0.6,0.0,0.6666666666666666,0.0
qwen3:14b,direct,8000,pos_01,comparison,low,5,0.0,0.0,0.13333333333333333,0.0
qwen3:14b,direct,8000,pos_01,comparison,none,5,0.0,0.0,0.0,0.0
qwen3:14b,direct,8000,pos_01,multi_hop,conflicting,5,0.0,0.0,0.6666666666666666,0.0
qwen3:14b,direct,8000,pos_01,multi_hop,high,5,1.0,1.0,0.6666666666666666,0.0
qwen3:14b,direct,8000,pos_01,multi_hop,low,5,0.0,0.0,0.0,0.0
qwen3:14b,direct,8000,pos_01,multi_hop,none,5,0.0,0.0,0.5333333333333333,0.0
qwen3:14b,direct,8000,pos_01,single_hop,conflicting,5,0.0,0.0,1.0,0.0
qwen3:14b,direct,8000,pos_01,single_hop,high,5,0.0,0.0,1.0,0.0
qwen3:14b,direct,8000,pos_01,single_hop,low,5,0.0,0.0,0.0,0.0
qwen3:14b,direct,8000,pos_01,single_hop,none,5,0.0,0.0,1.0,0.0
qwen3:14b,direct,8000,pos_02,arithmetic,conflicting,5,0.0,0.0,0.8666666666666667,0.0
qwen3:14b,direct,8000,pos_02,arithmetic,high,5,0.0,0.0,1.0,0.0
qwen3:14b,direct,8000,pos_02,arithmetic,low,5,0.0,0.0,0.7999999999999999,0.0
qwen3:14b,direct,8000,pos_02,arithmetic,none,5,0.0,0.0,0.9333333333333333,0.0
qwen3:14b,direct,8000,pos_02,comparison,conflicting,5,0.6,0.2,0.9333333333333333,0.0
qwen3:14b,direct,8000,pos_02,comparison,high,5,0.9,0.8,0.7333333333333333,0.0
qwen3:14b,direct,8000,pos_02,comparison,low,5,1.0,1.0,0.7333333333333333,0.0
qwen3:14b,direct,8000,pos_02,comparison,none,5,1.0,1.0,0.6666666666666666,0.0
qwen3:14b,direct,8000,pos_02,multi_hop,conflicting,5,1.0,1.0,1.0,0.0
qwen3:14b,direct,8000,pos_02,multi_hop,high,5,1.0,1.0,1.0,0.0
qwen3:14b,direct,8000,pos_02,multi_hop,low,5,1.0,1.0,1.0,0.0
qwen3:14b,direct,8000,pos_02,multi_hop,none,5,1.0,1.0,1.0,0.0
qwen3:14b,direct,8000,pos_02,single_hop,conflicting,5,0.0,0.0,1.0,0.0
qwen3:14b,direct,8000,pos_02,single_hop,high,5,0.0,0.0,1.0,0.0
qwen3:14b,direct,8000,pos_02,single_hop,low,5,0.0,0.0,1.0,0.0
qwen3:14b,direct,8000,pos_02,single_hop,none,5,0.0,0.0,1.0,0.0
qwen3:14b,direct,8000,pos_03,arithmetic,conflicting,5,0.2,0.2,1.0,0.0
qwen3:14b,direct,8000,pos_03,arithmetic,high,5,0.0,0.0,1.0,0.0
qwen3:14b,direct,8000,pos_03,arithmetic,low,5,0.2,0.2,1.0,0.0
qwen3:14b,direct,8000,pos_03,arithmetic,none,5,0.0,0.0,0.9333333333333333,0.0
qwen3:14b,direct,8000,pos_03,comparison,conflicting,5,0.9,0.8,1.0,0.0
qwen3:14b,direct,8000,pos_03,comparison,high,5,1.0,1.0,0.8666666666666667,0.0
qwen3:14b,direct,8000,pos_03,comparison,low,5,1.0,1.0,0.7333333333333333,0.0
qwen3:14b,direct,8000,pos_03,comparison,none,5,1.0,1.0,0.6666666666666666,0.0
qwen3:14b,direct,8000,pos_03,multi_hop,conflicting,5,0.8,0.8,0.6666666666666666,0.0
qwen3:14b,direct,8000,pos_03,multi_hop,high,5,1.0,1.0,0.9333333333333333,0.0
qwen3:14b,direct,8000,pos_03,multi_hop,low,5,1.0,1.0,1.0,0.0
qwen3:14b,direct,8000,pos_03,multi_hop,none,5,1.0,1.0,1.0,0.0
qwen3:14b,direct,8000,pos_03,single_hop,conflicting,5,0.0,0.0,1.0,0.0
qwen3:14b,direct,8000,pos_03,single_hop,high,5,0.0,0.0,1.0,0.0
qwen3:14b,direct,8000,pos_03,single_hop,low,5,0.0,0.0,1.0,0.0
qwen3:14b,direct,8000,pos_03,single_hop,none,5,0.0,0.0,1.0,0.0
qwen3:14b,direct,8000,pos_04,arithmetic,conflicting,5,0.0,0.0,1.0,0.0
qwen3:14b,direct,8000,pos_04,arithmetic,high,5,0.0,0.0,1.0,0.0
qwen3:14b,direct,8000,pos_04,arithmetic,low,5,0.0,0.0,1.0,0.0
qwen3:14b,direct,8000,pos_04,arithmetic,none,5,0.0,0.0,0.6666666666666666,0.0
qwen3:14b,direct,8000,pos_04,comparison,conflicting,5,0.8,0.6,1.0,0.0
qwen3:14b,direct,8000,pos_04,comparison,high,5,0.8,0.8,0.7333333333333333,0.2
qwen3:14b,direct,8000,pos_04,comparison,low,5,1.0,1.0,0.9333333333333333,0.0
qwen3:14b,direct,8000,pos_04,comparison,none,5,1.0,1.0,0.6666666666666666,0.0
qwen3:14b,direct,8000,pos_04,multi_hop,conflicting,5,1.0,1.0,1.0,0.0
qwen3:14b,direct,8000,pos_04,multi_hop,high,5,1.0,1.0,1.0,0.0
qwen3:14b,direct,8000,pos_04,multi_hop,low,5,1.0,1.0,1.0,0.0
qwen3:14b,direct,8000,pos_04,multi_hop,none,5,1.0,1.0,0.7333333333333333,0.0
qwen3:14b,direct,8000,pos_04,single_hop,conflicting,5,0.0,0.0,1.0,0.0
qwen3:14b,direct,8000,pos_04,single_hop,high,5,0.0,0.0,1.0,0.0
qwen3:14b,direct,8000,pos_04,single_hop,low,5,0.0,0.0,1.0,0.0
qwen3:14b,direct,8000,pos_04,single_hop,none,5,0.0,0.0,1.0,0.0
qwen3:14b,direct,8000,pos_05,arithmetic,conflicting,5,0.0,0.0,0.96,0.0
qwen3:14b,direct,8000,pos_05,arithmetic,high,5,0.0,0.0,1.0,0.0
qwen3:14b,direct,8000,pos_05,arithmetic,low,5,0.0,0.0,1.0,0.0
qwen3:14b,direct,8000,pos_05,arithmetic,none,5,0.0,0.0,0.7999999999999999,0.0
qwen3:14b,direct,8000,pos_05,comparison,conflicting,5,0.9333333333333333,0.8,0.7999999999999999,0.0
qwen3:14b,direct,8000,pos_05,comparison,high,5,1.0,1.0,0.6666666666666666,0.0
qwen3:14b,direct,8000,pos_05,comparison,low,5,1.0,1.0,0.6666666666666666,0.0
qwen3:14b,direct,8000,pos_05,comparison,none,5,1.0,1.0,0.6666666666666666,0.0
qwen3:14b,direct,8000,pos_05,multi_hop,conflicting,5,0.6,0.6,0.7,0.2
qwen3:14b,direct,8000,pos_05,multi_hop,high,5,1.0,1.0,1.0,0.0
qwen3:14b,direct,8000,pos_05,multi_hop,low,5,1.0,1.0,1.0,0.0
qwen3:14b,direct,8000,pos_05,multi_hop,none,5,1.0,1.0,1.0,0.0
qwen3:14b,direct,8000,pos_05,single_hop,conflicting,5,0.0,0.0,1.0,0.0
qwen3:14b,direct,8000,pos_05,single_hop,high,5,0.0,0.0,1.0,0.0
qwen3:14b,direct,8000,pos_05,single_hop,low,5,0.0,0.0,1.0,0.0
qwen3:14b,direct,8000,pos_05,single_hop,none,5,0.0,0.0,1.0,0.0
qwen3:14b,direct,8000,pos_06,arithmetic,conflicting,5,1.0,1.0,1.0,0.0
qwen3:14b,direct,8000,pos_06,arithmetic,high,5,1.0,1.0,1.0,0.0
qwen3:14b,direct,8000,pos_06,arithmetic,low,5,0.8,0.8,0.9333333333333333,0.0
qwen3:14b,direct,8000,pos_06,arithmetic,none,5,1.0,1.0,1.0,0.0
qwen3:14b,direct,8000,pos_06,comparison,conflicting,5,1.0,1.0,0.88,0.0
qwen3:14b,direct,8000,pos_06,comparison,high,5,0.9,0.8,1.0,0.0
qwen3:14b,direct,8000,pos_06,comparison,low,5,1.0,1.0,1.0,0.0
qwen3:14b,direct,8000,pos_06,comparison,none,5,1.0,1.0,1.0,0.0
qwen3:14b,direct,8000,pos_06,multi_hop,conflicting,5,1.0,1.0,1.0,0.0
qwen3:14b,direct,8000,pos_06,multi_hop,high,5,1.0,1.0,1.0,0.0
qwen3:14b,direct,8000,pos_06,multi_hop,low,5,1.0,1.0,1.0,0.0
qwen3:14b,direct,8000,pos_06,multi_hop,none,5,1.0,1.0,0.6666666666666666,0.0
qwen3:14b,direct,8000,pos_06,single_hop,conflicting,5,1.0,1.0,1.0,0.0
qwen3:14b,direct,8000,pos_06,single_hop,high,5,1.0,1.0,1.0,0.0
qwen3:14b,direct,8000,pos_06,single_hop,low,5,1.0,1.0,1.0,0.0
qwen3:14b,direct,8000,pos_06,single_hop,none,5,1.0,1.0,1.0,0.0
qwen3:14b,direct,8000,pos_07,arithmetic,conflicting,5,1.0,1.0,1.0,0.0
qwen3:14b,direct,8000,pos_07,arithmetic,high,5,1.0,1.0,1.0,0.0
qwen3:14b,direct,8000,pos_07,arithmetic,low,5,1.0,1.0,1.0,0.0
qwen3:14b,direct,8000,pos_07,arithmetic,none,5,1.0,1.0,1.0,0.0
qwen3:14b,direct,8000,pos_07,comparison,conflicting,5,1.0,1.0,1.0,0.0
qwen3:14b,direct,8000,pos_07,comparison,high,5,1.0,1.0,1.0,0.0
qwen3:14b,direct,8000,pos_07,comparison,low,5,1.0,1.0,1.0,0.0
qwen3:14b,direct,8000,pos_07,comparison,none,5,1.0,1.0,1.0,0.0
qwen3:14b,direct,8000,pos_07,multi_hop,conflicting,5,1.0,1.0,1.0,0.0
qwen3:14b,direct,8000,pos_07,multi_hop,high,5,1.0,1.0,1.0,0.0
qwen3:14b,direct,8000,pos_07,multi_hop,low,5,1.0,1.0,1.0,0.0
qwen3:14b,direct,8000,pos_07,multi_hop,none,5,1.0,1.0,1.0,0.0
qwen3:14b,direct,8000,pos_07,single_hop,conflicting,5,1.0,1.0,1.0,0.0
qwen3:14b,direct,8000,pos_07,single_hop,high,5,1.0,1.0,1.0,0.0
qwen3:14b,direct,8000,pos_07,single_hop,low,5,1.0,1.0,1.0,0.0
qwen3:14b,direct,8000,pos_07,single_hop,none,5,1.0,1.0,1.0,0.0
qwen3:14b,direct,8000,pos_08,arithmetic,conflicting,5,1.0,1.0,1.0,0.0
qwen3:14b,direct,8000,pos_08,arithmetic,high,5,1.0,1.0,1.0,0.0
qwen3:14b,direct,8000,pos_08,arithmetic,low,5,1.0,1.0,1.0,0.0
qwen3:14b,direct,8000,pos_08,arithmetic,none,5,1.0,1.0,1.0,0.0
qwen3:14b,direct,8000,pos_08,comparison,conflicting,5,1.0,1.0,0.8400000000000001,0.0
qwen3:14b,direct,8000,pos_08,comparison,high,5,1.0,1.0,1.0,0.0
qwen3:14b,direct,8000,pos_08,comparison,low,5,1.0,1.0,1.0,0.0
qwen3:14b,direct,8000,pos_08,comparison,none,5,1.0,1.0,1.0,0.0
qwen3:14b,direct,8000,pos_08,multi_hop,conflicting,5,1.0,1.0,1.0,0.0
qwen3:14b,direct,8000,pos_08,multi_hop,high,5,1.0,1.0,1.0,0.0
qwen3:14b,direct,8000,pos_08,multi_hop,low,5,1.0,1.0,1.0,0.0
qwen3:14b,direct,8000,pos_08,multi_hop,none,5,1.0,1.0,0.6666666666666666,0.0
qwen3:14b,direct,8000,pos_08,single_hop,conflicting,5,1.0,1.0,1.0,0.0
qwen3:14b,direct,8000,pos_08,single_hop,high,5,1.0,1.0,1.0,0.0
qwen3:14b,direct,8000,pos_08,single_hop,low,5,1.0,1.0,1.0,0.0
qwen3:14b,direct,8000,pos_08,single_hop,none,5,1.0,1.0,1.0,0.0
qwen3:14b,direct,8000,pos_09,arithmetic,conflicting,5,1.0,1.0,1.0,0.0
qwen3:14b,direct,8000,pos_09,arithmetic,high,5,1.0,1.0,1.0,0.0
qwen3:14b,direct,8000,pos_09,arithmetic,low,5,1.0,1.0,1.0,0.0
qwen3:14b,direct,8000,pos_09,arithmetic,none,5,1.0,1.0,1.0,0.0
qwen3:14b,direct,8000,pos_09,comparison,conflicting,5,1.0,1.0,1.0,0.0
qwen3:14b,direct,8000,pos_09,comparison,high,5,1.0,1.0,1.0,0.0
qwen3:14b,direct,8000,pos_09,comparison,low,5,1.0,1.0,1.0,0.0
qwen3:14b,direct,8000,pos_09,comparison,none,5,1.0,1.0,1.0,0.0
qwen3:14b,direct,8000,pos_09,multi_hop,conflicting,5,1.0,1.0,1.0,0.0
qwen3:14b,direct,8000,pos_09,multi_hop,high,5,1.0,1.0,1.0,0.0
qwen3:14b,direct,8000,pos_09,multi_hop,low,5,1.0,1.0,1.0,0.0
qwen3:14b,direct,8000,pos_09,multi_hop,none,5,1.0,1.0,1.0,0.0
qwen3:14b,direct,8000,pos_09,single_hop,conflicting,5,1.0,1.0,1.0,0.0
qwen3:14b,direct,8000,pos_09,single_hop,high,5,1.0,1.0,1.0,0.0
qwen3:14b,direct,8000,pos_09,single_hop,low,5,1.0,1.0,1.0,0.0
qwen3:14b,direct,8000,pos_09,single_hop,none,5,1.0,1.0,1.0,0.0
qwen3:14b,no_evidence,16000,pos_00,arithmetic,conflicting,5,0.0,0.0,0.0,0.0
qwen3:14b,no_evidence,16000,pos_00,arithmetic,high,5,0.0,0.0,0.0,0.0
qwen3:14b,no_evidence,16000,pos_00,arithmetic,low,5,0.0,0.0,0.0,0.0
qwen3:14b,no_evidence,16000,pos_00,arithmetic,none,5,0.0,0.0,0.0,0.0
qwen3:14b,no_evidence,16000,pos_00,comparison,conflicting,5,0.0,0.0,0.0,0.0
qwen3:14b,no_evidence,16000,pos_00,comparison,high,5,0.0,0.0,0.0,0.0
qwen3:14b,no_evidence,16000,pos_00,comparison,low,5,0.0,0.0,0.0,0.0
qwen3:14b,no_evidence,16000,pos_00,comparison,none,5,0.0,0.0,0.0,0.0
qwen3:14b,no_evidence,16000,pos_00,multi_hop,conflicting,5,0.0,0.0,0.0,0.0
qwen3:14b,no_evidence,16000,pos_00,multi_hop,high,5,0.0,0.0,0.0,0.0
qwen3:14b,no_evidence,16000,pos_00,multi_hop,low,5,0.0,0.0,0.0,0.0
qwen3:14b,no_evidence,16000,pos_00,multi_hop,none,5,0.0,0.0,0.0,0.0
qwen3:14b,no_evidence,16000,pos_00,single_hop,conflicting,5,0.0,0.0,0.0,0.0
qwen3:14b,no_evidence,16000,pos_00,single_hop,high,5,0.0,0.0,0.0,0.0
qwen3:14b,no_evidence,16000,pos_00,single_hop,low,5,0.0,0.0,0.0,0.0
qwen3:14b,no_evidence,16000,pos_00,single_hop,none,5,0.0,0.0,0.0,0.0
qwen3:14b,no_evidence,16000,pos_01,arithmetic,conflicting,5,0.0,0.0,0.0,0.0
qwen3:14b,no_evidence,16000,pos_01,arithmetic,high,5,0.0,0.0,0.0,0.0
qwen3:14b,no_evidence,16000,pos_01,arithmetic,low,5,0.0,0.0,0.0,0.0
qwen3:14b,no_evidence,16000,pos_01,arithmetic,none,5,0.0,0.0,0.0,0.0
qwen3:14b,no_evidence,16000,pos_01,comparison,conflicting,5,0.0,0.0,0.0,0.0
qwen3:14b,no_evidence,16000,pos_01,comparison,high,5,0.0,0.0,0.0,0.0
qwen3:14b,no_evidence,16000,pos_01,comparison,low,5,0.0,0.0,0.0,0.0
qwen3:14b,no_evidence,16000,pos_01,comparison,none,5,0.0,0.0,0.0,0.0
qwen3:14b,no_evidence,16000,pos_01,multi_hop,conflicting,5,0.0,0.0,0.0,0.0
qwen3:14b,no_evidence,16000,pos_01,multi_hop,high,5,0.0,0.0,0.0,0.0
qwen3:14b,no_evidence,16000,pos_01,multi_hop,low,5,0.0,0.0,0.0,0.0
qwen3:14b,no_evidence,16000,pos_01,multi_hop,none,5,0.0,0.0,0.0,0.0
qwen3:14b,no_evidence,16000,pos_01,single_hop,conflicting,5,0.0,0.0,0.0,0.0
qwen3:14b,no_evidence,16000,pos_01,single_hop,high,5,0.0,0.0,0.0,0.0
qwen3:14b,no_evidence,16000,pos_01,single_hop,low,5,0.0,0.0,0.0,0.0
qwen3:14b,no_evidence,16000,pos_01,single_hop,none,5,0.0,0.0,0.0,0.0
qwen3:14b,no_evidence,16000,pos_02,arithmetic,conflicting,5,0.0,0.0,0.0,0.0
qwen3:14b,no_evidence,16000,pos_02,arithmetic,high,5,0.0,0.0,0.0,0.0
qwen3:14b,no_evidence,16000,pos_02,arithmetic,low,5,0.0,0.0,0.0,0.0
qwen3:14b,no_evidence,16000,pos_02,arithmetic,none,5,0.0,0.0,0.0,0.0
qwen3:14b,no_evidence,16000,pos_02,comparison,conflicting,5,0.0,0.0,0.0,0.0
qwen3:14b,no_evidence,16000,pos_02,comparison,high,5,0.0,0.0,0.0,0.0
qwen3:14b,no_evidence,16000,pos_02,comparison,low,5,0.0,0.0,0.0,0.0
qwen3:14b,no_evidence,16000,pos_02,comparison,none,5,0.0,0.0,0.0,0.0
qwen3:14b,no_evidence,16000,pos_02,multi_hop,conflicting,5,0.0,0.0,0.0,0.0
qwen3:14b,no_evidence,16000,pos_02,multi_hop,high,5,0.0,0.0,0.0,0.0
qwen3:14b,no_evidence,16000,pos_02,multi_hop,low,5,0.0,0.0,0.0,0.0
qwen3:14b,no_evidence,16000,pos_02,multi_hop,none,5,0.0,0.0,0.0,0.0
qwen3:14b,no_evidence,16000,pos_02,single_hop,conflicting,5,0.0,0.0,0.0,0.0
qwen3:14b,no_evidence,16000,pos_02,single_hop,high,5,0.0,0.0,0.0,0.0
qwen3:14b,no_evidence,16000,pos_02,single_hop,low,5,0.0,0.0,0.0,0.0
qwen3:14b,no_evidence,16000,pos_02,single_hop,none,5,0.0,0.0,0.0,0.0
qwen3:14b,no_evidence,16000,pos_03,arithmetic,conflicting,5,0.0,0.0,0.0,0.0
qwen3:14b,no_evidence,16000,pos_03,arithmetic,high,5,0.0,0.0,0.0,0.0
qwen3:14b,no_evidence,16000,pos_03,arithmetic,low,5,0.0,0.0,0.0,0.0
qwen3:14b,no_evidence,16000,pos_03,arithmetic,none,5,0.0,0.0,0.0,0.0
qwen3:14b,no_evidence,16000,pos_03,comparison,conflicting,5,0.0,0.0,0.0,0.0
qwen3:14b,no_evidence,16000,pos_03,comparison,high,5,0.0,0.0,0.0,0.0
qwen3:14b,no_evidence,16000,pos_03,comparison,low,5,0.0,0.0,0.0,0.0
qwen3:14b,no_evidence,16000,pos_03,comparison,none,5,0.0,0.0,0.0,0.0
qwen3:14b,no_evidence,16000,pos_03,multi_hop,conflicting,5,0.0,0.0,0.0,0.0
qwen3:14b,no_evidence,16000,pos_03,multi_hop,high,5,0.0,0.0,0.0,0.0
qwen3:14b,no_evidence,16000,pos_03,multi_hop,low,5,0.0,0.0,0.0,0.0
qwen3:14b,no_evidence,16000,pos_03,multi_hop,none,5,0.0,0.0,0.0,0.0
qwen3:14b,no_evidence,16000,pos_03,single_hop,conflicting,5,0.0,0.0,0.0,0.0
qwen3:14b,no_evidence,16000,pos_03,single_hop,high,5,0.0,0.0,0.0,0.0
qwen3:14b,no_evidence,16000,pos_03,single_hop,low,5,0.0,0.0,0.0,0.0
qwen3:14b,no_evidence,16000,pos_03,single_hop,none,5,0.0,0.0,0.0,0.0
qwen3:14b,no_evidence,16000,pos_04,arithmetic,conflicting,5,0.0,0.0,0.0,0.0
qwen3:14b,no_evidence,16000,pos_04,arithmetic,high,5,0.0,0.0,0.0,0.0
qwen3:14b,no_evidence,16000,pos_04,arithmetic,low,5,0.0,0.0,0.0,0.0
qwen3:14b,no_evidence,16000,pos_04,arithmetic,none,5,0.0,0.0,0.0,0.0
qwen3:14b,no_evidence,16000,pos_04,comparison,conflicting,5,0.0,0.0,0.0,0.0
qwen3:14b,no_evidence,16000,pos_04,comparison,high,5,0.0,0.0,0.0,0.0
qwen3:14b,no_evidence,16000,pos_04,comparison,low,5,0.0,0.0,0.0,0.0
qwen3:14b,no_evidence,16000,pos_04,comparison,none,5,0.0,0.0,0.0,0.0
qwen3:14b,no_evidence,16000,pos_04,multi_hop,conflicting,5,0.0,0.0,0.0,0.0
qwen3:14b,no_evidence,16000,pos_04,multi_hop,high,5,0.0,0.0,0.0,0.0
qwen3:14b,no_evidence,16000,pos_04,multi_hop,low,5,0.0,0.0,0.0,0.0
qwen3:14b,no_evidence,16000,pos_04,multi_hop,none,5,0.0,0.0,0.0,0.0
qwen3:14b,no_evidence,16000,pos_04,single_hop,conflicting,5,0.0,0.0,0.0,0.0
qwen3:14b,no_evidence,16000,pos_04,single_hop,high,5,0.0,0.0,0.0,0.0
qwen3:14b,no_evidence,16000,pos_04,single_hop,low,5,0.0,0.0,0.0,0.0
qwen3:14b,no_evidence,16000,pos_04,single_hop,none,5,0.0,0.0,0.0,0.0
qwen3:14b,no_evidence,16000,pos_05,arithmetic,conflicting,5,0.0,0.0,0.0,0.0
qwen3:14b,no_evidence,16000,pos_05,arithmetic,high,5,0.0,0.0,0.0,0.0
qwen3:14b,no_evidence,16000,pos_05,arithmetic,low,5,0.0,0.0,0.0,0.0
qwen3:14b,no_evidence,16000,pos_05,arithmetic,none,5,0.0,0.0,0.0,0.0
qwen3:14b,no_evidence,16000,pos_05,comparison,conflicting,5,0.0,0.0,0.0,0.0
qwen3:14b,no_evidence,16000,pos_05,comparison,high,5,0.0,0.0,0.0,0.0
qwen3:14b,no_evidence,16000,pos_05,comparison,low,5,0.0,0.0,0.0,0.0
qwen3:14b,no_evidence,16000,pos_05,comparison,none,5,0.0,0.0,0.0,0.0
qwen3:14b,no_evidence,16000,pos_05,multi_hop,conflicting,5,0.0,0.0,0.0,0.0
qwen3:14b,no_evidence,16000,pos_05,multi_hop,high,5,0.0,0.0,0.0,0.0
qwen3:14b,no_evidence,16000,pos_05,multi_hop,low,5,0.0,0.0,0.0,0.0
qwen3:14b,no_evidence,16000,pos_05,multi_hop,none,5,0.0,0.0,0.0,0.0
qwen3:14b,no_evidence,16000,pos_05,single_hop,conflicting,5,0.0,0.0,0.0,0.0
qwen3:14b,no_evidence,16000,pos_05,single_hop,high,5,0.0,0.0,0.0,0.0
qwen3:14b,no_evidence,16000,pos_05,single_hop,low,5,0.0,0.0,0.0,0.0
qwen3:14b,no_evidence,16000,pos_05,single_hop,none,5,0.0,0.0,0.0,0.0
qwen3:14b,no_evidence,16000,pos_06,arithmetic,conflicting,5,0.0,0.0,0.0,0.0
qwen3:14b,no_evidence,16000,pos_06,arithmetic,high,5,0.0,0.0,0.0,0.0
qwen3:14b,no_evidence,16000,pos_06,arithmetic,low,5,0.0,0.0,0.0,0.0
qwen3:14b,no_evidence,16000,pos_06,arithmetic,none,5,0.0,0.0,0.0,0.0
qwen3:14b,no_evidence,16000,pos_06,comparison,conflicting,5,0.0,0.0,0.0,0.0
qwen3:14b,no_evidence,16000,pos_06,comparison,high,5,0.0,0.0,0.0,0.0
qwen3:14b,no_evidence,16000,pos_06,comparison,low,5,0.0,0.0,0.0,0.0
qwen3:14b,no_evidence,16000,pos_06,comparison,none,5,0.0,0.0,0.0,0.0
qwen3:14b,no_evidence,16000,pos_06,multi_hop,conflicting,5,0.0,0.0,0.0,0.0
qwen3:14b,no_evidence,16000,pos_06,multi_hop,high,5,0.0,0.0,0.0,0.0
qwen3:14b,no_evidence,16000,pos_06,multi_hop,low,5,0.0,0.0,0.0,0.0
qwen3:14b,no_evidence,16000,pos_06,multi_hop,none,5,0.0,0.0,0.0,0.0
qwen3:14b,no_evidence,16000,pos_06,single_hop,conflicting,5,0.0,0.0,0.0,0.0
qwen3:14b,no_evidence,16000,pos_06,single_hop,high,5,0.0,0.0,0.0,0.0
qwen3:14b,no_evidence,16000,pos_06,single_hop,low,5,0.0,0.0,0.0,0.0
qwen3:14b,no_evidence,16000,pos_06,single_hop,none,5,0.0,0.0,0.0,0.0
qwen3:14b,no_evidence,16000,pos_07,arithmetic,conflicting,5,0.0,0.0,0.0,0.0
qwen3:14b,no_evidence,16000,pos_07,arithmetic,high,5,0.0,0.0,0.0,0.0
qwen3:14b,no_evidence,16000,pos_07,arithmetic,low,5,0.0,0.0,0.0,0.0
qwen3:14b,no_evidence,16000,pos_07,arithmetic,none,5,0.0,0.0,0.0,0.0
qwen3:14b,no_evidence,16000,pos_07,comparison,conflicting,5,0.0,0.0,0.0,0.0
qwen3:14b,no_evidence,16000,pos_07,comparison,high,5,0.0,0.0,0.0,0.0
qwen3:14b,no_evidence,16000,pos_07,comparison,low,5,0.0,0.0,0.0,0.0
qwen3:14b,no_evidence,16000,pos_07,comparison,none,5,0.0,0.0,0.0,0.0
qwen3:14b,no_evidence,16000,pos_07,multi_hop,conflicting,5,0.0,0.0,0.0,0.0
qwen3:14b,no_evidence,16000,pos_07,multi_hop,high,5,0.0,0.0,0.0,0.0
qwen3:14b,no_evidence,16000,pos_07,multi_hop,low,5,0.0,0.0,0.0,0.0
qwen3:14b,no_evidence,16000,pos_07,multi_hop,none,5,0.0,0.0,0.0,0.0
qwen3:14b,no_evidence,16000,pos_07,single_hop,conflicting,5,0.0,0.0,0.0,0.0
qwen3:14b,no_evidence,16000,pos_07,single_hop,high,5,0.0,0.0,0.0,0.0
qwen3:14b,no_evidence,16000,pos_07,single_hop,low,5,0.0,0.0,0.0,0.0
qwen3:14b,no_evidence,16000,pos_07,single_hop,none,5,0.0,0.0,0.0,0.0
qwen3:14b,no_evidence,16000,pos_08,arithmetic,conflicting,5,0.0,0.0,0.0,0.0
qwen3:14b,no_evidence,16000,pos_08,arithmetic,high,5,0.0,0.0,0.0,0.0
qwen3:14b,no_evidence,16000,pos_08,arithmetic,low,5,0.0,0.0,0.0,0.0
qwen3:14b,no_evidence,16000,pos_08,arithmetic,none,5,0.0,0.0,0.0,0.0
qwen3:14b,no_evidence,16000,pos_08,comparison,conflicting,5,0.0,0.0,0.0,0.0
qwen3:14b,no_evidence,16000,pos_08,comparison,high,5,0.0,0.0,0.0,0.0
qwen3:14b,no_evidence,16000,pos_08,comparison,low,5,0.0,0.0,0.0,0.0
qwen3:14b,no_evidence,16000,pos_08,comparison,none,5,0.0,0.0,0.0,0.0
qwen3:14b,no_evidence,16000,pos_08,multi_hop,conflicting,5,0.0,0.0,0.0,0.0
qwen3:14b,no_evidence,16000,pos_08,multi_hop,high,5,0.0,0.0,0.0,0.0
qwen3:14b,no_evidence,16000,pos_08,multi_hop,low,5,0.0,0.0,0.0,0.0
qwen3:14b,no_evidence,16000,pos_08,multi_hop,none,5,0.0,0.0,0.0,0.0
qwen3:14b,no_evidence,16000,pos_08,single_hop,conflicting,5,0.0,0.0,0.0,0.0
qwen3:14b,no_evidence,16000,pos_08,single_hop,high,5,0.0,0.0,0.0,0.0
qwen3:14b,no_evidence,16000,pos_08,single_hop,low,5,0.0,0.0,0.0,0.0
qwen3:14b,no_evidence,16000,pos_08,single_hop,none,5,0.0,0.0,0.0,0.0
qwen3:14b,no_evidence,16000,pos_09,arithmetic,conflicting,5,0.0,0.0,0.0,0.0
qwen3:14b,no_evidence,16000,pos_09,arithmetic,high,5,0.0,0.0,0.0,0.0
qwen3:14b,no_evidence,16000,pos_09,arithmetic,low,5,0.0,0.0,0.0,0.0
qwen3:14b,no_evidence,16000,pos_09,arithmetic,none,5,0.0,0.0,0.0,0.0
qwen3:14b,no_evidence,16000,pos_09,comparison,conflicting,5,0.0,0.0,0.0,0.0
qwen3:14b,no_evidence,16000,pos_09,comparison,high,5,0.0,0.0,0.0,0.0
qwen3:14b,no_evidence,16000,pos_09,comparison,low,5,0.0,0.0,0.0,0.0
qwen3:14b,no_evidence,16000,pos_09,comparison,none,5,0.0,0.0,0.0,0.0
qwen3:14b,no_evidence,16000,pos_09,multi_hop,conflicting,5,0.0,0.0,0.0,0.0
qwen3:14b,no_evidence,16000,pos_09,multi_hop,high,5,0.0,0.0,0.0,0.0
qwen3:14b,no_evidence,16000,pos_09,multi_hop,low,5,0.0,0.0,0.0,0.0
qwen3:14b,no_evidence,16000,pos_09,multi_hop,none,5,0.0,0.0,0.0,0.0
qwen3:14b,no_evidence,16000,pos_09,single_hop,conflicting,5,0.0,0.0,0.0,0.0
qwen3:14b,no_evidence,16000,pos_09,single_hop,high,5,0.0,0.0,0.0,0.0
qwen3:14b,no_evidence,16000,pos_09,single_hop,low,5,0.0,0.0,0.0,0.0
qwen3:14b,no_evidence,16000,pos_09,single_hop,none,5,0.0,0.0,0.0,0.0
qwen3:14b,no_evidence,32000,pos_00,arithmetic,conflicting,5,0.0,0.0,0.0,0.0
qwen3:14b,no_evidence,32000,pos_00,arithmetic,high,5,0.0,0.0,0.0,0.0
qwen3:14b,no_evidence,32000,pos_00,arithmetic,low,5,0.0,0.0,0.0,0.0
qwen3:14b,no_evidence,32000,pos_00,arithmetic,none,5,0.0,0.0,0.0,0.0
qwen3:14b,no_evidence,32000,pos_00,comparison,conflicting,5,0.0,0.0,0.0,0.0
qwen3:14b,no_evidence,32000,pos_00,comparison,high,5,0.0,0.0,0.0,0.0
qwen3:14b,no_evidence,32000,pos_00,comparison,low,5,0.0,0.0,0.0,0.0
qwen3:14b,no_evidence,32000,pos_00,comparison,none,5,0.0,0.0,0.0,0.0
qwen3:14b,no_evidence,32000,pos_00,multi_hop,conflicting,5,0.0,0.0,0.0,0.0
qwen3:14b,no_evidence,32000,pos_00,multi_hop,high,5,0.0,0.0,0.0,0.0
qwen3:14b,no_evidence,32000,pos_00,multi_hop,low,5,0.0,0.0,0.0,0.0
qwen3:14b,no_evidence,32000,pos_00,multi_hop,none,5,0.0,0.0,0.0,0.0
qwen3:14b,no_evidence,32000,pos_00,single_hop,conflicting,5,0.0,0.0,0.0,0.0
qwen3:14b,no_evidence,32000,pos_00,single_hop,high,5,0.0,0.0,0.0,0.0
qwen3:14b,no_evidence,32000,pos_00,single_hop,low,5,0.0,0.0,0.0,0.0
qwen3:14b,no_evidence,32000,pos_00,single_hop,none,5,0.0,0.0,0.0,0.0
qwen3:14b,no_evidence,32000,pos_01,arithmetic,conflicting,5,0.0,0.0,0.0,0.0
qwen3:14b,no_evidence,32000,pos_01,arithmetic,high,5,0.0,0.0,0.0,0.0
qwen3:14b,no_evidence,32000,pos_01,arithmetic,low,5,0.0,0.0,0.0,0.0
qwen3:14b,no_evidence,32000,pos_01,arithmetic,none,5,0.0,0.0,0.0,0.0
qwen3:14b,no_evidence,32000,pos_01,comparison,conflicting,5,0.0,0.0,0.0,0.0
qwen3:14b,no_evidence,32000,pos_01,comparison,high,5,0.0,0.0,0.0,0.0
qwen3:14b,no_evidence,32000,pos_01,comparison,low,5,0.0,0.0,0.0,0.0
qwen3:14b,no_evidence,32000,pos_01,comparison,none,5,0.0,0.0,0.0,0.0
qwen3:14b,no_evidence,32000,pos_01,multi_hop,conflicting,5,0.0,0.0,0.0,0.0
qwen3:14b,no_evidence,32000,pos_01,multi_hop,high,5,0.0,0.0,0.0,0.0
qwen3:14b,no_evidence,32000,pos_01,multi_hop,low,5,0.0,0.0,0.0,0.0
qwen3:14b,no_evidence,32000,pos_01,multi_hop,none,5,0.0,0.0,0.0,0.0
qwen3:14b,no_evidence,32000,pos_01,single_hop,conflicting,5,0.0,0.0,0.0,0.0
qwen3:14b,no_evidence,32000,pos_01,single_hop,high,5,0.0,0.0,0.0,0.0
qwen3:14b,no_evidence,32000,pos_01,single_hop,low,5,0.0,0.0,0.0,0.0
qwen3:14b,no_evidence,32000,pos_01,single_hop,none,5,0.0,0.0,0.0,0.0
qwen3:14b,no_evidence,32000,pos_02,arithmetic,conflicting,5,0.0,0.0,0.0,0.0
qwen3:14b,no_evidence,32000,pos_02,arithmetic,high,5,0.0,0.0,0.0,0.0
qwen3:14b,no_evidence,32000,pos_02,arithmetic,low,5,0.0,0.0,0.0,0.0
qwen3:14b,no_evidence,32000,pos_02,arithmetic,none,5,0.0,0.0,0.0,0.0
qwen3:14b,no_evidence,32000,pos_02,comparison,conflicting,5,0.0,0.0,0.0,0.0
qwen3:14b,no_evidence,32000,pos_02,comparison,high,5,0.0,0.0,0.0,0.0
qwen3:14b,no_evidence,32000,pos_02,comparison,low,5,0.0,0.0,0.0,0.0
qwen3:14b,no_evidence,32000,pos_02,comparison,none,5,0.0,0.0,0.0,0.0
qwen3:14b,no_evidence,32000,pos_02,multi_hop,conflicting,5,0.0,0.0,0.0,0.0
qwen3:14b,no_evidence,32000,pos_02,multi_hop,high,5,0.0,0.0,0.0,0.0
qwen3:14b,no_evidence,32000,pos_02,multi_hop,low,5,0.0,0.0,0.0,0.0
qwen3:14b,no_evidence,32000,pos_02,multi_hop,none,5,0.0,0.0,0.0,0.0
qwen3:14b,no_evidence,32000,pos_02,single_hop,conflicting,5,0.0,0.0,0.0,0.0
qwen3:14b,no_evidence,32000,pos_02,single_hop,high,5,0.0,0.0,0.0,0.0
qwen3:14b,no_evidence,32000,pos_02,single_hop,low,5,0.0,0.0,0.0,0.0
qwen3:14b,no_evidence,32000,pos_02,single_hop,none,5,0.0,0.0,0.0,0.0
qwen3:14b,no_evidence,32000,pos_03,arithmetic,conflicting,5,0.0,0.0,0.0,0.0
qwen3:14b,no_evidence,32000,pos_03,arithmetic,high,5,0.0,0.0,0.0,0.0
qwen3:14b,no_evidence,32000,pos_03,arithmetic,low,5,0.0,0.0,0.0,0.0
qwen3:14b,no_evidence,32000,pos_03,arithmetic,none,5,0.0,0.0,0.0,0.0
qwen3:14b,no_evidence,32000,pos_03,comparison,conflicting,5,0.0,0.0,0.0,0.0
qwen3:14b,no_evidence,32000,pos_03,comparison,high,5,0.0,0.0,0.0,0.0
qwen3:14b,no_evidence,32000,pos_03,comparison,low,5,0.0,0.0,0.0,0.0
qwen3:14b,no_evidence,32000,pos_03,comparison,none,5,0.0,0.0,0.0,0.0
qwen3:14b,no_evidence,32000,pos_03,multi_hop,conflicting,5,0.0,0.0,0.0,0.0
qwen3:14b,no_evidence,32000,pos_03,multi_hop,high,5,0.0,0.0,0.0,0.0
qwen3:14b,no_evidence,32000,pos_03,multi_hop,low,5,0.0,0.0,0.0,0.0
qwen3:14b,no_evidence,32000,pos_03,multi_hop,none,5,0.0,0.0,0.0,0.0
qwen3:14b,no_evidence,32000,pos_03,single_hop,conflicting,5,0.0,0.0,0.0,0.0
qwen3:14b,no_evidence,32000,pos_03,single_hop,high,5,0.0,0.0,0.0,0.0
qwen3:14b,no_evidence,32000,pos_03,single_hop,low,5,0.0,0.0,0.0,0.0
qwen3:14b,no_evidence,32000,pos_03,single_hop,none,5,0.0,0.0,0.0,0.0
qwen3:14b,no_evidence,32000,pos_04,arithmetic,conflicting,5,0.0,0.0,0.0,0.0
qwen3:14b,no_evidence,32000,pos_04,arithmetic,high,5,0.0,0.0,0.0,0.0
qwen3:14b,no_evidence,32000,pos_04,arithmetic,low,5,0.0,0.0,0.0,0.0
qwen3:14b,no_evidence,32000,pos_04,arithmetic,none,5,0.0,0.0,0.0,0.0
qwen3:14b,no_evidence,32000,pos_04,comparison,conflicting,5,0.0,0.0,0.0,0.0
qwen3:14b,no_evidence,32000,pos_04,comparison,high,5,0.0,0.0,0.0,0.0
qwen3:14b,no_evidence,32000,pos_04,comparison,low,5,0.0,0.0,0.0,0.0
qwen3:14b,no_evidence,32000,pos_04,comparison,none,5,0.0,0.0,0.0,0.0
qwen3:14b,no_evidence,32000,pos_04,multi_hop,conflicting,5,0.0,0.0,0.0,0.0
qwen3:14b,no_evidence,32000,pos_04,multi_hop,high,5,0.0,0.0,0.0,0.0
qwen3:14b,no_evidence,32000,pos_04,multi_hop,low,5,0.0,0.0,0.0,0.0
qwen3:14b,no_evidence,32000,pos_04,multi_hop,none,5,0.0,0.0,0.0,0.0
qwen3:14b,no_evidence,32000,pos_04,single_hop,conflicting,5,0.0,0.0,0.0,0.0
qwen3:14b,no_evidence,32000,pos_04,single_hop,high,5,0.0,0.0,0.0,0.0
qwen3:14b,no_evidence,32000,pos_04,single_hop,low,5,0.0,0.0,0.0,0.0
qwen3:14b,no_evidence,32000,pos_04,single_hop,none,5,0.0,0.0,0.0,0.0
qwen3:14b,no_evidence,32000,pos_05,arithmetic,conflicting,5,0.0,0.0,0.0,0.0
qwen3:14b,no_evidence,32000,pos_05,arithmetic,high,5,0.0,0.0,0.0,0.0
qwen3:14b,no_evidence,32000,pos_05,arithmetic,low,5,0.0,0.0,0.0,0.0
qwen3:14b,no_evidence,32000,pos_05,arithmetic,none,5,0.0,0.0,0.0,0.0
qwen3:14b,no_evidence,32000,pos_05,comparison,conflicting,5,0.0,0.0,0.0,0.0
qwen3:14b,no_evidence,32000,pos_05,comparison,high,5,0.0,0.0,0.0,0.0
qwen3:14b,no_evidence,32000,pos_05,comparison,low,5,0.0,0.0,0.0,0.0
qwen3:14b,no_evidence,32000,pos_05,comparison,none,5,0.0,0.0,0.0,0.0
qwen3:14b,no_evidence,32000,pos_05,multi_hop,conflicting,5,0.0,0.0,0.0,0.0
qwen3:14b,no_evidence,32000,pos_05,multi_hop,high,5,0.0,0.0,0.0,0.0
qwen3:14b,no_evidence,32000,pos_05,multi_hop,low,5,0.0,0.0,0.0,0.0
qwen3:14b,no_evidence,32000,pos_05,multi_hop,none,5,0.0,0.0,0.0,0.0
qwen3:14b,no_evidence,32000,pos_05,single_hop,conflicting,5,0.0,0.0,0.0,0.0
qwen3:14b,no_evidence,32000,pos_05,single_hop,high,5,0.0,0.0,0.0,0.0
qwen3:14b,no_evidence,32000,pos_05,single_hop,low,5,0.0,0.0,0.0,0.0
qwen3:14b,no_evidence,32000,pos_05,single_hop,none,5,0.0,0.0,0.0,0.0
qwen3:14b,no_evidence,32000,pos_06,arithmetic,conflicting,5,0.0,0.0,0.0,0.0
qwen3:14b,no_evidence,32000,pos_06,arithmetic,high,5,0.0,0.0,0.0,0.0
qwen3:14b,no_evidence,32000,pos_06,arithmetic,low,5,0.0,0.0,0.0,0.0
qwen3:14b,no_evidence,32000,pos_06,arithmetic,none,5,0.0,0.0,0.0,0.0
qwen3:14b,no_evidence,32000,pos_06,comparison,conflicting,5,0.0,0.0,0.0,0.0
qwen3:14b,no_evidence,32000,pos_06,comparison,high,5,0.0,0.0,0.0,0.0
qwen3:14b,no_evidence,32000,pos_06,comparison,low,5,0.0,0.0,0.0,0.0
qwen3:14b,no_evidence,32000,pos_06,comparison,none,5,0.0,0.0,0.0,0.0
qwen3:14b,no_evidence,32000,pos_06,multi_hop,conflicting,5,0.0,0.0,0.0,0.0
qwen3:14b,no_evidence,32000,pos_06,multi_hop,high,5,0.0,0.0,0.0,0.0
qwen3:14b,no_evidence,32000,pos_06,multi_hop,low,5,0.0,0.0,0.0,0.0
qwen3:14b,no_evidence,32000,pos_06,multi_hop,none,5,0.0,0.0,0.0,0.0
qwen3:14b,no_evidence,32000,pos_06,single_hop,conflicting,5,0.0,0.0,0.0,0.0
qwen3:14b,no_evidence,32000,pos_06,single_hop,high,5,0.0,0.0,0.0,0.0
qwen3:14b,no_evidence,32000,pos_06,single_hop,low,5,0.0,0.0,0.0,0.0
qwen3:14b,no_evidence,32000,pos_06,single_hop,none,5,0.0,0.0,0.0,0.0
qwen3:14b,no_evidence,32000,pos_07,arithmetic,conflicting,5,0.0,0.0,0.0,0.0
qwen3:14b,no_evidence,32000,pos_07,arithmetic,high,5,0.0,0.0,0.0,0.0
qwen3:14b,no_evidence,32000,pos_07,arithmetic,low,5,0.0,0.0,0.0,0.0
qwen3:14b,no_evidence,32000,pos_07,arithmetic,none,5,0.0,0.0,0.0,0.0
qwen3:14b,no_evidence,32000,pos_07,comparison,conflicting,5,0.0,0.0,0.0,0.0
qwen3:14b,no_evidence,32000,pos_07,comparison,high,5,0.0,0.0,0.0,0.0
qwen3:14b,no_evidence,32000,pos_07,comparison,low,5,0.0,0.0,0.0,0.0
qwen3:14b,no_evidence,32000,pos_07,comparison,none,5,0.0,0.0,0.0,0.0
qwen3:14b,no_evidence,32000,pos_07,multi_hop,conflicting,5,0.0,0.0,0.0,0.0
qwen3:14b,no_evidence,32000,pos_07,multi_hop,high,5,0.0,0.0,0.0,0.0
qwen3:14b,no_evidence,32000,pos_07,multi_hop,low,5,0.0,0.0,0.0,0.0
qwen3:14b,no_evidence,32000,pos_07,multi_hop,none,5,0.0,0.0,0.0,0.0
qwen3:14b,no_evidence,32000,pos_07,single_hop,conflicting,5,0.0,0.0,0.0,0.0
qwen3:14b,no_evidence,32000,pos_07,single_hop,high,5,0.0,0.0,0.0,0.0
qwen3:14b,no_evidence,32000,pos_07,single_hop,low,5,0.0,0.0,0.0,0.0
qwen3:14b,no_evidence,32000,pos_07,single_hop,none,5,0.0,0.0,0.0,0.0
qwen3:14b,no_evidence,32000,pos_08,arithmetic,conflicting,5,0.0,0.0,0.0,0.0
qwen3:14b,no_evidence,32000,pos_08,arithmetic,high,5,0.0,0.0,0.0,0.0
qwen3:14b,no_evidence,32000,pos_08,arithmetic,low,5,0.0,0.0,0.0,0.0
qwen3:14b,no_evidence,32000,pos_08,arithmetic,none,5,0.0,0.0,0.0,0.0
qwen3:14b,no_evidence,32000,pos_08,comparison,conflicting,5,0.0,0.0,0.0,0.0
qwen3:14b,no_evidence,32000,pos_08,comparison,high,5,0.0,0.0,0.0,0.0
qwen3:14b,no_evidence,32000,pos_08,comparison,low,5,0.0,0.0,0.0,0.0
qwen3:14b,no_evidence,32000,pos_08,comparison,none,5,0.0,0.0,0.0,0.0
qwen3:14b,no_evidence,32000,pos_08,multi_hop,conflicting,5,0.0,0.0,0.0,0.0
qwen3:14b,no_evidence,32000,pos_08,multi_hop,high,5,0.0,0.0,0.0,0.0
qwen3:14b,no_evidence,32000,pos_08,multi_hop,low,5,0.0,0.0,0.0,0.0
qwen3:14b,no_evidence,32000,pos_08,multi_hop,none,5,0.0,0.0,0.0,0.0
qwen3:14b,no_evidence,32000,pos_08,single_hop,conflicting,5,0.0,0.0,0.0,0.0
qwen3:14b,no_evidence,32000,pos_08,single_hop,high,5,0.0,0.0,0.0,0.0
qwen3:14b,no_evidence,32000,pos_08,single_hop,low,5,0.0,0.0,0.0,0.0
qwen3:14b,no_evidence,32000,pos_08,single_hop,none,5,0.0,0.0,0.0,0.0
qwen3:14b,no_evidence,32000,pos_09,arithmetic,conflicting,5,0.0,0.0,0.0,0.0
qwen3:14b,no_evidence,32000,pos_09,arithmetic,high,5,0.0,0.0,0.0,0.0
qwen3:14b,no_evidence,32000,pos_09,arithmetic,low,5,0.0,0.0,0.0,0.0
qwen3:14b,no_evidence,32000,pos_09,arithmetic,none,5,0.0,0.0,0.0,0.0
qwen3:14b,no_evidence,32000,pos_09,comparison,conflicting,5,0.0,0.0,0.0,0.0
qwen3:14b,no_evidence,32000,pos_09,comparison,high,5,0.0,0.0,0.0,0.0
qwen3:14b,no_evidence,32000,pos_09,comparison,low,5,0.0,0.0,0.0,0.0
qwen3:14b,no_evidence,32000,pos_09,comparison,none,5,0.0,0.0,0.0,0.0
qwen3:14b,no_evidence,32000,pos_09,multi_hop,conflicting,5,0.0,0.0,0.0,0.0
qwen3:14b,no_evidence,32000,pos_09,multi_hop,high,5,0.0,0.0,0.0,0.0
qwen3:14b,no_evidence,32000,pos_09,multi_hop,low,5,0.0,0.0,0.0,0.0
qwen3:14b,no_evidence,32000,pos_09,multi_hop,none,5,0.0,0.0,0.0,0.0
qwen3:14b,no_evidence,32000,pos_09,single_hop,conflicting,5,0.0,0.0,0.0,0.0
qwen3:14b,no_evidence,32000,pos_09,single_hop,high,5,0.0,0.0,0.0,0.0
qwen3:14b,no_evidence,32000,pos_09,single_hop,low,5,0.0,0.0,0.0,0.0
qwen3:14b,no_evidence,32000,pos_09,single_hop,none,5,0.0,0.0,0.0,0.0
qwen3:14b,no_evidence,4000,pos_00,arithmetic,conflicting,5,0.0,0.0,0.0,0.0
qwen3:14b,no_evidence,4000,pos_00,arithmetic,high,5,0.0,0.0,0.0,0.0
qwen3:14b,no_evidence,4000,pos_00,arithmetic,low,5,0.0,0.0,0.0,0.0
qwen3:14b,no_evidence,4000,pos_00,arithmetic,none,5,0.0,0.0,0.0,0.0
qwen3:14b,no_evidence,4000,pos_00,comparison,conflicting,5,0.0,0.0,0.0,0.0
qwen3:14b,no_evidence,4000,pos_00,comparison,high,5,0.0,0.0,0.0,0.0
qwen3:14b,no_evidence,4000,pos_00,comparison,low,5,0.5,0.0,0.0,0.0
qwen3:14b,no_evidence,4000,pos_00,comparison,none,5,0.5,0.0,0.0,0.0
qwen3:14b,no_evidence,4000,pos_00,multi_hop,conflicting,5,0.0,0.0,0.0,0.0
qwen3:14b,no_evidence,4000,pos_00,multi_hop,high,5,0.0,0.0,0.0,0.0
qwen3:14b,no_evidence,4000,pos_00,multi_hop,low,5,0.0,0.0,0.0,0.0
qwen3:14b,no_evidence,4000,pos_00,multi_hop,none,5,0.0,0.0,0.0,0.0
qwen3:14b,no_evidence,4000,pos_00,single_hop,conflicting,5,0.0,0.0,0.0,0.0
qwen3:14b,no_evidence,4000,pos_00,single_hop,high,5,0.0,0.0,0.0,0.0
qwen3:14b,no_evidence,4000,pos_00,single_hop,low,5,0.0,0.0,0.0,0.0
qwen3:14b,no_evidence,4000,pos_00,single_hop,none,5,0.0,0.0,0.0,0.0
qwen3:14b,no_evidence,4000,pos_01,arithmetic,conflicting,5,0.0,0.0,0.0,0.0
qwen3:14b,no_evidence,4000,pos_01,arithmetic,high,5,0.0,0.0,0.0,0.0
qwen3:14b,no_evidence,4000,pos_01,arithmetic,low,5,0.0,0.0,0.0,0.0
qwen3:14b,no_evidence,4000,pos_01,arithmetic,none,5,0.0,0.0,0.0,0.0
qwen3:14b,no_evidence,4000,pos_01,comparison,conflicting,5,0.0,0.0,0.0,0.0
qwen3:14b,no_evidence,4000,pos_01,comparison,high,5,0.0,0.0,0.0,0.0
qwen3:14b,no_evidence,4000,pos_01,comparison,low,5,0.0,0.0,0.0,0.0
qwen3:14b,no_evidence,4000,pos_01,comparison,none,5,0.0,0.0,0.0,0.0
qwen3:14b,no_evidence,4000,pos_01,multi_hop,conflicting,5,0.0,0.0,0.0,0.0
qwen3:14b,no_evidence,4000,pos_01,multi_hop,high,5,0.0,0.0,0.0,0.0
qwen3:14b,no_evidence,4000,pos_01,multi_hop,low,5,0.0,0.0,0.0,0.0
qwen3:14b,no_evidence,4000,pos_01,multi_hop,none,5,0.0,0.0,0.0,0.0
qwen3:14b,no_evidence,4000,pos_01,single_hop,conflicting,5,0.0,0.0,0.0,0.0
qwen3:14b,no_evidence,4000,pos_01,single_hop,high,5,0.0,0.0,0.0,0.0
qwen3:14b,no_evidence,4000,pos_01,single_hop,low,5,0.0,0.0,0.0,0.0
qwen3:14b,no_evidence,4000,pos_01,single_hop,none,5,0.0,0.0,0.0,0.0
qwen3:14b,no_evidence,4000,pos_02,arithmetic,conflicting,5,0.0,0.0,0.0,0.0
qwen3:14b,no_evidence,4000,pos_02,arithmetic,high,5,0.0,0.0,0.0,0.0
qwen3:14b,no_evidence,4000,pos_02,arithmetic,low,5,0.0,0.0,0.0,0.0
qwen3:14b,no_evidence,4000,pos_02,arithmetic,none,5,0.0,0.0,0.0,0.0
qwen3:14b,no_evidence,4000,pos_02,comparison,conflicting,5,0.0,0.0,0.0,0.0
qwen3:14b,no_evidence,4000,pos_02,comparison,high,5,0.0,0.0,0.0,0.0
qwen3:14b,no_evidence,4000,pos_02,comparison,low,5,0.0,0.0,0.0,0.0
qwen3:14b,no_evidence,4000,pos_02,comparison,none,5,0.0,0.0,0.0,0.0
qwen3:14b,no_evidence,4000,pos_02,multi_hop,conflicting,5,0.0,0.0,0.0,0.0
qwen3:14b,no_evidence,4000,pos_02,multi_hop,high,5,0.0,0.0,0.0,0.0
qwen3:14b,no_evidence,4000,pos_02,multi_hop,low,5,0.0,0.0,0.0,0.0
qwen3:14b,no_evidence,4000,pos_02,multi_hop,none,5,0.0,0.0,0.0,0.0
qwen3:14b,no_evidence,4000,pos_02,single_hop,conflicting,5,0.0,0.0,0.0,0.0
qwen3:14b,no_evidence,4000,pos_02,single_hop,high,5,0.0,0.0,0.0,0.0
qwen3:14b,no_evidence,4000,pos_02,single_hop,low,5,0.0,0.0,0.0,0.0
qwen3:14b,no_evidence,4000,pos_02,single_hop,none,5,0.0,0.0,0.0,0.0
qwen3:14b,no_evidence,4000,pos_03,arithmetic,conflicting,5,0.0,0.0,0.0,0.0
qwen3:14b,no_evidence,4000,pos_03,arithmetic,high,5,0.0,0.0,0.0,0.0
qwen3:14b,no_evidence,4000,pos_03,arithmetic,low,5,0.0,0.0,0.0,0.0
qwen3:14b,no_evidence,4000,pos_03,arithmetic,none,5,0.0,0.0,0.0,0.0
qwen3:14b,no_evidence,4000,pos_03,comparison,conflicting,5,0.0,0.0,0.0,0.0
qwen3:14b,no_evidence,4000,pos_03,comparison,high,5,0.0,0.0,0.0,0.0
qwen3:14b,no_evidence,4000,pos_03,comparison,low,5,0.0,0.0,0.0,0.0
qwen3:14b,no_evidence,4000,pos_03,comparison,none,5,0.0,0.0,0.0,0.0
qwen3:14b,no_evidence,4000,pos_03,multi_hop,conflicting,5,0.0,0.0,0.0,0.0
qwen3:14b,no_evidence,4000,pos_03,multi_hop,high,5,0.0,0.0,0.0,0.0
qwen3:14b,no_evidence,4000,pos_03,multi_hop,low,5,0.0,0.0,0.0,0.0
qwen3:14b,no_evidence,4000,pos_03,multi_hop,none,5,0.0,0.0,0.0,0.0
qwen3:14b,no_evidence,4000,pos_03,single_hop,conflicting,5,0.0,0.0,0.0,0.0
qwen3:14b,no_evidence,4000,pos_03,single_hop,high,5,0.0,0.0,0.0,0.0
qwen3:14b,no_evidence,4000,pos_03,single_hop,low,5,0.0,0.0,0.0,0.0
qwen3:14b,no_evidence,4000,pos_03,single_hop,none,5,0.0,0.0,0.0,0.0
qwen3:14b,no_evidence,4000,pos_04,arithmetic,conflicting,5,0.0,0.0,0.0,0.0
qwen3:14b,no_evidence,4000,pos_04,arithmetic,high,5,0.0,0.0,0.0,0.0
qwen3:14b,no_evidence,4000,pos_04,arithmetic,low,5,0.0,0.0,0.0,0.0
qwen3:14b,no_evidence,4000,pos_04,arithmetic,none,5,0.0,0.0,0.0,0.0
qwen3:14b,no_evidence,4000,pos_04,comparison,conflicting,5,0.0,0.0,0.0,0.0
qwen3:14b,no_evidence,4000,pos_04,comparison,high,5,0.0,0.0,0.0,0.0
qwen3:14b,no_evidence,4000,pos_04,comparison,low,5,0.0,0.0,0.0,0.0
qwen3:14b,no_evidence,4000,pos_04,comparison,none,5,0.1,0.0,0.0,0.0
qwen3:14b,no_evidence,4000,pos_04,multi_hop,conflicting,5,0.0,0.0,0.0,0.0
qwen3:14b,no_evidence,4000,pos_04,multi_hop,high,5,0.0,0.0,0.0,0.0
qwen3:14b,no_evidence,4000,pos_04,multi_hop,low,5,0.0,0.0,0.0,0.0
qwen3:14b,no_evidence,4000,pos_04,multi_hop,none,5,0.0,0.0,0.0,0.0
qwen3:14b,no_evidence,4000,pos_04,single_hop,conflicting,5,0.0,0.0,0.0,0.0
qwen3:14b,no_evidence,4000,pos_04,single_hop,high,5,0.0,0.0,0.0,0.0
qwen3:14b,no_evidence,4000,pos_04,single_hop,low,5,0.0,0.0,0.0,0.0
qwen3:14b,no_evidence,4000,pos_04,single_hop,none,5,0.0,0.0,0.0,0.0
qwen3:14b,no_evidence,4000,pos_05,arithmetic,conflicting,5,0.0,0.0,0.0,0.0
qwen3:14b,no_evidence,4000,pos_05,arithmetic,high,5,0.0,0.0,0.0,0.0
qwen3:14b,no_evidence,4000,pos_05,arithmetic,low,5,0.0,0.0,0.0,0.0
qwen3:14b,no_evidence,4000,pos_05,arithmetic,none,5,0.0,0.0,0.0,0.0
qwen3:14b,no_evidence,4000,pos_05,comparison,conflicting,5,0.0,0.0,0.0,0.0
qwen3:14b,no_evidence,4000,pos_05,comparison,high,5,0.0,0.0,0.0,0.0
qwen3:14b,no_evidence,4000,pos_05,comparison,low,5,0.0,0.0,0.0,0.0
qwen3:14b,no_evidence,4000,pos_05,comparison,none,5,0.0,0.0,0.0,0.0
qwen3:14b,no_evidence,4000,pos_05,multi_hop,conflicting,5,0.0,0.0,0.0,0.0
qwen3:14b,no_evidence,4000,pos_05,multi_hop,high,5,0.0,0.0,0.0,0.0
qwen3:14b,no_evidence,4000,pos_05,multi_hop,low,5,0.0,0.0,0.0,0.0
qwen3:14b,no_evidence,4000,pos_05,multi_hop,none,5,0.0,0.0,0.0,0.0
qwen3:14b,no_evidence,4000,pos_05,single_hop,conflicting,5,0.0,0.0,0.0,0.0
qwen3:14b,no_evidence,4000,pos_05,single_hop,high,5,0.0,0.0,0.0,0.0
qwen3:14b,no_evidence,4000,pos_05,single_hop,low,5,0.0,0.0,0.0,0.0
qwen3:14b,no_evidence,4000,pos_05,single_hop,none,5,0.0,0.0,0.0,0.0
qwen3:14b,no_evidence,4000,pos_06,arithmetic,conflicting,5,0.0,0.0,0.0,0.0
qwen3:14b,no_evidence,4000,pos_06,arithmetic,high,5,0.0,0.0,0.0,0.0
qwen3:14b,no_evidence,4000,pos_06,arithmetic,low,5,0.0,0.0,0.0,0.0
qwen3:14b,no_evidence,4000,pos_06,arithmetic,none,5,0.0,0.0,0.0,0.0
qwen3:14b,no_evidence,4000,pos_06,comparison,conflicting,5,0.0,0.0,0.0,0.0
qwen3:14b,no_evidence,4000,pos_06,comparison,high,5,0.0,0.0,0.0,0.0
qwen3:14b,no_evidence,4000,pos_06,comparison,low,5,0.0,0.0,0.0,0.0
qwen3:14b,no_evidence,4000,pos_06,comparison,none,5,0.0,0.0,0.0,0.0
qwen3:14b,no_evidence,4000,pos_06,multi_hop,conflicting,5,0.0,0.0,0.0,0.0
qwen3:14b,no_evidence,4000,pos_06,multi_hop,high,5,0.0,0.0,0.0,0.0
qwen3:14b,no_evidence,4000,pos_06,multi_hop,low,5,0.0,0.0,0.0,0.0
qwen3:14b,no_evidence,4000,pos_06,multi_hop,none,5,0.0,0.0,0.0,0.0
qwen3:14b,no_evidence,4000,pos_06,single_hop,conflicting,5,0.0,0.0,0.0,0.0
qwen3:14b,no_evidence,4000,pos_06,single_hop,high,5,0.0,0.0,0.0,0.0
qwen3:14b,no_evidence,4000,pos_06,single_hop,low,5,0.0,0.0,0.0,0.0
qwen3:14b,no_evidence,4000,pos_06,single_hop,none,5,0.0,0.0,0.0,0.0
qwen3:14b,no_evidence,4000,pos_07,arithmetic,conflicting,5,0.0,0.0,0.0,0.0
qwen3:14b,no_evidence,4000,pos_07,arithmetic,high,5,0.0,0.0,0.0,0.0
qwen3:14b,no_evidence,4000,pos_07,arithmetic,low,5,0.0,0.0,0.0,0.0
qwen3:14b,no_evidence,4000,pos_07,arithmetic,none,5,0.0,0.0,0.0,0.0
qwen3:14b,no_evidence,4000,pos_07,comparison,conflicting,5,0.0,0.0,0.0,0.0
qwen3:14b,no_evidence,4000,pos_07,comparison,high,5,0.0,0.0,0.0,0.0
qwen3:14b,no_evidence,4000,pos_07,comparison,low,5,0.0,0.0,0.0,0.0
qwen3:14b,no_evidence,4000,pos_07,comparison,none,5,0.0,0.0,0.0,0.0
qwen3:14b,no_evidence,4000,pos_07,multi_hop,conflicting,5,0.0,0.0,0.0,0.0
qwen3:14b,no_evidence,4000,pos_07,multi_hop,high,5,0.0,0.0,0.0,0.0
qwen3:14b,no_evidence,4000,pos_07,multi_hop,low,5,0.0,0.0,0.0,0.0
qwen3:14b,no_evidence,4000,pos_07,multi_hop,none,5,0.0,0.0,0.0,0.0
qwen3:14b,no_evidence,4000,pos_07,single_hop,conflicting,5,0.0,0.0,0.0,0.0
qwen3:14b,no_evidence,4000,pos_07,single_hop,high,5,0.0,0.0,0.0,0.0
qwen3:14b,no_evidence,4000,pos_07,single_hop,low,5,0.0,0.0,0.0,0.0
qwen3:14b,no_evidence,4000,pos_07,single_hop,none,5,0.0,0.0,0.0,0.0
qwen3:14b,no_evidence,4000,pos_08,arithmetic,conflicting,5,0.0,0.0,0.0,0.0
qwen3:14b,no_evidence,4000,pos_08,arithmetic,high,5,0.0,0.0,0.0,0.0
qwen3:14b,no_evidence,4000,pos_08,arithmetic,low,5,0.0,0.0,0.0,0.0
qwen3:14b,no_evidence,4000,pos_08,arithmetic,none,5,0.0,0.0,0.0,0.0
qwen3:14b,no_evidence,4000,pos_08,comparison,conflicting,5,0.0,0.0,0.0,0.0
qwen3:14b,no_evidence,4000,pos_08,comparison,high,5,0.0,0.0,0.0,0.0
qwen3:14b,no_evidence,4000,pos_08,comparison,low,5,0.0,0.0,0.0,0.0
qwen3:14b,no_evidence,4000,pos_08,comparison,none,5,0.0,0.0,0.0,0.0
qwen3:14b,no_evidence,4000,pos_08,multi_hop,conflicting,5,0.0,0.0,0.0,0.0
qwen3:14b,no_evidence,4000,pos_08,multi_hop,high,5,0.0,0.0,0.0,0.0
qwen3:14b,no_evidence,4000,pos_08,multi_hop,low,5,0.0,0.0,0.0,0.0
qwen3:14b,no_evidence,4000,pos_08,multi_hop,none,5,0.0,0.0,0.0,0.0
qwen3:14b,no_evidence,4000,pos_08,single_hop,conflicting,5,0.0,0.0,0.0,0.0
qwen3:14b,no_evidence,4000,pos_08,single_hop,high,5,0.0,0.0,0.0,0.0
qwen3:14b,no_evidence,4000,pos_08,single_hop,low,5,0.0,0.0,0.0,0.0
qwen3:14b,no_evidence,4000,pos_08,single_hop,none,5,0.0,0.0,0.0,0.0
qwen3:14b,no_evidence,4000,pos_09,arithmetic,conflicting,5,0.0,0.0,0.0,0.0
qwen3:14b,no_evidence,4000,pos_09,arithmetic,high,5,0.0,0.0,0.0,0.0
qwen3:14b,no_evidence,4000,pos_09,arithmetic,low,5,0.0,0.0,0.0,0.0
qwen3:14b,no_evidence,4000,pos_09,arithmetic,none,5,0.0,0.0,0.0,0.0
qwen3:14b,no_evidence,4000,pos_09,comparison,conflicting,5,0.0,0.0,0.0,0.0
qwen3:14b,no_evidence,4000,pos_09,comparison,high,5,0.0,0.0,0.0,0.0
qwen3:14b,no_evidence,4000,pos_09,comparison,low,5,0.0,0.0,0.0,0.0
qwen3:14b,no_evidence,4000,pos_09,comparison,none,5,0.0,0.0,0.0,0.0
qwen3:14b,no_evidence,4000,pos_09,multi_hop,conflicting,5,0.0,0.0,0.0,0.0
qwen3:14b,no_evidence,4000,pos_09,multi_hop,high,5,0.0,0.0,0.0,0.0
qwen3:14b,no_evidence,4000,pos_09,multi_hop,low,5,0.0,0.0,0.0,0.0
qwen3:14b,no_evidence,4000,pos_09,multi_hop,none,5,0.0,0.0,0.0,0.0
qwen3:14b,no_evidence,4000,pos_09,single_hop,conflicting,5,0.0,0.0,0.0,0.0
qwen3:14b,no_evidence,4000,pos_09,single_hop,high,5,0.0,0.0,0.0,0.0
qwen3:14b,no_evidence,4000,pos_09,single_hop,low,5,0.0,0.0,0.0,0.0
qwen3:14b,no_evidence,4000,pos_09,single_hop,none,5,0.0,0.0,0.0,0.0
qwen3:14b,no_evidence,8000,pos_00,arithmetic,conflicting,5,0.0,0.0,0.0,0.0
qwen3:14b,no_evidence,8000,pos_00,arithmetic,high,5,0.0,0.0,0.0,0.0
qwen3:14b,no_evidence,8000,pos_00,arithmetic,low,5,0.0,0.0,0.0,0.0
qwen3:14b,no_evidence,8000,pos_00,arithmetic,none,5,0.0,0.0,0.0,0.0
qwen3:14b,no_evidence,8000,pos_00,comparison,conflicting,5,0.0,0.0,0.0,0.0
qwen3:14b,no_evidence,8000,pos_00,comparison,high,5,0.0,0.0,0.0,0.0
qwen3:14b,no_evidence,8000,pos_00,comparison,low,5,0.0,0.0,0.0,0.0
qwen3:14b,no_evidence,8000,pos_00,comparison,none,5,0.0,0.0,0.0,0.0
qwen3:14b,no_evidence,8000,pos_00,multi_hop,conflicting,5,0.0,0.0,0.0,0.0
qwen3:14b,no_evidence,8000,pos_00,multi_hop,high,5,0.0,0.0,0.0,0.0
qwen3:14b,no_evidence,8000,pos_00,multi_hop,low,5,0.0,0.0,0.0,0.0
qwen3:14b,no_evidence,8000,pos_00,multi_hop,none,5,0.0,0.0,0.0,0.0
qwen3:14b,no_evidence,8000,pos_00,single_hop,conflicting,5,0.0,0.0,0.0,0.0
qwen3:14b,no_evidence,8000,pos_00,single_hop,high,5,0.0,0.0,0.0,0.0
qwen3:14b,no_evidence,8000,pos_00,single_hop,low,5,0.0,0.0,0.0,0.0
qwen3:14b,no_evidence,8000,pos_00,single_hop,none,5,0.0,0.0,0.0,0.0
qwen3:14b,no_evidence,8000,pos_01,arithmetic,conflicting,5,0.0,0.0,0.0,0.0
qwen3:14b,no_evidence,8000,pos_01,arithmetic,high,5,0.0,0.0,0.0,0.0
qwen3:14b,no_evidence,8000,pos_01,arithmetic,low,5,0.0,0.0,0.0,0.0
qwen3:14b,no_evidence,8000,pos_01,arithmetic,none,5,0.0,0.0,0.0,0.0
qwen3:14b,no_evidence,8000,pos_01,comparison,conflicting,5,0.0,0.0,0.0,0.0
qwen3:14b,no_evidence,8000,pos_01,comparison,high,5,0.0,0.0,0.0,0.0
qwen3:14b,no_evidence,8000,pos_01,comparison,low,5,0.0,0.0,0.0,0.0
qwen3:14b,no_evidence,8000,pos_01,comparison,none,5,0.0,0.0,0.0,0.0
qwen3:14b,no_evidence,8000,pos_01,multi_hop,conflicting,5,0.0,0.0,0.0,0.0
qwen3:14b,no_evidence,8000,pos_01,multi_hop,high,5,0.0,0.0,0.0,0.0
qwen3:14b,no_evidence,8000,pos_01,multi_hop,low,5,0.0,0.0,0.0,0.0
qwen3:14b,no_evidence,8000,pos_01,multi_hop,none,5,0.0,0.0,0.0,0.0
qwen3:14b,no_evidence,8000,pos_01,single_hop,conflicting,5,0.0,0.0,0.0,0.0
qwen3:14b,no_evidence,8000,pos_01,single_hop,high,5,0.0,0.0,0.0,0.0
qwen3:14b,no_evidence,8000,pos_01,single_hop,low,5,0.0,0.0,0.0,0.0
qwen3:14b,no_evidence,8000,pos_01,single_hop,none,5,0.0,0.0,0.0,0.0
qwen3:14b,no_evidence,8000,pos_02,arithmetic,conflicting,5,0.0,0.0,0.0,0.0
qwen3:14b,no_evidence,8000,pos_02,arithmetic,high,5,0.0,0.0,0.0,0.0
qwen3:14b,no_evidence,8000,pos_02,arithmetic,low,5,0.0,0.0,0.0,0.0
qwen3:14b,no_evidence,8000,pos_02,arithmetic,none,5,0.0,0.0,0.0,0.0
qwen3:14b,no_evidence,8000,pos_02,comparison,conflicting,5,0.0,0.0,0.0,0.0
qwen3:14b,no_evidence,8000,pos_02,comparison,high,5,0.0,0.0,0.0,0.0
qwen3:14b,no_evidence,8000,pos_02,comparison,low,5,0.0,0.0,0.0,0.0
qwen3:14b,no_evidence,8000,pos_02,comparison,none,5,0.0,0.0,0.0,0.0
qwen3:14b,no_evidence,8000,pos_02,multi_hop,conflicting,5,0.0,0.0,0.0,0.0
qwen3:14b,no_evidence,8000,pos_02,multi_hop,high,5,0.0,0.0,0.0,0.0
qwen3:14b,no_evidence,8000,pos_02,multi_hop,low,5,0.0,0.0,0.0,0.0
qwen3:14b,no_evidence,8000,pos_02,multi_hop,none,5,0.0,0.0,0.0,0.0
qwen3:14b,no_evidence,8000,pos_02,single_hop,conflicting,5,0.0,0.0,0.0,0.0
qwen3:14b,no_evidence,8000,pos_02,single_hop,high,5,0.0,0.0,0.0,0.0
qwen3:14b,no_evidence,8000,pos_02,single_hop,low,5,0.0,0.0,0.0,0.0
qwen3:14b,no_evidence,8000,pos_02,single_hop,none,5,0.0,0.0,0.0,0.0
qwen3:14b,no_evidence,8000,pos_03,arithmetic,conflicting,5,0.0,0.0,0.0,0.0
qwen3:14b,no_evidence,8000,pos_03,arithmetic,high,5,0.0,0.0,0.0,0.0
qwen3:14b,no_evidence,8000,pos_03,arithmetic,low,5,0.0,0.0,0.0,0.0
qwen3:14b,no_evidence,8000,pos_03,arithmetic,none,5,0.0,0.0,0.0,0.0
qwen3:14b,no_evidence,8000,pos_03,comparison,conflicting,5,0.0,0.0,0.0,0.0
qwen3:14b,no_evidence,8000,pos_03,comparison,high,5,0.0,0.0,0.0,0.0
qwen3:14b,no_evidence,8000,pos_03,comparison,low,5,0.0,0.0,0.0,0.0
qwen3:14b,no_evidence,8000,pos_03,comparison,none,5,0.0,0.0,0.0,0.0
qwen3:14b,no_evidence,8000,pos_03,multi_hop,conflicting,5,0.0,0.0,0.0,0.0
qwen3:14b,no_evidence,8000,pos_03,multi_hop,high,5,0.0,0.0,0.0,0.0
qwen3:14b,no_evidence,8000,pos_03,multi_hop,low,5,0.0,0.0,0.0,0.0
qwen3:14b,no_evidence,8000,pos_03,multi_hop,none,5,0.0,0.0,0.0,0.0
qwen3:14b,no_evidence,8000,pos_03,single_hop,conflicting,5,0.0,0.0,0.0,0.0
qwen3:14b,no_evidence,8000,pos_03,single_hop,high,5,0.0,0.0,0.0,0.0
qwen3:14b,no_evidence,8000,pos_03,single_hop,low,5,0.0,0.0,0.0,0.0
qwen3:14b,no_evidence,8000,pos_03,single_hop,none,5,0.0,0.0,0.0,0.0
qwen3:14b,no_evidence,8000,pos_04,arithmetic,conflicting,5,0.0,0.0,0.0,0.0
qwen3:14b,no_evidence,8000,pos_04,arithmetic,high,5,0.0,0.0,0.0,0.0
qwen3:14b,no_evidence,8000,pos_04,arithmetic,low,5,0.0,0.0,0.0,0.0
qwen3:14b,no_evidence,8000,pos_04,arithmetic,none,5,0.0,0.0,0.0,0.0
qwen3:14b,no_evidence,8000,pos_04,comparison,conflicting,5,0.0,0.0,0.0,0.0
qwen3:14b,no_evidence,8000,pos_04,comparison,high,5,0.0,0.0,0.0,0.0
qwen3:14b,no_evidence,8000,pos_04,comparison,low,5,0.0,0.0,0.0,0.0
qwen3:14b,no_evidence,8000,pos_04,comparison,none,5,0.0,0.0,0.0,0.0
qwen3:14b,no_evidence,8000,pos_04,multi_hop,conflicting,5,0.0,0.0,0.0,0.0
qwen3:14b,no_evidence,8000,pos_04,multi_hop,high,5,0.0,0.0,0.0,0.0
qwen3:14b,no_evidence,8000,pos_04,multi_hop,low,5,0.0,0.0,0.0,0.0
qwen3:14b,no_evidence,8000,pos_04,multi_hop,none,5,0.0,0.0,0.0,0.0
qwen3:14b,no_evidence,8000,pos_04,single_hop,conflicting,5,0.0,0.0,0.0,0.0
qwen3:14b,no_evidence,8000,pos_04,single_hop,high,5,0.0,0.0,0.0,0.0
qwen3:14b,no_evidence,8000,pos_04,single_hop,low,5,0.0,0.0,0.0,0.0
qwen3:14b,no_evidence,8000,pos_04,single_hop,none,5,0.0,0.0,0.0,0.0
qwen3:14b,no_evidence,8000,pos_05,arithmetic,conflicting,5,0.0,0.0,0.0,0.0
qwen3:14b,no_evidence,8000,pos_05,arithmetic,high,5,0.0,0.0,0.0,0.0
qwen3:14b,no_evidence,8000,pos_05,arithmetic,low,5,0.0,0.0,0.0,0.0
qwen3:14b,no_evidence,8000,pos_05,arithmetic,none,5,0.0,0.0,0.0,0.0
qwen3:14b,no_evidence,8000,pos_05,comparison,conflicting,5,0.0,0.0,0.0,0.0
qwen3:14b,no_evidence,8000,pos_05,comparison,high,5,0.0,0.0,0.0,0.0
qwen3:14b,no_evidence,8000,pos_05,comparison,low,5,0.0,0.0,0.0,0.0
qwen3:14b,no_evidence,8000,pos_05,comparison,none,5,0.0,0.0,0.0,0.0
qwen3:14b,no_evidence,8000,pos_05,multi_hop,conflicting,5,0.0,0.0,0.0,0.0
qwen3:14b,no_evidence,8000,pos_05,multi_hop,high,5,0.0,0.0,0.0,0.0
qwen3:14b,no_evidence,8000,pos_05,multi_hop,low,5,0.0,0.0,0.0,0.0
qwen3:14b,no_evidence,8000,pos_05,multi_hop,none,5,0.0,0.0,0.0,0.0
qwen3:14b,no_evidence,8000,pos_05,single_hop,conflicting,5,0.0,0.0,0.0,0.0
qwen3:14b,no_evidence,8000,pos_05,single_hop,high,5,0.0,0.0,0.0,0.0
qwen3:14b,no_evidence,8000,pos_05,single_hop,low,5,0.0,0.0,0.0,0.0
qwen3:14b,no_evidence,8000,pos_05,single_hop,none,5,0.0,0.0,0.0,0.0
qwen3:14b,no_evidence,8000,pos_06,arithmetic,conflicting,5,0.0,0.0,0.0,0.0
qwen3:14b,no_evidence,8000,pos_06,arithmetic,high,5,0.0,0.0,0.0,0.0
qwen3:14b,no_evidence,8000,pos_06,arithmetic,low,5,0.0,0.0,0.0,0.0
qwen3:14b,no_evidence,8000,pos_06,arithmetic,none,5,0.0,0.0,0.0,0.0
qwen3:14b,no_evidence,8000,pos_06,comparison,conflicting,5,0.0,0.0,0.0,0.0
qwen3:14b,no_evidence,8000,pos_06,comparison,high,5,0.0,0.0,0.0,0.0
qwen3:14b,no_evidence,8000,pos_06,comparison,low,5,0.0,0.0,0.0,0.0
qwen3:14b,no_evidence,8000,pos_06,comparison,none,5,0.0,0.0,0.0,0.0
qwen3:14b,no_evidence,8000,pos_06,multi_hop,conflicting,5,0.0,0.0,0.0,0.0
qwen3:14b,no_evidence,8000,pos_06,multi_hop,high,5,0.0,0.0,0.0,0.0
qwen3:14b,no_evidence,8000,pos_06,multi_hop,low,5,0.0,0.0,0.0,0.0
qwen3:14b,no_evidence,8000,pos_06,multi_hop,none,5,0.0,0.0,0.0,0.0
qwen3:14b,no_evidence,8000,pos_06,single_hop,conflicting,5,0.0,0.0,0.0,0.0
qwen3:14b,no_evidence,8000,pos_06,single_hop,high,5,0.0,0.0,0.0,0.0
qwen3:14b,no_evidence,8000,pos_06,single_hop,low,5,0.0,0.0,0.0,0.0
qwen3:14b,no_evidence,8000,pos_06,single_hop,none,5,0.0,0.0,0.0,0.0
qwen3:14b,no_evidence,8000,pos_07,arithmetic,conflicting,5,0.0,0.0,0.0,0.0
qwen3:14b,no_evidence,8000,pos_07,arithmetic,high,5,0.0,0.0,0.0,0.0
qwen3:14b,no_evidence,8000,pos_07,arithmetic,low,5,0.0,0.0,0.0,0.0
qwen3:14b,no_evidence,8000,pos_07,arithmetic,none,5,0.0,0.0,0.0,0.0
qwen3:14b,no_evidence,8000,pos_07,comparison,conflicting,5,0.0,0.0,0.0,0.0
qwen3:14b,no_evidence,8000,pos_07,comparison,high,5,0.0,0.0,0.0,0.0
qwen3:14b,no_evidence,8000,pos_07,comparison,low,5,0.0,0.0,0.0,0.0
qwen3:14b,no_evidence,8000,pos_07,comparison,none,5,0.0,0.0,0.0,0.0
qwen3:14b,no_evidence,8000,pos_07,multi_hop,conflicting,5,0.0,0.0,0.0,0.0
qwen3:14b,no_evidence,8000,pos_07,multi_hop,high,5,0.0,0.0,0.0,0.0
qwen3:14b,no_evidence,8000,pos_07,multi_hop,low,5,0.0,0.0,0.0,0.0
qwen3:14b,no_evidence,8000,pos_07,multi_hop,none,5,0.0,0.0,0.0,0.0
qwen3:14b,no_evidence,8000,pos_07,single_hop,conflicting,5,0.0,0.0,0.0,0.0
qwen3:14b,no_evidence,8000,pos_07,single_hop,high,5,0.0,0.0,0.0,0.0
qwen3:14b,no_evidence,8000,pos_07,single_hop,low,5,0.0,0.0,0.0,0.0
qwen3:14b,no_evidence,8000,pos_07,single_hop,none,5,0.0,0.0,0.0,0.0
qwen3:14b,no_evidence,8000,pos_08,arithmetic,conflicting,5,0.0,0.0,0.0,0.0
qwen3:14b,no_evidence,8000,pos_08,arithmetic,high,5,0.0,0.0,0.0,0.0
qwen3:14b,no_evidence,8000,pos_08,arithmetic,low,5,0.0,0.0,0.0,0.0
qwen3:14b,no_evidence,8000,pos_08,arithmetic,none,5,0.0,0.0,0.0,0.0
qwen3:14b,no_evidence,8000,pos_08,comparison,conflicting,5,0.0,0.0,0.0,0.0
qwen3:14b,no_evidence,8000,pos_08,comparison,high,5,0.0,0.0,0.0,0.0
qwen3:14b,no_evidence,8000,pos_08,comparison,low,5,0.0,0.0,0.0,0.0
qwen3:14b,no_evidence,8000,pos_08,comparison,none,5,0.0,0.0,0.0,0.0
qwen3:14b,no_evidence,8000,pos_08,multi_hop,conflicting,5,0.0,0.0,0.0,0.0
qwen3:14b,no_evidence,8000,pos_08,multi_hop,high,5,0.0,0.0,0.0,0.0
qwen3:14b,no_evidence,8000,pos_08,multi_hop,low,5,0.0,0.0,0.0,0.0
qwen3:14b,no_evidence,8000,pos_08,multi_hop,none,5,0.0,0.0,0.0,0.0
qwen3:14b,no_evidence,8000,pos_08,single_hop,conflicting,5,0.0,0.0,0.0,0.0
qwen3:14b,no_evidence,8000,pos_08,single_hop,high,5,0.0,0.0,0.0,0.0
qwen3:14b,no_evidence,8000,pos_08,single_hop,low,5,0.0,0.0,0.0,0.0
qwen3:14b,no_evidence,8000,pos_08,single_hop,none,5,0.0,0.0,0.0,0.0
qwen3:14b,no_evidence,8000,pos_09,arithmetic,conflicting,5,0.0,0.0,0.0,0.0
qwen3:14b,no_evidence,8000,pos_09,arithmetic,high,5,0.0,0.0,0.0,0.0
qwen3:14b,no_evidence,8000,pos_09,arithmetic,low,5,0.0,0.0,0.0,0.0
qwen3:14b,no_evidence,8000,pos_09,arithmetic,none,5,0.0,0.0,0.0,0.0
qwen3:14b,no_evidence,8000,pos_09,comparison,conflicting,5,0.0,0.0,0.0,0.0
qwen3:14b,no_evidence,8000,pos_09,comparison,high,5,0.0,0.0,0.0,0.0
qwen3:14b,no_evidence,8000,pos_09,comparison,low,5,0.0,0.0,0.0,0.0
qwen3:14b,no_evidence,8000,pos_09,comparison,none,5,0.0,0.0,0.0,0.0
qwen3:14b,no_evidence,8000,pos_09,multi_hop,conflicting,5,0.0,0.0,0.0,0.0
qwen3:14b,no_evidence,8000,pos_09,multi_hop,high,5,0.0,0.0,0.0,0.0
qwen3:14b,no_evidence,8000,pos_09,multi_hop,low,5,0.0,0.0,0.0,0.0
qwen3:14b,no_evidence,8000,pos_09,multi_hop,none,5,0.0,0.0,0.0,0.0
qwen3:14b,no_evidence,8000,pos_09,single_hop,conflicting,5,0.0,0.0,0.0,0.0
qwen3:14b,no_evidence,8000,pos_09,single_hop,high,5,0.0,0.0,0.0,0.0
qwen3:14b,no_evidence,8000,pos_09,single_hop,low,5,0.0,0.0,0.0,0.0
qwen3:14b,no_evidence,8000,pos_09,single_hop,none,5,0.0,0.0,0.0,0.0
qwen3:14b,oracle,16000,pos_00,arithmetic,conflicting,5,1.0,1.0,1.0,0.0
qwen3:14b,oracle,16000,pos_00,arithmetic,high,5,1.0,1.0,1.0,0.0
qwen3:14b,oracle,16000,pos_00,arithmetic,low,5,1.0,1.0,1.0,0.0
qwen3:14b,oracle,16000,pos_00,arithmetic,none,5,1.0,1.0,1.0,0.0
qwen3:14b,oracle,16000,pos_00,comparison,conflicting,5,1.0,1.0,1.0,0.0
qwen3:14b,oracle,16000,pos_00,comparison,high,5,1.0,1.0,1.0,0.0
qwen3:14b,oracle,16000,pos_00,comparison,low,5,1.0,1.0,1.0,0.0
qwen3:14b,oracle,16000,pos_00,comparison,none,5,1.0,1.0,1.0,0.0
qwen3:14b,oracle,16000,pos_00,multi_hop,conflicting,5,1.0,1.0,1.0,0.0
qwen3:14b,oracle,16000,pos_00,multi_hop,high,5,1.0,1.0,1.0,0.0
qwen3:14b,oracle,16000,pos_00,multi_hop,low,5,1.0,1.0,1.0,0.0
qwen3:14b,oracle,16000,pos_00,multi_hop,none,5,1.0,1.0,1.0,0.0
qwen3:14b,oracle,16000,pos_00,single_hop,conflicting,5,1.0,1.0,1.0,0.0
qwen3:14b,oracle,16000,pos_00,single_hop,high,5,1.0,1.0,1.0,0.0
qwen3:14b,oracle,16000,pos_00,single_hop,low,5,1.0,1.0,1.0,0.0
qwen3:14b,oracle,16000,pos_00,single_hop,none,5,1.0,1.0,1.0,0.0
qwen3:14b,oracle,16000,pos_01,arithmetic,conflicting,5,1.0,1.0,1.0,0.0
qwen3:14b,oracle,16000,pos_01,arithmetic,high,5,1.0,1.0,1.0,0.0
qwen3:14b,oracle,16000,pos_01,arithmetic,low,5,1.0,1.0,1.0,0.0
qwen3:14b,oracle,16000,pos_01,arithmetic,none,5,1.0,1.0,1.0,0.0
qwen3:14b,oracle,16000,pos_01,comparison,conflicting,5,1.0,1.0,1.0,0.0
qwen3:14b,oracle,16000,pos_01,comparison,high,5,1.0,1.0,1.0,0.0
qwen3:14b,oracle,16000,pos_01,comparison,low,5,1.0,1.0,1.0,0.0
qwen3:14b,oracle,16000,pos_01,comparison,none,5,1.0,1.0,1.0,0.0
qwen3:14b,oracle,16000,pos_01,multi_hop,conflicting,5,1.0,1.0,1.0,0.0
qwen3:14b,oracle,16000,pos_01,multi_hop,high,5,1.0,1.0,1.0,0.0
qwen3:14b,oracle,16000,pos_01,multi_hop,low,5,1.0,1.0,1.0,0.0
qwen3:14b,oracle,16000,pos_01,multi_hop,none,5,1.0,1.0,1.0,0.0
qwen3:14b,oracle,16000,pos_01,single_hop,conflicting,5,1.0,1.0,1.0,0.0
qwen3:14b,oracle,16000,pos_01,single_hop,high,5,1.0,1.0,1.0,0.0
qwen3:14b,oracle,16000,pos_01,single_hop,low,5,1.0,1.0,1.0,0.0
qwen3:14b,oracle,16000,pos_01,single_hop,none,5,1.0,1.0,1.0,0.0
qwen3:14b,oracle,16000,pos_02,arithmetic,conflicting,5,1.0,1.0,1.0,0.0
qwen3:14b,oracle,16000,pos_02,arithmetic,high,5,0.8,0.8,1.0,0.0
qwen3:14b,oracle,16000,pos_02,arithmetic,low,5,1.0,1.0,1.0,0.0
qwen3:14b,oracle,16000,pos_02,arithmetic,none,5,1.0,1.0,1.0,0.0
qwen3:14b,oracle,16000,pos_02,comparison,conflicting,5,1.0,1.0,1.0,0.0
qwen3:14b,oracle,16000,pos_02,comparison,high,5,1.0,1.0,1.0,0.0
qwen3:14b,oracle,16000,pos_02,comparison,low,5,1.0,1.0,1.0,0.0
qwen3:14b,oracle,16000,pos_02,comparison,none,5,1.0,1.0,1.0,0.0
qwen3:14b,oracle,16000,pos_02,multi_hop,conflicting,5,1.0,1.0,1.0,0.0
qwen3:14b,oracle,16000,pos_02,multi_hop,high,5,1.0,1.0,1.0,0.0
qwen3:14b,oracle,16000,pos_02,multi_hop,low,5,1.0,1.0,1.0,0.0
qwen3:14b,oracle,16000,pos_02,multi_hop,none,5,1.0,1.0,1.0,0.0
qwen3:14b,oracle,16000,pos_02,single_hop,conflicting,5,1.0,1.0,1.0,0.0
qwen3:14b,oracle,16000,pos_02,single_hop,high,5,1.0,1.0,1.0,0.0
qwen3:14b,oracle,16000,pos_02,single_hop,low,5,1.0,1.0,1.0,0.0
qwen3:14b,oracle,16000,pos_02,single_hop,none,5,1.0,1.0,1.0,0.0
qwen3:14b,oracle,16000,pos_03,arithmetic,conflicting,5,1.0,1.0,1.0,0.0
qwen3:14b,oracle,16000,pos_03,arithmetic,high,5,1.0,1.0,1.0,0.0
qwen3:14b,oracle,16000,pos_03,arithmetic,low,5,1.0,1.0,1.0,0.0
qwen3:14b,oracle,16000,pos_03,arithmetic,none,5,1.0,1.0,1.0,0.0
qwen3:14b,oracle,16000,pos_03,comparison,conflicting,5,1.0,1.0,1.0,0.0
qwen3:14b,oracle,16000,pos_03,comparison,high,5,1.0,1.0,1.0,0.0
qwen3:14b,oracle,16000,pos_03,comparison,low,5,1.0,1.0,1.0,0.0
qwen3:14b,oracle,16000,pos_03,comparison,none,5,1.0,1.0,1.0,0.0
qwen3:14b,oracle,16000,pos_03,multi_hop,conflicting,5,1.0,1.0,1.0,0.0
qwen3:14b,oracle,16000,pos_03,multi_hop,high,5,1.0,1.0,1.0,0.0
qwen3:14b,oracle,16000,pos_03,multi_hop,low,5,1.0,1.0,1.0,0.0
qwen3:14b,oracle,16000,pos_03,multi_hop,none,5,1.0,1.0,1.0,0.0
qwen3:14b,oracle,16000,pos_03,single_hop,conflicting,5,1.0,1.0,1.0,0.0
qwen3:14b,oracle,16000,pos_03,single_hop,high,5,1.0,1.0,1.0,0.0
qwen3:14b,oracle,16000,pos_03,single_hop,low,5,1.0,1.0,1.0,0.0
qwen3:14b,oracle,16000,pos_03,single_hop,none,5,1.0,1.0,1.0,0.0
qwen3:14b,oracle,16000,pos_04,arithmetic,conflicting,5,1.0,1.0,1.0,0.0
qwen3:14b,oracle,16000,pos_04,arithmetic,high,5,1.0,1.0,1.0,0.0
qwen3:14b,oracle,16000,pos_04,arithmetic,low,5,1.0,1.0,1.0,0.0
qwen3:14b,oracle,16000,pos_04,arithmetic,none,5,1.0,1.0,1.0,0.0
qwen3:14b,oracle,16000,pos_04,comparison,conflicting,5,1.0,1.0,1.0,0.0
qwen3:14b,oracle,16000,pos_04,comparison,high,5,1.0,1.0,1.0,0.0
qwen3:14b,oracle,16000,pos_04,comparison,low,5,1.0,1.0,1.0,0.0
qwen3:14b,oracle,16000,pos_04,comparison,none,5,1.0,1.0,1.0,0.0
qwen3:14b,oracle,16000,pos_04,multi_hop,conflicting,5,1.0,1.0,1.0,0.0
qwen3:14b,oracle,16000,pos_04,multi_hop,high,5,1.0,1.0,1.0,0.0
qwen3:14b,oracle,16000,pos_04,multi_hop,low,5,1.0,1.0,1.0,0.0
qwen3:14b,oracle,16000,pos_04,multi_hop,none,5,1.0,1.0,1.0,0.0
qwen3:14b,oracle,16000,pos_04,single_hop,conflicting,5,1.0,1.0,1.0,0.0
qwen3:14b,oracle,16000,pos_04,single_hop,high,5,1.0,1.0,1.0,0.0
qwen3:14b,oracle,16000,pos_04,single_hop,low,5,1.0,1.0,1.0,0.0
qwen3:14b,oracle,16000,pos_04,single_hop,none,5,1.0,1.0,1.0,0.0
qwen3:14b,oracle,16000,pos_05,arithmetic,conflicting,5,1.0,1.0,1.0,0.0
qwen3:14b,oracle,16000,pos_05,arithmetic,high,5,1.0,1.0,1.0,0.0
qwen3:14b,oracle,16000,pos_05,arithmetic,low,5,1.0,1.0,1.0,0.0
qwen3:14b,oracle,16000,pos_05,arithmetic,none,5,1.0,1.0,1.0,0.0
qwen3:14b,oracle,16000,pos_05,comparison,conflicting,5,1.0,1.0,1.0,0.0
qwen3:14b,oracle,16000,pos_05,comparison,high,5,1.0,1.0,1.0,0.0
qwen3:14b,oracle,16000,pos_05,comparison,low,5,1.0,1.0,1.0,0.0
qwen3:14b,oracle,16000,pos_05,comparison,none,5,0.9333333333333333,0.8,1.0,0.0
qwen3:14b,oracle,16000,pos_05,multi_hop,conflicting,5,1.0,1.0,1.0,0.0
qwen3:14b,oracle,16000,pos_05,multi_hop,high,5,1.0,1.0,1.0,0.0
qwen3:14b,oracle,16000,pos_05,multi_hop,low,5,1.0,1.0,1.0,0.0
qwen3:14b,oracle,16000,pos_05,multi_hop,none,5,1.0,1.0,1.0,0.0
qwen3:14b,oracle,16000,pos_05,single_hop,conflicting,5,1.0,1.0,1.0,0.0
qwen3:14b,oracle,16000,pos_05,single_hop,high,5,1.0,1.0,1.0,0.0
qwen3:14b,oracle,16000,pos_05,single_hop,low,5,1.0,1.0,1.0,0.0
qwen3:14b,oracle,16000,pos_05,single_hop,none,5,1.0,1.0,1.0,0.0
qwen3:14b,oracle,16000,pos_06,arithmetic,conflicting,5,0.8,0.8,1.0,0.0
qwen3:14b,oracle,16000,pos_06,arithmetic,high,5,1.0,1.0,1.0,0.0
qwen3:14b,oracle,16000,pos_06,arithmetic,low,5,1.0,1.0,1.0,0.0
qwen3:14b,oracle,16000,pos_06,arithmetic,none,5,1.0,1.0,1.0,0.0
qwen3:14b,oracle,16000,pos_06,comparison,conflicting,5,1.0,1.0,1.0,0.0
qwen3:14b,oracle,16000,pos_06,comparison,high,5,1.0,1.0,1.0,0.0
qwen3:14b,oracle,16000,pos_06,comparison,low,5,1.0,1.0,1.0,0.0
qwen3:14b,oracle,16000,pos_06,comparison,none,5,1.0,1.0,1.0,0.0
qwen3:14b,oracle,16000,pos_06,multi_hop,conflicting,5,1.0,1.0,1.0,0.0
qwen3:14b,oracle,16000,pos_06,multi_hop,high,5,1.0,1.0,1.0,0.0
qwen3:14b,oracle,16000,pos_06,multi_hop,low,5,1.0,1.0,1.0,0.0
qwen3:14b,oracle,16000,pos_06,multi_hop,none,5,1.0,1.0,1.0,0.0
qwen3:14b,oracle,16000,pos_06,single_hop,conflicting,5,1.0,1.0,1.0,0.0
qwen3:14b,oracle,16000,pos_06,single_hop,high,5,1.0,1.0,1.0,0.0
qwen3:14b,oracle,16000,pos_06,single_hop,low,5,1.0,1.0,1.0,0.0
qwen3:14b,oracle,16000,pos_06,single_hop,none,5,1.0,1.0,1.0,0.0
qwen3:14b,oracle,16000,pos_07,arithmetic,conflicting,5,1.0,1.0,1.0,0.0
qwen3:14b,oracle,16000,pos_07,arithmetic,high,5,1.0,1.0,1.0,0.0
qwen3:14b,oracle,16000,pos_07,arithmetic,low,5,1.0,1.0,1.0,0.0
qwen3:14b,oracle,16000,pos_07,arithmetic,none,5,1.0,1.0,1.0,0.0
qwen3:14b,oracle,16000,pos_07,comparison,conflicting,5,0.9333333333333333,0.8,1.0,0.0
qwen3:14b,oracle,16000,pos_07,comparison,high,5,1.0,1.0,1.0,0.0
qwen3:14b,oracle,16000,pos_07,comparison,low,5,1.0,1.0,1.0,0.0
qwen3:14b,oracle,16000,pos_07,comparison,none,5,1.0,1.0,1.0,0.0
qwen3:14b,oracle,16000,pos_07,multi_hop,conflicting,5,1.0,1.0,1.0,0.0
qwen3:14b,oracle,16000,pos_07,multi_hop,high,5,1.0,1.0,1.0,0.0
qwen3:14b,oracle,16000,pos_07,multi_hop,low,5,1.0,1.0,1.0,0.0
qwen3:14b,oracle,16000,pos_07,multi_hop,none,5,1.0,1.0,1.0,0.0
qwen3:14b,oracle,16000,pos_07,single_hop,conflicting,5,1.0,1.0,1.0,0.0
qwen3:14b,oracle,16000,pos_07,single_hop,high,5,1.0,1.0,1.0,0.0
qwen3:14b,oracle,16000,pos_07,single_hop,low,5,1.0,1.0,1.0,0.0
qwen3:14b,oracle,16000,pos_07,single_hop,none,5,1.0,1.0,1.0,0.0
qwen3:14b,oracle,16000,pos_08,arithmetic,conflicting,5,1.0,1.0,1.0,0.0
qwen3:14b,oracle,16000,pos_08,arithmetic,high,5,1.0,1.0,1.0,0.0
qwen3:14b,oracle,16000,pos_08,arithmetic,low,5,1.0,1.0,1.0,0.0
qwen3:14b,oracle,16000,pos_08,arithmetic,none,5,0.8,0.8,1.0,0.0
qwen3:14b,oracle,16000,pos_08,comparison,conflicting,5,1.0,1.0,1.0,0.0
qwen3:14b,oracle,16000,pos_08,comparison,high,5,1.0,1.0,1.0,0.0
qwen3:14b,oracle,16000,pos_08,comparison,low,5,1.0,1.0,1.0,0.0
qwen3:14b,oracle,16000,pos_08,comparison,none,5,1.0,1.0,1.0,0.0
qwen3:14b,oracle,16000,pos_08,multi_hop,conflicting,5,1.0,1.0,1.0,0.0
qwen3:14b,oracle,16000,pos_08,multi_hop,high,5,1.0,1.0,1.0,0.0
qwen3:14b,oracle,16000,pos_08,multi_hop,low,5,1.0,1.0,1.0,0.0
qwen3:14b,oracle,16000,pos_08,multi_hop,none,5,1.0,1.0,1.0,0.0
qwen3:14b,oracle,16000,pos_08,single_hop,conflicting,5,1.0,1.0,1.0,0.0
qwen3:14b,oracle,16000,pos_08,single_hop,high,5,1.0,1.0,1.0,0.0
qwen3:14b,oracle,16000,pos_08,single_hop,low,5,1.0,1.0,1.0,0.0
qwen3:14b,oracle,16000,pos_08,single_hop,none,5,1.0,1.0,1.0,0.0
qwen3:14b,oracle,16000,pos_09,arithmetic,conflicting,5,1.0,1.0,1.0,0.0
qwen3:14b,oracle,16000,pos_09,arithmetic,high,5,1.0,1.0,1.0,0.0
qwen3:14b,oracle,16000,pos_09,arithmetic,low,5,1.0,1.0,1.0,0.0
qwen3:14b,oracle,16000,pos_09,arithmetic,none,5,1.0,1.0,1.0,0.0
qwen3:14b,oracle,16000,pos_09,comparison,conflicting,5,0.9333333333333333,0.8,1.0,0.0
qwen3:14b,oracle,16000,pos_09,comparison,high,5,1.0,1.0,1.0,0.0
qwen3:14b,oracle,16000,pos_09,comparison,low,5,1.0,1.0,1.0,0.0
qwen3:14b,oracle,16000,pos_09,comparison,none,5,1.0,1.0,1.0,0.0
qwen3:14b,oracle,16000,pos_09,multi_hop,conflicting,5,1.0,1.0,1.0,0.0
qwen3:14b,oracle,16000,pos_09,multi_hop,high,5,1.0,1.0,1.0,0.0
qwen3:14b,oracle,16000,pos_09,multi_hop,low,5,1.0,1.0,1.0,0.0
qwen3:14b,oracle,16000,pos_09,multi_hop,none,5,1.0,1.0,1.0,0.0
qwen3:14b,oracle,16000,pos_09,single_hop,conflicting,5,1.0,1.0,1.0,0.0
qwen3:14b,oracle,16000,pos_09,single_hop,high,5,1.0,1.0,1.0,0.0
qwen3:14b,oracle,16000,pos_09,single_hop,low,5,1.0,1.0,1.0,0.0
qwen3:14b,oracle,16000,pos_09,single_hop,none,5,1.0,1.0,1.0,0.0
qwen3:14b,oracle,32000,pos_00,arithmetic,conflicting,5,1.0,1.0,1.0,0.0
qwen3:14b,oracle,32000,pos_00,arithmetic,high,5,1.0,1.0,1.0,0.0
qwen3:14b,oracle,32000,pos_00,arithmetic,low,5,1.0,1.0,1.0,0.0
qwen3:14b,oracle,32000,pos_00,arithmetic,none,5,1.0,1.0,1.0,0.0
qwen3:14b,oracle,32000,pos_00,comparison,conflicting,5,1.0,1.0,1.0,0.0
qwen3:14b,oracle,32000,pos_00,comparison,high,5,0.9333333333333333,0.8,1.0,0.0
qwen3:14b,oracle,32000,pos_00,comparison,low,5,1.0,1.0,1.0,0.0
qwen3:14b,oracle,32000,pos_00,comparison,none,5,1.0,1.0,1.0,0.0
qwen3:14b,oracle,32000,pos_00,multi_hop,conflicting,5,1.0,1.0,1.0,0.0
qwen3:14b,oracle,32000,pos_00,multi_hop,high,5,1.0,1.0,1.0,0.0
qwen3:14b,oracle,32000,pos_00,multi_hop,low,5,1.0,1.0,1.0,0.0
qwen3:14b,oracle,32000,pos_00,multi_hop,none,5,1.0,1.0,1.0,0.0
qwen3:14b,oracle,32000,pos_00,single_hop,conflicting,5,1.0,1.0,1.0,0.0
qwen3:14b,oracle,32000,pos_00,single_hop,high,5,1.0,1.0,1.0,0.0
qwen3:14b,oracle,32000,pos_00,single_hop,low,5,1.0,1.0,1.0,0.0
qwen3:14b,oracle,32000,pos_00,single_hop,none,5,1.0,1.0,1.0,0.0
qwen3:14b,oracle,32000,pos_01,arithmetic,conflicting,5,1.0,1.0,1.0,0.0
qwen3:14b,oracle,32000,pos_01,arithmetic,high,5,1.0,1.0,1.0,0.0
qwen3:14b,oracle,32000,pos_01,arithmetic,low,5,1.0,1.0,1.0,0.0
qwen3:14b,oracle,32000,pos_01,arithmetic,none,5,1.0,1.0,1.0,0.0
qwen3:14b,oracle,32000,pos_01,comparison,conflicting,5,1.0,1.0,1.0,0.0
qwen3:14b,oracle,32000,pos_01,comparison,high,5,0.9333333333333333,0.8,1.0,0.0
qwen3:14b,oracle,32000,pos_01,comparison,low,5,1.0,1.0,1.0,0.0
qwen3:14b,oracle,32000,pos_01,comparison,none,5,1.0,1.0,1.0,0.0
qwen3:14b,oracle,32000,pos_01,multi_hop,conflicting,5,1.0,1.0,1.0,0.0
qwen3:14b,oracle,32000,pos_01,multi_hop,high,5,1.0,1.0,1.0,0.0
qwen3:14b,oracle,32000,pos_01,multi_hop,low,5,1.0,1.0,1.0,0.0
qwen3:14b,oracle,32000,pos_01,multi_hop,none,5,1.0,1.0,1.0,0.0
qwen3:14b,oracle,32000,pos_01,single_hop,conflicting,5,1.0,1.0,1.0,0.0
qwen3:14b,oracle,32000,pos_01,single_hop,high,5,1.0,1.0,1.0,0.0
qwen3:14b,oracle,32000,pos_01,single_hop,low,5,1.0,1.0,1.0,0.0
qwen3:14b,oracle,32000,pos_01,single_hop,none,5,1.0,1.0,1.0,0.0
qwen3:14b,oracle,32000,pos_02,arithmetic,conflicting,5,1.0,1.0,1.0,0.0
qwen3:14b,oracle,32000,pos_02,arithmetic,high,5,1.0,1.0,1.0,0.0
qwen3:14b,oracle,32000,pos_02,arithmetic,low,5,1.0,1.0,1.0,0.0
qwen3:14b,oracle,32000,pos_02,arithmetic,none,5,1.0,1.0,1.0,0.0
qwen3:14b,oracle,32000,pos_02,comparison,conflicting,5,1.0,1.0,1.0,0.0
qwen3:14b,oracle,32000,pos_02,comparison,high,5,1.0,1.0,1.0,0.0
qwen3:14b,oracle,32000,pos_02,comparison,low,5,1.0,1.0,1.0,0.0
qwen3:14b,oracle,32000,pos_02,comparison,none,5,0.9333333333333333,0.8,1.0,0.0
qwen3:14b,oracle,32000,pos_02,multi_hop,conflicting,5,1.0,1.0,1.0,0.0
qwen3:14b,oracle,32000,pos_02,multi_hop,high,5,1.0,1.0,1.0,0.0
qwen3:14b,oracle,32000,pos_02,multi_hop,low,5,1.0,1.0,1.0,0.0
qwen3:14b,oracle,32000,pos_02,multi_hop,none,5,1.0,1.0,1.0,0.0
qwen3:14b,oracle,32000,pos_02,single_hop,conflicting,5,1.0,1.0,1.0,0.0
qwen3:14b,oracle,32000,pos_02,single_hop,high,5,1.0,1.0,1.0,0.0
qwen3:14b,oracle,32000,pos_02,single_hop,low,5,1.0,1.0,1.0,0.0
qwen3:14b,oracle,32000,pos_02,single_hop,none,5,1.0,1.0,1.0,0.0
qwen3:14b,oracle,32000,pos_03,arithmetic,conflicting,5,1.0,1.0,1.0,0.0
qwen3:14b,oracle,32000,pos_03,arithmetic,high,5,1.0,1.0,1.0,0.0
qwen3:14b,oracle,32000,pos_03,arithmetic,low,5,1.0,1.0,1.0,0.0
qwen3:14b,oracle,32000,pos_03,arithmetic,none,5,1.0,1.0,1.0,0.0
qwen3:14b,oracle,32000,pos_03,comparison,conflicting,5,1.0,1.0,1.0,0.0
qwen3:14b,oracle,32000,pos_03,comparison,high,5,1.0,1.0,1.0,0.0
qwen3:14b,oracle,32000,pos_03,comparison,low,5,1.0,1.0,1.0,0.0
qwen3:14b,oracle,32000,pos_03,comparison,none,5,1.0,1.0,1.0,0.0
qwen3:14b,oracle,32000,pos_03,multi_hop,conflicting,5,1.0,1.0,1.0,0.0
qwen3:14b,oracle,32000,pos_03,multi_hop,high,5,1.0,1.0,1.0,0.0
qwen3:14b,oracle,32000,pos_03,multi_hop,low,5,1.0,1.0,1.0,0.0
qwen3:14b,oracle,32000,pos_03,multi_hop,none,5,1.0,1.0,1.0,0.0
qwen3:14b,oracle,32000,pos_03,single_hop,conflicting,5,1.0,1.0,1.0,0.0
qwen3:14b,oracle,32000,pos_03,single_hop,high,5,1.0,1.0,1.0,0.0
qwen3:14b,oracle,32000,pos_03,single_hop,low,5,1.0,1.0,1.0,0.0
qwen3:14b,oracle,32000,pos_03,single_hop,none,5,1.0,1.0,1.0,0.0
qwen3:14b,oracle,32000,pos_04,arithmetic,conflicting,5,1.0,1.0,1.0,0.0
qwen3:14b,oracle,32000,pos_04,arithmetic,high,5,1.0,1.0,1.0,0.0
qwen3:14b,oracle,32000,pos_04,arithmetic,low,5,1.0,1.0,1.0,0.0
qwen3:14b,oracle,32000,pos_04,arithmetic,none,5,1.0,1.0,1.0,0.0
qwen3:14b,oracle,32000,pos_04,comparison,conflicting,5,1.0,1.0,1.0,0.0
qwen3:14b,oracle,32000,pos_04,comparison,high,5,1.0,1.0,1.0,0.0
qwen3:14b,oracle,32000,pos_04,comparison,low,5,1.0,1.0,1.0,0.0
qwen3:14b,oracle,32000,pos_04,comparison,none,5,1.0,1.0,1.0,0.0
qwen3:14b,oracle,32000,pos_04,multi_hop,conflicting,5,1.0,1.0,1.0,0.0
qwen3:14b,oracle,32000,pos_04,multi_hop,high,5,1.0,1.0,1.0,0.0
qwen3:14b,oracle,32000,pos_04,multi_hop,low,5,1.0,1.0,1.0,0.0
qwen3:14b,oracle,32000,pos_04,multi_hop,none,5,1.0,1.0,1.0,0.0
qwen3:14b,oracle,32000,pos_04,single_hop,conflicting,5,1.0,1.0,1.0,0.0
qwen3:14b,oracle,32000,pos_04,single_hop,high,5,1.0,1.0,1.0,0.0
qwen3:14b,oracle,32000,pos_04,single_hop,low,5,1.0,1.0,1.0,0.0
qwen3:14b,oracle,32000,pos_04,single_hop,none,5,1.0,1.0,1.0,0.0
qwen3:14b,oracle,32000,pos_05,arithmetic,conflicting,5,1.0,1.0,1.0,0.0
qwen3:14b,oracle,32000,pos_05,arithmetic,high,5,0.8,0.8,1.0,0.0
qwen3:14b,oracle,32000,pos_05,arithmetic,low,5,1.0,1.0,1.0,0.0
qwen3:14b,oracle,32000,pos_05,arithmetic,none,5,1.0,1.0,1.0,0.0
qwen3:14b,oracle,32000,pos_05,comparison,conflicting,5,1.0,1.0,1.0,0.0
qwen3:14b,oracle,32000,pos_05,comparison,high,5,1.0,1.0,1.0,0.0
qwen3:14b,oracle,32000,pos_05,comparison,low,5,1.0,1.0,1.0,0.0
qwen3:14b,oracle,32000,pos_05,comparison,none,5,1.0,1.0,1.0,0.0
qwen3:14b,oracle,32000,pos_05,multi_hop,conflicting,5,1.0,1.0,1.0,0.0
qwen3:14b,oracle,32000,pos_05,multi_hop,high,5,1.0,1.0,1.0,0.0
qwen3:14b,oracle,32000,pos_05,multi_hop,low,5,1.0,1.0,1.0,0.0
qwen3:14b,oracle,32000,pos_05,multi_hop,none,5,1.0,1.0,1.0,0.0
qwen3:14b,oracle,32000,pos_05,single_hop,conflicting,5,1.0,1.0,1.0,0.0
qwen3:14b,oracle,32000,pos_05,single_hop,high,5,1.0,1.0,1.0,0.0
qwen3:14b,oracle,32000,pos_05,single_hop,low,5,1.0,1.0,1.0,0.0
qwen3:14b,oracle,32000,pos_05,single_hop,none,5,1.0,1.0,1.0,0.0
qwen3:14b,oracle,32000,pos_06,arithmetic,conflicting,5,1.0,1.0,1.0,0.0
qwen3:14b,oracle,32000,pos_06,arithmetic,high,5,0.8,0.8,1.0,0.0
qwen3:14b,oracle,32000,pos_06,arithmetic,low,5,1.0,1.0,1.0,0.0
qwen3:14b,oracle,32000,pos_06,arithmetic,none,5,1.0,1.0,1.0,0.0
qwen3:14b,oracle,32000,pos_06,comparison,conflicting,5,1.0,1.0,1.0,0.0
qwen3:14b,oracle,32000,pos_06,comparison,high,5,1.0,1.0,1.0,0.0
qwen3:14b,oracle,32000,pos_06,comparison,low,5,1.0,1.0,1.0,0.0
qwen3:14b,oracle,32000,pos_06,comparison,none,5,1.0,1.0,1.0,0.0
qwen3:14b,oracle,32000,pos_06,multi_hop,conflicting,5,1.0,1.0,1.0,0.0
qwen3:14b,oracle,32000,pos_06,multi_hop,high,5,1.0,1.0,1.0,0.0
qwen3:14b,oracle,32000,pos_06,multi_hop,low,5,1.0,1.0,1.0,0.0
qwen3:14b,oracle,32000,pos_06,multi_hop,none,5,1.0,1.0,1.0,0.0
qwen3:14b,oracle,32000,pos_06,single_hop,conflicting,5,1.0,1.0,1.0,0.0
qwen3:14b,oracle,32000,pos_06,single_hop,high,5,1.0,1.0,1.0,0.0
qwen3:14b,oracle,32000,pos_06,single_hop,low,5,1.0,1.0,1.0,0.0
qwen3:14b,oracle,32000,pos_06,single_hop,none,5,1.0,1.0,1.0,0.0
qwen3:14b,oracle,32000,pos_07,arithmetic,conflicting,5,1.0,1.0,1.0,0.0
qwen3:14b,oracle,32000,pos_07,arithmetic,high,5,1.0,1.0,1.0,0.0
qwen3:14b,oracle,32000,pos_07,arithmetic,low,5,1.0,1.0,1.0,0.0
qwen3:14b,oracle,32000,pos_07,arithmetic,none,5,1.0,1.0,1.0,0.0
qwen3:14b,oracle,32000,pos_07,comparison,conflicting,5,0.8666666666666667,0.6,1.0,0.0
qwen3:14b,oracle,32000,pos_07,comparison,high,5,0.8666666666666667,0.6,1.0,0.0
qwen3:14b,oracle,32000,pos_07,comparison,low,5,1.0,1.0,1.0,0.0
qwen3:14b,oracle,32000,pos_07,comparison,none,5,0.9333333333333333,0.8,1.0,0.0
qwen3:14b,oracle,32000,pos_07,multi_hop,conflicting,5,1.0,1.0,1.0,0.0
qwen3:14b,oracle,32000,pos_07,multi_hop,high,5,1.0,1.0,1.0,0.0
qwen3:14b,oracle,32000,pos_07,multi_hop,low,5,1.0,1.0,1.0,0.0
qwen3:14b,oracle,32000,pos_07,multi_hop,none,5,1.0,1.0,1.0,0.0
qwen3:14b,oracle,32000,pos_07,single_hop,conflicting,5,1.0,1.0,1.0,0.0
qwen3:14b,oracle,32000,pos_07,single_hop,high,5,1.0,1.0,1.0,0.0
qwen3:14b,oracle,32000,pos_07,single_hop,low,5,1.0,1.0,1.0,0.0
qwen3:14b,oracle,32000,pos_07,single_hop,none,5,1.0,1.0,1.0,0.0
qwen3:14b,oracle,32000,pos_08,arithmetic,conflicting,5,1.0,1.0,1.0,0.0
qwen3:14b,oracle,32000,pos_08,arithmetic,high,5,1.0,1.0,1.0,0.0
qwen3:14b,oracle,32000,pos_08,arithmetic,low,5,1.0,1.0,1.0,0.0
qwen3:14b,oracle,32000,pos_08,arithmetic,none,5,1.0,1.0,1.0,0.0
qwen3:14b,oracle,32000,pos_08,comparison,conflicting,5,1.0,1.0,1.0,0.0
qwen3:14b,oracle,32000,pos_08,comparison,high,5,1.0,1.0,1.0,0.0
qwen3:14b,oracle,32000,pos_08,comparison,low,5,0.9333333333333333,0.8,1.0,0.0
qwen3:14b,oracle,32000,pos_08,comparison,none,5,0.9333333333333333,0.8,1.0,0.0
qwen3:14b,oracle,32000,pos_08,multi_hop,conflicting,5,1.0,1.0,1.0,0.0
qwen3:14b,oracle,32000,pos_08,multi_hop,high,5,1.0,1.0,1.0,0.0
qwen3:14b,oracle,32000,pos_08,multi_hop,low,5,1.0,1.0,1.0,0.0
qwen3:14b,oracle,32000,pos_08,multi_hop,none,5,1.0,1.0,1.0,0.0
qwen3:14b,oracle,32000,pos_08,single_hop,conflicting,5,1.0,1.0,1.0,0.0
qwen3:14b,oracle,32000,pos_08,single_hop,high,5,1.0,1.0,1.0,0.0
qwen3:14b,oracle,32000,pos_08,single_hop,low,5,1.0,1.0,1.0,0.0
qwen3:14b,oracle,32000,pos_08,single_hop,none,5,1.0,1.0,1.0,0.0
qwen3:14b,oracle,32000,pos_09,arithmetic,conflicting,5,1.0,1.0,1.0,0.0
qwen3:14b,oracle,32000,pos_09,arithmetic,high,5,1.0,1.0,1.0,0.0
qwen3:14b,oracle,32000,pos_09,arithmetic,low,5,1.0,1.0,1.0,0.0
qwen3:14b,oracle,32000,pos_09,arithmetic,none,5,1.0,1.0,1.0,0.0
qwen3:14b,oracle,32000,pos_09,comparison,conflicting,5,1.0,1.0,1.0,0.0
qwen3:14b,oracle,32000,pos_09,comparison,high,5,0.8666666666666667,0.6,1.0,0.0
qwen3:14b,oracle,32000,pos_09,comparison,low,5,1.0,1.0,1.0,0.0
qwen3:14b,oracle,32000,pos_09,comparison,none,5,0.9333333333333333,0.8,1.0,0.0
qwen3:14b,oracle,32000,pos_09,multi_hop,conflicting,5,1.0,1.0,1.0,0.0
qwen3:14b,oracle,32000,pos_09,multi_hop,high,5,1.0,1.0,1.0,0.0
qwen3:14b,oracle,32000,pos_09,multi_hop,low,5,1.0,1.0,1.0,0.0
qwen3:14b,oracle,32000,pos_09,multi_hop,none,5,1.0,1.0,1.0,0.0
qwen3:14b,oracle,32000,pos_09,single_hop,conflicting,5,1.0,1.0,1.0,0.0
qwen3:14b,oracle,32000,pos_09,single_hop,high,5,1.0,1.0,1.0,0.0
qwen3:14b,oracle,32000,pos_09,single_hop,low,5,1.0,1.0,1.0,0.0
qwen3:14b,oracle,32000,pos_09,single_hop,none,5,1.0,1.0,1.0,0.0
qwen3:14b,oracle,4000,pos_00,arithmetic,conflicting,5,1.0,1.0,1.0,0.0
qwen3:14b,oracle,4000,pos_00,arithmetic,high,5,1.0,1.0,1.0,0.0
qwen3:14b,oracle,4000,pos_00,arithmetic,low,5,1.0,1.0,1.0,0.0
qwen3:14b,oracle,4000,pos_00,arithmetic,none,5,1.0,1.0,1.0,0.0
qwen3:14b,oracle,4000,pos_00,comparison,conflicting,5,1.0,1.0,1.0,0.0
qwen3:14b,oracle,4000,pos_00,comparison,high,5,1.0,1.0,1.0,0.0
qwen3:14b,oracle,4000,pos_00,comparison,low,5,1.0,1.0,1.0,0.0
qwen3:14b,oracle,4000,pos_00,comparison,none,5,1.0,1.0,1.0,0.0
qwen3:14b,oracle,4000,pos_00,multi_hop,conflicting,5,1.0,1.0,1.0,0.0
qwen3:14b,oracle,4000,pos_00,multi_hop,high,5,1.0,1.0,1.0,0.0
qwen3:14b,oracle,4000,pos_00,multi_hop,low,5,1.0,1.0,1.0,0.0
qwen3:14b,oracle,4000,pos_00,multi_hop,none,5,1.0,1.0,1.0,0.0
qwen3:14b,oracle,4000,pos_00,single_hop,conflicting,5,1.0,1.0,1.0,0.0
qwen3:14b,oracle,4000,pos_00,single_hop,high,5,1.0,1.0,1.0,0.0
qwen3:14b,oracle,4000,pos_00,single_hop,low,5,1.0,1.0,1.0,0.0
qwen3:14b,oracle,4000,pos_00,single_hop,none,5,1.0,1.0,1.0,0.0
qwen3:14b,oracle,4000,pos_01,arithmetic,conflicting,5,1.0,1.0,1.0,0.0
qwen3:14b,oracle,4000,pos_01,arithmetic,high,5,1.0,1.0,1.0,0.0
qwen3:14b,oracle,4000,pos_01,arithmetic,low,5,1.0,1.0,1.0,0.0
qwen3:14b,oracle,4000,pos_01,arithmetic,none,5,1.0,1.0,1.0,0.0
qwen3:14b,oracle,4000,pos_01,comparison,conflicting,5,1.0,1.0,1.0,0.0
qwen3:14b,oracle,4000,pos_01,comparison,high,5,1.0,1.0,1.0,0.0
qwen3:14b,oracle,4000,pos_01,comparison,low,5,1.0,1.0,1.0,0.0
qwen3:14b,oracle,4000,pos_01,comparison,none,5,1.0,1.0,1.0,0.0
qwen3:14b,oracle,4000,pos_01,multi_hop,conflicting,5,1.0,1.0,1.0,0.0
qwen3:14b,oracle,4000,pos_01,multi_hop,high,5,1.0,1.0,1.0,0.0
qwen3:14b,oracle,4000,pos_01,multi_hop,low,5,1.0,1.0,1.0,0.0
qwen3:14b,oracle,4000,pos_01,multi_hop,none,5,1.0,1.0,1.0,0.0
qwen3:14b,oracle,4000,pos_01,single_hop,conflicting,5,1.0,1.0,1.0,0.0
qwen3:14b,oracle,4000,pos_01,single_hop,high,5,1.0,1.0,1.0,0.0
qwen3:14b,oracle,4000,pos_01,single_hop,low,5,1.0,1.0,1.0,0.0
qwen3:14b,oracle,4000,pos_01,single_hop,none,5,1.0,1.0,1.0,0.0
qwen3:14b,oracle,4000,pos_02,arithmetic,conflicting,5,1.0,1.0,1.0,0.0
qwen3:14b,oracle,4000,pos_02,arithmetic,high,5,1.0,1.0,1.0,0.0
qwen3:14b,oracle,4000,pos_02,arithmetic,low,5,1.0,1.0,1.0,0.0
qwen3:14b,oracle,4000,pos_02,arithmetic,none,5,1.0,1.0,1.0,0.0
qwen3:14b,oracle,4000,pos_02,comparison,conflicting,5,1.0,1.0,1.0,0.0
qwen3:14b,oracle,4000,pos_02,comparison,high,5,1.0,1.0,1.0,0.0
qwen3:14b,oracle,4000,pos_02,comparison,low,5,1.0,1.0,1.0,0.0
qwen3:14b,oracle,4000,pos_02,comparison,none,5,1.0,1.0,1.0,0.0
qwen3:14b,oracle,4000,pos_02,multi_hop,conflicting,5,1.0,1.0,1.0,0.0
qwen3:14b,oracle,4000,pos_02,multi_hop,high,5,1.0,1.0,1.0,0.0
qwen3:14b,oracle,4000,pos_02,multi_hop,low,5,1.0,1.0,1.0,0.0
qwen3:14b,oracle,4000,pos_02,multi_hop,none,5,1.0,1.0,1.0,0.0
qwen3:14b,oracle,4000,pos_02,single_hop,conflicting,5,1.0,1.0,1.0,0.0
qwen3:14b,oracle,4000,pos_02,single_hop,high,5,1.0,1.0,1.0,0.0
qwen3:14b,oracle,4000,pos_02,single_hop,low,5,1.0,1.0,1.0,0.0
qwen3:14b,oracle,4000,pos_02,single_hop,none,5,1.0,1.0,1.0,0.0
qwen3:14b,oracle,4000,pos_03,arithmetic,conflicting,5,0.8,0.8,1.0,0.0
qwen3:14b,oracle,4000,pos_03,arithmetic,high,5,1.0,1.0,1.0,0.0
qwen3:14b,oracle,4000,pos_03,arithmetic,low,5,1.0,1.0,1.0,0.0
qwen3:14b,oracle,4000,pos_03,arithmetic,none,5,1.0,1.0,1.0,0.0
qwen3:14b,oracle,4000,pos_03,comparison,conflicting,5,1.0,1.0,1.0,0.0
qwen3:14b,oracle,4000,pos_03,comparison,high,5,1.0,1.0,1.0,0.0
qwen3:14b,oracle,4000,pos_03,comparison,low,5,1.0,1.0,1.0,0.0
qwen3:14b,oracle,4000,pos_03,comparison,none,5,1.0,1.0,1.0,0.0
qwen3:14b,oracle,4000,pos_03,multi_hop,conflicting,5,1.0,1.0,1.0,0.0
qwen3:14b,oracle,4000,pos_03,multi_hop,high,5,1.0,1.0,1.0,0.0
qwen3:14b,oracle,4000,pos_03,multi_hop,low,5,1.0,1.0,1.0,0.0
qwen3:14b,oracle,4000,pos_03,multi_hop,none,5,1.0,1.0,1.0,0.0
qwen3:14b,oracle,4000,pos_03,single_hop,conflicting,5,1.0,1.0,1.0,0.0
qwen3:14b,oracle,4000,pos_03,single_hop,high,5,1.0,1.0,1.0,0.0
qwen3:14b,oracle,4000,pos_03,single_hop,low,5,1.0,1.0,1.0,0.0
qwen3:14b,oracle,4000,pos_03,single_hop,none,5,1.0,1.0,1.0,0.0
qwen3:14b,oracle,4000,pos_04,arithmetic,conflicting,5,1.0,1.0,1.0,0.0
qwen3:14b,oracle,4000,pos_04,arithmetic,high,5,1.0,1.0,1.0,0.0
qwen3:14b,oracle,4000,pos_04,arithmetic,low,5,1.0,1.0,1.0,0.0
qwen3:14b,oracle,4000,pos_04,arithmetic,none,5,1.0,1.0,1.0,0.0
qwen3:14b,oracle,4000,pos_04,comparison,conflicting,5,1.0,1.0,1.0,0.0
qwen3:14b,oracle,4000,pos_04,comparison,high,5,1.0,1.0,1.0,0.0
qwen3:14b,oracle,4000,pos_04,comparison,low,5,1.0,1.0,1.0,0.0
qwen3:14b,oracle,4000,pos_04,comparison,none,5,1.0,1.0,1.0,0.0
qwen3:14b,oracle,4000,pos_04,multi_hop,conflicting,5,1.0,1.0,1.0,0.0
qwen3:14b,oracle,4000,pos_04,multi_hop,high,5,1.0,1.0,1.0,0.0
qwen3:14b,oracle,4000,pos_04,multi_hop,low,5,1.0,1.0,1.0,0.0
qwen3:14b,oracle,4000,pos_04,multi_hop,none,5,1.0,1.0,1.0,0.0
qwen3:14b,oracle,4000,pos_04,single_hop,conflicting,5,1.0,1.0,1.0,0.0
qwen3:14b,oracle,4000,pos_04,single_hop,high,5,1.0,1.0,1.0,0.0
qwen3:14b,oracle,4000,pos_04,single_hop,low,5,1.0,1.0,1.0,0.0
qwen3:14b,oracle,4000,pos_04,single_hop,none,5,1.0,1.0,1.0,0.0
qwen3:14b,oracle,4000,pos_05,arithmetic,conflicting,5,1.0,1.0,1.0,0.0
qwen3:14b,oracle,4000,pos_05,arithmetic,high,5,1.0,1.0,1.0,0.0
qwen3:14b,oracle,4000,pos_05,arithmetic,low,5,0.8,0.8,1.0,0.0
qwen3:14b,oracle,4000,pos_05,arithmetic,none,5,1.0,1.0,1.0,0.0
qwen3:14b,oracle,4000,pos_05,comparison,conflicting,5,1.0,1.0,1.0,0.0
qwen3:14b,oracle,4000,pos_05,comparison,high,5,1.0,1.0,1.0,0.0
qwen3:14b,oracle,4000,pos_05,comparison,low,5,1.0,1.0,1.0,0.0
qwen3:14b,oracle,4000,pos_05,comparison,none,5,1.0,1.0,1.0,0.0
qwen3:14b,oracle,4000,pos_05,multi_hop,conflicting,5,1.0,1.0,1.0,0.0
qwen3:14b,oracle,4000,pos_05,multi_hop,high,5,1.0,1.0,1.0,0.0
qwen3:14b,oracle,4000,pos_05,multi_hop,low,5,1.0,1.0,1.0,0.0
qwen3:14b,oracle,4000,pos_05,multi_hop,none,5,1.0,1.0,1.0,0.0
qwen3:14b,oracle,4000,pos_05,single_hop,conflicting,5,1.0,1.0,1.0,0.0
qwen3:14b,oracle,4000,pos_05,single_hop,high,5,1.0,1.0,1.0,0.0
qwen3:14b,oracle,4000,pos_05,single_hop,low,5,1.0,1.0,1.0,0.0
qwen3:14b,oracle,4000,pos_05,single_hop,none,5,1.0,1.0,1.0,0.0
qwen3:14b,oracle,4000,pos_06,arithmetic,conflicting,5,1.0,1.0,1.0,0.0
qwen3:14b,oracle,4000,pos_06,arithmetic,high,5,1.0,1.0,1.0,0.0
qwen3:14b,oracle,4000,pos_06,arithmetic,low,5,1.0,1.0,1.0,0.0
qwen3:14b,oracle,4000,pos_06,arithmetic,none,5,1.0,1.0,1.0,0.0
qwen3:14b,oracle,4000,pos_06,comparison,conflicting,5,1.0,1.0,1.0,0.0
qwen3:14b,oracle,4000,pos_06,comparison,high,5,1.0,1.0,1.0,0.0
qwen3:14b,oracle,4000,pos_06,comparison,low,5,1.0,1.0,1.0,0.0
qwen3:14b,oracle,4000,pos_06,comparison,none,5,1.0,1.0,1.0,0.0
qwen3:14b,oracle,4000,pos_06,multi_hop,conflicting,5,1.0,1.0,1.0,0.0
qwen3:14b,oracle,4000,pos_06,multi_hop,high,5,1.0,1.0,1.0,0.0
qwen3:14b,oracle,4000,pos_06,multi_hop,low,5,1.0,1.0,1.0,0.0
qwen3:14b,oracle,4000,pos_06,multi_hop,none,5,1.0,1.0,1.0,0.0
qwen3:14b,oracle,4000,pos_06,single_hop,conflicting,5,1.0,1.0,1.0,0.0
qwen3:14b,oracle,4000,pos_06,single_hop,high,5,1.0,1.0,1.0,0.0
qwen3:14b,oracle,4000,pos_06,single_hop,low,5,1.0,1.0,1.0,0.0
qwen3:14b,oracle,4000,pos_06,single_hop,none,5,1.0,1.0,1.0,0.0
qwen3:14b,oracle,4000,pos_07,arithmetic,conflicting,5,1.0,1.0,1.0,0.0
qwen3:14b,oracle,4000,pos_07,arithmetic,high,5,1.0,1.0,1.0,0.0
qwen3:14b,oracle,4000,pos_07,arithmetic,low,5,0.8,0.8,1.0,0.0
qwen3:14b,oracle,4000,pos_07,arithmetic,none,5,1.0,1.0,1.0,0.0
qwen3:14b,oracle,4000,pos_07,comparison,conflicting,5,1.0,1.0,1.0,0.0
qwen3:14b,oracle,4000,pos_07,comparison,high,5,1.0,1.0,1.0,0.0
qwen3:14b,oracle,4000,pos_07,comparison,low,5,1.0,1.0,1.0,0.0
qwen3:14b,oracle,4000,pos_07,comparison,none,5,1.0,1.0,1.0,0.0
qwen3:14b,oracle,4000,pos_07,multi_hop,conflicting,5,1.0,1.0,1.0,0.0
qwen3:14b,oracle,4000,pos_07,multi_hop,high,5,1.0,1.0,1.0,0.0
qwen3:14b,oracle,4000,pos_07,multi_hop,low,5,1.0,1.0,1.0,0.0
qwen3:14b,oracle,4000,pos_07,multi_hop,none,5,1.0,1.0,1.0,0.0
qwen3:14b,oracle,4000,pos_07,single_hop,conflicting,5,1.0,1.0,1.0,0.0
qwen3:14b,oracle,4000,pos_07,single_hop,high,5,1.0,1.0,1.0,0.0
qwen3:14b,oracle,4000,pos_07,single_hop,low,5,1.0,1.0,1.0,0.0
qwen3:14b,oracle,4000,pos_07,single_hop,none,5,1.0,1.0,1.0,0.0
qwen3:14b,oracle,4000,pos_08,arithmetic,conflicting,5,1.0,1.0,1.0,0.0
qwen3:14b,oracle,4000,pos_08,arithmetic,high,5,1.0,1.0,1.0,0.0
qwen3:14b,oracle,4000,pos_08,arithmetic,low,5,1.0,1.0,1.0,0.0
qwen3:14b,oracle,4000,pos_08,arithmetic,none,5,1.0,1.0,1.0,0.0
qwen3:14b,oracle,4000,pos_08,comparison,conflicting,5,1.0,1.0,1.0,0.0
qwen3:14b,oracle,4000,pos_08,comparison,high,5,1.0,1.0,1.0,0.0
qwen3:14b,oracle,4000,pos_08,comparison,low,5,1.0,1.0,1.0,0.0
qwen3:14b,oracle,4000,pos_08,comparison,none,5,1.0,1.0,1.0,0.0
qwen3:14b,oracle,4000,pos_08,multi_hop,conflicting,5,1.0,1.0,1.0,0.0
qwen3:14b,oracle,4000,pos_08,multi_hop,high,5,1.0,1.0,1.0,0.0
qwen3:14b,oracle,4000,pos_08,multi_hop,low,5,1.0,1.0,1.0,0.0
qwen3:14b,oracle,4000,pos_08,multi_hop,none,5,1.0,1.0,1.0,0.0
qwen3:14b,oracle,4000,pos_08,single_hop,conflicting,5,1.0,1.0,1.0,0.0
qwen3:14b,oracle,4000,pos_08,single_hop,high,5,1.0,1.0,1.0,0.0
qwen3:14b,oracle,4000,pos_08,single_hop,low,5,1.0,1.0,1.0,0.0
qwen3:14b,oracle,4000,pos_08,single_hop,none,5,1.0,1.0,1.0,0.0
qwen3:14b,oracle,4000,pos_09,arithmetic,conflicting,5,1.0,1.0,1.0,0.0
qwen3:14b,oracle,4000,pos_09,arithmetic,high,5,1.0,1.0,1.0,0.0
qwen3:14b,oracle,4000,pos_09,arithmetic,low,5,1.0,1.0,1.0,0.0
qwen3:14b,oracle,4000,pos_09,arithmetic,none,5,1.0,1.0,1.0,0.0
qwen3:14b,oracle,4000,pos_09,comparison,conflicting,5,1.0,1.0,1.0,0.0
qwen3:14b,oracle,4000,pos_09,comparison,high,5,1.0,1.0,1.0,0.0
qwen3:14b,oracle,4000,pos_09,comparison,low,5,1.0,1.0,1.0,0.0
qwen3:14b,oracle,4000,pos_09,comparison,none,5,1.0,1.0,1.0,0.0
qwen3:14b,oracle,4000,pos_09,multi_hop,conflicting,5,1.0,1.0,1.0,0.0
qwen3:14b,oracle,4000,pos_09,multi_hop,high,5,1.0,1.0,1.0,0.0
qwen3:14b,oracle,4000,pos_09,multi_hop,low,5,1.0,1.0,1.0,0.0
qwen3:14b,oracle,4000,pos_09,multi_hop,none,5,1.0,1.0,1.0,0.0
qwen3:14b,oracle,4000,pos_09,single_hop,conflicting,5,1.0,1.0,1.0,0.0
qwen3:14b,oracle,4000,pos_09,single_hop,high,5,1.0,1.0,1.0,0.0
qwen3:14b,oracle,4000,pos_09,single_hop,low,5,1.0,1.0,1.0,0.0
qwen3:14b,oracle,4000,pos_09,single_hop,none,5,1.0,1.0,1.0,0.0
qwen3:14b,oracle,8000,pos_00,arithmetic,conflicting,5,0.8,0.8,1.0,0.0
qwen3:14b,oracle,8000,pos_00,arithmetic,high,5,1.0,1.0,1.0,0.0
qwen3:14b,oracle,8000,pos_00,arithmetic,low,5,1.0,1.0,1.0,0.0
qwen3:14b,oracle,8000,pos_00,arithmetic,none,5,1.0,1.0,1.0,0.0
qwen3:14b,oracle,8000,pos_00,comparison,conflicting,5,1.0,1.0,1.0,0.0
qwen3:14b,oracle,8000,pos_00,comparison,high,5,1.0,1.0,1.0,0.0
qwen3:14b,oracle,8000,pos_00,comparison,low,5,1.0,1.0,1.0,0.0
qwen3:14b,oracle,8000,pos_00,comparison,none,5,1.0,1.0,1.0,0.0
qwen3:14b,oracle,8000,pos_00,multi_hop,conflicting,5,1.0,1.0,1.0,0.0
qwen3:14b,oracle,8000,pos_00,multi_hop,high,5,1.0,1.0,1.0,0.0
qwen3:14b,oracle,8000,pos_00,multi_hop,low,5,1.0,1.0,1.0,0.0
qwen3:14b,oracle,8000,pos_00,multi_hop,none,5,1.0,1.0,1.0,0.0
qwen3:14b,oracle,8000,pos_00,single_hop,conflicting,5,1.0,1.0,1.0,0.0
qwen3:14b,oracle,8000,pos_00,single_hop,high,5,1.0,1.0,1.0,0.0
qwen3:14b,oracle,8000,pos_00,single_hop,low,5,1.0,1.0,1.0,0.0
qwen3:14b,oracle,8000,pos_00,single_hop,none,5,1.0,1.0,1.0,0.0
qwen3:14b,oracle,8000,pos_01,arithmetic,conflicting,5,1.0,1.0,1.0,0.0
qwen3:14b,oracle,8000,pos_01,arithmetic,high,5,1.0,1.0,1.0,0.0
qwen3:14b,oracle,8000,pos_01,arithmetic,low,5,1.0,1.0,1.0,0.0
qwen3:14b,oracle,8000,pos_01,arithmetic,none,5,1.0,1.0,1.0,0.0
qwen3:14b,oracle,8000,pos_01,comparison,conflicting,5,1.0,1.0,1.0,0.0
qwen3:14b,oracle,8000,pos_01,comparison,high,5,1.0,1.0,1.0,0.0
qwen3:14b,oracle,8000,pos_01,comparison,low,5,1.0,1.0,1.0,0.0
qwen3:14b,oracle,8000,pos_01,comparison,none,5,1.0,1.0,1.0,0.0
qwen3:14b,oracle,8000,pos_01,multi_hop,conflicting,5,1.0,1.0,1.0,0.0
qwen3:14b,oracle,8000,pos_01,multi_hop,high,5,1.0,1.0,1.0,0.0
qwen3:14b,oracle,8000,pos_01,multi_hop,low,5,1.0,1.0,1.0,0.0
qwen3:14b,oracle,8000,pos_01,multi_hop,none,5,1.0,1.0,1.0,0.0
qwen3:14b,oracle,8000,pos_01,single_hop,conflicting,5,1.0,1.0,1.0,0.0
qwen3:14b,oracle,8000,pos_01,single_hop,high,5,1.0,1.0,1.0,0.0
qwen3:14b,oracle,8000,pos_01,single_hop,low,5,1.0,1.0,1.0,0.0
qwen3:14b,oracle,8000,pos_01,single_hop,none,5,1.0,1.0,1.0,0.0
qwen3:14b,oracle,8000,pos_02,arithmetic,conflicting,5,1.0,1.0,1.0,0.0
qwen3:14b,oracle,8000,pos_02,arithmetic,high,5,1.0,1.0,1.0,0.0
qwen3:14b,oracle,8000,pos_02,arithmetic,low,5,1.0,1.0,1.0,0.0
qwen3:14b,oracle,8000,pos_02,arithmetic,none,5,1.0,1.0,1.0,0.0
qwen3:14b,oracle,8000,pos_02,comparison,conflicting,5,1.0,1.0,1.0,0.0
qwen3:14b,oracle,8000,pos_02,comparison,high,5,0.9333333333333333,0.8,1.0,0.0
qwen3:14b,oracle,8000,pos_02,comparison,low,5,1.0,1.0,1.0,0.0
qwen3:14b,oracle,8000,pos_02,comparison,none,5,1.0,1.0,1.0,0.0
qwen3:14b,oracle,8000,pos_02,multi_hop,conflicting,5,1.0,1.0,1.0,0.0
qwen3:14b,oracle,8000,pos_02,multi_hop,high,5,1.0,1.0,1.0,0.0
qwen3:14b,oracle,8000,pos_02,multi_hop,low,5,1.0,1.0,1.0,0.0
qwen3:14b,oracle,8000,pos_02,multi_hop,none,5,1.0,1.0,1.0,0.0
qwen3:14b,oracle,8000,pos_02,single_hop,conflicting,5,1.0,1.0,1.0,0.0
qwen3:14b,oracle,8000,pos_02,single_hop,high,5,1.0,1.0,1.0,0.0
qwen3:14b,oracle,8000,pos_02,single_hop,low,5,1.0,1.0,1.0,0.0
qwen3:14b,oracle,8000,pos_02,single_hop,none,5,1.0,1.0,1.0,0.0
qwen3:14b,oracle,8000,pos_03,arithmetic,conflicting,5,1.0,1.0,1.0,0.0
qwen3:14b,oracle,8000,pos_03,arithmetic,high,5,1.0,1.0,1.0,0.0
qwen3:14b,oracle,8000,pos_03,arithmetic,low,5,1.0,1.0,1.0,0.0
qwen3:14b,oracle,8000,pos_03,arithmetic,none,5,1.0,1.0,1.0,0.0
qwen3:14b,oracle,8000,pos_03,comparison,conflicting,5,1.0,1.0,1.0,0.0
qwen3:14b,oracle,8000,pos_03,comparison,high,5,1.0,1.0,1.0,0.0
qwen3:14b,oracle,8000,pos_03,comparison,low,5,1.0,1.0,1.0,0.0
qwen3:14b,oracle,8000,pos_03,comparison,none,5,1.0,1.0,1.0,0.0
qwen3:14b,oracle,8000,pos_03,multi_hop,conflicting,5,1.0,1.0,1.0,0.0
qwen3:14b,oracle,8000,pos_03,multi_hop,high,5,1.0,1.0,1.0,0.0
qwen3:14b,oracle,8000,pos_03,multi_hop,low,5,1.0,1.0,1.0,0.0
qwen3:14b,oracle,8000,pos_03,multi_hop,none,5,1.0,1.0,1.0,0.0
qwen3:14b,oracle,8000,pos_03,single_hop,conflicting,5,1.0,1.0,1.0,0.0
qwen3:14b,oracle,8000,pos_03,single_hop,high,5,1.0,1.0,1.0,0.0
qwen3:14b,oracle,8000,pos_03,single_hop,low,5,1.0,1.0,1.0,0.0
qwen3:14b,oracle,8000,pos_03,single_hop,none,5,1.0,1.0,1.0,0.0
qwen3:14b,oracle,8000,pos_04,arithmetic,conflicting,5,1.0,1.0,1.0,0.0
qwen3:14b,oracle,8000,pos_04,arithmetic,high,5,1.0,1.0,1.0,0.0
qwen3:14b,oracle,8000,pos_04,arithmetic,low,5,1.0,1.0,1.0,0.0
qwen3:14b,oracle,8000,pos_04,arithmetic,none,5,1.0,1.0,1.0,0.0
qwen3:14b,oracle,8000,pos_04,comparison,conflicting,5,1.0,1.0,1.0,0.0
qwen3:14b,oracle,8000,pos_04,comparison,high,5,1.0,1.0,1.0,0.0
qwen3:14b,oracle,8000,pos_04,comparison,low,5,1.0,1.0,1.0,0.0
qwen3:14b,oracle,8000,pos_04,comparison,none,5,1.0,1.0,1.0,0.0
qwen3:14b,oracle,8000,pos_04,multi_hop,conflicting,5,1.0,1.0,1.0,0.0
qwen3:14b,oracle,8000,pos_04,multi_hop,high,5,1.0,1.0,1.0,0.0
qwen3:14b,oracle,8000,pos_04,multi_hop,low,5,1.0,1.0,1.0,0.0
qwen3:14b,oracle,8000,pos_04,multi_hop,none,5,1.0,1.0,1.0,0.0
qwen3:14b,oracle,8000,pos_04,single_hop,conflicting,5,1.0,1.0,1.0,0.0
qwen3:14b,oracle,8000,pos_04,single_hop,high,5,1.0,1.0,1.0,0.0
qwen3:14b,oracle,8000,pos_04,single_hop,low,5,1.0,1.0,1.0,0.0
qwen3:14b,oracle,8000,pos_04,single_hop,none,5,1.0,1.0,1.0,0.0
qwen3:14b,oracle,8000,pos_05,arithmetic,conflicting,5,1.0,1.0,1.0,0.0
qwen3:14b,oracle,8000,pos_05,arithmetic,high,5,1.0,1.0,1.0,0.0
qwen3:14b,oracle,8000,pos_05,arithmetic,low,5,1.0,1.0,1.0,0.0
qwen3:14b,oracle,8000,pos_05,arithmetic,none,5,1.0,1.0,1.0,0.0
qwen3:14b,oracle,8000,pos_05,comparison,conflicting,5,1.0,1.0,1.0,0.0
qwen3:14b,oracle,8000,pos_05,comparison,high,5,1.0,1.0,1.0,0.0
qwen3:14b,oracle,8000,pos_05,comparison,low,5,0.8666666666666667,0.6,1.0,0.0
qwen3:14b,oracle,8000,pos_05,comparison,none,5,1.0,1.0,1.0,0.0
qwen3:14b,oracle,8000,pos_05,multi_hop,conflicting,5,1.0,1.0,1.0,0.0
qwen3:14b,oracle,8000,pos_05,multi_hop,high,5,1.0,1.0,1.0,0.0
qwen3:14b,oracle,8000,pos_05,multi_hop,low,5,1.0,1.0,1.0,0.0
qwen3:14b,oracle,8000,pos_05,multi_hop,none,5,1.0,1.0,1.0,0.0
qwen3:14b,oracle,8000,pos_05,single_hop,conflicting,5,1.0,1.0,1.0,0.0
qwen3:14b,oracle,8000,pos_05,single_hop,high,5,1.0,1.0,1.0,0.0
qwen3:14b,oracle,8000,pos_05,single_hop,low,5,1.0,1.0,1.0,0.0
qwen3:14b,oracle,8000,pos_05,single_hop,none,5,1.0,1.0,1.0,0.0
qwen3:14b,oracle,8000,pos_06,arithmetic,conflicting,5,1.0,1.0,1.0,0.0
qwen3:14b,oracle,8000,pos_06,arithmetic,high,5,1.0,1.0,1.0,0.0
qwen3:14b,oracle,8000,pos_06,arithmetic,low,5,1.0,1.0,1.0,0.0
qwen3:14b,oracle,8000,pos_06,arithmetic,none,5,1.0,1.0,1.0,0.0
qwen3:14b,oracle,8000,pos_06,comparison,conflicting,5,1.0,1.0,1.0,0.0
qwen3:14b,oracle,8000,pos_06,comparison,high,5,1.0,1.0,1.0,0.0
qwen3:14b,oracle,8000,pos_06,comparison,low,5,1.0,1.0,1.0,0.0
qwen3:14b,oracle,8000,pos_06,comparison,none,5,0.9333333333333333,0.8,1.0,0.0
qwen3:14b,oracle,8000,pos_06,multi_hop,conflicting,5,1.0,1.0,1.0,0.0
qwen3:14b,oracle,8000,pos_06,multi_hop,high,5,1.0,1.0,1.0,0.0
qwen3:14b,oracle,8000,pos_06,multi_hop,low,5,1.0,1.0,1.0,0.0
qwen3:14b,oracle,8000,pos_06,multi_hop,none,5,1.0,1.0,1.0,0.0
qwen3:14b,oracle,8000,pos_06,single_hop,conflicting,5,1.0,1.0,1.0,0.0
qwen3:14b,oracle,8000,pos_06,single_hop,high,5,1.0,1.0,1.0,0.0
qwen3:14b,oracle,8000,pos_06,single_hop,low,5,1.0,1.0,1.0,0.0
qwen3:14b,oracle,8000,pos_06,single_hop,none,5,1.0,1.0,1.0,0.0
qwen3:14b,oracle,8000,pos_07,arithmetic,conflicting,5,1.0,1.0,1.0,0.0
qwen3:14b,oracle,8000,pos_07,arithmetic,high,5,1.0,1.0,1.0,0.0
qwen3:14b,oracle,8000,pos_07,arithmetic,low,5,1.0,1.0,1.0,0.0
qwen3:14b,oracle,8000,pos_07,arithmetic,none,5,0.8,0.8,1.0,0.0
qwen3:14b,oracle,8000,pos_07,comparison,conflicting,5,1.0,1.0,1.0,0.0
qwen3:14b,oracle,8000,pos_07,comparison,high,5,1.0,1.0,1.0,0.0
qwen3:14b,oracle,8000,pos_07,comparison,low,5,1.0,1.0,1.0,0.0
qwen3:14b,oracle,8000,pos_07,comparison,none,5,1.0,1.0,1.0,0.0
qwen3:14b,oracle,8000,pos_07,multi_hop,conflicting,5,1.0,1.0,1.0,0.0
qwen3:14b,oracle,8000,pos_07,multi_hop,high,5,1.0,1.0,1.0,0.0
qwen3:14b,oracle,8000,pos_07,multi_hop,low,5,1.0,1.0,1.0,0.0
qwen3:14b,oracle,8000,pos_07,multi_hop,none,5,1.0,1.0,1.0,0.0
qwen3:14b,oracle,8000,pos_07,single_hop,conflicting,5,1.0,1.0,1.0,0.0
qwen3:14b,oracle,8000,pos_07,single_hop,high,5,1.0,1.0,1.0,0.0
qwen3:14b,oracle,8000,pos_07,single_hop,low,5,1.0,1.0,1.0,0.0
qwen3:14b,oracle,8000,pos_07,single_hop,none,5,1.0,1.0,1.0,0.0
qwen3:14b,oracle,8000,pos_08,arithmetic,conflicting,5,1.0,1.0,1.0,0.0
qwen3:14b,oracle,8000,pos_08,arithmetic,high,5,1.0,1.0,1.0,0.0
qwen3:14b,oracle,8000,pos_08,arithmetic,low,5,1.0,1.0,1.0,0.0
qwen3:14b,oracle,8000,pos_08,arithmetic,none,5,1.0,1.0,1.0,0.0
qwen3:14b,oracle,8000,pos_08,comparison,conflicting,5,1.0,1.0,1.0,0.0
qwen3:14b,oracle,8000,pos_08,comparison,high,5,1.0,1.0,1.0,0.0
qwen3:14b,oracle,8000,pos_08,comparison,low,5,1.0,1.0,1.0,0.0
qwen3:14b,oracle,8000,pos_08,comparison,none,5,1.0,1.0,1.0,0.0
qwen3:14b,oracle,8000,pos_08,multi_hop,conflicting,5,1.0,1.0,1.0,0.0
qwen3:14b,oracle,8000,pos_08,multi_hop,high,5,1.0,1.0,1.0,0.0
qwen3:14b,oracle,8000,pos_08,multi_hop,low,5,1.0,1.0,1.0,0.0
qwen3:14b,oracle,8000,pos_08,multi_hop,none,5,1.0,1.0,1.0,0.0
qwen3:14b,oracle,8000,pos_08,single_hop,conflicting,5,1.0,1.0,1.0,0.0
qwen3:14b,oracle,8000,pos_08,single_hop,high,5,1.0,1.0,1.0,0.0
qwen3:14b,oracle,8000,pos_08,single_hop,low,5,1.0,1.0,1.0,0.0
qwen3:14b,oracle,8000,pos_08,single_hop,none,5,1.0,1.0,1.0,0.0
qwen3:14b,oracle,8000,pos_09,arithmetic,conflicting,5,1.0,1.0,1.0,0.0
qwen3:14b,oracle,8000,pos_09,arithmetic,high,5,1.0,1.0,1.0,0.0
qwen3:14b,oracle,8000,pos_09,arithmetic,low,5,1.0,1.0,1.0,0.0
qwen3:14b,oracle,8000,pos_09,arithmetic,none,5,0.8,0.8,1.0,0.0
qwen3:14b,oracle,8000,pos_09,comparison,conflicting,5,1.0,1.0,1.0,0.0
qwen3:14b,oracle,8000,pos_09,comparison,high,5,1.0,1.0,1.0,0.0
qwen3:14b,oracle,8000,pos_09,comparison,low,5,1.0,1.0,1.0,0.0
qwen3:14b,oracle,8000,pos_09,comparison,none,5,1.0,1.0,1.0,0.0
qwen3:14b,oracle,8000,pos_09,multi_hop,conflicting,5,1.0,1.0,1.0,0.0
qwen3:14b,oracle,8000,pos_09,multi_hop,high,5,1.0,1.0,1.0,0.0
qwen3:14b,oracle,8000,pos_09,multi_hop,low,5,1.0,1.0,1.0,0.0
qwen3:14b,oracle,8000,pos_09,multi_hop,none,5,1.0,1.0,1.0,0.0
qwen3:14b,oracle,8000,pos_09,single_hop,conflicting,5,1.0,1.0,1.0,0.0
qwen3:14b,oracle,8000,pos_09,single_hop,high,5,1.0,1.0,1.0,0.0
qwen3:14b,oracle,8000,pos_09,single_hop,low,5,1.0,1.0,1.0,0.0
qwen3:14b,oracle,8000,pos_09,single_hop,none,5,1.0,1.0,1.0,0.0
qwen3:14b,retrieve_then_read,16000,pos_00,arithmetic,conflicting,5,1.0,1.0,1.0,0.0
qwen3:14b,retrieve_then_read,16000,pos_00,arithmetic,high,5,1.0,1.0,1.0,0.0
qwen3:14b,retrieve_then_read,16000,pos_00,arithmetic,low,5,1.0,1.0,1.0,0.0
qwen3:14b,retrieve_then_read,16000,pos_00,arithmetic,none,5,1.0,1.0,1.0,0.0
qwen3:14b,retrieve_then_read,16000,pos_00,comparison,conflicting,5,1.0,1.0,0.8,0.0
qwen3:14b,retrieve_then_read,16000,pos_00,comparison,high,5,1.0,1.0,1.0,0.0
qwen3:14b,retrieve_then_read,16000,pos_00,comparison,low,5,1.0,1.0,1.0,0.0
qwen3:14b,retrieve_then_read,16000,pos_00,comparison,none,5,1.0,1.0,1.0,0.0
qwen3:14b,retrieve_then_read,16000,pos_00,multi_hop,conflicting,5,1.0,1.0,1.0,0.0
qwen3:14b,retrieve_then_read,16000,pos_00,multi_hop,high,5,1.0,1.0,1.0,0.0
qwen3:14b,retrieve_then_read,16000,pos_00,multi_hop,low,5,1.0,1.0,1.0,0.0
qwen3:14b,retrieve_then_read,16000,pos_00,multi_hop,none,5,1.0,1.0,1.0,0.0
qwen3:14b,retrieve_then_read,16000,pos_00,single_hop,conflicting,5,1.0,1.0,1.0,0.0
qwen3:14b,retrieve_then_read,16000,pos_00,single_hop,high,5,1.0,1.0,1.0,0.0
qwen3:14b,retrieve_then_read,16000,pos_00,single_hop,low,5,1.0,1.0,1.0,0.0
qwen3:14b,retrieve_then_read,16000,pos_00,single_hop,none,5,1.0,1.0,1.0,0.0
qwen3:14b,retrieve_then_read,16000,pos_01,arithmetic,conflicting,5,1.0,1.0,1.0,0.0
qwen3:14b,retrieve_then_read,16000,pos_01,arithmetic,high,5,1.0,1.0,1.0,0.0
qwen3:14b,retrieve_then_read,16000,pos_01,arithmetic,low,5,1.0,1.0,1.0,0.0
qwen3:14b,retrieve_then_read,16000,pos_01,arithmetic,none,5,1.0,1.0,1.0,0.0
qwen3:14b,retrieve_then_read,16000,pos_01,comparison,conflicting,5,1.0,1.0,0.8,0.0
qwen3:14b,retrieve_then_read,16000,pos_01,comparison,high,5,1.0,1.0,1.0,0.0
qwen3:14b,retrieve_then_read,16000,pos_01,comparison,low,5,1.0,1.0,1.0,0.0
qwen3:14b,retrieve_then_read,16000,pos_01,comparison,none,5,1.0,1.0,1.0,0.0
qwen3:14b,retrieve_then_read,16000,pos_01,multi_hop,conflicting,5,1.0,1.0,1.0,0.0
qwen3:14b,retrieve_then_read,16000,pos_01,multi_hop,high,5,1.0,1.0,1.0,0.0
qwen3:14b,retrieve_then_read,16000,pos_01,multi_hop,low,5,1.0,1.0,1.0,0.0
qwen3:14b,retrieve_then_read,16000,pos_01,multi_hop,none,5,1.0,1.0,1.0,0.0
qwen3:14b,retrieve_then_read,16000,pos_01,single_hop,conflicting,5,1.0,1.0,1.0,0.0
qwen3:14b,retrieve_then_read,16000,pos_01,single_hop,high,5,1.0,1.0,1.0,0.0
qwen3:14b,retrieve_then_read,16000,pos_01,single_hop,low,5,1.0,1.0,1.0,0.0
qwen3:14b,retrieve_then_read,16000,pos_01,single_hop,none,5,1.0,1.0,1.0,0.0
qwen3:14b,retrieve_then_read,16000,pos_02,arithmetic,conflicting,5,1.0,1.0,1.0,0.0
qwen3:14b,retrieve_then_read,16000,pos_02,arithmetic,high,5,0.8,0.8,1.0,0.0
qwen3:14b,retrieve_then_read,16000,pos_02,arithmetic,low,5,1.0,1.0,1.0,0.0
qwen3:14b,retrieve_then_read,16000,pos_02,arithmetic,none,5,1.0,1.0,1.0,0.0
qwen3:14b,retrieve_then_read,16000,pos_02,comparison,conflicting,5,1.0,1.0,0.8,0.0
qwen3:14b,retrieve_then_read,16000,pos_02,comparison,high,5,1.0,1.0,1.0,0.0
qwen3:14b,retrieve_then_read,16000,pos_02,comparison,low,5,1.0,1.0,1.0,0.0
qwen3:14b,retrieve_then_read,16000,pos_02,comparison,none,5,1.0,1.0,1.0,0.0
qwen3:14b,retrieve_then_read,16000,pos_02,multi_hop,conflicting,5,1.0,1.0,1.0,0.0
qwen3:14b,retrieve_then_read,16000,pos_02,multi_hop,high,5,1.0,1.0,1.0,0.0
qwen3:14b,retrieve_then_read,16000,pos_02,multi_hop,low,5,1.0,1.0,1.0,0.0
qwen3:14b,retrieve_then_read,16000,pos_02,multi_hop,none,5,1.0,1.0,1.0,0.0
qwen3:14b,retrieve_then_read,16000,pos_02,single_hop,conflicting,5,1.0,1.0,1.0,0.0
qwen3:14b,retrieve_then_read,16000,pos_02,single_hop,high,5,1.0,1.0,1.0,0.0
qwen3:14b,retrieve_then_read,16000,pos_02,single_hop,low,5,1.0,1.0,1.0,0.0
qwen3:14b,retrieve_then_read,16000,pos_02,single_hop,none,5,1.0,1.0,1.0,0.0
qwen3:14b,retrieve_then_read,16000,pos_03,arithmetic,conflicting,5,1.0,1.0,1.0,0.0
qwen3:14b,retrieve_then_read,16000,pos_03,arithmetic,high,5,1.0,1.0,1.0,0.0
qwen3:14b,retrieve_then_read,16000,pos_03,arithmetic,low,5,1.0,1.0,1.0,0.0
qwen3:14b,retrieve_then_read,16000,pos_03,arithmetic,none,5,1.0,1.0,1.0,0.0
qwen3:14b,retrieve_then_read,16000,pos_03,comparison,conflicting,5,1.0,1.0,0.96,0.0
qwen3:14b,retrieve_then_read,16000,pos_03,comparison,high,5,1.0,1.0,1.0,0.0
qwen3:14b,retrieve_then_read,16000,pos_03,comparison,low,5,1.0,1.0,1.0,0.0
qwen3:14b,retrieve_then_read,16000,pos_03,comparison,none,5,1.0,1.0,1.0,0.0
qwen3:14b,retrieve_then_read,16000,pos_03,multi_hop,conflicting,5,1.0,1.0,1.0,0.0
qwen3:14b,retrieve_then_read,16000,pos_03,multi_hop,high,5,1.0,1.0,1.0,0.0
qwen3:14b,retrieve_then_read,16000,pos_03,multi_hop,low,5,1.0,1.0,1.0,0.0
qwen3:14b,retrieve_then_read,16000,pos_03,multi_hop,none,5,1.0,1.0,1.0,0.0
qwen3:14b,retrieve_then_read,16000,pos_03,single_hop,conflicting,5,1.0,1.0,1.0,0.0
qwen3:14b,retrieve_then_read,16000,pos_03,single_hop,high,5,1.0,1.0,1.0,0.0
qwen3:14b,retrieve_then_read,16000,pos_03,single_hop,low,5,1.0,1.0,1.0,0.0
qwen3:14b,retrieve_then_read,16000,pos_03,single_hop,none,5,1.0,1.0,1.0,0.0
qwen3:14b,retrieve_then_read,16000,pos_04,arithmetic,conflicting,5,1.0,1.0,1.0,0.0
qwen3:14b,retrieve_then_read,16000,pos_04,arithmetic,high,5,1.0,1.0,1.0,0.0
qwen3:14b,retrieve_then_read,16000,pos_04,arithmetic,low,5,1.0,1.0,1.0,0.0
qwen3:14b,retrieve_then_read,16000,pos_04,arithmetic,none,5,1.0,1.0,1.0,0.0
qwen3:14b,retrieve_then_read,16000,pos_04,comparison,conflicting,5,1.0,1.0,0.8,0.0
qwen3:14b,retrieve_then_read,16000,pos_04,comparison,high,5,1.0,1.0,1.0,0.0
qwen3:14b,retrieve_then_read,16000,pos_04,comparison,low,5,1.0,1.0,1.0,0.0
qwen3:14b,retrieve_then_read,16000,pos_04,comparison,none,5,1.0,1.0,1.0,0.0
qwen3:14b,retrieve_then_read,16000,pos_04,multi_hop,conflicting,5,1.0,1.0,1.0,0.0
qwen3:14b,retrieve_then_read,16000,pos_04,multi_hop,high,5,1.0,1.0,1.0,0.0
qwen3:14b,retrieve_then_read,16000,pos_04,multi_hop,low,5,1.0,1.0,1.0,0.0
qwen3:14b,retrieve_then_read,16000,pos_04,multi_hop,none,5,1.0,1.0,1.0,0.0
qwen3:14b,retrieve_then_read,16000,pos_04,single_hop,conflicting,5,1.0,1.0,1.0,0.0
qwen3:14b,retrieve_then_read,16000,pos_04,single_hop,high,5,1.0,1.0,1.0,0.0
qwen3:14b,retrieve_then_read,16000,pos_04,single_hop,low,5,1.0,1.0,1.0,0.0
qwen3:14b,retrieve_then_read,16000,pos_04,single_hop,none,5,1.0,1.0,1.0,0.0
qwen3:14b,retrieve_then_read,16000,pos_05,arithmetic,conflicting,5,1.0,1.0,1.0,0.0
qwen3:14b,retrieve_then_read,16000,pos_05,arithmetic,high,5,1.0,1.0,1.0,0.0
qwen3:14b,retrieve_then_read,16000,pos_05,arithmetic,low,5,1.0,1.0,1.0,0.0
qwen3:14b,retrieve_then_read,16000,pos_05,arithmetic,none,5,1.0,1.0,1.0,0.0
qwen3:14b,retrieve_then_read,16000,pos_05,comparison,conflicting,5,1.0,1.0,0.96,0.0
qwen3:14b,retrieve_then_read,16000,pos_05,comparison,high,5,1.0,1.0,1.0,0.0
qwen3:14b,retrieve_then_read,16000,pos_05,comparison,low,5,1.0,1.0,1.0,0.0
qwen3:14b,retrieve_then_read,16000,pos_05,comparison,none,5,1.0,1.0,1.0,0.0
qwen3:14b,retrieve_then_read,16000,pos_05,multi_hop,conflicting,5,1.0,1.0,1.0,0.0
qwen3:14b,retrieve_then_read,16000,pos_05,multi_hop,high,5,1.0,1.0,1.0,0.0
qwen3:14b,retrieve_then_read,16000,pos_05,multi_hop,low,5,1.0,1.0,1.0,0.0
qwen3:14b,retrieve_then_read,16000,pos_05,multi_hop,none,5,1.0,1.0,1.0,0.0
qwen3:14b,retrieve_then_read,16000,pos_05,single_hop,conflicting,5,1.0,1.0,1.0,0.0
qwen3:14b,retrieve_then_read,16000,pos_05,single_hop,high,5,1.0,1.0,1.0,0.0
qwen3:14b,retrieve_then_read,16000,pos_05,single_hop,low,5,1.0,1.0,1.0,0.0
qwen3:14b,retrieve_then_read,16000,pos_05,single_hop,none,5,1.0,1.0,1.0,0.0
qwen3:14b,retrieve_then_read,16000,pos_06,arithmetic,conflicting,5,1.0,1.0,1.0,0.0
qwen3:14b,retrieve_then_read,16000,pos_06,arithmetic,high,5,1.0,1.0,1.0,0.0
qwen3:14b,retrieve_then_read,16000,pos_06,arithmetic,low,5,1.0,1.0,1.0,0.0
qwen3:14b,retrieve_then_read,16000,pos_06,arithmetic,none,5,1.0,1.0,1.0,0.0
qwen3:14b,retrieve_then_read,16000,pos_06,comparison,conflicting,5,1.0,1.0,1.0,0.0
qwen3:14b,retrieve_then_read,16000,pos_06,comparison,high,5,1.0,1.0,1.0,0.0
qwen3:14b,retrieve_then_read,16000,pos_06,comparison,low,5,1.0,1.0,1.0,0.0
qwen3:14b,retrieve_then_read,16000,pos_06,comparison,none,5,1.0,1.0,1.0,0.0
qwen3:14b,retrieve_then_read,16000,pos_06,multi_hop,conflicting,5,1.0,1.0,1.0,0.0
qwen3:14b,retrieve_then_read,16000,pos_06,multi_hop,high,5,1.0,1.0,1.0,0.0
qwen3:14b,retrieve_then_read,16000,pos_06,multi_hop,low,5,1.0,1.0,1.0,0.0
qwen3:14b,retrieve_then_read,16000,pos_06,multi_hop,none,5,1.0,1.0,1.0,0.0
qwen3:14b,retrieve_then_read,16000,pos_06,single_hop,conflicting,5,1.0,1.0,1.0,0.0
qwen3:14b,retrieve_then_read,16000,pos_06,single_hop,high,5,1.0,1.0,1.0,0.0
qwen3:14b,retrieve_then_read,16000,pos_06,single_hop,low,5,1.0,1.0,1.0,0.0
qwen3:14b,retrieve_then_read,16000,pos_06,single_hop,none,5,1.0,1.0,1.0,0.0
qwen3:14b,retrieve_then_read,16000,pos_07,arithmetic,conflicting,5,1.0,1.0,1.0,0.0
qwen3:14b,retrieve_then_read,16000,pos_07,arithmetic,high,5,1.0,1.0,1.0,0.0
qwen3:14b,retrieve_then_read,16000,pos_07,arithmetic,low,5,1.0,1.0,1.0,0.0
qwen3:14b,retrieve_then_read,16000,pos_07,arithmetic,none,5,1.0,1.0,1.0,0.0
qwen3:14b,retrieve_then_read,16000,pos_07,comparison,conflicting,5,1.0,1.0,0.8,0.0
qwen3:14b,retrieve_then_read,16000,pos_07,comparison,high,5,1.0,1.0,1.0,0.0
qwen3:14b,retrieve_then_read,16000,pos_07,comparison,low,5,1.0,1.0,1.0,0.0
qwen3:14b,retrieve_then_read,16000,pos_07,comparison,none,5,1.0,1.0,1.0,0.0
qwen3:14b,retrieve_then_read,16000,pos_07,multi_hop,conflicting,5,1.0,1.0,1.0,0.0
qwen3:14b,retrieve_then_read,16000,pos_07,multi_hop,high,5,1.0,1.0,1.0,0.0
qwen3:14b,retrieve_then_read,16000,pos_07,multi_hop,low,5,1.0,1.0,1.0,0.0
qwen3:14b,retrieve_then_read,16000,pos_07,multi_hop,none,5,1.0,1.0,1.0,0.0
qwen3:14b,retrieve_then_read,16000,pos_07,single_hop,conflicting,5,1.0,1.0,1.0,0.0
qwen3:14b,retrieve_then_read,16000,pos_07,single_hop,high,5,1.0,1.0,1.0,0.0
qwen3:14b,retrieve_then_read,16000,pos_07,single_hop,low,5,1.0,1.0,1.0,0.0
qwen3:14b,retrieve_then_read,16000,pos_07,single_hop,none,5,1.0,1.0,1.0,0.0
qwen3:14b,retrieve_then_read,16000,pos_08,arithmetic,conflicting,5,1.0,1.0,1.0,0.0
qwen3:14b,retrieve_then_read,16000,pos_08,arithmetic,high,5,1.0,1.0,1.0,0.0
qwen3:14b,retrieve_then_read,16000,pos_08,arithmetic,low,5,1.0,1.0,1.0,0.0
qwen3:14b,retrieve_then_read,16000,pos_08,arithmetic,none,5,1.0,1.0,1.0,0.0
qwen3:14b,retrieve_then_read,16000,pos_08,comparison,conflicting,5,1.0,1.0,0.8,0.0
qwen3:14b,retrieve_then_read,16000,pos_08,comparison,high,5,1.0,1.0,0.6666666666666666,0.0
qwen3:14b,retrieve_then_read,16000,pos_08,comparison,low,5,1.0,1.0,1.0,0.0
qwen3:14b,retrieve_then_read,16000,pos_08,comparison,none,5,1.0,1.0,1.0,0.0
qwen3:14b,retrieve_then_read,16000,pos_08,multi_hop,conflicting,5,1.0,1.0,1.0,0.0
qwen3:14b,retrieve_then_read,16000,pos_08,multi_hop,high,5,1.0,1.0,1.0,0.0
qwen3:14b,retrieve_then_read,16000,pos_08,multi_hop,low,5,1.0,1.0,1.0,0.0
qwen3:14b,retrieve_then_read,16000,pos_08,multi_hop,none,5,1.0,1.0,1.0,0.0
qwen3:14b,retrieve_then_read,16000,pos_08,single_hop,conflicting,5,1.0,1.0,1.0,0.0
qwen3:14b,retrieve_then_read,16000,pos_08,single_hop,high,5,1.0,1.0,1.0,0.0
qwen3:14b,retrieve_then_read,16000,pos_08,single_hop,low,5,0.9333333333333333,0.8,1.0,0.0
qwen3:14b,retrieve_then_read,16000,pos_08,single_hop,none,5,1.0,1.0,1.0,0.0
qwen3:14b,retrieve_then_read,16000,pos_09,arithmetic,conflicting,5,1.0,1.0,1.0,0.0
qwen3:14b,retrieve_then_read,16000,pos_09,arithmetic,high,5,1.0,1.0,1.0,0.0
qwen3:14b,retrieve_then_read,16000,pos_09,arithmetic,low,5,1.0,1.0,1.0,0.0
qwen3:14b,retrieve_then_read,16000,pos_09,arithmetic,none,5,1.0,1.0,1.0,0.0
qwen3:14b,retrieve_then_read,16000,pos_09,comparison,conflicting,5,1.0,1.0,0.8,0.0
qwen3:14b,retrieve_then_read,16000,pos_09,comparison,high,5,1.0,1.0,1.0,0.0
qwen3:14b,retrieve_then_read,16000,pos_09,comparison,low,5,1.0,1.0,1.0,0.0
qwen3:14b,retrieve_then_read,16000,pos_09,comparison,none,5,1.0,1.0,1.0,0.0
qwen3:14b,retrieve_then_read,16000,pos_09,multi_hop,conflicting,5,1.0,1.0,1.0,0.0
qwen3:14b,retrieve_then_read,16000,pos_09,multi_hop,high,5,1.0,1.0,1.0,0.0
qwen3:14b,retrieve_then_read,16000,pos_09,multi_hop,low,5,1.0,1.0,1.0,0.0
qwen3:14b,retrieve_then_read,16000,pos_09,multi_hop,none,5,1.0,1.0,1.0,0.0
qwen3:14b,retrieve_then_read,16000,pos_09,single_hop,conflicting,5,1.0,1.0,1.0,0.0
qwen3:14b,retrieve_then_read,16000,pos_09,single_hop,high,5,1.0,1.0,1.0,0.0
qwen3:14b,retrieve_then_read,16000,pos_09,single_hop,low,5,1.0,1.0,1.0,0.0
qwen3:14b,retrieve_then_read,16000,pos_09,single_hop,none,5,1.0,1.0,1.0,0.0
qwen3:14b,retrieve_then_read,32000,pos_00,arithmetic,conflicting,5,1.0,1.0,1.0,0.0
qwen3:14b,retrieve_then_read,32000,pos_00,arithmetic,high,5,1.0,1.0,1.0,0.0
qwen3:14b,retrieve_then_read,32000,pos_00,arithmetic,low,5,1.0,1.0,1.0,0.0
qwen3:14b,retrieve_then_read,32000,pos_00,arithmetic,none,5,1.0,1.0,1.0,0.0
qwen3:14b,retrieve_then_read,32000,pos_00,comparison,conflicting,5,1.0,1.0,0.8400000000000001,0.0
qwen3:14b,retrieve_then_read,32000,pos_00,comparison,high,5,1.0,1.0,1.0,0.0
qwen3:14b,retrieve_then_read,32000,pos_00,comparison,low,5,1.0,1.0,1.0,0.0
qwen3:14b,retrieve_then_read,32000,pos_00,comparison,none,5,1.0,1.0,1.0,0.0
qwen3:14b,retrieve_then_read,32000,pos_00,multi_hop,conflicting,5,1.0,1.0,1.0,0.0
qwen3:14b,retrieve_then_read,32000,pos_00,multi_hop,high,5,1.0,1.0,1.0,0.0
qwen3:14b,retrieve_then_read,32000,pos_00,multi_hop,low,5,1.0,1.0,1.0,0.0
qwen3:14b,retrieve_then_read,32000,pos_00,multi_hop,none,5,1.0,1.0,1.0,0.0
qwen3:14b,retrieve_then_read,32000,pos_00,single_hop,conflicting,5,1.0,1.0,1.0,0.0
qwen3:14b,retrieve_then_read,32000,pos_00,single_hop,high,5,1.0,1.0,1.0,0.0
qwen3:14b,retrieve_then_read,32000,pos_00,single_hop,low,5,1.0,1.0,1.0,0.0
qwen3:14b,retrieve_then_read,32000,pos_00,single_hop,none,5,1.0,1.0,1.0,0.0
qwen3:14b,retrieve_then_read,32000,pos_01,arithmetic,conflicting,5,1.0,1.0,1.0,0.0
qwen3:14b,retrieve_then_read,32000,pos_01,arithmetic,high,5,1.0,1.0,1.0,0.0
qwen3:14b,retrieve_then_read,32000,pos_01,arithmetic,low,5,1.0,1.0,1.0,0.0
qwen3:14b,retrieve_then_read,32000,pos_01,arithmetic,none,5,1.0,1.0,1.0,0.0
qwen3:14b,retrieve_then_read,32000,pos_01,comparison,conflicting,5,1.0,1.0,0.8400000000000001,0.0
qwen3:14b,retrieve_then_read,32000,pos_01,comparison,high,5,1.0,1.0,0.7333333333333333,0.0
qwen3:14b,retrieve_then_read,32000,pos_01,comparison,low,5,1.0,1.0,1.0,0.0
qwen3:14b,retrieve_then_read,32000,pos_01,comparison,none,5,1.0,1.0,1.0,0.0
qwen3:14b,retrieve_then_read,32000,pos_01,multi_hop,conflicting,5,1.0,1.0,1.0,0.0
qwen3:14b,retrieve_then_read,32000,pos_01,multi_hop,high,5,1.0,1.0,1.0,0.0
qwen3:14b,retrieve_then_read,32000,pos_01,multi_hop,low,5,1.0,1.0,1.0,0.0
qwen3:14b,retrieve_then_read,32000,pos_01,multi_hop,none,5,1.0,1.0,1.0,0.0
qwen3:14b,retrieve_then_read,32000,pos_01,single_hop,conflicting,5,1.0,1.0,1.0,0.0
qwen3:14b,retrieve_then_read,32000,pos_01,single_hop,high,5,1.0,1.0,1.0,0.0
qwen3:14b,retrieve_then_read,32000,pos_01,single_hop,low,5,1.0,1.0,1.0,0.0
qwen3:14b,retrieve_then_read,32000,pos_01,single_hop,none,5,1.0,1.0,1.0,0.0
qwen3:14b,retrieve_then_read,32000,pos_02,arithmetic,conflicting,5,1.0,1.0,1.0,0.0
qwen3:14b,retrieve_then_read,32000,pos_02,arithmetic,high,5,1.0,1.0,1.0,0.0
qwen3:14b,retrieve_then_read,32000,pos_02,arithmetic,low,5,1.0,1.0,1.0,0.0
qwen3:14b,retrieve_then_read,32000,pos_02,arithmetic,none,5,1.0,1.0,1.0,0.0
qwen3:14b,retrieve_then_read,32000,pos_02,comparison,conflicting,5,1.0,1.0,1.0,0.0
qwen3:14b,retrieve_then_read,32000,pos_02,comparison,high,5,1.0,1.0,1.0,0.0
qwen3:14b,retrieve_then_read,32000,pos_02,comparison,low,5,1.0,1.0,1.0,0.0
qwen3:14b,retrieve_then_read,32000,pos_02,comparison,none,5,1.0,1.0,1.0,0.0
qwen3:14b,retrieve_then_read,32000,pos_02,multi_hop,conflicting,5,1.0,1.0,1.0,0.0
qwen3:14b,retrieve_then_read,32000,pos_02,multi_hop,high,5,1.0,1.0,1.0,0.0
qwen3:14b,retrieve_then_read,32000,pos_02,multi_hop,low,5,1.0,1.0,1.0,0.0
qwen3:14b,retrieve_then_read,32000,pos_02,multi_hop,none,5,1.0,1.0,1.0,0.0
qwen3:14b,retrieve_then_read,32000,pos_02,single_hop,conflicting,5,1.0,1.0,1.0,0.0
qwen3:14b,retrieve_then_read,32000,pos_02,single_hop,high,5,1.0,1.0,1.0,0.0
qwen3:14b,retrieve_then_read,32000,pos_02,single_hop,low,5,1.0,1.0,1.0,0.0
qwen3:14b,retrieve_then_read,32000,pos_02,single_hop,none,5,1.0,1.0,1.0,0.0
qwen3:14b,retrieve_then_read,32000,pos_03,arithmetic,conflicting,5,1.0,1.0,1.0,0.0
qwen3:14b,retrieve_then_read,32000,pos_03,arithmetic,high,5,1.0,1.0,1.0,0.0
qwen3:14b,retrieve_then_read,32000,pos_03,arithmetic,low,5,1.0,1.0,1.0,0.0
qwen3:14b,retrieve_then_read,32000,pos_03,arithmetic,none,5,1.0,1.0,1.0,0.0
qwen3:14b,retrieve_then_read,32000,pos_03,comparison,conflicting,5,1.0,1.0,0.9333333333333333,0.0
qwen3:14b,retrieve_then_read,32000,pos_03,comparison,high,5,1.0,1.0,1.0,0.0
qwen3:14b,retrieve_then_read,32000,pos_03,comparison,low,5,1.0,1.0,1.0,0.0
qwen3:14b,retrieve_then_read,32000,pos_03,comparison,none,5,1.0,1.0,1.0,0.0
qwen3:14b,retrieve_then_read,32000,pos_03,multi_hop,conflicting,5,1.0,1.0,1.0,0.0
qwen3:14b,retrieve_then_read,32000,pos_03,multi_hop,high,5,1.0,1.0,1.0,0.0
qwen3:14b,retrieve_then_read,32000,pos_03,multi_hop,low,5,1.0,1.0,1.0,0.0
qwen3:14b,retrieve_then_read,32000,pos_03,multi_hop,none,5,1.0,1.0,1.0,0.0
qwen3:14b,retrieve_then_read,32000,pos_03,single_hop,conflicting,5,1.0,1.0,1.0,0.0
qwen3:14b,retrieve_then_read,32000,pos_03,single_hop,high,5,1.0,1.0,1.0,0.0
qwen3:14b,retrieve_then_read,32000,pos_03,single_hop,low,5,1.0,1.0,1.0,0.0
qwen3:14b,retrieve_then_read,32000,pos_03,single_hop,none,5,1.0,1.0,1.0,0.0
qwen3:14b,retrieve_then_read,32000,pos_04,arithmetic,conflicting,5,1.0,1.0,1.0,0.0
qwen3:14b,retrieve_then_read,32000,pos_04,arithmetic,high,5,1.0,1.0,1.0,0.0
qwen3:14b,retrieve_then_read,32000,pos_04,arithmetic,low,5,1.0,1.0,1.0,0.0
qwen3:14b,retrieve_then_read,32000,pos_04,arithmetic,none,5,1.0,1.0,1.0,0.0
qwen3:14b,retrieve_then_read,32000,pos_04,comparison,conflicting,5,1.0,1.0,0.9333333333333333,0.0
qwen3:14b,retrieve_then_read,32000,pos_04,comparison,high,5,1.0,1.0,1.0,0.0
qwen3:14b,retrieve_then_read,32000,pos_04,comparison,low,5,1.0,1.0,1.0,0.0
qwen3:14b,retrieve_then_read,32000,pos_04,comparison,none,5,1.0,1.0,1.0,0.0
qwen3:14b,retrieve_then_read,32000,pos_04,multi_hop,conflicting,5,1.0,1.0,1.0,0.0
qwen3:14b,retrieve_then_read,32000,pos_04,multi_hop,high,5,1.0,1.0,1.0,0.0
qwen3:14b,retrieve_then_read,32000,pos_04,multi_hop,low,5,1.0,1.0,1.0,0.0
qwen3:14b,retrieve_then_read,32000,pos_04,multi_hop,none,5,1.0,1.0,1.0,0.0
qwen3:14b,retrieve_then_read,32000,pos_04,single_hop,conflicting,5,1.0,1.0,1.0,0.0
qwen3:14b,retrieve_then_read,32000,pos_04,single_hop,high,5,1.0,1.0,1.0,0.0
qwen3:14b,retrieve_then_read,32000,pos_04,single_hop,low,5,1.0,1.0,1.0,0.0
qwen3:14b,retrieve_then_read,32000,pos_04,single_hop,none,5,1.0,1.0,1.0,0.0
qwen3:14b,retrieve_then_read,32000,pos_05,arithmetic,conflicting,5,1.0,1.0,1.0,0.0
qwen3:14b,retrieve_then_read,32000,pos_05,arithmetic,high,5,0.8,0.8,1.0,0.0
qwen3:14b,retrieve_then_read,32000,pos_05,arithmetic,low,5,1.0,1.0,1.0,0.0
qwen3:14b,retrieve_then_read,32000,pos_05,arithmetic,none,5,1.0,1.0,1.0,0.0
qwen3:14b,retrieve_then_read,32000,pos_05,comparison,conflicting,5,1.0,1.0,0.7999999999999999,0.0
qwen3:14b,retrieve_then_read,32000,pos_05,comparison,high,5,1.0,1.0,1.0,0.0
qwen3:14b,retrieve_then_read,32000,pos_05,comparison,low,5,1.0,1.0,1.0,0.0
qwen3:14b,retrieve_then_read,32000,pos_05,comparison,none,5,1.0,1.0,1.0,0.0
qwen3:14b,retrieve_then_read,32000,pos_05,multi_hop,conflicting,5,1.0,1.0,1.0,0.0
qwen3:14b,retrieve_then_read,32000,pos_05,multi_hop,high,5,1.0,1.0,1.0,0.0
qwen3:14b,retrieve_then_read,32000,pos_05,multi_hop,low,5,1.0,1.0,1.0,0.0
qwen3:14b,retrieve_then_read,32000,pos_05,multi_hop,none,5,1.0,1.0,1.0,0.0
qwen3:14b,retrieve_then_read,32000,pos_05,single_hop,conflicting,5,1.0,1.0,1.0,0.0
qwen3:14b,retrieve_then_read,32000,pos_05,single_hop,high,5,1.0,1.0,1.0,0.0
qwen3:14b,retrieve_then_read,32000,pos_05,single_hop,low,5,1.0,1.0,1.0,0.0
qwen3:14b,retrieve_then_read,32000,pos_05,single_hop,none,5,1.0,1.0,1.0,0.0
qwen3:14b,retrieve_then_read,32000,pos_06,arithmetic,conflicting,5,1.0,1.0,1.0,0.0
qwen3:14b,retrieve_then_read,32000,pos_06,arithmetic,high,5,0.8,0.8,1.0,0.0
qwen3:14b,retrieve_then_read,32000,pos_06,arithmetic,low,5,1.0,1.0,1.0,0.0
qwen3:14b,retrieve_then_read,32000,pos_06,arithmetic,none,5,1.0,1.0,1.0,0.0
qwen3:14b,retrieve_then_read,32000,pos_06,comparison,conflicting,5,1.0,1.0,1.0,0.0
qwen3:14b,retrieve_then_read,32000,pos_06,comparison,high,5,1.0,1.0,1.0,0.0
qwen3:14b,retrieve_then_read,32000,pos_06,comparison,low,5,1.0,1.0,1.0,0.0
qwen3:14b,retrieve_then_read,32000,pos_06,comparison,none,5,1.0,1.0,1.0,0.0
qwen3:14b,retrieve_then_read,32000,pos_06,multi_hop,conflicting,5,1.0,1.0,1.0,0.0
qwen3:14b,retrieve_then_read,32000,pos_06,multi_hop,high,5,1.0,1.0,1.0,0.0
qwen3:14b,retrieve_then_read,32000,pos_06,multi_hop,low,5,1.0,1.0,1.0,0.0
qwen3:14b,retrieve_then_read,32000,pos_06,multi_hop,none,5,1.0,1.0,1.0,0.0
qwen3:14b,retrieve_then_read,32000,pos_06,single_hop,conflicting,5,1.0,1.0,1.0,0.0
qwen3:14b,retrieve_then_read,32000,pos_06,single_hop,high,5,1.0,1.0,1.0,0.0
qwen3:14b,retrieve_then_read,32000,pos_06,single_hop,low,5,1.0,1.0,1.0,0.0
qwen3:14b,retrieve_then_read,32000,pos_06,single_hop,none,5,1.0,1.0,1.0,0.0
qwen3:14b,retrieve_then_read,32000,pos_07,arithmetic,conflicting,5,1.0,1.0,1.0,0.0
qwen3:14b,retrieve_then_read,32000,pos_07,arithmetic,high,5,1.0,1.0,1.0,0.0
qwen3:14b,retrieve_then_read,32000,pos_07,arithmetic,low,5,1.0,1.0,1.0,0.0
qwen3:14b,retrieve_then_read,32000,pos_07,arithmetic,none,5,1.0,1.0,1.0,0.0
qwen3:14b,retrieve_then_read,32000,pos_07,comparison,conflicting,5,1.0,1.0,0.96,0.0
qwen3:14b,retrieve_then_read,32000,pos_07,comparison,high,5,1.0,1.0,1.0,0.0
qwen3:14b,retrieve_then_read,32000,pos_07,comparison,low,5,1.0,1.0,1.0,0.0
qwen3:14b,retrieve_then_read,32000,pos_07,comparison,none,5,1.0,1.0,1.0,0.0
qwen3:14b,retrieve_then_read,32000,pos_07,multi_hop,conflicting,5,1.0,1.0,1.0,0.0
qwen3:14b,retrieve_then_read,32000,pos_07,multi_hop,high,5,1.0,1.0,1.0,0.0
qwen3:14b,retrieve_then_read,32000,pos_07,multi_hop,low,5,1.0,1.0,1.0,0.0
qwen3:14b,retrieve_then_read,32000,pos_07,multi_hop,none,5,1.0,1.0,1.0,0.0
qwen3:14b,retrieve_then_read,32000,pos_07,single_hop,conflicting,5,1.0,1.0,1.0,0.0
qwen3:14b,retrieve_then_read,32000,pos_07,single_hop,high,5,1.0,1.0,1.0,0.0
qwen3:14b,retrieve_then_read,32000,pos_07,single_hop,low,5,1.0,1.0,1.0,0.0
qwen3:14b,retrieve_then_read,32000,pos_07,single_hop,none,5,1.0,1.0,1.0,0.0
qwen3:14b,retrieve_then_read,32000,pos_08,arithmetic,conflicting,5,1.0,1.0,1.0,0.0
qwen3:14b,retrieve_then_read,32000,pos_08,arithmetic,high,5,1.0,1.0,1.0,0.0
qwen3:14b,retrieve_then_read,32000,pos_08,arithmetic,low,5,1.0,1.0,1.0,0.0
qwen3:14b,retrieve_then_read,32000,pos_08,arithmetic,none,5,1.0,1.0,1.0,0.0
qwen3:14b,retrieve_then_read,32000,pos_08,comparison,conflicting,5,1.0,1.0,1.0,0.0
qwen3:14b,retrieve_then_read,32000,pos_08,comparison,high,5,1.0,1.0,1.0,0.0
qwen3:14b,retrieve_then_read,32000,pos_08,comparison,low,5,1.0,1.0,1.0,0.0
qwen3:14b,retrieve_then_read,32000,pos_08,comparison,none,5,1.0,1.0,1.0,0.0
qwen3:14b,retrieve_then_read,32000,pos_08,multi_hop,conflicting,5,1.0,1.0,1.0,0.0
qwen3:14b,retrieve_then_read,32000,pos_08,multi_hop,high,5,1.0,1.0,1.0,0.0
qwen3:14b,retrieve_then_read,32000,pos_08,multi_hop,low,5,1.0,1.0,1.0,0.0
qwen3:14b,retrieve_then_read,32000,pos_08,multi_hop,none,5,1.0,1.0,1.0,0.0
qwen3:14b,retrieve_then_read,32000,pos_08,single_hop,conflicting,5,1.0,1.0,1.0,0.0
qwen3:14b,retrieve_then_read,32000,pos_08,single_hop,high,5,1.0,1.0,1.0,0.0
qwen3:14b,retrieve_then_read,32000,pos_08,single_hop,low,5,1.0,1.0,1.0,0.0
qwen3:14b,retrieve_then_read,32000,pos_08,single_hop,none,5,1.0,1.0,1.0,0.0
qwen3:14b,retrieve_then_read,32000,pos_09,arithmetic,conflicting,5,1.0,1.0,1.0,0.0
qwen3:14b,retrieve_then_read,32000,pos_09,arithmetic,high,5,1.0,1.0,1.0,0.0
qwen3:14b,retrieve_then_read,32000,pos_09,arithmetic,low,5,1.0,1.0,1.0,0.0
qwen3:14b,retrieve_then_read,32000,pos_09,arithmetic,none,5,1.0,1.0,1.0,0.0
qwen3:14b,retrieve_then_read,32000,pos_09,comparison,conflicting,5,1.0,1.0,1.0,0.0
qwen3:14b,retrieve_then_read,32000,pos_09,comparison,high,5,1.0,1.0,1.0,0.0
qwen3:14b,retrieve_then_read,32000,pos_09,comparison,low,5,1.0,1.0,1.0,0.0
qwen3:14b,retrieve_then_read,32000,pos_09,comparison,none,5,1.0,1.0,1.0,0.0
qwen3:14b,retrieve_then_read,32000,pos_09,multi_hop,conflicting,5,1.0,1.0,1.0,0.0
qwen3:14b,retrieve_then_read,32000,pos_09,multi_hop,high,5,1.0,1.0,1.0,0.0
qwen3:14b,retrieve_then_read,32000,pos_09,multi_hop,low,5,1.0,1.0,1.0,0.0
qwen3:14b,retrieve_then_read,32000,pos_09,multi_hop,none,5,1.0,1.0,1.0,0.0
qwen3:14b,retrieve_then_read,32000,pos_09,single_hop,conflicting,5,1.0,1.0,1.0,0.0
qwen3:14b,retrieve_then_read,32000,pos_09,single_hop,high,5,1.0,1.0,1.0,0.0
qwen3:14b,retrieve_then_read,32000,pos_09,single_hop,low,5,1.0,1.0,1.0,0.0
qwen3:14b,retrieve_then_read,32000,pos_09,single_hop,none,5,1.0,1.0,1.0,0.0
qwen3:14b,retrieve_then_read,4000,pos_00,arithmetic,conflicting,5,1.0,1.0,1.0,0.0
qwen3:14b,retrieve_then_read,4000,pos_00,arithmetic,high,5,1.0,1.0,1.0,0.0
qwen3:14b,retrieve_then_read,4000,pos_00,arithmetic,low,5,1.0,1.0,1.0,0.0
qwen3:14b,retrieve_then_read,4000,pos_00,arithmetic,none,5,1.0,1.0,1.0,0.0
qwen3:14b,retrieve_then_read,4000,pos_00,comparison,conflicting,5,1.0,1.0,0.8,0.0
qwen3:14b,retrieve_then_read,4000,pos_00,comparison,high,5,1.0,1.0,1.0,0.0
qwen3:14b,retrieve_then_read,4000,pos_00,comparison,low,5,1.0,1.0,1.0,0.0
qwen3:14b,retrieve_then_read,4000,pos_00,comparison,none,5,1.0,1.0,1.0,0.0
qwen3:14b,retrieve_then_read,4000,pos_00,multi_hop,conflicting,5,1.0,1.0,1.0,0.0
qwen3:14b,retrieve_then_read,4000,pos_00,multi_hop,high,5,1.0,1.0,1.0,0.0
qwen3:14b,retrieve_then_read,4000,pos_00,multi_hop,low,5,1.0,1.0,1.0,0.0
qwen3:14b,retrieve_then_read,4000,pos_00,multi_hop,none,5,1.0,1.0,1.0,0.0
qwen3:14b,retrieve_then_read,4000,pos_00,single_hop,conflicting,5,1.0,1.0,1.0,0.0
qwen3:14b,retrieve_then_read,4000,pos_00,single_hop,high,5,1.0,1.0,1.0,0.0
qwen3:14b,retrieve_then_read,4000,pos_00,single_hop,low,5,1.0,1.0,1.0,0.0
qwen3:14b,retrieve_then_read,4000,pos_00,single_hop,none,5,1.0,1.0,1.0,0.0
qwen3:14b,retrieve_then_read,4000,pos_01,arithmetic,conflicting,5,1.0,1.0,1.0,0.0
qwen3:14b,retrieve_then_read,4000,pos_01,arithmetic,high,5,1.0,1.0,1.0,0.0
qwen3:14b,retrieve_then_read,4000,pos_01,arithmetic,low,5,1.0,1.0,1.0,0.0
qwen3:14b,retrieve_then_read,4000,pos_01,arithmetic,none,5,1.0,1.0,1.0,0.0
qwen3:14b,retrieve_then_read,4000,pos_01,comparison,conflicting,5,1.0,1.0,1.0,0.0
qwen3:14b,retrieve_then_read,4000,pos_01,comparison,high,5,1.0,1.0,1.0,0.0
qwen3:14b,retrieve_then_read,4000,pos_01,comparison,low,5,1.0,1.0,1.0,0.0
qwen3:14b,retrieve_then_read,4000,pos_01,comparison,none,5,1.0,1.0,1.0,0.0
qwen3:14b,retrieve_then_read,4000,pos_01,multi_hop,conflicting,5,1.0,1.0,1.0,0.0
qwen3:14b,retrieve_then_read,4000,pos_01,multi_hop,high,5,1.0,1.0,1.0,0.0
qwen3:14b,retrieve_then_read,4000,pos_01,multi_hop,low,5,1.0,1.0,1.0,0.0
qwen3:14b,retrieve_then_read,4000,pos_01,multi_hop,none,5,1.0,1.0,1.0,0.0
qwen3:14b,retrieve_then_read,4000,pos_01,single_hop,conflicting,5,1.0,1.0,1.0,0.0
qwen3:14b,retrieve_then_read,4000,pos_01,single_hop,high,5,1.0,1.0,1.0,0.0
qwen3:14b,retrieve_then_read,4000,pos_01,single_hop,low,5,1.0,1.0,1.0,0.0
qwen3:14b,retrieve_then_read,4000,pos_01,single_hop,none,5,1.0,1.0,1.0,0.0
qwen3:14b,retrieve_then_read,4000,pos_02,arithmetic,conflicting,5,1.0,1.0,1.0,0.0
qwen3:14b,retrieve_then_read,4000,pos_02,arithmetic,high,5,1.0,1.0,1.0,0.0
qwen3:14b,retrieve_then_read,4000,pos_02,arithmetic,low,5,1.0,1.0,1.0,0.0
qwen3:14b,retrieve_then_read,4000,pos_02,arithmetic,none,5,1.0,1.0,1.0,0.0
qwen3:14b,retrieve_then_read,4000,pos_02,comparison,conflicting,5,1.0,1.0,0.8,0.0
qwen3:14b,retrieve_then_read,4000,pos_02,comparison,high,5,1.0,1.0,1.0,0.0
qwen3:14b,retrieve_then_read,4000,pos_02,comparison,low,5,1.0,1.0,1.0,0.0
qwen3:14b,retrieve_then_read,4000,pos_02,comparison,none,5,1.0,1.0,1.0,0.0
qwen3:14b,retrieve_then_read,4000,pos_02,multi_hop,conflicting,5,1.0,1.0,1.0,0.0
qwen3:14b,retrieve_then_read,4000,pos_02,multi_hop,high,5,1.0,1.0,1.0,0.0
qwen3:14b,retrieve_then_read,4000,pos_02,multi_hop,low,5,1.0,1.0,1.0,0.0
qwen3:14b,retrieve_then_read,4000,pos_02,multi_hop,none,5,1.0,1.0,1.0,0.0
qwen3:14b,retrieve_then_read,4000,pos_02,single_hop,conflicting,5,1.0,1.0,1.0,0.0
qwen3:14b,retrieve_then_read,4000,pos_02,single_hop,high,5,1.0,1.0,1.0,0.0
qwen3:14b,retrieve_then_read,4000,pos_02,single_hop,low,5,1.0,1.0,1.0,0.0
qwen3:14b,retrieve_then_read,4000,pos_02,single_hop,none,5,1.0,1.0,1.0,0.0
qwen3:14b,retrieve_then_read,4000,pos_03,arithmetic,conflicting,5,1.0,1.0,1.0,0.0
qwen3:14b,retrieve_then_read,4000,pos_03,arithmetic,high,5,1.0,1.0,1.0,0.0
qwen3:14b,retrieve_then_read,4000,pos_03,arithmetic,low,5,1.0,1.0,1.0,0.0
qwen3:14b,retrieve_then_read,4000,pos_03,arithmetic,none,5,1.0,1.0,1.0,0.0
qwen3:14b,retrieve_then_read,4000,pos_03,comparison,conflicting,5,1.0,1.0,0.8400000000000001,0.0
qwen3:14b,retrieve_then_read,4000,pos_03,comparison,high,5,0.6,0.2,0.13333333333333333,0.0
qwen3:14b,retrieve_then_read,4000,pos_03,comparison,low,5,1.0,1.0,1.0,0.0
qwen3:14b,retrieve_then_read,4000,pos_03,comparison,none,5,1.0,1.0,1.0,0.0
qwen3:14b,retrieve_then_read,4000,pos_03,multi_hop,conflicting,5,1.0,1.0,1.0,0.0
qwen3:14b,retrieve_then_read,4000,pos_03,multi_hop,high,5,1.0,1.0,1.0,0.0
qwen3:14b,retrieve_then_read,4000,pos_03,multi_hop,low,5,1.0,1.0,1.0,0.0
qwen3:14b,retrieve_then_read,4000,pos_03,multi_hop,none,5,1.0,1.0,1.0,0.0
qwen3:14b,retrieve_then_read,4000,pos_03,single_hop,conflicting,5,1.0,1.0,1.0,0.0
qwen3:14b,retrieve_then_read,4000,pos_03,single_hop,high,5,1.0,1.0,1.0,0.0
qwen3:14b,retrieve_then_read,4000,pos_03,single_hop,low,5,1.0,1.0,1.0,0.0
qwen3:14b,retrieve_then_read,4000,pos_03,single_hop,none,5,1.0,1.0,1.0,0.0
qwen3:14b,retrieve_then_read,4000,pos_04,arithmetic,conflicting,5,1.0,1.0,1.0,0.0
qwen3:14b,retrieve_then_read,4000,pos_04,arithmetic,high,5,1.0,1.0,1.0,0.0
qwen3:14b,retrieve_then_read,4000,pos_04,arithmetic,low,5,1.0,1.0,1.0,0.0
qwen3:14b,retrieve_then_read,4000,pos_04,arithmetic,none,5,1.0,1.0,1.0,0.0
qwen3:14b,retrieve_then_read,4000,pos_04,comparison,conflicting,5,1.0,1.0,0.92,0.0
qwen3:14b,retrieve_then_read,4000,pos_04,comparison,high,5,1.0,1.0,1.0,0.0
qwen3:14b,retrieve_then_read,4000,pos_04,comparison,low,5,1.0,1.0,1.0,0.0
qwen3:14b,retrieve_then_read,4000,pos_04,comparison,none,5,1.0,1.0,1.0,0.0
qwen3:14b,retrieve_then_read,4000,pos_04,multi_hop,conflicting,5,1.0,1.0,1.0,0.0
qwen3:14b,retrieve_then_read,4000,pos_04,multi_hop,high,5,1.0,1.0,1.0,0.0
qwen3:14b,retrieve_then_read,4000,pos_04,multi_hop,low,5,1.0,1.0,1.0,0.0
qwen3:14b,retrieve_then_read,4000,pos_04,multi_hop,none,5,1.0,1.0,1.0,0.0
qwen3:14b,retrieve_then_read,4000,pos_04,single_hop,conflicting,5,1.0,1.0,1.0,0.0
qwen3:14b,retrieve_then_read,4000,pos_04,single_hop,high,5,1.0,1.0,1.0,0.0
qwen3:14b,retrieve_then_read,4000,pos_04,single_hop,low,5,1.0,1.0,1.0,0.0
qwen3:14b,retrieve_then_read,4000,pos_04,single_hop,none,5,1.0,1.0,1.0,0.0
qwen3:14b,retrieve_then_read,4000,pos_05,arithmetic,conflicting,5,1.0,1.0,1.0,0.0
qwen3:14b,retrieve_then_read,4000,pos_05,arithmetic,high,5,1.0,1.0,1.0,0.0
qwen3:14b,retrieve_then_read,4000,pos_05,arithmetic,low,5,1.0,1.0,1.0,0.0
qwen3:14b,retrieve_then_read,4000,pos_05,arithmetic,none,5,1.0,1.0,1.0,0.0
qwen3:14b,retrieve_then_read,4000,pos_05,comparison,conflicting,5,1.0,1.0,0.8400000000000001,0.0
qwen3:14b,retrieve_then_read,4000,pos_05,comparison,high,5,1.0,1.0,1.0,0.0
qwen3:14b,retrieve_then_read,4000,pos_05,comparison,low,5,1.0,1.0,1.0,0.0
qwen3:14b,retrieve_then_read,4000,pos_05,comparison,none,5,1.0,1.0,1.0,0.0
qwen3:14b,retrieve_then_read,4000,pos_05,multi_hop,conflicting,5,1.0,1.0,1.0,0.0
qwen3:14b,retrieve_then_read,4000,pos_05,multi_hop,high,5,1.0,1.0,1.0,0.0
qwen3:14b,retrieve_then_read,4000,pos_05,multi_hop,low,5,1.0,1.0,1.0,0.0
qwen3:14b,retrieve_then_read,4000,pos_05,multi_hop,none,5,1.0,1.0,1.0,0.0
qwen3:14b,retrieve_then_read,4000,pos_05,single_hop,conflicting,5,1.0,1.0,1.0,0.0
qwen3:14b,retrieve_then_read,4000,pos_05,single_hop,high,5,1.0,1.0,1.0,0.0
qwen3:14b,retrieve_then_read,4000,pos_05,single_hop,low,5,1.0,1.0,1.0,0.0
qwen3:14b,retrieve_then_read,4000,pos_05,single_hop,none,5,1.0,1.0,1.0,0.0
qwen3:14b,retrieve_then_read,4000,pos_06,arithmetic,conflicting,5,1.0,1.0,1.0,0.0
qwen3:14b,retrieve_then_read,4000,pos_06,arithmetic,high,5,1.0,1.0,1.0,0.0
qwen3:14b,retrieve_then_read,4000,pos_06,arithmetic,low,5,1.0,1.0,1.0,0.0
qwen3:14b,retrieve_then_read,4000,pos_06,arithmetic,none,5,1.0,1.0,1.0,0.0
qwen3:14b,retrieve_then_read,4000,pos_06,comparison,conflicting,5,1.0,1.0,1.0,0.0
qwen3:14b,retrieve_then_read,4000,pos_06,comparison,high,5,1.0,1.0,1.0,0.0
qwen3:14b,retrieve_then_read,4000,pos_06,comparison,low,5,1.0,1.0,1.0,0.0
qwen3:14b,retrieve_then_read,4000,pos_06,comparison,none,5,1.0,1.0,1.0,0.0
qwen3:14b,retrieve_then_read,4000,pos_06,multi_hop,conflicting,5,1.0,1.0,1.0,0.0
qwen3:14b,retrieve_then_read,4000,pos_06,multi_hop,high,5,1.0,1.0,1.0,0.0
qwen3:14b,retrieve_then_read,4000,pos_06,multi_hop,low,5,1.0,1.0,1.0,0.0
qwen3:14b,retrieve_then_read,4000,pos_06,multi_hop,none,5,1.0,1.0,1.0,0.0
qwen3:14b,retrieve_then_read,4000,pos_06,single_hop,conflicting,5,1.0,1.0,1.0,0.0
qwen3:14b,retrieve_then_read,4000,pos_06,single_hop,high,5,1.0,1.0,1.0,0.0
qwen3:14b,retrieve_then_read,4000,pos_06,single_hop,low,5,1.0,1.0,1.0,0.0
qwen3:14b,retrieve_then_read,4000,pos_06,single_hop,none,5,1.0,1.0,1.0,0.0
qwen3:14b,retrieve_then_read,4000,pos_07,arithmetic,conflicting,5,1.0,1.0,1.0,0.0
qwen3:14b,retrieve_then_read,4000,pos_07,arithmetic,high,5,1.0,1.0,1.0,0.0
qwen3:14b,retrieve_then_read,4000,pos_07,arithmetic,low,5,0.8,0.8,1.0,0.0
qwen3:14b,retrieve_then_read,4000,pos_07,arithmetic,none,5,1.0,1.0,1.0,0.0
qwen3:14b,retrieve_then_read,4000,pos_07,comparison,conflicting,5,1.0,1.0,0.8,0.0
qwen3:14b,retrieve_then_read,4000,pos_07,comparison,high,5,1.0,1.0,1.0,0.0
qwen3:14b,retrieve_then_read,4000,pos_07,comparison,low,5,1.0,1.0,1.0,0.0
qwen3:14b,retrieve_then_read,4000,pos_07,comparison,none,5,1.0,1.0,1.0,0.0
qwen3:14b,retrieve_then_read,4000,pos_07,multi_hop,conflicting,5,1.0,1.0,1.0,0.0
qwen3:14b,retrieve_then_read,4000,pos_07,multi_hop,high,5,1.0,1.0,1.0,0.0
qwen3:14b,retrieve_then_read,4000,pos_07,multi_hop,low,5,1.0,1.0,1.0,0.0
qwen3:14b,retrieve_then_read,4000,pos_07,multi_hop,none,5,1.0,1.0,1.0,0.0
qwen3:14b,retrieve_then_read,4000,pos_07,single_hop,conflicting,5,1.0,1.0,1.0,0.0
qwen3:14b,retrieve_then_read,4000,pos_07,single_hop,high,5,1.0,1.0,1.0,0.0
qwen3:14b,retrieve_then_read,4000,pos_07,single_hop,low,5,1.0,1.0,1.0,0.0
qwen3:14b,retrieve_then_read,4000,pos_07,single_hop,none,5,1.0,1.0,1.0,0.0
qwen3:14b,retrieve_then_read,4000,pos_08,arithmetic,conflicting,5,1.0,1.0,1.0,0.0
qwen3:14b,retrieve_then_read,4000,pos_08,arithmetic,high,5,1.0,1.0,1.0,0.0
qwen3:14b,retrieve_then_read,4000,pos_08,arithmetic,low,5,1.0,1.0,1.0,0.0
qwen3:14b,retrieve_then_read,4000,pos_08,arithmetic,none,5,1.0,1.0,1.0,0.0
qwen3:14b,retrieve_then_read,4000,pos_08,comparison,conflicting,5,1.0,1.0,1.0,0.0
qwen3:14b,retrieve_then_read,4000,pos_08,comparison,high,5,1.0,1.0,1.0,0.0
qwen3:14b,retrieve_then_read,4000,pos_08,comparison,low,5,1.0,1.0,1.0,0.0
qwen3:14b,retrieve_then_read,4000,pos_08,comparison,none,5,1.0,1.0,1.0,0.0
qwen3:14b,retrieve_then_read,4000,pos_08,multi_hop,conflicting,5,1.0,1.0,1.0,0.0
qwen3:14b,retrieve_then_read,4000,pos_08,multi_hop,high,5,1.0,1.0,1.0,0.0
qwen3:14b,retrieve_then_read,4000,pos_08,multi_hop,low,5,1.0,1.0,1.0,0.0
qwen3:14b,retrieve_then_read,4000,pos_08,multi_hop,none,5,1.0,1.0,1.0,0.0
qwen3:14b,retrieve_then_read,4000,pos_08,single_hop,conflicting,5,1.0,1.0,1.0,0.0
qwen3:14b,retrieve_then_read,4000,pos_08,single_hop,high,5,1.0,1.0,1.0,0.0
qwen3:14b,retrieve_then_read,4000,pos_08,single_hop,low,5,1.0,1.0,1.0,0.0
qwen3:14b,retrieve_then_read,4000,pos_08,single_hop,none,5,1.0,1.0,1.0,0.0
qwen3:14b,retrieve_then_read,4000,pos_09,arithmetic,conflicting,5,1.0,1.0,1.0,0.0
qwen3:14b,retrieve_then_read,4000,pos_09,arithmetic,high,5,1.0,1.0,1.0,0.0
qwen3:14b,retrieve_then_read,4000,pos_09,arithmetic,low,5,1.0,1.0,1.0,0.0
qwen3:14b,retrieve_then_read,4000,pos_09,arithmetic,none,5,1.0,1.0,1.0,0.0
qwen3:14b,retrieve_then_read,4000,pos_09,comparison,conflicting,5,1.0,1.0,1.0,0.0
qwen3:14b,retrieve_then_read,4000,pos_09,comparison,high,5,1.0,1.0,1.0,0.0
qwen3:14b,retrieve_then_read,4000,pos_09,comparison,low,5,1.0,1.0,1.0,0.0
qwen3:14b,retrieve_then_read,4000,pos_09,comparison,none,5,1.0,1.0,1.0,0.0
qwen3:14b,retrieve_then_read,4000,pos_09,multi_hop,conflicting,5,1.0,1.0,1.0,0.0
qwen3:14b,retrieve_then_read,4000,pos_09,multi_hop,high,5,1.0,1.0,1.0,0.0
qwen3:14b,retrieve_then_read,4000,pos_09,multi_hop,low,5,1.0,1.0,1.0,0.0
qwen3:14b,retrieve_then_read,4000,pos_09,multi_hop,none,5,1.0,1.0,1.0,0.0
qwen3:14b,retrieve_then_read,4000,pos_09,single_hop,conflicting,5,1.0,1.0,1.0,0.0
qwen3:14b,retrieve_then_read,4000,pos_09,single_hop,high,5,1.0,1.0,1.0,0.0
qwen3:14b,retrieve_then_read,4000,pos_09,single_hop,low,5,1.0,1.0,1.0,0.0
qwen3:14b,retrieve_then_read,4000,pos_09,single_hop,none,5,1.0,1.0,1.0,0.0
qwen3:14b,retrieve_then_read,8000,pos_00,arithmetic,conflicting,5,1.0,1.0,1.0,0.0
qwen3:14b,retrieve_then_read,8000,pos_00,arithmetic,high,5,1.0,1.0,1.0,0.0
qwen3:14b,retrieve_then_read,8000,pos_00,arithmetic,low,5,1.0,1.0,1.0,0.0
qwen3:14b,retrieve_then_read,8000,pos_00,arithmetic,none,5,1.0,1.0,1.0,0.0
qwen3:14b,retrieve_then_read,8000,pos_00,comparison,conflicting,5,1.0,1.0,0.8,0.0
qwen3:14b,retrieve_then_read,8000,pos_00,comparison,high,5,1.0,1.0,1.0,0.0
qwen3:14b,retrieve_then_read,8000,pos_00,comparison,low,5,1.0,1.0,1.0,0.0
qwen3:14b,retrieve_then_read,8000,pos_00,comparison,none,5,1.0,1.0,1.0,0.0
qwen3:14b,retrieve_then_read,8000,pos_00,multi_hop,conflicting,5,1.0,1.0,1.0,0.0
qwen3:14b,retrieve_then_read,8000,pos_00,multi_hop,high,5,1.0,1.0,1.0,0.0
qwen3:14b,retrieve_then_read,8000,pos_00,multi_hop,low,5,1.0,1.0,1.0,0.0
qwen3:14b,retrieve_then_read,8000,pos_00,multi_hop,none,5,1.0,1.0,1.0,0.0
qwen3:14b,retrieve_then_read,8000,pos_00,single_hop,conflicting,5,1.0,1.0,1.0,0.0
qwen3:14b,retrieve_then_read,8000,pos_00,single_hop,high,5,1.0,1.0,1.0,0.0
qwen3:14b,retrieve_then_read,8000,pos_00,single_hop,low,5,1.0,1.0,1.0,0.0
qwen3:14b,retrieve_then_read,8000,pos_00,single_hop,none,5,1.0,1.0,1.0,0.0
qwen3:14b,retrieve_then_read,8000,pos_01,arithmetic,conflicting,5,1.0,1.0,1.0,0.0
qwen3:14b,retrieve_then_read,8000,pos_01,arithmetic,high,5,1.0,1.0,1.0,0.0
qwen3:14b,retrieve_then_read,8000,pos_01,arithmetic,low,5,1.0,1.0,1.0,0.0
qwen3:14b,retrieve_then_read,8000,pos_01,arithmetic,none,5,1.0,1.0,1.0,0.0
qwen3:14b,retrieve_then_read,8000,pos_01,comparison,conflicting,5,1.0,1.0,0.8,0.0
qwen3:14b,retrieve_then_read,8000,pos_01,comparison,high,5,1.0,1.0,1.0,0.0
qwen3:14b,retrieve_then_read,8000,pos_01,comparison,low,5,1.0,1.0,1.0,0.0
qwen3:14b,retrieve_then_read,8000,pos_01,comparison,none,5,1.0,1.0,1.0,0.0
qwen3:14b,retrieve_then_read,8000,pos_01,multi_hop,conflicting,5,1.0,1.0,1.0,0.0
qwen3:14b,retrieve_then_read,8000,pos_01,multi_hop,high,5,1.0,1.0,1.0,0.0
qwen3:14b,retrieve_then_read,8000,pos_01,multi_hop,low,5,1.0,1.0,1.0,0.0
qwen3:14b,retrieve_then_read,8000,pos_01,multi_hop,none,5,1.0,1.0,1.0,0.0
qwen3:14b,retrieve_then_read,8000,pos_01,single_hop,conflicting,5,1.0,1.0,1.0,0.0
qwen3:14b,retrieve_then_read,8000,pos_01,single_hop,high,5,1.0,1.0,1.0,0.0
qwen3:14b,retrieve_then_read,8000,pos_01,single_hop,low,5,1.0,1.0,1.0,0.0
qwen3:14b,retrieve_then_read,8000,pos_01,single_hop,none,5,1.0,1.0,1.0,0.0
qwen3:14b,retrieve_then_read,8000,pos_02,arithmetic,conflicting,5,1.0,1.0,1.0,0.0
qwen3:14b,retrieve_then_read,8000,pos_02,arithmetic,high,5,1.0,1.0,1.0,0.0
qwen3:14b,retrieve_then_read,8000,pos_02,arithmetic,low,5,1.0,1.0,1.0,0.0
qwen3:14b,retrieve_then_read,8000,pos_02,arithmetic,none,5,1.0,1.0,1.0,0.0
qwen3:14b,retrieve_then_read,8000,pos_02,comparison,conflicting,5,1.0,1.0,0.8400000000000001,0.0
qwen3:14b,retrieve_then_read,8000,pos_02,comparison,high,5,1.0,1.0,1.0,0.0
qwen3:14b,retrieve_then_read,8000,pos_02,comparison,low,5,1.0,1.0,1.0,0.0
qwen3:14b,retrieve_then_read,8000,pos_02,comparison,none,5,1.0,1.0,1.0,0.0
qwen3:14b,retrieve_then_read,8000,pos_02,multi_hop,conflicting,5,1.0,1.0,1.0,0.0
qwen3:14b,retrieve_then_read,8000,pos_02,multi_hop,high,5,1.0,1.0,1.0,0.0
qwen3:14b,retrieve_then_read,8000,pos_02,multi_hop,low,5,1.0,1.0,1.0,0.0
qwen3:14b,retrieve_then_read,8000,pos_02,multi_hop,none,5,1.0,1.0,1.0,0.0
qwen3:14b,retrieve_then_read,8000,pos_02,single_hop,conflicting,5,1.0,1.0,1.0,0.0
qwen3:14b,retrieve_then_read,8000,pos_02,single_hop,high,5,1.0,1.0,1.0,0.0
qwen3:14b,retrieve_then_read,8000,pos_02,single_hop,low,5,1.0,1.0,1.0,0.0
qwen3:14b,retrieve_then_read,8000,pos_02,single_hop,none,5,1.0,1.0,1.0,0.0
qwen3:14b,retrieve_then_read,8000,pos_03,arithmetic,conflicting,5,1.0,1.0,1.0,0.0
qwen3:14b,retrieve_then_read,8000,pos_03,arithmetic,high,5,0.8,0.8,1.0,0.0
qwen3:14b,retrieve_then_read,8000,pos_03,arithmetic,low,5,1.0,1.0,1.0,0.0
qwen3:14b,retrieve_then_read,8000,pos_03,arithmetic,none,5,1.0,1.0,1.0,0.0
qwen3:14b,retrieve_then_read,8000,pos_03,comparison,conflicting,5,1.0,1.0,0.7333333333333333,0.0
qwen3:14b,retrieve_then_read,8000,pos_03,comparison,high,5,1.0,1.0,0.6666666666666666,0.0
qwen3:14b,retrieve_then_read,8000,pos_03,comparison,low,5,1.0,1.0,1.0,0.0
qwen3:14b,retrieve_then_read,8000,pos_03,comparison,none,5,1.0,1.0,1.0,0.0
qwen3:14b,retrieve_then_read,8000,pos_03,multi_hop,conflicting,5,1.0,1.0,1.0,0.0
qwen3:14b,retrieve_then_read,8000,pos_03,multi_hop,high,5,1.0,1.0,1.0,0.0
qwen3:14b,retrieve_then_read,8000,pos_03,multi_hop,low,5,1.0,1.0,1.0,0.0
qwen3:14b,retrieve_then_read,8000,pos_03,multi_hop,none,5,1.0,1.0,1.0,0.0
qwen3:14b,retrieve_then_read,8000,pos_03,single_hop,conflicting,5,1.0,1.0,1.0,0.0
qwen3:14b,retrieve_then_read,8000,pos_03,single_hop,high,5,1.0,1.0,1.0,0.0
qwen3:14b,retrieve_then_read,8000,pos_03,single_hop,low,5,1.0,1.0,1.0,0.0
qwen3:14b,retrieve_then_read,8000,pos_03,single_hop,none,5,1.0,1.0,1.0,0.0
qwen3:14b,retrieve_then_read,8000,pos_04,arithmetic,conflicting,5,1.0,1.0,1.0,0.0
qwen3:14b,retrieve_then_read,8000,pos_04,arithmetic,high,5,1.0,1.0,1.0,0.0
qwen3:14b,retrieve_then_read,8000,pos_04,arithmetic,low,5,1.0,1.0,1.0,0.0
qwen3:14b,retrieve_then_read,8000,pos_04,arithmetic,none,5,1.0,1.0,1.0,0.0
qwen3:14b,retrieve_then_read,8000,pos_04,comparison,conflicting,5,1.0,1.0,0.88,0.0
qwen3:14b,retrieve_then_read,8000,pos_04,comparison,high,5,1.0,1.0,1.0,0.0
qwen3:14b,retrieve_then_read,8000,pos_04,comparison,low,5,1.0,1.0,1.0,0.0
qwen3:14b,retrieve_then_read,8000,pos_04,comparison,none,5,1.0,1.0,1.0,0.0
qwen3:14b,retrieve_then_read,8000,pos_04,multi_hop,conflicting,5,1.0,1.0,1.0,0.0
qwen3:14b,retrieve_then_read,8000,pos_04,multi_hop,high,5,1.0,1.0,1.0,0.0
qwen3:14b,retrieve_then_read,8000,pos_04,multi_hop,low,5,1.0,1.0,1.0,0.0
qwen3:14b,retrieve_then_read,8000,pos_04,multi_hop,none,5,1.0,1.0,1.0,0.0
qwen3:14b,retrieve_then_read,8000,pos_04,single_hop,conflicting,5,1.0,1.0,1.0,0.0
qwen3:14b,retrieve_then_read,8000,pos_04,single_hop,high,5,1.0,1.0,1.0,0.0
qwen3:14b,retrieve_then_read,8000,pos_04,single_hop,low,5,1.0,1.0,1.0,0.0
qwen3:14b,retrieve_then_read,8000,pos_04,single_hop,none,5,1.0,1.0,1.0,0.0
qwen3:14b,retrieve_then_read,8000,pos_05,arithmetic,conflicting,5,1.0,1.0,1.0,0.0
qwen3:14b,retrieve_then_read,8000,pos_05,arithmetic,high,5,1.0,1.0,1.0,0.0
qwen3:14b,retrieve_then_read,8000,pos_05,arithmetic,low,5,1.0,1.0,1.0,0.0
qwen3:14b,retrieve_then_read,8000,pos_05,arithmetic,none,5,1.0,1.0,1.0,0.0
qwen3:14b,retrieve_then_read,8000,pos_05,comparison,conflicting,5,1.0,1.0,0.8,0.0
qwen3:14b,retrieve_then_read,8000,pos_05,comparison,high,5,1.0,1.0,1.0,0.0
qwen3:14b,retrieve_then_read,8000,pos_05,comparison,low,5,1.0,1.0,1.0,0.0
qwen3:14b,retrieve_then_read,8000,pos_05,comparison,none,5,1.0,1.0,1.0,0.0
qwen3:14b,retrieve_then_read,8000,pos_05,multi_hop,conflicting,5,1.0,1.0,1.0,0.0
qwen3:14b,retrieve_then_read,8000,pos_05,multi_hop,high,5,1.0,1.0,1.0,0.0
qwen3:14b,retrieve_then_read,8000,pos_05,multi_hop,low,5,1.0,1.0,1.0,0.0
qwen3:14b,retrieve_then_read,8000,pos_05,multi_hop,none,5,1.0,1.0,1.0,0.0
qwen3:14b,retrieve_then_read,8000,pos_05,single_hop,conflicting,5,1.0,1.0,1.0,0.0
qwen3:14b,retrieve_then_read,8000,pos_05,single_hop,high,5,1.0,1.0,1.0,0.0
qwen3:14b,retrieve_then_read,8000,pos_05,single_hop,low,5,1.0,1.0,1.0,0.0
qwen3:14b,retrieve_then_read,8000,pos_05,single_hop,none,5,1.0,1.0,1.0,0.0
qwen3:14b,retrieve_then_read,8000,pos_06,arithmetic,conflicting,5,1.0,1.0,1.0,0.0
qwen3:14b,retrieve_then_read,8000,pos_06,arithmetic,high,5,1.0,1.0,1.0,0.0
qwen3:14b,retrieve_then_read,8000,pos_06,arithmetic,low,5,1.0,1.0,1.0,0.0
qwen3:14b,retrieve_then_read,8000,pos_06,arithmetic,none,5,1.0,1.0,1.0,0.0
qwen3:14b,retrieve_then_read,8000,pos_06,comparison,conflicting,5,1.0,1.0,1.0,0.0
qwen3:14b,retrieve_then_read,8000,pos_06,comparison,high,5,1.0,1.0,1.0,0.0
qwen3:14b,retrieve_then_read,8000,pos_06,comparison,low,5,1.0,1.0,1.0,0.0
qwen3:14b,retrieve_then_read,8000,pos_06,comparison,none,5,1.0,1.0,1.0,0.0
qwen3:14b,retrieve_then_read,8000,pos_06,multi_hop,conflicting,5,1.0,1.0,1.0,0.0
qwen3:14b,retrieve_then_read,8000,pos_06,multi_hop,high,5,1.0,1.0,1.0,0.0
qwen3:14b,retrieve_then_read,8000,pos_06,multi_hop,low,5,1.0,1.0,1.0,0.0
qwen3:14b,retrieve_then_read,8000,pos_06,multi_hop,none,5,1.0,1.0,1.0,0.0
qwen3:14b,retrieve_then_read,8000,pos_06,single_hop,conflicting,5,1.0,1.0,1.0,0.0
qwen3:14b,retrieve_then_read,8000,pos_06,single_hop,high,5,1.0,1.0,1.0,0.0
qwen3:14b,retrieve_then_read,8000,pos_06,single_hop,low,5,1.0,1.0,1.0,0.0
qwen3:14b,retrieve_then_read,8000,pos_06,single_hop,none,5,1.0,1.0,1.0,0.0
qwen3:14b,retrieve_then_read,8000,pos_07,arithmetic,conflicting,5,1.0,1.0,1.0,0.0
qwen3:14b,retrieve_then_read,8000,pos_07,arithmetic,high,5,1.0,1.0,1.0,0.0
qwen3:14b,retrieve_then_read,8000,pos_07,arithmetic,low,5,1.0,1.0,1.0,0.0
qwen3:14b,retrieve_then_read,8000,pos_07,arithmetic,none,5,0.8,0.8,1.0,0.0
qwen3:14b,retrieve_then_read,8000,pos_07,comparison,conflicting,5,1.0,1.0,1.0,0.0
qwen3:14b,retrieve_then_read,8000,pos_07,comparison,high,5,1.0,1.0,1.0,0.0
qwen3:14b,retrieve_then_read,8000,pos_07,comparison,low,5,1.0,1.0,1.0,0.0
qwen3:14b,retrieve_then_read,8000,pos_07,comparison,none,5,1.0,1.0,1.0,0.0
qwen3:14b,retrieve_then_read,8000,pos_07,multi_hop,conflicting,5,1.0,1.0,1.0,0.0
qwen3:14b,retrieve_then_read,8000,pos_07,multi_hop,high,5,1.0,1.0,1.0,0.0
qwen3:14b,retrieve_then_read,8000,pos_07,multi_hop,low,5,1.0,1.0,1.0,0.0
qwen3:14b,retrieve_then_read,8000,pos_07,multi_hop,none,5,1.0,1.0,1.0,0.0
qwen3:14b,retrieve_then_read,8000,pos_07,single_hop,conflicting,5,1.0,1.0,1.0,0.0
qwen3:14b,retrieve_then_read,8000,pos_07,single_hop,high,5,1.0,1.0,1.0,0.0
qwen3:14b,retrieve_then_read,8000,pos_07,single_hop,low,5,1.0,1.0,1.0,0.0
qwen3:14b,retrieve_then_read,8000,pos_07,single_hop,none,5,1.0,1.0,1.0,0.0
qwen3:14b,retrieve_then_read,8000,pos_08,arithmetic,conflicting,5,1.0,1.0,1.0,0.0
qwen3:14b,retrieve_then_read,8000,pos_08,arithmetic,high,5,1.0,1.0,1.0,0.0
qwen3:14b,retrieve_then_read,8000,pos_08,arithmetic,low,5,1.0,1.0,1.0,0.0
qwen3:14b,retrieve_then_read,8000,pos_08,arithmetic,none,5,1.0,1.0,1.0,0.0
qwen3:14b,retrieve_then_read,8000,pos_08,comparison,conflicting,5,1.0,1.0,1.0,0.0
qwen3:14b,retrieve_then_read,8000,pos_08,comparison,high,5,1.0,1.0,1.0,0.0
qwen3:14b,retrieve_then_read,8000,pos_08,comparison,low,5,1.0,1.0,1.0,0.0
qwen3:14b,retrieve_then_read,8000,pos_08,comparison,none,5,1.0,1.0,1.0,0.0
qwen3:14b,retrieve_then_read,8000,pos_08,multi_hop,conflicting,5,1.0,1.0,1.0,0.0
qwen3:14b,retrieve_then_read,8000,pos_08,multi_hop,high,5,1.0,1.0,1.0,0.0
qwen3:14b,retrieve_then_read,8000,pos_08,multi_hop,low,5,1.0,1.0,1.0,0.0
qwen3:14b,retrieve_then_read,8000,pos_08,multi_hop,none,5,1.0,1.0,1.0,0.0
qwen3:14b,retrieve_then_read,8000,pos_08,single_hop,conflicting,5,1.0,1.0,1.0,0.0
qwen3:14b,retrieve_then_read,8000,pos_08,single_hop,high,5,1.0,1.0,1.0,0.0
qwen3:14b,retrieve_then_read,8000,pos_08,single_hop,low,5,1.0,1.0,1.0,0.0
qwen3:14b,retrieve_then_read,8000,pos_08,single_hop,none,5,1.0,1.0,1.0,0.0
qwen3:14b,retrieve_then_read,8000,pos_09,arithmetic,conflicting,5,1.0,1.0,1.0,0.0
qwen3:14b,retrieve_then_read,8000,pos_09,arithmetic,high,5,1.0,1.0,1.0,0.0
qwen3:14b,retrieve_then_read,8000,pos_09,arithmetic,low,5,1.0,1.0,1.0,0.0
qwen3:14b,retrieve_then_read,8000,pos_09,arithmetic,none,5,0.8,0.8,0.9333333333333333,0.0
qwen3:14b,retrieve_then_read,8000,pos_09,comparison,conflicting,5,1.0,1.0,0.8,0.0
qwen3:14b,retrieve_then_read,8000,pos_09,comparison,high,5,1.0,1.0,1.0,0.0
qwen3:14b,retrieve_then_read,8000,pos_09,comparison,low,5,1.0,1.0,1.0,0.0
qwen3:14b,retrieve_then_read,8000,pos_09,comparison,none,5,1.0,1.0,1.0,0.0
qwen3:14b,retrieve_then_read,8000,pos_09,multi_hop,conflicting,5,1.0,1.0,1.0,0.0
qwen3:14b,retrieve_then_read,8000,pos_09,multi_hop,high,5,1.0,1.0,1.0,0.0
qwen3:14b,retrieve_then_read,8000,pos_09,multi_hop,low,5,1.0,1.0,1.0,0.0
qwen3:14b,retrieve_then_read,8000,pos_09,multi_hop,none,5,1.0,1.0,1.0,0.0
qwen3:14b,retrieve_then_read,8000,pos_09,single_hop,conflicting,5,1.0,1.0,1.0,0.0
qwen3:14b,retrieve_then_read,8000,pos_09,single_hop,high,5,1.0,1.0,1.0,0.0
qwen3:14b,retrieve_then_read,8000,pos_09,single_hop,low,5,1.0,1.0,1.0,0.0
qwen3:14b,retrieve_then_read,8000,pos_09,single_hop,none,5,1.0,1.0,1.0,0.0
